#VRML V2.0 utf8
# Project-owned nominal model; units 0.1 inch for KiCad.
Shape { appearance Appearance { material Material { diffuseColor 0.055 0.06 0.065 } } geometry IndexedFaceSet { solid FALSE coord Coordinate { point [ -0.500000 -13.500000 0.000000,
-0.500000 -13.500000 2.047244,
-0.500000 0.500000 0.000000,
-0.500000 0.500000 2.047244,
3.500000 -13.500000 0.000000,
3.500000 -13.500000 2.047244,
-0.158732 -13.147281 2.047244,
-0.151193 -13.155011 2.047244,
-0.143278 -13.162354 2.047244,
-0.165876 -13.139186 2.047244,
-0.135008 -13.169294 2.047244,
-0.172607 -13.130745 2.047244,
-0.126401 -13.175813 2.047244,
-0.178910 -13.121979 2.047244,
-0.117480 -13.181895 2.047244,
-0.184768 -13.112909 2.047244,
-0.108268 -13.187525 2.047244,
-0.190166 -13.103559 2.047244,
-0.098786 -13.192689 2.047244,
-0.195092 -13.093951 2.047244,
-0.089058 -13.197373 2.047244,
-0.199532 -13.084110 2.047244,
-0.079109 -13.201567 2.047244,
-0.203477 -13.074059 2.047244,
-0.068964 -13.205260 2.047244,
-0.206915 -13.063825 2.047244,
-0.058647 -13.208442 2.047244,
-0.209840 -13.053432 2.047244,
-0.048184 -13.211106 2.047244,
-0.212242 -13.042906 2.047244,
-0.037601 -13.213246 2.047244,
-0.214117 -13.032273 2.047244,
-0.026925 -13.214855 2.047244,
-0.215459 -13.021560 2.047244,
-0.016182 -13.215930 2.047244,
-0.216266 -13.010793 2.047244,
-0.005398 -13.216468 2.047244,
-0.216535 -13.000000 2.047244,
0.005398 -13.216468 2.047244,
-0.216266 -12.989207 2.047244,
0.016182 -13.215930 2.047244,
-0.215459 -12.978440 2.047244,
0.026925 -13.214855 2.047244,
-0.214117 -12.967727 2.047244,
0.037601 -13.213246 2.047244,
-0.212242 -12.957094 2.047244,
0.048184 -13.211106 2.047244,
-0.209840 -12.946568 2.047244,
0.058647 -13.208442 2.047244,
-0.206915 -12.936175 2.047244,
0.068964 -13.205260 2.047244,
0.079109 -13.201567 2.047244,
0.433071 -12.881890 2.047244,
0.216266 -12.989207 2.047244,
0.216535 -13.000000 2.047244,
0.215459 -12.978440 2.047244,
0.214117 -12.967727 2.047244,
0.212242 -12.957094 2.047244,
0.209840 -12.946568 2.047244,
0.206915 -12.936175 2.047244,
0.203477 -12.925941 2.047244,
0.199532 -12.915890 2.047244,
0.195092 -12.906049 2.047244,
0.190166 -12.896441 2.047244,
0.184768 -12.887091 2.047244,
0.172607 -13.130745 2.047244,
0.165876 -13.139186 2.047244,
0.178910 -12.878021 2.047244,
0.178910 -13.121979 2.047244,
0.172607 -12.869255 2.047244,
0.184768 -13.112909 2.047244,
0.165876 -12.860814 2.047244,
0.190166 -13.103559 2.047244,
0.158732 -12.852719 2.047244,
0.195092 -13.093951 2.047244,
0.151193 -12.844989 2.047244,
0.199532 -13.084110 2.047244,
0.143278 -12.837646 2.047244,
0.203477 -13.074059 2.047244,
0.135008 -12.830706 2.047244,
0.206915 -13.063825 2.047244,
0.126401 -12.824187 2.047244,
0.209840 -13.053432 2.047244,
0.212242 -13.042906 2.047244,
0.214117 -13.032273 2.047244,
0.215459 -13.021560 2.047244,
0.216266 -13.010793 2.047244,
-0.158732 -12.147281 2.047244,
-0.158732 -12.852719 2.047244,
-0.151193 -12.844989 2.047244,
-0.151193 -12.155011 2.047244,
-0.143278 -12.162354 2.047244,
-0.143278 -12.837646 2.047244,
-0.165876 -12.139186 2.047244,
-0.165876 -12.860814 2.047244,
-0.135008 -12.169294 2.047244,
-0.135008 -12.830706 2.047244,
-0.172607 -12.130745 2.047244,
-0.172607 -12.869255 2.047244,
-0.126401 -12.175813 2.047244,
-0.126401 -12.824187 2.047244,
-0.178910 -12.121979 2.047244,
-0.178910 -12.878021 2.047244,
-0.117480 -12.181895 2.047244,
-0.117480 -12.818105 2.047244,
-0.184768 -12.112909 2.047244,
-0.184768 -12.887091 2.047244,
-0.108268 -12.187525 2.047244,
-0.108268 -12.812475 2.047244,
-0.190166 -12.103559 2.047244,
-0.190166 -12.896441 2.047244,
-0.098786 -12.192689 2.047244,
-0.098786 -12.807311 2.047244,
-0.195092 -12.093951 2.047244,
-0.195092 -12.906049 2.047244,
-0.089058 -12.197373 2.047244,
-0.089058 -12.802627 2.047244,
-0.199532 -12.084110 2.047244,
-0.199532 -12.915890 2.047244,
-0.079109 -12.201567 2.047244,
-0.079109 -12.798433 2.047244,
-0.203477 -12.074059 2.047244,
-0.203477 -12.925941 2.047244,
-0.068964 -12.205260 2.047244,
-0.068964 -12.794740 2.047244,
-0.206915 -12.063825 2.047244,
-0.058647 -12.208442 2.047244,
-0.058647 -12.791558 2.047244,
-0.048184 -12.788894 2.047244,
-0.209840 -12.053432 2.047244,
-0.048184 -12.211106 2.047244,
-0.212242 -12.042906 2.047244,
-0.037601 -12.213246 2.047244,
-0.037601 -12.786754 2.047244,
-0.214117 -12.032273 2.047244,
-0.026925 -12.214855 2.047244,
-0.026925 -12.785145 2.047244,
-0.215459 -12.021560 2.047244,
-0.016182 -12.215930 2.047244,
-0.016182 -12.784070 2.047244,
-0.216266 -12.010793 2.047244,
-0.005398 -12.216468 2.047244,
-0.005398 -12.783532 2.047244,
-0.216535 -12.000000 2.047244,
0.005398 -12.216468 2.047244,
0.005398 -12.783532 2.047244,
-0.216266 -11.989207 2.047244,
0.016182 -12.215930 2.047244,
0.016182 -12.784070 2.047244,
0.026925 -12.214855 2.047244,
0.026925 -12.785145 2.047244,
0.037601 -12.213246 2.047244,
0.037601 -12.786754 2.047244,
0.048184 -12.211106 2.047244,
0.048184 -12.788894 2.047244,
0.058647 -12.791558 2.047244,
0.058647 -12.208442 2.047244,
0.068964 -12.205260 2.047244,
0.068964 -12.794740 2.047244,
0.079109 -12.798433 2.047244,
0.079109 -12.201567 2.047244,
0.089058 -12.802627 2.047244,
0.089058 -12.197373 2.047244,
0.098786 -12.807311 2.047244,
0.098786 -12.192689 2.047244,
0.108268 -12.187525 2.047244,
0.108268 -12.812475 2.047244,
0.117480 -12.181895 2.047244,
0.117480 -12.818105 2.047244,
0.126401 -12.175813 2.047244,
0.135008 -12.169294 2.047244,
0.143278 -12.162354 2.047244,
0.151193 -12.155011 2.047244,
0.158732 -12.147281 2.047244,
0.165876 -12.139186 2.047244,
0.172607 -12.130745 2.047244,
0.178910 -12.121979 2.047244,
0.184768 -12.112909 2.047244,
0.190166 -12.103559 2.047244,
0.195092 -12.093951 2.047244,
0.199532 -12.084110 2.047244,
0.203477 -12.074059 2.047244,
0.206915 -12.063825 2.047244,
0.209840 -12.053432 2.047244,
0.212242 -12.042906 2.047244,
0.214117 -12.032273 2.047244,
0.215459 -12.021560 2.047244,
-0.158732 -11.147281 2.047244,
-0.151193 -11.844989 2.047244,
-0.151193 -11.155011 2.047244,
-0.158732 -11.852719 2.047244,
-0.143278 -11.162354 2.047244,
-0.143278 -11.837646 2.047244,
-0.135008 -11.830706 2.047244,
-0.165876 -11.139186 2.047244,
-0.165876 -11.860814 2.047244,
-0.135008 -11.169294 2.047244,
-0.126401 -11.824187 2.047244,
-0.172607 -11.130745 2.047244,
-0.172607 -11.869255 2.047244,
-0.126401 -11.175813 2.047244,
-0.178910 -11.121979 2.047244,
-0.178910 -11.878021 2.047244,
-0.117480 -11.181895 2.047244,
-0.117480 -11.818105 2.047244,
-0.184768 -11.112909 2.047244,
-0.184768 -11.887091 2.047244,
-0.108268 -11.187525 2.047244,
-0.108268 -11.812475 2.047244,
-0.190166 -11.103559 2.047244,
-0.190166 -11.896441 2.047244,
-0.195092 -11.906049 2.047244,
-0.098786 -11.192689 2.047244,
-0.098786 -11.807311 2.047244,
-0.195092 -11.093951 2.047244,
-0.089058 -11.197373 2.047244,
-0.089058 -11.802627 2.047244,
-0.079109 -11.798433 2.047244,
-0.199532 -11.084110 2.047244,
-0.199532 -11.915890 2.047244,
-0.203477 -11.925941 2.047244,
-0.079109 -11.201567 2.047244,
-0.203477 -11.074059 2.047244,
-0.068964 -11.205260 2.047244,
-0.068964 -11.794740 2.047244,
-0.058647 -11.791558 2.047244,
-0.206915 -11.063825 2.047244,
-0.206915 -11.936175 2.047244,
-0.058647 -11.208442 2.047244,
-0.048184 -11.788894 2.047244,
-0.209840 -11.053432 2.047244,
-0.209840 -11.946568 2.047244,
-0.048184 -11.211106 2.047244,
-0.212242 -11.042906 2.047244,
-0.212242 -11.957094 2.047244,
-0.037601 -11.213246 2.047244,
-0.037601 -11.786754 2.047244,
-0.026925 -11.785145 2.047244,
-0.214117 -11.032273 2.047244,
-0.214117 -11.967727 2.047244,
-0.026925 -11.214855 2.047244,
-0.215459 -11.021560 2.047244,
-0.215459 -11.978440 2.047244,
-0.016182 -11.215930 2.047244,
-0.016182 -11.784070 2.047244,
-0.216266 -11.010793 2.047244,
-0.005398 -11.216468 2.047244,
-0.005398 -11.783532 2.047244,
-0.216535 -11.000000 2.047244,
0.005398 -11.216468 2.047244,
0.005398 -11.783532 2.047244,
0.016182 -11.215930 2.047244,
0.016182 -11.784070 2.047244,
0.026925 -11.785145 2.047244,
0.026925 -11.214855 2.047244,
0.037601 -11.213246 2.047244,
0.037601 -11.786754 2.047244,
0.048184 -11.211106 2.047244,
0.048184 -11.788894 2.047244,
0.058647 -11.208442 2.047244,
0.058647 -11.791558 2.047244,
0.068964 -11.205260 2.047244,
0.068964 -11.794740 2.047244,
0.079109 -11.201567 2.047244,
0.079109 -11.798433 2.047244,
0.089058 -11.802627 2.047244,
0.089058 -11.197373 2.047244,
0.098786 -11.192689 2.047244,
0.098786 -11.807311 2.047244,
0.108268 -11.812475 2.047244,
0.108268 -11.187525 2.047244,
0.117480 -11.818105 2.047244,
0.117480 -11.181895 2.047244,
0.126401 -11.824187 2.047244,
0.126401 -11.175813 2.047244,
0.135008 -11.169294 2.047244,
0.135008 -11.830706 2.047244,
0.143278 -11.162354 2.047244,
0.143278 -11.837646 2.047244,
0.151193 -11.155011 2.047244,
0.151193 -11.844989 2.047244,
0.158732 -11.147281 2.047244,
0.158732 -11.852719 2.047244,
0.165876 -11.139186 2.047244,
0.165876 -11.860814 2.047244,
0.172607 -11.130745 2.047244,
0.172607 -11.869255 2.047244,
0.178910 -11.878021 2.047244,
0.178910 -11.121979 2.047244,
0.184768 -11.112909 2.047244,
0.184768 -11.887091 2.047244,
0.190166 -11.896441 2.047244,
0.190166 -11.103559 2.047244,
0.195092 -11.093951 2.047244,
0.195092 -11.906049 2.047244,
0.199532 -11.084110 2.047244,
0.199532 -11.915890 2.047244,
0.203477 -11.925941 2.047244,
0.203477 -11.074059 2.047244,
0.206915 -11.936175 2.047244,
0.206915 -11.063825 2.047244,
2.566929 -12.881890 2.047244,
2.841268 -13.147281 2.047244,
0.158732 -13.147281 2.047244,
0.151193 -13.155011 2.047244,
2.848807 -13.155011 2.047244,
-0.158732 -10.147281 2.047244,
-0.158732 -10.852719 2.047244,
-0.151193 -10.844989 2.047244,
-0.165876 -10.860814 2.047244,
-0.151193 -10.155011 2.047244,
2.856722 -13.162354 2.047244,
0.143278 -13.162354 2.047244,
0.135008 -13.169294 2.047244,
-0.143278 -10.162354 2.047244,
-0.143278 -10.837646 2.047244,
2.834124 -13.139186 2.047244,
-0.165876 -10.139186 2.047244,
2.864992 -13.169294 2.047244,
-0.135008 -10.169294 2.047244,
-0.135008 -10.830706 2.047244,
-0.126401 -10.824187 2.047244,
2.827393 -13.130745 2.047244,
-0.172607 -10.130745 2.047244,
-0.172607 -10.869255 2.047244,
2.873599 -13.175813 2.047244,
0.126401 -13.175813 2.047244,
-0.126401 -10.175813 2.047244,
2.821090 -13.121979 2.047244,
-0.178910 -10.121979 2.047244,
-0.178910 -10.878021 2.047244,
2.882520 -13.181895 2.047244,
0.117480 -13.181895 2.047244,
-0.117480 -10.181895 2.047244,
-0.117480 -10.818105 2.047244,
2.815232 -13.112909 2.047244,
-0.184768 -10.112909 2.047244,
-0.184768 -10.887091 2.047244,
-0.190166 -10.896441 2.047244,
2.891732 -13.187525 2.047244,
0.108268 -13.187525 2.047244,
-0.108268 -10.187525 2.047244,
-0.108268 -10.812475 2.047244,
2.809834 -13.103559 2.047244,
-0.190166 -10.103559 2.047244,
2.901214 -13.192689 2.047244,
0.098786 -13.192689 2.047244,
0.089058 -13.197373 2.047244,
-0.098786 -10.192689 2.047244,
-0.098786 -10.807311 2.047244,
2.804908 -13.093951 2.047244,
-0.195092 -10.093951 2.047244,
-0.195092 -10.906049 2.047244,
2.910942 -13.197373 2.047244,
-0.089058 -10.197373 2.047244,
-0.089058 -10.802627 2.047244,
2.800468 -13.084110 2.047244,
-0.199532 -10.084110 2.047244,
-0.199532 -10.915890 2.047244,
2.920891 -13.201567 2.047244,
-0.079109 -10.201567 2.047244,
-0.079109 -10.798433 2.047244,
2.796523 -13.074059 2.047244,
-0.203477 -10.074059 2.047244,
-0.203477 -10.925941 2.047244,
-0.068964 -10.205260 2.047244,
-0.068964 -10.794740 2.047244,
2.793085 -13.063825 2.047244,
-0.206915 -10.063825 2.047244,
-0.206915 -10.936175 2.047244,
-0.209840 -10.946568 2.047244,
-0.058647 -10.208442 2.047244,
-0.058647 -10.791558 2.047244,
-0.048184 -10.788894 2.047244,
2.790160 -13.053432 2.047244,
-0.209840 -10.053432 2.047244,
-0.048184 -10.211106 2.047244,
2.787758 -13.042906 2.047244,
-0.212242 -10.042906 2.047244,
-0.212242 -10.957094 2.047244,
-0.037601 -10.213246 2.047244,
-0.037601 -10.786754 2.047244,
2.785883 -13.032273 2.047244,
-0.214117 -10.032273 2.047244,
-0.214117 -10.967727 2.047244,
-0.026925 -10.214855 2.047244,
-0.026925 -10.785145 2.047244,
2.784541 -13.021560 2.047244,
-0.215459 -10.021560 2.047244,
-0.215459 -10.978440 2.047244,
-0.216266 -10.989207 2.047244,
-0.016182 -10.215930 2.047244,
-0.016182 -10.784070 2.047244,
-0.005398 -10.783532 2.047244,
2.783734 -13.010793 2.047244,
-0.216266 -10.010793 2.047244,
-0.005398 -10.216468 2.047244,
2.783465 -13.000000 2.047244,
0.005398 -10.216468 2.047244,
0.005398 -10.783532 2.047244,
2.783734 -12.989207 2.047244,
0.016182 -10.215930 2.047244,
0.016182 -10.784070 2.047244,
2.784541 -12.978440 2.047244,
0.026925 -10.214855 2.047244,
0.026925 -10.785145 2.047244,
2.785883 -12.967727 2.047244,
0.037601 -10.213246 2.047244,
0.037601 -10.786754 2.047244,
2.787758 -12.957094 2.047244,
0.048184 -10.211106 2.047244,
0.048184 -10.788894 2.047244,
2.790160 -12.946568 2.047244,
0.058647 -10.208442 2.047244,
0.058647 -10.791558 2.047244,
2.793085 -12.936175 2.047244,
0.068964 -10.205260 2.047244,
0.068964 -10.794740 2.047244,
0.079109 -10.798433 2.047244,
2.796523 -12.925941 2.047244,
0.079109 -10.201567 2.047244,
2.800468 -12.915890 2.047244,
0.089058 -10.197373 2.047244,
0.089058 -10.802627 2.047244,
2.804908 -12.906049 2.047244,
0.098786 -10.192689 2.047244,
0.098786 -10.807311 2.047244,
2.809834 -12.896441 2.047244,
0.108268 -10.187525 2.047244,
0.108268 -10.812475 2.047244,
0.117480 -10.818105 2.047244,
2.815232 -12.887091 2.047244,
0.117480 -10.181895 2.047244,
2.821090 -12.878021 2.047244,
0.126401 -10.175813 2.047244,
0.126401 -10.824187 2.047244,
2.827393 -12.869255 2.047244,
0.135008 -10.169294 2.047244,
0.135008 -10.830706 2.047244,
0.143278 -10.837646 2.047244,
2.834124 -12.860814 2.047244,
0.143278 -10.162354 2.047244,
0.151193 -10.844989 2.047244,
2.841268 -12.852719 2.047244,
0.151193 -10.155011 2.047244,
2.931036 -13.205260 2.047244,
2.941353 -13.208442 2.047244,
2.951816 -13.211106 2.047244,
2.962399 -13.213246 2.047244,
2.973075 -13.214855 2.047244,
2.983818 -13.215930 2.047244,
2.994602 -13.216468 2.047244,
3.005398 -13.216468 2.047244,
3.016182 -13.215930 2.047244,
3.026925 -13.214855 2.047244,
3.037601 -13.213246 2.047244,
3.048184 -13.211106 2.047244,
3.058647 -13.208442 2.047244,
3.068964 -13.205260 2.047244,
3.079109 -13.201567 2.047244,
3.089058 -13.197373 2.047244,
3.098786 -13.192689 2.047244,
3.108268 -13.187525 2.047244,
3.117480 -13.181895 2.047244,
3.126401 -13.175813 2.047244,
3.135008 -13.169294 2.047244,
3.143278 -13.162354 2.047244,
3.151193 -13.155011 2.047244,
2.848807 -12.844989 2.047244,
3.158732 -13.147281 2.047244,
0.158732 -10.147281 2.047244,
0.158732 -10.852719 2.047244,
2.856722 -12.837646 2.047244,
3.165876 -13.139186 2.047244,
0.165876 -10.139186 2.047244,
0.165876 -10.860814 2.047244,
2.864992 -12.830706 2.047244,
3.172607 -13.130745 2.047244,
0.172607 -10.130745 2.047244,
0.172607 -10.869255 2.047244,
0.178910 -10.878021 2.047244,
2.873599 -12.824187 2.047244,
3.178910 -13.121979 2.047244,
0.178910 -10.121979 2.047244,
3.184768 -13.112909 2.047244,
0.184768 -10.112909 2.047244,
0.184768 -10.887091 2.047244,
3.190166 -13.103559 2.047244,
0.190166 -10.103559 2.047244,
0.190166 -10.896441 2.047244,
0.195092 -10.906049 2.047244,
3.195092 -13.093951 2.047244,
0.195092 -10.093951 2.047244,
3.199532 -13.084110 2.047244,
0.199532 -10.084110 2.047244,
0.199532 -10.915890 2.047244,
3.203477 -13.074059 2.047244,
0.203477 -10.074059 2.047244,
0.203477 -10.925941 2.047244,
3.206915 -13.063825 2.047244,
0.206915 -10.063825 2.047244,
0.206915 -10.936175 2.047244,
3.209840 -13.053432 2.047244,
3.212242 -13.042906 2.047244,
3.214117 -13.032273 2.047244,
3.215459 -13.021560 2.047244,
3.216266 -13.010793 2.047244,
3.216535 -13.000000 2.047244,
3.216266 -12.989207 2.047244,
3.215459 -12.978440 2.047244,
3.214117 -12.967727 2.047244,
3.212242 -12.957094 2.047244,
3.209840 -12.946568 2.047244,
3.206915 -12.936175 2.047244,
2.841268 -12.147281 2.047244,
2.848807 -12.155011 2.047244,
-0.158732 -9.147281 2.047244,
-0.158732 -9.852719 2.047244,
-0.151193 -9.844989 2.047244,
-0.151193 -9.155011 2.047244,
2.856722 -12.162354 2.047244,
-0.143278 -9.162354 2.047244,
-0.143278 -9.837646 2.047244,
-0.135008 -9.830706 2.047244,
2.834124 -12.139186 2.047244,
-0.165876 -9.139186 2.047244,
-0.165876 -9.860814 2.047244,
2.864992 -12.169294 2.047244,
-0.135008 -9.169294 2.047244,
2.827393 -12.130745 2.047244,
-0.172607 -9.130745 2.047244,
-0.172607 -9.869255 2.047244,
2.873599 -12.175813 2.047244,
-0.126401 -9.175813 2.047244,
-0.126401 -9.824187 2.047244,
2.821090 -12.121979 2.047244,
-0.178910 -9.121979 2.047244,
-0.178910 -9.878021 2.047244,
2.882520 -12.181895 2.047244,
2.882520 -12.818105 2.047244,
2.891732 -12.812475 2.047244,
-0.117480 -9.181895 2.047244,
-0.117480 -9.818105 2.047244,
2.815232 -12.112909 2.047244,
-0.184768 -9.112909 2.047244,
-0.184768 -9.887091 2.047244,
2.891732 -12.187525 2.047244,
2.901214 -12.807311 2.047244,
-0.108268 -9.187525 2.047244,
-0.108268 -9.812475 2.047244,
2.809834 -12.103559 2.047244,
-0.190166 -9.103559 2.047244,
-0.190166 -9.896441 2.047244,
2.901214 -12.192689 2.047244,
-0.098786 -9.192689 2.047244,
-0.098786 -9.807311 2.047244,
2.804908 -12.093951 2.047244,
-0.195092 -9.093951 2.047244,
-0.195092 -9.906049 2.047244,
-0.199532 -9.915890 2.047244,
2.910942 -12.197373 2.047244,
2.910942 -12.802627 2.047244,
-0.089058 -9.197373 2.047244,
-0.089058 -9.802627 2.047244,
2.800468 -12.084110 2.047244,
-0.199532 -9.084110 2.047244,
2.920891 -12.201567 2.047244,
2.920891 -12.798433 2.047244,
-0.079109 -9.201567 2.047244,
-0.079109 -9.798433 2.047244,
2.796523 -12.074059 2.047244,
-0.203477 -9.074059 2.047244,
-0.203477 -9.925941 2.047244,
2.931036 -12.205260 2.047244,
2.931036 -12.794740 2.047244,
2.941353 -12.791558 2.047244,
-0.068964 -9.205260 2.047244,
-0.068964 -9.794740 2.047244,
-0.058647 -9.791558 2.047244,
2.793085 -12.063825 2.047244,
-0.206915 -9.063825 2.047244,
-0.206915 -9.936175 2.047244,
2.941353 -12.208442 2.047244,
-0.058647 -9.208442 2.047244,
2.790160 -12.053432 2.047244,
-0.209840 -9.053432 2.047244,
-0.209840 -9.946568 2.047244,
2.951816 -12.211106 2.047244,
2.951816 -12.788894 2.047244,
-0.048184 -9.211106 2.047244,
-0.048184 -9.788894 2.047244,
2.787758 -12.042906 2.047244,
-0.212242 -9.042906 2.047244,
-0.212242 -9.957094 2.047244,
2.962399 -12.213246 2.047244,
2.962399 -12.786754 2.047244,
-0.037601 -9.213246 2.047244,
-0.037601 -9.786754 2.047244,
-0.214117 -9.032273 2.047244,
-0.214117 -9.967727 2.047244,
-0.215459 -9.978440 2.047244,
2.785883 -12.032273 2.047244,
2.973075 -12.214855 2.047244,
2.973075 -12.785145 2.047244,
2.983818 -12.784070 2.047244,
-0.026925 -9.214855 2.047244,
-0.026925 -9.785145 2.047244,
-0.215459 -9.021560 2.047244,
-0.216266 -9.989207 2.047244,
2.784541 -12.021560 2.047244,
2.983818 -12.215930 2.047244,
-0.016182 -9.215930 2.047244,
-0.016182 -9.784070 2.047244,
-0.216266 -9.010793 2.047244,
2.994602 -12.216468 2.047244,
2.994602 -12.783532 2.047244,
3.005398 -12.783532 2.047244,
-0.005398 -9.216468 2.047244,
-0.005398 -9.783532 2.047244,
3.005398 -12.216468 2.047244,
3.016182 -12.784070 2.047244,
0.005398 -9.216468 2.047244,
0.005398 -9.783532 2.047244,
3.016182 -12.215930 2.047244,
0.016182 -9.215930 2.047244,
0.016182 -9.784070 2.047244,
3.026925 -12.214855 2.047244,
3.026925 -12.785145 2.047244,
0.026925 -9.214855 2.047244,
0.026925 -9.785145 2.047244,
0.037601 -9.786754 2.047244,
3.037601 -12.213246 2.047244,
3.037601 -12.786754 2.047244,
0.037601 -9.213246 2.047244,
3.048184 -12.211106 2.047244,
3.048184 -12.788894 2.047244,
3.058647 -12.791558 2.047244,
0.048184 -9.211106 2.047244,
0.048184 -9.788894 2.047244,
3.058647 -12.208442 2.047244,
3.068964 -12.794740 2.047244,
0.058647 -9.208442 2.047244,
0.058647 -9.791558 2.047244,
3.068964 -12.205260 2.047244,
0.068964 -9.205260 2.047244,
0.068964 -9.794740 2.047244,
3.079109 -12.201567 2.047244,
3.079109 -12.798433 2.047244,
0.079109 -9.201567 2.047244,
0.079109 -9.798433 2.047244,
0.089058 -9.802627 2.047244,
3.089058 -12.197373 2.047244,
3.089058 -12.802627 2.047244,
3.098786 -12.807311 2.047244,
0.089058 -9.197373 2.047244,
3.098786 -12.192689 2.047244,
0.098786 -9.192689 2.047244,
0.098786 -9.807311 2.047244,
0.108268 -9.812475 2.047244,
3.108268 -12.187525 2.047244,
3.108268 -12.812475 2.047244,
3.117480 -12.818105 2.047244,
0.108268 -9.187525 2.047244,
3.117480 -12.181895 2.047244,
3.126401 -12.824187 2.047244,
0.117480 -9.181895 2.047244,
0.117480 -9.818105 2.047244,
3.126401 -12.175813 2.047244,
0.126401 -9.175813 2.047244,
0.126401 -9.824187 2.047244,
3.135008 -12.169294 2.047244,
3.135008 -12.830706 2.047244,
0.135008 -9.169294 2.047244,
0.135008 -9.830706 2.047244,
3.143278 -12.162354 2.047244,
3.143278 -12.837646 2.047244,
0.143278 -9.162354 2.047244,
0.143278 -9.837646 2.047244,
0.151193 -9.844989 2.047244,
3.151193 -12.155011 2.047244,
3.151193 -12.844989 2.047244,
0.151193 -9.155011 2.047244,
3.158732 -12.147281 2.047244,
3.158732 -12.852719 2.047244,
0.158732 -9.147281 2.047244,
0.158732 -9.852719 2.047244,
0.165876 -9.860814 2.047244,
3.165876 -12.139186 2.047244,
3.165876 -12.860814 2.047244,
0.165876 -9.139186 2.047244,
3.172607 -12.130745 2.047244,
3.172607 -12.869255 2.047244,
0.172607 -9.130745 2.047244,
0.172607 -9.869255 2.047244,
3.178910 -12.121979 2.047244,
3.178910 -12.878021 2.047244,
0.178910 -9.121979 2.047244,
0.178910 -9.878021 2.047244,
3.184768 -12.112909 2.047244,
3.184768 -12.887091 2.047244,
3.190166 -12.896441 2.047244,
0.184768 -9.112909 2.047244,
0.184768 -9.887091 2.047244,
0.190166 -9.896441 2.047244,
3.190166 -12.103559 2.047244,
0.190166 -9.103559 2.047244,
3.195092 -12.093951 2.047244,
3.195092 -12.906049 2.047244,
3.199532 -12.915890 2.047244,
0.195092 -9.093951 2.047244,
0.195092 -9.906049 2.047244,
0.199532 -9.915890 2.047244,
3.199532 -12.084110 2.047244,
3.203477 -12.925941 2.047244,
0.199532 -9.084110 2.047244,
3.203477 -12.074059 2.047244,
0.203477 -9.074059 2.047244,
0.203477 -9.925941 2.047244,
3.206915 -12.063825 2.047244,
0.206915 -9.063825 2.047244,
0.206915 -9.936175 2.047244,
3.209840 -12.053432 2.047244,
3.212242 -12.042906 2.047244,
3.214117 -12.032273 2.047244,
3.215459 -12.021560 2.047244,
3.216266 -12.010793 2.047244,
3.216535 -12.000000 2.047244,
3.216266 -11.989207 2.047244,
2.841268 -11.147281 2.047244,
2.848807 -11.844989 2.047244,
2.848807 -11.155011 2.047244,
2.841268 -11.852719 2.047244,
-0.158732 -8.147281 2.047244,
-0.151193 -8.844989 2.047244,
-0.151193 -8.155011 2.047244,
-0.158732 -8.852719 2.047244,
-0.165876 -8.860814 2.047244,
2.856722 -11.162354 2.047244,
2.856722 -11.837646 2.047244,
2.864992 -11.830706 2.047244,
-0.143278 -8.162354 2.047244,
-0.143278 -8.837646 2.047244,
-0.135008 -8.830706 2.047244,
2.834124 -11.139186 2.047244,
2.834124 -11.860814 2.047244,
-0.165876 -8.139186 2.047244,
2.864992 -11.169294 2.047244,
2.873599 -11.824187 2.047244,
-0.135008 -8.169294 2.047244,
2.827393 -11.130745 2.047244,
2.827393 -11.869255 2.047244,
-0.172607 -8.130745 2.047244,
-0.172607 -8.869255 2.047244,
2.873599 -11.175813 2.047244,
-0.126401 -8.175813 2.047244,
-0.126401 -8.824187 2.047244,
2.821090 -11.121979 2.047244,
2.821090 -11.878021 2.047244,
-0.178910 -8.121979 2.047244,
-0.178910 -8.878021 2.047244,
2.882520 -11.181895 2.047244,
2.882520 -11.818105 2.047244,
-0.117480 -8.181895 2.047244,
-0.117480 -8.818105 2.047244,
2.815232 -11.112909 2.047244,
2.815232 -11.887091 2.047244,
2.809834 -11.896441 2.047244,
-0.184768 -8.112909 2.047244,
-0.184768 -8.887091 2.047244,
2.891732 -11.187525 2.047244,
2.891732 -11.812475 2.047244,
-0.108268 -8.187525 2.047244,
-0.108268 -8.812475 2.047244,
2.809834 -11.103559 2.047244,
-0.190166 -8.103559 2.047244,
-0.190166 -8.896441 2.047244,
2.901214 -11.192689 2.047244,
2.901214 -11.807311 2.047244,
-0.098786 -8.192689 2.047244,
-0.098786 -8.807311 2.047244,
2.804908 -11.093951 2.047244,
2.804908 -11.906049 2.047244,
-0.195092 -8.093951 2.047244,
-0.195092 -8.906049 2.047244,
2.910942 -11.197373 2.047244,
2.910942 -11.802627 2.047244,
-0.089058 -8.197373 2.047244,
-0.089058 -8.802627 2.047244,
2.800468 -11.084110 2.047244,
2.800468 -11.915890 2.047244,
2.796523 -11.925941 2.047244,
-0.199532 -8.084110 2.047244,
-0.199532 -8.915890 2.047244,
-0.203477 -8.925941 2.047244,
2.920891 -11.201567 2.047244,
2.920891 -11.798433 2.047244,
-0.079109 -8.201567 2.047244,
-0.079109 -8.798433 2.047244,
2.796523 -11.074059 2.047244,
-0.203477 -8.074059 2.047244,
2.931036 -11.205260 2.047244,
2.931036 -11.794740 2.047244,
-0.068964 -8.205260 2.047244,
-0.068964 -8.794740 2.047244,
2.793085 -11.063825 2.047244,
2.793085 -11.936175 2.047244,
-0.206915 -8.063825 2.047244,
-0.206915 -8.936175 2.047244,
2.941353 -11.208442 2.047244,
2.941353 -11.791558 2.047244,
-0.058647 -8.208442 2.047244,
-0.058647 -8.791558 2.047244,
-0.048184 -8.788894 2.047244,
-0.209840 -8.053432 2.047244,
-0.209840 -8.946568 2.047244,
2.951816 -11.211106 2.047244,
2.951816 -11.788894 2.047244,
2.962399 -11.786754 2.047244,
-0.048184 -8.211106 2.047244,
-0.212242 -8.042906 2.047244,
-0.212242 -8.957094 2.047244,
2.962399 -11.213246 2.047244,
-0.037601 -8.213246 2.047244,
-0.037601 -8.786754 2.047244,
-0.026925 -8.785145 2.047244,
-0.214117 -8.032273 2.047244,
-0.214117 -8.967727 2.047244,
-0.215459 -8.978440 2.047244,
2.973075 -11.214855 2.047244,
2.973075 -11.785145 2.047244,
-0.026925 -8.214855 2.047244,
-0.215459 -8.021560 2.047244,
-0.216266 -8.989207 2.047244,
2.983818 -11.215930 2.047244,
2.983818 -11.784070 2.047244,
-0.016182 -8.215930 2.047244,
-0.016182 -8.784070 2.047244,
-0.216266 -8.010793 2.047244,
2.994602 -11.216468 2.047244,
2.994602 -11.783532 2.047244,
3.005398 -11.783532 2.047244,
-0.005398 -8.216468 2.047244,
-0.005398 -8.783532 2.047244,
0.005398 -8.783532 2.047244,
3.005398 -11.216468 2.047244,
0.005398 -8.216468 2.047244,
3.016182 -11.215930 2.047244,
3.016182 -11.784070 2.047244,
0.016182 -8.215930 2.047244,
0.016182 -8.784070 2.047244,
0.026925 -8.785145 2.047244,
3.026925 -11.214855 2.047244,
3.026925 -11.785145 2.047244,
0.026925 -8.214855 2.047244,
0.037601 -8.213246 2.047244,
0.037601 -8.786754 2.047244,
0.048184 -8.788894 2.047244,
3.037601 -11.213246 2.047244,
3.037601 -11.786754 2.047244,
3.048184 -11.211106 2.047244,
3.048184 -11.788894 2.047244,
0.048184 -8.211106 2.047244,
3.058647 -11.208442 2.047244,
3.058647 -11.791558 2.047244,
3.068964 -11.794740 2.047244,
0.058647 -8.208442 2.047244,
0.058647 -8.791558 2.047244,
3.068964 -11.205260 2.047244,
0.068964 -8.205260 2.047244,
0.068964 -8.794740 2.047244,
3.079109 -11.201567 2.047244,
3.079109 -11.798433 2.047244,
0.079109 -8.201567 2.047244,
0.079109 -8.798433 2.047244,
3.089058 -11.197373 2.047244,
3.089058 -11.802627 2.047244,
0.089058 -8.197373 2.047244,
0.089058 -8.802627 2.047244,
0.098786 -8.807311 2.047244,
3.098786 -11.192689 2.047244,
3.098786 -11.807311 2.047244,
0.098786 -8.192689 2.047244,
0.108268 -8.187525 2.047244,
0.108268 -8.812475 2.047244,
3.108268 -11.187525 2.047244,
3.108268 -11.812475 2.047244,
3.117480 -11.818105 2.047244,
3.117480 -11.181895 2.047244,
3.126401 -11.824187 2.047244,
0.117480 -8.181895 2.047244,
0.117480 -8.818105 2.047244,
3.126401 -11.175813 2.047244,
0.126401 -8.175813 2.047244,
0.126401 -8.824187 2.047244,
0.135008 -8.169294 2.047244,
0.135008 -8.830706 2.047244,
3.135008 -11.169294 2.047244,
3.135008 -11.830706 2.047244,
3.143278 -11.837646 2.047244,
3.143278 -11.162354 2.047244,
0.143278 -8.162354 2.047244,
0.143278 -8.837646 2.047244,
0.151193 -8.844989 2.047244,
3.151193 -11.155011 2.047244,
3.151193 -11.844989 2.047244,
0.151193 -8.155011 2.047244,
3.158732 -11.147281 2.047244,
3.158732 -11.852719 2.047244,
3.165876 -11.860814 2.047244,
0.158732 -8.147281 2.047244,
0.158732 -8.852719 2.047244,
3.165876 -11.139186 2.047244,
0.165876 -8.139186 2.047244,
0.165876 -8.860814 2.047244,
3.172607 -11.130745 2.047244,
3.172607 -11.869255 2.047244,
3.178910 -11.878021 2.047244,
0.172607 -8.130745 2.047244,
0.172607 -8.869255 2.047244,
0.178910 -8.878021 2.047244,
3.178910 -11.121979 2.047244,
3.184768 -11.887091 2.047244,
0.178910 -8.121979 2.047244,
3.184768 -11.112909 2.047244,
0.184768 -8.112909 2.047244,
0.184768 -8.887091 2.047244,
0.190166 -8.896441 2.047244,
3.190166 -11.103559 2.047244,
3.190166 -11.896441 2.047244,
3.195092 -11.906049 2.047244,
0.190166 -8.103559 2.047244,
3.195092 -11.093951 2.047244,
0.195092 -8.093951 2.047244,
0.195092 -8.906049 2.047244,
0.199532 -8.915890 2.047244,
3.199532 -11.084110 2.047244,
3.199532 -11.915890 2.047244,
0.199532 -8.084110 2.047244,
3.203477 -11.074059 2.047244,
3.203477 -11.925941 2.047244,
3.206915 -11.936175 2.047244,
0.203477 -8.074059 2.047244,
0.203477 -8.925941 2.047244,
0.206915 -8.936175 2.047244,
3.206915 -11.063825 2.047244,
0.206915 -8.063825 2.047244,
3.209840 -11.053432 2.047244,
3.209840 -11.946568 2.047244,
3.212242 -11.042906 2.047244,
3.212242 -11.957094 2.047244,
3.214117 -11.032273 2.047244,
3.214117 -11.967727 2.047244,
3.215459 -11.021560 2.047244,
3.215459 -11.978440 2.047244,
3.216266 -11.010793 2.047244,
3.216535 -11.000000 2.047244,
-0.158732 -7.147281 2.047244,
-0.151193 -7.844989 2.047244,
-0.151193 -7.155011 2.047244,
-0.158732 -7.852719 2.047244,
2.841268 -10.147281 2.047244,
2.841268 -10.852719 2.047244,
2.848807 -10.844989 2.047244,
2.848807 -10.155011 2.047244,
-0.143278 -7.162354 2.047244,
-0.143278 -7.837646 2.047244,
-0.135008 -7.830706 2.047244,
2.856722 -10.162354 2.047244,
2.856722 -10.837646 2.047244,
2.864992 -10.830706 2.047244,
2.834124 -10.139186 2.047244,
2.834124 -10.860814 2.047244,
2.827393 -10.869255 2.047244,
-0.165876 -7.139186 2.047244,
-0.165876 -7.860814 2.047244,
2.864992 -10.169294 2.047244,
-0.135008 -7.169294 2.047244,
-0.126401 -7.824187 2.047244,
2.827393 -10.130745 2.047244,
2.821090 -10.878021 2.047244,
-0.172607 -7.130745 2.047244,
-0.172607 -7.869255 2.047244,
-0.126401 -7.175813 2.047244,
2.873599 -10.175813 2.047244,
2.873599 -10.824187 2.047244,
-0.178910 -7.121979 2.047244,
-0.178910 -7.878021 2.047244,
2.821090 -10.121979 2.047244,
2.882520 -10.181895 2.047244,
2.882520 -10.818105 2.047244,
-0.117480 -7.181895 2.047244,
-0.117480 -7.818105 2.047244,
2.815232 -10.112909 2.047244,
2.815232 -10.887091 2.047244,
-0.184768 -7.112909 2.047244,
-0.184768 -7.887091 2.047244,
2.891732 -10.187525 2.047244,
2.891732 -10.812475 2.047244,
-0.108268 -7.187525 2.047244,
-0.108268 -7.812475 2.047244,
2.809834 -10.103559 2.047244,
2.809834 -10.896441 2.047244,
-0.190166 -7.103559 2.047244,
-0.190166 -7.896441 2.047244,
-0.195092 -7.906049 2.047244,
2.901214 -10.192689 2.047244,
2.901214 -10.807311 2.047244,
-0.098786 -7.192689 2.047244,
-0.098786 -7.807311 2.047244,
2.804908 -10.093951 2.047244,
2.804908 -10.906049 2.047244,
2.800468 -10.915890 2.047244,
-0.195092 -7.093951 2.047244,
-0.089058 -7.197373 2.047244,
-0.089058 -7.802627 2.047244,
2.910942 -10.197373 2.047244,
2.910942 -10.802627 2.047244,
2.800468 -10.084110 2.047244,
-0.199532 -7.084110 2.047244,
-0.199532 -7.915890 2.047244,
-0.203477 -7.925941 2.047244,
2.920891 -10.201567 2.047244,
2.920891 -10.798433 2.047244,
-0.079109 -7.201567 2.047244,
-0.079109 -7.798433 2.047244,
-0.203477 -7.074059 2.047244,
2.796523 -10.074059 2.047244,
2.796523 -10.925941 2.047244,
2.931036 -10.205260 2.047244,
2.931036 -10.794740 2.047244,
2.941353 -10.791558 2.047244,
-0.068964 -7.205260 2.047244,
-0.068964 -7.794740 2.047244,
2.793085 -10.063825 2.047244,
2.793085 -10.936175 2.047244,
-0.206915 -7.063825 2.047244,
-0.206915 -7.936175 2.047244,
-0.058647 -7.208442 2.047244,
-0.058647 -7.791558 2.047244,
-0.048184 -7.788894 2.047244,
2.941353 -10.208442 2.047244,
-0.209840 -7.053432 2.047244,
-0.209840 -7.946568 2.047244,
-0.048184 -7.211106 2.047244,
2.951816 -10.211106 2.047244,
2.951816 -10.788894 2.047244,
2.962399 -10.786754 2.047244,
-0.212242 -7.042906 2.047244,
-0.212242 -7.957094 2.047244,
-0.037601 -7.213246 2.047244,
-0.037601 -7.786754 2.047244,
2.962399 -10.213246 2.047244,
-0.214117 -7.032273 2.047244,
-0.214117 -7.967727 2.047244,
-0.215459 -7.978440 2.047244,
-0.026925 -7.214855 2.047244,
-0.026925 -7.785145 2.047244,
2.973075 -10.214855 2.047244,
2.973075 -10.785145 2.047244,
-0.215459 -7.021560 2.047244,
-0.216266 -7.989207 2.047244,
-0.016182 -7.215930 2.047244,
-0.016182 -7.784070 2.047244,
2.983818 -10.215930 2.047244,
2.983818 -10.784070 2.047244,
-0.216266 -7.010793 2.047244,
2.994602 -10.216468 2.047244,
2.994602 -10.783532 2.047244,
3.005398 -10.783532 2.047244,
-0.005398 -7.216468 2.047244,
-0.005398 -7.783532 2.047244,
3.005398 -10.216468 2.047244,
3.016182 -10.784070 2.047244,
0.005398 -7.216468 2.047244,
0.005398 -7.783532 2.047244,
0.016182 -7.215930 2.047244,
0.016182 -7.784070 2.047244,
0.026925 -7.785145 2.047244,
3.016182 -10.215930 2.047244,
3.026925 -10.214855 2.047244,
3.026925 -10.785145 2.047244,
0.026925 -7.214855 2.047244,
0.037601 -7.213246 2.047244,
0.037601 -7.786754 2.047244,
3.037601 -10.213246 2.047244,
3.037601 -10.786754 2.047244,
3.048184 -10.788894 2.047244,
0.048184 -7.211106 2.047244,
0.048184 -7.788894 2.047244,
3.048184 -10.211106 2.047244,
3.058647 -10.791558 2.047244,
3.058647 -10.208442 2.047244,
3.068964 -10.794740 2.047244,
0.058647 -7.208442 2.047244,
0.058647 -7.791558 2.047244,
0.068964 -7.205260 2.047244,
0.068964 -7.794740 2.047244,
3.068964 -10.205260 2.047244,
3.079109 -10.798433 2.047244,
3.079109 -10.201567 2.047244,
0.079109 -7.201567 2.047244,
0.079109 -7.798433 2.047244,
3.089058 -10.197373 2.047244,
3.089058 -10.802627 2.047244,
3.098786 -10.807311 2.047244,
0.089058 -7.197373 2.047244,
0.089058 -7.802627 2.047244,
0.098786 -7.807311 2.047244,
3.098786 -10.192689 2.047244,
3.108268 -10.812475 2.047244,
0.098786 -7.192689 2.047244,
3.108268 -10.187525 2.047244,
0.108268 -7.187525 2.047244,
0.108268 -7.812475 2.047244,
0.117480 -7.818105 2.047244,
0.117480 -7.181895 2.047244,
3.117480 -10.181895 2.047244,
3.117480 -10.818105 2.047244,
3.126401 -10.175813 2.047244,
3.126401 -10.824187 2.047244,
0.126401 -7.175813 2.047244,
0.126401 -7.824187 2.047244,
3.135008 -10.169294 2.047244,
3.135008 -10.830706 2.047244,
3.143278 -10.837646 2.047244,
0.135008 -7.169294 2.047244,
0.135008 -7.830706 2.047244,
0.143278 -7.162354 2.047244,
0.143278 -7.837646 2.047244,
3.143278 -10.162354 2.047244,
0.151193 -7.155011 2.047244,
0.151193 -7.844989 2.047244,
3.151193 -10.155011 2.047244,
3.151193 -10.844989 2.047244,
0.158732 -7.147281 2.047244,
0.158732 -7.852719 2.047244,
3.158732 -10.147281 2.047244,
3.158732 -10.852719 2.047244,
3.165876 -10.860814 2.047244,
0.165876 -7.139186 2.047244,
0.165876 -7.860814 2.047244,
3.165876 -10.139186 2.047244,
3.172607 -10.130745 2.047244,
3.172607 -10.869255 2.047244,
0.172607 -7.130745 2.047244,
0.172607 -7.869255 2.047244,
0.178910 -7.121979 2.047244,
0.178910 -7.878021 2.047244,
3.178910 -10.121979 2.047244,
3.178910 -10.878021 2.047244,
3.184768 -10.112909 2.047244,
3.184768 -10.887091 2.047244,
3.190166 -10.896441 2.047244,
0.184768 -7.112909 2.047244,
0.184768 -7.887091 2.047244,
0.190166 -7.896441 2.047244,
0.190166 -7.103559 2.047244,
3.190166 -10.103559 2.047244,
3.195092 -10.093951 2.047244,
3.195092 -10.906049 2.047244,
3.199532 -10.915890 2.047244,
0.195092 -7.093951 2.047244,
0.195092 -7.906049 2.047244,
0.199532 -7.915890 2.047244,
3.199532 -10.084110 2.047244,
3.203477 -10.925941 2.047244,
0.199532 -7.084110 2.047244,
3.203477 -10.074059 2.047244,
3.206915 -10.936175 2.047244,
0.203477 -7.074059 2.047244,
0.203477 -7.925941 2.047244,
0.206915 -7.063825 2.047244,
0.206915 -7.936175 2.047244,
3.206915 -10.063825 2.047244,
3.209840 -10.053432 2.047244,
3.209840 -10.946568 2.047244,
3.212242 -10.957094 2.047244,
3.212242 -10.042906 2.047244,
3.214117 -10.967727 2.047244,
3.214117 -10.032273 2.047244,
3.215459 -10.021560 2.047244,
3.215459 -10.978440 2.047244,
3.216266 -10.010793 2.047244,
3.216266 -10.989207 2.047244,
-0.158732 -6.147281 2.047244,
-0.158732 -6.852719 2.047244,
-0.151193 -6.844989 2.047244,
-0.151193 -6.155011 2.047244,
2.841268 -9.147281 2.047244,
2.848807 -9.844989 2.047244,
2.848807 -9.155011 2.047244,
2.841268 -9.852719 2.047244,
-0.143278 -6.162354 2.047244,
-0.143278 -6.837646 2.047244,
2.856722 -9.162354 2.047244,
2.856722 -9.837646 2.047244,
2.834124 -9.139186 2.047244,
2.834124 -9.860814 2.047244,
-0.165876 -6.139186 2.047244,
-0.165876 -6.860814 2.047244,
2.864992 -9.169294 2.047244,
2.864992 -9.830706 2.047244,
-0.135008 -6.169294 2.047244,
-0.135008 -6.830706 2.047244,
2.827393 -9.130745 2.047244,
2.827393 -9.869255 2.047244,
2.821090 -9.878021 2.047244,
-0.172607 -6.130745 2.047244,
-0.172607 -6.869255 2.047244,
-0.126401 -6.175813 2.047244,
-0.126401 -6.824187 2.047244,
-0.117480 -6.818105 2.047244,
2.873599 -9.175813 2.047244,
2.873599 -9.824187 2.047244,
-0.178910 -6.121979 2.047244,
-0.178910 -6.878021 2.047244,
2.821090 -9.121979 2.047244,
2.882520 -9.181895 2.047244,
2.882520 -9.818105 2.047244,
-0.117480 -6.181895 2.047244,
2.815232 -9.112909 2.047244,
2.815232 -9.887091 2.047244,
2.809834 -9.896441 2.047244,
-0.184768 -6.112909 2.047244,
-0.184768 -6.887091 2.047244,
2.891732 -9.187525 2.047244,
2.891732 -9.812475 2.047244,
-0.108268 -6.187525 2.047244,
-0.108268 -6.812475 2.047244,
2.809834 -9.103559 2.047244,
-0.190166 -6.103559 2.047244,
-0.190166 -6.896441 2.047244,
2.901214 -9.192689 2.047244,
2.901214 -9.807311 2.047244,
-0.098786 -6.192689 2.047244,
-0.098786 -6.807311 2.047244,
2.804908 -9.093951 2.047244,
2.804908 -9.906049 2.047244,
-0.195092 -6.093951 2.047244,
-0.195092 -6.906049 2.047244,
-0.089058 -6.197373 2.047244,
-0.089058 -6.802627 2.047244,
2.910942 -9.197373 2.047244,
2.910942 -9.802627 2.047244,
2.800468 -9.084110 2.047244,
2.800468 -9.915890 2.047244,
2.796523 -9.925941 2.047244,
-0.199532 -6.084110 2.047244,
-0.199532 -6.915890 2.047244,
-0.079109 -6.201567 2.047244,
-0.079109 -6.798433 2.047244,
2.920891 -9.201567 2.047244,
2.920891 -9.798433 2.047244,
-0.203477 -6.074059 2.047244,
-0.203477 -6.925941 2.047244,
2.796523 -9.074059 2.047244,
2.793085 -9.936175 2.047244,
2.931036 -9.205260 2.047244,
2.931036 -9.794740 2.047244,
-0.068964 -6.205260 2.047244,
-0.068964 -6.794740 2.047244,
2.793085 -9.063825 2.047244,
-0.206915 -6.063825 2.047244,
-0.206915 -6.936175 2.047244,
2.941353 -9.208442 2.047244,
2.941353 -9.791558 2.047244,
-0.058647 -6.208442 2.047244,
-0.058647 -6.791558 2.047244,
-0.209840 -6.053432 2.047244,
-0.209840 -6.946568 2.047244,
2.951816 -9.211106 2.047244,
2.951816 -9.788894 2.047244,
2.962399 -9.786754 2.047244,
-0.048184 -6.211106 2.047244,
-0.048184 -6.788894 2.047244,
-0.037601 -6.786754 2.047244,
-0.212242 -6.042906 2.047244,
-0.212242 -6.957094 2.047244,
-0.037601 -6.213246 2.047244,
-0.026925 -6.785145 2.047244,
2.962399 -9.213246 2.047244,
-0.214117 -6.032273 2.047244,
-0.214117 -6.967727 2.047244,
-0.026925 -6.214855 2.047244,
2.973075 -9.214855 2.047244,
2.973075 -9.785145 2.047244,
-0.215459 -6.021560 2.047244,
-0.215459 -6.978440 2.047244,
-0.016182 -6.215930 2.047244,
-0.016182 -6.784070 2.047244,
2.983818 -9.215930 2.047244,
2.983818 -9.784070 2.047244,
-0.216266 -6.010793 2.047244,
-0.216266 -6.989207 2.047244,
2.994602 -9.216468 2.047244,
2.994602 -9.783532 2.047244,
3.005398 -9.783532 2.047244,
-0.005398 -6.216468 2.047244,
-0.005398 -6.783532 2.047244,
0.005398 -6.783532 2.047244,
0.005398 -6.216468 2.047244,
3.005398 -9.216468 2.047244,
3.016182 -9.784070 2.047244,
0.016182 -6.215930 2.047244,
0.016182 -6.784070 2.047244,
3.016182 -9.215930 2.047244,
3.026925 -9.214855 2.047244,
3.026925 -9.785145 2.047244,
3.037601 -9.786754 2.047244,
0.026925 -6.214855 2.047244,
0.026925 -6.785145 2.047244,
0.037601 -6.786754 2.047244,
3.037601 -9.213246 2.047244,
3.048184 -9.788894 2.047244,
0.037601 -6.213246 2.047244,
0.048184 -6.211106 2.047244,
0.048184 -6.788894 2.047244,
3.048184 -9.211106 2.047244,
0.058647 -6.208442 2.047244,
0.058647 -6.791558 2.047244,
0.068964 -6.794740 2.047244,
3.058647 -9.208442 2.047244,
3.058647 -9.791558 2.047244,
3.068964 -9.794740 2.047244,
0.068964 -6.205260 2.047244,
3.068964 -9.205260 2.047244,
3.079109 -9.798433 2.047244,
3.079109 -9.201567 2.047244,
3.089058 -9.802627 2.047244,
0.079109 -6.201567 2.047244,
0.079109 -6.798433 2.047244,
0.089058 -6.802627 2.047244,
3.089058 -9.197373 2.047244,
3.098786 -9.807311 2.047244,
0.089058 -6.197373 2.047244,
3.098786 -9.192689 2.047244,
0.098786 -6.192689 2.047244,
0.098786 -6.807311 2.047244,
0.108268 -6.812475 2.047244,
3.108268 -9.187525 2.047244,
3.108268 -9.812475 2.047244,
3.117480 -9.818105 2.047244,
0.108268 -6.187525 2.047244,
0.117480 -6.818105 2.047244,
0.117480 -6.181895 2.047244,
3.117480 -9.181895 2.047244,
3.126401 -9.824187 2.047244,
0.126401 -6.175813 2.047244,
0.126401 -6.824187 2.047244,
3.126401 -9.175813 2.047244,
3.135008 -9.169294 2.047244,
3.135008 -9.830706 2.047244,
3.143278 -9.837646 2.047244,
0.135008 -6.169294 2.047244,
0.135008 -6.830706 2.047244,
0.143278 -6.162354 2.047244,
0.143278 -6.837646 2.047244,
3.143278 -9.162354 2.047244,
3.151193 -9.844989 2.047244,
0.151193 -6.155011 2.047244,
0.151193 -6.844989 2.047244,
3.151193 -9.155011 2.047244,
0.158732 -6.147281 2.047244,
0.158732 -6.852719 2.047244,
3.158732 -9.147281 2.047244,
3.158732 -9.852719 2.047244,
0.165876 -6.139186 2.047244,
0.165876 -6.860814 2.047244,
3.165876 -9.139186 2.047244,
3.165876 -9.860814 2.047244,
3.172607 -9.869255 2.047244,
3.172607 -9.130745 2.047244,
0.172607 -6.130745 2.047244,
0.172607 -6.869255 2.047244,
0.178910 -6.878021 2.047244,
0.178910 -6.121979 2.047244,
3.178910 -9.121979 2.047244,
3.178910 -9.878021 2.047244,
3.184768 -9.112909 2.047244,
3.184768 -9.887091 2.047244,
3.190166 -9.896441 2.047244,
0.184768 -6.112909 2.047244,
0.184768 -6.887091 2.047244,
0.190166 -6.896441 2.047244,
0.190166 -6.103559 2.047244,
3.190166 -9.103559 2.047244,
3.195092 -9.093951 2.047244,
3.195092 -9.906049 2.047244,
0.195092 -6.093951 2.047244,
0.195092 -6.906049 2.047244,
0.199532 -6.915890 2.047244,
3.199532 -9.084110 2.047244,
3.199532 -9.915890 2.047244,
0.199532 -6.084110 2.047244,
3.203477 -9.074059 2.047244,
3.203477 -9.925941 2.047244,
3.206915 -9.936175 2.047244,
0.203477 -6.074059 2.047244,
0.203477 -6.925941 2.047244,
0.206915 -6.063825 2.047244,
0.206915 -6.936175 2.047244,
3.206915 -9.063825 2.047244,
3.209840 -9.946568 2.047244,
3.209840 -9.053432 2.047244,
3.212242 -9.042906 2.047244,
3.212242 -9.957094 2.047244,
3.214117 -9.967727 2.047244,
3.214117 -9.032273 2.047244,
3.215459 -9.021560 2.047244,
3.215459 -9.978440 2.047244,
3.216266 -9.010793 2.047244,
3.216266 -9.989207 2.047244,
2.841268 -8.147281 2.047244,
2.848807 -8.844989 2.047244,
2.848807 -8.155011 2.047244,
2.841268 -8.852719 2.047244,
2.834124 -8.860814 2.047244,
-0.158732 -5.147281 2.047244,
-0.151193 -5.844989 2.047244,
-0.151193 -5.155011 2.047244,
-0.158732 -5.852719 2.047244,
-0.165876 -5.860814 2.047244,
2.856722 -8.162354 2.047244,
2.856722 -8.837646 2.047244,
2.864992 -8.830706 2.047244,
-0.143278 -5.162354 2.047244,
-0.143278 -5.837646 2.047244,
-0.135008 -5.830706 2.047244,
2.834124 -8.139186 2.047244,
-0.165876 -5.139186 2.047244,
2.864992 -8.169294 2.047244,
-0.135008 -5.169294 2.047244,
2.827393 -8.130745 2.047244,
2.827393 -8.869255 2.047244,
2.821090 -8.878021 2.047244,
-0.172607 -5.130745 2.047244,
-0.172607 -5.869255 2.047244,
2.873599 -8.175813 2.047244,
2.873599 -8.824187 2.047244,
-0.126401 -5.175813 2.047244,
-0.126401 -5.824187 2.047244,
2.821090 -8.121979 2.047244,
-0.178910 -5.121979 2.047244,
-0.178910 -5.878021 2.047244,
2.882520 -8.181895 2.047244,
2.882520 -8.818105 2.047244,
-0.117480 -5.181895 2.047244,
-0.117480 -5.818105 2.047244,
2.815232 -8.112909 2.047244,
2.815232 -8.887091 2.047244,
2.809834 -8.896441 2.047244,
-0.184768 -5.112909 2.047244,
-0.184768 -5.887091 2.047244,
2.891732 -8.187525 2.047244,
2.891732 -8.812475 2.047244,
-0.108268 -5.187525 2.047244,
-0.108268 -5.812475 2.047244,
-0.098786 -5.807311 2.047244,
2.809834 -8.103559 2.047244,
-0.190166 -5.103559 2.047244,
-0.190166 -5.896441 2.047244,
-0.195092 -5.906049 2.047244,
2.901214 -8.192689 2.047244,
2.901214 -8.807311 2.047244,
-0.098786 -5.192689 2.047244,
2.804908 -8.093951 2.047244,
2.804908 -8.906049 2.047244,
-0.195092 -5.093951 2.047244,
2.910942 -8.197373 2.047244,
2.910942 -8.802627 2.047244,
-0.089058 -5.197373 2.047244,
-0.089058 -5.802627 2.047244,
2.800468 -8.084110 2.047244,
2.800468 -8.915890 2.047244,
2.796523 -8.925941 2.047244,
-0.199532 -5.084110 2.047244,
-0.199532 -5.915890 2.047244,
2.920891 -8.201567 2.047244,
2.920891 -8.798433 2.047244,
-0.079109 -5.201567 2.047244,
-0.079109 -5.798433 2.047244,
2.796523 -8.074059 2.047244,
2.793085 -8.936175 2.047244,
-0.203477 -5.074059 2.047244,
-0.203477 -5.925941 2.047244,
2.931036 -8.205260 2.047244,
2.931036 -8.794740 2.047244,
-0.068964 -5.205260 2.047244,
-0.068964 -5.794740 2.047244,
2.793085 -8.063825 2.047244,
-0.206915 -5.063825 2.047244,
-0.206915 -5.936175 2.047244,
2.941353 -8.208442 2.047244,
2.941353 -8.791558 2.047244,
-0.058647 -5.208442 2.047244,
-0.058647 -5.791558 2.047244,
-0.209840 -5.053432 2.047244,
-0.209840 -5.946568 2.047244,
2.951816 -8.211106 2.047244,
2.951816 -8.788894 2.047244,
-0.048184 -5.211106 2.047244,
-0.048184 -5.788894 2.047244,
-0.212242 -5.042906 2.047244,
-0.212242 -5.957094 2.047244,
-0.214117 -5.967727 2.047244,
2.962399 -8.213246 2.047244,
2.962399 -8.786754 2.047244,
-0.037601 -5.213246 2.047244,
-0.037601 -5.786754 2.047244,
-0.026925 -5.785145 2.047244,
-0.214117 -5.032273 2.047244,
-0.215459 -5.978440 2.047244,
2.973075 -8.214855 2.047244,
2.973075 -8.785145 2.047244,
-0.026925 -5.214855 2.047244,
-0.215459 -5.021560 2.047244,
2.983818 -8.215930 2.047244,
2.983818 -8.784070 2.047244,
-0.016182 -5.215930 2.047244,
-0.016182 -5.784070 2.047244,
-0.005398 -5.783532 2.047244,
-0.216266 -5.010793 2.047244,
-0.216266 -5.989207 2.047244,
2.994602 -8.216468 2.047244,
2.994602 -8.783532 2.047244,
3.005398 -8.783532 2.047244,
-0.005398 -5.216468 2.047244,
3.005398 -8.216468 2.047244,
3.016182 -8.784070 2.047244,
0.005398 -5.216468 2.047244,
0.005398 -5.783532 2.047244,
3.016182 -8.215930 2.047244,
0.016182 -5.215930 2.047244,
0.016182 -5.784070 2.047244,
0.026925 -5.785145 2.047244,
3.026925 -8.214855 2.047244,
3.026925 -8.785145 2.047244,
0.026925 -5.214855 2.047244,
3.037601 -8.213246 2.047244,
3.037601 -8.786754 2.047244,
3.048184 -8.788894 2.047244,
0.037601 -5.213246 2.047244,
0.037601 -5.786754 2.047244,
3.048184 -8.211106 2.047244,
0.048184 -5.211106 2.047244,
0.048184 -5.788894 2.047244,
0.058647 -5.791558 2.047244,
3.058647 -8.208442 2.047244,
3.058647 -8.791558 2.047244,
3.068964 -8.794740 2.047244,
0.058647 -5.208442 2.047244,
0.068964 -5.794740 2.047244,
3.068964 -8.205260 2.047244,
3.079109 -8.798433 2.047244,
0.068964 -5.205260 2.047244,
3.079109 -8.201567 2.047244,
3.089058 -8.802627 2.047244,
0.079109 -5.201567 2.047244,
0.079109 -5.798433 2.047244,
0.089058 -5.802627 2.047244,
3.089058 -8.197373 2.047244,
0.089058 -5.197373 2.047244,
0.098786 -5.807311 2.047244,
3.098786 -8.192689 2.047244,
3.098786 -8.807311 2.047244,
0.098786 -5.192689 2.047244,
3.108268 -8.187525 2.047244,
3.108268 -8.812475 2.047244,
3.117480 -8.818105 2.047244,
0.108268 -5.187525 2.047244,
0.108268 -5.812475 2.047244,
0.117480 -5.818105 2.047244,
3.117480 -8.181895 2.047244,
3.126401 -8.824187 2.047244,
0.117480 -5.181895 2.047244,
3.126401 -8.175813 2.047244,
0.126401 -5.175813 2.047244,
0.126401 -5.824187 2.047244,
3.135008 -8.169294 2.047244,
3.135008 -8.830706 2.047244,
3.143278 -8.837646 2.047244,
0.135008 -5.169294 2.047244,
0.135008 -5.830706 2.047244,
0.143278 -5.162354 2.047244,
0.143278 -5.837646 2.047244,
0.151193 -5.844989 2.047244,
3.143278 -8.162354 2.047244,
3.151193 -8.844989 2.047244,
3.151193 -8.155011 2.047244,
0.151193 -5.155011 2.047244,
3.158732 -8.147281 2.047244,
3.158732 -8.852719 2.047244,
3.165876 -8.860814 2.047244,
0.158732 -5.147281 2.047244,
0.158732 -5.852719 2.047244,
3.165876 -8.139186 2.047244,
3.172607 -8.869255 2.047244,
0.165876 -5.139186 2.047244,
0.165876 -5.860814 2.047244,
3.172607 -8.130745 2.047244,
0.172607 -5.130745 2.047244,
0.172607 -5.869255 2.047244,
0.178910 -5.878021 2.047244,
3.178910 -8.121979 2.047244,
3.178910 -8.878021 2.047244,
0.178910 -5.121979 2.047244,
3.184768 -8.112909 2.047244,
3.184768 -8.887091 2.047244,
3.190166 -8.896441 2.047244,
0.184768 -5.112909 2.047244,
0.184768 -5.887091 2.047244,
0.190166 -5.896441 2.047244,
3.190166 -8.103559 2.047244,
0.190166 -5.103559 2.047244,
0.195092 -5.906049 2.047244,
3.195092 -8.093951 2.047244,
3.195092 -8.906049 2.047244,
0.195092 -5.093951 2.047244,
3.199532 -8.084110 2.047244,
3.199532 -8.915890 2.047244,
0.199532 -5.084110 2.047244,
0.199532 -5.915890 2.047244,
0.203477 -5.925941 2.047244,
3.203477 -8.074059 2.047244,
3.203477 -8.925941 2.047244,
3.206915 -8.936175 2.047244,
0.203477 -5.074059 2.047244,
3.206915 -8.063825 2.047244,
3.209840 -8.946568 2.047244,
0.206915 -5.063825 2.047244,
0.206915 -5.936175 2.047244,
3.209840 -8.053432 2.047244,
3.212242 -8.042906 2.047244,
3.212242 -8.957094 2.047244,
3.214117 -8.967727 2.047244,
3.214117 -8.032273 2.047244,
3.215459 -8.021560 2.047244,
3.215459 -8.978440 2.047244,
3.216266 -8.010793 2.047244,
3.216266 -8.989207 2.047244,
2.841268 -7.147281 2.047244,
2.841268 -7.852719 2.047244,
2.848807 -7.844989 2.047244,
2.848807 -7.155011 2.047244,
-0.158732 -4.147281 2.047244,
-0.158732 -4.852719 2.047244,
-0.151193 -4.844989 2.047244,
-0.165876 -4.860814 2.047244,
-0.151193 -4.155011 2.047244,
-0.143278 -4.162354 2.047244,
-0.143278 -4.837646 2.047244,
-0.135008 -4.830706 2.047244,
2.856722 -7.162354 2.047244,
2.856722 -7.837646 2.047244,
2.834124 -7.139186 2.047244,
2.834124 -7.860814 2.047244,
2.827393 -7.869255 2.047244,
-0.165876 -4.139186 2.047244,
2.864992 -7.169294 2.047244,
2.864992 -7.830706 2.047244,
-0.135008 -4.169294 2.047244,
-0.126401 -4.824187 2.047244,
2.827393 -7.130745 2.047244,
2.821090 -7.878021 2.047244,
-0.172607 -4.130745 2.047244,
-0.172607 -4.869255 2.047244,
2.873599 -7.175813 2.047244,
2.873599 -7.824187 2.047244,
2.882520 -7.818105 2.047244,
-0.126401 -4.175813 2.047244,
2.821090 -7.121979 2.047244,
-0.178910 -4.121979 2.047244,
-0.178910 -4.878021 2.047244,
-0.117480 -4.181895 2.047244,
-0.117480 -4.818105 2.047244,
2.882520 -7.181895 2.047244,
2.815232 -7.112909 2.047244,
2.815232 -7.887091 2.047244,
2.809834 -7.896441 2.047244,
-0.184768 -4.112909 2.047244,
-0.184768 -4.887091 2.047244,
2.891732 -7.187525 2.047244,
2.891732 -7.812475 2.047244,
-0.108268 -4.187525 2.047244,
-0.108268 -4.812475 2.047244,
-0.190166 -4.103559 2.047244,
-0.190166 -4.896441 2.047244,
2.809834 -7.103559 2.047244,
2.901214 -7.192689 2.047244,
2.901214 -7.807311 2.047244,
-0.098786 -4.192689 2.047244,
-0.098786 -4.807311 2.047244,
2.804908 -7.093951 2.047244,
2.804908 -7.906049 2.047244,
2.800468 -7.915890 2.047244,
-0.195092 -4.093951 2.047244,
-0.195092 -4.906049 2.047244,
2.910942 -7.197373 2.047244,
2.910942 -7.802627 2.047244,
-0.089058 -4.197373 2.047244,
-0.089058 -4.802627 2.047244,
2.800468 -7.084110 2.047244,
2.796523 -7.925941 2.047244,
-0.199532 -4.084110 2.047244,
-0.199532 -4.915890 2.047244,
-0.203477 -4.925941 2.047244,
2.920891 -7.201567 2.047244,
2.920891 -7.798433 2.047244,
-0.079109 -4.201567 2.047244,
-0.079109 -4.798433 2.047244,
2.796523 -7.074059 2.047244,
-0.203477 -4.074059 2.047244,
2.931036 -7.205260 2.047244,
2.931036 -7.794740 2.047244,
-0.068964 -4.205260 2.047244,
-0.068964 -4.794740 2.047244,
-0.058647 -4.791558 2.047244,
2.793085 -7.063825 2.047244,
2.793085 -7.936175 2.047244,
-0.206915 -4.063825 2.047244,
-0.206915 -4.936175 2.047244,
2.941353 -7.208442 2.047244,
2.941353 -7.791558 2.047244,
-0.058647 -4.208442 2.047244,
-0.209840 -4.053432 2.047244,
-0.209840 -4.946568 2.047244,
2.951816 -7.211106 2.047244,
2.951816 -7.788894 2.047244,
-0.048184 -4.211106 2.047244,
-0.048184 -4.788894 2.047244,
-0.212242 -4.042906 2.047244,
-0.212242 -4.957094 2.047244,
2.962399 -7.213246 2.047244,
2.962399 -7.786754 2.047244,
-0.037601 -4.213246 2.047244,
-0.037601 -4.786754 2.047244,
-0.026925 -4.785145 2.047244,
-0.214117 -4.032273 2.047244,
-0.214117 -4.967727 2.047244,
-0.026925 -4.214855 2.047244,
2.973075 -7.214855 2.047244,
2.973075 -7.785145 2.047244,
-0.215459 -4.021560 2.047244,
-0.215459 -4.978440 2.047244,
-0.016182 -4.215930 2.047244,
-0.016182 -4.784070 2.047244,
2.983818 -7.215930 2.047244,
2.983818 -7.784070 2.047244,
-0.216266 -4.010793 2.047244,
-0.216266 -4.989207 2.047244,
-0.005398 -4.216468 2.047244,
-0.005398 -4.783532 2.047244,
2.994602 -7.216468 2.047244,
2.994602 -7.783532 2.047244,
3.005398 -7.216468 2.047244,
3.005398 -7.783532 2.047244,
3.016182 -7.784070 2.047244,
0.005398 -4.216468 2.047244,
0.005398 -4.783532 2.047244,
0.016182 -4.215930 2.047244,
0.016182 -4.784070 2.047244,
3.016182 -7.215930 2.047244,
3.026925 -7.214855 2.047244,
3.026925 -7.785145 2.047244,
0.026925 -4.214855 2.047244,
0.026925 -4.785145 2.047244,
0.037601 -4.786754 2.047244,
0.037601 -4.213246 2.047244,
3.037601 -7.213246 2.047244,
3.037601 -7.786754 2.047244,
3.048184 -7.788894 2.047244,
3.048184 -7.211106 2.047244,
3.058647 -7.791558 2.047244,
0.048184 -4.211106 2.047244,
0.048184 -4.788894 2.047244,
0.058647 -4.791558 2.047244,
0.058647 -4.208442 2.047244,
0.068964 -4.794740 2.047244,
3.058647 -7.208442 2.047244,
3.068964 -7.794740 2.047244,
0.068964 -4.205260 2.047244,
3.068964 -7.205260 2.047244,
3.079109 -7.798433 2.047244,
3.079109 -7.201567 2.047244,
3.089058 -7.802627 2.047244,
0.079109 -4.201567 2.047244,
0.079109 -4.798433 2.047244,
0.089058 -4.802627 2.047244,
3.089058 -7.197373 2.047244,
0.089058 -4.197373 2.047244,
0.098786 -4.807311 2.047244,
3.098786 -7.192689 2.047244,
3.098786 -7.807311 2.047244,
0.098786 -4.192689 2.047244,
0.108268 -4.812475 2.047244,
3.108268 -7.187525 2.047244,
3.108268 -7.812475 2.047244,
3.117480 -7.818105 2.047244,
0.108268 -4.187525 2.047244,
0.117480 -4.818105 2.047244,
0.117480 -4.181895 2.047244,
0.126401 -4.824187 2.047244,
3.117480 -7.181895 2.047244,
3.126401 -7.824187 2.047244,
3.126401 -7.175813 2.047244,
0.126401 -4.175813 2.047244,
3.135008 -7.169294 2.047244,
3.135008 -7.830706 2.047244,
3.143278 -7.837646 2.047244,
0.135008 -4.169294 2.047244,
0.135008 -4.830706 2.047244,
0.143278 -4.162354 2.047244,
0.143278 -4.837646 2.047244,
3.143278 -7.162354 2.047244,
0.151193 -4.155011 2.047244,
0.151193 -4.844989 2.047244,
0.158732 -4.852719 2.047244,
3.151193 -7.155011 2.047244,
3.151193 -7.844989 2.047244,
3.158732 -7.147281 2.047244,
3.158732 -7.852719 2.047244,
0.158732 -4.147281 2.047244,
0.165876 -4.139186 2.047244,
0.165876 -4.860814 2.047244,
3.165876 -7.139186 2.047244,
3.165876 -7.860814 2.047244,
3.172607 -7.869255 2.047244,
3.172607 -7.130745 2.047244,
3.178910 -7.878021 2.047244,
0.172607 -4.130745 2.047244,
0.172607 -4.869255 2.047244,
0.178910 -4.121979 2.047244,
0.178910 -4.878021 2.047244,
3.178910 -7.121979 2.047244,
3.184768 -7.112909 2.047244,
3.184768 -7.887091 2.047244,
0.184768 -4.112909 2.047244,
0.184768 -4.887091 2.047244,
0.190166 -4.896441 2.047244,
0.190166 -4.103559 2.047244,
3.190166 -7.103559 2.047244,
3.190166 -7.896441 2.047244,
3.195092 -7.093951 2.047244,
3.195092 -7.906049 2.047244,
0.195092 -4.093951 2.047244,
0.195092 -4.906049 2.047244,
0.199532 -4.084110 2.047244,
0.199532 -4.915890 2.047244,
3.199532 -7.084110 2.047244,
3.199532 -7.915890 2.047244,
3.203477 -7.925941 2.047244,
3.203477 -7.074059 2.047244,
3.206915 -7.936175 2.047244,
0.203477 -4.074059 2.047244,
0.203477 -4.925941 2.047244,
0.206915 -4.063825 2.047244,
0.206915 -4.936175 2.047244,
3.206915 -7.063825 2.047244,
3.209840 -7.946568 2.047244,
3.209840 -7.053432 2.047244,
3.212242 -7.042906 2.047244,
3.212242 -7.957094 2.047244,
3.214117 -7.967727 2.047244,
3.214117 -7.032273 2.047244,
3.215459 -7.021560 2.047244,
3.215459 -7.978440 2.047244,
3.216266 -7.010793 2.047244,
3.216266 -7.989207 2.047244,
2.841268 -6.147281 2.047244,
2.841268 -6.852719 2.047244,
2.848807 -6.844989 2.047244,
2.834124 -6.860814 2.047244,
2.848807 -6.155011 2.047244,
-0.158732 -3.147281 2.047244,
-0.151193 -3.844989 2.047244,
-0.151193 -3.155011 2.047244,
-0.158732 -3.852719 2.047244,
-0.143278 -3.162354 2.047244,
-0.143278 -3.837646 2.047244,
-0.135008 -3.830706 2.047244,
2.856722 -6.162354 2.047244,
2.856722 -6.837646 2.047244,
2.834124 -6.139186 2.047244,
-0.165876 -3.139186 2.047244,
-0.165876 -3.860814 2.047244,
2.864992 -6.169294 2.047244,
2.864992 -6.830706 2.047244,
-0.135008 -3.169294 2.047244,
2.827393 -6.130745 2.047244,
2.827393 -6.869255 2.047244,
2.821090 -6.878021 2.047244,
-0.172607 -3.130745 2.047244,
-0.172607 -3.869255 2.047244,
2.873599 -6.175813 2.047244,
2.873599 -6.824187 2.047244,
-0.126401 -3.175813 2.047244,
-0.126401 -3.824187 2.047244,
-0.117480 -3.818105 2.047244,
2.821090 -6.121979 2.047244,
-0.178910 -3.121979 2.047244,
-0.178910 -3.878021 2.047244,
-0.117480 -3.181895 2.047244,
2.882520 -6.181895 2.047244,
2.882520 -6.818105 2.047244,
2.891732 -6.812475 2.047244,
2.815232 -6.112909 2.047244,
2.815232 -6.887091 2.047244,
2.809834 -6.896441 2.047244,
-0.184768 -3.112909 2.047244,
-0.184768 -3.887091 2.047244,
2.891732 -6.187525 2.047244,
-0.108268 -3.187525 2.047244,
-0.108268 -3.812475 2.047244,
-0.190166 -3.103559 2.047244,
-0.190166 -3.896441 2.047244,
2.809834 -6.103559 2.047244,
2.804908 -6.906049 2.047244,
2.901214 -6.192689 2.047244,
2.901214 -6.807311 2.047244,
-0.098786 -3.192689 2.047244,
-0.098786 -3.807311 2.047244,
2.804908 -6.093951 2.047244,
2.800468 -6.915890 2.047244,
-0.195092 -3.093951 2.047244,
-0.195092 -3.906049 2.047244,
-0.199532 -3.915890 2.047244,
2.910942 -6.197373 2.047244,
2.910942 -6.802627 2.047244,
-0.089058 -3.197373 2.047244,
-0.089058 -3.802627 2.047244,
2.800468 -6.084110 2.047244,
2.796523 -6.925941 2.047244,
-0.199532 -3.084110 2.047244,
2.920891 -6.201567 2.047244,
2.920891 -6.798433 2.047244,
-0.079109 -3.201567 2.047244,
-0.079109 -3.798433 2.047244,
-0.203477 -3.074059 2.047244,
-0.203477 -3.925941 2.047244,
2.796523 -6.074059 2.047244,
-0.068964 -3.205260 2.047244,
-0.068964 -3.794740 2.047244,
-0.058647 -3.791558 2.047244,
2.931036 -6.205260 2.047244,
2.931036 -6.794740 2.047244,
2.793085 -6.063825 2.047244,
2.793085 -6.936175 2.047244,
-0.206915 -3.063825 2.047244,
-0.206915 -3.936175 2.047244,
2.941353 -6.208442 2.047244,
2.941353 -6.791558 2.047244,
-0.058647 -3.208442 2.047244,
-0.209840 -3.053432 2.047244,
-0.209840 -3.946568 2.047244,
2.951816 -6.211106 2.047244,
2.951816 -6.788894 2.047244,
-0.048184 -3.211106 2.047244,
-0.048184 -3.788894 2.047244,
-0.212242 -3.042906 2.047244,
-0.212242 -3.957094 2.047244,
2.962399 -6.213246 2.047244,
2.962399 -6.786754 2.047244,
-0.037601 -3.213246 2.047244,
-0.037601 -3.786754 2.047244,
-0.026925 -3.785145 2.047244,
-0.214117 -3.032273 2.047244,
-0.214117 -3.967727 2.047244,
-0.026925 -3.214855 2.047244,
2.973075 -6.214855 2.047244,
2.973075 -6.785145 2.047244,
-0.215459 -3.021560 2.047244,
-0.215459 -3.978440 2.047244,
-0.016182 -3.215930 2.047244,
-0.016182 -3.784070 2.047244,
2.983818 -6.215930 2.047244,
2.983818 -6.784070 2.047244,
-0.216266 -3.010793 2.047244,
-0.216266 -3.989207 2.047244,
-0.005398 -3.216468 2.047244,
-0.005398 -3.783532 2.047244,
0.005398 -3.783532 2.047244,
2.994602 -6.216468 2.047244,
2.994602 -6.783532 2.047244,
3.005398 -6.783532 2.047244,
3.005398 -6.216468 2.047244,
3.016182 -6.784070 2.047244,
0.005398 -3.216468 2.047244,
3.016182 -6.215930 2.047244,
0.016182 -3.215930 2.047244,
0.016182 -3.784070 2.047244,
3.026925 -6.214855 2.047244,
3.026925 -6.785145 2.047244,
0.026925 -3.214855 2.047244,
0.026925 -3.785145 2.047244,
0.037601 -3.213246 2.047244,
0.037601 -3.786754 2.047244,
0.048184 -3.788894 2.047244,
3.037601 -6.213246 2.047244,
3.037601 -6.786754 2.047244,
3.048184 -6.788894 2.047244,
3.048184 -6.211106 2.047244,
0.048184 -3.211106 2.047244,
0.058647 -3.791558 2.047244,
0.058647 -3.208442 2.047244,
3.058647 -6.208442 2.047244,
3.058647 -6.791558 2.047244,
3.068964 -6.794740 2.047244,
3.068964 -6.205260 2.047244,
0.068964 -3.205260 2.047244,
0.068964 -3.794740 2.047244,
0.079109 -3.798433 2.047244,
3.079109 -6.201567 2.047244,
3.079109 -6.798433 2.047244,
3.089058 -6.802627 2.047244,
0.079109 -3.201567 2.047244,
3.089058 -6.197373 2.047244,
0.089058 -3.197373 2.047244,
0.089058 -3.802627 2.047244,
0.098786 -3.807311 2.047244,
3.098786 -6.192689 2.047244,
3.098786 -6.807311 2.047244,
0.098786 -3.192689 2.047244,
3.108268 -6.187525 2.047244,
3.108268 -6.812475 2.047244,
0.108268 -3.187525 2.047244,
0.108268 -3.812475 2.047244,
0.117480 -3.818105 2.047244,
0.117480 -3.181895 2.047244,
3.117480 -6.181895 2.047244,
3.117480 -6.818105 2.047244,
3.126401 -6.175813 2.047244,
3.126401 -6.824187 2.047244,
0.126401 -3.175813 2.047244,
0.126401 -3.824187 2.047244,
3.135008 -6.169294 2.047244,
3.135008 -6.830706 2.047244,
0.135008 -3.169294 2.047244,
0.135008 -3.830706 2.047244,
0.143278 -3.162354 2.047244,
0.143278 -3.837646 2.047244,
3.143278 -6.162354 2.047244,
3.143278 -6.837646 2.047244,
0.151193 -3.155011 2.047244,
0.151193 -3.844989 2.047244,
3.151193 -6.155011 2.047244,
3.151193 -6.844989 2.047244,
3.158732 -6.147281 2.047244,
3.158732 -6.852719 2.047244,
3.165876 -6.860814 2.047244,
0.158732 -3.147281 2.047244,
0.158732 -3.852719 2.047244,
0.165876 -3.139186 2.047244,
0.165876 -3.860814 2.047244,
3.165876 -6.139186 2.047244,
3.172607 -6.130745 2.047244,
3.172607 -6.869255 2.047244,
3.178910 -6.878021 2.047244,
0.172607 -3.130745 2.047244,
0.172607 -3.869255 2.047244,
0.178910 -3.878021 2.047244,
0.178910 -3.121979 2.047244,
3.178910 -6.121979 2.047244,
3.184768 -6.112909 2.047244,
3.184768 -6.887091 2.047244,
0.184768 -3.112909 2.047244,
0.184768 -3.887091 2.047244,
0.190166 -3.896441 2.047244,
0.190166 -3.103559 2.047244,
3.190166 -6.103559 2.047244,
3.190166 -6.896441 2.047244,
3.195092 -6.093951 2.047244,
3.195092 -6.906049 2.047244,
0.195092 -3.093951 2.047244,
0.195092 -3.906049 2.047244,
0.199532 -3.915890 2.047244,
0.199532 -3.084110 2.047244,
3.199532 -6.084110 2.047244,
3.199532 -6.915890 2.047244,
3.203477 -6.925941 2.047244,
3.203477 -6.074059 2.047244,
3.206915 -6.936175 2.047244,
0.203477 -3.074059 2.047244,
0.203477 -3.925941 2.047244,
0.206915 -3.063825 2.047244,
0.206915 -3.936175 2.047244,
3.206915 -6.063825 2.047244,
3.209840 -6.053432 2.047244,
3.209840 -6.946568 2.047244,
3.212242 -6.042906 2.047244,
3.212242 -6.957094 2.047244,
3.214117 -6.967727 2.047244,
3.214117 -6.032273 2.047244,
3.215459 -6.021560 2.047244,
3.215459 -6.978440 2.047244,
3.216266 -6.010793 2.047244,
3.216266 -6.989207 2.047244,
-0.158732 -2.147281 2.047244,
-0.151193 -2.844989 2.047244,
-0.151193 -2.155011 2.047244,
-0.158732 -2.852719 2.047244,
-0.165876 -2.860814 2.047244,
2.841268 -5.147281 2.047244,
2.848807 -5.844989 2.047244,
2.848807 -5.155011 2.047244,
2.841268 -5.852719 2.047244,
2.834124 -5.860814 2.047244,
2.856722 -5.162354 2.047244,
2.856722 -5.837646 2.047244,
-0.143278 -2.162354 2.047244,
-0.143278 -2.837646 2.047244,
-0.135008 -2.830706 2.047244,
2.834124 -5.139186 2.047244,
-0.165876 -2.139186 2.047244,
2.864992 -5.169294 2.047244,
2.864992 -5.830706 2.047244,
-0.135008 -2.169294 2.047244,
-0.172607 -2.130745 2.047244,
-0.172607 -2.869255 2.047244,
2.827393 -5.130745 2.047244,
2.827393 -5.869255 2.047244,
2.873599 -5.175813 2.047244,
2.873599 -5.824187 2.047244,
-0.126401 -2.175813 2.047244,
-0.126401 -2.824187 2.047244,
-0.178910 -2.121979 2.047244,
-0.178910 -2.878021 2.047244,
2.821090 -5.121979 2.047244,
2.821090 -5.878021 2.047244,
2.815232 -5.887091 2.047244,
2.882520 -5.181895 2.047244,
2.882520 -5.818105 2.047244,
2.891732 -5.812475 2.047244,
-0.117480 -2.181895 2.047244,
-0.117480 -2.818105 2.047244,
-0.108268 -2.812475 2.047244,
-0.184768 -2.112909 2.047244,
-0.184768 -2.887091 2.047244,
2.815232 -5.112909 2.047244,
2.891732 -5.187525 2.047244,
2.901214 -5.807311 2.047244,
-0.108268 -2.187525 2.047244,
2.809834 -5.103559 2.047244,
2.809834 -5.896441 2.047244,
2.804908 -5.906049 2.047244,
-0.190166 -2.103559 2.047244,
-0.190166 -2.896441 2.047244,
-0.098786 -2.192689 2.047244,
-0.098786 -2.807311 2.047244,
2.901214 -5.192689 2.047244,
2.910942 -5.802627 2.047244,
2.804908 -5.093951 2.047244,
-0.195092 -2.093951 2.047244,
-0.195092 -2.906049 2.047244,
-0.089058 -2.197373 2.047244,
-0.089058 -2.802627 2.047244,
2.910942 -5.197373 2.047244,
2.800468 -5.084110 2.047244,
2.800468 -5.915890 2.047244,
-0.199532 -2.084110 2.047244,
-0.199532 -2.915890 2.047244,
-0.079109 -2.201567 2.047244,
-0.079109 -2.798433 2.047244,
2.920891 -5.201567 2.047244,
2.920891 -5.798433 2.047244,
-0.203477 -2.074059 2.047244,
-0.203477 -2.925941 2.047244,
2.796523 -5.074059 2.047244,
2.796523 -5.925941 2.047244,
2.931036 -5.205260 2.047244,
2.931036 -5.794740 2.047244,
-0.068964 -2.205260 2.047244,
-0.068964 -2.794740 2.047244,
2.793085 -5.063825 2.047244,
2.793085 -5.936175 2.047244,
-0.206915 -2.063825 2.047244,
-0.206915 -2.936175 2.047244,
2.941353 -5.208442 2.047244,
2.941353 -5.791558 2.047244,
-0.058647 -2.208442 2.047244,
-0.058647 -2.791558 2.047244,
-0.209840 -2.053432 2.047244,
-0.209840 -2.946568 2.047244,
-0.212242 -2.957094 2.047244,
-0.048184 -2.211106 2.047244,
-0.048184 -2.788894 2.047244,
2.951816 -5.211106 2.047244,
2.951816 -5.788894 2.047244,
2.962399 -5.786754 2.047244,
-0.212242 -2.042906 2.047244,
-0.037601 -2.213246 2.047244,
-0.037601 -2.786754 2.047244,
2.962399 -5.213246 2.047244,
-0.214117 -2.032273 2.047244,
-0.214117 -2.967727 2.047244,
2.973075 -5.214855 2.047244,
2.973075 -5.785145 2.047244,
-0.026925 -2.214855 2.047244,
-0.026925 -2.785145 2.047244,
-0.016182 -2.784070 2.047244,
-0.215459 -2.021560 2.047244,
-0.215459 -2.978440 2.047244,
-0.216266 -2.989207 2.047244,
-0.016182 -2.215930 2.047244,
-0.005398 -2.783532 2.047244,
2.983818 -5.215930 2.047244,
2.983818 -5.784070 2.047244,
-0.216266 -2.010793 2.047244,
2.994602 -5.216468 2.047244,
2.994602 -5.783532 2.047244,
3.005398 -5.783532 2.047244,
-0.005398 -2.216468 2.047244,
3.005398 -5.216468 2.047244,
3.016182 -5.784070 2.047244,
0.005398 -2.216468 2.047244,
0.005398 -2.783532 2.047244,
3.016182 -5.215930 2.047244,
0.016182 -2.215930 2.047244,
0.016182 -2.784070 2.047244,
3.026925 -5.214855 2.047244,
3.026925 -5.785145 2.047244,
3.037601 -5.786754 2.047244,
0.026925 -2.214855 2.047244,
0.026925 -2.785145 2.047244,
3.037601 -5.213246 2.047244,
3.048184 -5.788894 2.047244,
0.037601 -2.213246 2.047244,
0.037601 -2.786754 2.047244,
0.048184 -2.211106 2.047244,
0.048184 -2.788894 2.047244,
0.058647 -2.791558 2.047244,
3.048184 -5.211106 2.047244,
3.058647 -5.208442 2.047244,
3.058647 -5.791558 2.047244,
3.068964 -5.794740 2.047244,
0.058647 -2.208442 2.047244,
0.068964 -2.794740 2.047244,
0.068964 -2.205260 2.047244,
3.068964 -5.205260 2.047244,
3.079109 -5.798433 2.047244,
3.079109 -5.201567 2.047244,
0.079109 -2.201567 2.047244,
0.079109 -2.798433 2.047244,
0.089058 -2.802627 2.047244,
3.089058 -5.197373 2.047244,
3.089058 -5.802627 2.047244,
0.089058 -2.197373 2.047244,
3.098786 -5.192689 2.047244,
3.098786 -5.807311 2.047244,
0.098786 -2.192689 2.047244,
0.098786 -2.807311 2.047244,
0.108268 -2.187525 2.047244,
0.108268 -2.812475 2.047244,
3.108268 -5.187525 2.047244,
3.108268 -5.812475 2.047244,
3.117480 -5.818105 2.047244,
3.117480 -5.181895 2.047244,
0.117480 -2.181895 2.047244,
0.117480 -2.818105 2.047244,
0.126401 -2.824187 2.047244,
3.126401 -5.175813 2.047244,
3.126401 -5.824187 2.047244,
0.126401 -2.175813 2.047244,
3.135008 -5.169294 2.047244,
3.135008 -5.830706 2.047244,
0.135008 -2.169294 2.047244,
0.135008 -2.830706 2.047244,
3.143278 -5.162354 2.047244,
3.143278 -5.837646 2.047244,
0.143278 -2.162354 2.047244,
0.143278 -2.837646 2.047244,
0.151193 -2.155011 2.047244,
0.151193 -2.844989 2.047244,
3.151193 -5.155011 2.047244,
3.151193 -5.844989 2.047244,
0.158732 -2.147281 2.047244,
0.158732 -2.852719 2.047244,
3.158732 -5.147281 2.047244,
3.158732 -5.852719 2.047244,
3.165876 -5.860814 2.047244,
0.165876 -2.139186 2.047244,
0.165876 -2.860814 2.047244,
3.165876 -5.139186 2.047244,
3.172607 -5.130745 2.047244,
3.172607 -5.869255 2.047244,
3.178910 -5.878021 2.047244,
0.172607 -2.130745 2.047244,
0.172607 -2.869255 2.047244,
3.178910 -5.121979 2.047244,
0.178910 -2.121979 2.047244,
0.178910 -2.878021 2.047244,
0.184768 -2.112909 2.047244,
0.184768 -2.887091 2.047244,
0.190166 -2.896441 2.047244,
3.184768 -5.112909 2.047244,
3.184768 -5.887091 2.047244,
3.190166 -5.896441 2.047244,
0.190166 -2.103559 2.047244,
3.190166 -5.103559 2.047244,
3.195092 -5.906049 2.047244,
3.195092 -5.093951 2.047244,
0.195092 -2.093951 2.047244,
0.195092 -2.906049 2.047244,
0.199532 -2.915890 2.047244,
0.199532 -2.084110 2.047244,
3.199532 -5.084110 2.047244,
3.199532 -5.915890 2.047244,
3.203477 -5.925941 2.047244,
3.203477 -5.074059 2.047244,
0.203477 -2.074059 2.047244,
0.203477 -2.925941 2.047244,
0.206915 -2.063825 2.047244,
0.206915 -2.936175 2.047244,
3.206915 -5.063825 2.047244,
3.206915 -5.936175 2.047244,
3.209840 -5.053432 2.047244,
3.209840 -5.946568 2.047244,
3.212242 -5.042906 2.047244,
3.212242 -5.957094 2.047244,
3.214117 -5.032273 2.047244,
3.214117 -5.967727 2.047244,
3.215459 -5.021560 2.047244,
3.215459 -5.978440 2.047244,
3.216266 -5.010793 2.047244,
3.216266 -5.989207 2.047244,
-0.158732 -1.147281 2.047244,
-0.151193 -1.844989 2.047244,
-0.151193 -1.155011 2.047244,
-0.158732 -1.852719 2.047244,
-0.165876 -1.860814 2.047244,
2.841268 -4.147281 2.047244,
2.841268 -4.852719 2.047244,
2.848807 -4.844989 2.047244,
2.834124 -4.860814 2.047244,
2.848807 -4.155011 2.047244,
2.856722 -4.162354 2.047244,
2.856722 -4.837646 2.047244,
-0.143278 -1.162354 2.047244,
-0.143278 -1.837646 2.047244,
-0.165876 -1.139186 2.047244,
2.834124 -4.139186 2.047244,
2.827393 -4.869255 2.047244,
2.864992 -4.169294 2.047244,
2.864992 -4.830706 2.047244,
-0.135008 -1.169294 2.047244,
-0.135008 -1.830706 2.047244,
-0.126401 -1.824187 2.047244,
-0.172607 -1.130745 2.047244,
-0.172607 -1.869255 2.047244,
2.827393 -4.130745 2.047244,
-0.126401 -1.175813 2.047244,
-0.117480 -1.818105 2.047244,
2.873599 -4.175813 2.047244,
2.873599 -4.824187 2.047244,
-0.178910 -1.121979 2.047244,
-0.178910 -1.878021 2.047244,
2.821090 -4.121979 2.047244,
2.821090 -4.878021 2.047244,
2.882520 -4.181895 2.047244,
2.882520 -4.818105 2.047244,
-0.117480 -1.181895 2.047244,
-0.184768 -1.112909 2.047244,
-0.184768 -1.887091 2.047244,
2.815232 -4.112909 2.047244,
2.815232 -4.887091 2.047244,
2.809834 -4.896441 2.047244,
-0.108268 -1.187525 2.047244,
-0.108268 -1.812475 2.047244,
2.891732 -4.187525 2.047244,
2.891732 -4.812475 2.047244,
2.901214 -4.807311 2.047244,
2.809834 -4.103559 2.047244,
-0.190166 -1.103559 2.047244,
-0.190166 -1.896441 2.047244,
-0.195092 -1.906049 2.047244,
-0.098786 -1.192689 2.047244,
-0.098786 -1.807311 2.047244,
2.901214 -4.192689 2.047244,
-0.195092 -1.093951 2.047244,
2.804908 -4.093951 2.047244,
2.804908 -4.906049 2.047244,
2.800468 -4.915890 2.047244,
-0.089058 -1.197373 2.047244,
-0.089058 -1.802627 2.047244,
2.910942 -4.197373 2.047244,
2.910942 -4.802627 2.047244,
2.800468 -4.084110 2.047244,
2.796523 -4.925941 2.047244,
-0.199532 -1.084110 2.047244,
-0.199532 -1.915890 2.047244,
-0.079109 -1.201567 2.047244,
-0.079109 -1.798433 2.047244,
2.920891 -4.201567 2.047244,
2.920891 -4.798433 2.047244,
2.796523 -4.074059 2.047244,
-0.203477 -1.074059 2.047244,
-0.203477 -1.925941 2.047244,
2.931036 -4.205260 2.047244,
2.931036 -4.794740 2.047244,
-0.068964 -1.205260 2.047244,
-0.068964 -1.794740 2.047244,
-0.058647 -1.791558 2.047244,
2.793085 -4.063825 2.047244,
2.793085 -4.936175 2.047244,
-0.206915 -1.063825 2.047244,
-0.206915 -1.936175 2.047244,
-0.058647 -1.208442 2.047244,
2.941353 -4.208442 2.047244,
2.941353 -4.791558 2.047244,
-0.209840 -1.053432 2.047244,
-0.209840 -1.946568 2.047244,
-0.048184 -1.211106 2.047244,
-0.048184 -1.788894 2.047244,
2.951816 -4.211106 2.047244,
2.951816 -4.788894 2.047244,
-0.212242 -1.042906 2.047244,
-0.212242 -1.957094 2.047244,
-0.037601 -1.213246 2.047244,
-0.037601 -1.786754 2.047244,
2.962399 -4.213246 2.047244,
2.962399 -4.786754 2.047244,
2.973075 -4.785145 2.047244,
-0.214117 -1.032273 2.047244,
-0.214117 -1.967727 2.047244,
-0.215459 -1.978440 2.047244,
2.973075 -4.214855 2.047244,
-0.026925 -1.214855 2.047244,
-0.026925 -1.785145 2.047244,
-0.215459 -1.021560 2.047244,
-0.016182 -1.215930 2.047244,
-0.016182 -1.784070 2.047244,
2.983818 -4.215930 2.047244,
2.983818 -4.784070 2.047244,
-0.216266 -1.010793 2.047244,
-0.216266 -1.989207 2.047244,
2.994602 -4.216468 2.047244,
2.994602 -4.783532 2.047244,
3.005398 -4.783532 2.047244,
-0.005398 -1.216468 2.047244,
-0.005398 -1.783532 2.047244,
0.005398 -1.216468 2.047244,
0.005398 -1.783532 2.047244,
3.005398 -4.216468 2.047244,
0.016182 -1.215930 2.047244,
0.016182 -1.784070 2.047244,
3.016182 -4.215930 2.047244,
3.016182 -4.784070 2.047244,
0.026925 -1.214855 2.047244,
0.026925 -1.785145 2.047244,
3.026925 -4.214855 2.047244,
3.026925 -4.785145 2.047244,
3.037601 -4.786754 2.047244,
0.037601 -1.213246 2.047244,
0.037601 -1.786754 2.047244,
3.037601 -4.213246 2.047244,
3.048184 -4.788894 2.047244,
0.048184 -1.211106 2.047244,
0.048184 -1.788894 2.047244,
0.058647 -1.791558 2.047244,
3.048184 -4.211106 2.047244,
3.058647 -4.208442 2.047244,
3.058647 -4.791558 2.047244,
3.068964 -4.794740 2.047244,
0.058647 -1.208442 2.047244,
0.068964 -1.205260 2.047244,
0.068964 -1.794740 2.047244,
0.079109 -1.798433 2.047244,
3.068964 -4.205260 2.047244,
3.079109 -4.201567 2.047244,
3.079109 -4.798433 2.047244,
3.089058 -4.802627 2.047244,
0.079109 -1.201567 2.047244,
0.089058 -1.197373 2.047244,
0.089058 -1.802627 2.047244,
0.098786 -1.807311 2.047244,
3.089058 -4.197373 2.047244,
3.098786 -4.192689 2.047244,
3.098786 -4.807311 2.047244,
0.098786 -1.192689 2.047244,
0.108268 -1.812475 2.047244,
0.108268 -1.187525 2.047244,
0.117480 -1.818105 2.047244,
3.108268 -4.187525 2.047244,
3.108268 -4.812475 2.047244,
3.117480 -4.181895 2.047244,
3.117480 -4.818105 2.047244,
3.126401 -4.824187 2.047244,
0.117480 -1.181895 2.047244,
0.126401 -1.175813 2.047244,
0.126401 -1.824187 2.047244,
3.126401 -4.175813 2.047244,
0.135008 -1.169294 2.047244,
0.135008 -1.830706 2.047244,
3.135008 -4.169294 2.047244,
3.135008 -4.830706 2.047244,
3.143278 -4.162354 2.047244,
3.143278 -4.837646 2.047244,
3.151193 -4.844989 2.047244,
0.143278 -1.162354 2.047244,
0.143278 -1.837646 2.047244,
0.151193 -1.155011 2.047244,
0.151193 -1.844989 2.047244,
3.151193 -4.155011 2.047244,
0.158732 -1.147281 2.047244,
0.158732 -1.852719 2.047244,
3.158732 -4.147281 2.047244,
3.158732 -4.852719 2.047244,
3.165876 -4.860814 2.047244,
0.165876 -1.139186 2.047244,
0.165876 -1.860814 2.047244,
3.165876 -4.139186 2.047244,
0.172607 -1.130745 2.047244,
0.172607 -1.869255 2.047244,
0.178910 -1.878021 2.047244,
3.172607 -4.130745 2.047244,
3.172607 -4.869255 2.047244,
3.178910 -4.878021 2.047244,
0.178910 -1.121979 2.047244,
3.178910 -4.121979 2.047244,
0.184768 -1.112909 2.047244,
0.184768 -1.887091 2.047244,
0.190166 -1.896441 2.047244,
3.184768 -4.112909 2.047244,
3.184768 -4.887091 2.047244,
0.190166 -1.103559 2.047244,
3.190166 -4.103559 2.047244,
3.190166 -4.896441 2.047244,
0.195092 -1.093951 2.047244,
0.195092 -1.906049 2.047244,
0.199532 -1.915890 2.047244,
3.195092 -4.093951 2.047244,
3.195092 -4.906049 2.047244,
0.199532 -1.084110 2.047244,
3.199532 -4.084110 2.047244,
3.199532 -4.915890 2.047244,
3.203477 -4.925941 2.047244,
0.203477 -1.074059 2.047244,
0.203477 -1.925941 2.047244,
3.203477 -4.074059 2.047244,
3.206915 -4.936175 2.047244,
0.206915 -1.063825 2.047244,
0.206915 -1.936175 2.047244,
3.206915 -4.063825 2.047244,
3.209840 -4.053432 2.047244,
3.209840 -4.946568 2.047244,
3.212242 -4.042906 2.047244,
3.212242 -4.957094 2.047244,
3.214117 -4.967727 2.047244,
3.214117 -4.032273 2.047244,
3.215459 -4.021560 2.047244,
3.215459 -4.978440 2.047244,
3.216266 -4.010793 2.047244,
3.216266 -4.989207 2.047244,
-0.158732 -0.147281 2.047244,
-0.158732 -0.852719 2.047244,
-0.151193 -0.844989 2.047244,
-0.165876 -0.860814 2.047244,
-0.151193 -0.155011 2.047244,
2.841268 -3.147281 2.047244,
2.841268 -3.852719 2.047244,
2.848807 -3.844989 2.047244,
2.848807 -3.155011 2.047244,
2.856722 -3.162354 2.047244,
2.856722 -3.837646 2.047244,
-0.143278 -0.162354 2.047244,
-0.143278 -0.837646 2.047244,
-0.165876 -0.139186 2.047244,
2.834124 -3.139186 2.047244,
2.834124 -3.860814 2.047244,
2.827393 -3.869255 2.047244,
-0.135008 -0.169294 2.047244,
-0.135008 -0.830706 2.047244,
-0.126401 -0.824187 2.047244,
2.864992 -3.169294 2.047244,
2.864992 -3.830706 2.047244,
-0.172607 -0.130745 2.047244,
-0.172607 -0.869255 2.047244,
2.827393 -3.130745 2.047244,
2.821090 -3.878021 2.047244,
2.873599 -3.175813 2.047244,
2.873599 -3.824187 2.047244,
-0.126401 -0.175813 2.047244,
-0.178910 -0.121979 2.047244,
-0.178910 -0.878021 2.047244,
2.821090 -3.121979 2.047244,
-0.117480 -0.181895 2.047244,
-0.117480 -0.818105 2.047244,
2.882520 -3.181895 2.047244,
2.882520 -3.818105 2.047244,
2.815232 -3.112909 2.047244,
2.815232 -3.887091 2.047244,
2.809834 -3.896441 2.047244,
-0.184768 -0.112909 2.047244,
-0.184768 -0.887091 2.047244,
2.891732 -3.187525 2.047244,
2.891732 -3.812475 2.047244,
-0.108268 -0.187525 2.047244,
-0.108268 -0.812475 2.047244,
2.809834 -3.103559 2.047244,
-0.190166 -0.103559 2.047244,
-0.190166 -0.896441 2.047244,
-0.098786 -0.192689 2.047244,
-0.098786 -0.807311 2.047244,
2.901214 -3.192689 2.047244,
2.901214 -3.807311 2.047244,
2.804908 -3.093951 2.047244,
2.804908 -3.906049 2.047244,
2.800468 -3.915890 2.047244,
-0.195092 -0.093951 2.047244,
-0.195092 -0.906049 2.047244,
-0.199532 -0.915890 2.047244,
2.910942 -3.197373 2.047244,
2.910942 -3.802627 2.047244,
-0.089058 -0.197373 2.047244,
-0.089058 -0.802627 2.047244,
-0.079109 -0.798433 2.047244,
-0.199532 -0.084110 2.047244,
2.800468 -3.084110 2.047244,
2.796523 -3.925941 2.047244,
-0.079109 -0.201567 2.047244,
2.920891 -3.201567 2.047244,
2.920891 -3.798433 2.047244,
-0.203477 -0.074059 2.047244,
-0.203477 -0.925941 2.047244,
2.796523 -3.074059 2.047244,
-0.068964 -0.205260 2.047244,
-0.068964 -0.794740 2.047244,
-0.058647 -0.791558 2.047244,
2.931036 -3.205260 2.047244,
2.931036 -3.794740 2.047244,
-0.206915 -0.063825 2.047244,
-0.206915 -0.936175 2.047244,
2.793085 -3.063825 2.047244,
2.793085 -3.936175 2.047244,
2.941353 -3.208442 2.047244,
2.941353 -3.791558 2.047244,
-0.058647 -0.208442 2.047244,
-0.048184 -0.211106 2.047244,
-0.048184 -0.788894 2.047244,
-0.037601 -0.786754 2.047244,
2.951816 -3.211106 2.047244,
2.951816 -3.788894 2.047244,
-0.037601 -0.213246 2.047244,
2.962399 -3.213246 2.047244,
2.962399 -3.786754 2.047244,
2.973075 -3.785145 2.047244,
2.973075 -3.214855 2.047244,
-0.026925 -0.214855 2.047244,
-0.026925 -0.785145 2.047244,
2.983818 -3.215930 2.047244,
2.983818 -3.784070 2.047244,
-0.016182 -0.215930 2.047244,
-0.016182 -0.784070 2.047244,
-0.005398 -0.216468 2.047244,
-0.005398 -0.783532 2.047244,
2.994602 -3.216468 2.047244,
2.994602 -3.783532 2.047244,
3.005398 -3.783532 2.047244,
3.005398 -3.216468 2.047244,
3.016182 -3.784070 2.047244,
0.005398 -0.216468 2.047244,
0.005398 -0.783532 2.047244,
0.016182 -0.784070 2.047244,
3.016182 -3.215930 2.047244,
0.016182 -0.215930 2.047244,
3.026925 -3.214855 2.047244,
3.026925 -3.785145 2.047244,
3.037601 -3.786754 2.047244,
0.026925 -0.214855 2.047244,
0.026925 -0.785145 2.047244,
0.037601 -0.213246 2.047244,
0.037601 -0.786754 2.047244,
3.037601 -3.213246 2.047244,
3.048184 -3.788894 2.047244,
3.048184 -3.211106 2.047244,
0.048184 -0.211106 2.047244,
0.048184 -0.788894 2.047244,
0.058647 -0.791558 2.047244,
3.058647 -3.208442 2.047244,
3.058647 -3.791558 2.047244,
0.058647 -0.208442 2.047244,
0.068964 -0.205260 2.047244,
0.068964 -0.794740 2.047244,
0.079109 -0.798433 2.047244,
3.068964 -3.205260 2.047244,
3.068964 -3.794740 2.047244,
0.079109 -0.201567 2.047244,
3.079109 -3.201567 2.047244,
3.079109 -3.798433 2.047244,
3.089058 -3.802627 2.047244,
0.089058 -0.197373 2.047244,
0.089058 -0.802627 2.047244,
3.089058 -3.197373 2.047244,
0.098786 -0.192689 2.047244,
0.098786 -0.807311 2.047244,
3.098786 -3.192689 2.047244,
3.098786 -3.807311 2.047244,
0.108268 -0.187525 2.047244,
0.108268 -0.812475 2.047244,
3.108268 -3.187525 2.047244,
3.108268 -3.812475 2.047244,
3.117480 -3.181895 2.047244,
3.117480 -3.818105 2.047244,
3.126401 -3.824187 2.047244,
0.117480 -0.181895 2.047244,
0.117480 -0.818105 2.047244,
3.126401 -3.175813 2.047244,
0.126401 -0.175813 2.047244,
0.126401 -0.824187 2.047244,
3.135008 -3.169294 2.047244,
3.135008 -3.830706 2.047244,
3.143278 -3.837646 2.047244,
3.143278 -3.162354 2.047244,
3.151193 -3.155011 2.047244,
3.151193 -3.844989 2.047244,
-0.216535 -2.000000 2.047244,
-0.209840 -0.946568 2.047244,
-0.212242 -0.957094 2.047244,
-0.214117 -0.967727 2.047244,
-0.215459 -0.978440 2.047244,
-0.216266 -0.989207 2.047244,
-0.216535 -1.000000 2.047244,
-0.165876 0.139186 2.047244,
-0.158732 0.147281 2.047244,
-0.172607 0.130745 2.047244,
-0.178910 0.121979 2.047244,
-0.184768 0.112909 2.047244,
-0.190166 0.103559 2.047244,
-0.195092 0.093951 2.047244,
-0.199532 0.084110 2.047244,
-0.203477 0.074059 2.047244,
-0.206915 0.063825 2.047244,
-0.209840 0.053432 2.047244,
-0.212242 0.042906 2.047244,
-0.214117 0.032273 2.047244,
-0.215459 0.021560 2.047244,
-0.216266 0.010793 2.047244,
-0.216535 -0.000000 2.047244,
-0.216266 -0.010793 2.047244,
-0.215459 -0.021560 2.047244,
-0.214117 -0.032273 2.047244,
-0.212242 -0.042906 2.047244,
-0.209840 -0.053432 2.047244,
-0.151193 0.155011 2.047244,
3.158732 -3.147281 2.047244,
3.158732 -3.852719 2.047244,
-0.143278 0.162354 2.047244,
3.165876 -3.139186 2.047244,
3.165876 -3.860814 2.047244,
-0.135008 0.169294 2.047244,
3.172607 -3.130745 2.047244,
3.172607 -3.869255 2.047244,
3.178910 -3.878021 2.047244,
-0.126401 0.175813 2.047244,
3.178910 -3.121979 2.047244,
-0.117480 0.181895 2.047244,
3.184768 -3.112909 2.047244,
3.184768 -3.887091 2.047244,
-0.108268 0.187525 2.047244,
3.190166 -3.103559 2.047244,
3.190166 -3.896441 2.047244,
-0.098786 0.192689 2.047244,
3.195092 -3.093951 2.047244,
3.195092 -3.906049 2.047244,
-0.089058 0.197373 2.047244,
3.199532 -3.084110 2.047244,
3.199532 -3.915890 2.047244,
3.203477 -3.925941 2.047244,
-0.079109 0.201567 2.047244,
3.203477 -3.074059 2.047244,
3.206915 -3.936175 2.047244,
-0.068964 0.205260 2.047244,
3.206915 -3.063825 2.047244,
-0.058647 0.208442 2.047244,
3.209840 -3.053432 2.047244,
3.209840 -3.946568 2.047244,
-0.048184 0.211106 2.047244,
3.212242 -3.042906 2.047244,
3.212242 -3.957094 2.047244,
3.214117 -3.967727 2.047244,
-0.037601 0.213246 2.047244,
3.214117 -3.032273 2.047244,
-0.026925 0.214855 2.047244,
3.215459 -3.021560 2.047244,
3.215459 -3.978440 2.047244,
-0.016182 0.215930 2.047244,
3.216266 -3.010793 2.047244,
3.216266 -3.989207 2.047244,
-0.005398 0.216468 2.047244,
0.005398 0.216468 2.047244,
0.016182 0.215930 2.047244,
0.026925 0.214855 2.047244,
0.037601 0.213246 2.047244,
0.048184 0.211106 2.047244,
0.058647 0.208442 2.047244,
0.068964 0.205260 2.047244,
0.079109 0.201567 2.047244,
0.433071 -0.118110 2.047244,
0.216266 0.010793 2.047244,
0.216535 -0.000000 2.047244,
0.215459 0.021560 2.047244,
0.214117 0.032273 2.047244,
0.212242 0.042906 2.047244,
0.209840 0.053432 2.047244,
0.206915 0.063825 2.047244,
0.135008 -0.169294 2.047244,
0.203477 0.074059 2.047244,
0.143278 -0.162354 2.047244,
0.199532 0.084110 2.047244,
0.151193 -0.155011 2.047244,
0.195092 0.093951 2.047244,
0.158732 -0.147281 2.047244,
0.190166 0.103559 2.047244,
0.165876 -0.139186 2.047244,
0.184768 0.112909 2.047244,
0.172607 -0.130745 2.047244,
0.178910 0.121979 2.047244,
0.178910 -0.121979 2.047244,
0.172607 0.130745 2.047244,
0.184768 -0.112909 2.047244,
0.165876 0.139186 2.047244,
0.190166 -0.103559 2.047244,
0.195092 -0.093951 2.047244,
0.199532 -0.084110 2.047244,
0.203477 -0.074059 2.047244,
0.206915 -0.063825 2.047244,
0.209840 -0.053432 2.047244,
0.212242 -0.042906 2.047244,
0.214117 -0.032273 2.047244,
0.215459 -0.021560 2.047244,
0.216266 -0.010793 2.047244,
0.214117 -0.967727 2.047244,
0.215459 -0.978440 2.047244,
0.212242 -0.957094 2.047244,
0.209840 -0.946568 2.047244,
0.206915 -0.936175 2.047244,
0.203477 -0.925941 2.047244,
0.199532 -0.915890 2.047244,
0.195092 -0.906049 2.047244,
0.190166 -0.896441 2.047244,
0.184768 -0.887091 2.047244,
0.178910 -0.878021 2.047244,
0.172607 -0.869255 2.047244,
0.165876 -0.860814 2.047244,
0.158732 -0.852719 2.047244,
0.151193 -0.844989 2.047244,
0.143278 -0.837646 2.047244,
0.135008 -0.830706 2.047244,
2.841268 -2.147281 2.047244,
2.848807 -2.844989 2.047244,
2.848807 -2.155011 2.047244,
2.841268 -2.852719 2.047244,
2.834124 -2.860814 2.047244,
2.856722 -2.162354 2.047244,
2.856722 -2.837646 2.047244,
2.834124 -2.139186 2.047244,
2.827393 -2.869255 2.047244,
2.864992 -2.169294 2.047244,
2.864992 -2.830706 2.047244,
2.827393 -2.130745 2.047244,
2.873599 -2.175813 2.047244,
2.873599 -2.824187 2.047244,
2.821090 -2.121979 2.047244,
2.821090 -2.878021 2.047244,
2.815232 -2.887091 2.047244,
2.882520 -2.181895 2.047244,
2.882520 -2.818105 2.047244,
2.815232 -2.112909 2.047244,
2.891732 -2.187525 2.047244,
2.891732 -2.812475 2.047244,
2.809834 -2.103559 2.047244,
2.809834 -2.896441 2.047244,
2.901214 -2.192689 2.047244,
2.901214 -2.807311 2.047244,
2.804908 -2.093951 2.047244,
2.804908 -2.906049 2.047244,
2.910942 -2.197373 2.047244,
2.910942 -2.802627 2.047244,
2.800468 -2.084110 2.047244,
2.800468 -2.915890 2.047244,
2.920891 -2.201567 2.047244,
2.920891 -2.798433 2.047244,
2.796523 -2.074059 2.047244,
2.796523 -2.925941 2.047244,
2.931036 -2.205260 2.047244,
2.931036 -2.794740 2.047244,
2.793085 -2.063825 2.047244,
2.793085 -2.936175 2.047244,
2.941353 -2.208442 2.047244,
2.941353 -2.791558 2.047244,
2.951816 -2.211106 2.047244,
2.951816 -2.788894 2.047244,
2.962399 -2.786754 2.047244,
2.962399 -2.213246 2.047244,
2.973075 -2.214855 2.047244,
2.973075 -2.785145 2.047244,
2.983818 -2.215930 2.047244,
2.983818 -2.784070 2.047244,
2.994602 -2.216468 2.047244,
2.994602 -2.783532 2.047244,
3.005398 -2.783532 2.047244,
3.005398 -2.216468 2.047244,
3.016182 -2.784070 2.047244,
3.016182 -2.215930 2.047244,
3.026925 -2.214855 2.047244,
3.026925 -2.785145 2.047244,
3.037601 -2.213246 2.047244,
3.037601 -2.786754 2.047244,
3.048184 -2.788894 2.047244,
3.048184 -2.211106 2.047244,
3.058647 -2.208442 2.047244,
3.058647 -2.791558 2.047244,
3.068964 -2.794740 2.047244,
3.068964 -2.205260 2.047244,
3.079109 -2.798433 2.047244,
3.079109 -2.201567 2.047244,
3.089058 -2.197373 2.047244,
3.089058 -2.802627 2.047244,
3.098786 -2.192689 2.047244,
3.098786 -2.807311 2.047244,
3.108268 -2.812475 2.047244,
3.108268 -2.187525 2.047244,
3.117480 -2.181895 2.047244,
3.117480 -2.818105 2.047244,
3.126401 -2.175813 2.047244,
3.126401 -2.824187 2.047244,
3.135008 -2.169294 2.047244,
3.135008 -2.830706 2.047244,
3.143278 -2.162354 2.047244,
3.143278 -2.837646 2.047244,
3.151193 -2.155011 2.047244,
3.151193 -2.844989 2.047244,
3.158732 -2.147281 2.047244,
3.158732 -2.852719 2.047244,
3.165876 -2.139186 2.047244,
3.165876 -2.860814 2.047244,
3.172607 -2.130745 2.047244,
3.172607 -2.869255 2.047244,
3.178910 -2.878021 2.047244,
3.178910 -2.121979 2.047244,
3.184768 -2.112909 2.047244,
3.184768 -2.887091 2.047244,
3.190166 -2.896441 2.047244,
3.190166 -2.103559 2.047244,
3.195092 -2.906049 2.047244,
3.195092 -2.093951 2.047244,
3.199532 -2.084110 2.047244,
3.199532 -2.915890 2.047244,
3.203477 -2.925941 2.047244,
3.203477 -2.074059 2.047244,
3.206915 -2.063825 2.047244,
3.206915 -2.936175 2.047244,
3.209840 -2.053432 2.047244,
3.209840 -2.946568 2.047244,
3.212242 -2.042906 2.047244,
3.212242 -2.957094 2.047244,
3.214117 -2.967727 2.047244,
3.214117 -2.032273 2.047244,
3.215459 -2.021560 2.047244,
3.215459 -2.978440 2.047244,
3.216266 -2.010793 2.047244,
3.216266 -2.989207 2.047244,
2.841268 -1.147281 2.047244,
2.848807 -1.844989 2.047244,
2.848807 -1.155011 2.047244,
2.841268 -1.852719 2.047244,
2.856722 -1.162354 2.047244,
2.856722 -1.837646 2.047244,
2.834124 -1.139186 2.047244,
2.834124 -1.860814 2.047244,
2.827393 -1.869255 2.047244,
2.864992 -1.169294 2.047244,
2.864992 -1.830706 2.047244,
2.827393 -1.130745 2.047244,
2.873599 -1.175813 2.047244,
2.873599 -1.824187 2.047244,
2.821090 -1.121979 2.047244,
2.821090 -1.878021 2.047244,
2.882520 -1.181895 2.047244,
2.882520 -1.818105 2.047244,
2.815232 -1.112909 2.047244,
2.815232 -1.887091 2.047244,
2.809834 -1.896441 2.047244,
2.891732 -1.187525 2.047244,
2.891732 -1.812475 2.047244,
2.809834 -1.103559 2.047244,
2.804908 -1.906049 2.047244,
2.901214 -1.192689 2.047244,
2.901214 -1.807311 2.047244,
2.804908 -1.093951 2.047244,
2.800468 -1.915890 2.047244,
2.910942 -1.197373 2.047244,
2.910942 -1.802627 2.047244,
2.800468 -1.084110 2.047244,
2.796523 -1.925941 2.047244,
2.920891 -1.201567 2.047244,
2.920891 -1.798433 2.047244,
2.796523 -1.074059 2.047244,
2.931036 -1.205260 2.047244,
2.931036 -1.794740 2.047244,
2.793085 -1.063825 2.047244,
2.793085 -1.936175 2.047244,
2.941353 -1.208442 2.047244,
2.941353 -1.791558 2.047244,
2.951816 -1.211106 2.047244,
2.951816 -1.788894 2.047244,
2.962399 -1.213246 2.047244,
2.962399 -1.786754 2.047244,
2.973075 -1.785145 2.047244,
2.973075 -1.214855 2.047244,
2.983818 -1.215930 2.047244,
2.983818 -1.784070 2.047244,
2.994602 -1.216468 2.047244,
2.994602 -1.783532 2.047244,
3.005398 -1.783532 2.047244,
3.005398 -1.216468 2.047244,
3.016182 -1.784070 2.047244,
3.016182 -1.215930 2.047244,
3.026925 -1.214855 2.047244,
3.026925 -1.785145 2.047244,
3.037601 -1.213246 2.047244,
3.037601 -1.786754 2.047244,
3.048184 -1.788894 2.047244,
3.048184 -1.211106 2.047244,
3.058647 -1.791558 2.047244,
3.058647 -1.208442 2.047244,
3.068964 -1.205260 2.047244,
3.068964 -1.794740 2.047244,
3.079109 -1.201567 2.047244,
3.079109 -1.798433 2.047244,
3.089058 -1.802627 2.047244,
3.089058 -1.197373 2.047244,
3.098786 -1.192689 2.047244,
3.098786 -1.807311 2.047244,
3.108268 -1.187525 2.047244,
3.108268 -1.812475 2.047244,
3.117480 -1.181895 2.047244,
3.117480 -1.818105 2.047244,
3.126401 -1.175813 2.047244,
3.126401 -1.824187 2.047244,
3.135008 -1.169294 2.047244,
3.135008 -1.830706 2.047244,
3.143278 -1.837646 2.047244,
3.143278 -1.162354 2.047244,
3.151193 -1.155011 2.047244,
3.151193 -1.844989 2.047244,
3.158732 -1.147281 2.047244,
3.158732 -1.852719 2.047244,
3.165876 -1.860814 2.047244,
3.165876 -1.139186 2.047244,
3.172607 -1.130745 2.047244,
3.172607 -1.869255 2.047244,
3.178910 -1.878021 2.047244,
3.178910 -1.121979 2.047244,
3.184768 -1.112909 2.047244,
3.184768 -1.887091 2.047244,
3.190166 -1.103559 2.047244,
3.190166 -1.896441 2.047244,
3.195092 -1.093951 2.047244,
3.195092 -1.906049 2.047244,
3.199532 -1.084110 2.047244,
3.199532 -1.915890 2.047244,
3.203477 -1.074059 2.047244,
3.203477 -1.925941 2.047244,
3.206915 -1.936175 2.047244,
3.206915 -1.063825 2.047244,
3.209840 -1.053432 2.047244,
3.209840 -1.946568 2.047244,
3.212242 -1.042906 2.047244,
3.212242 -1.957094 2.047244,
3.214117 -1.967727 2.047244,
3.214117 -1.032273 2.047244,
3.215459 -1.021560 2.047244,
3.215459 -1.978440 2.047244,
3.216266 -1.010793 2.047244,
3.216266 -1.989207 2.047244,
2.566929 -0.118110 2.047244,
2.834124 -0.860814 2.047244,
2.841268 -0.852719 2.047244,
2.827393 -0.869255 2.047244,
2.821090 -0.878021 2.047244,
2.815232 -0.887091 2.047244,
2.809834 -0.896441 2.047244,
2.804908 -0.906049 2.047244,
2.800468 -0.915890 2.047244,
2.796523 -0.925941 2.047244,
2.793085 -0.936175 2.047244,
2.790160 -0.946568 2.047244,
2.787758 -0.957094 2.047244,
2.785883 -0.967727 2.047244,
2.784541 -0.978440 2.047244,
2.864992 -0.830706 2.047244,
2.873599 -0.824187 2.047244,
2.856722 -0.837646 2.047244,
2.848807 -0.844989 2.047244,
2.841268 -0.147281 2.047244,
2.848807 -0.155011 2.047244,
2.856722 -0.162354 2.047244,
2.834124 -0.139186 2.047244,
2.864992 -0.169294 2.047244,
2.827393 -0.130745 2.047244,
2.873599 -0.175813 2.047244,
2.882520 -0.818105 2.047244,
2.821090 -0.121979 2.047244,
2.882520 -0.181895 2.047244,
2.815232 -0.112909 2.047244,
2.891732 -0.187525 2.047244,
2.891732 -0.812475 2.047244,
2.901214 -0.807311 2.047244,
2.809834 -0.103559 2.047244,
2.901214 -0.192689 2.047244,
2.804908 -0.093951 2.047244,
2.910942 -0.197373 2.047244,
2.910942 -0.802627 2.047244,
2.800468 -0.084110 2.047244,
2.920891 -0.201567 2.047244,
2.920891 -0.798433 2.047244,
2.796523 -0.074059 2.047244,
2.931036 -0.205260 2.047244,
2.931036 -0.794740 2.047244,
2.793085 -0.063825 2.047244,
2.941353 -0.208442 2.047244,
2.941353 -0.791558 2.047244,
2.790160 -0.053432 2.047244,
2.951816 -0.211106 2.047244,
2.951816 -0.788894 2.047244,
2.787758 -0.042906 2.047244,
2.962399 -0.213246 2.047244,
2.962399 -0.786754 2.047244,
2.785883 -0.032273 2.047244,
2.973075 -0.214855 2.047244,
2.973075 -0.785145 2.047244,
2.784541 -0.021560 2.047244,
2.983818 -0.215930 2.047244,
2.983818 -0.784070 2.047244,
2.783734 -0.010793 2.047244,
2.994602 -0.216468 2.047244,
2.994602 -0.783532 2.047244,
2.783465 -0.000000 2.047244,
3.005398 -0.216468 2.047244,
3.005398 -0.783532 2.047244,
3.016182 -0.784070 2.047244,
2.783734 0.010793 2.047244,
3.016182 -0.215930 2.047244,
2.784541 0.021560 2.047244,
3.026925 -0.214855 2.047244,
3.026925 -0.785145 2.047244,
3.037601 -0.786754 2.047244,
2.785883 0.032273 2.047244,
3.037601 -0.213246 2.047244,
2.787758 0.042906 2.047244,
3.048184 -0.211106 2.047244,
3.048184 -0.788894 2.047244,
2.790160 0.053432 2.047244,
3.058647 -0.208442 2.047244,
3.058647 -0.791558 2.047244,
3.068964 -0.794740 2.047244,
2.793085 0.063825 2.047244,
3.068964 -0.205260 2.047244,
2.796523 0.074059 2.047244,
3.079109 -0.201567 2.047244,
3.079109 -0.798433 2.047244,
3.089058 -0.802627 2.047244,
2.800468 0.084110 2.047244,
3.089058 -0.197373 2.047244,
3.098786 -0.807311 2.047244,
2.804908 0.093951 2.047244,
3.098786 -0.192689 2.047244,
2.809834 0.103559 2.047244,
3.108268 -0.187525 2.047244,
3.108268 -0.812475 2.047244,
3.117480 -0.818105 2.047244,
2.815232 0.112909 2.047244,
3.117480 -0.181895 2.047244,
2.821090 0.121979 2.047244,
3.126401 -0.175813 2.047244,
3.126401 -0.824187 2.047244,
2.827393 0.130745 2.047244,
3.135008 -0.169294 2.047244,
3.135008 -0.830706 2.047244,
3.143278 -0.837646 2.047244,
2.834124 0.139186 2.047244,
0.158732 0.147281 2.047244,
3.143278 -0.162354 2.047244,
2.841268 0.147281 2.047244,
3.151193 -0.155011 2.047244,
3.151193 -0.844989 2.047244,
2.848807 0.155011 2.047244,
0.151193 0.155011 2.047244,
3.158732 -0.147281 2.047244,
3.158732 -0.852719 2.047244,
2.856722 0.162354 2.047244,
0.143278 0.162354 2.047244,
3.165876 -0.139186 2.047244,
3.165876 -0.860814 2.047244,
2.864992 0.169294 2.047244,
0.135008 0.169294 2.047244,
3.172607 -0.130745 2.047244,
3.172607 -0.869255 2.047244,
2.873599 0.175813 2.047244,
0.126401 0.175813 2.047244,
3.178910 -0.121979 2.047244,
3.178910 -0.878021 2.047244,
2.882520 0.181895 2.047244,
0.117480 0.181895 2.047244,
0.108268 0.187525 2.047244,
3.184768 -0.112909 2.047244,
3.184768 -0.887091 2.047244,
2.891732 0.187525 2.047244,
3.190166 -0.103559 2.047244,
3.190166 -0.896441 2.047244,
2.901214 0.192689 2.047244,
0.098786 0.192689 2.047244,
0.089058 0.197373 2.047244,
3.195092 -0.093951 2.047244,
3.195092 -0.906049 2.047244,
2.910942 0.197373 2.047244,
3.199532 -0.084110 2.047244,
3.199532 -0.915890 2.047244,
2.920891 0.201567 2.047244,
3.203477 -0.074059 2.047244,
3.203477 -0.925941 2.047244,
3.206915 -0.936175 2.047244,
3.206915 -0.063825 2.047244,
3.500000 0.500000 2.047244,
3.216266 -0.010793 2.047244,
3.215459 -0.021560 2.047244,
3.079109 0.201567 2.047244,
3.089058 0.197373 2.047244,
3.216535 -0.000000 2.047244,
3.068964 0.205260 2.047244,
3.058647 0.208442 2.047244,
3.048184 0.211106 2.047244,
3.037601 0.213246 2.047244,
3.026925 0.214855 2.047244,
3.016182 0.215930 2.047244,
3.005398 0.216468 2.047244,
2.994602 0.216468 2.047244,
2.983818 0.215930 2.047244,
2.973075 0.214855 2.047244,
2.962399 0.213246 2.047244,
2.951816 0.211106 2.047244,
2.941353 0.208442 2.047244,
2.931036 0.205260 2.047244,
3.216535 -2.000000 2.047244,
3.216266 -0.989207 2.047244,
3.216535 -1.000000 2.047244,
3.215459 -0.978440 2.047244,
3.214117 -0.967727 2.047244,
3.212242 -0.957094 2.047244,
3.209840 -0.946568 2.047244,
3.216266 0.010793 2.047244,
3.215459 0.021560 2.047244,
3.214117 0.032273 2.047244,
3.212242 0.042906 2.047244,
3.209840 0.053432 2.047244,
3.206915 0.063825 2.047244,
3.203477 0.074059 2.047244,
3.199532 0.084110 2.047244,
3.195092 0.093951 2.047244,
3.190166 0.103559 2.047244,
3.184768 0.112909 2.047244,
3.178910 0.121979 2.047244,
3.172607 0.130745 2.047244,
3.165876 0.139186 2.047244,
3.158732 0.147281 2.047244,
3.151193 0.155011 2.047244,
3.143278 0.162354 2.047244,
3.135008 0.169294 2.047244,
3.126401 0.175813 2.047244,
3.209840 -0.053432 2.047244,
3.117480 0.181895 2.047244,
3.212242 -0.042906 2.047244,
3.108268 0.187525 2.047244,
3.214117 -0.032273 2.047244,
3.098786 0.192689 2.047244,
-0.216535 -10.000000 2.047244,
-0.216535 -9.000000 2.047244,
-0.216535 -8.000000 2.047244,
-0.216535 -7.000000 2.047244,
-0.216535 -6.000000 2.047244,
-0.216535 -5.000000 2.047244,
-0.216535 -4.000000 2.047244,
-0.216535 -3.000000 2.047244,
3.216535 -3.000000 2.047244,
3.216535 -4.000000 2.047244,
3.216535 -5.000000 2.047244,
3.216535 -6.000000 2.047244,
3.216535 -7.000000 2.047244,
3.216535 -8.000000 2.047244,
3.216535 -9.000000 2.047244,
3.216535 -10.000000 2.047244,
0.216535 -1.000000 2.047244,
0.216266 -0.989207 2.047244,
0.216266 -1.010793 2.047244,
0.215459 -1.021560 2.047244,
0.214117 -1.032273 2.047244,
0.212242 -1.042906 2.047244,
0.209840 -1.053432 2.047244,
0.216535 -2.000000 2.047244,
0.216266 -1.989207 2.047244,
0.215459 -1.978440 2.047244,
0.214117 -1.967727 2.047244,
0.212242 -1.957094 2.047244,
0.209840 -1.946568 2.047244,
0.216266 -2.010793 2.047244,
0.215459 -2.021560 2.047244,
0.214117 -2.032273 2.047244,
0.212242 -2.042906 2.047244,
0.209840 -2.053432 2.047244,
0.216535 -3.000000 2.047244,
0.216266 -2.989207 2.047244,
0.215459 -2.978440 2.047244,
0.214117 -2.967727 2.047244,
0.212242 -2.957094 2.047244,
0.209840 -2.946568 2.047244,
0.216266 -3.010793 2.047244,
0.215459 -3.021560 2.047244,
0.214117 -3.032273 2.047244,
0.212242 -3.042906 2.047244,
0.209840 -3.053432 2.047244,
0.216535 -4.000000 2.047244,
0.216266 -3.989207 2.047244,
0.215459 -3.978440 2.047244,
0.214117 -3.967727 2.047244,
0.212242 -3.957094 2.047244,
0.209840 -3.946568 2.047244,
0.216266 -4.010793 2.047244,
0.215459 -4.021560 2.047244,
0.214117 -4.032273 2.047244,
0.212242 -4.042906 2.047244,
0.209840 -4.053432 2.047244,
0.216266 -4.989207 2.047244,
0.215459 -4.978440 2.047244,
0.214117 -4.967727 2.047244,
0.212242 -4.957094 2.047244,
0.209840 -4.946568 2.047244,
0.216535 -5.000000 2.047244,
0.216266 -5.010793 2.047244,
0.215459 -5.021560 2.047244,
0.214117 -5.032273 2.047244,
0.212242 -5.042906 2.047244,
0.209840 -5.053432 2.047244,
0.216266 -5.989207 2.047244,
0.215459 -5.978440 2.047244,
0.214117 -5.967727 2.047244,
0.212242 -5.957094 2.047244,
0.209840 -5.946568 2.047244,
0.216535 -6.000000 2.047244,
0.216266 -6.010793 2.047244,
0.215459 -6.021560 2.047244,
0.214117 -6.032273 2.047244,
0.212242 -6.042906 2.047244,
0.209840 -6.053432 2.047244,
0.216266 -6.989207 2.047244,
0.215459 -6.978440 2.047244,
0.214117 -6.967727 2.047244,
0.212242 -6.957094 2.047244,
0.209840 -6.946568 2.047244,
0.216535 -7.000000 2.047244,
0.216266 -7.010793 2.047244,
0.215459 -7.021560 2.047244,
0.214117 -7.032273 2.047244,
0.212242 -7.042906 2.047244,
0.209840 -7.053432 2.047244,
0.216266 -7.989207 2.047244,
0.215459 -7.978440 2.047244,
0.214117 -7.967727 2.047244,
0.212242 -7.957094 2.047244,
0.209840 -7.946568 2.047244,
0.216535 -8.000000 2.047244,
0.216266 -8.010793 2.047244,
0.215459 -8.021560 2.047244,
0.214117 -8.032273 2.047244,
0.212242 -8.042906 2.047244,
0.209840 -8.053432 2.047244,
0.216266 -8.989207 2.047244,
0.215459 -8.978440 2.047244,
0.214117 -8.967727 2.047244,
0.212242 -8.957094 2.047244,
0.209840 -8.946568 2.047244,
0.216535 -9.000000 2.047244,
0.216266 -9.010793 2.047244,
0.215459 -9.021560 2.047244,
0.214117 -9.032273 2.047244,
0.212242 -9.042906 2.047244,
0.209840 -9.053432 2.047244,
0.216266 -9.989207 2.047244,
0.215459 -9.978440 2.047244,
0.214117 -9.967727 2.047244,
0.212242 -9.957094 2.047244,
0.209840 -9.946568 2.047244,
0.216535 -10.000000 2.047244,
0.216266 -10.010793 2.047244,
0.215459 -10.021560 2.047244,
0.214117 -10.032273 2.047244,
0.212242 -10.042906 2.047244,
0.209840 -10.053432 2.047244,
0.215459 -10.978440 2.047244,
0.214117 -10.967727 2.047244,
0.212242 -10.957094 2.047244,
0.209840 -10.946568 2.047244,
0.216266 -10.989207 2.047244,
0.216535 -11.000000 2.047244,
0.216266 -11.010793 2.047244,
0.215459 -11.021560 2.047244,
0.214117 -11.032273 2.047244,
0.212242 -11.042906 2.047244,
0.209840 -11.053432 2.047244,
0.215459 -11.978440 2.047244,
0.214117 -11.967727 2.047244,
0.212242 -11.957094 2.047244,
0.209840 -11.946568 2.047244,
0.216266 -11.989207 2.047244,
0.216535 -12.000000 2.047244,
0.216266 -12.010793 2.047244,
2.783465 -12.000000 2.047244,
2.783734 -12.010793 2.047244,
2.783734 -11.989207 2.047244,
2.784541 -11.978440 2.047244,
2.785883 -11.967727 2.047244,
2.787758 -11.957094 2.047244,
2.790160 -11.946568 2.047244,
2.783465 -11.000000 2.047244,
2.783734 -11.010793 2.047244,
2.784541 -11.021560 2.047244,
2.785883 -11.032273 2.047244,
2.787758 -11.042906 2.047244,
2.790160 -11.053432 2.047244,
2.783734 -10.989207 2.047244,
2.784541 -10.978440 2.047244,
2.785883 -10.967727 2.047244,
2.787758 -10.957094 2.047244,
2.790160 -10.946568 2.047244,
2.783465 -10.000000 2.047244,
2.783734 -10.010793 2.047244,
2.784541 -10.021560 2.047244,
2.785883 -10.032273 2.047244,
2.787758 -10.042906 2.047244,
2.790160 -10.053432 2.047244,
2.783734 -9.989207 2.047244,
2.784541 -9.978440 2.047244,
2.785883 -9.967727 2.047244,
2.787758 -9.957094 2.047244,
2.790160 -9.946568 2.047244,
2.783465 -9.000000 2.047244,
2.783734 -9.010793 2.047244,
2.784541 -9.021560 2.047244,
2.785883 -9.032273 2.047244,
2.787758 -9.042906 2.047244,
2.790160 -9.053432 2.047244,
2.783734 -8.989207 2.047244,
2.784541 -8.978440 2.047244,
2.785883 -8.967727 2.047244,
2.787758 -8.957094 2.047244,
2.790160 -8.946568 2.047244,
2.783734 -8.010793 2.047244,
2.784541 -8.021560 2.047244,
2.785883 -8.032273 2.047244,
2.787758 -8.042906 2.047244,
2.790160 -8.053432 2.047244,
2.783465 -8.000000 2.047244,
2.783734 -7.989207 2.047244,
2.784541 -7.978440 2.047244,
2.785883 -7.967727 2.047244,
2.787758 -7.957094 2.047244,
2.790160 -7.946568 2.047244,
2.783734 -7.010793 2.047244,
2.784541 -7.021560 2.047244,
2.785883 -7.032273 2.047244,
2.787758 -7.042906 2.047244,
2.790160 -7.053432 2.047244,
2.783465 -7.000000 2.047244,
2.783734 -6.989207 2.047244,
2.784541 -6.978440 2.047244,
2.785883 -6.967727 2.047244,
2.787758 -6.957094 2.047244,
2.790160 -6.946568 2.047244,
2.783734 -6.010793 2.047244,
2.784541 -6.021560 2.047244,
2.785883 -6.032273 2.047244,
2.787758 -6.042906 2.047244,
2.790160 -6.053432 2.047244,
2.783465 -6.000000 2.047244,
2.783734 -5.989207 2.047244,
2.784541 -5.978440 2.047244,
2.785883 -5.967727 2.047244,
2.787758 -5.957094 2.047244,
2.790160 -5.946568 2.047244,
2.783734 -5.010793 2.047244,
2.784541 -5.021560 2.047244,
2.785883 -5.032273 2.047244,
2.787758 -5.042906 2.047244,
2.790160 -5.053432 2.047244,
2.783465 -5.000000 2.047244,
2.783734 -4.989207 2.047244,
2.784541 -4.978440 2.047244,
2.785883 -4.967727 2.047244,
2.787758 -4.957094 2.047244,
2.790160 -4.946568 2.047244,
2.783734 -4.010793 2.047244,
2.784541 -4.021560 2.047244,
2.785883 -4.032273 2.047244,
2.787758 -4.042906 2.047244,
2.790160 -4.053432 2.047244,
2.783465 -4.000000 2.047244,
2.783734 -3.989207 2.047244,
2.784541 -3.978440 2.047244,
2.785883 -3.967727 2.047244,
2.787758 -3.957094 2.047244,
2.790160 -3.946568 2.047244,
2.783734 -3.010793 2.047244,
2.784541 -3.021560 2.047244,
2.785883 -3.032273 2.047244,
2.787758 -3.042906 2.047244,
2.790160 -3.053432 2.047244,
2.783465 -3.000000 2.047244,
2.783734 -2.989207 2.047244,
2.784541 -2.978440 2.047244,
2.785883 -2.967727 2.047244,
2.787758 -2.957094 2.047244,
2.790160 -2.946568 2.047244,
2.784541 -2.021560 2.047244,
2.785883 -2.032273 2.047244,
2.787758 -2.042906 2.047244,
2.790160 -2.053432 2.047244,
2.783734 -2.010793 2.047244,
2.783465 -2.000000 2.047244,
2.783734 -1.989207 2.047244,
2.784541 -1.978440 2.047244,
2.785883 -1.967727 2.047244,
2.787758 -1.957094 2.047244,
2.790160 -1.946568 2.047244,
2.784541 -1.021560 2.047244,
2.785883 -1.032273 2.047244,
2.787758 -1.042906 2.047244,
2.790160 -1.053432 2.047244,
2.783734 -1.010793 2.047244,
2.783465 -1.000000 2.047244,
2.783734 -0.989207 2.047244,
3.500000 0.500000 0.000000,
2.566929 -12.881890 0.000000,
0.433071 -12.881890 0.000000,
0.433071 -0.118110 0.000000,
2.566929 -0.118110 0.000000,
0.216535 -13.000000 1.614173,
0.216266 -12.989207 1.614173,
0.215459 -12.978440 1.614173,
0.214117 -12.967727 1.614173,
0.212242 -12.957094 1.614173,
0.209840 -12.946568 1.614173,
0.206915 -12.936175 1.614173,
0.203477 -12.925941 1.614173,
0.199532 -12.915890 1.614173,
0.195092 -12.906049 1.614173,
0.190166 -12.896441 1.614173,
0.184768 -12.887091 1.614173,
0.178910 -12.878021 1.614173,
0.172607 -12.869255 1.614173,
0.165876 -12.860814 1.614173,
0.158732 -12.852719 1.614173,
0.151193 -12.844989 1.614173,
0.143278 -12.837646 1.614173,
0.135008 -12.830706 1.614173,
0.126401 -12.824187 1.614173,
0.117480 -12.818105 1.614173,
0.108268 -12.812475 1.614173,
0.098786 -12.807311 1.614173,
0.089058 -12.802627 1.614173,
0.079109 -12.798433 1.614173,
0.068964 -12.794740 1.614173,
0.058647 -12.791558 1.614173,
0.048184 -12.788894 1.614173,
0.037601 -12.786754 1.614173,
0.026925 -12.785145 1.614173,
0.016182 -12.784070 1.614173,
0.005398 -12.783532 1.614173,
-0.005398 -12.783532 1.614173,
-0.016182 -12.784070 1.614173,
-0.026925 -12.785145 1.614173,
-0.037601 -12.786754 1.614173,
-0.048184 -12.788894 1.614173,
-0.058647 -12.791558 1.614173,
-0.068964 -12.794740 1.614173,
-0.079109 -12.798433 1.614173,
-0.089058 -12.802627 1.614173,
-0.098786 -12.807311 1.614173,
-0.108268 -12.812475 1.614173,
-0.117480 -12.818105 1.614173,
-0.126401 -12.824187 1.614173,
-0.135008 -12.830706 1.614173,
-0.143278 -12.837646 1.614173,
-0.151193 -12.844989 1.614173,
-0.158732 -12.852719 1.614173,
-0.165876 -12.860814 1.614173,
-0.172607 -12.869255 1.614173,
-0.178910 -12.878021 1.614173,
-0.184768 -12.887091 1.614173,
-0.190166 -12.896441 1.614173,
-0.195092 -12.906049 1.614173,
-0.199532 -12.915890 1.614173,
-0.203477 -12.925941 1.614173,
-0.206915 -12.936175 1.614173,
-0.209840 -12.946568 1.614173,
-0.212242 -12.957094 1.614173,
-0.214117 -12.967727 1.614173,
-0.215459 -12.978440 1.614173,
-0.216266 -12.989207 1.614173,
-0.216535 -13.000000 1.614173,
-0.216266 -13.010793 1.614173,
-0.215459 -13.021560 1.614173,
-0.214117 -13.032273 1.614173,
-0.212242 -13.042906 1.614173,
-0.209840 -13.053432 1.614173,
-0.206915 -13.063825 1.614173,
-0.203477 -13.074059 1.614173,
-0.199532 -13.084110 1.614173,
-0.195092 -13.093951 1.614173,
-0.190166 -13.103559 1.614173,
-0.184768 -13.112909 1.614173,
-0.178910 -13.121979 1.614173,
-0.172607 -13.130745 1.614173,
-0.165876 -13.139186 1.614173,
-0.158732 -13.147281 1.614173,
-0.151193 -13.155011 1.614173,
-0.143278 -13.162354 1.614173,
-0.135008 -13.169294 1.614173,
-0.126401 -13.175813 1.614173,
-0.117480 -13.181895 1.614173,
-0.108268 -13.187525 1.614173,
-0.098786 -13.192689 1.614173,
-0.089058 -13.197373 1.614173,
-0.079109 -13.201567 1.614173,
-0.068964 -13.205260 1.614173,
-0.058647 -13.208442 1.614173,
-0.048184 -13.211106 1.614173,
-0.037601 -13.213246 1.614173,
-0.026925 -13.214855 1.614173,
-0.016182 -13.215930 1.614173,
-0.005398 -13.216468 1.614173,
0.005398 -13.216468 1.614173,
0.016182 -13.215930 1.614173,
0.026925 -13.214855 1.614173,
0.037601 -13.213246 1.614173,
0.048184 -13.211106 1.614173,
0.058647 -13.208442 1.614173,
0.068964 -13.205260 1.614173,
0.079109 -13.201567 1.614173,
0.089058 -13.197373 1.614173,
0.098786 -13.192689 1.614173,
0.108268 -13.187525 1.614173,
0.117480 -13.181895 1.614173,
0.126401 -13.175813 1.614173,
0.135008 -13.169294 1.614173,
0.143278 -13.162354 1.614173,
0.151193 -13.155011 1.614173,
0.158732 -13.147281 1.614173,
0.165876 -13.139186 1.614173,
0.172607 -13.130745 1.614173,
0.178910 -13.121979 1.614173,
0.184768 -13.112909 1.614173,
0.190166 -13.103559 1.614173,
0.195092 -13.093951 1.614173,
0.199532 -13.084110 1.614173,
0.203477 -13.074059 1.614173,
0.206915 -13.063825 1.614173,
0.209840 -13.053432 1.614173,
0.212242 -13.042906 1.614173,
0.214117 -13.032273 1.614173,
0.215459 -13.021560 1.614173,
0.216266 -13.010793 1.614173,
0.216535 -12.000000 1.614173,
0.216266 -11.989207 1.614173,
0.215459 -11.978440 1.614173,
0.214117 -11.967727 1.614173,
0.212242 -11.957094 1.614173,
0.209840 -11.946568 1.614173,
0.206915 -11.936175 1.614173,
0.203477 -11.925941 1.614173,
0.199532 -11.915890 1.614173,
0.195092 -11.906049 1.614173,
0.190166 -11.896441 1.614173,
0.184768 -11.887091 1.614173,
0.178910 -11.878021 1.614173,
0.172607 -11.869255 1.614173,
0.165876 -11.860814 1.614173,
0.158732 -11.852719 1.614173,
0.151193 -11.844989 1.614173,
0.143278 -11.837646 1.614173,
0.135008 -11.830706 1.614173,
0.126401 -11.824187 1.614173,
0.117480 -11.818105 1.614173,
0.108268 -11.812475 1.614173,
0.098786 -11.807311 1.614173,
0.089058 -11.802627 1.614173,
0.079109 -11.798433 1.614173,
0.068964 -11.794740 1.614173,
0.058647 -11.791558 1.614173,
0.048184 -11.788894 1.614173,
0.037601 -11.786754 1.614173,
0.026925 -11.785145 1.614173,
0.016182 -11.784070 1.614173,
0.005398 -11.783532 1.614173,
-0.005398 -11.783532 1.614173,
-0.016182 -11.784070 1.614173,
-0.026925 -11.785145 1.614173,
-0.037601 -11.786754 1.614173,
-0.048184 -11.788894 1.614173,
-0.058647 -11.791558 1.614173,
-0.068964 -11.794740 1.614173,
-0.079109 -11.798433 1.614173,
-0.089058 -11.802627 1.614173,
-0.098786 -11.807311 1.614173,
-0.108268 -11.812475 1.614173,
-0.117480 -11.818105 1.614173,
-0.126401 -11.824187 1.614173,
-0.135008 -11.830706 1.614173,
-0.143278 -11.837646 1.614173,
-0.151193 -11.844989 1.614173,
-0.158732 -11.852719 1.614173,
-0.165876 -11.860814 1.614173,
-0.172607 -11.869255 1.614173,
-0.178910 -11.878021 1.614173,
-0.184768 -11.887091 1.614173,
-0.190166 -11.896441 1.614173,
-0.195092 -11.906049 1.614173,
-0.199532 -11.915890 1.614173,
-0.203477 -11.925941 1.614173,
-0.206915 -11.936175 1.614173,
-0.209840 -11.946568 1.614173,
-0.212242 -11.957094 1.614173,
-0.214117 -11.967727 1.614173,
-0.215459 -11.978440 1.614173,
-0.216266 -11.989207 1.614173,
-0.216535 -12.000000 1.614173,
-0.216266 -12.010793 1.614173,
-0.215459 -12.021560 1.614173,
-0.214117 -12.032273 1.614173,
-0.212242 -12.042906 1.614173,
-0.209840 -12.053432 1.614173,
-0.206915 -12.063825 1.614173,
-0.203477 -12.074059 1.614173,
-0.199532 -12.084110 1.614173,
-0.195092 -12.093951 1.614173,
-0.190166 -12.103559 1.614173,
-0.184768 -12.112909 1.614173,
-0.178910 -12.121979 1.614173,
-0.172607 -12.130745 1.614173,
-0.165876 -12.139186 1.614173,
-0.158732 -12.147281 1.614173,
-0.151193 -12.155011 1.614173,
-0.143278 -12.162354 1.614173,
-0.135008 -12.169294 1.614173,
-0.126401 -12.175813 1.614173,
-0.117480 -12.181895 1.614173,
-0.108268 -12.187525 1.614173,
-0.098786 -12.192689 1.614173,
-0.089058 -12.197373 1.614173,
-0.079109 -12.201567 1.614173,
-0.068964 -12.205260 1.614173,
-0.058647 -12.208442 1.614173,
-0.048184 -12.211106 1.614173,
-0.037601 -12.213246 1.614173,
-0.026925 -12.214855 1.614173,
-0.016182 -12.215930 1.614173,
-0.005398 -12.216468 1.614173,
0.005398 -12.216468 1.614173,
0.016182 -12.215930 1.614173,
0.026925 -12.214855 1.614173,
0.037601 -12.213246 1.614173,
0.048184 -12.211106 1.614173,
0.058647 -12.208442 1.614173,
0.068964 -12.205260 1.614173,
0.079109 -12.201567 1.614173,
0.089058 -12.197373 1.614173,
0.098786 -12.192689 1.614173,
0.108268 -12.187525 1.614173,
0.117480 -12.181895 1.614173,
0.126401 -12.175813 1.614173,
0.135008 -12.169294 1.614173,
0.143278 -12.162354 1.614173,
0.151193 -12.155011 1.614173,
0.158732 -12.147281 1.614173,
0.165876 -12.139186 1.614173,
0.172607 -12.130745 1.614173,
0.178910 -12.121979 1.614173,
0.184768 -12.112909 1.614173,
0.190166 -12.103559 1.614173,
0.195092 -12.093951 1.614173,
0.199532 -12.084110 1.614173,
0.203477 -12.074059 1.614173,
0.206915 -12.063825 1.614173,
0.209840 -12.053432 1.614173,
0.212242 -12.042906 1.614173,
0.214117 -12.032273 1.614173,
0.215459 -12.021560 1.614173,
0.216266 -12.010793 1.614173,
0.216535 -11.000000 1.614173,
0.216266 -10.989207 1.614173,
0.215459 -10.978440 1.614173,
0.214117 -10.967727 1.614173,
0.212242 -10.957094 1.614173,
0.209840 -10.946568 1.614173,
0.206915 -10.936175 1.614173,
0.203477 -10.925941 1.614173,
0.199532 -10.915890 1.614173,
0.195092 -10.906049 1.614173,
0.190166 -10.896441 1.614173,
0.184768 -10.887091 1.614173,
0.178910 -10.878021 1.614173,
0.172607 -10.869255 1.614173,
0.165876 -10.860814 1.614173,
0.158732 -10.852719 1.614173,
0.151193 -10.844989 1.614173,
0.143278 -10.837646 1.614173,
0.135008 -10.830706 1.614173,
0.126401 -10.824187 1.614173,
0.117480 -10.818105 1.614173,
0.108268 -10.812475 1.614173,
0.098786 -10.807311 1.614173,
0.089058 -10.802627 1.614173,
0.079109 -10.798433 1.614173,
0.068964 -10.794740 1.614173,
0.058647 -10.791558 1.614173,
0.048184 -10.788894 1.614173,
0.037601 -10.786754 1.614173,
0.026925 -10.785145 1.614173,
0.016182 -10.784070 1.614173,
0.005398 -10.783532 1.614173,
-0.005398 -10.783532 1.614173,
-0.016182 -10.784070 1.614173,
-0.026925 -10.785145 1.614173,
-0.037601 -10.786754 1.614173,
-0.048184 -10.788894 1.614173,
-0.058647 -10.791558 1.614173,
-0.068964 -10.794740 1.614173,
-0.079109 -10.798433 1.614173,
-0.089058 -10.802627 1.614173,
-0.098786 -10.807311 1.614173,
-0.108268 -10.812475 1.614173,
-0.117480 -10.818105 1.614173,
-0.126401 -10.824187 1.614173,
-0.135008 -10.830706 1.614173,
-0.143278 -10.837646 1.614173,
-0.151193 -10.844989 1.614173,
-0.158732 -10.852719 1.614173,
-0.165876 -10.860814 1.614173,
-0.172607 -10.869255 1.614173,
-0.178910 -10.878021 1.614173,
-0.184768 -10.887091 1.614173,
-0.190166 -10.896441 1.614173,
-0.195092 -10.906049 1.614173,
-0.199532 -10.915890 1.614173,
-0.203477 -10.925941 1.614173,
-0.206915 -10.936175 1.614173,
-0.209840 -10.946568 1.614173,
-0.212242 -10.957094 1.614173,
-0.214117 -10.967727 1.614173,
-0.215459 -10.978440 1.614173,
-0.216266 -10.989207 1.614173,
-0.216535 -11.000000 1.614173,
-0.216266 -11.010793 1.614173,
-0.215459 -11.021560 1.614173,
-0.214117 -11.032273 1.614173,
-0.212242 -11.042906 1.614173,
-0.209840 -11.053432 1.614173,
-0.206915 -11.063825 1.614173,
-0.203477 -11.074059 1.614173,
-0.199532 -11.084110 1.614173,
-0.195092 -11.093951 1.614173,
-0.190166 -11.103559 1.614173,
-0.184768 -11.112909 1.614173,
-0.178910 -11.121979 1.614173,
-0.172607 -11.130745 1.614173,
-0.165876 -11.139186 1.614173,
-0.158732 -11.147281 1.614173,
-0.151193 -11.155011 1.614173,
-0.143278 -11.162354 1.614173,
-0.135008 -11.169294 1.614173,
-0.126401 -11.175813 1.614173,
-0.117480 -11.181895 1.614173,
-0.108268 -11.187525 1.614173,
-0.098786 -11.192689 1.614173,
-0.089058 -11.197373 1.614173,
-0.079109 -11.201567 1.614173,
-0.068964 -11.205260 1.614173,
-0.058647 -11.208442 1.614173,
-0.048184 -11.211106 1.614173,
-0.037601 -11.213246 1.614173,
-0.026925 -11.214855 1.614173,
-0.016182 -11.215930 1.614173,
-0.005398 -11.216468 1.614173,
0.005398 -11.216468 1.614173,
0.016182 -11.215930 1.614173,
0.026925 -11.214855 1.614173,
0.037601 -11.213246 1.614173,
0.048184 -11.211106 1.614173,
0.058647 -11.208442 1.614173,
0.068964 -11.205260 1.614173,
0.079109 -11.201567 1.614173,
0.089058 -11.197373 1.614173,
0.098786 -11.192689 1.614173,
0.108268 -11.187525 1.614173,
0.117480 -11.181895 1.614173,
0.126401 -11.175813 1.614173,
0.135008 -11.169294 1.614173,
0.143278 -11.162354 1.614173,
0.151193 -11.155011 1.614173,
0.158732 -11.147281 1.614173,
0.165876 -11.139186 1.614173,
0.172607 -11.130745 1.614173,
0.178910 -11.121979 1.614173,
0.184768 -11.112909 1.614173,
0.190166 -11.103559 1.614173,
0.195092 -11.093951 1.614173,
0.199532 -11.084110 1.614173,
0.203477 -11.074059 1.614173,
0.206915 -11.063825 1.614173,
0.209840 -11.053432 1.614173,
0.212242 -11.042906 1.614173,
0.214117 -11.032273 1.614173,
0.215459 -11.021560 1.614173,
0.216266 -11.010793 1.614173,
0.216535 -10.000000 1.614173,
0.216266 -9.989207 1.614173,
0.215459 -9.978440 1.614173,
0.214117 -9.967727 1.614173,
0.212242 -9.957094 1.614173,
0.209840 -9.946568 1.614173,
0.206915 -9.936175 1.614173,
0.203477 -9.925941 1.614173,
0.199532 -9.915890 1.614173,
0.195092 -9.906049 1.614173,
0.190166 -9.896441 1.614173,
0.184768 -9.887091 1.614173,
0.178910 -9.878021 1.614173,
0.172607 -9.869255 1.614173,
0.165876 -9.860814 1.614173,
0.158732 -9.852719 1.614173,
0.151193 -9.844989 1.614173,
0.143278 -9.837646 1.614173,
0.135008 -9.830706 1.614173,
0.126401 -9.824187 1.614173,
0.117480 -9.818105 1.614173,
0.108268 -9.812475 1.614173,
0.098786 -9.807311 1.614173,
0.089058 -9.802627 1.614173,
0.079109 -9.798433 1.614173,
0.068964 -9.794740 1.614173,
0.058647 -9.791558 1.614173,
0.048184 -9.788894 1.614173,
0.037601 -9.786754 1.614173,
0.026925 -9.785145 1.614173,
0.016182 -9.784070 1.614173,
0.005398 -9.783532 1.614173,
-0.005398 -9.783532 1.614173,
-0.016182 -9.784070 1.614173,
-0.026925 -9.785145 1.614173,
-0.037601 -9.786754 1.614173,
-0.048184 -9.788894 1.614173,
-0.058647 -9.791558 1.614173,
-0.068964 -9.794740 1.614173,
-0.079109 -9.798433 1.614173,
-0.089058 -9.802627 1.614173,
-0.098786 -9.807311 1.614173,
-0.108268 -9.812475 1.614173,
-0.117480 -9.818105 1.614173,
-0.126401 -9.824187 1.614173,
-0.135008 -9.830706 1.614173,
-0.143278 -9.837646 1.614173,
-0.151193 -9.844989 1.614173,
-0.158732 -9.852719 1.614173,
-0.165876 -9.860814 1.614173,
-0.172607 -9.869255 1.614173,
-0.178910 -9.878021 1.614173,
-0.184768 -9.887091 1.614173,
-0.190166 -9.896441 1.614173,
-0.195092 -9.906049 1.614173,
-0.199532 -9.915890 1.614173,
-0.203477 -9.925941 1.614173,
-0.206915 -9.936175 1.614173,
-0.209840 -9.946568 1.614173,
-0.212242 -9.957094 1.614173,
-0.214117 -9.967727 1.614173,
-0.215459 -9.978440 1.614173,
-0.216266 -9.989207 1.614173,
-0.216535 -10.000000 1.614173,
-0.216266 -10.010793 1.614173,
-0.215459 -10.021560 1.614173,
-0.214117 -10.032273 1.614173,
-0.212242 -10.042906 1.614173,
-0.209840 -10.053432 1.614173,
-0.206915 -10.063825 1.614173,
-0.203477 -10.074059 1.614173,
-0.199532 -10.084110 1.614173,
-0.195092 -10.093951 1.614173,
-0.190166 -10.103559 1.614173,
-0.184768 -10.112909 1.614173,
-0.178910 -10.121979 1.614173,
-0.172607 -10.130745 1.614173,
-0.165876 -10.139186 1.614173,
-0.158732 -10.147281 1.614173,
-0.151193 -10.155011 1.614173,
-0.143278 -10.162354 1.614173,
-0.135008 -10.169294 1.614173,
-0.126401 -10.175813 1.614173,
-0.117480 -10.181895 1.614173,
-0.108268 -10.187525 1.614173,
-0.098786 -10.192689 1.614173,
-0.089058 -10.197373 1.614173,
-0.079109 -10.201567 1.614173,
-0.068964 -10.205260 1.614173,
-0.058647 -10.208442 1.614173,
-0.048184 -10.211106 1.614173,
-0.037601 -10.213246 1.614173,
-0.026925 -10.214855 1.614173,
-0.016182 -10.215930 1.614173,
-0.005398 -10.216468 1.614173,
0.005398 -10.216468 1.614173,
0.016182 -10.215930 1.614173,
0.026925 -10.214855 1.614173,
0.037601 -10.213246 1.614173,
0.048184 -10.211106 1.614173,
0.058647 -10.208442 1.614173,
0.068964 -10.205260 1.614173,
0.079109 -10.201567 1.614173,
0.089058 -10.197373 1.614173,
0.098786 -10.192689 1.614173,
0.108268 -10.187525 1.614173,
0.117480 -10.181895 1.614173,
0.126401 -10.175813 1.614173,
0.135008 -10.169294 1.614173,
0.143278 -10.162354 1.614173,
0.151193 -10.155011 1.614173,
0.158732 -10.147281 1.614173,
0.165876 -10.139186 1.614173,
0.172607 -10.130745 1.614173,
0.178910 -10.121979 1.614173,
0.184768 -10.112909 1.614173,
0.190166 -10.103559 1.614173,
0.195092 -10.093951 1.614173,
0.199532 -10.084110 1.614173,
0.203477 -10.074059 1.614173,
0.206915 -10.063825 1.614173,
0.209840 -10.053432 1.614173,
0.212242 -10.042906 1.614173,
0.214117 -10.032273 1.614173,
0.215459 -10.021560 1.614173,
0.216266 -10.010793 1.614173,
0.216535 -9.000000 1.614173,
0.216266 -8.989207 1.614173,
0.215459 -8.978440 1.614173,
0.214117 -8.967727 1.614173,
0.212242 -8.957094 1.614173,
0.209840 -8.946568 1.614173,
0.206915 -8.936175 1.614173,
0.203477 -8.925941 1.614173,
0.199532 -8.915890 1.614173,
0.195092 -8.906049 1.614173,
0.190166 -8.896441 1.614173,
0.184768 -8.887091 1.614173,
0.178910 -8.878021 1.614173,
0.172607 -8.869255 1.614173,
0.165876 -8.860814 1.614173,
0.158732 -8.852719 1.614173,
0.151193 -8.844989 1.614173,
0.143278 -8.837646 1.614173,
0.135008 -8.830706 1.614173,
0.126401 -8.824187 1.614173,
0.117480 -8.818105 1.614173,
0.108268 -8.812475 1.614173,
0.098786 -8.807311 1.614173,
0.089058 -8.802627 1.614173,
0.079109 -8.798433 1.614173,
0.068964 -8.794740 1.614173,
0.058647 -8.791558 1.614173,
0.048184 -8.788894 1.614173,
0.037601 -8.786754 1.614173,
0.026925 -8.785145 1.614173,
0.016182 -8.784070 1.614173,
0.005398 -8.783532 1.614173,
-0.005398 -8.783532 1.614173,
-0.016182 -8.784070 1.614173,
-0.026925 -8.785145 1.614173,
-0.037601 -8.786754 1.614173,
-0.048184 -8.788894 1.614173,
-0.058647 -8.791558 1.614173,
-0.068964 -8.794740 1.614173,
-0.079109 -8.798433 1.614173,
-0.089058 -8.802627 1.614173,
-0.098786 -8.807311 1.614173,
-0.108268 -8.812475 1.614173,
-0.117480 -8.818105 1.614173,
-0.126401 -8.824187 1.614173,
-0.135008 -8.830706 1.614173,
-0.143278 -8.837646 1.614173,
-0.151193 -8.844989 1.614173,
-0.158732 -8.852719 1.614173,
-0.165876 -8.860814 1.614173,
-0.172607 -8.869255 1.614173,
-0.178910 -8.878021 1.614173,
-0.184768 -8.887091 1.614173,
-0.190166 -8.896441 1.614173,
-0.195092 -8.906049 1.614173,
-0.199532 -8.915890 1.614173,
-0.203477 -8.925941 1.614173,
-0.206915 -8.936175 1.614173,
-0.209840 -8.946568 1.614173,
-0.212242 -8.957094 1.614173,
-0.214117 -8.967727 1.614173,
-0.215459 -8.978440 1.614173,
-0.216266 -8.989207 1.614173,
-0.216535 -9.000000 1.614173,
-0.216266 -9.010793 1.614173,
-0.215459 -9.021560 1.614173,
-0.214117 -9.032273 1.614173,
-0.212242 -9.042906 1.614173,
-0.209840 -9.053432 1.614173,
-0.206915 -9.063825 1.614173,
-0.203477 -9.074059 1.614173,
-0.199532 -9.084110 1.614173,
-0.195092 -9.093951 1.614173,
-0.190166 -9.103559 1.614173,
-0.184768 -9.112909 1.614173,
-0.178910 -9.121979 1.614173,
-0.172607 -9.130745 1.614173,
-0.165876 -9.139186 1.614173,
-0.158732 -9.147281 1.614173,
-0.151193 -9.155011 1.614173,
-0.143278 -9.162354 1.614173,
-0.135008 -9.169294 1.614173,
-0.126401 -9.175813 1.614173,
-0.117480 -9.181895 1.614173,
-0.108268 -9.187525 1.614173,
-0.098786 -9.192689 1.614173,
-0.089058 -9.197373 1.614173,
-0.079109 -9.201567 1.614173,
-0.068964 -9.205260 1.614173,
-0.058647 -9.208442 1.614173,
-0.048184 -9.211106 1.614173,
-0.037601 -9.213246 1.614173,
-0.026925 -9.214855 1.614173,
-0.016182 -9.215930 1.614173,
-0.005398 -9.216468 1.614173,
0.005398 -9.216468 1.614173,
0.016182 -9.215930 1.614173,
0.026925 -9.214855 1.614173,
0.037601 -9.213246 1.614173,
0.048184 -9.211106 1.614173,
0.058647 -9.208442 1.614173,
0.068964 -9.205260 1.614173,
0.079109 -9.201567 1.614173,
0.089058 -9.197373 1.614173,
0.098786 -9.192689 1.614173,
0.108268 -9.187525 1.614173,
0.117480 -9.181895 1.614173,
0.126401 -9.175813 1.614173,
0.135008 -9.169294 1.614173,
0.143278 -9.162354 1.614173,
0.151193 -9.155011 1.614173,
0.158732 -9.147281 1.614173,
0.165876 -9.139186 1.614173,
0.172607 -9.130745 1.614173,
0.178910 -9.121979 1.614173,
0.184768 -9.112909 1.614173,
0.190166 -9.103559 1.614173,
0.195092 -9.093951 1.614173,
0.199532 -9.084110 1.614173,
0.203477 -9.074059 1.614173,
0.206915 -9.063825 1.614173,
0.209840 -9.053432 1.614173,
0.212242 -9.042906 1.614173,
0.214117 -9.032273 1.614173,
0.215459 -9.021560 1.614173,
0.216266 -9.010793 1.614173,
0.216535 -8.000000 1.614173,
0.216266 -7.989207 1.614173,
0.215459 -7.978440 1.614173,
0.214117 -7.967727 1.614173,
0.212242 -7.957094 1.614173,
0.209840 -7.946568 1.614173,
0.206915 -7.936175 1.614173,
0.203477 -7.925941 1.614173,
0.199532 -7.915890 1.614173,
0.195092 -7.906049 1.614173,
0.190166 -7.896441 1.614173,
0.184768 -7.887091 1.614173,
0.178910 -7.878021 1.614173,
0.172607 -7.869255 1.614173,
0.165876 -7.860814 1.614173,
0.158732 -7.852719 1.614173,
0.151193 -7.844989 1.614173,
0.143278 -7.837646 1.614173,
0.135008 -7.830706 1.614173,
0.126401 -7.824187 1.614173,
0.117480 -7.818105 1.614173,
0.108268 -7.812475 1.614173,
0.098786 -7.807311 1.614173,
0.089058 -7.802627 1.614173,
0.079109 -7.798433 1.614173,
0.068964 -7.794740 1.614173,
0.058647 -7.791558 1.614173,
0.048184 -7.788894 1.614173,
0.037601 -7.786754 1.614173,
0.026925 -7.785145 1.614173,
0.016182 -7.784070 1.614173,
0.005398 -7.783532 1.614173,
-0.005398 -7.783532 1.614173,
-0.016182 -7.784070 1.614173,
-0.026925 -7.785145 1.614173,
-0.037601 -7.786754 1.614173,
-0.048184 -7.788894 1.614173,
-0.058647 -7.791558 1.614173,
-0.068964 -7.794740 1.614173,
-0.079109 -7.798433 1.614173,
-0.089058 -7.802627 1.614173,
-0.098786 -7.807311 1.614173,
-0.108268 -7.812475 1.614173,
-0.117480 -7.818105 1.614173,
-0.126401 -7.824187 1.614173,
-0.135008 -7.830706 1.614173,
-0.143278 -7.837646 1.614173,
-0.151193 -7.844989 1.614173,
-0.158732 -7.852719 1.614173,
-0.165876 -7.860814 1.614173,
-0.172607 -7.869255 1.614173,
-0.178910 -7.878021 1.614173,
-0.184768 -7.887091 1.614173,
-0.190166 -7.896441 1.614173,
-0.195092 -7.906049 1.614173,
-0.199532 -7.915890 1.614173,
-0.203477 -7.925941 1.614173,
-0.206915 -7.936175 1.614173,
-0.209840 -7.946568 1.614173,
-0.212242 -7.957094 1.614173,
-0.214117 -7.967727 1.614173,
-0.215459 -7.978440 1.614173,
-0.216266 -7.989207 1.614173,
-0.216535 -8.000000 1.614173,
-0.216266 -8.010793 1.614173,
-0.215459 -8.021560 1.614173,
-0.214117 -8.032273 1.614173,
-0.212242 -8.042906 1.614173,
-0.209840 -8.053432 1.614173,
-0.206915 -8.063825 1.614173,
-0.203477 -8.074059 1.614173,
-0.199532 -8.084110 1.614173,
-0.195092 -8.093951 1.614173,
-0.190166 -8.103559 1.614173,
-0.184768 -8.112909 1.614173,
-0.178910 -8.121979 1.614173,
-0.172607 -8.130745 1.614173,
-0.165876 -8.139186 1.614173,
-0.158732 -8.147281 1.614173,
-0.151193 -8.155011 1.614173,
-0.143278 -8.162354 1.614173,
-0.135008 -8.169294 1.614173,
-0.126401 -8.175813 1.614173,
-0.117480 -8.181895 1.614173,
-0.108268 -8.187525 1.614173,
-0.098786 -8.192689 1.614173,
-0.089058 -8.197373 1.614173,
-0.079109 -8.201567 1.614173,
-0.068964 -8.205260 1.614173,
-0.058647 -8.208442 1.614173,
-0.048184 -8.211106 1.614173,
-0.037601 -8.213246 1.614173,
-0.026925 -8.214855 1.614173,
-0.016182 -8.215930 1.614173,
-0.005398 -8.216468 1.614173,
0.005398 -8.216468 1.614173,
0.016182 -8.215930 1.614173,
0.026925 -8.214855 1.614173,
0.037601 -8.213246 1.614173,
0.048184 -8.211106 1.614173,
0.058647 -8.208442 1.614173,
0.068964 -8.205260 1.614173,
0.079109 -8.201567 1.614173,
0.089058 -8.197373 1.614173,
0.098786 -8.192689 1.614173,
0.108268 -8.187525 1.614173,
0.117480 -8.181895 1.614173,
0.126401 -8.175813 1.614173,
0.135008 -8.169294 1.614173,
0.143278 -8.162354 1.614173,
0.151193 -8.155011 1.614173,
0.158732 -8.147281 1.614173,
0.165876 -8.139186 1.614173,
0.172607 -8.130745 1.614173,
0.178910 -8.121979 1.614173,
0.184768 -8.112909 1.614173,
0.190166 -8.103559 1.614173,
0.195092 -8.093951 1.614173,
0.199532 -8.084110 1.614173,
0.203477 -8.074059 1.614173,
0.206915 -8.063825 1.614173,
0.209840 -8.053432 1.614173,
0.212242 -8.042906 1.614173,
0.214117 -8.032273 1.614173,
0.215459 -8.021560 1.614173,
0.216266 -8.010793 1.614173,
0.216535 -7.000000 1.614173,
0.216266 -6.989207 1.614173,
0.215459 -6.978440 1.614173,
0.214117 -6.967727 1.614173,
0.212242 -6.957094 1.614173,
0.209840 -6.946568 1.614173,
0.206915 -6.936175 1.614173,
0.203477 -6.925941 1.614173,
0.199532 -6.915890 1.614173,
0.195092 -6.906049 1.614173,
0.190166 -6.896441 1.614173,
0.184768 -6.887091 1.614173,
0.178910 -6.878021 1.614173,
0.172607 -6.869255 1.614173,
0.165876 -6.860814 1.614173,
0.158732 -6.852719 1.614173,
0.151193 -6.844989 1.614173,
0.143278 -6.837646 1.614173,
0.135008 -6.830706 1.614173,
0.126401 -6.824187 1.614173,
0.117480 -6.818105 1.614173,
0.108268 -6.812475 1.614173,
0.098786 -6.807311 1.614173,
0.089058 -6.802627 1.614173,
0.079109 -6.798433 1.614173,
0.068964 -6.794740 1.614173,
0.058647 -6.791558 1.614173,
0.048184 -6.788894 1.614173,
0.037601 -6.786754 1.614173,
0.026925 -6.785145 1.614173,
0.016182 -6.784070 1.614173,
0.005398 -6.783532 1.614173,
-0.005398 -6.783532 1.614173,
-0.016182 -6.784070 1.614173,
-0.026925 -6.785145 1.614173,
-0.037601 -6.786754 1.614173,
-0.048184 -6.788894 1.614173,
-0.058647 -6.791558 1.614173,
-0.068964 -6.794740 1.614173,
-0.079109 -6.798433 1.614173,
-0.089058 -6.802627 1.614173,
-0.098786 -6.807311 1.614173,
-0.108268 -6.812475 1.614173,
-0.117480 -6.818105 1.614173,
-0.126401 -6.824187 1.614173,
-0.135008 -6.830706 1.614173,
-0.143278 -6.837646 1.614173,
-0.151193 -6.844989 1.614173,
-0.158732 -6.852719 1.614173,
-0.165876 -6.860814 1.614173,
-0.172607 -6.869255 1.614173,
-0.178910 -6.878021 1.614173,
-0.184768 -6.887091 1.614173,
-0.190166 -6.896441 1.614173,
-0.195092 -6.906049 1.614173,
-0.199532 -6.915890 1.614173,
-0.203477 -6.925941 1.614173,
-0.206915 -6.936175 1.614173,
-0.209840 -6.946568 1.614173,
-0.212242 -6.957094 1.614173,
-0.214117 -6.967727 1.614173,
-0.215459 -6.978440 1.614173,
-0.216266 -6.989207 1.614173,
-0.216535 -7.000000 1.614173,
-0.216266 -7.010793 1.614173,
-0.215459 -7.021560 1.614173,
-0.214117 -7.032273 1.614173,
-0.212242 -7.042906 1.614173,
-0.209840 -7.053432 1.614173,
-0.206915 -7.063825 1.614173,
-0.203477 -7.074059 1.614173,
-0.199532 -7.084110 1.614173,
-0.195092 -7.093951 1.614173,
-0.190166 -7.103559 1.614173,
-0.184768 -7.112909 1.614173,
-0.178910 -7.121979 1.614173,
-0.172607 -7.130745 1.614173,
-0.165876 -7.139186 1.614173,
-0.158732 -7.147281 1.614173,
-0.151193 -7.155011 1.614173,
-0.143278 -7.162354 1.614173,
-0.135008 -7.169294 1.614173,
-0.126401 -7.175813 1.614173,
-0.117480 -7.181895 1.614173,
-0.108268 -7.187525 1.614173,
-0.098786 -7.192689 1.614173,
-0.089058 -7.197373 1.614173,
-0.079109 -7.201567 1.614173,
-0.068964 -7.205260 1.614173,
-0.058647 -7.208442 1.614173,
-0.048184 -7.211106 1.614173,
-0.037601 -7.213246 1.614173,
-0.026925 -7.214855 1.614173,
-0.016182 -7.215930 1.614173,
-0.005398 -7.216468 1.614173,
0.005398 -7.216468 1.614173,
0.016182 -7.215930 1.614173,
0.026925 -7.214855 1.614173,
0.037601 -7.213246 1.614173,
0.048184 -7.211106 1.614173,
0.058647 -7.208442 1.614173,
0.068964 -7.205260 1.614173,
0.079109 -7.201567 1.614173,
0.089058 -7.197373 1.614173,
0.098786 -7.192689 1.614173,
0.108268 -7.187525 1.614173,
0.117480 -7.181895 1.614173,
0.126401 -7.175813 1.614173,
0.135008 -7.169294 1.614173,
0.143278 -7.162354 1.614173,
0.151193 -7.155011 1.614173,
0.158732 -7.147281 1.614173,
0.165876 -7.139186 1.614173,
0.172607 -7.130745 1.614173,
0.178910 -7.121979 1.614173,
0.184768 -7.112909 1.614173,
0.190166 -7.103559 1.614173,
0.195092 -7.093951 1.614173,
0.199532 -7.084110 1.614173,
0.203477 -7.074059 1.614173,
0.206915 -7.063825 1.614173,
0.209840 -7.053432 1.614173,
0.212242 -7.042906 1.614173,
0.214117 -7.032273 1.614173,
0.215459 -7.021560 1.614173,
0.216266 -7.010793 1.614173,
3.216535 -13.000000 1.614173,
3.216266 -12.989207 1.614173,
3.215459 -12.978440 1.614173,
3.214117 -12.967727 1.614173,
3.212242 -12.957094 1.614173,
3.209840 -12.946568 1.614173,
3.206915 -12.936175 1.614173,
3.203477 -12.925941 1.614173,
3.199532 -12.915890 1.614173,
3.195092 -12.906049 1.614173,
3.190166 -12.896441 1.614173,
3.184768 -12.887091 1.614173,
3.178910 -12.878021 1.614173,
3.172607 -12.869255 1.614173,
3.165876 -12.860814 1.614173,
3.158732 -12.852719 1.614173,
3.151193 -12.844989 1.614173,
3.143278 -12.837646 1.614173,
3.135008 -12.830706 1.614173,
3.126401 -12.824187 1.614173,
3.117480 -12.818105 1.614173,
3.108268 -12.812475 1.614173,
3.098786 -12.807311 1.614173,
3.089058 -12.802627 1.614173,
3.079109 -12.798433 1.614173,
3.068964 -12.794740 1.614173,
3.058647 -12.791558 1.614173,
3.048184 -12.788894 1.614173,
3.037601 -12.786754 1.614173,
3.026925 -12.785145 1.614173,
3.016182 -12.784070 1.614173,
3.005398 -12.783532 1.614173,
2.994602 -12.783532 1.614173,
2.983818 -12.784070 1.614173,
2.973075 -12.785145 1.614173,
2.962399 -12.786754 1.614173,
2.951816 -12.788894 1.614173,
2.941353 -12.791558 1.614173,
2.931036 -12.794740 1.614173,
2.920891 -12.798433 1.614173,
2.910942 -12.802627 1.614173,
2.901214 -12.807311 1.614173,
2.891732 -12.812475 1.614173,
2.882520 -12.818105 1.614173,
2.873599 -12.824187 1.614173,
2.864992 -12.830706 1.614173,
2.856722 -12.837646 1.614173,
2.848807 -12.844989 1.614173,
2.841268 -12.852719 1.614173,
2.834124 -12.860814 1.614173,
2.827393 -12.869255 1.614173,
2.821090 -12.878021 1.614173,
2.815232 -12.887091 1.614173,
2.809834 -12.896441 1.614173,
2.804908 -12.906049 1.614173,
2.800468 -12.915890 1.614173,
2.796523 -12.925941 1.614173,
2.793085 -12.936175 1.614173,
2.790160 -12.946568 1.614173,
2.787758 -12.957094 1.614173,
2.785883 -12.967727 1.614173,
2.784541 -12.978440 1.614173,
2.783734 -12.989207 1.614173,
2.783465 -13.000000 1.614173,
2.783734 -13.010793 1.614173,
2.784541 -13.021560 1.614173,
2.785883 -13.032273 1.614173,
2.787758 -13.042906 1.614173,
2.790160 -13.053432 1.614173,
2.793085 -13.063825 1.614173,
2.796523 -13.074059 1.614173,
2.800468 -13.084110 1.614173,
2.804908 -13.093951 1.614173,
2.809834 -13.103559 1.614173,
2.815232 -13.112909 1.614173,
2.821090 -13.121979 1.614173,
2.827393 -13.130745 1.614173,
2.834124 -13.139186 1.614173,
2.841268 -13.147281 1.614173,
2.848807 -13.155011 1.614173,
2.856722 -13.162354 1.614173,
2.864992 -13.169294 1.614173,
2.873599 -13.175813 1.614173,
2.882520 -13.181895 1.614173,
2.891732 -13.187525 1.614173,
2.901214 -13.192689 1.614173,
2.910942 -13.197373 1.614173,
2.920891 -13.201567 1.614173,
2.931036 -13.205260 1.614173,
2.941353 -13.208442 1.614173,
2.951816 -13.211106 1.614173,
2.962399 -13.213246 1.614173,
2.973075 -13.214855 1.614173,
2.983818 -13.215930 1.614173,
2.994602 -13.216468 1.614173,
3.005398 -13.216468 1.614173,
3.016182 -13.215930 1.614173,
3.026925 -13.214855 1.614173,
3.037601 -13.213246 1.614173,
3.048184 -13.211106 1.614173,
3.058647 -13.208442 1.614173,
3.068964 -13.205260 1.614173,
3.079109 -13.201567 1.614173,
3.089058 -13.197373 1.614173,
3.098786 -13.192689 1.614173,
3.108268 -13.187525 1.614173,
3.117480 -13.181895 1.614173,
3.126401 -13.175813 1.614173,
3.135008 -13.169294 1.614173,
3.143278 -13.162354 1.614173,
3.151193 -13.155011 1.614173,
3.158732 -13.147281 1.614173,
3.165876 -13.139186 1.614173,
3.172607 -13.130745 1.614173,
3.178910 -13.121979 1.614173,
3.184768 -13.112909 1.614173,
3.190166 -13.103559 1.614173,
3.195092 -13.093951 1.614173,
3.199532 -13.084110 1.614173,
3.203477 -13.074059 1.614173,
3.206915 -13.063825 1.614173,
3.209840 -13.053432 1.614173,
3.212242 -13.042906 1.614173,
3.214117 -13.032273 1.614173,
3.215459 -13.021560 1.614173,
3.216266 -13.010793 1.614173,
3.216535 -12.000000 1.614173,
3.216266 -11.989207 1.614173,
3.215459 -11.978440 1.614173,
3.214117 -11.967727 1.614173,
3.212242 -11.957094 1.614173,
3.209840 -11.946568 1.614173,
3.206915 -11.936175 1.614173,
3.203477 -11.925941 1.614173,
3.199532 -11.915890 1.614173,
3.195092 -11.906049 1.614173,
3.190166 -11.896441 1.614173,
3.184768 -11.887091 1.614173,
3.178910 -11.878021 1.614173,
3.172607 -11.869255 1.614173,
3.165876 -11.860814 1.614173,
3.158732 -11.852719 1.614173,
3.151193 -11.844989 1.614173,
3.143278 -11.837646 1.614173,
3.135008 -11.830706 1.614173,
3.126401 -11.824187 1.614173,
3.117480 -11.818105 1.614173,
3.108268 -11.812475 1.614173,
3.098786 -11.807311 1.614173,
3.089058 -11.802627 1.614173,
3.079109 -11.798433 1.614173,
3.068964 -11.794740 1.614173,
3.058647 -11.791558 1.614173,
3.048184 -11.788894 1.614173,
3.037601 -11.786754 1.614173,
3.026925 -11.785145 1.614173,
3.016182 -11.784070 1.614173,
3.005398 -11.783532 1.614173,
2.994602 -11.783532 1.614173,
2.983818 -11.784070 1.614173,
2.973075 -11.785145 1.614173,
2.962399 -11.786754 1.614173,
2.951816 -11.788894 1.614173,
2.941353 -11.791558 1.614173,
2.931036 -11.794740 1.614173,
2.920891 -11.798433 1.614173,
2.910942 -11.802627 1.614173,
2.901214 -11.807311 1.614173,
2.891732 -11.812475 1.614173,
2.882520 -11.818105 1.614173,
2.873599 -11.824187 1.614173,
2.864992 -11.830706 1.614173,
2.856722 -11.837646 1.614173,
2.848807 -11.844989 1.614173,
2.841268 -11.852719 1.614173,
2.834124 -11.860814 1.614173,
2.827393 -11.869255 1.614173,
2.821090 -11.878021 1.614173,
2.815232 -11.887091 1.614173,
2.809834 -11.896441 1.614173,
2.804908 -11.906049 1.614173,
2.800468 -11.915890 1.614173,
2.796523 -11.925941 1.614173,
2.793085 -11.936175 1.614173,
2.790160 -11.946568 1.614173,
2.787758 -11.957094 1.614173,
2.785883 -11.967727 1.614173,
2.784541 -11.978440 1.614173,
2.783734 -11.989207 1.614173,
2.783465 -12.000000 1.614173,
2.783734 -12.010793 1.614173,
2.784541 -12.021560 1.614173,
2.785883 -12.032273 1.614173,
2.787758 -12.042906 1.614173,
2.790160 -12.053432 1.614173,
2.793085 -12.063825 1.614173,
2.796523 -12.074059 1.614173,
2.800468 -12.084110 1.614173,
2.804908 -12.093951 1.614173,
2.809834 -12.103559 1.614173,
2.815232 -12.112909 1.614173,
2.821090 -12.121979 1.614173,
2.827393 -12.130745 1.614173,
2.834124 -12.139186 1.614173,
2.841268 -12.147281 1.614173,
2.848807 -12.155011 1.614173,
2.856722 -12.162354 1.614173,
2.864992 -12.169294 1.614173,
2.873599 -12.175813 1.614173,
2.882520 -12.181895 1.614173,
2.891732 -12.187525 1.614173,
2.901214 -12.192689 1.614173,
2.910942 -12.197373 1.614173,
2.920891 -12.201567 1.614173,
2.931036 -12.205260 1.614173,
2.941353 -12.208442 1.614173,
2.951816 -12.211106 1.614173,
2.962399 -12.213246 1.614173,
2.973075 -12.214855 1.614173,
2.983818 -12.215930 1.614173,
2.994602 -12.216468 1.614173,
3.005398 -12.216468 1.614173,
3.016182 -12.215930 1.614173,
3.026925 -12.214855 1.614173,
3.037601 -12.213246 1.614173,
3.048184 -12.211106 1.614173,
3.058647 -12.208442 1.614173,
3.068964 -12.205260 1.614173,
3.079109 -12.201567 1.614173,
3.089058 -12.197373 1.614173,
3.098786 -12.192689 1.614173,
3.108268 -12.187525 1.614173,
3.117480 -12.181895 1.614173,
3.126401 -12.175813 1.614173,
3.135008 -12.169294 1.614173,
3.143278 -12.162354 1.614173,
3.151193 -12.155011 1.614173,
3.158732 -12.147281 1.614173,
3.165876 -12.139186 1.614173,
3.172607 -12.130745 1.614173,
3.178910 -12.121979 1.614173,
3.184768 -12.112909 1.614173,
3.190166 -12.103559 1.614173,
3.195092 -12.093951 1.614173,
3.199532 -12.084110 1.614173,
3.203477 -12.074059 1.614173,
3.206915 -12.063825 1.614173,
3.209840 -12.053432 1.614173,
3.212242 -12.042906 1.614173,
3.214117 -12.032273 1.614173,
3.215459 -12.021560 1.614173,
3.216266 -12.010793 1.614173,
3.216535 -11.000000 1.614173,
3.216266 -10.989207 1.614173,
3.215459 -10.978440 1.614173,
3.214117 -10.967727 1.614173,
3.212242 -10.957094 1.614173,
3.209840 -10.946568 1.614173,
3.206915 -10.936175 1.614173,
3.203477 -10.925941 1.614173,
3.199532 -10.915890 1.614173,
3.195092 -10.906049 1.614173,
3.190166 -10.896441 1.614173,
3.184768 -10.887091 1.614173,
3.178910 -10.878021 1.614173,
3.172607 -10.869255 1.614173,
3.165876 -10.860814 1.614173,
3.158732 -10.852719 1.614173,
3.151193 -10.844989 1.614173,
3.143278 -10.837646 1.614173,
3.135008 -10.830706 1.614173,
3.126401 -10.824187 1.614173,
3.117480 -10.818105 1.614173,
3.108268 -10.812475 1.614173,
3.098786 -10.807311 1.614173,
3.089058 -10.802627 1.614173,
3.079109 -10.798433 1.614173,
3.068964 -10.794740 1.614173,
3.058647 -10.791558 1.614173,
3.048184 -10.788894 1.614173,
3.037601 -10.786754 1.614173,
3.026925 -10.785145 1.614173,
3.016182 -10.784070 1.614173,
3.005398 -10.783532 1.614173,
2.994602 -10.783532 1.614173,
2.983818 -10.784070 1.614173,
2.973075 -10.785145 1.614173,
2.962399 -10.786754 1.614173,
2.951816 -10.788894 1.614173,
2.941353 -10.791558 1.614173,
2.931036 -10.794740 1.614173,
2.920891 -10.798433 1.614173,
2.910942 -10.802627 1.614173,
2.901214 -10.807311 1.614173,
2.891732 -10.812475 1.614173,
2.882520 -10.818105 1.614173,
2.873599 -10.824187 1.614173,
2.864992 -10.830706 1.614173,
2.856722 -10.837646 1.614173,
2.848807 -10.844989 1.614173,
2.841268 -10.852719 1.614173,
2.834124 -10.860814 1.614173,
2.827393 -10.869255 1.614173,
2.821090 -10.878021 1.614173,
2.815232 -10.887091 1.614173,
2.809834 -10.896441 1.614173,
2.804908 -10.906049 1.614173,
2.800468 -10.915890 1.614173,
2.796523 -10.925941 1.614173,
2.793085 -10.936175 1.614173,
2.790160 -10.946568 1.614173,
2.787758 -10.957094 1.614173,
2.785883 -10.967727 1.614173,
2.784541 -10.978440 1.614173,
2.783734 -10.989207 1.614173,
2.783465 -11.000000 1.614173,
2.783734 -11.010793 1.614173,
2.784541 -11.021560 1.614173,
2.785883 -11.032273 1.614173,
2.787758 -11.042906 1.614173,
2.790160 -11.053432 1.614173,
2.793085 -11.063825 1.614173,
2.796523 -11.074059 1.614173,
2.800468 -11.084110 1.614173,
2.804908 -11.093951 1.614173,
2.809834 -11.103559 1.614173,
2.815232 -11.112909 1.614173,
2.821090 -11.121979 1.614173,
2.827393 -11.130745 1.614173,
2.834124 -11.139186 1.614173,
2.841268 -11.147281 1.614173,
2.848807 -11.155011 1.614173,
2.856722 -11.162354 1.614173,
2.864992 -11.169294 1.614173,
2.873599 -11.175813 1.614173,
2.882520 -11.181895 1.614173,
2.891732 -11.187525 1.614173,
2.901214 -11.192689 1.614173,
2.910942 -11.197373 1.614173,
2.920891 -11.201567 1.614173,
2.931036 -11.205260 1.614173,
2.941353 -11.208442 1.614173,
2.951816 -11.211106 1.614173,
2.962399 -11.213246 1.614173,
2.973075 -11.214855 1.614173,
2.983818 -11.215930 1.614173,
2.994602 -11.216468 1.614173,
3.005398 -11.216468 1.614173,
3.016182 -11.215930 1.614173,
3.026925 -11.214855 1.614173,
3.037601 -11.213246 1.614173,
3.048184 -11.211106 1.614173,
3.058647 -11.208442 1.614173,
3.068964 -11.205260 1.614173,
3.079109 -11.201567 1.614173,
3.089058 -11.197373 1.614173,
3.098786 -11.192689 1.614173,
3.108268 -11.187525 1.614173,
3.117480 -11.181895 1.614173,
3.126401 -11.175813 1.614173,
3.135008 -11.169294 1.614173,
3.143278 -11.162354 1.614173,
3.151193 -11.155011 1.614173,
3.158732 -11.147281 1.614173,
3.165876 -11.139186 1.614173,
3.172607 -11.130745 1.614173,
3.178910 -11.121979 1.614173,
3.184768 -11.112909 1.614173,
3.190166 -11.103559 1.614173,
3.195092 -11.093951 1.614173,
3.199532 -11.084110 1.614173,
3.203477 -11.074059 1.614173,
3.206915 -11.063825 1.614173,
3.209840 -11.053432 1.614173,
3.212242 -11.042906 1.614173,
3.214117 -11.032273 1.614173,
3.215459 -11.021560 1.614173,
3.216266 -11.010793 1.614173,
3.216535 -10.000000 1.614173,
3.216266 -9.989207 1.614173,
3.215459 -9.978440 1.614173,
3.214117 -9.967727 1.614173,
3.212242 -9.957094 1.614173,
3.209840 -9.946568 1.614173,
3.206915 -9.936175 1.614173,
3.203477 -9.925941 1.614173,
3.199532 -9.915890 1.614173,
3.195092 -9.906049 1.614173,
3.190166 -9.896441 1.614173,
3.184768 -9.887091 1.614173,
3.178910 -9.878021 1.614173,
3.172607 -9.869255 1.614173,
3.165876 -9.860814 1.614173,
3.158732 -9.852719 1.614173,
3.151193 -9.844989 1.614173,
3.143278 -9.837646 1.614173,
3.135008 -9.830706 1.614173,
3.126401 -9.824187 1.614173,
3.117480 -9.818105 1.614173,
3.108268 -9.812475 1.614173,
3.098786 -9.807311 1.614173,
3.089058 -9.802627 1.614173,
3.079109 -9.798433 1.614173,
3.068964 -9.794740 1.614173,
3.058647 -9.791558 1.614173,
3.048184 -9.788894 1.614173,
3.037601 -9.786754 1.614173,
3.026925 -9.785145 1.614173,
3.016182 -9.784070 1.614173,
3.005398 -9.783532 1.614173,
2.994602 -9.783532 1.614173,
2.983818 -9.784070 1.614173,
2.973075 -9.785145 1.614173,
2.962399 -9.786754 1.614173,
2.951816 -9.788894 1.614173,
2.941353 -9.791558 1.614173,
2.931036 -9.794740 1.614173,
2.920891 -9.798433 1.614173,
2.910942 -9.802627 1.614173,
2.901214 -9.807311 1.614173,
2.891732 -9.812475 1.614173,
2.882520 -9.818105 1.614173,
2.873599 -9.824187 1.614173,
2.864992 -9.830706 1.614173,
2.856722 -9.837646 1.614173,
2.848807 -9.844989 1.614173,
2.841268 -9.852719 1.614173,
2.834124 -9.860814 1.614173,
2.827393 -9.869255 1.614173,
2.821090 -9.878021 1.614173,
2.815232 -9.887091 1.614173,
2.809834 -9.896441 1.614173,
2.804908 -9.906049 1.614173,
2.800468 -9.915890 1.614173,
2.796523 -9.925941 1.614173,
2.793085 -9.936175 1.614173,
2.790160 -9.946568 1.614173,
2.787758 -9.957094 1.614173,
2.785883 -9.967727 1.614173,
2.784541 -9.978440 1.614173,
2.783734 -9.989207 1.614173,
2.783465 -10.000000 1.614173,
2.783734 -10.010793 1.614173,
2.784541 -10.021560 1.614173,
2.785883 -10.032273 1.614173,
2.787758 -10.042906 1.614173,
2.790160 -10.053432 1.614173,
2.793085 -10.063825 1.614173,
2.796523 -10.074059 1.614173,
2.800468 -10.084110 1.614173,
2.804908 -10.093951 1.614173,
2.809834 -10.103559 1.614173,
2.815232 -10.112909 1.614173,
2.821090 -10.121979 1.614173,
2.827393 -10.130745 1.614173,
2.834124 -10.139186 1.614173,
2.841268 -10.147281 1.614173,
2.848807 -10.155011 1.614173,
2.856722 -10.162354 1.614173,
2.864992 -10.169294 1.614173,
2.873599 -10.175813 1.614173,
2.882520 -10.181895 1.614173,
2.891732 -10.187525 1.614173,
2.901214 -10.192689 1.614173,
2.910942 -10.197373 1.614173,
2.920891 -10.201567 1.614173,
2.931036 -10.205260 1.614173,
2.941353 -10.208442 1.614173,
2.951816 -10.211106 1.614173,
2.962399 -10.213246 1.614173,
2.973075 -10.214855 1.614173,
2.983818 -10.215930 1.614173,
2.994602 -10.216468 1.614173,
3.005398 -10.216468 1.614173,
3.016182 -10.215930 1.614173,
3.026925 -10.214855 1.614173,
3.037601 -10.213246 1.614173,
3.048184 -10.211106 1.614173,
3.058647 -10.208442 1.614173,
3.068964 -10.205260 1.614173,
3.079109 -10.201567 1.614173,
3.089058 -10.197373 1.614173,
3.098786 -10.192689 1.614173,
3.108268 -10.187525 1.614173,
3.117480 -10.181895 1.614173,
3.126401 -10.175813 1.614173,
3.135008 -10.169294 1.614173,
3.143278 -10.162354 1.614173,
3.151193 -10.155011 1.614173,
3.158732 -10.147281 1.614173,
3.165876 -10.139186 1.614173,
3.172607 -10.130745 1.614173,
3.178910 -10.121979 1.614173,
3.184768 -10.112909 1.614173,
3.190166 -10.103559 1.614173,
3.195092 -10.093951 1.614173,
3.199532 -10.084110 1.614173,
3.203477 -10.074059 1.614173,
3.206915 -10.063825 1.614173,
3.209840 -10.053432 1.614173,
3.212242 -10.042906 1.614173,
3.214117 -10.032273 1.614173,
3.215459 -10.021560 1.614173,
3.216266 -10.010793 1.614173,
3.216535 -9.000000 1.614173,
3.216266 -8.989207 1.614173,
3.215459 -8.978440 1.614173,
3.214117 -8.967727 1.614173,
3.212242 -8.957094 1.614173,
3.209840 -8.946568 1.614173,
3.206915 -8.936175 1.614173,
3.203477 -8.925941 1.614173,
3.199532 -8.915890 1.614173,
3.195092 -8.906049 1.614173,
3.190166 -8.896441 1.614173,
3.184768 -8.887091 1.614173,
3.178910 -8.878021 1.614173,
3.172607 -8.869255 1.614173,
3.165876 -8.860814 1.614173,
3.158732 -8.852719 1.614173,
3.151193 -8.844989 1.614173,
3.143278 -8.837646 1.614173,
3.135008 -8.830706 1.614173,
3.126401 -8.824187 1.614173,
3.117480 -8.818105 1.614173,
3.108268 -8.812475 1.614173,
3.098786 -8.807311 1.614173,
3.089058 -8.802627 1.614173,
3.079109 -8.798433 1.614173,
3.068964 -8.794740 1.614173,
3.058647 -8.791558 1.614173,
3.048184 -8.788894 1.614173,
3.037601 -8.786754 1.614173,
3.026925 -8.785145 1.614173,
3.016182 -8.784070 1.614173,
3.005398 -8.783532 1.614173,
2.994602 -8.783532 1.614173,
2.983818 -8.784070 1.614173,
2.973075 -8.785145 1.614173,
2.962399 -8.786754 1.614173,
2.951816 -8.788894 1.614173,
2.941353 -8.791558 1.614173,
2.931036 -8.794740 1.614173,
2.920891 -8.798433 1.614173,
2.910942 -8.802627 1.614173,
2.901214 -8.807311 1.614173,
2.891732 -8.812475 1.614173,
2.882520 -8.818105 1.614173,
2.873599 -8.824187 1.614173,
2.864992 -8.830706 1.614173,
2.856722 -8.837646 1.614173,
2.848807 -8.844989 1.614173,
2.841268 -8.852719 1.614173,
2.834124 -8.860814 1.614173,
2.827393 -8.869255 1.614173,
2.821090 -8.878021 1.614173,
2.815232 -8.887091 1.614173,
2.809834 -8.896441 1.614173,
2.804908 -8.906049 1.614173,
2.800468 -8.915890 1.614173,
2.796523 -8.925941 1.614173,
2.793085 -8.936175 1.614173,
2.790160 -8.946568 1.614173,
2.787758 -8.957094 1.614173,
2.785883 -8.967727 1.614173,
2.784541 -8.978440 1.614173,
2.783734 -8.989207 1.614173,
2.783465 -9.000000 1.614173,
2.783734 -9.010793 1.614173,
2.784541 -9.021560 1.614173,
2.785883 -9.032273 1.614173,
2.787758 -9.042906 1.614173,
2.790160 -9.053432 1.614173,
2.793085 -9.063825 1.614173,
2.796523 -9.074059 1.614173,
2.800468 -9.084110 1.614173,
2.804908 -9.093951 1.614173,
2.809834 -9.103559 1.614173,
2.815232 -9.112909 1.614173,
2.821090 -9.121979 1.614173,
2.827393 -9.130745 1.614173,
2.834124 -9.139186 1.614173,
2.841268 -9.147281 1.614173,
2.848807 -9.155011 1.614173,
2.856722 -9.162354 1.614173,
2.864992 -9.169294 1.614173,
2.873599 -9.175813 1.614173,
2.882520 -9.181895 1.614173,
2.891732 -9.187525 1.614173,
2.901214 -9.192689 1.614173,
2.910942 -9.197373 1.614173,
2.920891 -9.201567 1.614173,
2.931036 -9.205260 1.614173,
2.941353 -9.208442 1.614173,
2.951816 -9.211106 1.614173,
2.962399 -9.213246 1.614173,
2.973075 -9.214855 1.614173,
2.983818 -9.215930 1.614173,
2.994602 -9.216468 1.614173,
3.005398 -9.216468 1.614173,
3.016182 -9.215930 1.614173,
3.026925 -9.214855 1.614173,
3.037601 -9.213246 1.614173,
3.048184 -9.211106 1.614173,
3.058647 -9.208442 1.614173,
3.068964 -9.205260 1.614173,
3.079109 -9.201567 1.614173,
3.089058 -9.197373 1.614173,
3.098786 -9.192689 1.614173,
3.108268 -9.187525 1.614173,
3.117480 -9.181895 1.614173,
3.126401 -9.175813 1.614173,
3.135008 -9.169294 1.614173,
3.143278 -9.162354 1.614173,
3.151193 -9.155011 1.614173,
3.158732 -9.147281 1.614173,
3.165876 -9.139186 1.614173,
3.172607 -9.130745 1.614173,
3.178910 -9.121979 1.614173,
3.184768 -9.112909 1.614173,
3.190166 -9.103559 1.614173,
3.195092 -9.093951 1.614173,
3.199532 -9.084110 1.614173,
3.203477 -9.074059 1.614173,
3.206915 -9.063825 1.614173,
3.209840 -9.053432 1.614173,
3.212242 -9.042906 1.614173,
3.214117 -9.032273 1.614173,
3.215459 -9.021560 1.614173,
3.216266 -9.010793 1.614173,
3.216535 -8.000000 1.614173,
3.216266 -7.989207 1.614173,
3.215459 -7.978440 1.614173,
3.214117 -7.967727 1.614173,
3.212242 -7.957094 1.614173,
3.209840 -7.946568 1.614173,
3.206915 -7.936175 1.614173,
3.203477 -7.925941 1.614173,
3.199532 -7.915890 1.614173,
3.195092 -7.906049 1.614173,
3.190166 -7.896441 1.614173,
3.184768 -7.887091 1.614173,
3.178910 -7.878021 1.614173,
3.172607 -7.869255 1.614173,
3.165876 -7.860814 1.614173,
3.158732 -7.852719 1.614173,
3.151193 -7.844989 1.614173,
3.143278 -7.837646 1.614173,
3.135008 -7.830706 1.614173,
3.126401 -7.824187 1.614173,
3.117480 -7.818105 1.614173,
3.108268 -7.812475 1.614173,
3.098786 -7.807311 1.614173,
3.089058 -7.802627 1.614173,
3.079109 -7.798433 1.614173,
3.068964 -7.794740 1.614173,
3.058647 -7.791558 1.614173,
3.048184 -7.788894 1.614173,
3.037601 -7.786754 1.614173,
3.026925 -7.785145 1.614173,
3.016182 -7.784070 1.614173,
3.005398 -7.783532 1.614173,
2.994602 -7.783532 1.614173,
2.983818 -7.784070 1.614173,
2.973075 -7.785145 1.614173,
2.962399 -7.786754 1.614173,
2.951816 -7.788894 1.614173,
2.941353 -7.791558 1.614173,
2.931036 -7.794740 1.614173,
2.920891 -7.798433 1.614173,
2.910942 -7.802627 1.614173,
2.901214 -7.807311 1.614173,
2.891732 -7.812475 1.614173,
2.882520 -7.818105 1.614173,
2.873599 -7.824187 1.614173,
2.864992 -7.830706 1.614173,
2.856722 -7.837646 1.614173,
2.848807 -7.844989 1.614173,
2.841268 -7.852719 1.614173,
2.834124 -7.860814 1.614173,
2.827393 -7.869255 1.614173,
2.821090 -7.878021 1.614173,
2.815232 -7.887091 1.614173,
2.809834 -7.896441 1.614173,
2.804908 -7.906049 1.614173,
2.800468 -7.915890 1.614173,
2.796523 -7.925941 1.614173,
2.793085 -7.936175 1.614173,
2.790160 -7.946568 1.614173,
2.787758 -7.957094 1.614173,
2.785883 -7.967727 1.614173,
2.784541 -7.978440 1.614173,
2.783734 -7.989207 1.614173,
2.783465 -8.000000 1.614173,
2.783734 -8.010793 1.614173,
2.784541 -8.021560 1.614173,
2.785883 -8.032273 1.614173,
2.787758 -8.042906 1.614173,
2.790160 -8.053432 1.614173,
2.793085 -8.063825 1.614173,
2.796523 -8.074059 1.614173,
2.800468 -8.084110 1.614173,
2.804908 -8.093951 1.614173,
2.809834 -8.103559 1.614173,
2.815232 -8.112909 1.614173,
2.821090 -8.121979 1.614173,
2.827393 -8.130745 1.614173,
2.834124 -8.139186 1.614173,
2.841268 -8.147281 1.614173,
2.848807 -8.155011 1.614173,
2.856722 -8.162354 1.614173,
2.864992 -8.169294 1.614173,
2.873599 -8.175813 1.614173,
2.882520 -8.181895 1.614173,
2.891732 -8.187525 1.614173,
2.901214 -8.192689 1.614173,
2.910942 -8.197373 1.614173,
2.920891 -8.201567 1.614173,
2.931036 -8.205260 1.614173,
2.941353 -8.208442 1.614173,
2.951816 -8.211106 1.614173,
2.962399 -8.213246 1.614173,
2.973075 -8.214855 1.614173,
2.983818 -8.215930 1.614173,
2.994602 -8.216468 1.614173,
3.005398 -8.216468 1.614173,
3.016182 -8.215930 1.614173,
3.026925 -8.214855 1.614173,
3.037601 -8.213246 1.614173,
3.048184 -8.211106 1.614173,
3.058647 -8.208442 1.614173,
3.068964 -8.205260 1.614173,
3.079109 -8.201567 1.614173,
3.089058 -8.197373 1.614173,
3.098786 -8.192689 1.614173,
3.108268 -8.187525 1.614173,
3.117480 -8.181895 1.614173,
3.126401 -8.175813 1.614173,
3.135008 -8.169294 1.614173,
3.143278 -8.162354 1.614173,
3.151193 -8.155011 1.614173,
3.158732 -8.147281 1.614173,
3.165876 -8.139186 1.614173,
3.172607 -8.130745 1.614173,
3.178910 -8.121979 1.614173,
3.184768 -8.112909 1.614173,
3.190166 -8.103559 1.614173,
3.195092 -8.093951 1.614173,
3.199532 -8.084110 1.614173,
3.203477 -8.074059 1.614173,
3.206915 -8.063825 1.614173,
3.209840 -8.053432 1.614173,
3.212242 -8.042906 1.614173,
3.214117 -8.032273 1.614173,
3.215459 -8.021560 1.614173,
3.216266 -8.010793 1.614173,
3.216535 -7.000000 1.614173,
3.216266 -6.989207 1.614173,
3.215459 -6.978440 1.614173,
3.214117 -6.967727 1.614173,
3.212242 -6.957094 1.614173,
3.209840 -6.946568 1.614173,
3.206915 -6.936175 1.614173,
3.203477 -6.925941 1.614173,
3.199532 -6.915890 1.614173,
3.195092 -6.906049 1.614173,
3.190166 -6.896441 1.614173,
3.184768 -6.887091 1.614173,
3.178910 -6.878021 1.614173,
3.172607 -6.869255 1.614173,
3.165876 -6.860814 1.614173,
3.158732 -6.852719 1.614173,
3.151193 -6.844989 1.614173,
3.143278 -6.837646 1.614173,
3.135008 -6.830706 1.614173,
3.126401 -6.824187 1.614173,
3.117480 -6.818105 1.614173,
3.108268 -6.812475 1.614173,
3.098786 -6.807311 1.614173,
3.089058 -6.802627 1.614173,
3.079109 -6.798433 1.614173,
3.068964 -6.794740 1.614173,
3.058647 -6.791558 1.614173,
3.048184 -6.788894 1.614173,
3.037601 -6.786754 1.614173,
3.026925 -6.785145 1.614173,
3.016182 -6.784070 1.614173,
3.005398 -6.783532 1.614173,
2.994602 -6.783532 1.614173,
2.983818 -6.784070 1.614173,
2.973075 -6.785145 1.614173,
2.962399 -6.786754 1.614173,
2.951816 -6.788894 1.614173,
2.941353 -6.791558 1.614173,
2.931036 -6.794740 1.614173,
2.920891 -6.798433 1.614173,
2.910942 -6.802627 1.614173,
2.901214 -6.807311 1.614173,
2.891732 -6.812475 1.614173,
2.882520 -6.818105 1.614173,
2.873599 -6.824187 1.614173,
2.864992 -6.830706 1.614173,
2.856722 -6.837646 1.614173,
2.848807 -6.844989 1.614173,
2.841268 -6.852719 1.614173,
2.834124 -6.860814 1.614173,
2.827393 -6.869255 1.614173,
2.821090 -6.878021 1.614173,
2.815232 -6.887091 1.614173,
2.809834 -6.896441 1.614173,
2.804908 -6.906049 1.614173,
2.800468 -6.915890 1.614173,
2.796523 -6.925941 1.614173,
2.793085 -6.936175 1.614173,
2.790160 -6.946568 1.614173,
2.787758 -6.957094 1.614173,
2.785883 -6.967727 1.614173,
2.784541 -6.978440 1.614173,
2.783734 -6.989207 1.614173,
2.783465 -7.000000 1.614173,
2.783734 -7.010793 1.614173,
2.784541 -7.021560 1.614173,
2.785883 -7.032273 1.614173,
2.787758 -7.042906 1.614173,
2.790160 -7.053432 1.614173,
2.793085 -7.063825 1.614173,
2.796523 -7.074059 1.614173,
2.800468 -7.084110 1.614173,
2.804908 -7.093951 1.614173,
2.809834 -7.103559 1.614173,
2.815232 -7.112909 1.614173,
2.821090 -7.121979 1.614173,
2.827393 -7.130745 1.614173,
2.834124 -7.139186 1.614173,
2.841268 -7.147281 1.614173,
2.848807 -7.155011 1.614173,
2.856722 -7.162354 1.614173,
2.864992 -7.169294 1.614173,
2.873599 -7.175813 1.614173,
2.882520 -7.181895 1.614173,
2.891732 -7.187525 1.614173,
2.901214 -7.192689 1.614173,
2.910942 -7.197373 1.614173,
2.920891 -7.201567 1.614173,
2.931036 -7.205260 1.614173,
2.941353 -7.208442 1.614173,
2.951816 -7.211106 1.614173,
2.962399 -7.213246 1.614173,
2.973075 -7.214855 1.614173,
2.983818 -7.215930 1.614173,
2.994602 -7.216468 1.614173,
3.005398 -7.216468 1.614173,
3.016182 -7.215930 1.614173,
3.026925 -7.214855 1.614173,
3.037601 -7.213246 1.614173,
3.048184 -7.211106 1.614173,
3.058647 -7.208442 1.614173,
3.068964 -7.205260 1.614173,
3.079109 -7.201567 1.614173,
3.089058 -7.197373 1.614173,
3.098786 -7.192689 1.614173,
3.108268 -7.187525 1.614173,
3.117480 -7.181895 1.614173,
3.126401 -7.175813 1.614173,
3.135008 -7.169294 1.614173,
3.143278 -7.162354 1.614173,
3.151193 -7.155011 1.614173,
3.158732 -7.147281 1.614173,
3.165876 -7.139186 1.614173,
3.172607 -7.130745 1.614173,
3.178910 -7.121979 1.614173,
3.184768 -7.112909 1.614173,
3.190166 -7.103559 1.614173,
3.195092 -7.093951 1.614173,
3.199532 -7.084110 1.614173,
3.203477 -7.074059 1.614173,
3.206915 -7.063825 1.614173,
3.209840 -7.053432 1.614173,
3.212242 -7.042906 1.614173,
3.214117 -7.032273 1.614173,
3.215459 -7.021560 1.614173,
3.216266 -7.010793 1.614173,
0.216535 -6.000000 1.614173,
0.216266 -5.989207 1.614173,
0.215459 -5.978440 1.614173,
0.214117 -5.967727 1.614173,
0.212242 -5.957094 1.614173,
0.209840 -5.946568 1.614173,
0.206915 -5.936175 1.614173,
0.203477 -5.925941 1.614173,
0.199532 -5.915890 1.614173,
0.195092 -5.906049 1.614173,
0.190166 -5.896441 1.614173,
0.184768 -5.887091 1.614173,
0.178910 -5.878021 1.614173,
0.172607 -5.869255 1.614173,
0.165876 -5.860814 1.614173,
0.158732 -5.852719 1.614173,
0.151193 -5.844989 1.614173,
0.143278 -5.837646 1.614173,
0.135008 -5.830706 1.614173,
0.126401 -5.824187 1.614173,
0.117480 -5.818105 1.614173,
0.108268 -5.812475 1.614173,
0.098786 -5.807311 1.614173,
0.089058 -5.802627 1.614173,
0.079109 -5.798433 1.614173,
0.068964 -5.794740 1.614173,
0.058647 -5.791558 1.614173,
0.048184 -5.788894 1.614173,
0.037601 -5.786754 1.614173,
0.026925 -5.785145 1.614173,
0.016182 -5.784070 1.614173,
0.005398 -5.783532 1.614173,
-0.005398 -5.783532 1.614173,
-0.016182 -5.784070 1.614173,
-0.026925 -5.785145 1.614173,
-0.037601 -5.786754 1.614173,
-0.048184 -5.788894 1.614173,
-0.058647 -5.791558 1.614173,
-0.068964 -5.794740 1.614173,
-0.079109 -5.798433 1.614173,
-0.089058 -5.802627 1.614173,
-0.098786 -5.807311 1.614173,
-0.108268 -5.812475 1.614173,
-0.117480 -5.818105 1.614173,
-0.126401 -5.824187 1.614173,
-0.135008 -5.830706 1.614173,
-0.143278 -5.837646 1.614173,
-0.151193 -5.844989 1.614173,
-0.158732 -5.852719 1.614173,
-0.165876 -5.860814 1.614173,
-0.172607 -5.869255 1.614173,
-0.178910 -5.878021 1.614173,
-0.184768 -5.887091 1.614173,
-0.190166 -5.896441 1.614173,
-0.195092 -5.906049 1.614173,
-0.199532 -5.915890 1.614173,
-0.203477 -5.925941 1.614173,
-0.206915 -5.936175 1.614173,
-0.209840 -5.946568 1.614173,
-0.212242 -5.957094 1.614173,
-0.214117 -5.967727 1.614173,
-0.215459 -5.978440 1.614173,
-0.216266 -5.989207 1.614173,
-0.216535 -6.000000 1.614173,
-0.216266 -6.010793 1.614173,
-0.215459 -6.021560 1.614173,
-0.214117 -6.032273 1.614173,
-0.212242 -6.042906 1.614173,
-0.209840 -6.053432 1.614173,
-0.206915 -6.063825 1.614173,
-0.203477 -6.074059 1.614173,
-0.199532 -6.084110 1.614173,
-0.195092 -6.093951 1.614173,
-0.190166 -6.103559 1.614173,
-0.184768 -6.112909 1.614173,
-0.178910 -6.121979 1.614173,
-0.172607 -6.130745 1.614173,
-0.165876 -6.139186 1.614173,
-0.158732 -6.147281 1.614173,
-0.151193 -6.155011 1.614173,
-0.143278 -6.162354 1.614173,
-0.135008 -6.169294 1.614173,
-0.126401 -6.175813 1.614173,
-0.117480 -6.181895 1.614173,
-0.108268 -6.187525 1.614173,
-0.098786 -6.192689 1.614173,
-0.089058 -6.197373 1.614173,
-0.079109 -6.201567 1.614173,
-0.068964 -6.205260 1.614173,
-0.058647 -6.208442 1.614173,
-0.048184 -6.211106 1.614173,
-0.037601 -6.213246 1.614173,
-0.026925 -6.214855 1.614173,
-0.016182 -6.215930 1.614173,
-0.005398 -6.216468 1.614173,
0.005398 -6.216468 1.614173,
0.016182 -6.215930 1.614173,
0.026925 -6.214855 1.614173,
0.037601 -6.213246 1.614173,
0.048184 -6.211106 1.614173,
0.058647 -6.208442 1.614173,
0.068964 -6.205260 1.614173,
0.079109 -6.201567 1.614173,
0.089058 -6.197373 1.614173,
0.098786 -6.192689 1.614173,
0.108268 -6.187525 1.614173,
0.117480 -6.181895 1.614173,
0.126401 -6.175813 1.614173,
0.135008 -6.169294 1.614173,
0.143278 -6.162354 1.614173,
0.151193 -6.155011 1.614173,
0.158732 -6.147281 1.614173,
0.165876 -6.139186 1.614173,
0.172607 -6.130745 1.614173,
0.178910 -6.121979 1.614173,
0.184768 -6.112909 1.614173,
0.190166 -6.103559 1.614173,
0.195092 -6.093951 1.614173,
0.199532 -6.084110 1.614173,
0.203477 -6.074059 1.614173,
0.206915 -6.063825 1.614173,
0.209840 -6.053432 1.614173,
0.212242 -6.042906 1.614173,
0.214117 -6.032273 1.614173,
0.215459 -6.021560 1.614173,
0.216266 -6.010793 1.614173,
0.216535 -5.000000 1.614173,
0.216266 -4.989207 1.614173,
0.215459 -4.978440 1.614173,
0.214117 -4.967727 1.614173,
0.212242 -4.957094 1.614173,
0.209840 -4.946568 1.614173,
0.206915 -4.936175 1.614173,
0.203477 -4.925941 1.614173,
0.199532 -4.915890 1.614173,
0.195092 -4.906049 1.614173,
0.190166 -4.896441 1.614173,
0.184768 -4.887091 1.614173,
0.178910 -4.878021 1.614173,
0.172607 -4.869255 1.614173,
0.165876 -4.860814 1.614173,
0.158732 -4.852719 1.614173,
0.151193 -4.844989 1.614173,
0.143278 -4.837646 1.614173,
0.135008 -4.830706 1.614173,
0.126401 -4.824187 1.614173,
0.117480 -4.818105 1.614173,
0.108268 -4.812475 1.614173,
0.098786 -4.807311 1.614173,
0.089058 -4.802627 1.614173,
0.079109 -4.798433 1.614173,
0.068964 -4.794740 1.614173,
0.058647 -4.791558 1.614173,
0.048184 -4.788894 1.614173,
0.037601 -4.786754 1.614173,
0.026925 -4.785145 1.614173,
0.016182 -4.784070 1.614173,
0.005398 -4.783532 1.614173,
-0.005398 -4.783532 1.614173,
-0.016182 -4.784070 1.614173,
-0.026925 -4.785145 1.614173,
-0.037601 -4.786754 1.614173,
-0.048184 -4.788894 1.614173,
-0.058647 -4.791558 1.614173,
-0.068964 -4.794740 1.614173,
-0.079109 -4.798433 1.614173,
-0.089058 -4.802627 1.614173,
-0.098786 -4.807311 1.614173,
-0.108268 -4.812475 1.614173,
-0.117480 -4.818105 1.614173,
-0.126401 -4.824187 1.614173,
-0.135008 -4.830706 1.614173,
-0.143278 -4.837646 1.614173,
-0.151193 -4.844989 1.614173,
-0.158732 -4.852719 1.614173,
-0.165876 -4.860814 1.614173,
-0.172607 -4.869255 1.614173,
-0.178910 -4.878021 1.614173,
-0.184768 -4.887091 1.614173,
-0.190166 -4.896441 1.614173,
-0.195092 -4.906049 1.614173,
-0.199532 -4.915890 1.614173,
-0.203477 -4.925941 1.614173,
-0.206915 -4.936175 1.614173,
-0.209840 -4.946568 1.614173,
-0.212242 -4.957094 1.614173,
-0.214117 -4.967727 1.614173,
-0.215459 -4.978440 1.614173,
-0.216266 -4.989207 1.614173,
-0.216535 -5.000000 1.614173,
-0.216266 -5.010793 1.614173,
-0.215459 -5.021560 1.614173,
-0.214117 -5.032273 1.614173,
-0.212242 -5.042906 1.614173,
-0.209840 -5.053432 1.614173,
-0.206915 -5.063825 1.614173,
-0.203477 -5.074059 1.614173,
-0.199532 -5.084110 1.614173,
-0.195092 -5.093951 1.614173,
-0.190166 -5.103559 1.614173,
-0.184768 -5.112909 1.614173,
-0.178910 -5.121979 1.614173,
-0.172607 -5.130745 1.614173,
-0.165876 -5.139186 1.614173,
-0.158732 -5.147281 1.614173,
-0.151193 -5.155011 1.614173,
-0.143278 -5.162354 1.614173,
-0.135008 -5.169294 1.614173,
-0.126401 -5.175813 1.614173,
-0.117480 -5.181895 1.614173,
-0.108268 -5.187525 1.614173,
-0.098786 -5.192689 1.614173,
-0.089058 -5.197373 1.614173,
-0.079109 -5.201567 1.614173,
-0.068964 -5.205260 1.614173,
-0.058647 -5.208442 1.614173,
-0.048184 -5.211106 1.614173,
-0.037601 -5.213246 1.614173,
-0.026925 -5.214855 1.614173,
-0.016182 -5.215930 1.614173,
-0.005398 -5.216468 1.614173,
0.005398 -5.216468 1.614173,
0.016182 -5.215930 1.614173,
0.026925 -5.214855 1.614173,
0.037601 -5.213246 1.614173,
0.048184 -5.211106 1.614173,
0.058647 -5.208442 1.614173,
0.068964 -5.205260 1.614173,
0.079109 -5.201567 1.614173,
0.089058 -5.197373 1.614173,
0.098786 -5.192689 1.614173,
0.108268 -5.187525 1.614173,
0.117480 -5.181895 1.614173,
0.126401 -5.175813 1.614173,
0.135008 -5.169294 1.614173,
0.143278 -5.162354 1.614173,
0.151193 -5.155011 1.614173,
0.158732 -5.147281 1.614173,
0.165876 -5.139186 1.614173,
0.172607 -5.130745 1.614173,
0.178910 -5.121979 1.614173,
0.184768 -5.112909 1.614173,
0.190166 -5.103559 1.614173,
0.195092 -5.093951 1.614173,
0.199532 -5.084110 1.614173,
0.203477 -5.074059 1.614173,
0.206915 -5.063825 1.614173,
0.209840 -5.053432 1.614173,
0.212242 -5.042906 1.614173,
0.214117 -5.032273 1.614173,
0.215459 -5.021560 1.614173,
0.216266 -5.010793 1.614173,
0.216535 -4.000000 1.614173,
0.216266 -3.989207 1.614173,
0.215459 -3.978440 1.614173,
0.214117 -3.967727 1.614173,
0.212242 -3.957094 1.614173,
0.209840 -3.946568 1.614173,
0.206915 -3.936175 1.614173,
0.203477 -3.925941 1.614173,
0.199532 -3.915890 1.614173,
0.195092 -3.906049 1.614173,
0.190166 -3.896441 1.614173,
0.184768 -3.887091 1.614173,
0.178910 -3.878021 1.614173,
0.172607 -3.869255 1.614173,
0.165876 -3.860814 1.614173,
0.158732 -3.852719 1.614173,
0.151193 -3.844989 1.614173,
0.143278 -3.837646 1.614173,
0.135008 -3.830706 1.614173,
0.126401 -3.824187 1.614173,
0.117480 -3.818105 1.614173,
0.108268 -3.812475 1.614173,
0.098786 -3.807311 1.614173,
0.089058 -3.802627 1.614173,
0.079109 -3.798433 1.614173,
0.068964 -3.794740 1.614173,
0.058647 -3.791558 1.614173,
0.048184 -3.788894 1.614173,
0.037601 -3.786754 1.614173,
0.026925 -3.785145 1.614173,
0.016182 -3.784070 1.614173,
0.005398 -3.783532 1.614173,
-0.005398 -3.783532 1.614173,
-0.016182 -3.784070 1.614173,
-0.026925 -3.785145 1.614173,
-0.037601 -3.786754 1.614173,
-0.048184 -3.788894 1.614173,
-0.058647 -3.791558 1.614173,
-0.068964 -3.794740 1.614173,
-0.079109 -3.798433 1.614173,
-0.089058 -3.802627 1.614173,
-0.098786 -3.807311 1.614173,
-0.108268 -3.812475 1.614173,
-0.117480 -3.818105 1.614173,
-0.126401 -3.824187 1.614173,
-0.135008 -3.830706 1.614173,
-0.143278 -3.837646 1.614173,
-0.151193 -3.844989 1.614173,
-0.158732 -3.852719 1.614173,
-0.165876 -3.860814 1.614173,
-0.172607 -3.869255 1.614173,
-0.178910 -3.878021 1.614173,
-0.184768 -3.887091 1.614173,
-0.190166 -3.896441 1.614173,
-0.195092 -3.906049 1.614173,
-0.199532 -3.915890 1.614173,
-0.203477 -3.925941 1.614173,
-0.206915 -3.936175 1.614173,
-0.209840 -3.946568 1.614173,
-0.212242 -3.957094 1.614173,
-0.214117 -3.967727 1.614173,
-0.215459 -3.978440 1.614173,
-0.216266 -3.989207 1.614173,
-0.216535 -4.000000 1.614173,
-0.216266 -4.010793 1.614173,
-0.215459 -4.021560 1.614173,
-0.214117 -4.032273 1.614173,
-0.212242 -4.042906 1.614173,
-0.209840 -4.053432 1.614173,
-0.206915 -4.063825 1.614173,
-0.203477 -4.074059 1.614173,
-0.199532 -4.084110 1.614173,
-0.195092 -4.093951 1.614173,
-0.190166 -4.103559 1.614173,
-0.184768 -4.112909 1.614173,
-0.178910 -4.121979 1.614173,
-0.172607 -4.130745 1.614173,
-0.165876 -4.139186 1.614173,
-0.158732 -4.147281 1.614173,
-0.151193 -4.155011 1.614173,
-0.143278 -4.162354 1.614173,
-0.135008 -4.169294 1.614173,
-0.126401 -4.175813 1.614173,
-0.117480 -4.181895 1.614173,
-0.108268 -4.187525 1.614173,
-0.098786 -4.192689 1.614173,
-0.089058 -4.197373 1.614173,
-0.079109 -4.201567 1.614173,
-0.068964 -4.205260 1.614173,
-0.058647 -4.208442 1.614173,
-0.048184 -4.211106 1.614173,
-0.037601 -4.213246 1.614173,
-0.026925 -4.214855 1.614173,
-0.016182 -4.215930 1.614173,
-0.005398 -4.216468 1.614173,
0.005398 -4.216468 1.614173,
0.016182 -4.215930 1.614173,
0.026925 -4.214855 1.614173,
0.037601 -4.213246 1.614173,
0.048184 -4.211106 1.614173,
0.058647 -4.208442 1.614173,
0.068964 -4.205260 1.614173,
0.079109 -4.201567 1.614173,
0.089058 -4.197373 1.614173,
0.098786 -4.192689 1.614173,
0.108268 -4.187525 1.614173,
0.117480 -4.181895 1.614173,
0.126401 -4.175813 1.614173,
0.135008 -4.169294 1.614173,
0.143278 -4.162354 1.614173,
0.151193 -4.155011 1.614173,
0.158732 -4.147281 1.614173,
0.165876 -4.139186 1.614173,
0.172607 -4.130745 1.614173,
0.178910 -4.121979 1.614173,
0.184768 -4.112909 1.614173,
0.190166 -4.103559 1.614173,
0.195092 -4.093951 1.614173,
0.199532 -4.084110 1.614173,
0.203477 -4.074059 1.614173,
0.206915 -4.063825 1.614173,
0.209840 -4.053432 1.614173,
0.212242 -4.042906 1.614173,
0.214117 -4.032273 1.614173,
0.215459 -4.021560 1.614173,
0.216266 -4.010793 1.614173,
0.216535 -3.000000 1.614173,
0.216266 -2.989207 1.614173,
0.215459 -2.978440 1.614173,
0.214117 -2.967727 1.614173,
0.212242 -2.957094 1.614173,
0.209840 -2.946568 1.614173,
0.206915 -2.936175 1.614173,
0.203477 -2.925941 1.614173,
0.199532 -2.915890 1.614173,
0.195092 -2.906049 1.614173,
0.190166 -2.896441 1.614173,
0.184768 -2.887091 1.614173,
0.178910 -2.878021 1.614173,
0.172607 -2.869255 1.614173,
0.165876 -2.860814 1.614173,
0.158732 -2.852719 1.614173,
0.151193 -2.844989 1.614173,
0.143278 -2.837646 1.614173,
0.135008 -2.830706 1.614173,
0.126401 -2.824187 1.614173,
0.117480 -2.818105 1.614173,
0.108268 -2.812475 1.614173,
0.098786 -2.807311 1.614173,
0.089058 -2.802627 1.614173,
0.079109 -2.798433 1.614173,
0.068964 -2.794740 1.614173,
0.058647 -2.791558 1.614173,
0.048184 -2.788894 1.614173,
0.037601 -2.786754 1.614173,
0.026925 -2.785145 1.614173,
0.016182 -2.784070 1.614173,
0.005398 -2.783532 1.614173,
-0.005398 -2.783532 1.614173,
-0.016182 -2.784070 1.614173,
-0.026925 -2.785145 1.614173,
-0.037601 -2.786754 1.614173,
-0.048184 -2.788894 1.614173,
-0.058647 -2.791558 1.614173,
-0.068964 -2.794740 1.614173,
-0.079109 -2.798433 1.614173,
-0.089058 -2.802627 1.614173,
-0.098786 -2.807311 1.614173,
-0.108268 -2.812475 1.614173,
-0.117480 -2.818105 1.614173,
-0.126401 -2.824187 1.614173,
-0.135008 -2.830706 1.614173,
-0.143278 -2.837646 1.614173,
-0.151193 -2.844989 1.614173,
-0.158732 -2.852719 1.614173,
-0.165876 -2.860814 1.614173,
-0.172607 -2.869255 1.614173,
-0.178910 -2.878021 1.614173,
-0.184768 -2.887091 1.614173,
-0.190166 -2.896441 1.614173,
-0.195092 -2.906049 1.614173,
-0.199532 -2.915890 1.614173,
-0.203477 -2.925941 1.614173,
-0.206915 -2.936175 1.614173,
-0.209840 -2.946568 1.614173,
-0.212242 -2.957094 1.614173,
-0.214117 -2.967727 1.614173,
-0.215459 -2.978440 1.614173,
-0.216266 -2.989207 1.614173,
-0.216535 -3.000000 1.614173,
-0.216266 -3.010793 1.614173,
-0.215459 -3.021560 1.614173,
-0.214117 -3.032273 1.614173,
-0.212242 -3.042906 1.614173,
-0.209840 -3.053432 1.614173,
-0.206915 -3.063825 1.614173,
-0.203477 -3.074059 1.614173,
-0.199532 -3.084110 1.614173,
-0.195092 -3.093951 1.614173,
-0.190166 -3.103559 1.614173,
-0.184768 -3.112909 1.614173,
-0.178910 -3.121979 1.614173,
-0.172607 -3.130745 1.614173,
-0.165876 -3.139186 1.614173,
-0.158732 -3.147281 1.614173,
-0.151193 -3.155011 1.614173,
-0.143278 -3.162354 1.614173,
-0.135008 -3.169294 1.614173,
-0.126401 -3.175813 1.614173,
-0.117480 -3.181895 1.614173,
-0.108268 -3.187525 1.614173,
-0.098786 -3.192689 1.614173,
-0.089058 -3.197373 1.614173,
-0.079109 -3.201567 1.614173,
-0.068964 -3.205260 1.614173,
-0.058647 -3.208442 1.614173,
-0.048184 -3.211106 1.614173,
-0.037601 -3.213246 1.614173,
-0.026925 -3.214855 1.614173,
-0.016182 -3.215930 1.614173,
-0.005398 -3.216468 1.614173,
0.005398 -3.216468 1.614173,
0.016182 -3.215930 1.614173,
0.026925 -3.214855 1.614173,
0.037601 -3.213246 1.614173,
0.048184 -3.211106 1.614173,
0.058647 -3.208442 1.614173,
0.068964 -3.205260 1.614173,
0.079109 -3.201567 1.614173,
0.089058 -3.197373 1.614173,
0.098786 -3.192689 1.614173,
0.108268 -3.187525 1.614173,
0.117480 -3.181895 1.614173,
0.126401 -3.175813 1.614173,
0.135008 -3.169294 1.614173,
0.143278 -3.162354 1.614173,
0.151193 -3.155011 1.614173,
0.158732 -3.147281 1.614173,
0.165876 -3.139186 1.614173,
0.172607 -3.130745 1.614173,
0.178910 -3.121979 1.614173,
0.184768 -3.112909 1.614173,
0.190166 -3.103559 1.614173,
0.195092 -3.093951 1.614173,
0.199532 -3.084110 1.614173,
0.203477 -3.074059 1.614173,
0.206915 -3.063825 1.614173,
0.209840 -3.053432 1.614173,
0.212242 -3.042906 1.614173,
0.214117 -3.032273 1.614173,
0.215459 -3.021560 1.614173,
0.216266 -3.010793 1.614173,
0.216535 -2.000000 1.614173,
0.216266 -1.989207 1.614173,
0.215459 -1.978440 1.614173,
0.214117 -1.967727 1.614173,
0.212242 -1.957094 1.614173,
0.209840 -1.946568 1.614173,
0.206915 -1.936175 1.614173,
0.203477 -1.925941 1.614173,
0.199532 -1.915890 1.614173,
0.195092 -1.906049 1.614173,
0.190166 -1.896441 1.614173,
0.184768 -1.887091 1.614173,
0.178910 -1.878021 1.614173,
0.172607 -1.869255 1.614173,
0.165876 -1.860814 1.614173,
0.158732 -1.852719 1.614173,
0.151193 -1.844989 1.614173,
0.143278 -1.837646 1.614173,
0.135008 -1.830706 1.614173,
0.126401 -1.824187 1.614173,
0.117480 -1.818105 1.614173,
0.108268 -1.812475 1.614173,
0.098786 -1.807311 1.614173,
0.089058 -1.802627 1.614173,
0.079109 -1.798433 1.614173,
0.068964 -1.794740 1.614173,
0.058647 -1.791558 1.614173,
0.048184 -1.788894 1.614173,
0.037601 -1.786754 1.614173,
0.026925 -1.785145 1.614173,
0.016182 -1.784070 1.614173,
0.005398 -1.783532 1.614173,
-0.005398 -1.783532 1.614173,
-0.016182 -1.784070 1.614173,
-0.026925 -1.785145 1.614173,
-0.037601 -1.786754 1.614173,
-0.048184 -1.788894 1.614173,
-0.058647 -1.791558 1.614173,
-0.068964 -1.794740 1.614173,
-0.079109 -1.798433 1.614173,
-0.089058 -1.802627 1.614173,
-0.098786 -1.807311 1.614173,
-0.108268 -1.812475 1.614173,
-0.117480 -1.818105 1.614173,
-0.126401 -1.824187 1.614173,
-0.135008 -1.830706 1.614173,
-0.143278 -1.837646 1.614173,
-0.151193 -1.844989 1.614173,
-0.158732 -1.852719 1.614173,
-0.165876 -1.860814 1.614173,
-0.172607 -1.869255 1.614173,
-0.178910 -1.878021 1.614173,
-0.184768 -1.887091 1.614173,
-0.190166 -1.896441 1.614173,
-0.195092 -1.906049 1.614173,
-0.199532 -1.915890 1.614173,
-0.203477 -1.925941 1.614173,
-0.206915 -1.936175 1.614173,
-0.209840 -1.946568 1.614173,
-0.212242 -1.957094 1.614173,
-0.214117 -1.967727 1.614173,
-0.215459 -1.978440 1.614173,
-0.216266 -1.989207 1.614173,
-0.216535 -2.000000 1.614173,
-0.216266 -2.010793 1.614173,
-0.215459 -2.021560 1.614173,
-0.214117 -2.032273 1.614173,
-0.212242 -2.042906 1.614173,
-0.209840 -2.053432 1.614173,
-0.206915 -2.063825 1.614173,
-0.203477 -2.074059 1.614173,
-0.199532 -2.084110 1.614173,
-0.195092 -2.093951 1.614173,
-0.190166 -2.103559 1.614173,
-0.184768 -2.112909 1.614173,
-0.178910 -2.121979 1.614173,
-0.172607 -2.130745 1.614173,
-0.165876 -2.139186 1.614173,
-0.158732 -2.147281 1.614173,
-0.151193 -2.155011 1.614173,
-0.143278 -2.162354 1.614173,
-0.135008 -2.169294 1.614173,
-0.126401 -2.175813 1.614173,
-0.117480 -2.181895 1.614173,
-0.108268 -2.187525 1.614173,
-0.098786 -2.192689 1.614173,
-0.089058 -2.197373 1.614173,
-0.079109 -2.201567 1.614173,
-0.068964 -2.205260 1.614173,
-0.058647 -2.208442 1.614173,
-0.048184 -2.211106 1.614173,
-0.037601 -2.213246 1.614173,
-0.026925 -2.214855 1.614173,
-0.016182 -2.215930 1.614173,
-0.005398 -2.216468 1.614173,
0.005398 -2.216468 1.614173,
0.016182 -2.215930 1.614173,
0.026925 -2.214855 1.614173,
0.037601 -2.213246 1.614173,
0.048184 -2.211106 1.614173,
0.058647 -2.208442 1.614173,
0.068964 -2.205260 1.614173,
0.079109 -2.201567 1.614173,
0.089058 -2.197373 1.614173,
0.098786 -2.192689 1.614173,
0.108268 -2.187525 1.614173,
0.117480 -2.181895 1.614173,
0.126401 -2.175813 1.614173,
0.135008 -2.169294 1.614173,
0.143278 -2.162354 1.614173,
0.151193 -2.155011 1.614173,
0.158732 -2.147281 1.614173,
0.165876 -2.139186 1.614173,
0.172607 -2.130745 1.614173,
0.178910 -2.121979 1.614173,
0.184768 -2.112909 1.614173,
0.190166 -2.103559 1.614173,
0.195092 -2.093951 1.614173,
0.199532 -2.084110 1.614173,
0.203477 -2.074059 1.614173,
0.206915 -2.063825 1.614173,
0.209840 -2.053432 1.614173,
0.212242 -2.042906 1.614173,
0.214117 -2.032273 1.614173,
0.215459 -2.021560 1.614173,
0.216266 -2.010793 1.614173,
0.216535 -1.000000 1.614173,
0.216266 -0.989207 1.614173,
0.215459 -0.978440 1.614173,
0.214117 -0.967727 1.614173,
0.212242 -0.957094 1.614173,
0.209840 -0.946568 1.614173,
0.206915 -0.936175 1.614173,
0.203477 -0.925941 1.614173,
0.199532 -0.915890 1.614173,
0.195092 -0.906049 1.614173,
0.190166 -0.896441 1.614173,
0.184768 -0.887091 1.614173,
0.178910 -0.878021 1.614173,
0.172607 -0.869255 1.614173,
0.165876 -0.860814 1.614173,
0.158732 -0.852719 1.614173,
0.151193 -0.844989 1.614173,
0.143278 -0.837646 1.614173,
0.135008 -0.830706 1.614173,
0.126401 -0.824187 1.614173,
0.117480 -0.818105 1.614173,
0.108268 -0.812475 1.614173,
0.098786 -0.807311 1.614173,
0.089058 -0.802627 1.614173,
0.079109 -0.798433 1.614173,
0.068964 -0.794740 1.614173,
0.058647 -0.791558 1.614173,
0.048184 -0.788894 1.614173,
0.037601 -0.786754 1.614173,
0.026925 -0.785145 1.614173,
0.016182 -0.784070 1.614173,
0.005398 -0.783532 1.614173,
-0.005398 -0.783532 1.614173,
-0.016182 -0.784070 1.614173,
-0.026925 -0.785145 1.614173,
-0.037601 -0.786754 1.614173,
-0.048184 -0.788894 1.614173,
-0.058647 -0.791558 1.614173,
-0.068964 -0.794740 1.614173,
-0.079109 -0.798433 1.614173,
-0.089058 -0.802627 1.614173,
-0.098786 -0.807311 1.614173,
-0.108268 -0.812475 1.614173,
-0.117480 -0.818105 1.614173,
-0.126401 -0.824187 1.614173,
-0.135008 -0.830706 1.614173,
-0.143278 -0.837646 1.614173,
-0.151193 -0.844989 1.614173,
-0.158732 -0.852719 1.614173,
-0.165876 -0.860814 1.614173,
-0.172607 -0.869255 1.614173,
-0.178910 -0.878021 1.614173,
-0.184768 -0.887091 1.614173,
-0.190166 -0.896441 1.614173,
-0.195092 -0.906049 1.614173,
-0.199532 -0.915890 1.614173,
-0.203477 -0.925941 1.614173,
-0.206915 -0.936175 1.614173,
-0.209840 -0.946568 1.614173,
-0.212242 -0.957094 1.614173,
-0.214117 -0.967727 1.614173,
-0.215459 -0.978440 1.614173,
-0.216266 -0.989207 1.614173,
-0.216535 -1.000000 1.614173,
-0.216266 -1.010793 1.614173,
-0.215459 -1.021560 1.614173,
-0.214117 -1.032273 1.614173,
-0.212242 -1.042906 1.614173,
-0.209840 -1.053432 1.614173,
-0.206915 -1.063825 1.614173,
-0.203477 -1.074059 1.614173,
-0.199532 -1.084110 1.614173,
-0.195092 -1.093951 1.614173,
-0.190166 -1.103559 1.614173,
-0.184768 -1.112909 1.614173,
-0.178910 -1.121979 1.614173,
-0.172607 -1.130745 1.614173,
-0.165876 -1.139186 1.614173,
-0.158732 -1.147281 1.614173,
-0.151193 -1.155011 1.614173,
-0.143278 -1.162354 1.614173,
-0.135008 -1.169294 1.614173,
-0.126401 -1.175813 1.614173,
-0.117480 -1.181895 1.614173,
-0.108268 -1.187525 1.614173,
-0.098786 -1.192689 1.614173,
-0.089058 -1.197373 1.614173,
-0.079109 -1.201567 1.614173,
-0.068964 -1.205260 1.614173,
-0.058647 -1.208442 1.614173,
-0.048184 -1.211106 1.614173,
-0.037601 -1.213246 1.614173,
-0.026925 -1.214855 1.614173,
-0.016182 -1.215930 1.614173,
-0.005398 -1.216468 1.614173,
0.005398 -1.216468 1.614173,
0.016182 -1.215930 1.614173,
0.026925 -1.214855 1.614173,
0.037601 -1.213246 1.614173,
0.048184 -1.211106 1.614173,
0.058647 -1.208442 1.614173,
0.068964 -1.205260 1.614173,
0.079109 -1.201567 1.614173,
0.089058 -1.197373 1.614173,
0.098786 -1.192689 1.614173,
0.108268 -1.187525 1.614173,
0.117480 -1.181895 1.614173,
0.126401 -1.175813 1.614173,
0.135008 -1.169294 1.614173,
0.143278 -1.162354 1.614173,
0.151193 -1.155011 1.614173,
0.158732 -1.147281 1.614173,
0.165876 -1.139186 1.614173,
0.172607 -1.130745 1.614173,
0.178910 -1.121979 1.614173,
0.184768 -1.112909 1.614173,
0.190166 -1.103559 1.614173,
0.195092 -1.093951 1.614173,
0.199532 -1.084110 1.614173,
0.203477 -1.074059 1.614173,
0.206915 -1.063825 1.614173,
0.209840 -1.053432 1.614173,
0.212242 -1.042906 1.614173,
0.214117 -1.032273 1.614173,
0.215459 -1.021560 1.614173,
0.216266 -1.010793 1.614173,
0.216535 -0.000000 1.614173,
0.216266 0.010793 1.614173,
0.215459 0.021560 1.614173,
0.214117 0.032273 1.614173,
0.212242 0.042906 1.614173,
0.209840 0.053432 1.614173,
0.206915 0.063825 1.614173,
0.203477 0.074059 1.614173,
0.199532 0.084110 1.614173,
0.195092 0.093951 1.614173,
0.190166 0.103559 1.614173,
0.184768 0.112909 1.614173,
0.178910 0.121979 1.614173,
0.172607 0.130745 1.614173,
0.165876 0.139186 1.614173,
0.158732 0.147281 1.614173,
0.151193 0.155011 1.614173,
0.143278 0.162354 1.614173,
0.135008 0.169294 1.614173,
0.126401 0.175813 1.614173,
0.117480 0.181895 1.614173,
0.108268 0.187525 1.614173,
0.098786 0.192689 1.614173,
0.089058 0.197373 1.614173,
0.079109 0.201567 1.614173,
0.068964 0.205260 1.614173,
0.058647 0.208442 1.614173,
0.048184 0.211106 1.614173,
0.037601 0.213246 1.614173,
0.026925 0.214855 1.614173,
0.016182 0.215930 1.614173,
0.005398 0.216468 1.614173,
-0.005398 0.216468 1.614173,
-0.016182 0.215930 1.614173,
-0.026925 0.214855 1.614173,
-0.037601 0.213246 1.614173,
-0.048184 0.211106 1.614173,
-0.058647 0.208442 1.614173,
-0.068964 0.205260 1.614173,
-0.079109 0.201567 1.614173,
-0.089058 0.197373 1.614173,
-0.098786 0.192689 1.614173,
-0.108268 0.187525 1.614173,
-0.117480 0.181895 1.614173,
-0.126401 0.175813 1.614173,
-0.135008 0.169294 1.614173,
-0.143278 0.162354 1.614173,
-0.151193 0.155011 1.614173,
-0.158732 0.147281 1.614173,
-0.165876 0.139186 1.614173,
-0.172607 0.130745 1.614173,
-0.178910 0.121979 1.614173,
-0.184768 0.112909 1.614173,
-0.190166 0.103559 1.614173,
-0.195092 0.093951 1.614173,
-0.199532 0.084110 1.614173,
-0.203477 0.074059 1.614173,
-0.206915 0.063825 1.614173,
-0.209840 0.053432 1.614173,
-0.212242 0.042906 1.614173,
-0.214117 0.032273 1.614173,
-0.215459 0.021560 1.614173,
-0.216266 0.010793 1.614173,
-0.216535 -0.000000 1.614173,
-0.216266 -0.010793 1.614173,
-0.215459 -0.021560 1.614173,
-0.214117 -0.032273 1.614173,
-0.212242 -0.042906 1.614173,
-0.209840 -0.053432 1.614173,
-0.206915 -0.063825 1.614173,
-0.203477 -0.074059 1.614173,
-0.199532 -0.084110 1.614173,
-0.195092 -0.093951 1.614173,
-0.190166 -0.103559 1.614173,
-0.184768 -0.112909 1.614173,
-0.178910 -0.121979 1.614173,
-0.172607 -0.130745 1.614173,
-0.165876 -0.139186 1.614173,
-0.158732 -0.147281 1.614173,
-0.151193 -0.155011 1.614173,
-0.143278 -0.162354 1.614173,
-0.135008 -0.169294 1.614173,
-0.126401 -0.175813 1.614173,
-0.117480 -0.181895 1.614173,
-0.108268 -0.187525 1.614173,
-0.098786 -0.192689 1.614173,
-0.089058 -0.197373 1.614173,
-0.079109 -0.201567 1.614173,
-0.068964 -0.205260 1.614173,
-0.058647 -0.208442 1.614173,
-0.048184 -0.211106 1.614173,
-0.037601 -0.213246 1.614173,
-0.026925 -0.214855 1.614173,
-0.016182 -0.215930 1.614173,
-0.005398 -0.216468 1.614173,
0.005398 -0.216468 1.614173,
0.016182 -0.215930 1.614173,
0.026925 -0.214855 1.614173,
0.037601 -0.213246 1.614173,
0.048184 -0.211106 1.614173,
0.058647 -0.208442 1.614173,
0.068964 -0.205260 1.614173,
0.079109 -0.201567 1.614173,
0.089058 -0.197373 1.614173,
0.098786 -0.192689 1.614173,
0.108268 -0.187525 1.614173,
0.117480 -0.181895 1.614173,
0.126401 -0.175813 1.614173,
0.135008 -0.169294 1.614173,
0.143278 -0.162354 1.614173,
0.151193 -0.155011 1.614173,
0.158732 -0.147281 1.614173,
0.165876 -0.139186 1.614173,
0.172607 -0.130745 1.614173,
0.178910 -0.121979 1.614173,
0.184768 -0.112909 1.614173,
0.190166 -0.103559 1.614173,
0.195092 -0.093951 1.614173,
0.199532 -0.084110 1.614173,
0.203477 -0.074059 1.614173,
0.206915 -0.063825 1.614173,
0.209840 -0.053432 1.614173,
0.212242 -0.042906 1.614173,
0.214117 -0.032273 1.614173,
0.215459 -0.021560 1.614173,
0.216266 -0.010793 1.614173,
3.216535 -6.000000 1.614173,
3.216266 -5.989207 1.614173,
3.215459 -5.978440 1.614173,
3.214117 -5.967727 1.614173,
3.212242 -5.957094 1.614173,
3.209840 -5.946568 1.614173,
3.206915 -5.936175 1.614173,
3.203477 -5.925941 1.614173,
3.199532 -5.915890 1.614173,
3.195092 -5.906049 1.614173,
3.190166 -5.896441 1.614173,
3.184768 -5.887091 1.614173,
3.178910 -5.878021 1.614173,
3.172607 -5.869255 1.614173,
3.165876 -5.860814 1.614173,
3.158732 -5.852719 1.614173,
3.151193 -5.844989 1.614173,
3.143278 -5.837646 1.614173,
3.135008 -5.830706 1.614173,
3.126401 -5.824187 1.614173,
3.117480 -5.818105 1.614173,
3.108268 -5.812475 1.614173,
3.098786 -5.807311 1.614173,
3.089058 -5.802627 1.614173,
3.079109 -5.798433 1.614173,
3.068964 -5.794740 1.614173,
3.058647 -5.791558 1.614173,
3.048184 -5.788894 1.614173,
3.037601 -5.786754 1.614173,
3.026925 -5.785145 1.614173,
3.016182 -5.784070 1.614173,
3.005398 -5.783532 1.614173,
2.994602 -5.783532 1.614173,
2.983818 -5.784070 1.614173,
2.973075 -5.785145 1.614173,
2.962399 -5.786754 1.614173,
2.951816 -5.788894 1.614173,
2.941353 -5.791558 1.614173,
2.931036 -5.794740 1.614173,
2.920891 -5.798433 1.614173,
2.910942 -5.802627 1.614173,
2.901214 -5.807311 1.614173,
2.891732 -5.812475 1.614173,
2.882520 -5.818105 1.614173,
2.873599 -5.824187 1.614173,
2.864992 -5.830706 1.614173,
2.856722 -5.837646 1.614173,
2.848807 -5.844989 1.614173,
2.841268 -5.852719 1.614173,
2.834124 -5.860814 1.614173,
2.827393 -5.869255 1.614173,
2.821090 -5.878021 1.614173,
2.815232 -5.887091 1.614173,
2.809834 -5.896441 1.614173,
2.804908 -5.906049 1.614173,
2.800468 -5.915890 1.614173,
2.796523 -5.925941 1.614173,
2.793085 -5.936175 1.614173,
2.790160 -5.946568 1.614173,
2.787758 -5.957094 1.614173,
2.785883 -5.967727 1.614173,
2.784541 -5.978440 1.614173,
2.783734 -5.989207 1.614173,
2.783465 -6.000000 1.614173,
2.783734 -6.010793 1.614173,
2.784541 -6.021560 1.614173,
2.785883 -6.032273 1.614173,
2.787758 -6.042906 1.614173,
2.790160 -6.053432 1.614173,
2.793085 -6.063825 1.614173,
2.796523 -6.074059 1.614173,
2.800468 -6.084110 1.614173,
2.804908 -6.093951 1.614173,
2.809834 -6.103559 1.614173,
2.815232 -6.112909 1.614173,
2.821090 -6.121979 1.614173,
2.827393 -6.130745 1.614173,
2.834124 -6.139186 1.614173,
2.841268 -6.147281 1.614173,
2.848807 -6.155011 1.614173,
2.856722 -6.162354 1.614173,
2.864992 -6.169294 1.614173,
2.873599 -6.175813 1.614173,
2.882520 -6.181895 1.614173,
2.891732 -6.187525 1.614173,
2.901214 -6.192689 1.614173,
2.910942 -6.197373 1.614173,
2.920891 -6.201567 1.614173,
2.931036 -6.205260 1.614173,
2.941353 -6.208442 1.614173,
2.951816 -6.211106 1.614173,
2.962399 -6.213246 1.614173,
2.973075 -6.214855 1.614173,
2.983818 -6.215930 1.614173,
2.994602 -6.216468 1.614173,
3.005398 -6.216468 1.614173,
3.016182 -6.215930 1.614173,
3.026925 -6.214855 1.614173,
3.037601 -6.213246 1.614173,
3.048184 -6.211106 1.614173,
3.058647 -6.208442 1.614173,
3.068964 -6.205260 1.614173,
3.079109 -6.201567 1.614173,
3.089058 -6.197373 1.614173,
3.098786 -6.192689 1.614173,
3.108268 -6.187525 1.614173,
3.117480 -6.181895 1.614173,
3.126401 -6.175813 1.614173,
3.135008 -6.169294 1.614173,
3.143278 -6.162354 1.614173,
3.151193 -6.155011 1.614173,
3.158732 -6.147281 1.614173,
3.165876 -6.139186 1.614173,
3.172607 -6.130745 1.614173,
3.178910 -6.121979 1.614173,
3.184768 -6.112909 1.614173,
3.190166 -6.103559 1.614173,
3.195092 -6.093951 1.614173,
3.199532 -6.084110 1.614173,
3.203477 -6.074059 1.614173,
3.206915 -6.063825 1.614173,
3.209840 -6.053432 1.614173,
3.212242 -6.042906 1.614173,
3.214117 -6.032273 1.614173,
3.215459 -6.021560 1.614173,
3.216266 -6.010793 1.614173,
3.216535 -5.000000 1.614173,
3.216266 -4.989207 1.614173,
3.215459 -4.978440 1.614173,
3.214117 -4.967727 1.614173,
3.212242 -4.957094 1.614173,
3.209840 -4.946568 1.614173,
3.206915 -4.936175 1.614173,
3.203477 -4.925941 1.614173,
3.199532 -4.915890 1.614173,
3.195092 -4.906049 1.614173,
3.190166 -4.896441 1.614173,
3.184768 -4.887091 1.614173,
3.178910 -4.878021 1.614173,
3.172607 -4.869255 1.614173,
3.165876 -4.860814 1.614173,
3.158732 -4.852719 1.614173,
3.151193 -4.844989 1.614173,
3.143278 -4.837646 1.614173,
3.135008 -4.830706 1.614173,
3.126401 -4.824187 1.614173,
3.117480 -4.818105 1.614173,
3.108268 -4.812475 1.614173,
3.098786 -4.807311 1.614173,
3.089058 -4.802627 1.614173,
3.079109 -4.798433 1.614173,
3.068964 -4.794740 1.614173,
3.058647 -4.791558 1.614173,
3.048184 -4.788894 1.614173,
3.037601 -4.786754 1.614173,
3.026925 -4.785145 1.614173,
3.016182 -4.784070 1.614173,
3.005398 -4.783532 1.614173,
2.994602 -4.783532 1.614173,
2.983818 -4.784070 1.614173,
2.973075 -4.785145 1.614173,
2.962399 -4.786754 1.614173,
2.951816 -4.788894 1.614173,
2.941353 -4.791558 1.614173,
2.931036 -4.794740 1.614173,
2.920891 -4.798433 1.614173,
2.910942 -4.802627 1.614173,
2.901214 -4.807311 1.614173,
2.891732 -4.812475 1.614173,
2.882520 -4.818105 1.614173,
2.873599 -4.824187 1.614173,
2.864992 -4.830706 1.614173,
2.856722 -4.837646 1.614173,
2.848807 -4.844989 1.614173,
2.841268 -4.852719 1.614173,
2.834124 -4.860814 1.614173,
2.827393 -4.869255 1.614173,
2.821090 -4.878021 1.614173,
2.815232 -4.887091 1.614173,
2.809834 -4.896441 1.614173,
2.804908 -4.906049 1.614173,
2.800468 -4.915890 1.614173,
2.796523 -4.925941 1.614173,
2.793085 -4.936175 1.614173,
2.790160 -4.946568 1.614173,
2.787758 -4.957094 1.614173,
2.785883 -4.967727 1.614173,
2.784541 -4.978440 1.614173,
2.783734 -4.989207 1.614173,
2.783465 -5.000000 1.614173,
2.783734 -5.010793 1.614173,
2.784541 -5.021560 1.614173,
2.785883 -5.032273 1.614173,
2.787758 -5.042906 1.614173,
2.790160 -5.053432 1.614173,
2.793085 -5.063825 1.614173,
2.796523 -5.074059 1.614173,
2.800468 -5.084110 1.614173,
2.804908 -5.093951 1.614173,
2.809834 -5.103559 1.614173,
2.815232 -5.112909 1.614173,
2.821090 -5.121979 1.614173,
2.827393 -5.130745 1.614173,
2.834124 -5.139186 1.614173,
2.841268 -5.147281 1.614173,
2.848807 -5.155011 1.614173,
2.856722 -5.162354 1.614173,
2.864992 -5.169294 1.614173,
2.873599 -5.175813 1.614173,
2.882520 -5.181895 1.614173,
2.891732 -5.187525 1.614173,
2.901214 -5.192689 1.614173,
2.910942 -5.197373 1.614173,
2.920891 -5.201567 1.614173,
2.931036 -5.205260 1.614173,
2.941353 -5.208442 1.614173,
2.951816 -5.211106 1.614173,
2.962399 -5.213246 1.614173,
2.973075 -5.214855 1.614173,
2.983818 -5.215930 1.614173,
2.994602 -5.216468 1.614173,
3.005398 -5.216468 1.614173,
3.016182 -5.215930 1.614173,
3.026925 -5.214855 1.614173,
3.037601 -5.213246 1.614173,
3.048184 -5.211106 1.614173,
3.058647 -5.208442 1.614173,
3.068964 -5.205260 1.614173,
3.079109 -5.201567 1.614173,
3.089058 -5.197373 1.614173,
3.098786 -5.192689 1.614173,
3.108268 -5.187525 1.614173,
3.117480 -5.181895 1.614173,
3.126401 -5.175813 1.614173,
3.135008 -5.169294 1.614173,
3.143278 -5.162354 1.614173,
3.151193 -5.155011 1.614173,
3.158732 -5.147281 1.614173,
3.165876 -5.139186 1.614173,
3.172607 -5.130745 1.614173,
3.178910 -5.121979 1.614173,
3.184768 -5.112909 1.614173,
3.190166 -5.103559 1.614173,
3.195092 -5.093951 1.614173,
3.199532 -5.084110 1.614173,
3.203477 -5.074059 1.614173,
3.206915 -5.063825 1.614173,
3.209840 -5.053432 1.614173,
3.212242 -5.042906 1.614173,
3.214117 -5.032273 1.614173,
3.215459 -5.021560 1.614173,
3.216266 -5.010793 1.614173,
3.216535 -4.000000 1.614173,
3.216266 -3.989207 1.614173,
3.215459 -3.978440 1.614173,
3.214117 -3.967727 1.614173,
3.212242 -3.957094 1.614173,
3.209840 -3.946568 1.614173,
3.206915 -3.936175 1.614173,
3.203477 -3.925941 1.614173,
3.199532 -3.915890 1.614173,
3.195092 -3.906049 1.614173,
3.190166 -3.896441 1.614173,
3.184768 -3.887091 1.614173,
3.178910 -3.878021 1.614173,
3.172607 -3.869255 1.614173,
3.165876 -3.860814 1.614173,
3.158732 -3.852719 1.614173,
3.151193 -3.844989 1.614173,
3.143278 -3.837646 1.614173,
3.135008 -3.830706 1.614173,
3.126401 -3.824187 1.614173,
3.117480 -3.818105 1.614173,
3.108268 -3.812475 1.614173,
3.098786 -3.807311 1.614173,
3.089058 -3.802627 1.614173,
3.079109 -3.798433 1.614173,
3.068964 -3.794740 1.614173,
3.058647 -3.791558 1.614173,
3.048184 -3.788894 1.614173,
3.037601 -3.786754 1.614173,
3.026925 -3.785145 1.614173,
3.016182 -3.784070 1.614173,
3.005398 -3.783532 1.614173,
2.994602 -3.783532 1.614173,
2.983818 -3.784070 1.614173,
2.973075 -3.785145 1.614173,
2.962399 -3.786754 1.614173,
2.951816 -3.788894 1.614173,
2.941353 -3.791558 1.614173,
2.931036 -3.794740 1.614173,
2.920891 -3.798433 1.614173,
2.910942 -3.802627 1.614173,
2.901214 -3.807311 1.614173,
2.891732 -3.812475 1.614173,
2.882520 -3.818105 1.614173,
2.873599 -3.824187 1.614173,
2.864992 -3.830706 1.614173,
2.856722 -3.837646 1.614173,
2.848807 -3.844989 1.614173,
2.841268 -3.852719 1.614173,
2.834124 -3.860814 1.614173,
2.827393 -3.869255 1.614173,
2.821090 -3.878021 1.614173,
2.815232 -3.887091 1.614173,
2.809834 -3.896441 1.614173,
2.804908 -3.906049 1.614173,
2.800468 -3.915890 1.614173,
2.796523 -3.925941 1.614173,
2.793085 -3.936175 1.614173,
2.790160 -3.946568 1.614173,
2.787758 -3.957094 1.614173,
2.785883 -3.967727 1.614173,
2.784541 -3.978440 1.614173,
2.783734 -3.989207 1.614173,
2.783465 -4.000000 1.614173,
2.783734 -4.010793 1.614173,
2.784541 -4.021560 1.614173,
2.785883 -4.032273 1.614173,
2.787758 -4.042906 1.614173,
2.790160 -4.053432 1.614173,
2.793085 -4.063825 1.614173,
2.796523 -4.074059 1.614173,
2.800468 -4.084110 1.614173,
2.804908 -4.093951 1.614173,
2.809834 -4.103559 1.614173,
2.815232 -4.112909 1.614173,
2.821090 -4.121979 1.614173,
2.827393 -4.130745 1.614173,
2.834124 -4.139186 1.614173,
2.841268 -4.147281 1.614173,
2.848807 -4.155011 1.614173,
2.856722 -4.162354 1.614173,
2.864992 -4.169294 1.614173,
2.873599 -4.175813 1.614173,
2.882520 -4.181895 1.614173,
2.891732 -4.187525 1.614173,
2.901214 -4.192689 1.614173,
2.910942 -4.197373 1.614173,
2.920891 -4.201567 1.614173,
2.931036 -4.205260 1.614173,
2.941353 -4.208442 1.614173,
2.951816 -4.211106 1.614173,
2.962399 -4.213246 1.614173,
2.973075 -4.214855 1.614173,
2.983818 -4.215930 1.614173,
2.994602 -4.216468 1.614173,
3.005398 -4.216468 1.614173,
3.016182 -4.215930 1.614173,
3.026925 -4.214855 1.614173,
3.037601 -4.213246 1.614173,
3.048184 -4.211106 1.614173,
3.058647 -4.208442 1.614173,
3.068964 -4.205260 1.614173,
3.079109 -4.201567 1.614173,
3.089058 -4.197373 1.614173,
3.098786 -4.192689 1.614173,
3.108268 -4.187525 1.614173,
3.117480 -4.181895 1.614173,
3.126401 -4.175813 1.614173,
3.135008 -4.169294 1.614173,
3.143278 -4.162354 1.614173,
3.151193 -4.155011 1.614173,
3.158732 -4.147281 1.614173,
3.165876 -4.139186 1.614173,
3.172607 -4.130745 1.614173,
3.178910 -4.121979 1.614173,
3.184768 -4.112909 1.614173,
3.190166 -4.103559 1.614173,
3.195092 -4.093951 1.614173,
3.199532 -4.084110 1.614173,
3.203477 -4.074059 1.614173,
3.206915 -4.063825 1.614173,
3.209840 -4.053432 1.614173,
3.212242 -4.042906 1.614173,
3.214117 -4.032273 1.614173,
3.215459 -4.021560 1.614173,
3.216266 -4.010793 1.614173,
3.216535 -3.000000 1.614173,
3.216266 -2.989207 1.614173,
3.215459 -2.978440 1.614173,
3.214117 -2.967727 1.614173,
3.212242 -2.957094 1.614173,
3.209840 -2.946568 1.614173,
3.206915 -2.936175 1.614173,
3.203477 -2.925941 1.614173,
3.199532 -2.915890 1.614173,
3.195092 -2.906049 1.614173,
3.190166 -2.896441 1.614173,
3.184768 -2.887091 1.614173,
3.178910 -2.878021 1.614173,
3.172607 -2.869255 1.614173,
3.165876 -2.860814 1.614173,
3.158732 -2.852719 1.614173,
3.151193 -2.844989 1.614173,
3.143278 -2.837646 1.614173,
3.135008 -2.830706 1.614173,
3.126401 -2.824187 1.614173,
3.117480 -2.818105 1.614173,
3.108268 -2.812475 1.614173,
3.098786 -2.807311 1.614173,
3.089058 -2.802627 1.614173,
3.079109 -2.798433 1.614173,
3.068964 -2.794740 1.614173,
3.058647 -2.791558 1.614173,
3.048184 -2.788894 1.614173,
3.037601 -2.786754 1.614173,
3.026925 -2.785145 1.614173,
3.016182 -2.784070 1.614173,
3.005398 -2.783532 1.614173,
2.994602 -2.783532 1.614173,
2.983818 -2.784070 1.614173,
2.973075 -2.785145 1.614173,
2.962399 -2.786754 1.614173,
2.951816 -2.788894 1.614173,
2.941353 -2.791558 1.614173,
2.931036 -2.794740 1.614173,
2.920891 -2.798433 1.614173,
2.910942 -2.802627 1.614173,
2.901214 -2.807311 1.614173,
2.891732 -2.812475 1.614173,
2.882520 -2.818105 1.614173,
2.873599 -2.824187 1.614173,
2.864992 -2.830706 1.614173,
2.856722 -2.837646 1.614173,
2.848807 -2.844989 1.614173,
2.841268 -2.852719 1.614173,
2.834124 -2.860814 1.614173,
2.827393 -2.869255 1.614173,
2.821090 -2.878021 1.614173,
2.815232 -2.887091 1.614173,
2.809834 -2.896441 1.614173,
2.804908 -2.906049 1.614173,
2.800468 -2.915890 1.614173,
2.796523 -2.925941 1.614173,
2.793085 -2.936175 1.614173,
2.790160 -2.946568 1.614173,
2.787758 -2.957094 1.614173,
2.785883 -2.967727 1.614173,
2.784541 -2.978440 1.614173,
2.783734 -2.989207 1.614173,
2.783465 -3.000000 1.614173,
2.783734 -3.010793 1.614173,
2.784541 -3.021560 1.614173,
2.785883 -3.032273 1.614173,
2.787758 -3.042906 1.614173,
2.790160 -3.053432 1.614173,
2.793085 -3.063825 1.614173,
2.796523 -3.074059 1.614173,
2.800468 -3.084110 1.614173,
2.804908 -3.093951 1.614173,
2.809834 -3.103559 1.614173,
2.815232 -3.112909 1.614173,
2.821090 -3.121979 1.614173,
2.827393 -3.130745 1.614173,
2.834124 -3.139186 1.614173,
2.841268 -3.147281 1.614173,
2.848807 -3.155011 1.614173,
2.856722 -3.162354 1.614173,
2.864992 -3.169294 1.614173,
2.873599 -3.175813 1.614173,
2.882520 -3.181895 1.614173,
2.891732 -3.187525 1.614173,
2.901214 -3.192689 1.614173,
2.910942 -3.197373 1.614173,
2.920891 -3.201567 1.614173,
2.931036 -3.205260 1.614173,
2.941353 -3.208442 1.614173,
2.951816 -3.211106 1.614173,
2.962399 -3.213246 1.614173,
2.973075 -3.214855 1.614173,
2.983818 -3.215930 1.614173,
2.994602 -3.216468 1.614173,
3.005398 -3.216468 1.614173,
3.016182 -3.215930 1.614173,
3.026925 -3.214855 1.614173,
3.037601 -3.213246 1.614173,
3.048184 -3.211106 1.614173,
3.058647 -3.208442 1.614173,
3.068964 -3.205260 1.614173,
3.079109 -3.201567 1.614173,
3.089058 -3.197373 1.614173,
3.098786 -3.192689 1.614173,
3.108268 -3.187525 1.614173,
3.117480 -3.181895 1.614173,
3.126401 -3.175813 1.614173,
3.135008 -3.169294 1.614173,
3.143278 -3.162354 1.614173,
3.151193 -3.155011 1.614173,
3.158732 -3.147281 1.614173,
3.165876 -3.139186 1.614173,
3.172607 -3.130745 1.614173,
3.178910 -3.121979 1.614173,
3.184768 -3.112909 1.614173,
3.190166 -3.103559 1.614173,
3.195092 -3.093951 1.614173,
3.199532 -3.084110 1.614173,
3.203477 -3.074059 1.614173,
3.206915 -3.063825 1.614173,
3.209840 -3.053432 1.614173,
3.212242 -3.042906 1.614173,
3.214117 -3.032273 1.614173,
3.215459 -3.021560 1.614173,
3.216266 -3.010793 1.614173,
3.216535 -2.000000 1.614173,
3.216266 -1.989207 1.614173,
3.215459 -1.978440 1.614173,
3.214117 -1.967727 1.614173,
3.212242 -1.957094 1.614173,
3.209840 -1.946568 1.614173,
3.206915 -1.936175 1.614173,
3.203477 -1.925941 1.614173,
3.199532 -1.915890 1.614173,
3.195092 -1.906049 1.614173,
3.190166 -1.896441 1.614173,
3.184768 -1.887091 1.614173,
3.178910 -1.878021 1.614173,
3.172607 -1.869255 1.614173,
3.165876 -1.860814 1.614173,
3.158732 -1.852719 1.614173,
3.151193 -1.844989 1.614173,
3.143278 -1.837646 1.614173,
3.135008 -1.830706 1.614173,
3.126401 -1.824187 1.614173,
3.117480 -1.818105 1.614173,
3.108268 -1.812475 1.614173,
3.098786 -1.807311 1.614173,
3.089058 -1.802627 1.614173,
3.079109 -1.798433 1.614173,
3.068964 -1.794740 1.614173,
3.058647 -1.791558 1.614173,
3.048184 -1.788894 1.614173,
3.037601 -1.786754 1.614173,
3.026925 -1.785145 1.614173,
3.016182 -1.784070 1.614173,
3.005398 -1.783532 1.614173,
2.994602 -1.783532 1.614173,
2.983818 -1.784070 1.614173,
2.973075 -1.785145 1.614173,
2.962399 -1.786754 1.614173,
2.951816 -1.788894 1.614173,
2.941353 -1.791558 1.614173,
2.931036 -1.794740 1.614173,
2.920891 -1.798433 1.614173,
2.910942 -1.802627 1.614173,
2.901214 -1.807311 1.614173,
2.891732 -1.812475 1.614173,
2.882520 -1.818105 1.614173,
2.873599 -1.824187 1.614173,
2.864992 -1.830706 1.614173,
2.856722 -1.837646 1.614173,
2.848807 -1.844989 1.614173,
2.841268 -1.852719 1.614173,
2.834124 -1.860814 1.614173,
2.827393 -1.869255 1.614173,
2.821090 -1.878021 1.614173,
2.815232 -1.887091 1.614173,
2.809834 -1.896441 1.614173,
2.804908 -1.906049 1.614173,
2.800468 -1.915890 1.614173,
2.796523 -1.925941 1.614173,
2.793085 -1.936175 1.614173,
2.790160 -1.946568 1.614173,
2.787758 -1.957094 1.614173,
2.785883 -1.967727 1.614173,
2.784541 -1.978440 1.614173,
2.783734 -1.989207 1.614173,
2.783465 -2.000000 1.614173,
2.783734 -2.010793 1.614173,
2.784541 -2.021560 1.614173,
2.785883 -2.032273 1.614173,
2.787758 -2.042906 1.614173,
2.790160 -2.053432 1.614173,
2.793085 -2.063825 1.614173,
2.796523 -2.074059 1.614173,
2.800468 -2.084110 1.614173,
2.804908 -2.093951 1.614173,
2.809834 -2.103559 1.614173,
2.815232 -2.112909 1.614173,
2.821090 -2.121979 1.614173,
2.827393 -2.130745 1.614173,
2.834124 -2.139186 1.614173,
2.841268 -2.147281 1.614173,
2.848807 -2.155011 1.614173,
2.856722 -2.162354 1.614173,
2.864992 -2.169294 1.614173,
2.873599 -2.175813 1.614173,
2.882520 -2.181895 1.614173,
2.891732 -2.187525 1.614173,
2.901214 -2.192689 1.614173,
2.910942 -2.197373 1.614173,
2.920891 -2.201567 1.614173,
2.931036 -2.205260 1.614173,
2.941353 -2.208442 1.614173,
2.951816 -2.211106 1.614173,
2.962399 -2.213246 1.614173,
2.973075 -2.214855 1.614173,
2.983818 -2.215930 1.614173,
2.994602 -2.216468 1.614173,
3.005398 -2.216468 1.614173,
3.016182 -2.215930 1.614173,
3.026925 -2.214855 1.614173,
3.037601 -2.213246 1.614173,
3.048184 -2.211106 1.614173,
3.058647 -2.208442 1.614173,
3.068964 -2.205260 1.614173,
3.079109 -2.201567 1.614173,
3.089058 -2.197373 1.614173,
3.098786 -2.192689 1.614173,
3.108268 -2.187525 1.614173,
3.117480 -2.181895 1.614173,
3.126401 -2.175813 1.614173,
3.135008 -2.169294 1.614173,
3.143278 -2.162354 1.614173,
3.151193 -2.155011 1.614173,
3.158732 -2.147281 1.614173,
3.165876 -2.139186 1.614173,
3.172607 -2.130745 1.614173,
3.178910 -2.121979 1.614173,
3.184768 -2.112909 1.614173,
3.190166 -2.103559 1.614173,
3.195092 -2.093951 1.614173,
3.199532 -2.084110 1.614173,
3.203477 -2.074059 1.614173,
3.206915 -2.063825 1.614173,
3.209840 -2.053432 1.614173,
3.212242 -2.042906 1.614173,
3.214117 -2.032273 1.614173,
3.215459 -2.021560 1.614173,
3.216266 -2.010793 1.614173,
3.216535 -1.000000 1.614173,
3.216266 -0.989207 1.614173,
3.215459 -0.978440 1.614173,
3.214117 -0.967727 1.614173,
3.212242 -0.957094 1.614173,
3.209840 -0.946568 1.614173,
3.206915 -0.936175 1.614173,
3.203477 -0.925941 1.614173,
3.199532 -0.915890 1.614173,
3.195092 -0.906049 1.614173,
3.190166 -0.896441 1.614173,
3.184768 -0.887091 1.614173,
3.178910 -0.878021 1.614173,
3.172607 -0.869255 1.614173,
3.165876 -0.860814 1.614173,
3.158732 -0.852719 1.614173,
3.151193 -0.844989 1.614173,
3.143278 -0.837646 1.614173,
3.135008 -0.830706 1.614173,
3.126401 -0.824187 1.614173,
3.117480 -0.818105 1.614173,
3.108268 -0.812475 1.614173,
3.098786 -0.807311 1.614173,
3.089058 -0.802627 1.614173,
3.079109 -0.798433 1.614173,
3.068964 -0.794740 1.614173,
3.058647 -0.791558 1.614173,
3.048184 -0.788894 1.614173,
3.037601 -0.786754 1.614173,
3.026925 -0.785145 1.614173,
3.016182 -0.784070 1.614173,
3.005398 -0.783532 1.614173,
2.994602 -0.783532 1.614173,
2.983818 -0.784070 1.614173,
2.973075 -0.785145 1.614173,
2.962399 -0.786754 1.614173,
2.951816 -0.788894 1.614173,
2.941353 -0.791558 1.614173,
2.931036 -0.794740 1.614173,
2.920891 -0.798433 1.614173,
2.910942 -0.802627 1.614173,
2.901214 -0.807311 1.614173,
2.891732 -0.812475 1.614173,
2.882520 -0.818105 1.614173,
2.873599 -0.824187 1.614173,
2.864992 -0.830706 1.614173,
2.856722 -0.837646 1.614173,
2.848807 -0.844989 1.614173,
2.841268 -0.852719 1.614173,
2.834124 -0.860814 1.614173,
2.827393 -0.869255 1.614173,
2.821090 -0.878021 1.614173,
2.815232 -0.887091 1.614173,
2.809834 -0.896441 1.614173,
2.804908 -0.906049 1.614173,
2.800468 -0.915890 1.614173,
2.796523 -0.925941 1.614173,
2.793085 -0.936175 1.614173,
2.790160 -0.946568 1.614173,
2.787758 -0.957094 1.614173,
2.785883 -0.967727 1.614173,
2.784541 -0.978440 1.614173,
2.783734 -0.989207 1.614173,
2.783465 -1.000000 1.614173,
2.783734 -1.010793 1.614173,
2.784541 -1.021560 1.614173,
2.785883 -1.032273 1.614173,
2.787758 -1.042906 1.614173,
2.790160 -1.053432 1.614173,
2.793085 -1.063825 1.614173,
2.796523 -1.074059 1.614173,
2.800468 -1.084110 1.614173,
2.804908 -1.093951 1.614173,
2.809834 -1.103559 1.614173,
2.815232 -1.112909 1.614173,
2.821090 -1.121979 1.614173,
2.827393 -1.130745 1.614173,
2.834124 -1.139186 1.614173,
2.841268 -1.147281 1.614173,
2.848807 -1.155011 1.614173,
2.856722 -1.162354 1.614173,
2.864992 -1.169294 1.614173,
2.873599 -1.175813 1.614173,
2.882520 -1.181895 1.614173,
2.891732 -1.187525 1.614173,
2.901214 -1.192689 1.614173,
2.910942 -1.197373 1.614173,
2.920891 -1.201567 1.614173,
2.931036 -1.205260 1.614173,
2.941353 -1.208442 1.614173,
2.951816 -1.211106 1.614173,
2.962399 -1.213246 1.614173,
2.973075 -1.214855 1.614173,
2.983818 -1.215930 1.614173,
2.994602 -1.216468 1.614173,
3.005398 -1.216468 1.614173,
3.016182 -1.215930 1.614173,
3.026925 -1.214855 1.614173,
3.037601 -1.213246 1.614173,
3.048184 -1.211106 1.614173,
3.058647 -1.208442 1.614173,
3.068964 -1.205260 1.614173,
3.079109 -1.201567 1.614173,
3.089058 -1.197373 1.614173,
3.098786 -1.192689 1.614173,
3.108268 -1.187525 1.614173,
3.117480 -1.181895 1.614173,
3.126401 -1.175813 1.614173,
3.135008 -1.169294 1.614173,
3.143278 -1.162354 1.614173,
3.151193 -1.155011 1.614173,
3.158732 -1.147281 1.614173,
3.165876 -1.139186 1.614173,
3.172607 -1.130745 1.614173,
3.178910 -1.121979 1.614173,
3.184768 -1.112909 1.614173,
3.190166 -1.103559 1.614173,
3.195092 -1.093951 1.614173,
3.199532 -1.084110 1.614173,
3.203477 -1.074059 1.614173,
3.206915 -1.063825 1.614173,
3.209840 -1.053432 1.614173,
3.212242 -1.042906 1.614173,
3.214117 -1.032273 1.614173,
3.215459 -1.021560 1.614173,
3.216266 -1.010793 1.614173,
3.216535 -0.000000 1.614173,
3.216266 0.010793 1.614173,
3.215459 0.021560 1.614173,
3.214117 0.032273 1.614173,
3.212242 0.042906 1.614173,
3.209840 0.053432 1.614173,
3.206915 0.063825 1.614173,
3.203477 0.074059 1.614173,
3.199532 0.084110 1.614173,
3.195092 0.093951 1.614173,
3.190166 0.103559 1.614173,
3.184768 0.112909 1.614173,
3.178910 0.121979 1.614173,
3.172607 0.130745 1.614173,
3.165876 0.139186 1.614173,
3.158732 0.147281 1.614173,
3.151193 0.155011 1.614173,
3.143278 0.162354 1.614173,
3.135008 0.169294 1.614173,
3.126401 0.175813 1.614173,
3.117480 0.181895 1.614173,
3.108268 0.187525 1.614173,
3.098786 0.192689 1.614173,
3.089058 0.197373 1.614173,
3.079109 0.201567 1.614173,
3.068964 0.205260 1.614173,
3.058647 0.208442 1.614173,
3.048184 0.211106 1.614173,
3.037601 0.213246 1.614173,
3.026925 0.214855 1.614173,
3.016182 0.215930 1.614173,
3.005398 0.216468 1.614173,
2.994602 0.216468 1.614173,
2.983818 0.215930 1.614173,
2.973075 0.214855 1.614173,
2.962399 0.213246 1.614173,
2.951816 0.211106 1.614173,
2.941353 0.208442 1.614173,
2.931036 0.205260 1.614173,
2.920891 0.201567 1.614173,
2.910942 0.197373 1.614173,
2.901214 0.192689 1.614173,
2.891732 0.187525 1.614173,
2.882520 0.181895 1.614173,
2.873599 0.175813 1.614173,
2.864992 0.169294 1.614173,
2.856722 0.162354 1.614173,
2.848807 0.155011 1.614173,
2.841268 0.147281 1.614173,
2.834124 0.139186 1.614173,
2.827393 0.130745 1.614173,
2.821090 0.121979 1.614173,
2.815232 0.112909 1.614173,
2.809834 0.103559 1.614173,
2.804908 0.093951 1.614173,
2.800468 0.084110 1.614173,
2.796523 0.074059 1.614173,
2.793085 0.063825 1.614173,
2.790160 0.053432 1.614173,
2.787758 0.042906 1.614173,
2.785883 0.032273 1.614173,
2.784541 0.021560 1.614173,
2.783734 0.010793 1.614173,
2.783465 -0.000000 1.614173,
2.783734 -0.010793 1.614173,
2.784541 -0.021560 1.614173,
2.785883 -0.032273 1.614173,
2.787758 -0.042906 1.614173,
2.790160 -0.053432 1.614173,
2.793085 -0.063825 1.614173,
2.796523 -0.074059 1.614173,
2.800468 -0.084110 1.614173,
2.804908 -0.093951 1.614173,
2.809834 -0.103559 1.614173,
2.815232 -0.112909 1.614173,
2.821090 -0.121979 1.614173,
2.827393 -0.130745 1.614173,
2.834124 -0.139186 1.614173,
2.841268 -0.147281 1.614173,
2.848807 -0.155011 1.614173,
2.856722 -0.162354 1.614173,
2.864992 -0.169294 1.614173,
2.873599 -0.175813 1.614173,
2.882520 -0.181895 1.614173,
2.891732 -0.187525 1.614173,
2.901214 -0.192689 1.614173,
2.910942 -0.197373 1.614173,
2.920891 -0.201567 1.614173,
2.931036 -0.205260 1.614173,
2.941353 -0.208442 1.614173,
2.951816 -0.211106 1.614173,
2.962399 -0.213246 1.614173,
2.973075 -0.214855 1.614173,
2.983818 -0.215930 1.614173,
2.994602 -0.216468 1.614173,
3.005398 -0.216468 1.614173,
3.016182 -0.215930 1.614173,
3.026925 -0.214855 1.614173,
3.037601 -0.213246 1.614173,
3.048184 -0.211106 1.614173,
3.058647 -0.208442 1.614173,
3.068964 -0.205260 1.614173,
3.079109 -0.201567 1.614173,
3.089058 -0.197373 1.614173,
3.098786 -0.192689 1.614173,
3.108268 -0.187525 1.614173,
3.117480 -0.181895 1.614173,
3.126401 -0.175813 1.614173,
3.135008 -0.169294 1.614173,
3.143278 -0.162354 1.614173,
3.151193 -0.155011 1.614173,
3.158732 -0.147281 1.614173,
3.165876 -0.139186 1.614173,
3.172607 -0.130745 1.614173,
3.178910 -0.121979 1.614173,
3.184768 -0.112909 1.614173,
3.190166 -0.103559 1.614173,
3.195092 -0.093951 1.614173,
3.199532 -0.084110 1.614173,
3.203477 -0.074059 1.614173,
3.206915 -0.063825 1.614173,
3.209840 -0.053432 1.614173,
3.212242 -0.042906 1.614173,
3.214117 -0.032273 1.614173,
3.215459 -0.021560 1.614173,
3.216266 -0.010793 1.614173 ] } coordIndex [ 0 1 2 -1,
2 1 3 -1,
4 5 0 -1,
0 5 1 -1,
6 1 7 -1,
8 7 1 -1,
9 1 6 -1,
10 8 1 -1,
11 1 9 -1,
12 10 1 -1,
13 1 11 -1,
14 12 1 -1,
15 1 13 -1,
16 14 1 -1,
17 1 15 -1,
18 16 1 -1,
19 1 17 -1,
20 18 1 -1,
21 1 19 -1,
22 20 1 -1,
23 1 21 -1,
24 22 1 -1,
25 1 23 -1,
26 24 1 -1,
27 1 25 -1,
28 26 1 -1,
29 1 27 -1,
30 28 1 -1,
31 1 29 -1,
32 30 1 -1,
33 1 31 -1,
34 32 1 -1,
35 1 33 -1,
36 34 1 -1,
37 1 35 -1,
38 36 1 -1,
39 1 37 -1,
40 38 1 -1,
41 1 39 -1,
42 40 1 -1,
43 1 41 -1,
44 42 1 -1,
45 1 43 -1,
46 44 1 -1,
47 1 45 -1,
48 46 1 -1,
49 1 47 -1,
50 48 1 -1,
51 50 1 -1,
52 53 54 -1,
52 55 53 -1,
52 56 55 -1,
52 57 56 -1,
52 58 57 -1,
52 59 58 -1,
52 60 59 -1,
52 61 60 -1,
52 62 61 -1,
52 63 62 -1,
52 64 63 -1,
52 65 66 -1,
52 67 64 -1,
52 68 65 -1,
52 69 67 -1,
52 70 68 -1,
52 71 69 -1,
52 72 70 -1,
52 73 71 -1,
52 74 72 -1,
52 75 73 -1,
52 76 74 -1,
52 77 75 -1,
52 78 76 -1,
52 79 77 -1,
52 80 78 -1,
52 81 79 -1,
52 82 80 -1,
52 83 82 -1,
52 84 83 -1,
52 85 84 -1,
52 86 85 -1,
52 54 86 -1,
87 88 89 -1,
87 89 90 -1,
91 89 92 -1,
91 90 89 -1,
93 94 88 -1,
93 88 87 -1,
95 92 96 -1,
95 91 92 -1,
97 98 94 -1,
97 94 93 -1,
99 96 100 -1,
99 95 96 -1,
101 102 98 -1,
101 98 97 -1,
103 100 104 -1,
103 99 100 -1,
105 106 102 -1,
105 102 101 -1,
107 104 108 -1,
107 103 104 -1,
109 110 106 -1,
109 106 105 -1,
111 108 112 -1,
111 107 108 -1,
113 114 110 -1,
113 110 109 -1,
115 112 116 -1,
115 111 112 -1,
117 114 113 -1,
117 118 114 -1,
119 116 120 -1,
119 115 116 -1,
121 122 118 -1,
121 118 117 -1,
123 120 124 -1,
123 119 120 -1,
125 49 122 -1,
125 1 49 -1,
125 122 121 -1,
126 123 124 -1,
126 127 128 -1,
126 124 127 -1,
129 1 125 -1,
130 126 128 -1,
131 1 129 -1,
132 130 128 -1,
132 128 133 -1,
134 1 131 -1,
135 133 136 -1,
135 132 133 -1,
137 1 134 -1,
138 135 136 -1,
138 136 139 -1,
140 1 137 -1,
141 138 139 -1,
141 139 142 -1,
143 1 140 -1,
144 141 142 -1,
144 142 145 -1,
146 1 143 -1,
147 144 145 -1,
147 145 148 -1,
149 147 148 -1,
149 148 150 -1,
151 150 152 -1,
151 149 150 -1,
153 154 155 -1,
153 152 154 -1,
153 151 152 -1,
156 153 155 -1,
157 158 159 -1,
157 155 158 -1,
157 156 155 -1,
160 159 161 -1,
160 157 159 -1,
162 160 161 -1,
162 161 163 -1,
164 162 163 -1,
165 163 166 -1,
165 164 163 -1,
167 168 81 -1,
167 166 168 -1,
167 165 166 -1,
169 167 81 -1,
169 81 52 -1,
170 169 52 -1,
171 170 52 -1,
172 171 52 -1,
173 172 52 -1,
174 173 52 -1,
175 174 52 -1,
176 175 52 -1,
177 176 52 -1,
178 177 52 -1,
179 178 52 -1,
180 179 52 -1,
181 180 52 -1,
182 181 52 -1,
183 182 52 -1,
184 183 52 -1,
185 184 52 -1,
186 185 52 -1,
187 188 189 -1,
187 190 188 -1,
191 189 188 -1,
191 192 193 -1,
191 188 192 -1,
194 195 190 -1,
194 190 187 -1,
196 191 193 -1,
196 193 197 -1,
198 195 194 -1,
198 199 195 -1,
200 196 197 -1,
201 199 198 -1,
201 202 199 -1,
203 200 197 -1,
203 197 204 -1,
205 202 201 -1,
205 206 202 -1,
207 203 204 -1,
207 204 208 -1,
209 206 205 -1,
209 210 206 -1,
209 211 210 -1,
212 207 208 -1,
212 208 213 -1,
214 211 209 -1,
215 212 213 -1,
215 216 217 -1,
215 213 216 -1,
218 211 214 -1,
218 219 211 -1,
218 220 219 -1,
221 215 217 -1,
222 220 218 -1,
223 224 225 -1,
223 217 224 -1,
223 221 217 -1,
226 220 222 -1,
226 227 220 -1,
228 223 225 -1,
228 225 229 -1,
230 227 226 -1,
230 231 227 -1,
232 228 229 -1,
233 231 230 -1,
233 234 231 -1,
235 236 237 -1,
235 229 236 -1,
235 232 229 -1,
238 234 233 -1,
238 239 234 -1,
240 235 237 -1,
241 239 238 -1,
241 242 239 -1,
243 240 237 -1,
243 237 244 -1,
245 1 146 -1,
245 242 241 -1,
245 146 242 -1,
246 244 247 -1,
246 243 244 -1,
248 1 245 -1,
249 247 250 -1,
249 246 247 -1,
251 252 253 -1,
251 250 252 -1,
251 249 250 -1,
254 251 253 -1,
255 253 256 -1,
255 254 253 -1,
257 255 256 -1,
257 256 258 -1,
259 258 260 -1,
259 257 258 -1,
261 260 262 -1,
261 259 260 -1,
263 264 265 -1,
263 262 264 -1,
263 261 262 -1,
266 263 265 -1,
267 266 265 -1,
267 268 269 -1,
267 265 268 -1,
270 267 269 -1,
270 269 271 -1,
272 270 271 -1,
272 271 273 -1,
274 272 273 -1,
275 274 273 -1,
275 273 276 -1,
277 275 276 -1,
277 276 278 -1,
279 277 278 -1,
279 278 280 -1,
281 279 280 -1,
281 280 282 -1,
283 281 282 -1,
283 282 284 -1,
285 286 287 -1,
285 284 286 -1,
285 283 284 -1,
288 285 287 -1,
289 290 291 -1,
289 287 290 -1,
289 288 287 -1,
292 289 291 -1,
293 291 294 -1,
293 292 291 -1,
295 296 297 -1,
295 294 296 -1,
295 293 294 -1,
298 297 299 -1,
298 295 297 -1,
300 298 299 -1,
301 52 66 -1,
302 303 304 -1,
302 304 305 -1,
306 307 308 -1,
306 309 307 -1,
306 308 310 -1,
311 312 313 -1,
311 304 312 -1,
311 305 304 -1,
314 308 315 -1,
314 310 308 -1,
316 66 303 -1,
316 301 66 -1,
316 303 302 -1,
317 309 306 -1,
318 311 313 -1,
319 314 315 -1,
319 320 321 -1,
319 315 320 -1,
322 301 316 -1,
323 324 309 -1,
323 309 317 -1,
325 313 326 -1,
325 318 313 -1,
327 319 321 -1,
328 301 322 -1,
329 330 324 -1,
329 324 323 -1,
331 326 332 -1,
331 325 326 -1,
333 327 321 -1,
333 321 334 -1,
335 301 328 -1,
336 337 330 -1,
336 338 337 -1,
336 330 329 -1,
339 332 340 -1,
339 331 332 -1,
341 334 342 -1,
341 333 334 -1,
343 301 335 -1,
344 338 336 -1,
345 339 340 -1,
345 346 347 -1,
345 340 346 -1,
348 341 342 -1,
348 342 349 -1,
350 301 343 -1,
351 352 338 -1,
351 338 344 -1,
353 345 347 -1,
354 348 349 -1,
354 349 355 -1,
356 301 350 -1,
357 358 352 -1,
357 352 351 -1,
359 347 51 -1,
359 353 347 -1,
360 354 355 -1,
360 355 361 -1,
362 301 356 -1,
363 364 358 -1,
363 358 357 -1,
365 360 361 -1,
365 361 366 -1,
367 301 362 -1,
368 364 363 -1,
368 369 364 -1,
368 370 369 -1,
371 365 366 -1,
371 372 373 -1,
371 366 372 -1,
374 301 367 -1,
375 370 368 -1,
376 371 373 -1,
377 301 374 -1,
378 379 370 -1,
378 370 375 -1,
380 376 373 -1,
380 373 381 -1,
382 301 377 -1,
383 384 379 -1,
383 379 378 -1,
385 380 381 -1,
385 381 386 -1,
387 301 382 -1,
388 389 384 -1,
388 390 389 -1,
388 384 383 -1,
391 385 386 -1,
391 392 393 -1,
391 386 392 -1,
394 301 387 -1,
395 390 388 -1,
396 391 393 -1,
397 301 394 -1,
398 396 393 -1,
398 393 399 -1,
400 301 397 -1,
401 399 402 -1,
401 398 399 -1,
403 301 400 -1,
404 401 402 -1,
404 402 405 -1,
406 301 403 -1,
407 404 405 -1,
407 405 408 -1,
409 301 406 -1,
410 407 408 -1,
410 408 411 -1,
412 301 409 -1,
413 410 411 -1,
413 411 414 -1,
415 301 412 -1,
416 413 414 -1,
416 417 418 -1,
416 414 417 -1,
419 301 415 -1,
420 416 418 -1,
421 301 419 -1,
422 418 423 -1,
422 420 418 -1,
424 301 421 -1,
425 422 423 -1,
425 423 426 -1,
427 301 424 -1,
428 425 426 -1,
428 429 430 -1,
428 426 429 -1,
431 301 427 -1,
432 428 430 -1,
433 301 431 -1,
434 432 430 -1,
434 430 435 -1,
436 301 433 -1,
437 434 435 -1,
437 438 439 -1,
437 435 438 -1,
440 301 436 -1,
441 439 442 -1,
441 437 439 -1,
443 301 440 -1,
444 441 442 -1,
5 359 51 -1,
5 445 359 -1,
5 446 445 -1,
5 447 446 -1,
5 448 447 -1,
5 449 448 -1,
5 450 449 -1,
5 451 450 -1,
5 452 451 -1,
5 453 452 -1,
5 454 453 -1,
5 455 454 -1,
5 456 455 -1,
5 457 456 -1,
5 458 457 -1,
5 51 1 -1,
5 459 458 -1,
5 460 459 -1,
5 461 460 -1,
5 462 461 -1,
5 463 462 -1,
5 464 463 -1,
5 465 464 -1,
5 466 465 -1,
5 467 466 -1,
468 301 443 -1,
469 467 5 -1,
470 444 442 -1,
470 442 471 -1,
472 301 468 -1,
473 469 5 -1,
474 470 471 -1,
474 471 475 -1,
476 301 472 -1,
477 473 5 -1,
478 474 475 -1,
478 479 480 -1,
478 475 479 -1,
481 301 476 -1,
482 477 5 -1,
483 478 480 -1,
484 482 5 -1,
485 483 480 -1,
485 480 486 -1,
487 484 5 -1,
488 485 486 -1,
488 489 490 -1,
488 486 489 -1,
491 487 5 -1,
492 488 490 -1,
493 491 5 -1,
494 492 490 -1,
494 490 495 -1,
496 493 5 -1,
497 495 498 -1,
497 494 495 -1,
499 496 5 -1,
500 498 501 -1,
500 497 498 -1,
502 499 5 -1,
503 502 5 -1,
504 503 5 -1,
505 504 5 -1,
506 505 5 -1,
507 506 5 -1,
508 507 5 -1,
509 508 5 -1,
510 509 5 -1,
511 510 5 -1,
512 511 5 -1,
513 512 5 -1,
514 301 515 -1,
516 517 518 -1,
516 518 519 -1,
520 515 301 -1,
521 522 523 -1,
521 518 522 -1,
521 519 518 -1,
524 301 514 -1,
525 526 517 -1,
525 517 516 -1,
527 520 301 -1,
528 521 523 -1,
529 301 524 -1,
530 531 526 -1,
530 526 525 -1,
532 301 481 -1,
532 527 301 -1,
533 523 534 -1,
533 528 523 -1,
535 301 529 -1,
536 537 531 -1,
536 531 530 -1,
538 539 540 -1,
538 481 539 -1,
538 532 481 -1,
541 534 542 -1,
541 533 534 -1,
543 301 535 -1,
544 545 537 -1,
544 537 536 -1,
546 540 547 -1,
546 538 540 -1,
548 542 549 -1,
548 541 542 -1,
550 301 543 -1,
551 552 545 -1,
551 545 544 -1,
553 546 547 -1,
554 549 555 -1,
554 548 549 -1,
556 301 550 -1,
557 558 552 -1,
557 559 558 -1,
557 552 551 -1,
560 547 561 -1,
560 553 547 -1,
562 555 563 -1,
562 554 555 -1,
564 301 556 -1,
565 559 557 -1,
566 561 567 -1,
566 560 561 -1,
568 563 569 -1,
568 562 563 -1,
570 301 564 -1,
571 559 565 -1,
571 572 559 -1,
573 574 575 -1,
573 567 574 -1,
573 566 567 -1,
576 568 569 -1,
576 577 578 -1,
576 569 577 -1,
579 301 570 -1,
580 581 572 -1,
580 572 571 -1,
582 573 575 -1,
583 576 578 -1,
584 301 579 -1,
585 581 580 -1,
585 586 581 -1,
587 575 588 -1,
587 582 575 -1,
589 578 590 -1,
589 583 578 -1,
591 301 584 -1,
592 593 586 -1,
592 586 585 -1,
594 588 595 -1,
594 587 588 -1,
596 589 590 -1,
596 590 597 -1,
598 599 593 -1,
598 600 599 -1,
598 593 592 -1,
601 301 591 -1,
602 603 604 -1,
602 595 603 -1,
602 594 595 -1,
605 597 606 -1,
605 596 597 -1,
607 608 600 -1,
607 600 598 -1,
609 301 601 -1,
610 602 604 -1,
611 606 612 -1,
611 605 606 -1,
613 608 607 -1,
614 615 616 -1,
614 604 615 -1,
614 610 604 -1,
617 612 618 -1,
617 611 612 -1,
619 616 620 -1,
619 614 616 -1,
621 618 622 -1,
621 617 618 -1,
623 619 620 -1,
624 622 625 -1,
624 621 622 -1,
626 620 627 -1,
626 623 620 -1,
628 629 630 -1,
628 625 629 -1,
628 624 625 -1,
631 627 632 -1,
631 626 627 -1,
633 628 630 -1,
634 635 636 -1,
634 632 635 -1,
634 631 632 -1,
637 633 630 -1,
637 630 638 -1,
639 636 640 -1,
639 634 636 -1,
641 638 642 -1,
641 637 638 -1,
643 639 640 -1,
644 642 645 -1,
644 641 642 -1,
646 640 647 -1,
646 643 640 -1,
648 644 645 -1,
648 649 650 -1,
648 645 649 -1,
651 652 653 -1,
651 647 652 -1,
651 646 647 -1,
654 648 650 -1,
655 651 653 -1,
656 657 658 -1,
656 650 657 -1,
656 654 650 -1,
659 655 653 -1,
659 660 661 -1,
659 653 660 -1,
662 656 658 -1,
663 659 661 -1,
663 661 664 -1,
665 662 658 -1,
665 658 666 -1,
667 663 664 -1,
668 665 666 -1,
668 666 669 -1,
670 667 664 -1,
670 664 671 -1,
672 668 669 -1,
672 669 673 -1,
674 671 675 -1,
674 670 671 -1,
676 677 678 -1,
676 673 677 -1,
676 672 673 -1,
679 674 675 -1,
679 675 680 -1,
681 676 678 -1,
682 679 680 -1,
682 680 683 -1,
684 681 678 -1,
684 685 686 -1,
684 678 685 -1,
687 682 683 -1,
687 683 688 -1,
689 684 686 -1,
690 687 688 -1,
690 688 691 -1,
692 689 686 -1,
692 686 693 -1,
694 690 691 -1,
694 691 695 -1,
696 692 693 -1,
696 693 697 -1,
698 694 695 -1,
698 699 700 -1,
698 695 699 -1,
701 696 697 -1,
701 702 703 -1,
701 697 702 -1,
704 698 700 -1,
705 701 703 -1,
706 704 700 -1,
706 707 708 -1,
706 700 707 -1,
709 705 703 -1,
709 710 711 -1,
709 703 710 -1,
712 706 708 -1,
712 708 713 -1,
714 709 711 -1,
715 712 713 -1,
715 713 513 -1,
716 714 711 -1,
716 711 717 -1,
718 513 5 -1,
718 715 513 -1,
719 716 717 -1,
719 717 720 -1,
721 718 5 -1,
722 721 5 -1,
723 722 5 -1,
724 723 5 -1,
725 724 5 -1,
726 725 5 -1,
727 726 5 -1,
728 729 730 -1,
728 731 729 -1,
732 733 734 -1,
732 735 733 -1,
732 736 735 -1,
737 730 729 -1,
737 738 739 -1,
737 729 738 -1,
740 734 733 -1,
740 741 742 -1,
740 733 741 -1,
743 731 728 -1,
743 744 731 -1,
745 736 732 -1,
746 739 747 -1,
746 737 739 -1,
748 740 742 -1,
749 744 743 -1,
749 750 744 -1,
751 752 736 -1,
751 736 745 -1,
753 746 747 -1,
754 742 755 -1,
754 748 742 -1,
756 750 749 -1,
756 757 750 -1,
758 759 752 -1,
758 752 751 -1,
760 747 761 -1,
760 753 747 -1,
762 755 763 -1,
762 754 755 -1,
764 765 757 -1,
764 766 765 -1,
764 757 756 -1,
767 768 759 -1,
767 759 758 -1,
769 761 770 -1,
769 760 761 -1,
771 763 772 -1,
771 762 763 -1,
773 766 764 -1,
774 768 767 -1,
774 775 768 -1,
776 769 770 -1,
776 770 777 -1,
778 772 779 -1,
778 771 772 -1,
780 766 773 -1,
780 781 766 -1,
782 783 775 -1,
782 775 774 -1,
784 776 777 -1,
784 777 785 -1,
786 779 787 -1,
786 778 779 -1,
788 789 781 -1,
788 790 789 -1,
788 781 780 -1,
791 783 782 -1,
791 792 783 -1,
791 793 792 -1,
794 784 785 -1,
794 785 795 -1,
796 787 797 -1,
796 786 787 -1,
798 790 788 -1,
799 793 791 -1,
800 794 795 -1,
800 795 801 -1,
802 796 797 -1,
802 797 803 -1,
804 790 798 -1,
804 805 790 -1,
806 793 799 -1,
806 807 793 -1,
808 800 801 -1,
808 801 809 -1,
810 802 803 -1,
810 811 812 -1,
810 803 811 -1,
813 807 806 -1,
813 814 807 -1,
815 816 817 -1,
815 809 816 -1,
815 808 809 -1,
818 810 812 -1,
819 814 813 -1,
819 820 814 -1,
821 815 817 -1,
822 823 824 -1,
822 812 823 -1,
822 818 812 -1,
825 820 819 -1,
825 826 820 -1,
825 827 826 -1,
828 817 829 -1,
828 821 817 -1,
830 822 824 -1,
831 832 827 -1,
831 827 825 -1,
833 829 834 -1,
833 828 829 -1,
835 824 836 -1,
835 830 824 -1,
837 832 831 -1,
838 839 840 -1,
838 834 839 -1,
838 833 834 -1,
841 842 843 -1,
841 836 842 -1,
841 835 836 -1,
844 838 840 -1,
845 841 843 -1,
846 840 847 -1,
846 844 840 -1,
848 849 850 -1,
848 843 849 -1,
848 845 843 -1,
851 846 847 -1,
851 847 852 -1,
853 848 850 -1,
854 855 856 -1,
854 850 855 -1,
854 853 850 -1,
857 851 852 -1,
857 852 858 -1,
859 858 860 -1,
859 857 858 -1,
861 854 856 -1,
862 859 860 -1,
862 863 864 -1,
862 860 863 -1,
865 861 856 -1,
865 856 866 -1,
867 862 864 -1,
868 866 869 -1,
868 865 866 -1,
870 867 864 -1,
870 864 871 -1,
872 869 873 -1,
872 868 869 -1,
874 871 875 -1,
874 870 871 -1,
876 877 878 -1,
876 873 877 -1,
876 872 873 -1,
879 874 875 -1,
879 875 880 -1,
881 876 878 -1,
882 881 878 -1,
882 878 883 -1,
884 885 886 -1,
884 880 885 -1,
884 879 880 -1,
887 886 888 -1,
887 884 886 -1,
889 883 890 -1,
889 882 883 -1,
891 887 888 -1,
892 890 893 -1,
892 889 890 -1,
894 892 893 -1,
894 893 895 -1,
896 897 898 -1,
896 888 897 -1,
896 891 888 -1,
899 896 898 -1,
900 901 902 -1,
900 895 901 -1,
900 894 895 -1,
903 898 904 -1,
903 899 898 -1,
905 900 902 -1,
906 903 904 -1,
906 907 908 -1,
906 904 907 -1,
909 905 902 -1,
909 902 910 -1,
911 906 908 -1,
912 910 913 -1,
912 909 910 -1,
914 915 916 -1,
914 908 915 -1,
914 911 908 -1,
917 918 919 -1,
917 913 918 -1,
917 912 913 -1,
920 916 921 -1,
920 914 916 -1,
922 917 919 -1,
923 920 921 -1,
924 925 926 -1,
924 919 925 -1,
924 922 919 -1,
927 928 929 -1,
927 921 928 -1,
927 923 921 -1,
930 924 926 -1,
931 927 929 -1,
932 933 934 -1,
932 926 933 -1,
932 930 926 -1,
935 931 929 -1,
935 929 936 -1,
937 932 934 -1,
938 939 940 -1,
938 936 939 -1,
938 935 936 -1,
941 942 943 -1,
941 934 942 -1,
941 937 934 -1,
944 938 940 -1,
945 941 943 -1,
946 940 947 -1,
946 944 940 -1,
948 947 949 -1,
948 946 947 -1,
950 949 951 -1,
950 948 949 -1,
952 951 953 -1,
952 950 951 -1,
954 953 727 -1,
954 727 5 -1,
954 952 953 -1,
955 954 5 -1,
956 957 958 -1,
956 959 957 -1,
960 961 962 -1,
960 962 963 -1,
964 958 957 -1,
964 965 966 -1,
964 957 965 -1,
967 968 969 -1,
967 962 968 -1,
967 963 962 -1,
970 961 960 -1,
970 971 961 -1,
970 972 971 -1,
973 959 956 -1,
973 974 959 -1,
975 967 969 -1,
976 964 966 -1,
976 966 977 -1,
978 972 970 -1,
978 979 972 -1,
980 974 973 -1,
980 981 974 -1,
982 976 977 -1,
983 969 984 -1,
983 975 969 -1,
985 986 981 -1,
985 981 980 -1,
987 979 978 -1,
988 984 989 -1,
988 983 984 -1,
990 977 991 -1,
990 982 977 -1,
992 979 987 -1,
992 993 979 -1,
994 986 985 -1,
994 995 986 -1,
996 989 997 -1,
996 988 989 -1,
998 991 999 -1,
998 990 991 -1,
1000 993 992 -1,
1000 1001 993 -1,
1002 995 994 -1,
1002 1003 995 -1,
1002 1004 1003 -1,
1005 996 997 -1,
1005 997 1006 -1,
1007 998 999 -1,
1007 999 1008 -1,
1009 1001 1000 -1,
1009 1010 1001 -1,
1009 1011 1010 -1,
1012 1004 1002 -1,
1013 1007 1008 -1,
1013 1008 1014 -1,
1015 1005 1006 -1,
1015 1006 1016 -1,
1017 1011 1009 -1,
1018 1004 1012 -1,
1018 1019 1004 -1,
1018 1020 1019 -1,
1021 1015 1016 -1,
1021 1016 1022 -1,
1023 1013 1014 -1,
1023 1014 1024 -1,
1025 1020 1018 -1,
1026 1011 1017 -1,
1026 1027 1011 -1,
1028 1021 1022 -1,
1028 1029 1030 -1,
1028 1022 1029 -1,
1031 1023 1024 -1,
1031 1024 1032 -1,
1033 1027 1026 -1,
1033 1034 1027 -1,
1035 1020 1025 -1,
1035 1036 1020 -1,
1037 1031 1032 -1,
1037 1038 1039 -1,
1037 1032 1038 -1,
1040 1028 1030 -1,
1041 1036 1035 -1,
1041 1042 1036 -1,
1043 1037 1039 -1,
1044 1040 1030 -1,
1044 1045 1046 -1,
1044 1030 1045 -1,
1047 1042 1041 -1,
1047 1048 1042 -1,
1049 1039 1050 -1,
1049 1043 1039 -1,
1051 1044 1046 -1,
1052 1048 1047 -1,
1052 1053 1048 -1,
1052 1054 1053 -1,
1055 1049 1050 -1,
1055 1050 1056 -1,
1057 1046 1058 -1,
1057 1051 1046 -1,
1059 1054 1052 -1,
1059 1060 1054 -1,
1061 1056 1062 -1,
1061 1055 1056 -1,
1063 1058 1064 -1,
1063 1057 1058 -1,
1065 1060 1059 -1,
1066 1067 1068 -1,
1066 1064 1067 -1,
1066 1063 1064 -1,
1069 1061 1062 -1,
1069 1062 1070 -1,
1071 1068 1072 -1,
1071 1066 1068 -1,
1073 1070 1074 -1,
1073 1069 1070 -1,
1075 1073 1074 -1,
1075 1076 1077 -1,
1075 1074 1076 -1,
1078 1071 1072 -1,
1079 1078 1072 -1,
1079 1072 1080 -1,
1081 1075 1077 -1,
1082 1077 1083 -1,
1082 1081 1077 -1,
1084 1079 1080 -1,
1084 1085 1086 -1,
1084 1080 1085 -1,
1087 1082 1083 -1,
1087 1083 1088 -1,
1089 1084 1086 -1,
1089 1086 1090 -1,
1091 1089 1090 -1,
1091 1090 1092 -1,
1093 1087 1088 -1,
1093 1088 1094 -1,
1095 1093 1094 -1,
1095 1094 1096 -1,
1097 1091 1092 -1,
1097 1092 1098 -1,
1099 1097 1098 -1,
1100 1095 1096 -1,
1100 1096 1101 -1,
1102 1099 1098 -1,
1102 1103 1104 -1,
1102 1098 1103 -1,
1105 1100 1101 -1,
1105 1106 1107 -1,
1105 1101 1106 -1,
1108 1102 1104 -1,
1108 1104 1109 -1,
1110 1105 1107 -1,
1111 1108 1109 -1,
1112 1113 1114 -1,
1112 1107 1113 -1,
1112 1110 1107 -1,
1115 1112 1114 -1,
1116 1109 1117 -1,
1116 1111 1109 -1,
1118 1117 1119 -1,
1118 1116 1117 -1,
1120 1115 1114 -1,
1120 1114 1121 -1,
1122 1123 1124 -1,
1122 1119 1123 -1,
1122 1118 1119 -1,
1125 1121 1126 -1,
1125 1120 1121 -1,
1127 1125 1126 -1,
1127 1126 1128 -1,
1129 1122 1124 -1,
1130 1127 1128 -1,
1130 1128 1131 -1,
1132 1129 1124 -1,
1132 1124 1133 -1,
1134 1130 1131 -1,
1134 1131 1135 -1,
1136 1132 1133 -1,
1136 1137 1138 -1,
1136 1133 1137 -1,
1139 1134 1135 -1,
1139 1135 1140 -1,
1141 1136 1138 -1,
1142 1138 1143 -1,
1142 1141 1138 -1,
1144 1139 1140 -1,
1144 1140 1145 -1,
1146 1144 1145 -1,
1146 1145 1147 -1,
1148 1143 1149 -1,
1148 1142 1143 -1,
1150 1151 1152 -1,
1150 1149 1151 -1,
1150 1148 1149 -1,
1153 1146 1147 -1,
1153 1154 1155 -1,
1153 1147 1154 -1,
1156 1153 1155 -1,
1157 1150 1152 -1,
1158 1159 1160 -1,
1158 1152 1159 -1,
1158 1157 1152 -1,
1161 1156 1155 -1,
1161 1162 1163 -1,
1161 1155 1162 -1,
1164 1160 1165 -1,
1164 1158 1160 -1,
1166 1161 1163 -1,
1167 1165 1168 -1,
1167 1164 1165 -1,
1169 1163 1170 -1,
1169 1166 1163 -1,
1171 1170 1172 -1,
1171 1169 1170 -1,
1173 1167 1168 -1,
1174 1175 1176 -1,
1174 1168 1175 -1,
1174 1173 1168 -1,
1177 1174 1176 -1,
1177 1176 1178 -1,
1179 1177 1178 -1,
1180 1179 1178 -1,
1180 1178 1181 -1,
1182 1180 1181 -1,
1182 1181 1183 -1,
1184 1185 1186 -1,
1184 1186 1187 -1,
1188 1189 1190 -1,
1188 1191 1189 -1,
1192 1187 1186 -1,
1192 1186 1193 -1,
1194 1190 1189 -1,
1194 1189 1195 -1,
1196 1197 1191 -1,
1196 1191 1188 -1,
1198 1199 1185 -1,
1198 1185 1184 -1,
1200 1194 1195 -1,
1200 1195 1201 -1,
1202 1192 1193 -1,
1202 1193 1203 -1,
1204 1205 1197 -1,
1204 1206 1205 -1,
1204 1197 1196 -1,
1207 1208 1199 -1,
1207 1199 1198 -1,
1209 1202 1203 -1,
1209 1210 1211 -1,
1209 1203 1210 -1,
1212 1200 1201 -1,
1212 1201 1213 -1,
1214 1215 1208 -1,
1214 1208 1207 -1,
1216 1206 1204 -1,
1217 1212 1213 -1,
1217 1213 1218 -1,
1219 1209 1211 -1,
1220 1221 1206 -1,
1220 1222 1221 -1,
1220 1206 1216 -1,
1223 1224 1215 -1,
1223 1215 1214 -1,
1225 1218 1226 -1,
1225 1217 1218 -1,
1227 1219 1211 -1,
1227 1211 1228 -1,
1229 1222 1220 -1,
1230 1231 1224 -1,
1230 1224 1223 -1,
1232 1225 1226 -1,
1232 1226 1233 -1,
1234 1227 1228 -1,
1234 1228 1235 -1,
1236 1222 1229 -1,
1236 1237 1222 -1,
1238 1239 1231 -1,
1238 1231 1230 -1,
1240 1234 1235 -1,
1240 1235 1241 -1,
1242 1232 1233 -1,
1242 1233 1243 -1,
1244 1245 1237 -1,
1244 1246 1245 -1,
1244 1237 1236 -1,
1247 1248 1239 -1,
1247 1239 1238 -1,
1249 1240 1241 -1,
1249 1241 1250 -1,
1251 1242 1243 -1,
1251 1243 1252 -1,
1253 1254 1248 -1,
1253 1248 1247 -1,
1255 1256 1246 -1,
1255 1246 1244 -1,
1257 1251 1252 -1,
1257 1252 1258 -1,
1259 1249 1250 -1,
1259 1250 1260 -1,
1261 1256 1255 -1,
1262 1263 1254 -1,
1262 1254 1253 -1,
1264 1257 1258 -1,
1264 1258 1265 -1,
1266 1259 1260 -1,
1266 1260 1267 -1,
1268 1269 1263 -1,
1268 1263 1262 -1,
1270 1264 1265 -1,
1270 1271 1272 -1,
1270 1265 1271 -1,
1273 1266 1267 -1,
1273 1274 1275 -1,
1273 1267 1274 -1,
1276 1277 1269 -1,
1276 1269 1268 -1,
1278 1273 1275 -1,
1278 1275 1279 -1,
1280 1270 1272 -1,
1281 1282 1277 -1,
1281 1277 1276 -1,
1283 1278 1279 -1,
1284 1272 1285 -1,
1284 1280 1272 -1,
1286 1287 1282 -1,
1286 1282 1281 -1,
1288 1279 1289 -1,
1288 1283 1279 -1,
1290 1284 1285 -1,
1290 1285 1291 -1,
1292 1293 1287 -1,
1292 1287 1286 -1,
1294 1290 1291 -1,
1294 1295 1296 -1,
1294 1291 1295 -1,
1297 1288 1289 -1,
1297 1298 1299 -1,
1297 1289 1298 -1,
1300 1297 1299 -1,
1301 1294 1296 -1,
1301 1296 1302 -1,
1303 1300 1299 -1,
1303 1299 1304 -1,
1305 1301 1302 -1,
1306 1307 1308 -1,
1306 1302 1307 -1,
1306 1305 1302 -1,
1309 1310 1311 -1,
1309 1304 1310 -1,
1309 1303 1304 -1,
1312 1306 1308 -1,
1312 1308 1313 -1,
1314 1309 1311 -1,
1315 1311 1316 -1,
1315 1314 1311 -1,
1317 1312 1313 -1,
1318 1315 1316 -1,
1318 1319 1320 -1,
1318 1316 1319 -1,
1321 1317 1313 -1,
1321 1322 1323 -1,
1321 1313 1322 -1,
1324 1318 1320 -1,
1325 1321 1323 -1,
1325 1323 1326 -1,
1327 1325 1326 -1,
1327 1326 1328 -1,
1329 1324 1320 -1,
1329 1330 1331 -1,
1329 1320 1330 -1,
1332 1327 1328 -1,
1332 1328 1333 -1,
1334 1329 1331 -1,
1335 1332 1333 -1,
1336 1334 1331 -1,
1336 1337 1338 -1,
1336 1331 1337 -1,
1339 1335 1333 -1,
1339 1340 1341 -1,
1339 1333 1340 -1,
1342 1336 1338 -1,
1342 1338 1343 -1,
1344 1342 1343 -1,
1345 1339 1341 -1,
1345 1341 1346 -1,
1347 1344 1343 -1,
1347 1343 1348 -1,
1349 1345 1346 -1,
1350 1351 1352 -1,
1350 1346 1351 -1,
1350 1349 1346 -1,
1353 1348 1354 -1,
1353 1347 1348 -1,
1355 1353 1354 -1,
1355 1354 1356 -1,
1357 1352 1358 -1,
1357 1350 1352 -1,
1359 1356 1360 -1,
1359 1355 1356 -1,
1361 1357 1358 -1,
1362 1359 1360 -1,
1362 1360 1363 -1,
1364 1361 1358 -1,
1364 1358 1365 -1,
1366 1362 1363 -1,
1366 1363 1367 -1,
1368 1364 1365 -1,
1368 1369 1370 -1,
1368 1365 1369 -1,
1371 1368 1370 -1,
1372 1366 1367 -1,
1372 1373 1374 -1,
1372 1367 1373 -1,
1375 1372 1374 -1,
1376 1371 1370 -1,
1376 1370 1377 -1,
1378 1376 1377 -1,
1378 1379 1380 -1,
1378 1377 1379 -1,
1381 1375 1374 -1,
1381 1382 1383 -1,
1381 1374 1382 -1,
1384 1381 1383 -1,
1385 1378 1380 -1,
1386 1385 1380 -1,
1386 1380 1387 -1,
1388 1384 1383 -1,
1388 1389 1390 -1,
1388 1383 1389 -1,
1391 1387 1392 -1,
1391 1386 1387 -1,
1393 1388 1390 -1,
1394 1395 1396 -1,
1394 1392 1395 -1,
1394 1391 1392 -1,
1397 1393 1390 -1,
1397 1390 1398 -1,
1399 1398 1400 -1,
1399 1397 1398 -1,
1401 1396 1402 -1,
1401 1394 1396 -1,
1403 1401 1402 -1,
1404 1405 1406 -1,
1404 1402 1405 -1,
1404 1403 1402 -1,
1407 1404 1406 -1,
1408 1407 1406 -1,
1408 1406 1409 -1,
1410 1408 1409 -1,
1410 1409 1411 -1,
1412 1413 1414 -1,
1412 1415 1413 -1,
1412 1416 1415 -1,
1417 1418 1419 -1,
1417 1420 1418 -1,
1417 1421 1420 -1,
1422 1423 1424 -1,
1422 1413 1423 -1,
1422 1414 1413 -1,
1425 1419 1418 -1,
1425 1426 1427 -1,
1425 1418 1426 -1,
1428 1416 1412 -1,
1429 1421 1417 -1,
1430 1422 1424 -1,
1431 1425 1427 -1,
1432 1433 1416 -1,
1432 1434 1433 -1,
1432 1416 1428 -1,
1435 1436 1421 -1,
1435 1421 1429 -1,
1437 1424 1438 -1,
1437 1430 1424 -1,
1439 1431 1427 -1,
1439 1427 1440 -1,
1441 1434 1432 -1,
1442 1443 1436 -1,
1442 1436 1435 -1,
1444 1438 1445 -1,
1444 1437 1438 -1,
1446 1439 1440 -1,
1446 1440 1447 -1,
1448 1434 1441 -1,
1448 1449 1434 -1,
1448 1450 1449 -1,
1451 1452 1443 -1,
1451 1443 1442 -1,
1453 1445 1454 -1,
1453 1444 1445 -1,
1455 1456 1457 -1,
1455 1447 1456 -1,
1455 1446 1447 -1,
1458 1450 1448 -1,
1459 1460 1452 -1,
1459 1461 1460 -1,
1459 1452 1451 -1,
1462 1454 1463 -1,
1462 1453 1454 -1,
1464 1455 1457 -1,
1465 1450 1458 -1,
1465 1466 1450 -1,
1467 1461 1459 -1,
1468 1462 1463 -1,
1468 1463 1469 -1,
1470 1464 1457 -1,
1470 1457 1471 -1,
1472 1473 1466 -1,
1472 1474 1473 -1,
1472 1466 1465 -1,
1475 1476 1461 -1,
1475 1461 1467 -1,
1477 1469 1478 -1,
1477 1468 1469 -1,
1479 1470 1471 -1,
1479 1471 1480 -1,
1481 1474 1472 -1,
1481 1482 1474 -1,
1483 1484 1476 -1,
1483 1476 1475 -1,
1485 1478 1486 -1,
1485 1477 1478 -1,
1487 1479 1480 -1,
1487 1480 1488 -1,
1489 1482 1481 -1,
1490 1491 1484 -1,
1490 1484 1483 -1,
1492 1485 1486 -1,
1492 1486 1493 -1,
1494 1488 1495 -1,
1494 1487 1488 -1,
1496 1497 1491 -1,
1496 1491 1490 -1,
1498 1493 1499 -1,
1498 1492 1493 -1,
1500 1494 1495 -1,
1500 1495 1501 -1,
1502 1503 1497 -1,
1502 1504 1503 -1,
1502 1497 1496 -1,
1505 1499 1506 -1,
1505 1498 1499 -1,
1507 1500 1501 -1,
1507 1508 1509 -1,
1507 1501 1508 -1,
1510 1511 1504 -1,
1510 1504 1502 -1,
1512 1506 1513 -1,
1512 1505 1506 -1,
1514 1507 1509 -1,
1515 1511 1510 -1,
1516 1513 1517 -1,
1516 1512 1513 -1,
1518 1519 1520 -1,
1518 1509 1519 -1,
1518 1514 1509 -1,
1521 1511 1515 -1,
1521 1522 1511 -1,
1523 1524 1525 -1,
1523 1517 1524 -1,
1523 1516 1517 -1,
1526 1518 1520 -1,
1527 1525 1528 -1,
1527 1523 1525 -1,
1529 1520 1530 -1,
1529 1526 1520 -1,
1531 1527 1528 -1,
1532 1533 1534 -1,
1532 1530 1533 -1,
1532 1529 1530 -1,
1535 1528 1536 -1,
1535 1531 1528 -1,
1537 1532 1534 -1,
1538 1539 1540 -1,
1538 1536 1539 -1,
1538 1535 1536 -1,
1541 1534 1542 -1,
1541 1537 1534 -1,
1543 1538 1540 -1,
1544 1541 1542 -1,
1544 1545 1546 -1,
1544 1542 1545 -1,
1547 1548 1549 -1,
1547 1540 1548 -1,
1547 1543 1540 -1,
1550 1544 1546 -1,
1550 1546 1551 -1,
1552 1549 1553 -1,
1552 1547 1549 -1,
1554 1550 1551 -1,
1555 1553 1556 -1,
1555 1552 1553 -1,
1557 1554 1551 -1,
1557 1558 1559 -1,
1557 1551 1558 -1,
1560 1555 1556 -1,
1561 1557 1559 -1,
1561 1559 1562 -1,
1563 1560 1556 -1,
1563 1556 1564 -1,
1565 1561 1562 -1,
1566 1563 1564 -1,
1566 1567 1568 -1,
1566 1564 1567 -1,
1569 1565 1562 -1,
1569 1570 1571 -1,
1569 1562 1570 -1,
1572 1566 1568 -1,
1572 1568 1573 -1,
1574 1569 1571 -1,
1575 1572 1573 -1,
1576 1571 1577 -1,
1576 1574 1571 -1,
1578 1575 1573 -1,
1578 1579 1580 -1,
1578 1573 1579 -1,
1581 1577 1582 -1,
1581 1576 1577 -1,
1583 1581 1582 -1,
1583 1584 1585 -1,
1583 1582 1584 -1,
1586 1578 1580 -1,
1586 1580 1587 -1,
1588 1586 1587 -1,
1589 1583 1585 -1,
1590 1588 1587 -1,
1590 1591 1592 -1,
1590 1587 1591 -1,
1593 1589 1585 -1,
1593 1585 1594 -1,
1595 1590 1592 -1,
1595 1592 1596 -1,
1597 1593 1594 -1,
1597 1594 1598 -1,
1599 1595 1596 -1,
1600 1597 1598 -1,
1600 1601 1602 -1,
1600 1598 1601 -1,
1603 1599 1596 -1,
1603 1596 1604 -1,
1605 1600 1602 -1,
1606 1603 1604 -1,
1606 1607 1608 -1,
1606 1604 1607 -1,
1609 1605 1602 -1,
1609 1610 1611 -1,
1609 1602 1610 -1,
1612 1606 1608 -1,
1613 1609 1611 -1,
1613 1611 1614 -1,
1615 1612 1608 -1,
1615 1608 1616 -1,
1617 1613 1614 -1,
1618 1615 1616 -1,
1618 1616 1619 -1,
1620 1621 1622 -1,
1620 1614 1621 -1,
1620 1617 1614 -1,
1623 1618 1619 -1,
1623 1624 1625 -1,
1623 1619 1624 -1,
1626 1620 1622 -1,
1627 1623 1625 -1,
1627 1625 1628 -1,
1629 1626 1622 -1,
1629 1622 1630 -1,
1631 1627 1628 -1,
1632 1633 1634 -1,
1632 1628 1633 -1,
1632 1631 1628 -1,
1635 1632 1634 -1,
1636 1635 1634 -1,
1636 1634 1637 -1,
1638 1636 1637 -1,
1638 1637 1639 -1,
1640 1641 1642 -1,
1640 1642 1643 -1,
1644 1645 1646 -1,
1644 1647 1645 -1,
1644 1646 1648 -1,
1649 1650 1651 -1,
1649 1646 1650 -1,
1649 1648 1646 -1,
1652 1642 1653 -1,
1652 1643 1642 -1,
1654 1655 1641 -1,
1654 1656 1655 -1,
1654 1641 1640 -1,
1657 1647 1644 -1,
1658 1653 1659 -1,
1658 1652 1653 -1,
1660 1651 1661 -1,
1660 1649 1651 -1,
1662 1656 1654 -1,
1662 1663 1656 -1,
1664 1665 1647 -1,
1664 1647 1657 -1,
1666 1658 1659 -1,
1666 1667 1668 -1,
1666 1659 1667 -1,
1669 1660 1661 -1,
1670 1663 1662 -1,
1671 1665 1664 -1,
1671 1672 1665 -1,
1673 1661 1674 -1,
1673 1669 1661 -1,
1675 1666 1668 -1,
1676 1663 1670 -1,
1676 1677 1663 -1,
1676 1678 1677 -1,
1679 1680 1672 -1,
1679 1672 1671 -1,
1681 1668 1682 -1,
1681 1675 1668 -1,
1683 1674 1684 -1,
1683 1673 1674 -1,
1685 1686 1680 -1,
1685 1680 1679 -1,
1687 1678 1676 -1,
1688 1682 1689 -1,
1688 1681 1682 -1,
1690 1684 1691 -1,
1690 1683 1684 -1,
1692 1693 1678 -1,
1692 1694 1693 -1,
1692 1678 1687 -1,
1695 1696 1686 -1,
1695 1686 1685 -1,
1697 1689 1698 -1,
1697 1688 1689 -1,
1699 1691 1700 -1,
1699 1690 1691 -1,
1701 1694 1692 -1,
1701 1702 1694 -1,
1703 1696 1695 -1,
1703 1704 1696 -1,
1703 1705 1704 -1,
1706 1697 1698 -1,
1706 1698 1707 -1,
1708 1700 1709 -1,
1708 1699 1700 -1,
1710 1702 1701 -1,
1711 1705 1703 -1,
1712 1706 1707 -1,
1712 1707 1713 -1,
1714 1715 1716 -1,
1714 1709 1715 -1,
1714 1708 1709 -1,
1717 1702 1710 -1,
1717 1718 1702 -1,
1719 1720 1705 -1,
1719 1705 1711 -1,
1721 1712 1713 -1,
1721 1713 1722 -1,
1723 1714 1716 -1,
1724 1725 1720 -1,
1724 1720 1719 -1,
1726 1722 1727 -1,
1726 1721 1722 -1,
1728 1716 1729 -1,
1728 1723 1716 -1,
1730 1731 1725 -1,
1730 1725 1724 -1,
1732 1727 1733 -1,
1732 1726 1727 -1,
1734 1728 1729 -1,
1734 1735 1736 -1,
1734 1729 1735 -1,
1737 1731 1730 -1,
1737 1738 1731 -1,
1739 1734 1736 -1,
1740 1732 1733 -1,
1740 1733 1741 -1,
1742 1743 1738 -1,
1742 1738 1737 -1,
1744 1736 1745 -1,
1744 1739 1736 -1,
1746 1741 1747 -1,
1746 1740 1741 -1,
1748 1749 1743 -1,
1748 1743 1742 -1,
1750 1745 1751 -1,
1750 1744 1745 -1,
1752 1747 1753 -1,
1752 1746 1747 -1,
1754 1755 1756 -1,
1754 1753 1755 -1,
1754 1752 1753 -1,
1757 1751 1758 -1,
1757 1750 1751 -1,
1759 1758 1760 -1,
1759 1757 1758 -1,
1761 1754 1756 -1,
1762 1756 1763 -1,
1762 1761 1756 -1,
1764 1765 1766 -1,
1764 1760 1765 -1,
1764 1759 1760 -1,
1767 1764 1766 -1,
1768 1769 1770 -1,
1768 1763 1769 -1,
1768 1762 1763 -1,
1771 1768 1770 -1,
1771 1770 1772 -1,
1773 1767 1766 -1,
1773 1774 1775 -1,
1773 1766 1774 -1,
1776 1775 1777 -1,
1776 1773 1775 -1,
1778 1771 1772 -1,
1778 1772 1779 -1,
1780 1776 1777 -1,
1781 1778 1779 -1,
1781 1779 1782 -1,
1783 1782 1784 -1,
1783 1781 1782 -1,
1785 1777 1786 -1,
1785 1780 1777 -1,
1785 1786 1787 -1,
1788 1783 1784 -1,
1789 1785 1787 -1,
1789 1787 1790 -1,
1791 1784 1792 -1,
1791 1788 1784 -1,
1793 1789 1790 -1,
1793 1790 1794 -1,
1795 1796 1797 -1,
1795 1792 1796 -1,
1795 1791 1792 -1,
1798 1793 1794 -1,
1798 1794 1799 -1,
1800 1798 1799 -1,
1800 1799 1801 -1,
1802 1797 1803 -1,
1802 1795 1797 -1,
1804 1802 1803 -1,
1805 1800 1801 -1,
1806 1807 1808 -1,
1806 1803 1807 -1,
1806 1804 1803 -1,
1809 1805 1801 -1,
1809 1801 1810 -1,
1811 1809 1810 -1,
1811 1810 1812 -1,
1813 1806 1808 -1,
1814 1815 1816 -1,
1814 1812 1815 -1,
1814 1811 1812 -1,
1817 1808 1818 -1,
1817 1813 1808 -1,
1819 1818 1820 -1,
1819 1817 1818 -1,
1821 1814 1816 -1,
1822 1821 1816 -1,
1822 1816 1823 -1,
1824 1819 1820 -1,
1824 1825 1826 -1,
1824 1820 1825 -1,
1827 1826 1828 -1,
1827 1824 1826 -1,
1829 1822 1823 -1,
1829 1823 1830 -1,
1831 1829 1830 -1,
1831 1830 1832 -1,
1833 1827 1828 -1,
1834 1828 1835 -1,
1834 1833 1828 -1,
1836 1831 1832 -1,
1836 1837 1838 -1,
1836 1832 1837 -1,
1839 1836 1838 -1,
1840 1835 1841 -1,
1840 1834 1835 -1,
1842 1841 1843 -1,
1842 1840 1841 -1,
1844 1839 1838 -1,
1844 1838 1845 -1,
1846 1844 1845 -1,
1846 1845 1847 -1,
1848 1849 1850 -1,
1848 1843 1849 -1,
1848 1842 1843 -1,
1851 1850 1852 -1,
1851 1848 1850 -1,
1853 1846 1847 -1,
1853 1847 1854 -1,
1855 1853 1854 -1,
1855 1854 1856 -1,
1857 1852 1858 -1,
1857 1851 1852 -1,
1859 1857 1858 -1,
1860 1861 1862 -1,
1860 1858 1861 -1,
1860 1859 1858 -1,
1863 1860 1862 -1,
1864 1862 1865 -1,
1864 1863 1862 -1,
1866 1864 1865 -1,
1866 1865 1867 -1,
1868 1869 1870 -1,
1868 1871 1869 -1,
1868 1870 1872 -1,
1873 1874 1875 -1,
1873 1876 1874 -1,
1877 1875 1874 -1,
1877 1878 1879 -1,
1877 1874 1878 -1,
1880 1870 1881 -1,
1880 1872 1870 -1,
1882 1871 1868 -1,
1883 1884 1876 -1,
1883 1876 1873 -1,
1885 1880 1881 -1,
1885 1881 1886 -1,
1887 1877 1879 -1,
1888 1871 1882 -1,
1888 1889 1871 -1,
1888 1890 1889 -1,
1891 1884 1883 -1,
1891 1892 1884 -1,
1893 1886 1894 -1,
1893 1885 1886 -1,
1895 1896 1897 -1,
1895 1879 1896 -1,
1895 1887 1879 -1,
1898 1890 1888 -1,
1899 1900 1892 -1,
1899 1892 1891 -1,
1901 1895 1897 -1,
1902 1903 1904 -1,
1902 1894 1903 -1,
1902 1893 1894 -1,
1905 1890 1898 -1,
1905 1906 1890 -1,
1905 1907 1906 -1,
1908 1909 1900 -1,
1908 1900 1899 -1,
1910 1902 1904 -1,
1911 1897 1912 -1,
1911 1901 1897 -1,
1913 1914 1909 -1,
1913 1909 1908 -1,
1915 1907 1905 -1,
1915 1916 1907 -1,
1917 1910 1904 -1,
1917 1904 1918 -1,
1919 1911 1912 -1,
1919 1912 1920 -1,
1921 1916 1915 -1,
1921 1922 1916 -1,
1923 1914 1913 -1,
1923 1924 1914 -1,
1923 1925 1924 -1,
1926 1917 1918 -1,
1926 1918 1927 -1,
1928 1919 1920 -1,
1928 1920 1929 -1,
1930 1922 1921 -1,
1930 1931 1922 -1,
1932 1925 1923 -1,
1933 1926 1927 -1,
1933 1927 1934 -1,
1935 1928 1929 -1,
1935 1929 1936 -1,
1937 1938 1925 -1,
1937 1925 1932 -1,
1939 1931 1930 -1,
1940 1935 1936 -1,
1940 1941 1942 -1,
1940 1936 1941 -1,
1943 1933 1934 -1,
1943 1934 1944 -1,
1945 1946 1931 -1,
1945 1931 1939 -1,
1947 1948 1938 -1,
1947 1938 1937 -1,
1949 1943 1944 -1,
1949 1944 1950 -1,
1951 1940 1942 -1,
1952 1948 1947 -1,
1952 1953 1948 -1,
1954 1949 1950 -1,
1954 1950 1955 -1,
1956 1951 1942 -1,
1956 1942 1957 -1,
1958 1953 1952 -1,
1958 1959 1953 -1,
1960 1954 1955 -1,
1960 1955 1961 -1,
1962 1963 1964 -1,
1962 1957 1963 -1,
1962 1956 1957 -1,
1965 1959 1958 -1,
1965 1966 1959 -1,
1967 1962 1964 -1,
1968 1960 1961 -1,
1968 1961 1969 -1,
1970 1966 1965 -1,
1970 1971 1966 -1,
1972 1967 1964 -1,
1972 1964 1973 -1,
1974 1968 1969 -1,
1974 1969 1975 -1,
1976 1977 1971 -1,
1976 1971 1970 -1,
1978 1979 1980 -1,
1978 1973 1979 -1,
1978 1972 1973 -1,
1981 1974 1975 -1,
1981 1982 1983 -1,
1981 1975 1982 -1,
1984 1981 1983 -1,
1984 1983 1985 -1,
1986 1978 1980 -1,
1987 1984 1985 -1,
1988 1986 1980 -1,
1988 1980 1989 -1,
1990 1985 1991 -1,
1990 1987 1985 -1,
1992 1989 1993 -1,
1992 1988 1989 -1,
1994 1995 1996 -1,
1994 1993 1995 -1,
1994 1992 1993 -1,
1997 1998 1999 -1,
1997 1991 1998 -1,
1997 1990 1991 -1,
2000 1997 1999 -1,
2001 1996 2002 -1,
2001 1994 1996 -1,
2003 2001 2002 -1,
2004 2000 1999 -1,
2004 2005 2006 -1,
2004 1999 2005 -1,
2007 2004 2006 -1,
2008 2009 2010 -1,
2008 2002 2009 -1,
2008 2003 2002 -1,
2011 2012 2013 -1,
2011 2006 2012 -1,
2011 2007 2006 -1,
2014 2008 2010 -1,
2015 2011 2013 -1,
2016 2014 2010 -1,
2016 2017 2018 -1,
2016 2010 2017 -1,
2019 2013 2020 -1,
2019 2015 2013 -1,
2021 2016 2018 -1,
2022 2020 2023 -1,
2022 2019 2020 -1,
2024 2021 2018 -1,
2024 2025 2026 -1,
2024 2018 2025 -1,
2027 2024 2026 -1,
2028 2023 2029 -1,
2028 2022 2023 -1,
2030 2029 2031 -1,
2030 2028 2029 -1,
2032 2027 2026 -1,
2032 2026 2033 -1,
2034 2031 2035 -1,
2034 2030 2031 -1,
2036 2033 2037 -1,
2036 2032 2033 -1,
2038 2037 2039 -1,
2038 2036 2037 -1,
2040 2034 2035 -1,
2040 2035 2041 -1,
2042 2039 2043 -1,
2042 2038 2039 -1,
2044 2041 2045 -1,
2044 2040 2041 -1,
2046 2047 2048 -1,
2046 2045 2047 -1,
2046 2044 2045 -1,
2049 2043 2050 -1,
2049 2042 2043 -1,
2051 2050 2052 -1,
2051 2049 2050 -1,
2053 2046 2048 -1,
2054 2053 2048 -1,
2054 2055 2056 -1,
2054 2048 2055 -1,
2057 2058 2059 -1,
2057 2052 2058 -1,
2057 2051 2052 -1,
2060 2057 2059 -1,
2061 2054 2056 -1,
2062 2061 2056 -1,
2062 2056 2063 -1,
2064 2065 2066 -1,
2064 2059 2065 -1,
2064 2060 2059 -1,
2067 2064 2066 -1,
2068 2063 2069 -1,
2068 2062 2063 -1,
2070 2069 2071 -1,
2070 2068 2069 -1,
2072 2073 2074 -1,
2072 2066 2073 -1,
2072 2067 2066 -1,
2075 2072 2074 -1,
2076 2070 2071 -1,
2076 2077 2078 -1,
2076 2071 2077 -1,
2079 2078 2080 -1,
2079 2076 2078 -1,
2081 2074 2082 -1,
2081 2075 2074 -1,
2083 2082 2084 -1,
2083 2081 2082 -1,
2085 2079 2080 -1,
2086 2080 2087 -1,
2086 2085 2080 -1,
2088 2089 2090 -1,
2088 2087 2089 -1,
2088 2086 2087 -1,
2091 2088 2090 -1,
2092 2091 2090 -1,
2092 2090 2093 -1,
2094 2093 2095 -1,
2094 2092 2093 -1,
2096 2097 2098 -1,
2096 2099 2097 -1,
2096 2100 2099 -1,
2101 2102 2103 -1,
2101 2104 2102 -1,
2101 2105 2104 -1,
2106 2103 2102 -1,
2106 2102 2107 -1,
2108 2098 2097 -1,
2108 2109 2110 -1,
2108 2097 2109 -1,
2111 2105 2101 -1,
2112 2100 2096 -1,
2113 2106 2107 -1,
2113 2107 2114 -1,
2115 2108 2110 -1,
2116 2100 2112 -1,
2116 2117 2100 -1,
2118 2105 2111 -1,
2118 2119 2105 -1,
2120 2114 2121 -1,
2120 2113 2114 -1,
2122 2110 2123 -1,
2122 2115 2110 -1,
2124 2125 2117 -1,
2124 2117 2116 -1,
2126 2119 2118 -1,
2126 2127 2119 -1,
2126 2128 2127 -1,
2129 2130 2131 -1,
2129 2121 2130 -1,
2129 2120 2121 -1,
2132 2133 2134 -1,
2132 2123 2133 -1,
2132 2122 2123 -1,
2135 2125 2124 -1,
2135 2136 2125 -1,
2137 2128 2126 -1,
2138 2129 2131 -1,
2138 2131 2139 -1,
2140 2132 2134 -1,
2141 2128 2137 -1,
2141 2142 2128 -1,
2141 2143 2142 -1,
2144 2136 2135 -1,
2144 2145 2136 -1,
2146 2134 2147 -1,
2146 2140 2134 -1,
2148 2139 2149 -1,
2148 2138 2139 -1,
2150 2143 2141 -1,
2151 2145 2144 -1,
2151 2152 2145 -1,
2153 2146 2147 -1,
2153 2147 2154 -1,
2155 2148 2149 -1,
2156 2143 2150 -1,
2156 2157 2143 -1,
2158 2152 2151 -1,
2158 2159 2152 -1,
2160 2153 2154 -1,
2160 2154 2161 -1,
2162 2155 2149 -1,
2162 2149 2163 -1,
2164 2159 2158 -1,
2164 2165 2159 -1,
2166 2157 2156 -1,
2166 2167 2157 -1,
2168 2162 2163 -1,
2168 2163 2169 -1,
2170 2160 2161 -1,
2170 2161 2171 -1,
2172 2167 2166 -1,
2172 2173 2167 -1,
2174 2175 2165 -1,
2174 2165 2164 -1,
2176 2168 2169 -1,
2176 2169 2177 -1,
2178 2170 2171 -1,
2178 2171 2179 -1,
2180 2175 2174 -1,
2180 2181 2175 -1,
2180 2182 2181 -1,
2183 2178 2179 -1,
2183 2179 2184 -1,
2185 2176 2177 -1,
2185 2186 2187 -1,
2185 2177 2186 -1,
2188 2182 2180 -1,
2189 2183 2184 -1,
2189 2184 2190 -1,
2191 2185 2187 -1,
2192 2182 2188 -1,
2192 2193 2182 -1,
2194 2191 2187 -1,
2194 2187 2195 -1,
2196 2189 2190 -1,
2196 2197 2198 -1,
2196 2190 2197 -1,
2199 2193 2192 -1,
2199 2200 2193 -1,
2199 2201 2200 -1,
2202 2198 2203 -1,
2202 2196 2198 -1,
2204 2195 2205 -1,
2204 2194 2195 -1,
2206 2201 2199 -1,
2207 2208 2209 -1,
2207 2205 2208 -1,
2207 2204 2205 -1,
2210 2202 2203 -1,
2211 2209 2212 -1,
2211 2207 2209 -1,
2213 2203 2214 -1,
2213 2210 2203 -1,
2215 2211 2212 -1,
2216 2213 2214 -1,
2216 2214 2217 -1,
2218 2219 2220 -1,
2218 2212 2219 -1,
2218 2215 2212 -1,
2221 2217 2222 -1,
2221 2216 2217 -1,
2223 2220 2224 -1,
2223 2218 2220 -1,
2225 2222 2226 -1,
2225 2221 2222 -1,
2227 2225 2226 -1,
2227 2228 2229 -1,
2227 2226 2228 -1,
2230 2223 2224 -1,
2231 2230 2224 -1,
2231 2232 2233 -1,
2231 2224 2232 -1,
2234 2227 2229 -1,
2234 2229 2235 -1,
2236 2234 2235 -1,
2237 2231 2233 -1,
2237 2233 2238 -1,
2239 2237 2238 -1,
2240 2236 2235 -1,
2240 2241 2242 -1,
2240 2235 2241 -1,
2243 2238 2244 -1,
2243 2239 2238 -1,
2245 2240 2242 -1,
2246 2244 2247 -1,
2246 2243 2244 -1,
2248 2245 2242 -1,
2248 2242 2249 -1,
2250 2248 2249 -1,
2250 2249 2251 -1,
2252 2246 2247 -1,
2252 2253 2254 -1,
2252 2247 2253 -1,
2255 2252 2254 -1,
2256 2257 2258 -1,
2256 2251 2257 -1,
2256 2250 2251 -1,
2259 2255 2254 -1,
2259 2254 2260 -1,
2261 2256 2258 -1,
2262 2260 2263 -1,
2262 2259 2260 -1,
2264 2261 2258 -1,
2264 2258 2265 -1,
2266 2263 2267 -1,
2266 2262 2263 -1,
2268 2265 2269 -1,
2268 2264 2265 -1,
2270 2268 2269 -1,
2270 2269 2271 -1,
2272 2266 2267 -1,
2272 2267 2273 -1,
2274 2271 2275 -1,
2274 2270 2271 -1,
2276 2277 2278 -1,
2276 2273 2277 -1,
2276 2272 2273 -1,
2279 2274 2275 -1,
2279 2275 2280 -1,
2281 2276 2278 -1,
2282 2281 2278 -1,
2282 2283 2284 -1,
2282 2278 2283 -1,
2285 2279 2280 -1,
2285 2280 2286 -1,
2287 2282 2284 -1,
2288 2285 2286 -1,
2288 2286 2289 -1,
2290 2291 2292 -1,
2290 2289 2291 -1,
2290 2288 2289 -1,
2293 2287 2284 -1,
2293 2294 2295 -1,
2293 2284 2294 -1,
2296 2290 2292 -1,
2297 2293 2295 -1,
2297 2295 2298 -1,
2299 2297 2298 -1,
2300 2296 2292 -1,
2300 2301 2302 -1,
2300 2292 2301 -1,
2303 2300 2302 -1,
2304 2305 2306 -1,
2304 2298 2305 -1,
2304 2299 2298 -1,
2307 2304 2306 -1,
2308 2302 2309 -1,
2308 2303 2302 -1,
2310 2309 2311 -1,
2310 2308 2309 -1,
2312 2306 2313 -1,
2312 2307 2306 -1,
2314 2313 2315 -1,
2314 2312 2313 -1,
2316 2315 2317 -1,
2316 2314 2315 -1,
2318 2317 2319 -1,
2318 2316 2317 -1,
2320 2319 2321 -1,
2320 2318 2319 -1,
2322 2320 2321 -1,
2322 2321 2323 -1,
2324 2325 2326 -1,
2324 2327 2325 -1,
2324 2328 2327 -1,
2329 2330 2331 -1,
2329 2332 2330 -1,
2329 2331 2333 -1,
2334 2333 2331 -1,
2334 2331 2335 -1,
2336 2326 2325 -1,
2336 2325 2337 -1,
2338 2328 2324 -1,
2339 2340 2332 -1,
2339 2332 2329 -1,
2341 2334 2335 -1,
2341 2335 2342 -1,
2343 2336 2337 -1,
2343 2344 2345 -1,
2343 2337 2344 -1,
2346 2328 2338 -1,
2346 2347 2328 -1,
2348 2340 2339 -1,
2349 2343 2345 -1,
2349 2345 2350 -1,
2351 2341 2342 -1,
2351 2342 2352 -1,
2353 2354 2347 -1,
2353 2347 2346 -1,
2355 2356 2340 -1,
2355 2340 2348 -1,
2357 2351 2352 -1,
2357 2352 2358 -1,
2359 2349 2350 -1,
2360 2361 2354 -1,
2360 2354 2353 -1,
2362 2363 2356 -1,
2362 2364 2363 -1,
2362 2356 2355 -1,
2365 2359 2350 -1,
2365 2350 2366 -1,
2367 2357 2358 -1,
2367 2368 2369 -1,
2367 2358 2368 -1,
2370 2364 2362 -1,
2371 2372 2361 -1,
2371 2373 2372 -1,
2371 2361 2360 -1,
2374 2366 2375 -1,
2374 2365 2366 -1,
2376 2367 2369 -1,
2377 2373 2371 -1,
2378 2379 2364 -1,
2378 2380 2379 -1,
2378 2364 2370 -1,
2381 2374 2375 -1,
2381 2375 2382 -1,
2383 2376 2369 -1,
2383 2369 2384 -1,
2385 2386 2380 -1,
2385 2380 2378 -1,
2387 2388 2373 -1,
2387 2373 2377 -1,
2389 2381 2382 -1,
2389 2382 2390 -1,
2391 2383 2384 -1,
2391 2384 2392 -1,
2393 2386 2385 -1,
2394 2395 2388 -1,
2394 2388 2387 -1,
2396 2391 2392 -1,
2396 2392 2397 -1,
2398 2389 2390 -1,
2398 2399 2400 -1,
2398 2390 2399 -1,
2401 2402 2386 -1,
2401 2386 2393 -1,
2403 2404 2395 -1,
2403 2395 2394 -1,
2405 2398 2400 -1,
2406 2396 2397 -1,
2406 2397 2407 -1,
2408 2404 2403 -1,
2408 2409 2404 -1,
2410 2405 2400 -1,
2410 2400 2411 -1,
2412 2406 2407 -1,
2412 2407 2413 -1,
2414 2415 2409 -1,
2414 2409 2408 -1,
2416 2410 2411 -1,
2416 2411 2417 -1,
2418 2412 2413 -1,
2418 2419 2420 -1,
2418 2413 2419 -1,
2421 2422 2415 -1,
2421 2423 2422 -1,
2421 2415 2414 -1,
2424 2418 2420 -1,
2425 2416 2417 -1,
2425 2417 2426 -1,
2427 2423 2421 -1,
2428 2425 2426 -1,
2428 2426 2429 -1,
2430 2424 2420 -1,
2430 2420 2431 -1,
2432 2433 2423 -1,
2432 2423 2427 -1,
2434 2430 2431 -1,
2434 2435 2436 -1,
2434 2431 2435 -1,
2437 2428 2429 -1,
2437 2429 2438 -1,
2439 2437 2438 -1,
2439 2438 2440 -1,
2441 2434 2436 -1,
2442 2440 2443 -1,
2442 2439 2440 -1,
2444 2441 2436 -1,
2444 2436 2445 -1,
2446 2443 2447 -1,
2446 2442 2443 -1,
2448 2449 2450 -1,
2448 2445 2449 -1,
2448 2444 2445 -1,
2451 2447 2452 -1,
2451 2446 2447 -1,
2453 2448 2450 -1,
2453 2450 2454 -1,
2455 2456 2457 -1,
2455 2452 2456 -1,
2455 2451 2452 -1,
2458 2453 2454 -1,
2459 2460 2461 -1,
2459 2454 2460 -1,
2459 2458 2454 -1,
2462 2455 2457 -1,
2463 2462 2457 -1,
2463 2464 2465 -1,
2463 2457 2464 -1,
2466 2459 2461 -1,
2467 2466 2461 -1,
2467 2468 2469 -1,
2467 2461 2468 -1,
2470 2463 2465 -1,
2471 2472 2473 -1,
2471 2465 2472 -1,
2471 2470 2465 -1,
2474 2467 2469 -1,
2475 2469 2476 -1,
2475 2474 2469 -1,
2477 2471 2473 -1,
2477 2473 2478 -1,
2479 2477 2478 -1,
2479 2478 2480 -1,
2481 2475 2476 -1,
2481 2476 2482 -1,
2483 2481 2482 -1,
2483 2484 2485 -1,
2483 2482 2484 -1,
2486 2479 2480 -1,
2487 2486 2480 -1,
2487 2480 2488 -1,
2489 2483 2485 -1,
2490 2488 2491 -1,
2490 2487 2488 -1,
2492 2489 2485 -1,
2492 2485 2493 -1,
2494 2492 2493 -1,
2494 2495 2496 -1,
2494 2493 2495 -1,
2497 2491 2498 -1,
2497 2490 2491 -1,
2499 2498 2500 -1,
2499 2497 2498 -1,
2501 2494 2496 -1,
2502 2500 2503 -1,
2502 2499 2500 -1,
2504 2501 2496 -1,
2504 2505 2506 -1,
2504 2496 2505 -1,
2507 2503 2508 -1,
2507 2502 2503 -1,
2509 2504 2506 -1,
2510 2507 2508 -1,
2510 2511 2512 -1,
2510 2508 2511 -1,
2513 2509 2506 -1,
2513 2514 2515 -1,
2513 2506 2514 -1,
2516 2510 2512 -1,
2517 2513 2515 -1,
2518 2516 2512 -1,
2518 2519 2520 -1,
2518 2512 2519 -1,
2521 2515 2522 -1,
2521 2517 2515 -1,
2523 2518 2520 -1,
2524 2521 2522 -1,
2524 2522 2525 -1,
2526 2523 2520 -1,
2526 2527 2528 -1,
2526 2520 2527 -1,
2529 2524 2525 -1,
2529 2525 2530 -1,
2531 2526 2528 -1,
2532 2529 2530 -1,
2532 2533 2534 -1,
2532 2530 2533 -1,
2535 2528 2536 -1,
2535 2531 2528 -1,
2537 2532 2534 -1,
2537 2534 2538 -1,
2539 2535 2536 -1,
2539 2536 2540 -1,
2541 2537 2538 -1,
2542 2541 2538 -1,
2542 2538 2543 -1,
2544 2545 2546 -1,
2544 2543 2545 -1,
2544 2542 2543 -1,
2547 2544 2546 -1,
2548 2547 2546 -1,
2548 2546 2549 -1,
2550 2548 2549 -1,
2550 2549 2551 -1,
2552 2553 2554 -1,
2552 2555 2553 -1,
2552 2554 2556 -1,
2557 2558 2559 -1,
2557 2559 2560 -1,
2561 2559 2562 -1,
2561 2560 2559 -1,
2563 2554 2564 -1,
2563 2556 2554 -1,
2565 2555 2552 -1,
2566 2567 2558 -1,
2566 2568 2567 -1,
2566 2558 2557 -1,
2569 2570 2571 -1,
2569 2564 2570 -1,
2569 2563 2564 -1,
2572 2561 2562 -1,
2572 2562 2573 -1,
2574 2575 2555 -1,
2574 2555 2565 -1,
2576 2568 2566 -1,
2576 2577 2568 -1,
2578 2573 2579 -1,
2578 2572 2573 -1,
2580 2569 2571 -1,
2581 2582 2575 -1,
2581 2575 2574 -1,
2583 2577 2576 -1,
2584 2571 2585 -1,
2584 2580 2571 -1,
2586 2579 2587 -1,
2586 2578 2579 -1,
2588 2577 2583 -1,
2588 2589 2577 -1,
2588 2590 2589 -1,
2591 2592 2582 -1,
2591 2582 2581 -1,
2593 2587 2594 -1,
2593 2586 2587 -1,
2595 2585 2596 -1,
2595 2584 2585 -1,
2597 2590 2588 -1,
2598 2592 2591 -1,
2598 2599 2592 -1,
2600 2596 2601 -1,
2600 2595 2596 -1,
2602 2594 2603 -1,
2602 2593 2594 -1,
2604 2605 2590 -1,
2604 2606 2605 -1,
2604 2590 2597 -1,
2607 2608 2599 -1,
2607 2609 2608 -1,
2607 2599 2598 -1,
2610 2603 2611 -1,
2610 2602 2603 -1,
2612 2613 2614 -1,
2612 2601 2613 -1,
2612 2600 2601 -1,
2615 2609 2607 -1,
2616 2617 2606 -1,
2616 2606 2604 -1,
2618 2612 2614 -1,
2619 2611 2620 -1,
2619 2610 2611 -1,
2621 2622 2609 -1,
2621 2609 2615 -1,
2623 2617 2616 -1,
2624 2625 2626 -1,
2624 2614 2625 -1,
2624 2618 2614 -1,
2627 2620 2628 -1,
2627 2619 2620 -1,
2629 2622 2621 -1,
2629 2630 2622 -1,
2631 2632 2617 -1,
2631 2617 2623 -1,
2633 2628 2634 -1,
2633 2627 2628 -1,
2635 2624 2626 -1,
2636 2637 2638 -1,
2636 2626 2637 -1,
2636 2635 2626 -1,
2639 2634 2640 -1,
2639 2633 2634 -1,
2641 2636 2638 -1,
2642 2643 2644 -1,
2642 2640 2643 -1,
2642 2639 2640 -1,
2645 2642 2644 -1,
2646 2638 2647 -1,
2646 2641 2638 -1,
2648 2644 2649 -1,
2648 2645 2644 -1,
2650 2647 2651 -1,
2650 2646 2647 -1,
2652 2651 2653 -1,
2652 2650 2651 -1,
2654 2655 2656 -1,
2654 2649 2655 -1,
2654 2648 2649 -1,
2657 2654 2656 -1,
2657 2656 2658 -1,
2659 2660 2661 -1,
2659 2653 2660 -1,
2659 2652 2653 -1,
2662 2657 2658 -1,
2663 2659 2661 -1,
2664 2665 2666 -1,
2664 2658 2665 -1,
2664 2662 2658 -1,
2667 2661 2668 -1,
2667 2663 2661 -1,
2669 2668 2670 -1,
2669 2667 2668 -1,
2671 2666 2672 -1,
2671 2664 2666 -1,
2673 2671 2672 -1,
2674 2675 2676 -1,
2674 2670 2675 -1,
2674 2669 2670 -1,
2677 2672 2678 -1,
2677 2673 2672 -1,
2679 2674 2676 -1,
2680 2676 2681 -1,
2680 2679 2676 -1,
2680 2681 2682 -1,
2683 2678 2684 -1,
2683 2677 2678 -1,
2685 2680 2682 -1,
2686 2687 2688 -1,
2686 2684 2687 -1,
2686 2683 2684 -1,
2689 2685 2682 -1,
2689 2682 2690 -1,
2691 2686 2688 -1,
2692 2689 2690 -1,
2692 2690 2693 -1,
2694 2688 2695 -1,
2694 2691 2688 -1,
2696 2692 2693 -1,
2696 2693 2697 -1,
2698 2694 2695 -1,
2698 2695 2699 -1,
2700 2698 2699 -1,
2700 2701 2702 -1,
2700 2699 2701 -1,
2703 2696 2697 -1,
2703 2697 2704 -1,
2705 2700 2702 -1,
2706 2703 2704 -1,
2706 2704 2707 -1,
2708 2705 2702 -1,
2708 2709 2710 -1,
2708 2702 2709 -1,
2711 2708 2710 -1,
2712 2711 2710 -1,
2712 2710 2713 -1,
3 2714 2433 -1,
3 2206 2714 -1,
3 2715 2630 -1,
3 2716 2715 -1,
3 2717 2716 -1,
3 2718 2717 -1,
3 2719 2718 -1,
3 2720 2719 -1,
3 2432 2720 -1,
3 2433 2432 -1,
3 2721 2722 -1,
3 2723 2721 -1,
3 2724 2723 -1,
3 2725 2724 -1,
3 2726 2725 -1,
3 2727 2726 -1,
3 2728 2727 -1,
3 2729 2728 -1,
3 2730 2729 -1,
3 2731 2730 -1,
3 2732 2731 -1,
3 2733 2732 -1,
3 2734 2733 -1,
3 2735 2734 -1,
3 2736 2735 -1,
3 2737 2736 -1,
3 2738 2737 -1,
3 2739 2738 -1,
3 2740 2739 -1,
3 2741 2740 -1,
3 2629 2741 -1,
3 2630 2629 -1,
2742 3 2722 -1,
2743 2712 2713 -1,
2743 2713 2744 -1,
2745 3 2742 -1,
2746 2743 2744 -1,
2746 2744 2747 -1,
2748 3 2745 -1,
2749 2746 2747 -1,
2749 2750 2751 -1,
2749 2747 2750 -1,
2752 3 2748 -1,
2753 2749 2751 -1,
2754 3 2752 -1,
2755 2753 2751 -1,
2755 2751 2756 -1,
2757 3 2754 -1,
2758 2755 2756 -1,
2758 2756 2759 -1,
2760 3 2757 -1,
2761 2758 2759 -1,
2761 2759 2762 -1,
2763 3 2760 -1,
2764 2761 2762 -1,
2764 2765 2766 -1,
2764 2762 2765 -1,
2767 3 2763 -1,
2768 2764 2766 -1,
2768 2766 2769 -1,
2770 3 2767 -1,
2771 2768 2769 -1,
2772 3 2770 -1,
2773 2771 2769 -1,
2773 2769 2774 -1,
2775 3 2772 -1,
2776 2777 2778 -1,
2776 2774 2777 -1,
2776 2773 2774 -1,
2779 3 2775 -1,
2780 2776 2778 -1,
2781 3 2779 -1,
2782 2780 2778 -1,
2782 2778 2783 -1,
2784 3 2781 -1,
2785 2782 2783 -1,
2785 2783 2786 -1,
2787 3 2784 -1,
2788 3 2787 -1,
2789 3 2788 -1,
2790 3 2789 -1,
2791 3 2790 -1,
2792 3 2791 -1,
2793 3 2792 -1,
2794 3 2793 -1,
2795 3 2794 -1,
2796 2797 2798 -1,
2796 2799 2797 -1,
2796 2800 2799 -1,
2796 2801 2800 -1,
2796 2802 2801 -1,
2796 2803 2802 -1,
2796 2804 2706 -1,
2796 2805 2803 -1,
2796 2806 2804 -1,
2796 2807 2805 -1,
2796 2808 2806 -1,
2796 2809 2807 -1,
2796 2810 2808 -1,
2796 2811 2809 -1,
2796 2812 2810 -1,
2796 2813 2811 -1,
2796 2814 2812 -1,
2796 2815 2813 -1,
2796 2816 2814 -1,
2796 2817 2815 -1,
2796 2818 2816 -1,
2796 2819 2817 -1,
2796 2820 2818 -1,
2796 2821 2820 -1,
2796 2822 2821 -1,
2796 2823 2822 -1,
2796 2824 2823 -1,
2796 2825 2824 -1,
2796 2826 2825 -1,
2796 2827 2826 -1,
2796 2828 2827 -1,
2796 2829 2828 -1,
2796 2798 2829 -1,
2796 2830 2831 -1,
2796 2832 2830 -1,
2796 2833 2832 -1,
2796 2706 2707 -1,
2796 2834 2833 -1,
2796 2835 2834 -1,
2796 2836 2835 -1,
2796 2837 2836 -1,
2796 2838 2837 -1,
2796 2839 2838 -1,
2796 2840 2839 -1,
2796 2841 2840 -1,
2796 2842 2841 -1,
2796 2843 2842 -1,
2796 2844 2843 -1,
2796 2845 2844 -1,
2796 2846 2845 -1,
2796 2707 2846 -1,
2847 2848 2849 -1,
2847 2850 2848 -1,
2847 2851 2850 -1,
2852 2849 2848 -1,
2852 2848 2853 -1,
2854 2851 2847 -1,
2854 2855 2851 -1,
2856 2853 2857 -1,
2856 2852 2853 -1,
2858 2855 2854 -1,
2859 2857 2860 -1,
2859 2856 2857 -1,
2861 2855 2858 -1,
2861 2862 2855 -1,
2861 2863 2862 -1,
2864 2860 2865 -1,
2864 2859 2860 -1,
2866 2863 2861 -1,
2867 2865 2868 -1,
2867 2864 2865 -1,
2869 2870 2863 -1,
2869 2863 2866 -1,
2871 2867 2868 -1,
2871 2868 2872 -1,
2873 2874 2870 -1,
2873 2870 2869 -1,
2875 2872 2876 -1,
2875 2871 2872 -1,
2877 2874 2873 -1,
2877 2878 2874 -1,
2879 2876 2880 -1,
2879 2875 2876 -1,
2881 2882 2878 -1,
2881 2878 2877 -1,
2883 2880 2884 -1,
2883 2879 2880 -1,
2885 2882 2881 -1,
2885 2886 2882 -1,
2887 2883 2884 -1,
2887 2884 2888 -1,
2889 2890 2891 -1,
2889 2888 2890 -1,
2889 2887 2888 -1,
2892 2889 2891 -1,
2893 2892 2891 -1,
2893 2891 2894 -1,
2895 2893 2894 -1,
2895 2894 2896 -1,
2897 2895 2896 -1,
2897 2898 2899 -1,
2897 2896 2898 -1,
2900 2899 2901 -1,
2900 2897 2899 -1,
2902 2900 2901 -1,
2903 2901 2904 -1,
2903 2902 2901 -1,
2905 2906 2907 -1,
2905 2904 2906 -1,
2905 2903 2904 -1,
2908 2905 2907 -1,
2909 2910 2911 -1,
2909 2907 2910 -1,
2909 2908 2907 -1,
2912 2911 2913 -1,
2912 2909 2911 -1,
2914 2912 2913 -1,
2915 2913 2916 -1,
2915 2914 2913 -1,
2917 2918 2919 -1,
2917 2916 2918 -1,
2917 2915 2916 -1,
2920 2917 2919 -1,
2921 2919 2922 -1,
2921 2920 2919 -1,
2923 2921 2922 -1,
2923 2922 2924 -1,
2925 2924 2926 -1,
2925 2923 2924 -1,
2927 2926 2928 -1,
2927 2925 2926 -1,
2929 2927 2928 -1,
2929 2928 2930 -1,
2931 2930 2932 -1,
2931 2929 2930 -1,
2933 2932 2934 -1,
2933 2931 2932 -1,
2935 2936 2937 -1,
2935 2934 2936 -1,
2935 2933 2934 -1,
2938 2935 2937 -1,
2939 2940 2941 -1,
2939 2937 2940 -1,
2939 2938 2937 -1,
2942 2941 2943 -1,
2942 2939 2941 -1,
2944 2942 2943 -1,
2945 2946 2947 -1,
2945 2943 2946 -1,
2945 2944 2943 -1,
2948 2945 2947 -1,
2949 2947 2950 -1,
2949 2948 2947 -1,
2951 2950 2952 -1,
2951 2949 2950 -1,
2953 2951 2952 -1,
2953 2954 2955 -1,
2953 2952 2954 -1,
2956 2953 2955 -1,
2957 2955 2958 -1,
2957 2956 2955 -1,
2959 2958 2960 -1,
2959 2957 2958 -1,
2961 2962 2963 -1,
2961 2964 2962 -1,
2965 2963 2962 -1,
2965 2962 2966 -1,
2967 2964 2961 -1,
2967 2968 2964 -1,
2967 2969 2968 -1,
2970 2965 2966 -1,
2970 2966 2971 -1,
2972 2969 2967 -1,
2973 2970 2971 -1,
2973 2971 2974 -1,
2975 2969 2972 -1,
2975 2976 2969 -1,
2977 2973 2974 -1,
2977 2974 2978 -1,
2979 2976 2975 -1,
2979 2980 2976 -1,
2979 2981 2980 -1,
2982 2977 2978 -1,
2982 2978 2983 -1,
2984 2981 2979 -1,
2984 2985 2981 -1,
2986 2982 2983 -1,
2986 2983 2987 -1,
2988 2985 2984 -1,
2988 2989 2985 -1,
2990 2986 2987 -1,
2990 2987 2991 -1,
2992 2989 2988 -1,
2992 2993 2989 -1,
2994 2990 2991 -1,
2994 2991 2995 -1,
2996 2993 2992 -1,
2997 2994 2995 -1,
2997 2995 2998 -1,
2999 2993 2996 -1,
2999 3000 2993 -1,
3001 2997 2998 -1,
3001 2998 3002 -1,
3003 3001 3002 -1,
3003 3002 3004 -1,
3005 3003 3004 -1,
3005 3006 3007 -1,
3005 3004 3006 -1,
3008 3005 3007 -1,
3009 3007 3010 -1,
3009 3008 3007 -1,
3011 3012 3013 -1,
3011 3010 3012 -1,
3011 3009 3010 -1,
3014 3011 3013 -1,
3014 3013 3015 -1,
3016 3014 3015 -1,
3017 3015 3018 -1,
3017 3016 3015 -1,
3019 3020 3021 -1,
3019 3018 3020 -1,
3019 3017 3018 -1,
3022 3021 3023 -1,
3022 3019 3021 -1,
3024 3022 3023 -1,
3025 3023 3026 -1,
3025 3024 3023 -1,
3027 3028 3029 -1,
3027 3026 3028 -1,
3027 3025 3026 -1,
3030 3027 3029 -1,
3031 3029 3032 -1,
3031 3030 3029 -1,
3033 3032 3034 -1,
3033 3031 3032 -1,
3035 3033 3034 -1,
3035 3034 3036 -1,
3037 3035 3036 -1,
3037 3036 3038 -1,
3039 3037 3038 -1,
3039 3040 3041 -1,
3039 3038 3040 -1,
3042 3039 3041 -1,
3043 3041 3044 -1,
3043 3042 3041 -1,
3045 3046 3047 -1,
3045 3044 3046 -1,
3045 3043 3044 -1,
3048 3045 3047 -1,
3049 3050 3051 -1,
3049 3047 3050 -1,
3049 3048 3047 -1,
3052 3049 3051 -1,
3053 3052 3051 -1,
3053 3051 3054 -1,
3055 3053 3054 -1,
3055 3054 3056 -1,
3057 3055 3056 -1,
3057 3056 3058 -1,
3059 3058 3060 -1,
3059 3057 3058 -1,
3061 3062 3063 -1,
3061 3060 3062 -1,
3061 3059 3060 -1,
3064 3061 3063 -1,
3065 3063 3066 -1,
3065 3064 3063 -1,
3067 3065 3066 -1,
3067 3068 3069 -1,
3067 3066 3068 -1,
3070 3067 3069 -1,
3071 3069 3072 -1,
3071 3070 3069 -1,
3073 3072 3074 -1,
3073 3071 3072 -1,
3075 3076 3077 -1,
3075 3078 3076 -1,
3075 3079 3078 -1,
3075 3080 3079 -1,
3075 3081 3080 -1,
3075 3082 3081 -1,
3075 3083 3082 -1,
3075 3084 3083 -1,
3075 3085 3084 -1,
3075 3086 3085 -1,
3075 3087 3086 -1,
3075 3088 3087 -1,
3075 3089 3088 -1,
3075 3090 3091 -1,
3075 3092 3090 -1,
3075 3093 3092 -1,
3075 3077 3093 -1,
3094 3075 3095 -1,
3096 3095 3075 -1,
3097 3075 3094 -1,
3098 3096 3075 -1,
3099 3075 3097 -1,
3100 3098 3075 -1,
3100 3091 3101 -1,
3100 3075 3091 -1,
3102 3075 3099 -1,
3103 3100 3101 -1,
3104 3075 3102 -1,
3105 3103 3101 -1,
3105 3106 3107 -1,
3105 3101 3106 -1,
3108 3075 3104 -1,
3109 3105 3107 -1,
3110 3075 3108 -1,
3111 3109 3107 -1,
3111 3107 3112 -1,
3113 3075 3110 -1,
3114 3111 3112 -1,
3114 3112 3115 -1,
3116 3075 3113 -1,
3117 3115 3118 -1,
3117 3114 3115 -1,
3119 3075 3116 -1,
3120 3118 3121 -1,
3120 3117 3118 -1,
3122 3075 3119 -1,
3123 3120 3121 -1,
3123 3121 3124 -1,
3125 3075 3122 -1,
3126 3123 3124 -1,
3126 3124 3127 -1,
3128 3075 3125 -1,
3129 3126 3127 -1,
3129 3127 3130 -1,
3131 3075 3128 -1,
3132 3129 3130 -1,
3132 3130 3133 -1,
3134 3075 3131 -1,
3135 3132 3133 -1,
3135 3133 3136 -1,
3137 3075 3134 -1,
3138 3135 3136 -1,
3138 3139 3140 -1,
3138 3136 3139 -1,
3141 3075 3137 -1,
3142 3138 3140 -1,
3143 3075 3141 -1,
3144 3142 3140 -1,
3144 3145 3146 -1,
3144 3140 3145 -1,
3147 3075 3143 -1,
3148 3144 3146 -1,
3149 3075 3147 -1,
3150 3148 3146 -1,
3150 3146 3151 -1,
3152 3075 3149 -1,
3153 3150 3151 -1,
3153 3154 3155 -1,
3153 3151 3154 -1,
3156 3075 3152 -1,
3157 3153 3155 -1,
3158 3075 3156 -1,
3159 3157 3155 -1,
3159 3160 3161 -1,
3159 3155 3160 -1,
3162 3075 3158 -1,
3163 3159 3161 -1,
3163 3161 3164 -1,
3165 3075 3162 -1,
3166 3163 3164 -1,
3167 3075 3165 -1,
3168 3169 3170 -1,
3168 3164 3169 -1,
3168 3166 3164 -1,
3171 3075 3167 -1,
3172 3168 3170 -1,
3173 3075 3171 -1,
3174 3172 3170 -1,
3174 3170 3175 -1,
3176 3075 3173 -1,
3177 3178 3179 -1,
3177 3175 3178 -1,
3177 3174 3175 -1,
3180 3181 2819 -1,
3180 2796 3075 -1,
3180 2819 2796 -1,
3180 3075 3176 -1,
3182 3177 3179 -1,
3183 3181 3180 -1,
3184 3182 3179 -1,
3184 3179 3185 -1,
3186 3187 3181 -1,
3186 3181 3183 -1,
3188 3185 3189 -1,
3188 3184 3185 -1,
3190 3191 3187 -1,
3190 3187 3186 -1,
3192 3189 3193 -1,
3192 3188 3189 -1,
3194 3195 3191 -1,
3194 3191 3190 -1,
3196 3193 3197 -1,
3196 3192 3193 -1,
3198 3199 3195 -1,
3198 3195 3194 -1,
3200 3197 3201 -1,
3200 3196 3197 -1,
3202 3203 3199 -1,
3202 3204 3203 -1,
3202 3199 3198 -1,
3205 3201 3206 -1,
3205 3200 3201 -1,
3207 3204 3202 -1,
3208 3205 3206 -1,
3208 3206 3209 -1,
3210 3211 3204 -1,
3210 3212 3211 -1,
3210 3204 3207 -1,
3213 3208 3209 -1,
3213 3209 3214 -1,
3215 3212 3210 -1,
3216 3213 3214 -1,
3216 3214 3217 -1,
3218 2795 3212 -1,
3218 3212 3215 -1,
3219 3216 3217 -1,
3219 3220 3221 -1,
3219 3217 3220 -1,
3222 3219 3221 -1,
3223 3224 3225 -1,
3223 3226 3227 -1,
3223 3228 3224 -1,
3223 3229 3226 -1,
3223 3230 3229 -1,
3223 3231 3230 -1,
3223 3232 3231 -1,
3223 3233 3232 -1,
3223 3234 3233 -1,
3223 3235 3234 -1,
3223 3236 3235 -1,
3223 3237 3236 -1,
3223 3238 3237 -1,
3223 3239 3238 -1,
3223 3240 3239 -1,
3223 3241 3240 -1,
3223 3242 3241 -1,
3223 3218 3242 -1,
3223 2795 3218 -1,
3223 3074 3243 -1,
3223 3243 2959 -1,
3223 3244 3245 -1,
3223 3246 3244 -1,
3223 3247 3246 -1,
3223 3248 3247 -1,
3223 3249 3248 -1,
3223 3221 3249 -1,
3223 3 2795 -1,
3223 3245 3073 -1,
3223 3250 3228 -1,
3223 3251 3250 -1,
3223 3252 3251 -1,
3223 3253 3252 -1,
3223 3222 3221 -1,
3223 3254 3253 -1,
3223 3073 3074 -1,
3223 3255 3254 -1,
3223 3256 3255 -1,
3223 3257 3256 -1,
3223 3258 3257 -1,
3223 3259 3258 -1,
3223 3260 3259 -1,
3223 3261 3260 -1,
3223 3262 3261 -1,
3223 3263 3262 -1,
3223 3264 3263 -1,
3223 3265 3264 -1,
3223 3266 3265 -1,
3223 3267 3266 -1,
3223 3268 3267 -1,
3223 3269 3222 -1,
3223 3270 3268 -1,
3223 3271 3269 -1,
3223 3272 3270 -1,
3223 3273 3271 -1,
3223 3274 3272 -1,
3223 3225 3273 -1,
3223 3227 3274 -1,
3 1 248 -1,
3 248 390 -1,
3 390 3275 -1,
3275 390 395 -1,
3 3275 608 -1,
3 608 613 -1,
3 613 3276 -1,
3 3276 832 -1,
3 832 837 -1,
3 837 3277 -1,
3 3277 1060 -1,
3 1060 1065 -1,
3 1065 3278 -1,
3 3278 1293 -1,
3 1293 1292 -1,
3 1292 3279 -1,
3 3279 1522 -1,
3 1522 1521 -1,
3 1521 3280 -1,
3 3280 1749 -1,
3 1749 1748 -1,
3 1748 3281 -1,
3 3281 1977 -1,
3 1977 1976 -1,
3 1976 3282 -1,
3 3282 2201 -1,
3 2201 2206 -1,
5 3223 3283 -1,
3283 3223 2960 -1,
2960 3223 2959 -1,
5 3283 2785 -1,
5 2785 2786 -1,
5 2786 3284 -1,
5 3284 2550 -1,
5 2550 2551 -1,
5 2551 3285 -1,
5 3285 2322 -1,
5 2322 2323 -1,
5 2323 3286 -1,
5 3286 2094 -1,
5 2094 2095 -1,
5 2095 3287 -1,
5 3287 1866 -1,
5 1866 1867 -1,
5 1867 3288 -1,
5 3288 1638 -1,
5 1638 1639 -1,
5 1639 3289 -1,
5 3289 1410 -1,
5 1410 1411 -1,
5 1411 3290 -1,
5 3290 1182 -1,
5 1182 1183 -1,
5 1183 955 -1,
52 2796 3291 -1,
3291 2796 3292 -1,
3292 2796 2831 -1,
52 3291 3293 -1,
52 3293 3294 -1,
52 3294 3295 -1,
52 3295 3296 -1,
52 3296 3297 -1,
52 3297 2539 -1,
52 2539 3298 -1,
3298 2539 3299 -1,
3299 2539 3300 -1,
3300 2539 3301 -1,
3301 2539 3302 -1,
3302 2539 3303 -1,
3303 2539 2540 -1,
52 3298 3304 -1,
52 3304 3305 -1,
52 3305 3306 -1,
52 3306 3307 -1,
52 3307 3308 -1,
52 3308 2310 -1,
52 2310 3309 -1,
3309 2310 3310 -1,
3310 2310 3311 -1,
3311 2310 3312 -1,
3312 2310 3313 -1,
3313 2310 3314 -1,
3314 2310 2311 -1,
52 3309 3315 -1,
52 3315 3316 -1,
52 3316 3317 -1,
52 3317 3318 -1,
52 3318 3319 -1,
52 3319 2083 -1,
52 2083 3320 -1,
3320 2083 3321 -1,
3321 2083 3322 -1,
3322 2083 3323 -1,
3323 2083 3324 -1,
3324 2083 3325 -1,
3325 2083 2084 -1,
52 3320 3326 -1,
52 3326 3327 -1,
52 3327 3328 -1,
52 3328 3329 -1,
52 3329 3330 -1,
52 3330 1855 -1,
52 1855 3331 -1,
3331 1855 3332 -1,
3332 1855 3333 -1,
3333 1855 3334 -1,
3334 1855 3335 -1,
3335 1855 1856 -1,
52 3331 3336 -1,
52 3336 3337 -1,
52 3337 3338 -1,
52 3338 3339 -1,
52 3339 3340 -1,
52 3340 3341 -1,
52 3341 1629 -1,
52 1629 3342 -1,
3342 1629 3343 -1,
3343 1629 3344 -1,
3344 1629 3345 -1,
3345 1629 3346 -1,
3346 1629 1630 -1,
52 3342 3347 -1,
52 3347 3348 -1,
52 3348 3349 -1,
52 3349 3350 -1,
52 3350 3351 -1,
52 3351 3352 -1,
52 3352 1399 -1,
52 1399 3353 -1,
3353 1399 3354 -1,
3354 1399 3355 -1,
3355 1399 3356 -1,
3356 1399 3357 -1,
3357 1399 1400 -1,
52 3353 3358 -1,
52 3358 3359 -1,
52 3359 3360 -1,
52 3360 3361 -1,
52 3361 3362 -1,
52 3362 3363 -1,
52 3363 1171 -1,
52 1171 3364 -1,
3364 1171 3365 -1,
3365 1171 3366 -1,
3366 1171 3367 -1,
3367 1171 3368 -1,
3368 1171 1172 -1,
52 3364 3369 -1,
52 3369 3370 -1,
52 3370 3371 -1,
52 3371 3372 -1,
52 3372 3373 -1,
52 3373 3374 -1,
52 3374 945 -1,
52 945 3375 -1,
3375 945 3376 -1,
3376 945 3377 -1,
3377 945 3378 -1,
3378 945 3379 -1,
3379 945 943 -1,
52 3375 3380 -1,
52 3380 3381 -1,
52 3381 3382 -1,
52 3382 3383 -1,
52 3383 3384 -1,
52 3384 3385 -1,
52 3385 719 -1,
52 719 3386 -1,
3386 719 3387 -1,
3387 719 3388 -1,
3388 719 3389 -1,
3389 719 3390 -1,
3390 719 720 -1,
52 3386 3391 -1,
52 3391 3392 -1,
52 3392 3393 -1,
52 3393 3394 -1,
52 3394 3395 -1,
52 3395 3396 -1,
52 3396 500 -1,
52 500 3397 -1,
3397 500 3398 -1,
3398 500 3399 -1,
3399 500 3400 -1,
3400 500 501 -1,
52 3397 3401 -1,
52 3401 3402 -1,
52 3402 3403 -1,
52 3403 3404 -1,
52 3404 3405 -1,
52 3405 3406 -1,
52 3406 3407 -1,
52 3407 300 -1,
52 300 3408 -1,
3408 300 3409 -1,
3409 300 3410 -1,
3410 300 3411 -1,
3411 300 299 -1,
52 3408 3412 -1,
52 3412 3413 -1,
52 3413 3414 -1,
52 3414 186 -1,
3075 301 3415 -1,
3415 301 3416 -1,
3416 301 609 -1,
3075 3415 3417 -1,
3075 3417 3418 -1,
3075 3418 3419 -1,
3075 3419 3420 -1,
3075 3420 3421 -1,
3075 3421 805 -1,
3075 805 3422 -1,
3422 805 3423 -1,
3423 805 3424 -1,
3424 805 3425 -1,
3425 805 3426 -1,
3426 805 3427 -1,
3427 805 804 -1,
3075 3422 3428 -1,
3075 3428 3429 -1,
3075 3429 3430 -1,
3075 3430 3431 -1,
3075 3431 3432 -1,
3075 3432 1034 -1,
3075 1034 3433 -1,
3433 1034 3434 -1,
3434 1034 3435 -1,
3435 1034 3436 -1,
3436 1034 3437 -1,
3437 1034 3438 -1,
3438 1034 1033 -1,
3075 3433 3439 -1,
3075 3439 3440 -1,
3075 3440 3441 -1,
3075 3441 3442 -1,
3075 3442 3443 -1,
3075 3443 1256 -1,
3075 1256 3444 -1,
3444 1256 3445 -1,
3445 1256 3446 -1,
3446 1256 3447 -1,
3447 1256 3448 -1,
3448 1256 3449 -1,
3449 1256 1261 -1,
3075 3444 3450 -1,
3075 3450 3451 -1,
3075 3451 3452 -1,
3075 3452 3453 -1,
3075 3453 3454 -1,
3075 3454 1482 -1,
3075 1482 3455 -1,
3455 1482 3456 -1,
3456 1482 3457 -1,
3457 1482 3458 -1,
3458 1482 3459 -1,
3459 1482 1489 -1,
3075 3455 3460 -1,
3075 3460 3461 -1,
3075 3461 3462 -1,
3075 3462 3463 -1,
3075 3463 3464 -1,
3075 3464 3465 -1,
3075 3465 1718 -1,
3075 1718 3466 -1,
3466 1718 3467 -1,
3467 1718 3468 -1,
3468 1718 3469 -1,
3469 1718 3470 -1,
3470 1718 1717 -1,
3075 3466 3471 -1,
3075 3471 3472 -1,
3075 3472 3473 -1,
3075 3473 3474 -1,
3075 3474 3475 -1,
3075 3475 3476 -1,
3075 3476 1946 -1,
3075 1946 3477 -1,
3477 1946 3478 -1,
3478 1946 3479 -1,
3479 1946 3480 -1,
3480 1946 3481 -1,
3481 1946 1945 -1,
3075 3477 3482 -1,
3075 3482 3483 -1,
3075 3483 3484 -1,
3075 3484 3485 -1,
3075 3485 3486 -1,
3075 3486 3487 -1,
3075 3487 2173 -1,
3075 2173 3488 -1,
3488 2173 3489 -1,
3489 2173 3490 -1,
3490 2173 3491 -1,
3491 2173 3492 -1,
3492 2173 2172 -1,
3075 3488 3493 -1,
3075 3493 3494 -1,
3075 3494 3495 -1,
3075 3495 3496 -1,
3075 3496 3497 -1,
3075 3497 3498 -1,
3075 3498 2402 -1,
3075 2402 3499 -1,
3499 2402 3500 -1,
3500 2402 3501 -1,
3501 2402 3502 -1,
3502 2402 3503 -1,
3503 2402 2401 -1,
3075 3499 3504 -1,
3075 3504 3505 -1,
3075 3505 3506 -1,
3075 3506 3507 -1,
3075 3507 3508 -1,
3075 3508 3509 -1,
3075 3509 2632 -1,
3075 2632 3510 -1,
3510 2632 3511 -1,
3511 2632 3512 -1,
3512 2632 3513 -1,
3513 2632 3514 -1,
3514 2632 2631 -1,
3075 3510 3515 -1,
3075 3515 3516 -1,
3075 3516 3517 -1,
3075 3517 3518 -1,
3075 3518 3519 -1,
3075 3519 3520 -1,
3075 3520 2886 -1,
3075 2886 3521 -1,
3521 2886 3522 -1,
3522 2886 3523 -1,
3523 2886 3524 -1,
3524 2886 2885 -1,
3075 3521 3525 -1,
3075 3525 3526 -1,
3075 3526 3527 -1,
3075 3527 3528 -1,
3075 3528 3529 -1,
3075 3529 3530 -1,
3075 3530 3531 -1,
3075 3531 3000 -1,
3075 3000 3532 -1,
3532 3000 3533 -1,
3533 3000 3534 -1,
3534 3000 3535 -1,
3535 3000 2999 -1,
3075 3532 3536 -1,
3075 3536 3537 -1,
3075 3537 3538 -1,
3075 3538 3089 -1,
3223 3539 2 -1,
3223 2 3 -1,
3540 4 3541 -1,
3541 4 0 -1,
0 2 3541 -1,
2 3542 3541 -1,
3542 3539 3543 -1,
3543 3539 3540 -1,
3540 3539 4 -1,
2 3539 3542 -1,
5 4 3539 -1,
5 3539 3223 -1,
54 53 3544 -1,
3544 53 3545 -1,
3545 55 3546 -1,
53 55 3545 -1,
3546 56 3547 -1,
55 56 3546 -1,
3547 57 3548 -1,
56 57 3547 -1,
3548 58 3549 -1,
3549 58 3550 -1,
57 58 3548 -1,
3550 59 3551 -1,
58 59 3550 -1,
59 60 3551 -1,
3551 61 3552 -1,
60 61 3551 -1,
3552 62 3553 -1,
61 62 3552 -1,
3553 63 3554 -1,
62 63 3553 -1,
63 64 3554 -1,
3554 64 3555 -1,
64 67 3555 -1,
3555 67 3556 -1,
67 69 3556 -1,
3556 69 3557 -1,
69 71 3557 -1,
3557 71 3558 -1,
71 73 3558 -1,
3558 73 3559 -1,
73 75 3559 -1,
3559 75 3560 -1,
75 77 3560 -1,
3560 77 3561 -1,
77 79 3561 -1,
3561 79 3562 -1,
79 81 3562 -1,
3562 81 3563 -1,
81 168 3563 -1,
3563 168 3564 -1,
3564 168 3565 -1,
168 166 3565 -1,
166 163 3565 -1,
3565 163 3566 -1,
3566 161 3567 -1,
163 161 3566 -1,
3567 159 3568 -1,
161 159 3567 -1,
3568 159 3569 -1,
159 158 3569 -1,
3569 155 3570 -1,
158 155 3569 -1,
3570 154 3571 -1,
155 154 3570 -1,
3571 152 3572 -1,
154 152 3571 -1,
3572 150 3573 -1,
152 150 3572 -1,
3573 148 3574 -1,
3574 148 3575 -1,
150 148 3573 -1,
148 145 3575 -1,
3575 142 3576 -1,
3576 142 3577 -1,
145 142 3575 -1,
142 139 3577 -1,
3577 136 3578 -1,
139 136 3577 -1,
3578 133 3579 -1,
136 133 3578 -1,
3579 128 3580 -1,
133 128 3579 -1,
128 127 3580 -1,
3580 127 3581 -1,
127 124 3581 -1,
3581 124 3582 -1,
124 120 3582 -1,
3582 120 3583 -1,
3583 120 3584 -1,
120 116 3584 -1,
116 112 3584 -1,
3584 112 3585 -1,
112 108 3585 -1,
3585 108 3586 -1,
108 104 3586 -1,
3586 104 3587 -1,
3587 104 3588 -1,
104 100 3588 -1,
100 96 3588 -1,
3588 96 3589 -1,
96 92 3589 -1,
3589 92 3590 -1,
92 89 3590 -1,
3590 89 3591 -1,
89 88 3591 -1,
3591 88 3592 -1,
88 94 3592 -1,
3592 94 3593 -1,
94 98 3593 -1,
3593 98 3594 -1,
98 102 3594 -1,
3594 102 3595 -1,
102 106 3595 -1,
3595 106 3596 -1,
3596 106 3597 -1,
106 110 3597 -1,
110 114 3597 -1,
3597 114 3598 -1,
114 118 3598 -1,
3598 118 3599 -1,
3599 118 3600 -1,
118 122 3600 -1,
122 49 3600 -1,
3600 49 3601 -1,
3601 47 3602 -1,
49 47 3601 -1,
3602 45 3603 -1,
47 45 3602 -1,
3603 43 3604 -1,
45 43 3603 -1,
3604 41 3605 -1,
43 41 3604 -1,
41 39 3605 -1,
3605 39 3606 -1,
39 37 3606 -1,
3606 37 3607 -1,
37 35 3607 -1,
3607 35 3608 -1,
35 33 3608 -1,
3608 33 3609 -1,
33 31 3609 -1,
3609 31 3610 -1,
31 29 3610 -1,
3610 29 3611 -1,
29 27 3611 -1,
3611 27 3612 -1,
27 25 3612 -1,
3612 25 3613 -1,
25 23 3613 -1,
3613 23 3614 -1,
23 21 3614 -1,
3614 21 3615 -1,
21 19 3615 -1,
3615 19 3616 -1,
19 17 3616 -1,
3616 17 3617 -1,
3617 17 3618 -1,
17 15 3618 -1,
3618 13 3619 -1,
15 13 3618 -1,
3619 11 3620 -1,
13 11 3619 -1,
3620 9 3621 -1,
3621 9 3622 -1,
11 9 3620 -1,
9 6 3622 -1,
3622 7 3623 -1,
6 7 3622 -1,
3623 8 3624 -1,
3624 8 3625 -1,
7 8 3623 -1,
8 10 3625 -1,
3625 12 3626 -1,
10 12 3625 -1,
3626 14 3627 -1,
3627 14 3628 -1,
12 14 3626 -1,
14 16 3628 -1,
3628 18 3629 -1,
16 18 3628 -1,
3629 20 3630 -1,
18 20 3629 -1,
3630 22 3631 -1,
20 22 3630 -1,
22 24 3631 -1,
3631 24 3632 -1,
24 26 3632 -1,
3632 26 3633 -1,
26 28 3633 -1,
3633 28 3634 -1,
28 30 3634 -1,
3634 30 3635 -1,
3635 32 3636 -1,
30 32 3635 -1,
3636 34 3637 -1,
32 34 3636 -1,
3637 36 3638 -1,
34 36 3637 -1,
3638 38 3639 -1,
36 38 3638 -1,
3639 40 3640 -1,
3640 40 3641 -1,
38 40 3639 -1,
40 42 3641 -1,
3641 44 3642 -1,
3642 44 3643 -1,
42 44 3641 -1,
44 46 3643 -1,
3643 48 3644 -1,
46 48 3643 -1,
3644 50 3645 -1,
48 50 3644 -1,
3645 51 3646 -1,
50 51 3645 -1,
3646 347 3647 -1,
3647 347 3648 -1,
51 347 3646 -1,
347 346 3648 -1,
3648 340 3649 -1,
346 340 3648 -1,
3649 332 3650 -1,
3650 332 3651 -1,
340 332 3649 -1,
332 326 3651 -1,
3651 313 3652 -1,
3652 313 3653 -1,
326 313 3651 -1,
313 312 3653 -1,
3653 304 3654 -1,
312 304 3653 -1,
3654 303 3655 -1,
304 303 3654 -1,
303 66 3655 -1,
3655 66 3656 -1,
66 65 3656 -1,
3656 65 3657 -1,
65 68 3657 -1,
3657 68 3658 -1,
68 70 3658 -1,
3658 70 3659 -1,
70 72 3659 -1,
3659 72 3660 -1,
72 74 3660 -1,
3660 74 3661 -1,
74 76 3661 -1,
3661 76 3662 -1,
3662 76 3663 -1,
76 78 3663 -1,
78 80 3663 -1,
3663 80 3664 -1,
3664 80 3665 -1,
80 82 3665 -1,
82 83 3665 -1,
3665 83 3666 -1,
83 84 3666 -1,
3666 84 3667 -1,
3667 84 3668 -1,
84 85 3668 -1,
3668 86 3669 -1,
85 86 3668 -1,
3669 54 3544 -1,
86 54 3669 -1,
3413 3412 3670 -1,
3670 3412 3671 -1,
3671 3408 3672 -1,
3412 3408 3671 -1,
3672 3409 3673 -1,
3408 3409 3672 -1,
3673 3410 3674 -1,
3409 3410 3673 -1,
3674 3411 3675 -1,
3675 3411 3676 -1,
3410 3411 3674 -1,
3676 299 3677 -1,
3411 299 3676 -1,
299 297 3677 -1,
3677 296 3678 -1,
297 296 3677 -1,
3678 294 3679 -1,
296 294 3678 -1,
3679 291 3680 -1,
294 291 3679 -1,
291 290 3680 -1,
3680 290 3681 -1,
290 287 3681 -1,
3681 287 3682 -1,
287 286 3682 -1,
3682 286 3683 -1,
286 284 3683 -1,
3683 284 3684 -1,
284 282 3684 -1,
3684 282 3685 -1,
282 280 3685 -1,
3685 280 3686 -1,
280 278 3686 -1,
3686 278 3687 -1,
278 276 3687 -1,
3687 276 3688 -1,
276 273 3688 -1,
3688 273 3689 -1,
273 271 3689 -1,
3689 271 3690 -1,
3690 271 3691 -1,
271 269 3691 -1,
269 268 3691 -1,
3691 268 3692 -1,
3692 265 3693 -1,
268 265 3692 -1,
3693 264 3694 -1,
265 264 3693 -1,
3694 264 3695 -1,
264 262 3695 -1,
3695 260 3696 -1,
262 260 3695 -1,
3696 258 3697 -1,
260 258 3696 -1,
3697 256 3698 -1,
258 256 3697 -1,
3698 253 3699 -1,
256 253 3698 -1,
3699 252 3700 -1,
3700 252 3701 -1,
253 252 3699 -1,
252 250 3701 -1,
3701 247 3702 -1,
3702 247 3703 -1,
250 247 3701 -1,
247 244 3703 -1,
3703 237 3704 -1,
244 237 3703 -1,
3704 236 3705 -1,
237 236 3704 -1,
3705 229 3706 -1,
236 229 3705 -1,
229 225 3706 -1,
3706 225 3707 -1,
225 224 3707 -1,
3707 224 3708 -1,
224 217 3708 -1,
3708 217 3709 -1,
3709 217 3710 -1,
217 216 3710 -1,
216 213 3710 -1,
3710 213 3711 -1,
213 208 3711 -1,
3711 208 3712 -1,
208 204 3712 -1,
3712 204 3713 -1,
3713 204 3714 -1,
204 197 3714 -1,
197 193 3714 -1,
3714 193 3715 -1,
193 192 3715 -1,
3715 192 3716 -1,
192 188 3716 -1,
3716 188 3717 -1,
188 190 3717 -1,
3717 190 3718 -1,
190 195 3718 -1,
3718 195 3719 -1,
195 199 3719 -1,
3719 199 3720 -1,
199 202 3720 -1,
3720 202 3721 -1,
202 206 3721 -1,
3721 206 3722 -1,
3722 206 3723 -1,
206 210 3723 -1,
210 211 3723 -1,
3723 211 3724 -1,
211 219 3724 -1,
3724 219 3725 -1,
3725 219 3726 -1,
219 220 3726 -1,
220 227 3726 -1,
3726 227 3727 -1,
3727 231 3728 -1,
227 231 3727 -1,
3728 234 3729 -1,
231 234 3728 -1,
3729 239 3730 -1,
234 239 3729 -1,
3730 242 3731 -1,
239 242 3730 -1,
242 146 3731 -1,
3731 146 3732 -1,
146 143 3732 -1,
3732 143 3733 -1,
143 140 3733 -1,
3733 140 3734 -1,
140 137 3734 -1,
3734 137 3735 -1,
137 134 3735 -1,
3735 134 3736 -1,
134 131 3736 -1,
3736 131 3737 -1,
131 129 3737 -1,
3737 129 3738 -1,
129 125 3738 -1,
3738 125 3739 -1,
125 121 3739 -1,
3739 121 3740 -1,
121 117 3740 -1,
3740 117 3741 -1,
117 113 3741 -1,
3741 113 3742 -1,
113 109 3742 -1,
3742 109 3743 -1,
3743 109 3744 -1,
109 105 3744 -1,
3744 101 3745 -1,
105 101 3744 -1,
3745 97 3746 -1,
101 97 3745 -1,
3746 93 3747 -1,
3747 93 3748 -1,
97 93 3746 -1,
93 87 3748 -1,
3748 90 3749 -1,
87 90 3748 -1,
3749 91 3750 -1,
3750 91 3751 -1,
90 91 3749 -1,
91 95 3751 -1,
3751 99 3752 -1,
95 99 3751 -1,
3752 103 3753 -1,
3753 103 3754 -1,
99 103 3752 -1,
103 107 3754 -1,
3754 111 3755 -1,
107 111 3754 -1,
3755 115 3756 -1,
111 115 3755 -1,
3756 119 3757 -1,
115 119 3756 -1,
119 123 3757 -1,
3757 123 3758 -1,
123 126 3758 -1,
3758 126 3759 -1,
126 130 3759 -1,
3759 130 3760 -1,
130 132 3760 -1,
3760 132 3761 -1,
3761 135 3762 -1,
132 135 3761 -1,
3762 138 3763 -1,
135 138 3762 -1,
3763 141 3764 -1,
138 141 3763 -1,
3764 144 3765 -1,
141 144 3764 -1,
3765 147 3766 -1,
3766 147 3767 -1,
144 147 3765 -1,
147 149 3767 -1,
3767 151 3768 -1,
3768 151 3769 -1,
149 151 3767 -1,
151 153 3769 -1,
3769 156 3770 -1,
153 156 3769 -1,
3770 157 3771 -1,
156 157 3770 -1,
3771 160 3772 -1,
157 160 3771 -1,
3772 162 3773 -1,
3773 162 3774 -1,
160 162 3772 -1,
162 164 3774 -1,
3774 165 3775 -1,
164 165 3774 -1,
3775 167 3776 -1,
3776 167 3777 -1,
165 167 3775 -1,
167 169 3777 -1,
3777 170 3778 -1,
3778 170 3779 -1,
169 170 3777 -1,
170 171 3779 -1,
3779 172 3780 -1,
171 172 3779 -1,
3780 173 3781 -1,
172 173 3780 -1,
173 174 3781 -1,
3781 174 3782 -1,
174 175 3782 -1,
3782 175 3783 -1,
175 176 3783 -1,
3783 176 3784 -1,
176 177 3784 -1,
3784 177 3785 -1,
177 178 3785 -1,
3785 178 3786 -1,
178 179 3786 -1,
3786 179 3787 -1,
179 180 3787 -1,
3787 180 3788 -1,
3788 180 3789 -1,
180 181 3789 -1,
181 182 3789 -1,
3789 182 3790 -1,
3790 182 3791 -1,
182 183 3791 -1,
183 184 3791 -1,
3791 184 3792 -1,
184 185 3792 -1,
3792 185 3793 -1,
3793 185 3794 -1,
185 186 3794 -1,
3794 3414 3795 -1,
186 3414 3794 -1,
3795 3413 3670 -1,
3414 3413 3795 -1,
3402 3401 3796 -1,
3796 3401 3797 -1,
3797 3397 3798 -1,
3401 3397 3797 -1,
3798 3398 3799 -1,
3397 3398 3798 -1,
3799 3399 3800 -1,
3398 3399 3799 -1,
3800 3400 3801 -1,
3801 3400 3802 -1,
3399 3400 3800 -1,
3802 501 3803 -1,
3400 501 3802 -1,
501 498 3803 -1,
3803 495 3804 -1,
498 495 3803 -1,
3804 490 3805 -1,
495 490 3804 -1,
3805 489 3806 -1,
490 489 3805 -1,
489 486 3806 -1,
3806 486 3807 -1,
486 480 3807 -1,
3807 480 3808 -1,
480 479 3808 -1,
3808 479 3809 -1,
479 475 3809 -1,
3809 475 3810 -1,
475 471 3810 -1,
3810 471 3811 -1,
471 442 3811 -1,
3811 442 3812 -1,
442 439 3812 -1,
3812 439 3813 -1,
439 438 3813 -1,
3813 438 3814 -1,
438 435 3814 -1,
3814 435 3815 -1,
435 430 3815 -1,
3815 430 3816 -1,
3816 430 3817 -1,
430 429 3817 -1,
429 426 3817 -1,
3817 426 3818 -1,
3818 423 3819 -1,
426 423 3818 -1,
3819 418 3820 -1,
423 418 3819 -1,
3820 418 3821 -1,
418 417 3821 -1,
3821 414 3822 -1,
417 414 3821 -1,
3822 411 3823 -1,
414 411 3822 -1,
3823 408 3824 -1,
411 408 3823 -1,
3824 405 3825 -1,
408 405 3824 -1,
3825 402 3826 -1,
3826 402 3827 -1,
405 402 3825 -1,
402 399 3827 -1,
3827 393 3828 -1,
3828 393 3829 -1,
399 393 3827 -1,
393 392 3829 -1,
3829 386 3830 -1,
392 386 3829 -1,
3830 381 3831 -1,
386 381 3830 -1,
3831 373 3832 -1,
381 373 3831 -1,
373 372 3832 -1,
3832 372 3833 -1,
372 366 3833 -1,
3833 366 3834 -1,
366 361 3834 -1,
3834 361 3835 -1,
3835 361 3836 -1,
361 355 3836 -1,
355 349 3836 -1,
3836 349 3837 -1,
349 342 3837 -1,
3837 342 3838 -1,
342 334 3838 -1,
3838 334 3839 -1,
3839 334 3840 -1,
334 321 3840 -1,
321 320 3840 -1,
3840 320 3841 -1,
320 315 3841 -1,
3841 315 3842 -1,
315 308 3842 -1,
3842 308 3843 -1,
308 307 3843 -1,
3843 307 3844 -1,
307 309 3844 -1,
3844 309 3845 -1,
309 324 3845 -1,
3845 324 3846 -1,
324 330 3846 -1,
3846 330 3847 -1,
330 337 3847 -1,
3847 337 3848 -1,
3848 337 3849 -1,
337 338 3849 -1,
338 352 3849 -1,
3849 352 3850 -1,
352 358 3850 -1,
3850 358 3851 -1,
3851 358 3852 -1,
358 364 3852 -1,
364 369 3852 -1,
3852 369 3853 -1,
3853 370 3854 -1,
369 370 3853 -1,
3854 379 3855 -1,
370 379 3854 -1,
3855 384 3856 -1,
379 384 3855 -1,
3856 389 3857 -1,
384 389 3856 -1,
389 390 3857 -1,
3857 390 3858 -1,
390 248 3858 -1,
3858 248 3859 -1,
248 245 3859 -1,
3859 245 3860 -1,
245 241 3860 -1,
3860 241 3861 -1,
241 238 3861 -1,
3861 238 3862 -1,
238 233 3862 -1,
3862 233 3863 -1,
233 230 3863 -1,
3863 230 3864 -1,
230 226 3864 -1,
3864 226 3865 -1,
226 222 3865 -1,
3865 222 3866 -1,
222 218 3866 -1,
3866 218 3867 -1,
218 214 3867 -1,
3867 214 3868 -1,
214 209 3868 -1,
3868 209 3869 -1,
3869 209 3870 -1,
209 205 3870 -1,
3870 201 3871 -1,
205 201 3870 -1,
3871 198 3872 -1,
201 198 3871 -1,
3872 194 3873 -1,
3873 194 3874 -1,
198 194 3872 -1,
194 187 3874 -1,
3874 189 3875 -1,
187 189 3874 -1,
3875 191 3876 -1,
3876 191 3877 -1,
189 191 3875 -1,
191 196 3877 -1,
3877 200 3878 -1,
196 200 3877 -1,
3878 203 3879 -1,
3879 203 3880 -1,
200 203 3878 -1,
203 207 3880 -1,
3880 212 3881 -1,
207 212 3880 -1,
3881 215 3882 -1,
212 215 3881 -1,
3882 221 3883 -1,
215 221 3882 -1,
221 223 3883 -1,
3883 223 3884 -1,
223 228 3884 -1,
3884 228 3885 -1,
228 232 3885 -1,
3885 232 3886 -1,
232 235 3886 -1,
3886 235 3887 -1,
3887 240 3888 -1,
235 240 3887 -1,
3888 243 3889 -1,
240 243 3888 -1,
3889 246 3890 -1,
243 246 3889 -1,
3890 249 3891 -1,
246 249 3890 -1,
3891 251 3892 -1,
3892 251 3893 -1,
249 251 3891 -1,
251 254 3893 -1,
3893 255 3894 -1,
3894 255 3895 -1,
254 255 3893 -1,
255 257 3895 -1,
3895 259 3896 -1,
257 259 3895 -1,
3896 261 3897 -1,
259 261 3896 -1,
3897 263 3898 -1,
261 263 3897 -1,
3898 266 3899 -1,
3899 266 3900 -1,
263 266 3898 -1,
266 267 3900 -1,
3900 270 3901 -1,
267 270 3900 -1,
3901 272 3902 -1,
3902 272 3903 -1,
270 272 3901 -1,
272 274 3903 -1,
3903 275 3904 -1,
3904 275 3905 -1,
274 275 3903 -1,
275 277 3905 -1,
3905 279 3906 -1,
277 279 3905 -1,
3906 281 3907 -1,
279 281 3906 -1,
281 283 3907 -1,
3907 283 3908 -1,
283 285 3908 -1,
3908 285 3909 -1,
285 288 3909 -1,
3909 288 3910 -1,
288 289 3910 -1,
3910 289 3911 -1,
289 292 3911 -1,
3911 292 3912 -1,
292 293 3912 -1,
3912 293 3913 -1,
293 295 3913 -1,
3913 295 3914 -1,
3914 295 3915 -1,
295 298 3915 -1,
298 300 3915 -1,
3915 300 3916 -1,
3916 300 3917 -1,
300 3407 3917 -1,
3407 3406 3917 -1,
3917 3406 3918 -1,
3406 3405 3918 -1,
3918 3405 3919 -1,
3919 3405 3920 -1,
3405 3404 3920 -1,
3920 3403 3921 -1,
3404 3403 3920 -1,
3921 3402 3796 -1,
3403 3402 3921 -1,
3391 3386 3922 -1,
3922 3386 3923 -1,
3923 3387 3924 -1,
3386 3387 3923 -1,
3924 3388 3925 -1,
3387 3388 3924 -1,
3925 3389 3926 -1,
3388 3389 3925 -1,
3926 3390 3927 -1,
3927 3390 3928 -1,
3389 3390 3926 -1,
3928 720 3929 -1,
3390 720 3928 -1,
720 717 3929 -1,
3929 711 3930 -1,
717 711 3929 -1,
3930 710 3931 -1,
711 710 3930 -1,
3931 703 3932 -1,
710 703 3931 -1,
703 702 3932 -1,
3932 702 3933 -1,
702 697 3933 -1,
3933 697 3934 -1,
697 693 3934 -1,
3934 693 3935 -1,
693 686 3935 -1,
3935 686 3936 -1,
686 685 3936 -1,
3936 685 3937 -1,
685 678 3937 -1,
3937 678 3938 -1,
678 677 3938 -1,
3938 677 3939 -1,
677 673 3939 -1,
3939 673 3940 -1,
673 669 3940 -1,
3940 669 3941 -1,
669 666 3941 -1,
3941 666 3942 -1,
3942 666 3943 -1,
666 658 3943 -1,
658 657 3943 -1,
3943 657 3944 -1,
3944 650 3945 -1,
657 650 3944 -1,
3945 649 3946 -1,
650 649 3945 -1,
3946 649 3947 -1,
649 645 3947 -1,
3947 642 3948 -1,
645 642 3947 -1,
3948 638 3949 -1,
642 638 3948 -1,
3949 630 3950 -1,
638 630 3949 -1,
3950 629 3951 -1,
630 629 3950 -1,
3951 625 3952 -1,
3952 625 3953 -1,
629 625 3951 -1,
625 622 3953 -1,
3953 618 3954 -1,
3954 618 3955 -1,
622 618 3953 -1,
618 612 3955 -1,
3955 606 3956 -1,
612 606 3955 -1,
3956 597 3957 -1,
606 597 3956 -1,
3957 590 3958 -1,
597 590 3957 -1,
590 578 3958 -1,
3958 578 3959 -1,
578 577 3959 -1,
3959 577 3960 -1,
577 569 3960 -1,
3960 569 3961 -1,
3961 569 3962 -1,
569 563 3962 -1,
563 555 3962 -1,
3962 555 3963 -1,
555 549 3963 -1,
3963 549 3964 -1,
549 542 3964 -1,
3964 542 3965 -1,
3965 542 3966 -1,
542 534 3966 -1,
534 523 3966 -1,
3966 523 3967 -1,
523 522 3967 -1,
3967 522 3968 -1,
522 518 3968 -1,
3968 518 3969 -1,
518 517 3969 -1,
3969 517 3970 -1,
517 526 3970 -1,
3970 526 3971 -1,
526 531 3971 -1,
3971 531 3972 -1,
531 537 3972 -1,
3972 537 3973 -1,
537 545 3973 -1,
3973 545 3974 -1,
3974 545 3975 -1,
545 552 3975 -1,
552 558 3975 -1,
3975 558 3976 -1,
558 559 3976 -1,
3976 559 3977 -1,
3977 559 3978 -1,
559 572 3978 -1,
572 581 3978 -1,
3978 581 3979 -1,
3979 586 3980 -1,
581 586 3979 -1,
3980 593 3981 -1,
586 593 3980 -1,
3981 599 3982 -1,
593 599 3981 -1,
3982 600 3983 -1,
599 600 3982 -1,
600 608 3983 -1,
3983 608 3984 -1,
608 3275 3984 -1,
3984 3275 3985 -1,
3275 395 3985 -1,
3985 395 3986 -1,
395 388 3986 -1,
3986 388 3987 -1,
388 383 3987 -1,
3987 383 3988 -1,
383 378 3988 -1,
3988 378 3989 -1,
378 375 3989 -1,
3989 375 3990 -1,
375 368 3990 -1,
3990 368 3991 -1,
368 363 3991 -1,
3991 363 3992 -1,
363 357 3992 -1,
3992 357 3993 -1,
357 351 3993 -1,
3993 351 3994 -1,
351 344 3994 -1,
3994 344 3995 -1,
3995 344 3996 -1,
344 336 3996 -1,
3996 329 3997 -1,
336 329 3996 -1,
3997 323 3998 -1,
329 323 3997 -1,
3998 317 3999 -1,
3999 317 4000 -1,
323 317 3998 -1,
317 306 4000 -1,
4000 310 4001 -1,
306 310 4000 -1,
4001 314 4002 -1,
4002 314 4003 -1,
310 314 4001 -1,
314 319 4003 -1,
4003 327 4004 -1,
319 327 4003 -1,
4004 333 4005 -1,
4005 333 4006 -1,
327 333 4004 -1,
333 341 4006 -1,
4006 348 4007 -1,
341 348 4006 -1,
4007 354 4008 -1,
348 354 4007 -1,
4008 360 4009 -1,
354 360 4008 -1,
360 365 4009 -1,
4009 365 4010 -1,
365 371 4010 -1,
4010 371 4011 -1,
371 376 4011 -1,
4011 376 4012 -1,
376 380 4012 -1,
4012 380 4013 -1,
4013 385 4014 -1,
380 385 4013 -1,
4014 391 4015 -1,
385 391 4014 -1,
4015 396 4016 -1,
391 396 4015 -1,
4016 398 4017 -1,
396 398 4016 -1,
4017 401 4018 -1,
4018 401 4019 -1,
398 401 4017 -1,
401 404 4019 -1,
4019 407 4020 -1,
4020 407 4021 -1,
404 407 4019 -1,
407 410 4021 -1,
4021 413 4022 -1,
410 413 4021 -1,
4022 416 4023 -1,
413 416 4022 -1,
4023 420 4024 -1,
416 420 4023 -1,
4024 422 4025 -1,
4025 422 4026 -1,
420 422 4024 -1,
422 425 4026 -1,
4026 428 4027 -1,
425 428 4026 -1,
4027 432 4028 -1,
4028 432 4029 -1,
428 432 4027 -1,
432 434 4029 -1,
4029 437 4030 -1,
4030 437 4031 -1,
434 437 4029 -1,
437 441 4031 -1,
4031 444 4032 -1,
441 444 4031 -1,
4032 470 4033 -1,
444 470 4032 -1,
470 474 4033 -1,
4033 474 4034 -1,
474 478 4034 -1,
4034 478 4035 -1,
478 483 4035 -1,
4035 483 4036 -1,
483 485 4036 -1,
4036 485 4037 -1,
485 488 4037 -1,
4037 488 4038 -1,
488 492 4038 -1,
4038 492 4039 -1,
492 494 4039 -1,
4039 494 4040 -1,
4040 494 4041 -1,
494 497 4041 -1,
497 500 4041 -1,
4041 500 4042 -1,
4042 500 4043 -1,
500 3396 4043 -1,
3396 3395 4043 -1,
4043 3395 4044 -1,
3395 3394 4044 -1,
4044 3394 4045 -1,
4045 3394 4046 -1,
3394 3393 4046 -1,
4046 3392 4047 -1,
3393 3392 4046 -1,
4047 3391 3922 -1,
3392 3391 4047 -1,
3380 3375 4048 -1,
4048 3375 4049 -1,
4049 3376 4050 -1,
3375 3376 4049 -1,
4050 3377 4051 -1,
3376 3377 4050 -1,
4051 3378 4052 -1,
3377 3378 4051 -1,
4052 3379 4053 -1,
4053 3379 4054 -1,
3378 3379 4052 -1,
4054 943 4055 -1,
3379 943 4054 -1,
943 942 4055 -1,
4055 934 4056 -1,
942 934 4055 -1,
4056 933 4057 -1,
934 933 4056 -1,
4057 926 4058 -1,
933 926 4057 -1,
926 925 4058 -1,
4058 925 4059 -1,
925 919 4059 -1,
4059 919 4060 -1,
919 918 4060 -1,
4060 918 4061 -1,
918 913 4061 -1,
4061 913 4062 -1,
913 910 4062 -1,
4062 910 4063 -1,
910 902 4063 -1,
4063 902 4064 -1,
902 901 4064 -1,
4064 901 4065 -1,
901 895 4065 -1,
4065 895 4066 -1,
895 893 4066 -1,
4066 893 4067 -1,
893 890 4067 -1,
4067 890 4068 -1,
4068 890 4069 -1,
890 883 4069 -1,
883 878 4069 -1,
4069 878 4070 -1,
4070 877 4071 -1,
878 877 4070 -1,
4071 873 4072 -1,
877 873 4071 -1,
4072 873 4073 -1,
873 869 4073 -1,
4073 866 4074 -1,
869 866 4073 -1,
4074 856 4075 -1,
866 856 4074 -1,
4075 855 4076 -1,
856 855 4075 -1,
4076 850 4077 -1,
855 850 4076 -1,
4077 849 4078 -1,
4078 849 4079 -1,
850 849 4077 -1,
849 843 4079 -1,
4079 842 4080 -1,
4080 842 4081 -1,
843 842 4079 -1,
842 836 4081 -1,
4081 824 4082 -1,
836 824 4081 -1,
4082 823 4083 -1,
824 823 4082 -1,
4083 812 4084 -1,
823 812 4083 -1,
812 811 4084 -1,
4084 811 4085 -1,
811 803 4085 -1,
4085 803 4086 -1,
803 797 4086 -1,
4086 797 4087 -1,
4087 797 4088 -1,
797 787 4088 -1,
787 779 4088 -1,
4088 779 4089 -1,
779 772 4089 -1,
4089 772 4090 -1,
772 763 4090 -1,
4090 763 4091 -1,
4091 763 4092 -1,
763 755 4092 -1,
755 742 4092 -1,
4092 742 4093 -1,
742 741 4093 -1,
4093 741 4094 -1,
741 733 4094 -1,
4094 733 4095 -1,
733 735 4095 -1,
4095 735 4096 -1,
735 736 4096 -1,
4096 736 4097 -1,
736 752 4097 -1,
4097 752 4098 -1,
752 759 4098 -1,
4098 759 4099 -1,
759 768 4099 -1,
4099 768 4100 -1,
4100 768 4101 -1,
768 775 4101 -1,
775 783 4101 -1,
4101 783 4102 -1,
783 792 4102 -1,
4102 792 4103 -1,
4103 792 4104 -1,
792 793 4104 -1,
793 807 4104 -1,
4104 807 4105 -1,
4105 814 4106 -1,
807 814 4105 -1,
4106 820 4107 -1,
814 820 4106 -1,
4107 826 4108 -1,
820 826 4107 -1,
4108 827 4109 -1,
826 827 4108 -1,
827 832 4109 -1,
4109 832 4110 -1,
832 3276 4110 -1,
4110 3276 4111 -1,
3276 613 4111 -1,
4111 613 4112 -1,
613 607 4112 -1,
4112 607 4113 -1,
607 598 4113 -1,
4113 598 4114 -1,
598 592 4114 -1,
4114 592 4115 -1,
592 585 4115 -1,
4115 585 4116 -1,
585 580 4116 -1,
4116 580 4117 -1,
580 571 4117 -1,
4117 571 4118 -1,
571 565 4118 -1,
4118 565 4119 -1,
565 557 4119 -1,
4119 557 4120 -1,
557 551 4120 -1,
4120 551 4121 -1,
4121 551 4122 -1,
551 544 4122 -1,
4122 536 4123 -1,
544 536 4122 -1,
4123 530 4124 -1,
536 530 4123 -1,
4124 525 4125 -1,
4125 525 4126 -1,
530 525 4124 -1,
525 516 4126 -1,
4126 519 4127 -1,
516 519 4126 -1,
4127 521 4128 -1,
4128 521 4129 -1,
519 521 4127 -1,
521 528 4129 -1,
4129 533 4130 -1,
528 533 4129 -1,
4130 541 4131 -1,
4131 541 4132 -1,
533 541 4130 -1,
541 548 4132 -1,
4132 554 4133 -1,
548 554 4132 -1,
4133 562 4134 -1,
554 562 4133 -1,
4134 568 4135 -1,
562 568 4134 -1,
568 576 4135 -1,
4135 576 4136 -1,
576 583 4136 -1,
4136 583 4137 -1,
583 589 4137 -1,
4137 589 4138 -1,
589 596 4138 -1,
4138 596 4139 -1,
4139 605 4140 -1,
596 605 4139 -1,
4140 611 4141 -1,
605 611 4140 -1,
4141 617 4142 -1,
611 617 4141 -1,
4142 621 4143 -1,
617 621 4142 -1,
4143 624 4144 -1,
4144 624 4145 -1,
621 624 4143 -1,
624 628 4145 -1,
4145 633 4146 -1,
4146 633 4147 -1,
628 633 4145 -1,
633 637 4147 -1,
4147 641 4148 -1,
637 641 4147 -1,
4148 644 4149 -1,
641 644 4148 -1,
4149 648 4150 -1,
644 648 4149 -1,
4150 654 4151 -1,
4151 654 4152 -1,
648 654 4150 -1,
654 656 4152 -1,
4152 662 4153 -1,
656 662 4152 -1,
4153 665 4154 -1,
4154 665 4155 -1,
662 665 4153 -1,
665 668 4155 -1,
4155 672 4156 -1,
4156 672 4157 -1,
668 672 4155 -1,
672 676 4157 -1,
4157 681 4158 -1,
676 681 4157 -1,
4158 684 4159 -1,
681 684 4158 -1,
684 689 4159 -1,
4159 689 4160 -1,
689 692 4160 -1,
4160 692 4161 -1,
692 696 4161 -1,
4161 696 4162 -1,
696 701 4162 -1,
4162 701 4163 -1,
701 705 4163 -1,
4163 705 4164 -1,
705 709 4164 -1,
4164 709 4165 -1,
709 714 4165 -1,
4165 714 4166 -1,
4166 714 4167 -1,
714 716 4167 -1,
716 719 4167 -1,
4167 719 4168 -1,
4168 719 4169 -1,
719 3385 4169 -1,
3385 3384 4169 -1,
4169 3384 4170 -1,
3384 3383 4170 -1,
4170 3383 4171 -1,
4171 3383 4172 -1,
3383 3382 4172 -1,
4172 3381 4173 -1,
3382 3381 4172 -1,
4173 3380 4048 -1,
3381 3380 4173 -1,
3369 3364 4174 -1,
4174 3364 4175 -1,
4175 3365 4176 -1,
3364 3365 4175 -1,
4176 3366 4177 -1,
3365 3366 4176 -1,
4177 3367 4178 -1,
3366 3367 4177 -1,
4178 3368 4179 -1,
4179 3368 4180 -1,
3367 3368 4178 -1,
4180 1172 4181 -1,
3368 1172 4180 -1,
1172 1170 4181 -1,
4181 1163 4182 -1,
1170 1163 4181 -1,
4182 1162 4183 -1,
1163 1162 4182 -1,
4183 1155 4184 -1,
1162 1155 4183 -1,
1155 1154 4184 -1,
4184 1154 4185 -1,
1154 1147 4185 -1,
4185 1147 4186 -1,
1147 1145 4186 -1,
4186 1145 4187 -1,
1145 1140 4187 -1,
4187 1140 4188 -1,
1140 1135 4188 -1,
4188 1135 4189 -1,
1135 1131 4189 -1,
4189 1131 4190 -1,
1131 1128 4190 -1,
4190 1128 4191 -1,
1128 1126 4191 -1,
4191 1126 4192 -1,
1126 1121 4192 -1,
4192 1121 4193 -1,
1121 1114 4193 -1,
4193 1114 4194 -1,
4194 1114 4195 -1,
1114 1113 4195 -1,
1113 1107 4195 -1,
4195 1107 4196 -1,
4196 1106 4197 -1,
1107 1106 4196 -1,
4197 1101 4198 -1,
1106 1101 4197 -1,
4198 1101 4199 -1,
1101 1096 4199 -1,
4199 1094 4200 -1,
1096 1094 4199 -1,
4200 1088 4201 -1,
1094 1088 4200 -1,
4201 1083 4202 -1,
1088 1083 4201 -1,
4202 1077 4203 -1,
1083 1077 4202 -1,
4203 1076 4204 -1,
4204 1076 4205 -1,
1077 1076 4203 -1,
1076 1074 4205 -1,
4205 1070 4206 -1,
4206 1070 4207 -1,
1074 1070 4205 -1,
1070 1062 4207 -1,
4207 1056 4208 -1,
1062 1056 4207 -1,
4208 1050 4209 -1,
1056 1050 4208 -1,
4209 1039 4210 -1,
1050 1039 4209 -1,
1039 1038 4210 -1,
4210 1038 4211 -1,
1038 1032 4211 -1,
4211 1032 4212 -1,
1032 1024 4212 -1,
4212 1024 4213 -1,
4213 1024 4214 -1,
1024 1014 4214 -1,
1014 1008 4214 -1,
4214 1008 4215 -1,
1008 999 4215 -1,
4215 999 4216 -1,
999 991 4216 -1,
4216 991 4217 -1,
4217 991 4218 -1,
991 977 4218 -1,
977 966 4218 -1,
4218 966 4219 -1,
966 965 4219 -1,
4219 965 4220 -1,
965 957 4220 -1,
4220 957 4221 -1,
957 959 4221 -1,
4221 959 4222 -1,
959 974 4222 -1,
4222 974 4223 -1,
974 981 4223 -1,
4223 981 4224 -1,
981 986 4224 -1,
4224 986 4225 -1,
986 995 4225 -1,
4225 995 4226 -1,
4226 995 4227 -1,
995 1003 4227 -1,
1003 1004 4227 -1,
4227 1004 4228 -1,
1004 1019 4228 -1,
4228 1019 4229 -1,
4229 1019 4230 -1,
1019 1020 4230 -1,
1020 1036 4230 -1,
4230 1036 4231 -1,
4231 1042 4232 -1,
1036 1042 4231 -1,
4232 1048 4233 -1,
1042 1048 4232 -1,
4233 1053 4234 -1,
1048 1053 4233 -1,
4234 1054 4235 -1,
1053 1054 4234 -1,
1054 1060 4235 -1,
4235 1060 4236 -1,
1060 3277 4236 -1,
4236 3277 4237 -1,
3277 837 4237 -1,
4237 837 4238 -1,
837 831 4238 -1,
4238 831 4239 -1,
831 825 4239 -1,
4239 825 4240 -1,
825 819 4240 -1,
4240 819 4241 -1,
819 813 4241 -1,
4241 813 4242 -1,
813 806 4242 -1,
4242 806 4243 -1,
806 799 4243 -1,
4243 799 4244 -1,
799 791 4244 -1,
4244 791 4245 -1,
791 782 4245 -1,
4245 782 4246 -1,
782 774 4246 -1,
4246 774 4247 -1,
4247 774 4248 -1,
774 767 4248 -1,
4248 758 4249 -1,
767 758 4248 -1,
4249 751 4250 -1,
758 751 4249 -1,
4250 745 4251 -1,
4251 745 4252 -1,
751 745 4250 -1,
745 732 4252 -1,
4252 734 4253 -1,
732 734 4252 -1,
4253 740 4254 -1,
4254 740 4255 -1,
734 740 4253 -1,
740 748 4255 -1,
4255 754 4256 -1,
748 754 4255 -1,
4256 762 4257 -1,
4257 762 4258 -1,
754 762 4256 -1,
762 771 4258 -1,
4258 778 4259 -1,
771 778 4258 -1,
4259 786 4260 -1,
778 786 4259 -1,
4260 796 4261 -1,
786 796 4260 -1,
796 802 4261 -1,
4261 802 4262 -1,
802 810 4262 -1,
4262 810 4263 -1,
810 818 4263 -1,
4263 818 4264 -1,
818 822 4264 -1,
4264 822 4265 -1,
4265 830 4266 -1,
822 830 4265 -1,
4266 835 4267 -1,
830 835 4266 -1,
4267 841 4268 -1,
835 841 4267 -1,
4268 845 4269 -1,
841 845 4268 -1,
4269 848 4270 -1,
4270 848 4271 -1,
845 848 4269 -1,
848 853 4271 -1,
4271 854 4272 -1,
4272 854 4273 -1,
853 854 4271 -1,
854 861 4273 -1,
4273 865 4274 -1,
861 865 4273 -1,
4274 868 4275 -1,
865 868 4274 -1,
4275 872 4276 -1,
868 872 4275 -1,
4276 876 4277 -1,
4277 876 4278 -1,
872 876 4276 -1,
876 881 4278 -1,
4278 882 4279 -1,
881 882 4278 -1,
4279 889 4280 -1,
4280 889 4281 -1,
882 889 4279 -1,
889 892 4281 -1,
4281 894 4282 -1,
4282 894 4283 -1,
892 894 4281 -1,
894 900 4283 -1,
4283 905 4284 -1,
900 905 4283 -1,
4284 909 4285 -1,
905 909 4284 -1,
909 912 4285 -1,
4285 912 4286 -1,
912 917 4286 -1,
4286 917 4287 -1,
917 922 4287 -1,
4287 922 4288 -1,
922 924 4288 -1,
4288 924 4289 -1,
924 930 4289 -1,
4289 930 4290 -1,
930 932 4290 -1,
4290 932 4291 -1,
932 937 4291 -1,
4291 937 4292 -1,
4292 937 4293 -1,
937 941 4293 -1,
941 945 4293 -1,
4293 945 4294 -1,
4294 945 4295 -1,
945 3374 4295 -1,
3374 3373 4295 -1,
4295 3373 4296 -1,
3373 3372 4296 -1,
4296 3372 4297 -1,
4297 3372 4298 -1,
3372 3371 4298 -1,
4298 3370 4299 -1,
3371 3370 4298 -1,
4299 3369 4174 -1,
3370 3369 4299 -1,
3358 3353 4300 -1,
4300 3353 4301 -1,
4301 3354 4302 -1,
3353 3354 4301 -1,
4302 3355 4303 -1,
3354 3355 4302 -1,
4303 3356 4304 -1,
3355 3356 4303 -1,
4304 3357 4305 -1,
4305 3357 4306 -1,
3356 3357 4304 -1,
4306 1400 4307 -1,
3357 1400 4306 -1,
1400 1398 4307 -1,
4307 1390 4308 -1,
1398 1390 4307 -1,
4308 1389 4309 -1,
1390 1389 4308 -1,
4309 1383 4310 -1,
1389 1383 4309 -1,
1383 1382 4310 -1,
4310 1382 4311 -1,
1382 1374 4311 -1,
4311 1374 4312 -1,
1374 1373 4312 -1,
4312 1373 4313 -1,
1373 1367 4313 -1,
4313 1367 4314 -1,
1367 1363 4314 -1,
4314 1363 4315 -1,
1363 1360 4315 -1,
4315 1360 4316 -1,
1360 1356 4316 -1,
4316 1356 4317 -1,
1356 1354 4317 -1,
4317 1354 4318 -1,
1354 1348 4318 -1,
4318 1348 4319 -1,
1348 1343 4319 -1,
4319 1343 4320 -1,
4320 1343 4321 -1,
1343 1338 4321 -1,
1338 1337 4321 -1,
4321 1337 4322 -1,
4322 1331 4323 -1,
1337 1331 4322 -1,
4323 1330 4324 -1,
1331 1330 4323 -1,
4324 1330 4325 -1,
1330 1320 4325 -1,
4325 1319 4326 -1,
1320 1319 4325 -1,
4326 1316 4327 -1,
1319 1316 4326 -1,
4327 1311 4328 -1,
1316 1311 4327 -1,
4328 1310 4329 -1,
1311 1310 4328 -1,
4329 1304 4330 -1,
4330 1304 4331 -1,
1310 1304 4329 -1,
1304 1299 4331 -1,
4331 1298 4332 -1,
4332 1298 4333 -1,
1299 1298 4331 -1,
1298 1289 4333 -1,
4333 1279 4334 -1,
1289 1279 4333 -1,
4334 1275 4335 -1,
1279 1275 4334 -1,
4335 1274 4336 -1,
1275 1274 4335 -1,
1274 1267 4336 -1,
4336 1267 4337 -1,
1267 1260 4337 -1,
4337 1260 4338 -1,
1260 1250 4338 -1,
4338 1250 4339 -1,
4339 1250 4340 -1,
1250 1241 4340 -1,
1241 1235 4340 -1,
4340 1235 4341 -1,
1235 1228 4341 -1,
4341 1228 4342 -1,
1228 1211 4342 -1,
4342 1211 4343 -1,
4343 1211 4344 -1,
1211 1210 4344 -1,
1210 1203 4344 -1,
4344 1203 4345 -1,
1203 1193 4345 -1,
4345 1193 4346 -1,
1193 1186 4346 -1,
4346 1186 4347 -1,
1186 1185 4347 -1,
4347 1185 4348 -1,
1185 1199 4348 -1,
4348 1199 4349 -1,
1199 1208 4349 -1,
4349 1208 4350 -1,
1208 1215 4350 -1,
4350 1215 4351 -1,
1215 1224 4351 -1,
4351 1224 4352 -1,
4352 1224 4353 -1,
1224 1231 4353 -1,
1231 1239 4353 -1,
4353 1239 4354 -1,
1239 1248 4354 -1,
4354 1248 4355 -1,
4355 1248 4356 -1,
1248 1254 4356 -1,
1254 1263 4356 -1,
4356 1263 4357 -1,
4357 1269 4358 -1,
1263 1269 4357 -1,
4358 1277 4359 -1,
1269 1277 4358 -1,
4359 1282 4360 -1,
1277 1282 4359 -1,
4360 1287 4361 -1,
1282 1287 4360 -1,
1287 1293 4361 -1,
4361 1293 4362 -1,
1293 3278 4362 -1,
4362 3278 4363 -1,
3278 1065 4363 -1,
4363 1065 4364 -1,
1065 1059 4364 -1,
4364 1059 4365 -1,
1059 1052 4365 -1,
4365 1052 4366 -1,
1052 1047 4366 -1,
4366 1047 4367 -1,
1047 1041 4367 -1,
4367 1041 4368 -1,
1041 1035 4368 -1,
4368 1035 4369 -1,
1035 1025 4369 -1,
4369 1025 4370 -1,
1025 1018 4370 -1,
4370 1018 4371 -1,
1018 1012 4371 -1,
4371 1012 4372 -1,
1012 1002 4372 -1,
4372 1002 4373 -1,
4373 1002 4374 -1,
1002 994 4374 -1,
4374 985 4375 -1,
994 985 4374 -1,
4375 980 4376 -1,
985 980 4375 -1,
4376 973 4377 -1,
4377 973 4378 -1,
980 973 4376 -1,
973 956 4378 -1,
4378 958 4379 -1,
956 958 4378 -1,
4379 964 4380 -1,
4380 964 4381 -1,
958 964 4379 -1,
964 976 4381 -1,
4381 982 4382 -1,
976 982 4381 -1,
4382 990 4383 -1,
4383 990 4384 -1,
982 990 4382 -1,
990 998 4384 -1,
4384 1007 4385 -1,
998 1007 4384 -1,
4385 1013 4386 -1,
1007 1013 4385 -1,
4386 1023 4387 -1,
1013 1023 4386 -1,
1023 1031 4387 -1,
4387 1031 4388 -1,
1031 1037 4388 -1,
4388 1037 4389 -1,
1037 1043 4389 -1,
4389 1043 4390 -1,
1043 1049 4390 -1,
4390 1049 4391 -1,
4391 1055 4392 -1,
1049 1055 4391 -1,
4392 1061 4393 -1,
1055 1061 4392 -1,
4393 1069 4394 -1,
1061 1069 4393 -1,
4394 1073 4395 -1,
1069 1073 4394 -1,
4395 1075 4396 -1,
4396 1075 4397 -1,
1073 1075 4395 -1,
1075 1081 4397 -1,
4397 1082 4398 -1,
4398 1082 4399 -1,
1081 1082 4397 -1,
1082 1087 4399 -1,
4399 1093 4400 -1,
1087 1093 4399 -1,
4400 1095 4401 -1,
1093 1095 4400 -1,
4401 1100 4402 -1,
1095 1100 4401 -1,
4402 1105 4403 -1,
4403 1105 4404 -1,
1100 1105 4402 -1,
1105 1110 4404 -1,
4404 1112 4405 -1,
1110 1112 4404 -1,
4405 1115 4406 -1,
4406 1115 4407 -1,
1112 1115 4405 -1,
1115 1120 4407 -1,
4407 1125 4408 -1,
4408 1125 4409 -1,
1120 1125 4407 -1,
1125 1127 4409 -1,
4409 1130 4410 -1,
1127 1130 4409 -1,
4410 1134 4411 -1,
1130 1134 4410 -1,
1134 1139 4411 -1,
4411 1139 4412 -1,
1139 1144 4412 -1,
4412 1144 4413 -1,
1144 1146 4413 -1,
4413 1146 4414 -1,
1146 1153 4414 -1,
4414 1153 4415 -1,
1153 1156 4415 -1,
4415 1156 4416 -1,
1156 1161 4416 -1,
4416 1161 4417 -1,
1161 1166 4417 -1,
4417 1166 4418 -1,
4418 1166 4419 -1,
1166 1169 4419 -1,
1169 1171 4419 -1,
4419 1171 4420 -1,
4420 1171 4421 -1,
1171 3363 4421 -1,
3363 3362 4421 -1,
4421 3362 4422 -1,
3362 3361 4422 -1,
4422 3361 4423 -1,
4423 3361 4424 -1,
3361 3360 4424 -1,
4424 3359 4425 -1,
3360 3359 4424 -1,
4425 3358 4300 -1,
3359 3358 4425 -1,
507 508 4426 -1,
4426 508 4427 -1,
4427 509 4428 -1,
508 509 4427 -1,
4428 510 4429 -1,
509 510 4428 -1,
4429 511 4430 -1,
510 511 4429 -1,
4430 512 4431 -1,
4431 512 4432 -1,
511 512 4430 -1,
4432 513 4433 -1,
512 513 4432 -1,
513 713 4433 -1,
4433 708 4434 -1,
713 708 4433 -1,
4434 707 4435 -1,
708 707 4434 -1,
4435 700 4436 -1,
707 700 4435 -1,
700 699 4436 -1,
4436 699 4437 -1,
699 695 4437 -1,
4437 695 4438 -1,
695 691 4438 -1,
4438 691 4439 -1,
691 688 4439 -1,
4439 688 4440 -1,
688 683 4440 -1,
4440 683 4441 -1,
683 680 4441 -1,
4441 680 4442 -1,
680 675 4442 -1,
4442 675 4443 -1,
675 671 4443 -1,
4443 671 4444 -1,
671 664 4444 -1,
4444 664 4445 -1,
664 661 4445 -1,
4445 661 4446 -1,
4446 661 4447 -1,
661 660 4447 -1,
660 653 4447 -1,
4447 653 4448 -1,
4448 652 4449 -1,
653 652 4448 -1,
4449 647 4450 -1,
652 647 4449 -1,
4450 647 4451 -1,
647 640 4451 -1,
4451 636 4452 -1,
640 636 4451 -1,
4452 635 4453 -1,
636 635 4452 -1,
4453 632 4454 -1,
635 632 4453 -1,
4454 627 4455 -1,
632 627 4454 -1,
4455 620 4456 -1,
4456 620 4457 -1,
627 620 4455 -1,
620 616 4457 -1,
4457 615 4458 -1,
4458 615 4459 -1,
616 615 4457 -1,
615 604 4459 -1,
4459 603 4460 -1,
604 603 4459 -1,
4460 595 4461 -1,
603 595 4460 -1,
4461 588 4462 -1,
595 588 4461 -1,
588 575 4462 -1,
4462 575 4463 -1,
575 574 4463 -1,
4463 574 4464 -1,
574 567 4464 -1,
4464 567 4465 -1,
4465 567 4466 -1,
567 561 4466 -1,
561 547 4466 -1,
4466 547 4467 -1,
547 540 4467 -1,
4467 540 4468 -1,
540 539 4468 -1,
4468 539 4469 -1,
4469 539 4470 -1,
539 481 4470 -1,
481 476 4470 -1,
4470 476 4471 -1,
476 472 4471 -1,
4471 472 4472 -1,
472 468 4472 -1,
4472 468 4473 -1,
468 443 4473 -1,
4473 443 4474 -1,
443 440 4474 -1,
4474 440 4475 -1,
440 436 4475 -1,
4475 436 4476 -1,
436 433 4476 -1,
4476 433 4477 -1,
433 431 4477 -1,
4477 431 4478 -1,
4478 431 4479 -1,
431 427 4479 -1,
427 424 4479 -1,
4479 424 4480 -1,
424 421 4480 -1,
4480 421 4481 -1,
4481 421 4482 -1,
421 419 4482 -1,
419 415 4482 -1,
4482 415 4483 -1,
4483 412 4484 -1,
415 412 4483 -1,
4484 409 4485 -1,
412 409 4484 -1,
4485 406 4486 -1,
409 406 4485 -1,
4486 403 4487 -1,
406 403 4486 -1,
403 400 4487 -1,
4487 400 4488 -1,
400 397 4488 -1,
4488 397 4489 -1,
397 394 4489 -1,
4489 394 4490 -1,
394 387 4490 -1,
4490 387 4491 -1,
387 382 4491 -1,
4491 382 4492 -1,
382 377 4492 -1,
4492 377 4493 -1,
377 374 4493 -1,
4493 374 4494 -1,
374 367 4494 -1,
4494 367 4495 -1,
367 362 4495 -1,
4495 362 4496 -1,
362 356 4496 -1,
4496 356 4497 -1,
356 350 4497 -1,
4497 350 4498 -1,
350 343 4498 -1,
4498 343 4499 -1,
4499 343 4500 -1,
343 335 4500 -1,
4500 328 4501 -1,
335 328 4500 -1,
4501 322 4502 -1,
328 322 4501 -1,
4502 316 4503 -1,
4503 316 4504 -1,
322 316 4502 -1,
316 302 4504 -1,
4504 305 4505 -1,
302 305 4504 -1,
4505 311 4506 -1,
4506 311 4507 -1,
305 311 4505 -1,
311 318 4507 -1,
4507 325 4508 -1,
318 325 4507 -1,
4508 331 4509 -1,
4509 331 4510 -1,
325 331 4508 -1,
331 339 4510 -1,
4510 345 4511 -1,
339 345 4510 -1,
4511 353 4512 -1,
345 353 4511 -1,
4512 359 4513 -1,
353 359 4512 -1,
359 445 4513 -1,
4513 445 4514 -1,
445 446 4514 -1,
4514 446 4515 -1,
446 447 4515 -1,
4515 447 4516 -1,
447 448 4516 -1,
4516 448 4517 -1,
4517 449 4518 -1,
448 449 4517 -1,
4518 450 4519 -1,
449 450 4518 -1,
4519 451 4520 -1,
450 451 4519 -1,
4520 452 4521 -1,
451 452 4520 -1,
4521 453 4522 -1,
4522 453 4523 -1,
452 453 4521 -1,
453 454 4523 -1,
4523 455 4524 -1,
4524 455 4525 -1,
454 455 4523 -1,
455 456 4525 -1,
4525 457 4526 -1,
456 457 4525 -1,
4526 458 4527 -1,
457 458 4526 -1,
4527 459 4528 -1,
458 459 4527 -1,
4528 460 4529 -1,
4529 460 4530 -1,
459 460 4528 -1,
460 461 4530 -1,
4530 462 4531 -1,
461 462 4530 -1,
4531 463 4532 -1,
4532 463 4533 -1,
462 463 4531 -1,
463 464 4533 -1,
4533 465 4534 -1,
4534 465 4535 -1,
464 465 4533 -1,
465 466 4535 -1,
4535 467 4536 -1,
466 467 4535 -1,
4536 469 4537 -1,
467 469 4536 -1,
469 473 4537 -1,
4537 473 4538 -1,
473 477 4538 -1,
4538 477 4539 -1,
477 482 4539 -1,
4539 482 4540 -1,
482 484 4540 -1,
4540 484 4541 -1,
484 487 4541 -1,
4541 487 4542 -1,
487 491 4542 -1,
4542 491 4543 -1,
491 493 4543 -1,
4543 493 4544 -1,
4544 493 4545 -1,
493 496 4545 -1,
496 499 4545 -1,
4545 499 4546 -1,
4546 499 4547 -1,
499 502 4547 -1,
502 503 4547 -1,
4547 503 4548 -1,
503 504 4548 -1,
4548 504 4549 -1,
4549 504 4550 -1,
504 505 4550 -1,
4550 506 4551 -1,
505 506 4550 -1,
4551 507 4426 -1,
506 507 4551 -1,
726 727 4552 -1,
4552 727 4553 -1,
4553 953 4554 -1,
727 953 4553 -1,
4554 951 4555 -1,
953 951 4554 -1,
4555 949 4556 -1,
951 949 4555 -1,
4556 947 4557 -1,
4557 947 4558 -1,
949 947 4556 -1,
4558 940 4559 -1,
947 940 4558 -1,
940 939 4559 -1,
4559 936 4560 -1,
939 936 4559 -1,
4560 929 4561 -1,
936 929 4560 -1,
4561 928 4562 -1,
929 928 4561 -1,
928 921 4562 -1,
4562 921 4563 -1,
921 916 4563 -1,
4563 916 4564 -1,
916 915 4564 -1,
4564 915 4565 -1,
915 908 4565 -1,
4565 908 4566 -1,
908 907 4566 -1,
4566 907 4567 -1,
907 904 4567 -1,
4567 904 4568 -1,
904 898 4568 -1,
4568 898 4569 -1,
898 897 4569 -1,
4569 897 4570 -1,
897 888 4570 -1,
4570 888 4571 -1,
888 886 4571 -1,
4571 886 4572 -1,
4572 886 4573 -1,
886 885 4573 -1,
885 880 4573 -1,
4573 880 4574 -1,
4574 875 4575 -1,
880 875 4574 -1,
4575 871 4576 -1,
875 871 4575 -1,
4576 871 4577 -1,
871 864 4577 -1,
4577 863 4578 -1,
864 863 4577 -1,
4578 860 4579 -1,
863 860 4578 -1,
4579 858 4580 -1,
860 858 4579 -1,
4580 852 4581 -1,
858 852 4580 -1,
4581 847 4582 -1,
4582 847 4583 -1,
852 847 4581 -1,
847 840 4583 -1,
4583 839 4584 -1,
4584 839 4585 -1,
840 839 4583 -1,
839 834 4585 -1,
4585 829 4586 -1,
834 829 4585 -1,
4586 817 4587 -1,
829 817 4586 -1,
4587 816 4588 -1,
817 816 4587 -1,
816 809 4588 -1,
4588 809 4589 -1,
809 801 4589 -1,
4589 801 4590 -1,
801 795 4590 -1,
4590 795 4591 -1,
4591 795 4592 -1,
795 785 4592 -1,
785 777 4592 -1,
4592 777 4593 -1,
777 770 4593 -1,
4593 770 4594 -1,
770 761 4594 -1,
4594 761 4595 -1,
4595 761 4596 -1,
761 747 4596 -1,
747 739 4596 -1,
4596 739 4597 -1,
739 738 4597 -1,
4597 738 4598 -1,
738 729 4598 -1,
4598 729 4599 -1,
729 731 4599 -1,
4599 731 4600 -1,
731 744 4600 -1,
4600 744 4601 -1,
744 750 4601 -1,
4601 750 4602 -1,
750 757 4602 -1,
4602 757 4603 -1,
757 765 4603 -1,
4603 765 4604 -1,
4604 765 4605 -1,
765 766 4605 -1,
766 781 4605 -1,
4605 781 4606 -1,
781 789 4606 -1,
4606 789 4607 -1,
4607 789 4608 -1,
789 790 4608 -1,
790 805 4608 -1,
4608 805 4609 -1,
4609 3421 4610 -1,
805 3421 4609 -1,
4610 3420 4611 -1,
3421 3420 4610 -1,
4611 3419 4612 -1,
3420 3419 4611 -1,
4612 3418 4613 -1,
3419 3418 4612 -1,
3418 3417 4613 -1,
4613 3417 4614 -1,
3417 3415 4614 -1,
4614 3415 4615 -1,
3415 3416 4615 -1,
4615 3416 4616 -1,
3416 609 4616 -1,
4616 609 4617 -1,
609 601 4617 -1,
4617 601 4618 -1,
601 591 4618 -1,
4618 591 4619 -1,
591 584 4619 -1,
4619 584 4620 -1,
584 579 4620 -1,
4620 579 4621 -1,
579 570 4621 -1,
4621 570 4622 -1,
570 564 4622 -1,
4622 564 4623 -1,
564 556 4623 -1,
4623 556 4624 -1,
556 550 4624 -1,
4624 550 4625 -1,
4625 550 4626 -1,
550 543 4626 -1,
4626 535 4627 -1,
543 535 4626 -1,
4627 529 4628 -1,
535 529 4627 -1,
4628 524 4629 -1,
4629 524 4630 -1,
529 524 4628 -1,
524 514 4630 -1,
4630 515 4631 -1,
514 515 4630 -1,
4631 520 4632 -1,
4632 520 4633 -1,
515 520 4631 -1,
520 527 4633 -1,
4633 532 4634 -1,
527 532 4633 -1,
4634 538 4635 -1,
4635 538 4636 -1,
532 538 4634 -1,
538 546 4636 -1,
4636 553 4637 -1,
546 553 4636 -1,
4637 560 4638 -1,
553 560 4637 -1,
4638 566 4639 -1,
560 566 4638 -1,
566 573 4639 -1,
4639 573 4640 -1,
573 582 4640 -1,
4640 582 4641 -1,
582 587 4641 -1,
4641 587 4642 -1,
587 594 4642 -1,
4642 594 4643 -1,
4643 602 4644 -1,
594 602 4643 -1,
4644 610 4645 -1,
602 610 4644 -1,
4645 614 4646 -1,
610 614 4645 -1,
4646 619 4647 -1,
614 619 4646 -1,
4647 623 4648 -1,
4648 623 4649 -1,
619 623 4647 -1,
623 626 4649 -1,
4649 631 4650 -1,
4650 631 4651 -1,
626 631 4649 -1,
631 634 4651 -1,
4651 639 4652 -1,
634 639 4651 -1,
4652 643 4653 -1,
639 643 4652 -1,
4653 646 4654 -1,
643 646 4653 -1,
4654 651 4655 -1,
4655 651 4656 -1,
646 651 4654 -1,
651 655 4656 -1,
4656 659 4657 -1,
655 659 4656 -1,
4657 663 4658 -1,
4658 663 4659 -1,
659 663 4657 -1,
663 667 4659 -1,
4659 670 4660 -1,
4660 670 4661 -1,
667 670 4659 -1,
670 674 4661 -1,
4661 679 4662 -1,
674 679 4661 -1,
4662 682 4663 -1,
679 682 4662 -1,
682 687 4663 -1,
4663 687 4664 -1,
687 690 4664 -1,
4664 690 4665 -1,
690 694 4665 -1,
4665 694 4666 -1,
694 698 4666 -1,
4666 698 4667 -1,
698 704 4667 -1,
4667 704 4668 -1,
704 706 4668 -1,
4668 706 4669 -1,
706 712 4669 -1,
4669 712 4670 -1,
4670 712 4671 -1,
712 715 4671 -1,
715 718 4671 -1,
4671 718 4672 -1,
4672 718 4673 -1,
718 721 4673 -1,
721 722 4673 -1,
4673 722 4674 -1,
722 723 4674 -1,
4674 723 4675 -1,
4675 723 4676 -1,
723 724 4676 -1,
4676 725 4677 -1,
724 725 4676 -1,
4677 726 4552 -1,
725 726 4677 -1,
955 1183 4678 -1,
4678 1183 4679 -1,
4679 1181 4680 -1,
1183 1181 4679 -1,
4680 1178 4681 -1,
1181 1178 4680 -1,
4681 1176 4682 -1,
1178 1176 4681 -1,
4682 1175 4683 -1,
4683 1175 4684 -1,
1176 1175 4682 -1,
4684 1168 4685 -1,
1175 1168 4684 -1,
1168 1165 4685 -1,
4685 1160 4686 -1,
1165 1160 4685 -1,
4686 1159 4687 -1,
1160 1159 4686 -1,
4687 1152 4688 -1,
1159 1152 4687 -1,
1152 1151 4688 -1,
4688 1151 4689 -1,
1151 1149 4689 -1,
4689 1149 4690 -1,
1149 1143 4690 -1,
4690 1143 4691 -1,
1143 1138 4691 -1,
4691 1138 4692 -1,
1138 1137 4692 -1,
4692 1137 4693 -1,
1137 1133 4693 -1,
4693 1133 4694 -1,
1133 1124 4694 -1,
4694 1124 4695 -1,
1124 1123 4695 -1,
4695 1123 4696 -1,
1123 1119 4696 -1,
4696 1119 4697 -1,
1119 1117 4697 -1,
4697 1117 4698 -1,
4698 1117 4699 -1,
1117 1109 4699 -1,
1109 1104 4699 -1,
4699 1104 4700 -1,
4700 1103 4701 -1,
1104 1103 4700 -1,
4701 1098 4702 -1,
1103 1098 4701 -1,
4702 1098 4703 -1,
1098 1092 4703 -1,
4703 1090 4704 -1,
1092 1090 4703 -1,
4704 1086 4705 -1,
1090 1086 4704 -1,
4705 1085 4706 -1,
1086 1085 4705 -1,
4706 1080 4707 -1,
1085 1080 4706 -1,
4707 1072 4708 -1,
4708 1072 4709 -1,
1080 1072 4707 -1,
1072 1068 4709 -1,
4709 1067 4710 -1,
4710 1067 4711 -1,
1068 1067 4709 -1,
1067 1064 4711 -1,
4711 1058 4712 -1,
1064 1058 4711 -1,
4712 1046 4713 -1,
1058 1046 4712 -1,
4713 1045 4714 -1,
1046 1045 4713 -1,
1045 1030 4714 -1,
4714 1030 4715 -1,
1030 1029 4715 -1,
4715 1029 4716 -1,
1029 1022 4716 -1,
4716 1022 4717 -1,
4717 1022 4718 -1,
1022 1016 4718 -1,
1016 1006 4718 -1,
4718 1006 4719 -1,
1006 997 4719 -1,
4719 997 4720 -1,
997 989 4720 -1,
4720 989 4721 -1,
4721 989 4722 -1,
989 984 4722 -1,
984 969 4722 -1,
4722 969 4723 -1,
969 968 4723 -1,
4723 968 4724 -1,
968 962 4724 -1,
4724 962 4725 -1,
962 961 4725 -1,
4725 961 4726 -1,
961 971 4726 -1,
4726 971 4727 -1,
971 972 4727 -1,
4727 972 4728 -1,
972 979 4728 -1,
4728 979 4729 -1,
979 993 4729 -1,
4729 993 4730 -1,
4730 993 4731 -1,
993 1001 4731 -1,
1001 1010 4731 -1,
4731 1010 4732 -1,
1010 1011 4732 -1,
4732 1011 4733 -1,
4733 1011 4734 -1,
1011 1027 4734 -1,
1027 1034 4734 -1,
4734 1034 4735 -1,
4735 3432 4736 -1,
1034 3432 4735 -1,
4736 3431 4737 -1,
3432 3431 4736 -1,
4737 3430 4738 -1,
3431 3430 4737 -1,
4738 3429 4739 -1,
3430 3429 4738 -1,
3429 3428 4739 -1,
4739 3428 4740 -1,
3428 3422 4740 -1,
4740 3422 4741 -1,
3422 3423 4741 -1,
4741 3423 4742 -1,
3423 3424 4742 -1,
4742 3424 4743 -1,
3424 3425 4743 -1,
4743 3425 4744 -1,
3425 3426 4744 -1,
4744 3426 4745 -1,
3426 3427 4745 -1,
4745 3427 4746 -1,
3427 804 4746 -1,
4746 804 4747 -1,
804 798 4747 -1,
4747 798 4748 -1,
798 788 4748 -1,
4748 788 4749 -1,
788 780 4749 -1,
4749 780 4750 -1,
780 773 4750 -1,
4750 773 4751 -1,
4751 773 4752 -1,
773 764 4752 -1,
4752 756 4753 -1,
764 756 4752 -1,
4753 749 4754 -1,
756 749 4753 -1,
4754 743 4755 -1,
4755 743 4756 -1,
749 743 4754 -1,
743 728 4756 -1,
4756 730 4757 -1,
728 730 4756 -1,
4757 737 4758 -1,
4758 737 4759 -1,
730 737 4757 -1,
737 746 4759 -1,
4759 753 4760 -1,
746 753 4759 -1,
4760 760 4761 -1,
4761 760 4762 -1,
753 760 4760 -1,
760 769 4762 -1,
4762 776 4763 -1,
769 776 4762 -1,
4763 784 4764 -1,
776 784 4763 -1,
4764 794 4765 -1,
784 794 4764 -1,
794 800 4765 -1,
4765 800 4766 -1,
800 808 4766 -1,
4766 808 4767 -1,
808 815 4767 -1,
4767 815 4768 -1,
815 821 4768 -1,
4768 821 4769 -1,
4769 828 4770 -1,
821 828 4769 -1,
4770 833 4771 -1,
828 833 4770 -1,
4771 838 4772 -1,
833 838 4771 -1,
4772 844 4773 -1,
838 844 4772 -1,
4773 846 4774 -1,
4774 846 4775 -1,
844 846 4773 -1,
846 851 4775 -1,
4775 857 4776 -1,
4776 857 4777 -1,
851 857 4775 -1,
857 859 4777 -1,
4777 862 4778 -1,
859 862 4777 -1,
4778 867 4779 -1,
862 867 4778 -1,
4779 870 4780 -1,
867 870 4779 -1,
4780 874 4781 -1,
4781 874 4782 -1,
870 874 4780 -1,
874 879 4782 -1,
4782 884 4783 -1,
879 884 4782 -1,
4783 887 4784 -1,
4784 887 4785 -1,
884 887 4783 -1,
887 891 4785 -1,
4785 896 4786 -1,
4786 896 4787 -1,
891 896 4785 -1,
896 899 4787 -1,
4787 903 4788 -1,
899 903 4787 -1,
4788 906 4789 -1,
903 906 4788 -1,
906 911 4789 -1,
4789 911 4790 -1,
911 914 4790 -1,
4790 914 4791 -1,
914 920 4791 -1,
4791 920 4792 -1,
920 923 4792 -1,
4792 923 4793 -1,
923 927 4793 -1,
4793 927 4794 -1,
927 931 4794 -1,
4794 931 4795 -1,
931 935 4795 -1,
4795 935 4796 -1,
4796 935 4797 -1,
935 938 4797 -1,
938 944 4797 -1,
4797 944 4798 -1,
4798 944 4799 -1,
944 946 4799 -1,
946 948 4799 -1,
4799 948 4800 -1,
948 950 4800 -1,
4800 950 4801 -1,
4801 950 4802 -1,
950 952 4802 -1,
4802 954 4803 -1,
952 954 4802 -1,
4803 955 4678 -1,
954 955 4803 -1,
3290 1411 4804 -1,
4804 1411 4805 -1,
4805 1409 4806 -1,
1411 1409 4805 -1,
4806 1406 4807 -1,
1409 1406 4806 -1,
4807 1405 4808 -1,
1406 1405 4807 -1,
4808 1402 4809 -1,
4809 1402 4810 -1,
1405 1402 4808 -1,
4810 1396 4811 -1,
1402 1396 4810 -1,
1396 1395 4811 -1,
4811 1392 4812 -1,
1395 1392 4811 -1,
4812 1387 4813 -1,
1392 1387 4812 -1,
4813 1380 4814 -1,
1387 1380 4813 -1,
1380 1379 4814 -1,
4814 1379 4815 -1,
1379 1377 4815 -1,
4815 1377 4816 -1,
1377 1370 4816 -1,
4816 1370 4817 -1,
1370 1369 4817 -1,
4817 1369 4818 -1,
1369 1365 4818 -1,
4818 1365 4819 -1,
1365 1358 4819 -1,
4819 1358 4820 -1,
1358 1352 4820 -1,
4820 1352 4821 -1,
1352 1351 4821 -1,
4821 1351 4822 -1,
1351 1346 4822 -1,
4822 1346 4823 -1,
1346 1341 4823 -1,
4823 1341 4824 -1,
4824 1341 4825 -1,
1341 1340 4825 -1,
1340 1333 4825 -1,
4825 1333 4826 -1,
4826 1328 4827 -1,
1333 1328 4826 -1,
4827 1326 4828 -1,
1328 1326 4827 -1,
4828 1326 4829 -1,
1326 1323 4829 -1,
4829 1322 4830 -1,
1323 1322 4829 -1,
4830 1313 4831 -1,
1322 1313 4830 -1,
4831 1308 4832 -1,
1313 1308 4831 -1,
4832 1307 4833 -1,
1308 1307 4832 -1,
4833 1302 4834 -1,
4834 1302 4835 -1,
1307 1302 4833 -1,
1302 1296 4835 -1,
4835 1295 4836 -1,
4836 1295 4837 -1,
1296 1295 4835 -1,
1295 1291 4837 -1,
4837 1285 4838 -1,
1291 1285 4837 -1,
4838 1272 4839 -1,
1285 1272 4838 -1,
4839 1271 4840 -1,
1272 1271 4839 -1,
1271 1265 4840 -1,
4840 1265 4841 -1,
1265 1258 4841 -1,
4841 1258 4842 -1,
1258 1252 4842 -1,
4842 1252 4843 -1,
4843 1252 4844 -1,
1252 1243 4844 -1,
1243 1233 4844 -1,
4844 1233 4845 -1,
1233 1226 4845 -1,
4845 1226 4846 -1,
1226 1218 4846 -1,
4846 1218 4847 -1,
4847 1218 4848 -1,
1218 1213 4848 -1,
1213 1201 4848 -1,
4848 1201 4849 -1,
1201 1195 4849 -1,
4849 1195 4850 -1,
1195 1189 4850 -1,
4850 1189 4851 -1,
1189 1191 4851 -1,
4851 1191 4852 -1,
1191 1197 4852 -1,
4852 1197 4853 -1,
1197 1205 4853 -1,
4853 1205 4854 -1,
1205 1206 4854 -1,
4854 1206 4855 -1,
1206 1221 4855 -1,
4855 1221 4856 -1,
4856 1221 4857 -1,
1221 1222 4857 -1,
1222 1237 4857 -1,
4857 1237 4858 -1,
1237 1245 4858 -1,
4858 1245 4859 -1,
4859 1245 4860 -1,
1245 1246 4860 -1,
1246 1256 4860 -1,
4860 1256 4861 -1,
4861 3443 4862 -1,
1256 3443 4861 -1,
4862 3442 4863 -1,
3443 3442 4862 -1,
4863 3441 4864 -1,
3442 3441 4863 -1,
4864 3440 4865 -1,
3441 3440 4864 -1,
3440 3439 4865 -1,
4865 3439 4866 -1,
3439 3433 4866 -1,
4866 3433 4867 -1,
3433 3434 4867 -1,
4867 3434 4868 -1,
3434 3435 4868 -1,
4868 3435 4869 -1,
3435 3436 4869 -1,
4869 3436 4870 -1,
3436 3437 4870 -1,
4870 3437 4871 -1,
3437 3438 4871 -1,
4871 3438 4872 -1,
3438 1033 4872 -1,
4872 1033 4873 -1,
1033 1026 4873 -1,
4873 1026 4874 -1,
1026 1017 4874 -1,
4874 1017 4875 -1,
1017 1009 4875 -1,
4875 1009 4876 -1,
1009 1000 4876 -1,
4876 1000 4877 -1,
4877 1000 4878 -1,
1000 992 4878 -1,
4878 987 4879 -1,
992 987 4878 -1,
4879 978 4880 -1,
987 978 4879 -1,
4880 970 4881 -1,
4881 970 4882 -1,
978 970 4880 -1,
970 960 4882 -1,
4882 963 4883 -1,
960 963 4882 -1,
4883 967 4884 -1,
4884 967 4885 -1,
963 967 4883 -1,
967 975 4885 -1,
4885 983 4886 -1,
975 983 4885 -1,
4886 988 4887 -1,
4887 988 4888 -1,
983 988 4886 -1,
988 996 4888 -1,
4888 1005 4889 -1,
996 1005 4888 -1,
4889 1015 4890 -1,
1005 1015 4889 -1,
4890 1021 4891 -1,
1015 1021 4890 -1,
1021 1028 4891 -1,
4891 1028 4892 -1,
1028 1040 4892 -1,
4892 1040 4893 -1,
1040 1044 4893 -1,
4893 1044 4894 -1,
1044 1051 4894 -1,
4894 1051 4895 -1,
4895 1057 4896 -1,
1051 1057 4895 -1,
4896 1063 4897 -1,
1057 1063 4896 -1,
4897 1066 4898 -1,
1063 1066 4897 -1,
4898 1071 4899 -1,
1066 1071 4898 -1,
4899 1078 4900 -1,
4900 1078 4901 -1,
1071 1078 4899 -1,
1078 1079 4901 -1,
4901 1084 4902 -1,
4902 1084 4903 -1,
1079 1084 4901 -1,
1084 1089 4903 -1,
4903 1091 4904 -1,
1089 1091 4903 -1,
4904 1097 4905 -1,
1091 1097 4904 -1,
4905 1099 4906 -1,
1097 1099 4905 -1,
4906 1102 4907 -1,
4907 1102 4908 -1,
1099 1102 4906 -1,
1102 1108 4908 -1,
4908 1111 4909 -1,
1108 1111 4908 -1,
4909 1116 4910 -1,
4910 1116 4911 -1,
1111 1116 4909 -1,
1116 1118 4911 -1,
4911 1122 4912 -1,
4912 1122 4913 -1,
1118 1122 4911 -1,
1122 1129 4913 -1,
4913 1132 4914 -1,
1129 1132 4913 -1,
4914 1136 4915 -1,
1132 1136 4914 -1,
1136 1141 4915 -1,
4915 1141 4916 -1,
1141 1142 4916 -1,
4916 1142 4917 -1,
1142 1148 4917 -1,
4917 1148 4918 -1,
1148 1150 4918 -1,
4918 1150 4919 -1,
1150 1157 4919 -1,
4919 1157 4920 -1,
1157 1158 4920 -1,
4920 1158 4921 -1,
1158 1164 4921 -1,
4921 1164 4922 -1,
4922 1164 4923 -1,
1164 1167 4923 -1,
1167 1173 4923 -1,
4923 1173 4924 -1,
4924 1173 4925 -1,
1173 1174 4925 -1,
1174 1177 4925 -1,
4925 1177 4926 -1,
1177 1179 4926 -1,
4926 1179 4927 -1,
4927 1179 4928 -1,
1179 1180 4928 -1,
4928 1182 4929 -1,
1180 1182 4928 -1,
4929 3290 4804 -1,
1182 3290 4929 -1,
3289 1639 4930 -1,
4930 1639 4931 -1,
4931 1637 4932 -1,
1639 1637 4931 -1,
4932 1634 4933 -1,
1637 1634 4932 -1,
4933 1633 4934 -1,
1634 1633 4933 -1,
4934 1628 4935 -1,
4935 1628 4936 -1,
1633 1628 4934 -1,
4936 1625 4937 -1,
1628 1625 4936 -1,
1625 1624 4937 -1,
4937 1619 4938 -1,
1624 1619 4937 -1,
4938 1616 4939 -1,
1619 1616 4938 -1,
4939 1608 4940 -1,
1616 1608 4939 -1,
1608 1607 4940 -1,
4940 1607 4941 -1,
1607 1604 4941 -1,
4941 1604 4942 -1,
1604 1596 4942 -1,
4942 1596 4943 -1,
1596 1592 4943 -1,
4943 1592 4944 -1,
1592 1591 4944 -1,
4944 1591 4945 -1,
1591 1587 4945 -1,
4945 1587 4946 -1,
1587 1580 4946 -1,
4946 1580 4947 -1,
1580 1579 4947 -1,
4947 1579 4948 -1,
1579 1573 4948 -1,
4948 1573 4949 -1,
1573 1568 4949 -1,
4949 1568 4950 -1,
4950 1568 4951 -1,
1568 1567 4951 -1,
1567 1564 4951 -1,
4951 1564 4952 -1,
4952 1556 4953 -1,
1564 1556 4952 -1,
4953 1553 4954 -1,
1556 1553 4953 -1,
4954 1553 4955 -1,
1553 1549 4955 -1,
4955 1548 4956 -1,
1549 1548 4955 -1,
4956 1540 4957 -1,
1548 1540 4956 -1,
4957 1539 4958 -1,
1540 1539 4957 -1,
4958 1536 4959 -1,
1539 1536 4958 -1,
4959 1528 4960 -1,
4960 1528 4961 -1,
1536 1528 4959 -1,
1528 1525 4961 -1,
4961 1524 4962 -1,
4962 1524 4963 -1,
1525 1524 4961 -1,
1524 1517 4963 -1,
4963 1513 4964 -1,
1517 1513 4963 -1,
4964 1506 4965 -1,
1513 1506 4964 -1,
4965 1499 4966 -1,
1506 1499 4965 -1,
1499 1493 4966 -1,
4966 1493 4967 -1,
1493 1486 4967 -1,
4967 1486 4968 -1,
1486 1478 4968 -1,
4968 1478 4969 -1,
4969 1478 4970 -1,
1478 1469 4970 -1,
1469 1463 4970 -1,
4970 1463 4971 -1,
1463 1454 4971 -1,
4971 1454 4972 -1,
1454 1445 4972 -1,
4972 1445 4973 -1,
4973 1445 4974 -1,
1445 1438 4974 -1,
1438 1424 4974 -1,
4974 1424 4975 -1,
1424 1423 4975 -1,
4975 1423 4976 -1,
1423 1413 4976 -1,
4976 1413 4977 -1,
1413 1415 4977 -1,
4977 1415 4978 -1,
1415 1416 4978 -1,
4978 1416 4979 -1,
1416 1433 4979 -1,
4979 1433 4980 -1,
1433 1434 4980 -1,
4980 1434 4981 -1,
1434 1449 4981 -1,
4981 1449 4982 -1,
4982 1449 4983 -1,
1449 1450 4983 -1,
1450 1466 4983 -1,
4983 1466 4984 -1,
1466 1473 4984 -1,
4984 1473 4985 -1,
4985 1473 4986 -1,
1473 1474 4986 -1,
1474 1482 4986 -1,
4986 1482 4987 -1,
4987 3454 4988 -1,
1482 3454 4987 -1,
4988 3453 4989 -1,
3454 3453 4988 -1,
4989 3452 4990 -1,
3453 3452 4989 -1,
4990 3451 4991 -1,
3452 3451 4990 -1,
3451 3450 4991 -1,
4991 3450 4992 -1,
3450 3444 4992 -1,
4992 3444 4993 -1,
3444 3445 4993 -1,
4993 3445 4994 -1,
3445 3446 4994 -1,
4994 3446 4995 -1,
3446 3447 4995 -1,
4995 3447 4996 -1,
3447 3448 4996 -1,
4996 3448 4997 -1,
3448 3449 4997 -1,
4997 3449 4998 -1,
3449 1261 4998 -1,
4998 1261 4999 -1,
1261 1255 4999 -1,
4999 1255 5000 -1,
1255 1244 5000 -1,
5000 1244 5001 -1,
1244 1236 5001 -1,
5001 1236 5002 -1,
1236 1229 5002 -1,
5002 1229 5003 -1,
5003 1229 5004 -1,
1229 1220 5004 -1,
5004 1216 5005 -1,
1220 1216 5004 -1,
5005 1204 5006 -1,
1216 1204 5005 -1,
5006 1196 5007 -1,
5007 1196 5008 -1,
1204 1196 5006 -1,
1196 1188 5008 -1,
5008 1190 5009 -1,
1188 1190 5008 -1,
5009 1194 5010 -1,
5010 1194 5011 -1,
1190 1194 5009 -1,
1194 1200 5011 -1,
5011 1212 5012 -1,
1200 1212 5011 -1,
5012 1217 5013 -1,
5013 1217 5014 -1,
1212 1217 5012 -1,
1217 1225 5014 -1,
5014 1232 5015 -1,
1225 1232 5014 -1,
5015 1242 5016 -1,
1232 1242 5015 -1,
5016 1251 5017 -1,
1242 1251 5016 -1,
1251 1257 5017 -1,
5017 1257 5018 -1,
1257 1264 5018 -1,
5018 1264 5019 -1,
1264 1270 5019 -1,
5019 1270 5020 -1,
1270 1280 5020 -1,
5020 1280 5021 -1,
5021 1284 5022 -1,
1280 1284 5021 -1,
5022 1290 5023 -1,
1284 1290 5022 -1,
5023 1294 5024 -1,
1290 1294 5023 -1,
5024 1301 5025 -1,
1294 1301 5024 -1,
5025 1305 5026 -1,
5026 1305 5027 -1,
1301 1305 5025 -1,
1305 1306 5027 -1,
5027 1312 5028 -1,
5028 1312 5029 -1,
1306 1312 5027 -1,
1312 1317 5029 -1,
5029 1321 5030 -1,
1317 1321 5029 -1,
5030 1325 5031 -1,
1321 1325 5030 -1,
5031 1327 5032 -1,
1325 1327 5031 -1,
5032 1332 5033 -1,
5033 1332 5034 -1,
1327 1332 5032 -1,
1332 1335 5034 -1,
5034 1339 5035 -1,
1335 1339 5034 -1,
5035 1345 5036 -1,
5036 1345 5037 -1,
1339 1345 5035 -1,
1345 1349 5037 -1,
5037 1350 5038 -1,
5038 1350 5039 -1,
1349 1350 5037 -1,
1350 1357 5039 -1,
5039 1361 5040 -1,
1357 1361 5039 -1,
5040 1364 5041 -1,
1361 1364 5040 -1,
1364 1368 5041 -1,
5041 1368 5042 -1,
1368 1371 5042 -1,
5042 1371 5043 -1,
1371 1376 5043 -1,
5043 1376 5044 -1,
1376 1378 5044 -1,
5044 1378 5045 -1,
1378 1385 5045 -1,
5045 1385 5046 -1,
1385 1386 5046 -1,
5046 1386 5047 -1,
1386 1391 5047 -1,
5047 1391 5048 -1,
5048 1391 5049 -1,
1391 1394 5049 -1,
1394 1401 5049 -1,
5049 1401 5050 -1,
5050 1401 5051 -1,
1401 1403 5051 -1,
1403 1404 5051 -1,
5051 1404 5052 -1,
1404 1407 5052 -1,
5052 1407 5053 -1,
5053 1407 5054 -1,
1407 1408 5054 -1,
5054 1410 5055 -1,
1408 1410 5054 -1,
5055 3289 4930 -1,
1410 3289 5055 -1,
3288 1867 5056 -1,
5056 1867 5057 -1,
5057 1865 5058 -1,
1867 1865 5057 -1,
5058 1862 5059 -1,
1865 1862 5058 -1,
5059 1861 5060 -1,
1862 1861 5059 -1,
5060 1858 5061 -1,
5061 1858 5062 -1,
1861 1858 5060 -1,
5062 1852 5063 -1,
1858 1852 5062 -1,
1852 1850 5063 -1,
5063 1849 5064 -1,
1850 1849 5063 -1,
5064 1843 5065 -1,
1849 1843 5064 -1,
5065 1841 5066 -1,
1843 1841 5065 -1,
1841 1835 5066 -1,
5066 1835 5067 -1,
1835 1828 5067 -1,
5067 1828 5068 -1,
1828 1826 5068 -1,
5068 1826 5069 -1,
1826 1825 5069 -1,
5069 1825 5070 -1,
1825 1820 5070 -1,
5070 1820 5071 -1,
1820 1818 5071 -1,
5071 1818 5072 -1,
1818 1808 5072 -1,
5072 1808 5073 -1,
1808 1807 5073 -1,
5073 1807 5074 -1,
1807 1803 5074 -1,
5074 1803 5075 -1,
1803 1797 5075 -1,
5075 1797 5076 -1,
5076 1797 5077 -1,
1797 1796 5077 -1,
1796 1792 5077 -1,
5077 1792 5078 -1,
5078 1784 5079 -1,
1792 1784 5078 -1,
5079 1782 5080 -1,
1784 1782 5079 -1,
5080 1782 5081 -1,
1782 1779 5081 -1,
5081 1772 5082 -1,
1779 1772 5081 -1,
5082 1770 5083 -1,
1772 1770 5082 -1,
5083 1769 5084 -1,
1770 1769 5083 -1,
5084 1763 5085 -1,
1769 1763 5084 -1,
5085 1756 5086 -1,
5086 1756 5087 -1,
1763 1756 5085 -1,
1756 1755 5087 -1,
5087 1753 5088 -1,
5088 1753 5089 -1,
1755 1753 5087 -1,
1753 1747 5089 -1,
5089 1741 5090 -1,
1747 1741 5089 -1,
5090 1733 5091 -1,
1741 1733 5090 -1,
5091 1727 5092 -1,
1733 1727 5091 -1,
1727 1722 5092 -1,
5092 1722 5093 -1,
1722 1713 5093 -1,
5093 1713 5094 -1,
1713 1707 5094 -1,
5094 1707 5095 -1,
5095 1707 5096 -1,
1707 1698 5096 -1,
1698 1689 5096 -1,
5096 1689 5097 -1,
1689 1682 5097 -1,
5097 1682 5098 -1,
1682 1668 5098 -1,
5098 1668 5099 -1,
5099 1668 5100 -1,
1668 1667 5100 -1,
1667 1659 5100 -1,
5100 1659 5101 -1,
1659 1653 5101 -1,
5101 1653 5102 -1,
1653 1642 5102 -1,
5102 1642 5103 -1,
1642 1641 5103 -1,
5103 1641 5104 -1,
1641 1655 5104 -1,
5104 1655 5105 -1,
1655 1656 5105 -1,
5105 1656 5106 -1,
1656 1663 5106 -1,
5106 1663 5107 -1,
1663 1677 5107 -1,
5107 1677 5108 -1,
5108 1677 5109 -1,
1677 1678 5109 -1,
1678 1693 5109 -1,
5109 1693 5110 -1,
1693 1694 5110 -1,
5110 1694 5111 -1,
5111 1694 5112 -1,
1694 1702 5112 -1,
1702 1718 5112 -1,
5112 1718 5113 -1,
5113 3465 5114 -1,
1718 3465 5113 -1,
5114 3464 5115 -1,
3465 3464 5114 -1,
5115 3463 5116 -1,
3464 3463 5115 -1,
5116 3462 5117 -1,
3463 3462 5116 -1,
3462 3461 5117 -1,
5117 3461 5118 -1,
3461 3460 5118 -1,
5118 3460 5119 -1,
3460 3455 5119 -1,
5119 3455 5120 -1,
3455 3456 5120 -1,
5120 3456 5121 -1,
3456 3457 5121 -1,
5121 3457 5122 -1,
3457 3458 5122 -1,
5122 3458 5123 -1,
3458 3459 5123 -1,
5123 3459 5124 -1,
3459 1489 5124 -1,
5124 1489 5125 -1,
1489 1481 5125 -1,
5125 1481 5126 -1,
1481 1472 5126 -1,
5126 1472 5127 -1,
1472 1465 5127 -1,
5127 1465 5128 -1,
1465 1458 5128 -1,
5128 1458 5129 -1,
5129 1458 5130 -1,
1458 1448 5130 -1,
5130 1441 5131 -1,
1448 1441 5130 -1,
5131 1432 5132 -1,
1441 1432 5131 -1,
5132 1428 5133 -1,
5133 1428 5134 -1,
1432 1428 5132 -1,
1428 1412 5134 -1,
5134 1414 5135 -1,
1412 1414 5134 -1,
5135 1422 5136 -1,
5136 1422 5137 -1,
1414 1422 5135 -1,
1422 1430 5137 -1,
5137 1437 5138 -1,
1430 1437 5137 -1,
5138 1444 5139 -1,
5139 1444 5140 -1,
1437 1444 5138 -1,
1444 1453 5140 -1,
5140 1462 5141 -1,
1453 1462 5140 -1,
5141 1468 5142 -1,
1462 1468 5141 -1,
5142 1477 5143 -1,
1468 1477 5142 -1,
1477 1485 5143 -1,
5143 1485 5144 -1,
1485 1492 5144 -1,
5144 1492 5145 -1,
1492 1498 5145 -1,
5145 1498 5146 -1,
1498 1505 5146 -1,
5146 1505 5147 -1,
5147 1512 5148 -1,
1505 1512 5147 -1,
5148 1516 5149 -1,
1512 1516 5148 -1,
5149 1523 5150 -1,
1516 1523 5149 -1,
5150 1527 5151 -1,
1523 1527 5150 -1,
5151 1531 5152 -1,
5152 1531 5153 -1,
1527 1531 5151 -1,
1531 1535 5153 -1,
5153 1538 5154 -1,
5154 1538 5155 -1,
1535 1538 5153 -1,
1538 1543 5155 -1,
5155 1547 5156 -1,
1543 1547 5155 -1,
5156 1552 5157 -1,
1547 1552 5156 -1,
5157 1555 5158 -1,
1552 1555 5157 -1,
5158 1560 5159 -1,
5159 1560 5160 -1,
1555 1560 5158 -1,
1560 1563 5160 -1,
5160 1566 5161 -1,
1563 1566 5160 -1,
5161 1572 5162 -1,
5162 1572 5163 -1,
1566 1572 5161 -1,
1572 1575 5163 -1,
5163 1578 5164 -1,
5164 1578 5165 -1,
1575 1578 5163 -1,
1578 1586 5165 -1,
5165 1588 5166 -1,
1586 1588 5165 -1,
5166 1590 5167 -1,
1588 1590 5166 -1,
1590 1595 5167 -1,
5167 1595 5168 -1,
1595 1599 5168 -1,
5168 1599 5169 -1,
1599 1603 5169 -1,
5169 1603 5170 -1,
1603 1606 5170 -1,
5170 1606 5171 -1,
1606 1612 5171 -1,
5171 1612 5172 -1,
1612 1615 5172 -1,
5172 1615 5173 -1,
1615 1618 5173 -1,
5173 1618 5174 -1,
5174 1618 5175 -1,
1618 1623 5175 -1,
1623 1627 5175 -1,
5175 1627 5176 -1,
5176 1627 5177 -1,
1627 1631 5177 -1,
1631 1632 5177 -1,
5177 1632 5178 -1,
1632 1635 5178 -1,
5178 1635 5179 -1,
5179 1635 5180 -1,
1635 1636 5180 -1,
5180 1638 5181 -1,
1636 1638 5180 -1,
5181 3288 5056 -1,
1638 3288 5181 -1,
3287 2095 5182 -1,
5182 2095 5183 -1,
5183 2093 5184 -1,
2095 2093 5183 -1,
5184 2090 5185 -1,
2093 2090 5184 -1,
5185 2089 5186 -1,
2090 2089 5185 -1,
5186 2087 5187 -1,
5187 2087 5188 -1,
2089 2087 5186 -1,
5188 2080 5189 -1,
2087 2080 5188 -1,
2080 2078 5189 -1,
5189 2077 5190 -1,
2078 2077 5189 -1,
5190 2071 5191 -1,
2077 2071 5190 -1,
5191 2069 5192 -1,
2071 2069 5191 -1,
2069 2063 5192 -1,
5192 2063 5193 -1,
2063 2056 5193 -1,
5193 2056 5194 -1,
2056 2055 5194 -1,
5194 2055 5195 -1,
2055 2048 5195 -1,
5195 2048 5196 -1,
2048 2047 5196 -1,
5196 2047 5197 -1,
2047 2045 5197 -1,
5197 2045 5198 -1,
2045 2041 5198 -1,
5198 2041 5199 -1,
2041 2035 5199 -1,
5199 2035 5200 -1,
2035 2031 5200 -1,
5200 2031 5201 -1,
2031 2029 5201 -1,
5201 2029 5202 -1,
5202 2029 5203 -1,
2029 2023 5203 -1,
2023 2020 5203 -1,
5203 2020 5204 -1,
5204 2013 5205 -1,
2020 2013 5204 -1,
5205 2012 5206 -1,
2013 2012 5205 -1,
5206 2012 5207 -1,
2012 2006 5207 -1,
5207 2005 5208 -1,
2006 2005 5207 -1,
5208 1999 5209 -1,
2005 1999 5208 -1,
5209 1998 5210 -1,
1999 1998 5209 -1,
5210 1991 5211 -1,
1998 1991 5210 -1,
5211 1985 5212 -1,
5212 1985 5213 -1,
1991 1985 5211 -1,
1985 1983 5213 -1,
5213 1982 5214 -1,
5214 1982 5215 -1,
1983 1982 5213 -1,
1982 1975 5215 -1,
5215 1969 5216 -1,
1975 1969 5215 -1,
5216 1961 5217 -1,
1969 1961 5216 -1,
5217 1955 5218 -1,
1961 1955 5217 -1,
1955 1950 5218 -1,
5218 1950 5219 -1,
1950 1944 5219 -1,
5219 1944 5220 -1,
1944 1934 5220 -1,
5220 1934 5221 -1,
5221 1934 5222 -1,
1934 1927 5222 -1,
1927 1918 5222 -1,
5222 1918 5223 -1,
1918 1904 5223 -1,
5223 1904 5224 -1,
1904 1903 5224 -1,
5224 1903 5225 -1,
5225 1903 5226 -1,
1903 1894 5226 -1,
1894 1886 5226 -1,
5226 1886 5227 -1,
1886 1881 5227 -1,
5227 1881 5228 -1,
1881 1870 5228 -1,
5228 1870 5229 -1,
1870 1869 5229 -1,
5229 1869 5230 -1,
1869 1871 5230 -1,
5230 1871 5231 -1,
1871 1889 5231 -1,
5231 1889 5232 -1,
1889 1890 5232 -1,
5232 1890 5233 -1,
1890 1906 5233 -1,
5233 1906 5234 -1,
5234 1906 5235 -1,
1906 1907 5235 -1,
1907 1916 5235 -1,
5235 1916 5236 -1,
1916 1922 5236 -1,
5236 1922 5237 -1,
5237 1922 5238 -1,
1922 1931 5238 -1,
1931 1946 5238 -1,
5238 1946 5239 -1,
5239 3476 5240 -1,
1946 3476 5239 -1,
5240 3475 5241 -1,
3476 3475 5240 -1,
5241 3474 5242 -1,
3475 3474 5241 -1,
5242 3473 5243 -1,
3474 3473 5242 -1,
3473 3472 5243 -1,
5243 3472 5244 -1,
3472 3471 5244 -1,
5244 3471 5245 -1,
3471 3466 5245 -1,
5245 3466 5246 -1,
3466 3467 5246 -1,
5246 3467 5247 -1,
3467 3468 5247 -1,
5247 3468 5248 -1,
3468 3469 5248 -1,
5248 3469 5249 -1,
3469 3470 5249 -1,
5249 3470 5250 -1,
3470 1717 5250 -1,
5250 1717 5251 -1,
1717 1710 5251 -1,
5251 1710 5252 -1,
1710 1701 5252 -1,
5252 1701 5253 -1,
1701 1692 5253 -1,
5253 1692 5254 -1,
1692 1687 5254 -1,
5254 1687 5255 -1,
5255 1687 5256 -1,
1687 1676 5256 -1,
5256 1670 5257 -1,
1676 1670 5256 -1,
5257 1662 5258 -1,
1670 1662 5257 -1,
5258 1654 5259 -1,
5259 1654 5260 -1,
1662 1654 5258 -1,
1654 1640 5260 -1,
5260 1643 5261 -1,
1640 1643 5260 -1,
5261 1652 5262 -1,
5262 1652 5263 -1,
1643 1652 5261 -1,
1652 1658 5263 -1,
5263 1666 5264 -1,
1658 1666 5263 -1,
5264 1675 5265 -1,
5265 1675 5266 -1,
1666 1675 5264 -1,
1675 1681 5266 -1,
5266 1688 5267 -1,
1681 1688 5266 -1,
5267 1697 5268 -1,
1688 1697 5267 -1,
5268 1706 5269 -1,
1697 1706 5268 -1,
1706 1712 5269 -1,
5269 1712 5270 -1,
1712 1721 5270 -1,
5270 1721 5271 -1,
1721 1726 5271 -1,
5271 1726 5272 -1,
1726 1732 5272 -1,
5272 1732 5273 -1,
5273 1740 5274 -1,
1732 1740 5273 -1,
5274 1746 5275 -1,
1740 1746 5274 -1,
5275 1752 5276 -1,
1746 1752 5275 -1,
5276 1754 5277 -1,
1752 1754 5276 -1,
5277 1761 5278 -1,
5278 1761 5279 -1,
1754 1761 5277 -1,
1761 1762 5279 -1,
5279 1768 5280 -1,
5280 1768 5281 -1,
1762 1768 5279 -1,
1768 1771 5281 -1,
5281 1778 5282 -1,
1771 1778 5281 -1,
5282 1781 5283 -1,
1778 1781 5282 -1,
5283 1783 5284 -1,
1781 1783 5283 -1,
5284 1788 5285 -1,
5285 1788 5286 -1,
1783 1788 5284 -1,
1788 1791 5286 -1,
5286 1795 5287 -1,
1791 1795 5286 -1,
5287 1802 5288 -1,
5288 1802 5289 -1,
1795 1802 5287 -1,
1802 1804 5289 -1,
5289 1806 5290 -1,
5290 1806 5291 -1,
1804 1806 5289 -1,
1806 1813 5291 -1,
5291 1817 5292 -1,
1813 1817 5291 -1,
5292 1819 5293 -1,
1817 1819 5292 -1,
1819 1824 5293 -1,
5293 1824 5294 -1,
1824 1827 5294 -1,
5294 1827 5295 -1,
1827 1833 5295 -1,
5295 1833 5296 -1,
1833 1834 5296 -1,
5296 1834 5297 -1,
1834 1840 5297 -1,
5297 1840 5298 -1,
1840 1842 5298 -1,
5298 1842 5299 -1,
1842 1848 5299 -1,
5299 1848 5300 -1,
5300 1848 5301 -1,
1848 1851 5301 -1,
1851 1857 5301 -1,
5301 1857 5302 -1,
5302 1857 5303 -1,
1857 1859 5303 -1,
1859 1860 5303 -1,
5303 1860 5304 -1,
1860 1863 5304 -1,
5304 1863 5305 -1,
5305 1863 5306 -1,
1863 1864 5306 -1,
5306 1866 5307 -1,
1864 1866 5306 -1,
5307 3287 5182 -1,
1866 3287 5307 -1,
3347 3342 5308 -1,
5308 3342 5309 -1,
5309 3343 5310 -1,
3342 3343 5309 -1,
5310 3344 5311 -1,
3343 3344 5310 -1,
5311 3345 5312 -1,
3344 3345 5311 -1,
5312 3346 5313 -1,
5313 3346 5314 -1,
3345 3346 5312 -1,
5314 1630 5315 -1,
3346 1630 5314 -1,
1630 1622 5315 -1,
5315 1621 5316 -1,
1622 1621 5315 -1,
5316 1614 5317 -1,
1621 1614 5316 -1,
5317 1611 5318 -1,
1614 1611 5317 -1,
1611 1610 5318 -1,
5318 1610 5319 -1,
1610 1602 5319 -1,
5319 1602 5320 -1,
1602 1601 5320 -1,
5320 1601 5321 -1,
1601 1598 5321 -1,
5321 1598 5322 -1,
1598 1594 5322 -1,
5322 1594 5323 -1,
1594 1585 5323 -1,
5323 1585 5324 -1,
1585 1584 5324 -1,
5324 1584 5325 -1,
1584 1582 5325 -1,
5325 1582 5326 -1,
1582 1577 5326 -1,
5326 1577 5327 -1,
1577 1571 5327 -1,
5327 1571 5328 -1,
5328 1571 5329 -1,
1571 1570 5329 -1,
1570 1562 5329 -1,
5329 1562 5330 -1,
5330 1559 5331 -1,
1562 1559 5330 -1,
5331 1558 5332 -1,
1559 1558 5331 -1,
5332 1558 5333 -1,
1558 1551 5333 -1,
5333 1546 5334 -1,
1551 1546 5333 -1,
5334 1545 5335 -1,
1546 1545 5334 -1,
5335 1542 5336 -1,
1545 1542 5335 -1,
5336 1534 5337 -1,
1542 1534 5336 -1,
5337 1533 5338 -1,
5338 1533 5339 -1,
1534 1533 5337 -1,
1533 1530 5339 -1,
5339 1520 5340 -1,
5340 1520 5341 -1,
1530 1520 5339 -1,
1520 1519 5341 -1,
5341 1509 5342 -1,
1519 1509 5341 -1,
5342 1508 5343 -1,
1509 1508 5342 -1,
5343 1501 5344 -1,
1508 1501 5343 -1,
1501 1495 5344 -1,
5344 1495 5345 -1,
1495 1488 5345 -1,
5345 1488 5346 -1,
1488 1480 5346 -1,
5346 1480 5347 -1,
5347 1480 5348 -1,
1480 1471 5348 -1,
1471 1457 5348 -1,
5348 1457 5349 -1,
1457 1456 5349 -1,
5349 1456 5350 -1,
1456 1447 5350 -1,
5350 1447 5351 -1,
5351 1447 5352 -1,
1447 1440 5352 -1,
1440 1427 5352 -1,
5352 1427 5353 -1,
1427 1426 5353 -1,
5353 1426 5354 -1,
1426 1418 5354 -1,
5354 1418 5355 -1,
1418 1420 5355 -1,
5355 1420 5356 -1,
1420 1421 5356 -1,
5356 1421 5357 -1,
1421 1436 5357 -1,
5357 1436 5358 -1,
1436 1443 5358 -1,
5358 1443 5359 -1,
1443 1452 5359 -1,
5359 1452 5360 -1,
5360 1452 5361 -1,
1452 1460 5361 -1,
1460 1461 5361 -1,
5361 1461 5362 -1,
1461 1476 5362 -1,
5362 1476 5363 -1,
5363 1476 5364 -1,
1476 1484 5364 -1,
1484 1491 5364 -1,
5364 1491 5365 -1,
5365 1497 5366 -1,
1491 1497 5365 -1,
5366 1503 5367 -1,
1497 1503 5366 -1,
5367 1504 5368 -1,
1503 1504 5367 -1,
5368 1511 5369 -1,
1504 1511 5368 -1,
1511 1522 5369 -1,
5369 1522 5370 -1,
1522 3279 5370 -1,
5370 3279 5371 -1,
3279 1292 5371 -1,
5371 1292 5372 -1,
1292 1286 5372 -1,
5372 1286 5373 -1,
1286 1281 5373 -1,
5373 1281 5374 -1,
1281 1276 5374 -1,
5374 1276 5375 -1,
1276 1268 5375 -1,
5375 1268 5376 -1,
1268 1262 5376 -1,
5376 1262 5377 -1,
1262 1253 5377 -1,
5377 1253 5378 -1,
1253 1247 5378 -1,
5378 1247 5379 -1,
1247 1238 5379 -1,
5379 1238 5380 -1,
1238 1230 5380 -1,
5380 1230 5381 -1,
5381 1230 5382 -1,
1230 1223 5382 -1,
5382 1214 5383 -1,
1223 1214 5382 -1,
5383 1207 5384 -1,
1214 1207 5383 -1,
5384 1198 5385 -1,
5385 1198 5386 -1,
1207 1198 5384 -1,
1198 1184 5386 -1,
5386 1187 5387 -1,
1184 1187 5386 -1,
5387 1192 5388 -1,
5388 1192 5389 -1,
1187 1192 5387 -1,
1192 1202 5389 -1,
5389 1209 5390 -1,
1202 1209 5389 -1,
5390 1219 5391 -1,
5391 1219 5392 -1,
1209 1219 5390 -1,
1219 1227 5392 -1,
5392 1234 5393 -1,
1227 1234 5392 -1,
5393 1240 5394 -1,
1234 1240 5393 -1,
5394 1249 5395 -1,
1240 1249 5394 -1,
1249 1259 5395 -1,
5395 1259 5396 -1,
1259 1266 5396 -1,
5396 1266 5397 -1,
1266 1273 5397 -1,
5397 1273 5398 -1,
1273 1278 5398 -1,
5398 1278 5399 -1,
5399 1283 5400 -1,
1278 1283 5399 -1,
5400 1288 5401 -1,
1283 1288 5400 -1,
5401 1297 5402 -1,
1288 1297 5401 -1,
5402 1300 5403 -1,
1297 1300 5402 -1,
5403 1303 5404 -1,
5404 1303 5405 -1,
1300 1303 5403 -1,
1303 1309 5405 -1,
5405 1314 5406 -1,
5406 1314 5407 -1,
1309 1314 5405 -1,
1314 1315 5407 -1,
5407 1318 5408 -1,
1315 1318 5407 -1,
5408 1324 5409 -1,
1318 1324 5408 -1,
5409 1329 5410 -1,
1324 1329 5409 -1,
5410 1334 5411 -1,
5411 1334 5412 -1,
1329 1334 5410 -1,
1334 1336 5412 -1,
5412 1342 5413 -1,
1336 1342 5412 -1,
5413 1344 5414 -1,
5414 1344 5415 -1,
1342 1344 5413 -1,
1344 1347 5415 -1,
5415 1353 5416 -1,
5416 1353 5417 -1,
1347 1353 5415 -1,
1353 1355 5417 -1,
5417 1359 5418 -1,
1355 1359 5417 -1,
5418 1362 5419 -1,
1359 1362 5418 -1,
1362 1366 5419 -1,
5419 1366 5420 -1,
1366 1372 5420 -1,
5420 1372 5421 -1,
1372 1375 5421 -1,
5421 1375 5422 -1,
1375 1381 5422 -1,
5422 1381 5423 -1,
1381 1384 5423 -1,
5423 1384 5424 -1,
1384 1388 5424 -1,
5424 1388 5425 -1,
1388 1393 5425 -1,
5425 1393 5426 -1,
5426 1393 5427 -1,
1393 1397 5427 -1,
1397 1399 5427 -1,
5427 1399 5428 -1,
5428 1399 5429 -1,
1399 3352 5429 -1,
3352 3351 5429 -1,
5429 3351 5430 -1,
3351 3350 5430 -1,
5430 3350 5431 -1,
5431 3350 5432 -1,
3350 3349 5432 -1,
5432 3348 5433 -1,
3349 3348 5432 -1,
5433 3347 5308 -1,
3348 3347 5433 -1,
3336 3331 5434 -1,
5434 3331 5435 -1,
5435 3332 5436 -1,
3331 3332 5435 -1,
5436 3333 5437 -1,
3332 3333 5436 -1,
5437 3334 5438 -1,
3333 3334 5437 -1,
5438 3335 5439 -1,
5439 3335 5440 -1,
3334 3335 5438 -1,
5440 1856 5441 -1,
3335 1856 5440 -1,
1856 1854 5441 -1,
5441 1847 5442 -1,
1854 1847 5441 -1,
5442 1845 5443 -1,
1847 1845 5442 -1,
5443 1838 5444 -1,
1845 1838 5443 -1,
1838 1837 5444 -1,
5444 1837 5445 -1,
1837 1832 5445 -1,
5445 1832 5446 -1,
1832 1830 5446 -1,
5446 1830 5447 -1,
1830 1823 5447 -1,
5447 1823 5448 -1,
1823 1816 5448 -1,
5448 1816 5449 -1,
1816 1815 5449 -1,
5449 1815 5450 -1,
1815 1812 5450 -1,
5450 1812 5451 -1,
1812 1810 5451 -1,
5451 1810 5452 -1,
1810 1801 5452 -1,
5452 1801 5453 -1,
1801 1799 5453 -1,
5453 1799 5454 -1,
5454 1799 5455 -1,
1799 1794 5455 -1,
1794 1790 5455 -1,
5455 1790 5456 -1,
5456 1787 5457 -1,
1790 1787 5456 -1,
5457 1786 5458 -1,
1787 1786 5457 -1,
5458 1786 5459 -1,
1786 1777 5459 -1,
5459 1775 5460 -1,
1777 1775 5459 -1,
5460 1774 5461 -1,
1775 1774 5460 -1,
5461 1766 5462 -1,
1774 1766 5461 -1,
5462 1765 5463 -1,
1766 1765 5462 -1,
5463 1760 5464 -1,
5464 1760 5465 -1,
1765 1760 5463 -1,
1760 1758 5465 -1,
5465 1751 5466 -1,
5466 1751 5467 -1,
1758 1751 5465 -1,
1751 1745 5467 -1,
5467 1736 5468 -1,
1745 1736 5467 -1,
5468 1735 5469 -1,
1736 1735 5468 -1,
5469 1729 5470 -1,
1735 1729 5469 -1,
1729 1716 5470 -1,
5470 1716 5471 -1,
1716 1715 5471 -1,
5471 1715 5472 -1,
1715 1709 5472 -1,
5472 1709 5473 -1,
5473 1709 5474 -1,
1709 1700 5474 -1,
1700 1691 5474 -1,
5474 1691 5475 -1,
1691 1684 5475 -1,
5475 1684 5476 -1,
1684 1674 5476 -1,
5476 1674 5477 -1,
5477 1674 5478 -1,
1674 1661 5478 -1,
1661 1651 5478 -1,
5478 1651 5479 -1,
1651 1650 5479 -1,
5479 1650 5480 -1,
1650 1646 5480 -1,
5480 1646 5481 -1,
1646 1645 5481 -1,
5481 1645 5482 -1,
1645 1647 5482 -1,
5482 1647 5483 -1,
1647 1665 5483 -1,
5483 1665 5484 -1,
1665 1672 5484 -1,
5484 1672 5485 -1,
1672 1680 5485 -1,
5485 1680 5486 -1,
5486 1680 5487 -1,
1680 1686 5487 -1,
1686 1696 5487 -1,
5487 1696 5488 -1,
1696 1704 5488 -1,
5488 1704 5489 -1,
5489 1704 5490 -1,
1704 1705 5490 -1,
1705 1720 5490 -1,
5490 1720 5491 -1,
5491 1725 5492 -1,
1720 1725 5491 -1,
5492 1731 5493 -1,
1725 1731 5492 -1,
5493 1738 5494 -1,
1731 1738 5493 -1,
5494 1743 5495 -1,
1738 1743 5494 -1,
1743 1749 5495 -1,
5495 1749 5496 -1,
1749 3280 5496 -1,
5496 3280 5497 -1,
3280 1521 5497 -1,
5497 1521 5498 -1,
1521 1515 5498 -1,
5498 1515 5499 -1,
1515 1510 5499 -1,
5499 1510 5500 -1,
1510 1502 5500 -1,
5500 1502 5501 -1,
1502 1496 5501 -1,
5501 1496 5502 -1,
1496 1490 5502 -1,
5502 1490 5503 -1,
1490 1483 5503 -1,
5503 1483 5504 -1,
1483 1475 5504 -1,
5504 1475 5505 -1,
1475 1467 5505 -1,
5505 1467 5506 -1,
1467 1459 5506 -1,
5506 1459 5507 -1,
5507 1459 5508 -1,
1459 1451 5508 -1,
5508 1442 5509 -1,
1451 1442 5508 -1,
5509 1435 5510 -1,
1442 1435 5509 -1,
5510 1429 5511 -1,
5511 1429 5512 -1,
1435 1429 5510 -1,
1429 1417 5512 -1,
5512 1419 5513 -1,
1417 1419 5512 -1,
5513 1425 5514 -1,
5514 1425 5515 -1,
1419 1425 5513 -1,
1425 1431 5515 -1,
5515 1439 5516 -1,
1431 1439 5515 -1,
5516 1446 5517 -1,
5517 1446 5518 -1,
1439 1446 5516 -1,
1446 1455 5518 -1,
5518 1464 5519 -1,
1455 1464 5518 -1,
5519 1470 5520 -1,
1464 1470 5519 -1,
5520 1479 5521 -1,
1470 1479 5520 -1,
1479 1487 5521 -1,
5521 1487 5522 -1,
1487 1494 5522 -1,
5522 1494 5523 -1,
1494 1500 5523 -1,
5523 1500 5524 -1,
1500 1507 5524 -1,
5524 1507 5525 -1,
5525 1514 5526 -1,
1507 1514 5525 -1,
5526 1518 5527 -1,
1514 1518 5526 -1,
5527 1526 5528 -1,
1518 1526 5527 -1,
5528 1529 5529 -1,
1526 1529 5528 -1,
5529 1532 5530 -1,
5530 1532 5531 -1,
1529 1532 5529 -1,
1532 1537 5531 -1,
5531 1541 5532 -1,
5532 1541 5533 -1,
1537 1541 5531 -1,
1541 1544 5533 -1,
5533 1550 5534 -1,
1544 1550 5533 -1,
5534 1554 5535 -1,
1550 1554 5534 -1,
5535 1557 5536 -1,
1554 1557 5535 -1,
5536 1561 5537 -1,
5537 1561 5538 -1,
1557 1561 5536 -1,
1561 1565 5538 -1,
5538 1569 5539 -1,
1565 1569 5538 -1,
5539 1574 5540 -1,
5540 1574 5541 -1,
1569 1574 5539 -1,
1574 1576 5541 -1,
5541 1581 5542 -1,
5542 1581 5543 -1,
1576 1581 5541 -1,
1581 1583 5543 -1,
5543 1589 5544 -1,
1583 1589 5543 -1,
5544 1593 5545 -1,
1589 1593 5544 -1,
1593 1597 5545 -1,
5545 1597 5546 -1,
1597 1600 5546 -1,
5546 1600 5547 -1,
1600 1605 5547 -1,
5547 1605 5548 -1,
1605 1609 5548 -1,
5548 1609 5549 -1,
1609 1613 5549 -1,
5549 1613 5550 -1,
1613 1617 5550 -1,
5550 1617 5551 -1,
1617 1620 5551 -1,
5551 1620 5552 -1,
5552 1620 5553 -1,
1620 1626 5553 -1,
1626 1629 5553 -1,
5553 1629 5554 -1,
5554 1629 5555 -1,
1629 3341 5555 -1,
3341 3340 5555 -1,
5555 3340 5556 -1,
3340 3339 5556 -1,
5556 3339 5557 -1,
5557 3339 5558 -1,
3339 3338 5558 -1,
5558 3337 5559 -1,
3338 3337 5558 -1,
5559 3336 5434 -1,
3337 3336 5559 -1,
3320 3321 5560 -1,
5560 3321 5561 -1,
5561 3322 5562 -1,
3321 3322 5561 -1,
5562 3323 5563 -1,
3322 3323 5562 -1,
5563 3324 5564 -1,
3323 3324 5563 -1,
5564 3325 5565 -1,
5565 3325 5566 -1,
3324 3325 5564 -1,
5566 2084 5567 -1,
3325 2084 5566 -1,
2084 2082 5567 -1,
5567 2074 5568 -1,
2082 2074 5567 -1,
5568 2073 5569 -1,
2074 2073 5568 -1,
5569 2066 5570 -1,
2073 2066 5569 -1,
2066 2065 5570 -1,
5570 2065 5571 -1,
2065 2059 5571 -1,
5571 2059 5572 -1,
2059 2058 5572 -1,
5572 2058 5573 -1,
2058 2052 5573 -1,
5573 2052 5574 -1,
2052 2050 5574 -1,
5574 2050 5575 -1,
2050 2043 5575 -1,
5575 2043 5576 -1,
2043 2039 5576 -1,
5576 2039 5577 -1,
2039 2037 5577 -1,
5577 2037 5578 -1,
2037 2033 5578 -1,
5578 2033 5579 -1,
2033 2026 5579 -1,
5579 2026 5580 -1,
5580 2026 5581 -1,
2026 2025 5581 -1,
2025 2018 5581 -1,
5581 2018 5582 -1,
5582 2017 5583 -1,
2018 2017 5582 -1,
5583 2010 5584 -1,
2017 2010 5583 -1,
5584 2010 5585 -1,
2010 2009 5585 -1,
5585 2002 5586 -1,
2009 2002 5585 -1,
5586 1996 5587 -1,
2002 1996 5586 -1,
5587 1995 5588 -1,
1996 1995 5587 -1,
5588 1993 5589 -1,
1995 1993 5588 -1,
5589 1989 5590 -1,
5590 1989 5591 -1,
1993 1989 5589 -1,
1989 1980 5591 -1,
5591 1979 5592 -1,
5592 1979 5593 -1,
1980 1979 5591 -1,
1979 1973 5593 -1,
5593 1964 5594 -1,
1973 1964 5593 -1,
5594 1963 5595 -1,
1964 1963 5594 -1,
5595 1957 5596 -1,
1963 1957 5595 -1,
1957 1942 5596 -1,
5596 1942 5597 -1,
1942 1941 5597 -1,
5597 1941 5598 -1,
1941 1936 5598 -1,
5598 1936 5599 -1,
5599 1936 5600 -1,
1936 1929 5600 -1,
1929 1920 5600 -1,
5600 1920 5601 -1,
1920 1912 5601 -1,
5601 1912 5602 -1,
1912 1897 5602 -1,
5602 1897 5603 -1,
5603 1897 5604 -1,
1897 1896 5604 -1,
1896 1879 5604 -1,
5604 1879 5605 -1,
1879 1878 5605 -1,
5605 1878 5606 -1,
1878 1874 5606 -1,
5606 1874 5607 -1,
1874 1876 5607 -1,
5607 1876 5608 -1,
1876 1884 5608 -1,
5608 1884 5609 -1,
1884 1892 5609 -1,
5609 1892 5610 -1,
1892 1900 5610 -1,
5610 1900 5611 -1,
1900 1909 5611 -1,
5611 1909 5612 -1,
5612 1909 5613 -1,
1909 1914 5613 -1,
1914 1924 5613 -1,
5613 1924 5614 -1,
1924 1925 5614 -1,
5614 1925 5615 -1,
5615 1925 5616 -1,
1925 1938 5616 -1,
1938 1948 5616 -1,
5616 1948 5617 -1,
5617 1953 5618 -1,
1948 1953 5617 -1,
5618 1959 5619 -1,
1953 1959 5618 -1,
5619 1966 5620 -1,
1959 1966 5619 -1,
5620 1971 5621 -1,
1966 1971 5620 -1,
1971 1977 5621 -1,
5621 1977 5622 -1,
1977 3281 5622 -1,
5622 3281 5623 -1,
3281 1748 5623 -1,
5623 1748 5624 -1,
1748 1742 5624 -1,
5624 1742 5625 -1,
1742 1737 5625 -1,
5625 1737 5626 -1,
1737 1730 5626 -1,
5626 1730 5627 -1,
1730 1724 5627 -1,
5627 1724 5628 -1,
1724 1719 5628 -1,
5628 1719 5629 -1,
1719 1711 5629 -1,
5629 1711 5630 -1,
1711 1703 5630 -1,
5630 1703 5631 -1,
1703 1695 5631 -1,
5631 1695 5632 -1,
1695 1685 5632 -1,
5632 1685 5633 -1,
5633 1685 5634 -1,
1685 1679 5634 -1,
5634 1671 5635 -1,
1679 1671 5634 -1,
5635 1664 5636 -1,
1671 1664 5635 -1,
5636 1657 5637 -1,
5637 1657 5638 -1,
1664 1657 5636 -1,
1657 1644 5638 -1,
5638 1648 5639 -1,
1644 1648 5638 -1,
5639 1649 5640 -1,
5640 1649 5641 -1,
1648 1649 5639 -1,
1649 1660 5641 -1,
5641 1669 5642 -1,
1660 1669 5641 -1,
5642 1673 5643 -1,
5643 1673 5644 -1,
1669 1673 5642 -1,
1673 1683 5644 -1,
5644 1690 5645 -1,
1683 1690 5644 -1,
5645 1699 5646 -1,
1690 1699 5645 -1,
5646 1708 5647 -1,
1699 1708 5646 -1,
1708 1714 5647 -1,
5647 1714 5648 -1,
1714 1723 5648 -1,
5648 1723 5649 -1,
1723 1728 5649 -1,
5649 1728 5650 -1,
1728 1734 5650 -1,
5650 1734 5651 -1,
5651 1739 5652 -1,
1734 1739 5651 -1,
5652 1744 5653 -1,
1739 1744 5652 -1,
5653 1750 5654 -1,
1744 1750 5653 -1,
5654 1757 5655 -1,
1750 1757 5654 -1,
5655 1759 5656 -1,
5656 1759 5657 -1,
1757 1759 5655 -1,
1759 1764 5657 -1,
5657 1767 5658 -1,
5658 1767 5659 -1,
1764 1767 5657 -1,
1767 1773 5659 -1,
5659 1776 5660 -1,
1773 1776 5659 -1,
5660 1780 5661 -1,
1776 1780 5660 -1,
5661 1785 5662 -1,
1780 1785 5661 -1,
5662 1789 5663 -1,
5663 1789 5664 -1,
1785 1789 5662 -1,
1789 1793 5664 -1,
5664 1798 5665 -1,
1793 1798 5664 -1,
5665 1800 5666 -1,
5666 1800 5667 -1,
1798 1800 5665 -1,
1800 1805 5667 -1,
5667 1809 5668 -1,
5668 1809 5669 -1,
1805 1809 5667 -1,
1809 1811 5669 -1,
5669 1814 5670 -1,
1811 1814 5669 -1,
5670 1821 5671 -1,
1814 1821 5670 -1,
1821 1822 5671 -1,
5671 1822 5672 -1,
1822 1829 5672 -1,
5672 1829 5673 -1,
1829 1831 5673 -1,
5673 1831 5674 -1,
1831 1836 5674 -1,
5674 1836 5675 -1,
1836 1839 5675 -1,
5675 1839 5676 -1,
1839 1844 5676 -1,
5676 1844 5677 -1,
1844 1846 5677 -1,
5677 1846 5678 -1,
5678 1846 5679 -1,
1846 1853 5679 -1,
1853 1855 5679 -1,
5679 1855 5680 -1,
5680 1855 5681 -1,
1855 3330 5681 -1,
3330 3329 5681 -1,
5681 3329 5682 -1,
3329 3328 5682 -1,
5682 3328 5683 -1,
5683 3328 5684 -1,
3328 3327 5684 -1,
5684 3326 5685 -1,
3327 3326 5684 -1,
5685 3320 5560 -1,
3326 3320 5685 -1,
3309 3310 5686 -1,
5686 3310 5687 -1,
5687 3311 5688 -1,
3310 3311 5687 -1,
5688 3312 5689 -1,
3311 3312 5688 -1,
5689 3313 5690 -1,
3312 3313 5689 -1,
5690 3314 5691 -1,
5691 3314 5692 -1,
3313 3314 5690 -1,
5692 2311 5693 -1,
3314 2311 5692 -1,
2311 2309 5693 -1,
5693 2302 5694 -1,
2309 2302 5693 -1,
5694 2301 5695 -1,
2302 2301 5694 -1,
5695 2292 5696 -1,
2301 2292 5695 -1,
2292 2291 5696 -1,
5696 2291 5697 -1,
2291 2289 5697 -1,
5697 2289 5698 -1,
2289 2286 5698 -1,
5698 2286 5699 -1,
2286 2280 5699 -1,
5699 2280 5700 -1,
2280 2275 5700 -1,
5700 2275 5701 -1,
2275 2271 5701 -1,
5701 2271 5702 -1,
2271 2269 5702 -1,
5702 2269 5703 -1,
2269 2265 5703 -1,
5703 2265 5704 -1,
2265 2258 5704 -1,
5704 2258 5705 -1,
2258 2257 5705 -1,
5705 2257 5706 -1,
5706 2257 5707 -1,
2257 2251 5707 -1,
2251 2249 5707 -1,
5707 2249 5708 -1,
5708 2242 5709 -1,
2249 2242 5708 -1,
5709 2241 5710 -1,
2242 2241 5709 -1,
5710 2241 5711 -1,
2241 2235 5711 -1,
5711 2229 5712 -1,
2235 2229 5711 -1,
5712 2228 5713 -1,
2229 2228 5712 -1,
5713 2226 5714 -1,
2228 2226 5713 -1,
5714 2222 5715 -1,
2226 2222 5714 -1,
5715 2217 5716 -1,
5716 2217 5717 -1,
2222 2217 5715 -1,
2217 2214 5717 -1,
5717 2203 5718 -1,
5718 2203 5719 -1,
2214 2203 5717 -1,
2203 2198 5719 -1,
5719 2197 5720 -1,
2198 2197 5719 -1,
5720 2190 5721 -1,
2197 2190 5720 -1,
5721 2184 5722 -1,
2190 2184 5721 -1,
2184 2179 5722 -1,
5722 2179 5723 -1,
2179 2171 5723 -1,
5723 2171 5724 -1,
2171 2161 5724 -1,
5724 2161 5725 -1,
5725 2161 5726 -1,
2161 2154 5726 -1,
2154 2147 5726 -1,
5726 2147 5727 -1,
2147 2134 5727 -1,
5727 2134 5728 -1,
2134 2133 5728 -1,
5728 2133 5729 -1,
5729 2133 5730 -1,
2133 2123 5730 -1,
2123 2110 5730 -1,
5730 2110 5731 -1,
2110 2109 5731 -1,
5731 2109 5732 -1,
2109 2097 5732 -1,
5732 2097 5733 -1,
2097 2099 5733 -1,
5733 2099 5734 -1,
2099 2100 5734 -1,
5734 2100 5735 -1,
2100 2117 5735 -1,
5735 2117 5736 -1,
2117 2125 5736 -1,
5736 2125 5737 -1,
2125 2136 5737 -1,
5737 2136 5738 -1,
5738 2136 5739 -1,
2136 2145 5739 -1,
2145 2152 5739 -1,
5739 2152 5740 -1,
2152 2159 5740 -1,
5740 2159 5741 -1,
5741 2159 5742 -1,
2159 2165 5742 -1,
2165 2175 5742 -1,
5742 2175 5743 -1,
5743 2181 5744 -1,
2175 2181 5743 -1,
5744 2182 5745 -1,
2181 2182 5744 -1,
5745 2193 5746 -1,
2182 2193 5745 -1,
5746 2200 5747 -1,
2193 2200 5746 -1,
2200 2201 5747 -1,
5747 2201 5748 -1,
2201 3282 5748 -1,
5748 3282 5749 -1,
3282 1976 5749 -1,
5749 1976 5750 -1,
1976 1970 5750 -1,
5750 1970 5751 -1,
1970 1965 5751 -1,
5751 1965 5752 -1,
1965 1958 5752 -1,
5752 1958 5753 -1,
1958 1952 5753 -1,
5753 1952 5754 -1,
1952 1947 5754 -1,
5754 1947 5755 -1,
1947 1937 5755 -1,
5755 1937 5756 -1,
1937 1932 5756 -1,
5756 1932 5757 -1,
1932 1923 5757 -1,
5757 1923 5758 -1,
1923 1913 5758 -1,
5758 1913 5759 -1,
5759 1913 5760 -1,
1913 1908 5760 -1,
5760 1899 5761 -1,
1908 1899 5760 -1,
5761 1891 5762 -1,
1899 1891 5761 -1,
5762 1883 5763 -1,
5763 1883 5764 -1,
1891 1883 5762 -1,
1883 1873 5764 -1,
5764 1875 5765 -1,
1873 1875 5764 -1,
5765 1877 5766 -1,
5766 1877 5767 -1,
1875 1877 5765 -1,
1877 1887 5767 -1,
5767 1895 5768 -1,
1887 1895 5767 -1,
5768 1901 5769 -1,
5769 1901 5770 -1,
1895 1901 5768 -1,
1901 1911 5770 -1,
5770 1919 5771 -1,
1911 1919 5770 -1,
5771 1928 5772 -1,
1919 1928 5771 -1,
5772 1935 5773 -1,
1928 1935 5772 -1,
1935 1940 5773 -1,
5773 1940 5774 -1,
1940 1951 5774 -1,
5774 1951 5775 -1,
1951 1956 5775 -1,
5775 1956 5776 -1,
1956 1962 5776 -1,
5776 1962 5777 -1,
5777 1967 5778 -1,
1962 1967 5777 -1,
5778 1972 5779 -1,
1967 1972 5778 -1,
5779 1978 5780 -1,
1972 1978 5779 -1,
5780 1986 5781 -1,
1978 1986 5780 -1,
5781 1988 5782 -1,
5782 1988 5783 -1,
1986 1988 5781 -1,
1988 1992 5783 -1,
5783 1994 5784 -1,
5784 1994 5785 -1,
1992 1994 5783 -1,
1994 2001 5785 -1,
5785 2003 5786 -1,
2001 2003 5785 -1,
5786 2008 5787 -1,
2003 2008 5786 -1,
5787 2014 5788 -1,
2008 2014 5787 -1,
5788 2016 5789 -1,
5789 2016 5790 -1,
2014 2016 5788 -1,
2016 2021 5790 -1,
5790 2024 5791 -1,
2021 2024 5790 -1,
5791 2027 5792 -1,
5792 2027 5793 -1,
2024 2027 5791 -1,
2027 2032 5793 -1,
5793 2036 5794 -1,
5794 2036 5795 -1,
2032 2036 5793 -1,
2036 2038 5795 -1,
5795 2042 5796 -1,
2038 2042 5795 -1,
5796 2049 5797 -1,
2042 2049 5796 -1,
2049 2051 5797 -1,
5797 2051 5798 -1,
2051 2057 5798 -1,
5798 2057 5799 -1,
2057 2060 5799 -1,
5799 2060 5800 -1,
2060 2064 5800 -1,
5800 2064 5801 -1,
2064 2067 5801 -1,
5801 2067 5802 -1,
2067 2072 5802 -1,
5802 2072 5803 -1,
2072 2075 5803 -1,
5803 2075 5804 -1,
5804 2075 5805 -1,
2075 2081 5805 -1,
2081 2083 5805 -1,
5805 2083 5806 -1,
5806 2083 5807 -1,
2083 3319 5807 -1,
3319 3318 5807 -1,
5807 3318 5808 -1,
3318 3317 5808 -1,
5808 3317 5809 -1,
5809 3317 5810 -1,
3317 3316 5810 -1,
5810 3315 5811 -1,
3316 3315 5810 -1,
5811 3309 5686 -1,
3315 3309 5811 -1,
3298 3299 5812 -1,
5812 3299 5813 -1,
5813 3300 5814 -1,
3299 3300 5813 -1,
5814 3301 5815 -1,
3300 3301 5814 -1,
5815 3302 5816 -1,
3301 3302 5815 -1,
5816 3303 5817 -1,
5817 3303 5818 -1,
3302 3303 5816 -1,
5818 2540 5819 -1,
3303 2540 5818 -1,
2540 2536 5819 -1,
5819 2528 5820 -1,
2536 2528 5819 -1,
5820 2527 5821 -1,
2528 2527 5820 -1,
5821 2520 5822 -1,
2527 2520 5821 -1,
2520 2519 5822 -1,
5822 2519 5823 -1,
2519 2512 5823 -1,
5823 2512 5824 -1,
2512 2511 5824 -1,
5824 2511 5825 -1,
2511 2508 5825 -1,
5825 2508 5826 -1,
2508 2503 5826 -1,
5826 2503 5827 -1,
2503 2500 5827 -1,
5827 2500 5828 -1,
2500 2498 5828 -1,
5828 2498 5829 -1,
2498 2491 5829 -1,
5829 2491 5830 -1,
2491 2488 5830 -1,
5830 2488 5831 -1,
2488 2480 5831 -1,
5831 2480 5832 -1,
5832 2480 5833 -1,
2480 2478 5833 -1,
2478 2473 5833 -1,
5833 2473 5834 -1,
5834 2472 5835 -1,
2473 2472 5834 -1,
5835 2465 5836 -1,
2472 2465 5835 -1,
5836 2465 5837 -1,
2465 2464 5837 -1,
5837 2457 5838 -1,
2464 2457 5837 -1,
5838 2456 5839 -1,
2457 2456 5838 -1,
5839 2452 5840 -1,
2456 2452 5839 -1,
5840 2447 5841 -1,
2452 2447 5840 -1,
5841 2443 5842 -1,
5842 2443 5843 -1,
2447 2443 5841 -1,
2443 2440 5843 -1,
5843 2438 5844 -1,
5844 2438 5845 -1,
2440 2438 5843 -1,
2438 2429 5845 -1,
5845 2426 5846 -1,
2429 2426 5845 -1,
5846 2417 5847 -1,
2426 2417 5846 -1,
5847 2411 5848 -1,
2417 2411 5847 -1,
2411 2400 5848 -1,
5848 2400 5849 -1,
2400 2399 5849 -1,
5849 2399 5850 -1,
2399 2390 5850 -1,
5850 2390 5851 -1,
5851 2390 5852 -1,
2390 2382 5852 -1,
2382 2375 5852 -1,
5852 2375 5853 -1,
2375 2366 5853 -1,
5853 2366 5854 -1,
2366 2350 5854 -1,
5854 2350 5855 -1,
5855 2350 5856 -1,
2350 2345 5856 -1,
2345 2344 5856 -1,
5856 2344 5857 -1,
2344 2337 5857 -1,
5857 2337 5858 -1,
2337 2325 5858 -1,
5858 2325 5859 -1,
2325 2327 5859 -1,
5859 2327 5860 -1,
2327 2328 5860 -1,
5860 2328 5861 -1,
2328 2347 5861 -1,
5861 2347 5862 -1,
2347 2354 5862 -1,
5862 2354 5863 -1,
2354 2361 5863 -1,
5863 2361 5864 -1,
5864 2361 5865 -1,
2361 2372 5865 -1,
2372 2373 5865 -1,
5865 2373 5866 -1,
2373 2388 5866 -1,
5866 2388 5867 -1,
5867 2388 5868 -1,
2388 2395 5868 -1,
2395 2404 5868 -1,
5868 2404 5869 -1,
5869 2409 5870 -1,
2404 2409 5869 -1,
5870 2415 5871 -1,
2409 2415 5870 -1,
5871 2422 5872 -1,
2415 2422 5871 -1,
5872 2423 5873 -1,
2422 2423 5872 -1,
2423 2433 5873 -1,
5873 2433 5874 -1,
2433 2714 5874 -1,
5874 2714 5875 -1,
2714 2206 5875 -1,
5875 2206 5876 -1,
2206 2199 5876 -1,
5876 2199 5877 -1,
2199 2192 5877 -1,
5877 2192 5878 -1,
2192 2188 5878 -1,
5878 2188 5879 -1,
2188 2180 5879 -1,
5879 2180 5880 -1,
2180 2174 5880 -1,
5880 2174 5881 -1,
2174 2164 5881 -1,
5881 2164 5882 -1,
2164 2158 5882 -1,
5882 2158 5883 -1,
2158 2151 5883 -1,
5883 2151 5884 -1,
2151 2144 5884 -1,
5884 2144 5885 -1,
5885 2144 5886 -1,
2144 2135 5886 -1,
5886 2124 5887 -1,
2135 2124 5886 -1,
5887 2116 5888 -1,
2124 2116 5887 -1,
5888 2112 5889 -1,
5889 2112 5890 -1,
2116 2112 5888 -1,
2112 2096 5890 -1,
5890 2098 5891 -1,
2096 2098 5890 -1,
5891 2108 5892 -1,
5892 2108 5893 -1,
2098 2108 5891 -1,
2108 2115 5893 -1,
5893 2122 5894 -1,
2115 2122 5893 -1,
5894 2132 5895 -1,
5895 2132 5896 -1,
2122 2132 5894 -1,
2132 2140 5896 -1,
5896 2146 5897 -1,
2140 2146 5896 -1,
5897 2153 5898 -1,
2146 2153 5897 -1,
5898 2160 5899 -1,
2153 2160 5898 -1,
2160 2170 5899 -1,
5899 2170 5900 -1,
2170 2178 5900 -1,
5900 2178 5901 -1,
2178 2183 5901 -1,
5901 2183 5902 -1,
2183 2189 5902 -1,
5902 2189 5903 -1,
5903 2196 5904 -1,
2189 2196 5903 -1,
5904 2202 5905 -1,
2196 2202 5904 -1,
5905 2210 5906 -1,
2202 2210 5905 -1,
5906 2213 5907 -1,
2210 2213 5906 -1,
5907 2216 5908 -1,
5908 2216 5909 -1,
2213 2216 5907 -1,
2216 2221 5909 -1,
5909 2225 5910 -1,
5910 2225 5911 -1,
2221 2225 5909 -1,
2225 2227 5911 -1,
5911 2234 5912 -1,
2227 2234 5911 -1,
5912 2236 5913 -1,
2234 2236 5912 -1,
5913 2240 5914 -1,
2236 2240 5913 -1,
5914 2245 5915 -1,
5915 2245 5916 -1,
2240 2245 5914 -1,
2245 2248 5916 -1,
5916 2250 5917 -1,
2248 2250 5916 -1,
5917 2256 5918 -1,
5918 2256 5919 -1,
2250 2256 5917 -1,
2256 2261 5919 -1,
5919 2264 5920 -1,
5920 2264 5921 -1,
2261 2264 5919 -1,
2264 2268 5921 -1,
5921 2270 5922 -1,
2268 2270 5921 -1,
5922 2274 5923 -1,
2270 2274 5922 -1,
2274 2279 5923 -1,
5923 2279 5924 -1,
2279 2285 5924 -1,
5924 2285 5925 -1,
2285 2288 5925 -1,
5925 2288 5926 -1,
2288 2290 5926 -1,
5926 2290 5927 -1,
2290 2296 5927 -1,
5927 2296 5928 -1,
2296 2300 5928 -1,
5928 2300 5929 -1,
2300 2303 5929 -1,
5929 2303 5930 -1,
5930 2303 5931 -1,
2303 2308 5931 -1,
2308 2310 5931 -1,
5931 2310 5932 -1,
5932 2310 5933 -1,
2310 3308 5933 -1,
3308 3307 5933 -1,
5933 3307 5934 -1,
3307 3306 5934 -1,
5934 3306 5935 -1,
5935 3306 5936 -1,
3306 3305 5936 -1,
5936 3304 5937 -1,
3305 3304 5936 -1,
5937 3298 5812 -1,
3304 3298 5937 -1,
3291 3292 5938 -1,
5938 3292 5939 -1,
5939 2831 5940 -1,
3292 2831 5939 -1,
5940 2830 5941 -1,
2831 2830 5940 -1,
5941 2832 5942 -1,
2830 2832 5941 -1,
5942 2833 5943 -1,
5943 2833 5944 -1,
2832 2833 5942 -1,
5944 2834 5945 -1,
2833 2834 5944 -1,
2834 2835 5945 -1,
5945 2836 5946 -1,
2835 2836 5945 -1,
5946 2837 5947 -1,
2836 2837 5946 -1,
5947 2838 5948 -1,
2837 2838 5947 -1,
2838 2839 5948 -1,
5948 2839 5949 -1,
2839 2840 5949 -1,
5949 2840 5950 -1,
2840 2841 5950 -1,
5950 2841 5951 -1,
2841 2842 5951 -1,
5951 2842 5952 -1,
2842 2843 5952 -1,
5952 2843 5953 -1,
2843 2844 5953 -1,
5953 2844 5954 -1,
2844 2845 5954 -1,
5954 2845 5955 -1,
2845 2846 5955 -1,
5955 2846 5956 -1,
2846 2707 5956 -1,
5956 2707 5957 -1,
2707 2704 5957 -1,
5957 2704 5958 -1,
5958 2704 5959 -1,
2704 2697 5959 -1,
2697 2693 5959 -1,
5959 2693 5960 -1,
5960 2690 5961 -1,
2693 2690 5960 -1,
5961 2682 5962 -1,
2690 2682 5961 -1,
5962 2682 5963 -1,
2682 2681 5963 -1,
5963 2676 5964 -1,
2681 2676 5963 -1,
5964 2675 5965 -1,
2676 2675 5964 -1,
5965 2670 5966 -1,
2675 2670 5965 -1,
5966 2668 5967 -1,
2670 2668 5966 -1,
5967 2661 5968 -1,
5968 2661 5969 -1,
2668 2661 5967 -1,
2661 2660 5969 -1,
5969 2653 5970 -1,
5970 2653 5971 -1,
2660 2653 5969 -1,
2653 2651 5971 -1,
5971 2647 5972 -1,
2651 2647 5971 -1,
5972 2638 5973 -1,
2647 2638 5972 -1,
5973 2637 5974 -1,
2638 2637 5973 -1,
2637 2626 5974 -1,
5974 2626 5975 -1,
2626 2625 5975 -1,
5975 2625 5976 -1,
2625 2614 5976 -1,
5976 2614 5977 -1,
5977 2614 5978 -1,
2614 2613 5978 -1,
2613 2601 5978 -1,
5978 2601 5979 -1,
2601 2596 5979 -1,
5979 2596 5980 -1,
2596 2585 5980 -1,
5980 2585 5981 -1,
5981 2585 5982 -1,
2585 2571 5982 -1,
2571 2570 5982 -1,
5982 2570 5983 -1,
2570 2564 5983 -1,
5983 2564 5984 -1,
2564 2554 5984 -1,
5984 2554 5985 -1,
2554 2553 5985 -1,
5985 2553 5986 -1,
2553 2555 5986 -1,
5986 2555 5987 -1,
2555 2575 5987 -1,
5987 2575 5988 -1,
2575 2582 5988 -1,
5988 2582 5989 -1,
2582 2592 5989 -1,
5989 2592 5990 -1,
5990 2592 5991 -1,
2592 2599 5991 -1,
2599 2608 5991 -1,
5991 2608 5992 -1,
2608 2609 5992 -1,
5992 2609 5993 -1,
5993 2609 5994 -1,
2609 2622 5994 -1,
2622 2630 5994 -1,
5994 2630 5995 -1,
5995 2715 5996 -1,
2630 2715 5995 -1,
5996 2716 5997 -1,
2715 2716 5996 -1,
5997 2717 5998 -1,
2716 2717 5997 -1,
5998 2718 5999 -1,
2717 2718 5998 -1,
2718 2719 5999 -1,
5999 2719 6000 -1,
2719 2720 6000 -1,
6000 2720 6001 -1,
2720 2432 6001 -1,
6001 2432 6002 -1,
2432 2427 6002 -1,
6002 2427 6003 -1,
2427 2421 6003 -1,
6003 2421 6004 -1,
2421 2414 6004 -1,
6004 2414 6005 -1,
2414 2408 6005 -1,
6005 2408 6006 -1,
2408 2403 6006 -1,
6006 2403 6007 -1,
2403 2394 6007 -1,
6007 2394 6008 -1,
2394 2387 6008 -1,
6008 2387 6009 -1,
2387 2377 6009 -1,
6009 2377 6010 -1,
2377 2371 6010 -1,
6010 2371 6011 -1,
6011 2371 6012 -1,
2371 2360 6012 -1,
6012 2353 6013 -1,
2360 2353 6012 -1,
6013 2346 6014 -1,
2353 2346 6013 -1,
6014 2338 6015 -1,
6015 2338 6016 -1,
2346 2338 6014 -1,
2338 2324 6016 -1,
6016 2326 6017 -1,
2324 2326 6016 -1,
6017 2336 6018 -1,
6018 2336 6019 -1,
2326 2336 6017 -1,
2336 2343 6019 -1,
6019 2349 6020 -1,
2343 2349 6019 -1,
6020 2359 6021 -1,
6021 2359 6022 -1,
2349 2359 6020 -1,
2359 2365 6022 -1,
6022 2374 6023 -1,
2365 2374 6022 -1,
6023 2381 6024 -1,
2374 2381 6023 -1,
6024 2389 6025 -1,
2381 2389 6024 -1,
2389 2398 6025 -1,
6025 2398 6026 -1,
2398 2405 6026 -1,
6026 2405 6027 -1,
2405 2410 6027 -1,
6027 2410 6028 -1,
2410 2416 6028 -1,
6028 2416 6029 -1,
6029 2425 6030 -1,
2416 2425 6029 -1,
6030 2428 6031 -1,
2425 2428 6030 -1,
6031 2437 6032 -1,
2428 2437 6031 -1,
6032 2439 6033 -1,
2437 2439 6032 -1,
6033 2442 6034 -1,
6034 2442 6035 -1,
2439 2442 6033 -1,
2442 2446 6035 -1,
6035 2451 6036 -1,
6036 2451 6037 -1,
2446 2451 6035 -1,
2451 2455 6037 -1,
6037 2462 6038 -1,
2455 2462 6037 -1,
6038 2463 6039 -1,
2462 2463 6038 -1,
6039 2470 6040 -1,
2463 2470 6039 -1,
6040 2471 6041 -1,
6041 2471 6042 -1,
2470 2471 6040 -1,
2471 2477 6042 -1,
6042 2479 6043 -1,
2477 2479 6042 -1,
6043 2486 6044 -1,
6044 2486 6045 -1,
2479 2486 6043 -1,
2486 2487 6045 -1,
6045 2490 6046 -1,
6046 2490 6047 -1,
2487 2490 6045 -1,
2490 2497 6047 -1,
6047 2499 6048 -1,
2497 2499 6047 -1,
6048 2502 6049 -1,
2499 2502 6048 -1,
2502 2507 6049 -1,
6049 2507 6050 -1,
2507 2510 6050 -1,
6050 2510 6051 -1,
2510 2516 6051 -1,
6051 2516 6052 -1,
2516 2518 6052 -1,
6052 2518 6053 -1,
2518 2523 6053 -1,
6053 2523 6054 -1,
2523 2526 6054 -1,
6054 2526 6055 -1,
2526 2531 6055 -1,
6055 2531 6056 -1,
6056 2531 6057 -1,
2531 2535 6057 -1,
2535 2539 6057 -1,
6057 2539 6058 -1,
6058 2539 6059 -1,
2539 3297 6059 -1,
3297 3296 6059 -1,
6059 3296 6060 -1,
3296 3295 6060 -1,
6060 3295 6061 -1,
6061 3295 6062 -1,
3295 3294 6062 -1,
6062 3293 6063 -1,
3294 3293 6062 -1,
6063 3291 5938 -1,
3293 3291 6063 -1,
2798 2797 6064 -1,
6064 2797 6065 -1,
6065 2799 6066 -1,
2797 2799 6065 -1,
6066 2800 6067 -1,
2799 2800 6066 -1,
6067 2801 6068 -1,
2800 2801 6067 -1,
6068 2802 6069 -1,
6069 2802 6070 -1,
2801 2802 6068 -1,
6070 2803 6071 -1,
2802 2803 6070 -1,
2803 2805 6071 -1,
6071 2807 6072 -1,
2805 2807 6071 -1,
6072 2809 6073 -1,
2807 2809 6072 -1,
6073 2811 6074 -1,
2809 2811 6073 -1,
2811 2813 6074 -1,
6074 2813 6075 -1,
2813 2815 6075 -1,
6075 2815 6076 -1,
2815 2817 6076 -1,
6076 2817 6077 -1,
2817 2819 6077 -1,
6077 2819 6078 -1,
2819 3181 6078 -1,
6078 3181 6079 -1,
3181 3187 6079 -1,
6079 3187 6080 -1,
3187 3191 6080 -1,
6080 3191 6081 -1,
3191 3195 6081 -1,
6081 3195 6082 -1,
3195 3199 6082 -1,
6082 3199 6083 -1,
3199 3203 6083 -1,
6083 3203 6084 -1,
6084 3203 6085 -1,
3203 3204 6085 -1,
3204 3211 6085 -1,
6085 3211 6086 -1,
6086 3212 6087 -1,
3211 3212 6086 -1,
6087 2795 6088 -1,
3212 2795 6087 -1,
6088 2795 6089 -1,
2795 2794 6089 -1,
6089 2793 6090 -1,
2794 2793 6089 -1,
6090 2792 6091 -1,
2793 2792 6090 -1,
6091 2791 6092 -1,
2792 2791 6091 -1,
6092 2790 6093 -1,
2791 2790 6092 -1,
6093 2789 6094 -1,
6094 2789 6095 -1,
2790 2789 6093 -1,
2789 2788 6095 -1,
6095 2787 6096 -1,
6096 2787 6097 -1,
2788 2787 6095 -1,
2787 2784 6097 -1,
6097 2781 6098 -1,
2784 2781 6097 -1,
6098 2779 6099 -1,
2781 2779 6098 -1,
6099 2775 6100 -1,
2779 2775 6099 -1,
2775 2772 6100 -1,
6100 2772 6101 -1,
2772 2770 6101 -1,
6101 2770 6102 -1,
2770 2767 6102 -1,
6102 2767 6103 -1,
6103 2767 6104 -1,
2767 2763 6104 -1,
2763 2760 6104 -1,
6104 2760 6105 -1,
2760 2757 6105 -1,
6105 2757 6106 -1,
2757 2754 6106 -1,
6106 2754 6107 -1,
6107 2754 6108 -1,
2754 2752 6108 -1,
2752 2748 6108 -1,
6108 2748 6109 -1,
2748 2745 6109 -1,
6109 2745 6110 -1,
2745 2742 6110 -1,
6110 2742 6111 -1,
2742 2722 6111 -1,
6111 2722 6112 -1,
2722 2721 6112 -1,
6112 2721 6113 -1,
2721 2723 6113 -1,
6113 2723 6114 -1,
2723 2724 6114 -1,
6114 2724 6115 -1,
2724 2725 6115 -1,
6115 2725 6116 -1,
6116 2725 6117 -1,
2725 2726 6117 -1,
2726 2727 6117 -1,
6117 2727 6118 -1,
2727 2728 6118 -1,
6118 2728 6119 -1,
6119 2728 6120 -1,
2728 2729 6120 -1,
2729 2730 6120 -1,
6120 2730 6121 -1,
6121 2731 6122 -1,
2730 2731 6121 -1,
6122 2732 6123 -1,
2731 2732 6122 -1,
6123 2733 6124 -1,
2732 2733 6123 -1,
6124 2734 6125 -1,
2733 2734 6124 -1,
2734 2735 6125 -1,
6125 2735 6126 -1,
2735 2736 6126 -1,
6126 2736 6127 -1,
2736 2737 6127 -1,
6127 2737 6128 -1,
2737 2738 6128 -1,
6128 2738 6129 -1,
2738 2739 6129 -1,
6129 2739 6130 -1,
2739 2740 6130 -1,
6130 2740 6131 -1,
2740 2741 6131 -1,
6131 2741 6132 -1,
2741 2629 6132 -1,
6132 2629 6133 -1,
2629 2621 6133 -1,
6133 2621 6134 -1,
2621 2615 6134 -1,
6134 2615 6135 -1,
2615 2607 6135 -1,
6135 2607 6136 -1,
2607 2598 6136 -1,
6136 2598 6137 -1,
6137 2598 6138 -1,
2598 2591 6138 -1,
6138 2581 6139 -1,
2591 2581 6138 -1,
6139 2574 6140 -1,
2581 2574 6139 -1,
6140 2565 6141 -1,
6141 2565 6142 -1,
2574 2565 6140 -1,
2565 2552 6142 -1,
6142 2556 6143 -1,
2552 2556 6142 -1,
6143 2563 6144 -1,
6144 2563 6145 -1,
2556 2563 6143 -1,
2563 2569 6145 -1,
6145 2580 6146 -1,
2569 2580 6145 -1,
6146 2584 6147 -1,
6147 2584 6148 -1,
2580 2584 6146 -1,
2584 2595 6148 -1,
6148 2600 6149 -1,
2595 2600 6148 -1,
6149 2612 6150 -1,
2600 2612 6149 -1,
6150 2618 6151 -1,
2612 2618 6150 -1,
2618 2624 6151 -1,
6151 2624 6152 -1,
2624 2635 6152 -1,
6152 2635 6153 -1,
2635 2636 6153 -1,
6153 2636 6154 -1,
2636 2641 6154 -1,
6154 2641 6155 -1,
6155 2646 6156 -1,
2641 2646 6155 -1,
6156 2650 6157 -1,
2646 2650 6156 -1,
6157 2652 6158 -1,
2650 2652 6157 -1,
6158 2659 6159 -1,
2652 2659 6158 -1,
6159 2663 6160 -1,
6160 2663 6161 -1,
2659 2663 6159 -1,
2663 2667 6161 -1,
6161 2669 6162 -1,
6162 2669 6163 -1,
2667 2669 6161 -1,
2669 2674 6163 -1,
6163 2679 6164 -1,
2674 2679 6163 -1,
6164 2680 6165 -1,
2679 2680 6164 -1,
6165 2685 6166 -1,
2680 2685 6165 -1,
6166 2689 6167 -1,
6167 2689 6168 -1,
2685 2689 6166 -1,
2689 2692 6168 -1,
6168 2696 6169 -1,
2692 2696 6168 -1,
6169 2703 6170 -1,
6170 2703 6171 -1,
2696 2703 6169 -1,
2703 2706 6171 -1,
6171 2804 6172 -1,
6172 2804 6173 -1,
2706 2804 6171 -1,
2804 2806 6173 -1,
6173 2808 6174 -1,
2806 2808 6173 -1,
6174 2810 6175 -1,
2808 2810 6174 -1,
2810 2812 6175 -1,
6175 2812 6176 -1,
2812 2814 6176 -1,
6176 2814 6177 -1,
2814 2816 6177 -1,
6177 2816 6178 -1,
2816 2818 6178 -1,
6178 2818 6179 -1,
2818 2820 6179 -1,
6179 2820 6180 -1,
2820 2821 6180 -1,
6180 2821 6181 -1,
2821 2822 6181 -1,
6181 2822 6182 -1,
6182 2822 6183 -1,
2822 2823 6183 -1,
2823 2824 6183 -1,
6183 2824 6184 -1,
6184 2824 6185 -1,
2824 2825 6185 -1,
2825 2826 6185 -1,
6185 2826 6186 -1,
2826 2827 6186 -1,
6186 2827 6187 -1,
6187 2827 6188 -1,
2827 2828 6188 -1,
6188 2829 6189 -1,
2828 2829 6188 -1,
6189 2798 6064 -1,
2829 2798 6189 -1,
301 3540 3541 -1,
301 3541 52 -1,
3540 301 3543 -1,
3543 301 3075 -1,
52 3541 3542 -1,
52 3542 2796 -1,
3543 3075 3542 -1,
3542 3075 2796 -1,
3286 2323 6190 -1,
6190 2323 6191 -1,
6191 2321 6192 -1,
2323 2321 6191 -1,
6192 2319 6193 -1,
2321 2319 6192 -1,
6193 2317 6194 -1,
2319 2317 6193 -1,
6194 2315 6195 -1,
6195 2315 6196 -1,
2317 2315 6194 -1,
6196 2313 6197 -1,
2315 2313 6196 -1,
2313 2306 6197 -1,
6197 2305 6198 -1,
2306 2305 6197 -1,
6198 2298 6199 -1,
2305 2298 6198 -1,
6199 2295 6200 -1,
2298 2295 6199 -1,
2295 2294 6200 -1,
6200 2294 6201 -1,
2294 2284 6201 -1,
6201 2284 6202 -1,
2284 2283 6202 -1,
6202 2283 6203 -1,
2283 2278 6203 -1,
6203 2278 6204 -1,
2278 2277 6204 -1,
6204 2277 6205 -1,
2277 2273 6205 -1,
6205 2273 6206 -1,
2273 2267 6206 -1,
6206 2267 6207 -1,
2267 2263 6207 -1,
6207 2263 6208 -1,
2263 2260 6208 -1,
6208 2260 6209 -1,
2260 2254 6209 -1,
6209 2254 6210 -1,
6210 2254 6211 -1,
2254 2253 6211 -1,
2253 2247 6211 -1,
6211 2247 6212 -1,
6212 2244 6213 -1,
2247 2244 6212 -1,
6213 2238 6214 -1,
2244 2238 6213 -1,
6214 2238 6215 -1,
2238 2233 6215 -1,
6215 2232 6216 -1,
2233 2232 6215 -1,
6216 2224 6217 -1,
2232 2224 6216 -1,
6217 2220 6218 -1,
2224 2220 6217 -1,
6218 2219 6219 -1,
2220 2219 6218 -1,
6219 2212 6220 -1,
6220 2212 6221 -1,
2219 2212 6219 -1,
2212 2209 6221 -1,
6221 2208 6222 -1,
6222 2208 6223 -1,
2209 2208 6221 -1,
2208 2205 6223 -1,
6223 2195 6224 -1,
2205 2195 6223 -1,
6224 2187 6225 -1,
2195 2187 6224 -1,
6225 2186 6226 -1,
2187 2186 6225 -1,
2186 2177 6226 -1,
6226 2177 6227 -1,
2177 2169 6227 -1,
6227 2169 6228 -1,
2169 2163 6228 -1,
6228 2163 6229 -1,
6229 2163 6230 -1,
2163 2149 6230 -1,
2149 2139 6230 -1,
6230 2139 6231 -1,
2139 2131 6231 -1,
6231 2131 6232 -1,
2131 2130 6232 -1,
6232 2130 6233 -1,
6233 2130 6234 -1,
2130 2121 6234 -1,
2121 2114 6234 -1,
6234 2114 6235 -1,
2114 2107 6235 -1,
6235 2107 6236 -1,
2107 2102 6236 -1,
6236 2102 6237 -1,
2102 2104 6237 -1,
6237 2104 6238 -1,
2104 2105 6238 -1,
6238 2105 6239 -1,
2105 2119 6239 -1,
6239 2119 6240 -1,
2119 2127 6240 -1,
6240 2127 6241 -1,
2127 2128 6241 -1,
6241 2128 6242 -1,
6242 2128 6243 -1,
2128 2142 6243 -1,
2142 2143 6243 -1,
6243 2143 6244 -1,
2143 2157 6244 -1,
6244 2157 6245 -1,
6245 2157 6246 -1,
2157 2167 6246 -1,
2167 2173 6246 -1,
6246 2173 6247 -1,
6247 3487 6248 -1,
2173 3487 6247 -1,
6248 3486 6249 -1,
3487 3486 6248 -1,
6249 3485 6250 -1,
3486 3485 6249 -1,
6250 3484 6251 -1,
3485 3484 6250 -1,
3484 3483 6251 -1,
6251 3483 6252 -1,
3483 3482 6252 -1,
6252 3482 6253 -1,
3482 3477 6253 -1,
6253 3477 6254 -1,
3477 3478 6254 -1,
6254 3478 6255 -1,
3478 3479 6255 -1,
6255 3479 6256 -1,
3479 3480 6256 -1,
6256 3480 6257 -1,
3480 3481 6257 -1,
6257 3481 6258 -1,
3481 1945 6258 -1,
6258 1945 6259 -1,
1945 1939 6259 -1,
6259 1939 6260 -1,
1939 1930 6260 -1,
6260 1930 6261 -1,
1930 1921 6261 -1,
6261 1921 6262 -1,
1921 1915 6262 -1,
6262 1915 6263 -1,
6263 1915 6264 -1,
1915 1905 6264 -1,
6264 1898 6265 -1,
1905 1898 6264 -1,
6265 1888 6266 -1,
1898 1888 6265 -1,
6266 1882 6267 -1,
6267 1882 6268 -1,
1888 1882 6266 -1,
1882 1868 6268 -1,
6268 1872 6269 -1,
1868 1872 6268 -1,
6269 1880 6270 -1,
6270 1880 6271 -1,
1872 1880 6269 -1,
1880 1885 6271 -1,
6271 1893 6272 -1,
1885 1893 6271 -1,
6272 1902 6273 -1,
6273 1902 6274 -1,
1893 1902 6272 -1,
1902 1910 6274 -1,
6274 1917 6275 -1,
1910 1917 6274 -1,
6275 1926 6276 -1,
1917 1926 6275 -1,
6276 1933 6277 -1,
1926 1933 6276 -1,
1933 1943 6277 -1,
6277 1943 6278 -1,
1943 1949 6278 -1,
6278 1949 6279 -1,
1949 1954 6279 -1,
6279 1954 6280 -1,
1954 1960 6280 -1,
6280 1960 6281 -1,
6281 1968 6282 -1,
1960 1968 6281 -1,
6282 1974 6283 -1,
1968 1974 6282 -1,
6283 1981 6284 -1,
1974 1981 6283 -1,
6284 1984 6285 -1,
1981 1984 6284 -1,
6285 1987 6286 -1,
6286 1987 6287 -1,
1984 1987 6285 -1,
1987 1990 6287 -1,
6287 1997 6288 -1,
6288 1997 6289 -1,
1990 1997 6287 -1,
1997 2000 6289 -1,
6289 2004 6290 -1,
2000 2004 6289 -1,
6290 2007 6291 -1,
2004 2007 6290 -1,
6291 2011 6292 -1,
2007 2011 6291 -1,
6292 2015 6293 -1,
6293 2015 6294 -1,
2011 2015 6292 -1,
2015 2019 6294 -1,
6294 2022 6295 -1,
2019 2022 6294 -1,
6295 2028 6296 -1,
6296 2028 6297 -1,
2022 2028 6295 -1,
2028 2030 6297 -1,
6297 2034 6298 -1,
6298 2034 6299 -1,
2030 2034 6297 -1,
2034 2040 6299 -1,
6299 2044 6300 -1,
2040 2044 6299 -1,
6300 2046 6301 -1,
2044 2046 6300 -1,
2046 2053 6301 -1,
6301 2053 6302 -1,
2053 2054 6302 -1,
6302 2054 6303 -1,
2054 2061 6303 -1,
6303 2061 6304 -1,
2061 2062 6304 -1,
6304 2062 6305 -1,
2062 2068 6305 -1,
6305 2068 6306 -1,
2068 2070 6306 -1,
6306 2070 6307 -1,
2070 2076 6307 -1,
6307 2076 6308 -1,
6308 2076 6309 -1,
2076 2079 6309 -1,
2079 2085 6309 -1,
6309 2085 6310 -1,
6310 2085 6311 -1,
2085 2086 6311 -1,
2086 2088 6311 -1,
6311 2088 6312 -1,
2088 2091 6312 -1,
6312 2091 6313 -1,
6313 2091 6314 -1,
2091 2092 6314 -1,
6314 2094 6315 -1,
2092 2094 6314 -1,
6315 3286 6190 -1,
2094 3286 6315 -1,
3285 2551 6316 -1,
6316 2551 6317 -1,
6317 2549 6318 -1,
2551 2549 6317 -1,
6318 2546 6319 -1,
2549 2546 6318 -1,
6319 2545 6320 -1,
2546 2545 6319 -1,
6320 2543 6321 -1,
6321 2543 6322 -1,
2545 2543 6320 -1,
6322 2538 6323 -1,
2543 2538 6322 -1,
2538 2534 6323 -1,
6323 2533 6324 -1,
2534 2533 6323 -1,
6324 2530 6325 -1,
2533 2530 6324 -1,
6325 2525 6326 -1,
2530 2525 6325 -1,
2525 2522 6326 -1,
6326 2522 6327 -1,
2522 2515 6327 -1,
6327 2515 6328 -1,
2515 2514 6328 -1,
6328 2514 6329 -1,
2514 2506 6329 -1,
6329 2506 6330 -1,
2506 2505 6330 -1,
6330 2505 6331 -1,
2505 2496 6331 -1,
6331 2496 6332 -1,
2496 2495 6332 -1,
6332 2495 6333 -1,
2495 2493 6333 -1,
6333 2493 6334 -1,
2493 2485 6334 -1,
6334 2485 6335 -1,
2485 2484 6335 -1,
6335 2484 6336 -1,
6336 2484 6337 -1,
2484 2482 6337 -1,
2482 2476 6337 -1,
6337 2476 6338 -1,
6338 2469 6339 -1,
2476 2469 6338 -1,
6339 2468 6340 -1,
2469 2468 6339 -1,
6340 2468 6341 -1,
2468 2461 6341 -1,
6341 2460 6342 -1,
2461 2460 6341 -1,
6342 2454 6343 -1,
2460 2454 6342 -1,
6343 2450 6344 -1,
2454 2450 6343 -1,
6344 2449 6345 -1,
2450 2449 6344 -1,
6345 2445 6346 -1,
6346 2445 6347 -1,
2449 2445 6345 -1,
2445 2436 6347 -1,
6347 2435 6348 -1,
6348 2435 6349 -1,
2436 2435 6347 -1,
2435 2431 6349 -1,
6349 2420 6350 -1,
2431 2420 6349 -1,
6350 2419 6351 -1,
2420 2419 6350 -1,
6351 2413 6352 -1,
2419 2413 6351 -1,
2413 2407 6352 -1,
6352 2407 6353 -1,
2407 2397 6353 -1,
6353 2397 6354 -1,
2397 2392 6354 -1,
6354 2392 6355 -1,
6355 2392 6356 -1,
2392 2384 6356 -1,
2384 2369 6356 -1,
6356 2369 6357 -1,
2369 2368 6357 -1,
6357 2368 6358 -1,
2368 2358 6358 -1,
6358 2358 6359 -1,
6359 2358 6360 -1,
2358 2352 6360 -1,
2352 2342 6360 -1,
6360 2342 6361 -1,
2342 2335 6361 -1,
6361 2335 6362 -1,
2335 2331 6362 -1,
6362 2331 6363 -1,
2331 2330 6363 -1,
6363 2330 6364 -1,
2330 2332 6364 -1,
6364 2332 6365 -1,
2332 2340 6365 -1,
6365 2340 6366 -1,
2340 2356 6366 -1,
6366 2356 6367 -1,
2356 2363 6367 -1,
6367 2363 6368 -1,
6368 2363 6369 -1,
2363 2364 6369 -1,
2364 2379 6369 -1,
6369 2379 6370 -1,
2379 2380 6370 -1,
6370 2380 6371 -1,
6371 2380 6372 -1,
2380 2386 6372 -1,
2386 2402 6372 -1,
6372 2402 6373 -1,
6373 3498 6374 -1,
2402 3498 6373 -1,
6374 3497 6375 -1,
3498 3497 6374 -1,
6375 3496 6376 -1,
3497 3496 6375 -1,
6376 3495 6377 -1,
3496 3495 6376 -1,
3495 3494 6377 -1,
6377 3494 6378 -1,
3494 3493 6378 -1,
6378 3493 6379 -1,
3493 3488 6379 -1,
6379 3488 6380 -1,
3488 3489 6380 -1,
6380 3489 6381 -1,
3489 3490 6381 -1,
6381 3490 6382 -1,
3490 3491 6382 -1,
6382 3491 6383 -1,
3491 3492 6383 -1,
6383 3492 6384 -1,
3492 2172 6384 -1,
6384 2172 6385 -1,
2172 2166 6385 -1,
6385 2166 6386 -1,
2166 2156 6386 -1,
6386 2156 6387 -1,
2156 2150 6387 -1,
6387 2150 6388 -1,
2150 2141 6388 -1,
6388 2141 6389 -1,
6389 2141 6390 -1,
2141 2137 6390 -1,
6390 2126 6391 -1,
2137 2126 6390 -1,
6391 2118 6392 -1,
2126 2118 6391 -1,
6392 2111 6393 -1,
6393 2111 6394 -1,
2118 2111 6392 -1,
2111 2101 6394 -1,
6394 2103 6395 -1,
2101 2103 6394 -1,
6395 2106 6396 -1,
6396 2106 6397 -1,
2103 2106 6395 -1,
2106 2113 6397 -1,
6397 2120 6398 -1,
2113 2120 6397 -1,
6398 2129 6399 -1,
6399 2129 6400 -1,
2120 2129 6398 -1,
2129 2138 6400 -1,
6400 2148 6401 -1,
2138 2148 6400 -1,
6401 2155 6402 -1,
2148 2155 6401 -1,
6402 2162 6403 -1,
2155 2162 6402 -1,
2162 2168 6403 -1,
6403 2168 6404 -1,
2168 2176 6404 -1,
6404 2176 6405 -1,
2176 2185 6405 -1,
6405 2185 6406 -1,
2185 2191 6406 -1,
6406 2191 6407 -1,
6407 2194 6408 -1,
2191 2194 6407 -1,
6408 2204 6409 -1,
2194 2204 6408 -1,
6409 2207 6410 -1,
2204 2207 6409 -1,
6410 2211 6411 -1,
2207 2211 6410 -1,
6411 2215 6412 -1,
6412 2215 6413 -1,
2211 2215 6411 -1,
2215 2218 6413 -1,
6413 2223 6414 -1,
6414 2223 6415 -1,
2218 2223 6413 -1,
2223 2230 6415 -1,
6415 2231 6416 -1,
2230 2231 6415 -1,
6416 2237 6417 -1,
2231 2237 6416 -1,
6417 2239 6418 -1,
2237 2239 6417 -1,
6418 2243 6419 -1,
6419 2243 6420 -1,
2239 2243 6418 -1,
2243 2246 6420 -1,
6420 2252 6421 -1,
2246 2252 6420 -1,
6421 2255 6422 -1,
6422 2255 6423 -1,
2252 2255 6421 -1,
2255 2259 6423 -1,
6423 2262 6424 -1,
6424 2262 6425 -1,
2259 2262 6423 -1,
2262 2266 6425 -1,
6425 2272 6426 -1,
2266 2272 6425 -1,
6426 2276 6427 -1,
2272 2276 6426 -1,
2276 2281 6427 -1,
6427 2281 6428 -1,
2281 2282 6428 -1,
6428 2282 6429 -1,
2282 2287 6429 -1,
6429 2287 6430 -1,
2287 2293 6430 -1,
6430 2293 6431 -1,
2293 2297 6431 -1,
6431 2297 6432 -1,
2297 2299 6432 -1,
6432 2299 6433 -1,
2299 2304 6433 -1,
6433 2304 6434 -1,
6434 2304 6435 -1,
2304 2307 6435 -1,
2307 2312 6435 -1,
6435 2312 6436 -1,
6436 2312 6437 -1,
2312 2314 6437 -1,
2314 2316 6437 -1,
6437 2316 6438 -1,
2316 2318 6438 -1,
6438 2318 6439 -1,
6439 2318 6440 -1,
2318 2320 6440 -1,
6440 2322 6441 -1,
2320 2322 6440 -1,
6441 3285 6316 -1,
2322 3285 6441 -1,
3284 2786 6442 -1,
6442 2786 6443 -1,
6443 2783 6444 -1,
2786 2783 6443 -1,
6444 2778 6445 -1,
2783 2778 6444 -1,
6445 2777 6446 -1,
2778 2777 6445 -1,
6446 2774 6447 -1,
6447 2774 6448 -1,
2777 2774 6446 -1,
6448 2769 6449 -1,
2774 2769 6448 -1,
2769 2766 6449 -1,
6449 2765 6450 -1,
2766 2765 6449 -1,
6450 2762 6451 -1,
2765 2762 6450 -1,
6451 2759 6452 -1,
2762 2759 6451 -1,
2759 2756 6452 -1,
6452 2756 6453 -1,
2756 2751 6453 -1,
6453 2751 6454 -1,
2751 2750 6454 -1,
6454 2750 6455 -1,
2750 2747 6455 -1,
6455 2747 6456 -1,
2747 2744 6456 -1,
6456 2744 6457 -1,
2744 2713 6457 -1,
6457 2713 6458 -1,
2713 2710 6458 -1,
6458 2710 6459 -1,
2710 2709 6459 -1,
6459 2709 6460 -1,
2709 2702 6460 -1,
6460 2702 6461 -1,
2702 2701 6461 -1,
6461 2701 6462 -1,
6462 2701 6463 -1,
2701 2699 6463 -1,
2699 2695 6463 -1,
6463 2695 6464 -1,
6464 2688 6465 -1,
2695 2688 6464 -1,
6465 2687 6466 -1,
2688 2687 6465 -1,
6466 2687 6467 -1,
2687 2684 6467 -1,
6467 2678 6468 -1,
2684 2678 6467 -1,
6468 2672 6469 -1,
2678 2672 6468 -1,
6469 2666 6470 -1,
2672 2666 6469 -1,
6470 2665 6471 -1,
2666 2665 6470 -1,
6471 2658 6472 -1,
6472 2658 6473 -1,
2665 2658 6471 -1,
2658 2656 6473 -1,
6473 2655 6474 -1,
6474 2655 6475 -1,
2656 2655 6473 -1,
2655 2649 6475 -1,
6475 2644 6476 -1,
2649 2644 6475 -1,
6476 2643 6477 -1,
2644 2643 6476 -1,
6477 2640 6478 -1,
2643 2640 6477 -1,
2640 2634 6478 -1,
6478 2634 6479 -1,
2634 2628 6479 -1,
6479 2628 6480 -1,
2628 2620 6480 -1,
6480 2620 6481 -1,
6481 2620 6482 -1,
2620 2611 6482 -1,
2611 2603 6482 -1,
6482 2603 6483 -1,
2603 2594 6483 -1,
6483 2594 6484 -1,
2594 2587 6484 -1,
6484 2587 6485 -1,
6485 2587 6486 -1,
2587 2579 6486 -1,
2579 2573 6486 -1,
6486 2573 6487 -1,
2573 2562 6487 -1,
6487 2562 6488 -1,
2562 2559 6488 -1,
6488 2559 6489 -1,
2559 2558 6489 -1,
6489 2558 6490 -1,
2558 2567 6490 -1,
6490 2567 6491 -1,
2567 2568 6491 -1,
6491 2568 6492 -1,
2568 2577 6492 -1,
6492 2577 6493 -1,
2577 2589 6493 -1,
6493 2589 6494 -1,
6494 2589 6495 -1,
2589 2590 6495 -1,
2590 2605 6495 -1,
6495 2605 6496 -1,
2605 2606 6496 -1,
6496 2606 6497 -1,
6497 2606 6498 -1,
2606 2617 6498 -1,
2617 2632 6498 -1,
6498 2632 6499 -1,
6499 3509 6500 -1,
2632 3509 6499 -1,
6500 3508 6501 -1,
3509 3508 6500 -1,
6501 3507 6502 -1,
3508 3507 6501 -1,
6502 3506 6503 -1,
3507 3506 6502 -1,
3506 3505 6503 -1,
6503 3505 6504 -1,
3505 3504 6504 -1,
6504 3504 6505 -1,
3504 3499 6505 -1,
6505 3499 6506 -1,
3499 3500 6506 -1,
6506 3500 6507 -1,
3500 3501 6507 -1,
6507 3501 6508 -1,
3501 3502 6508 -1,
6508 3502 6509 -1,
3502 3503 6509 -1,
6509 3503 6510 -1,
3503 2401 6510 -1,
6510 2401 6511 -1,
2401 2393 6511 -1,
6511 2393 6512 -1,
2393 2385 6512 -1,
6512 2385 6513 -1,
2385 2378 6513 -1,
6513 2378 6514 -1,
2378 2370 6514 -1,
6514 2370 6515 -1,
6515 2370 6516 -1,
2370 2362 6516 -1,
6516 2355 6517 -1,
2362 2355 6516 -1,
6517 2348 6518 -1,
2355 2348 6517 -1,
6518 2339 6519 -1,
6519 2339 6520 -1,
2348 2339 6518 -1,
2339 2329 6520 -1,
6520 2333 6521 -1,
2329 2333 6520 -1,
6521 2334 6522 -1,
6522 2334 6523 -1,
2333 2334 6521 -1,
2334 2341 6523 -1,
6523 2351 6524 -1,
2341 2351 6523 -1,
6524 2357 6525 -1,
6525 2357 6526 -1,
2351 2357 6524 -1,
2357 2367 6526 -1,
6526 2376 6527 -1,
2367 2376 6526 -1,
6527 2383 6528 -1,
2376 2383 6527 -1,
6528 2391 6529 -1,
2383 2391 6528 -1,
2391 2396 6529 -1,
6529 2396 6530 -1,
2396 2406 6530 -1,
6530 2406 6531 -1,
2406 2412 6531 -1,
6531 2412 6532 -1,
2412 2418 6532 -1,
6532 2418 6533 -1,
6533 2424 6534 -1,
2418 2424 6533 -1,
6534 2430 6535 -1,
2424 2430 6534 -1,
6535 2434 6536 -1,
2430 2434 6535 -1,
6536 2441 6537 -1,
2434 2441 6536 -1,
6537 2444 6538 -1,
6538 2444 6539 -1,
2441 2444 6537 -1,
2444 2448 6539 -1,
6539 2453 6540 -1,
6540 2453 6541 -1,
2448 2453 6539 -1,
2453 2458 6541 -1,
6541 2459 6542 -1,
2458 2459 6541 -1,
6542 2466 6543 -1,
2459 2466 6542 -1,
6543 2467 6544 -1,
2466 2467 6543 -1,
6544 2474 6545 -1,
6545 2474 6546 -1,
2467 2474 6544 -1,
2474 2475 6546 -1,
6546 2481 6547 -1,
2475 2481 6546 -1,
6547 2483 6548 -1,
6548 2483 6549 -1,
2481 2483 6547 -1,
2483 2489 6549 -1,
6549 2492 6550 -1,
6550 2492 6551 -1,
2489 2492 6549 -1,
2492 2494 6551 -1,
6551 2501 6552 -1,
2494 2501 6551 -1,
6552 2504 6553 -1,
2501 2504 6552 -1,
2504 2509 6553 -1,
6553 2509 6554 -1,
2509 2513 6554 -1,
6554 2513 6555 -1,
2513 2517 6555 -1,
6555 2517 6556 -1,
2517 2521 6556 -1,
6556 2521 6557 -1,
2521 2524 6557 -1,
6557 2524 6558 -1,
2524 2529 6558 -1,
6558 2529 6559 -1,
2529 2532 6559 -1,
6559 2532 6560 -1,
6560 2532 6561 -1,
2532 2537 6561 -1,
2537 2541 6561 -1,
6561 2541 6562 -1,
6562 2541 6563 -1,
2541 2542 6563 -1,
2542 2544 6563 -1,
6563 2544 6564 -1,
2544 2547 6564 -1,
6564 2547 6565 -1,
6565 2547 6566 -1,
2547 2548 6566 -1,
6566 2550 6567 -1,
2548 2550 6566 -1,
6567 3284 6442 -1,
2550 3284 6567 -1,
3283 2960 6568 -1,
6568 2960 6569 -1,
6569 2958 6570 -1,
2960 2958 6569 -1,
6570 2955 6571 -1,
2958 2955 6570 -1,
6571 2954 6572 -1,
2955 2954 6571 -1,
6572 2952 6573 -1,
6573 2952 6574 -1,
2954 2952 6572 -1,
6574 2950 6575 -1,
2952 2950 6574 -1,
2950 2947 6575 -1,
6575 2946 6576 -1,
2947 2946 6575 -1,
6576 2943 6577 -1,
2946 2943 6576 -1,
6577 2941 6578 -1,
2943 2941 6577 -1,
2941 2940 6578 -1,
6578 2940 6579 -1,
2940 2937 6579 -1,
6579 2937 6580 -1,
2937 2936 6580 -1,
6580 2936 6581 -1,
2936 2934 6581 -1,
6581 2934 6582 -1,
2934 2932 6582 -1,
6582 2932 6583 -1,
2932 2930 6583 -1,
6583 2930 6584 -1,
2930 2928 6584 -1,
6584 2928 6585 -1,
2928 2926 6585 -1,
6585 2926 6586 -1,
2926 2924 6586 -1,
6586 2924 6587 -1,
2924 2922 6587 -1,
6587 2922 6588 -1,
6588 2922 6589 -1,
2922 2919 6589 -1,
2919 2918 6589 -1,
6589 2918 6590 -1,
6590 2916 6591 -1,
2918 2916 6590 -1,
6591 2913 6592 -1,
2916 2913 6591 -1,
6592 2913 6593 -1,
2913 2911 6593 -1,
6593 2910 6594 -1,
2911 2910 6593 -1,
6594 2907 6595 -1,
2910 2907 6594 -1,
6595 2906 6596 -1,
2907 2906 6595 -1,
6596 2904 6597 -1,
2906 2904 6596 -1,
6597 2901 6598 -1,
6598 2901 6599 -1,
2904 2901 6597 -1,
2901 2899 6599 -1,
6599 2898 6600 -1,
6600 2898 6601 -1,
2899 2898 6599 -1,
2898 2896 6601 -1,
6601 2894 6602 -1,
2896 2894 6601 -1,
6602 2891 6603 -1,
2894 2891 6602 -1,
6603 2890 6604 -1,
2891 2890 6603 -1,
2890 2888 6604 -1,
6604 2888 6605 -1,
2888 2884 6605 -1,
6605 2884 6606 -1,
2884 2880 6606 -1,
6606 2880 6607 -1,
6607 2880 6608 -1,
2880 2876 6608 -1,
2876 2872 6608 -1,
6608 2872 6609 -1,
2872 2868 6609 -1,
6609 2868 6610 -1,
2868 2865 6610 -1,
6610 2865 6611 -1,
6611 2865 6612 -1,
2865 2860 6612 -1,
2860 2857 6612 -1,
6612 2857 6613 -1,
2857 2853 6613 -1,
6613 2853 6614 -1,
2853 2848 6614 -1,
6614 2848 6615 -1,
2848 2850 6615 -1,
6615 2850 6616 -1,
2850 2851 6616 -1,
6616 2851 6617 -1,
2851 2855 6617 -1,
6617 2855 6618 -1,
2855 2862 6618 -1,
6618 2862 6619 -1,
2862 2863 6619 -1,
6619 2863 6620 -1,
6620 2863 6621 -1,
2863 2870 6621 -1,
2870 2874 6621 -1,
6621 2874 6622 -1,
2874 2878 6622 -1,
6622 2878 6623 -1,
6623 2878 6624 -1,
2878 2882 6624 -1,
2882 2886 6624 -1,
6624 2886 6625 -1,
6625 3520 6626 -1,
2886 3520 6625 -1,
6626 3519 6627 -1,
3520 3519 6626 -1,
6627 3518 6628 -1,
3519 3518 6627 -1,
6628 3517 6629 -1,
3518 3517 6628 -1,
3517 3516 6629 -1,
6629 3516 6630 -1,
3516 3515 6630 -1,
6630 3515 6631 -1,
3515 3510 6631 -1,
6631 3510 6632 -1,
3510 3511 6632 -1,
6632 3511 6633 -1,
3511 3512 6633 -1,
6633 3512 6634 -1,
3512 3513 6634 -1,
6634 3513 6635 -1,
3513 3514 6635 -1,
6635 3514 6636 -1,
3514 2631 6636 -1,
6636 2631 6637 -1,
2631 2623 6637 -1,
6637 2623 6638 -1,
2623 2616 6638 -1,
6638 2616 6639 -1,
2616 2604 6639 -1,
6639 2604 6640 -1,
2604 2597 6640 -1,
6640 2597 6641 -1,
6641 2597 6642 -1,
2597 2588 6642 -1,
6642 2583 6643 -1,
2588 2583 6642 -1,
6643 2576 6644 -1,
2583 2576 6643 -1,
6644 2566 6645 -1,
6645 2566 6646 -1,
2576 2566 6644 -1,
2566 2557 6646 -1,
6646 2560 6647 -1,
2557 2560 6646 -1,
6647 2561 6648 -1,
6648 2561 6649 -1,
2560 2561 6647 -1,
2561 2572 6649 -1,
6649 2578 6650 -1,
2572 2578 6649 -1,
6650 2586 6651 -1,
6651 2586 6652 -1,
2578 2586 6650 -1,
2586 2593 6652 -1,
6652 2602 6653 -1,
2593 2602 6652 -1,
6653 2610 6654 -1,
2602 2610 6653 -1,
6654 2619 6655 -1,
2610 2619 6654 -1,
2619 2627 6655 -1,
6655 2627 6656 -1,
2627 2633 6656 -1,
6656 2633 6657 -1,
2633 2639 6657 -1,
6657 2639 6658 -1,
2639 2642 6658 -1,
6658 2642 6659 -1,
6659 2645 6660 -1,
2642 2645 6659 -1,
6660 2648 6661 -1,
2645 2648 6660 -1,
6661 2654 6662 -1,
2648 2654 6661 -1,
6662 2657 6663 -1,
2654 2657 6662 -1,
6663 2662 6664 -1,
6664 2662 6665 -1,
2657 2662 6663 -1,
2662 2664 6665 -1,
6665 2671 6666 -1,
6666 2671 6667 -1,
2664 2671 6665 -1,
2671 2673 6667 -1,
6667 2677 6668 -1,
2673 2677 6667 -1,
6668 2683 6669 -1,
2677 2683 6668 -1,
6669 2686 6670 -1,
2683 2686 6669 -1,
6670 2691 6671 -1,
6671 2691 6672 -1,
2686 2691 6670 -1,
2691 2694 6672 -1,
6672 2698 6673 -1,
2694 2698 6672 -1,
6673 2700 6674 -1,
6674 2700 6675 -1,
2698 2700 6673 -1,
2700 2705 6675 -1,
6675 2708 6676 -1,
6676 2708 6677 -1,
2705 2708 6675 -1,
2708 2711 6677 -1,
6677 2712 6678 -1,
2711 2712 6677 -1,
6678 2743 6679 -1,
2712 2743 6678 -1,
2743 2746 6679 -1,
6679 2746 6680 -1,
2746 2749 6680 -1,
6680 2749 6681 -1,
2749 2753 6681 -1,
6681 2753 6682 -1,
2753 2755 6682 -1,
6682 2755 6683 -1,
2755 2758 6683 -1,
6683 2758 6684 -1,
2758 2761 6684 -1,
6684 2761 6685 -1,
2761 2764 6685 -1,
6685 2764 6686 -1,
6686 2764 6687 -1,
2764 2768 6687 -1,
2768 2771 6687 -1,
6687 2771 6688 -1,
6688 2771 6689 -1,
2771 2773 6689 -1,
2773 2776 6689 -1,
6689 2776 6690 -1,
2776 2780 6690 -1,
6690 2780 6691 -1,
6691 2780 6692 -1,
2780 2782 6692 -1,
6692 2785 6693 -1,
2782 2785 6692 -1,
6693 3283 6568 -1,
2785 3283 6693 -1,
3243 3074 6694 -1,
6694 3074 6695 -1,
6695 3072 6696 -1,
3074 3072 6695 -1,
6696 3069 6697 -1,
3072 3069 6696 -1,
6697 3068 6698 -1,
3069 3068 6697 -1,
6698 3066 6699 -1,
6699 3066 6700 -1,
3068 3066 6698 -1,
6700 3063 6701 -1,
3066 3063 6700 -1,
3063 3062 6701 -1,
6701 3060 6702 -1,
3062 3060 6701 -1,
6702 3058 6703 -1,
3060 3058 6702 -1,
6703 3056 6704 -1,
3058 3056 6703 -1,
3056 3054 6704 -1,
6704 3054 6705 -1,
3054 3051 6705 -1,
6705 3051 6706 -1,
3051 3050 6706 -1,
6706 3050 6707 -1,
3050 3047 6707 -1,
6707 3047 6708 -1,
3047 3046 6708 -1,
6708 3046 6709 -1,
3046 3044 6709 -1,
6709 3044 6710 -1,
3044 3041 6710 -1,
6710 3041 6711 -1,
3041 3040 6711 -1,
6711 3040 6712 -1,
3040 3038 6712 -1,
6712 3038 6713 -1,
3038 3036 6713 -1,
6713 3036 6714 -1,
6714 3036 6715 -1,
3036 3034 6715 -1,
3034 3032 6715 -1,
6715 3032 6716 -1,
6716 3029 6717 -1,
3032 3029 6716 -1,
6717 3028 6718 -1,
3029 3028 6717 -1,
6718 3028 6719 -1,
3028 3026 6719 -1,
6719 3023 6720 -1,
3026 3023 6719 -1,
6720 3021 6721 -1,
3023 3021 6720 -1,
6721 3020 6722 -1,
3021 3020 6721 -1,
6722 3018 6723 -1,
3020 3018 6722 -1,
6723 3015 6724 -1,
6724 3015 6725 -1,
3018 3015 6723 -1,
3015 3013 6725 -1,
6725 3012 6726 -1,
6726 3012 6727 -1,
3013 3012 6725 -1,
3012 3010 6727 -1,
6727 3007 6728 -1,
3010 3007 6727 -1,
6728 3006 6729 -1,
3007 3006 6728 -1,
6729 3004 6730 -1,
3006 3004 6729 -1,
3004 3002 6730 -1,
6730 3002 6731 -1,
3002 2998 6731 -1,
6731 2998 6732 -1,
2998 2995 6732 -1,
6732 2995 6733 -1,
6733 2995 6734 -1,
2995 2991 6734 -1,
2991 2987 6734 -1,
6734 2987 6735 -1,
2987 2983 6735 -1,
6735 2983 6736 -1,
2983 2978 6736 -1,
6736 2978 6737 -1,
6737 2978 6738 -1,
2978 2974 6738 -1,
2974 2971 6738 -1,
6738 2971 6739 -1,
2971 2966 6739 -1,
6739 2966 6740 -1,
2966 2962 6740 -1,
6740 2962 6741 -1,
2962 2964 6741 -1,
6741 2964 6742 -1,
2964 2968 6742 -1,
6742 2968 6743 -1,
2968 2969 6743 -1,
6743 2969 6744 -1,
2969 2976 6744 -1,
6744 2976 6745 -1,
2976 2980 6745 -1,
6745 2980 6746 -1,
6746 2980 6747 -1,
2980 2981 6747 -1,
2981 2985 6747 -1,
6747 2985 6748 -1,
2985 2989 6748 -1,
6748 2989 6749 -1,
6749 2989 6750 -1,
2989 2993 6750 -1,
2993 3000 6750 -1,
6750 3000 6751 -1,
6751 3531 6752 -1,
3000 3531 6751 -1,
6752 3530 6753 -1,
3531 3530 6752 -1,
6753 3529 6754 -1,
3530 3529 6753 -1,
6754 3528 6755 -1,
3529 3528 6754 -1,
3528 3527 6755 -1,
6755 3527 6756 -1,
3527 3526 6756 -1,
6756 3526 6757 -1,
3526 3525 6757 -1,
6757 3525 6758 -1,
3525 3521 6758 -1,
6758 3521 6759 -1,
3521 3522 6759 -1,
6759 3522 6760 -1,
3522 3523 6760 -1,
6760 3523 6761 -1,
3523 3524 6761 -1,
6761 3524 6762 -1,
3524 2885 6762 -1,
6762 2885 6763 -1,
2885 2881 6763 -1,
6763 2881 6764 -1,
2881 2877 6764 -1,
6764 2877 6765 -1,
2877 2873 6765 -1,
6765 2873 6766 -1,
2873 2869 6766 -1,
6766 2869 6767 -1,
6767 2869 6768 -1,
2869 2866 6768 -1,
6768 2861 6769 -1,
2866 2861 6768 -1,
6769 2858 6770 -1,
2861 2858 6769 -1,
6770 2854 6771 -1,
6771 2854 6772 -1,
2858 2854 6770 -1,
2854 2847 6772 -1,
6772 2849 6773 -1,
2847 2849 6772 -1,
6773 2852 6774 -1,
6774 2852 6775 -1,
2849 2852 6773 -1,
2852 2856 6775 -1,
6775 2859 6776 -1,
2856 2859 6775 -1,
6776 2864 6777 -1,
6777 2864 6778 -1,
2859 2864 6776 -1,
2864 2867 6778 -1,
6778 2871 6779 -1,
2867 2871 6778 -1,
6779 2875 6780 -1,
2871 2875 6779 -1,
6780 2879 6781 -1,
2875 2879 6780 -1,
2879 2883 6781 -1,
6781 2883 6782 -1,
2883 2887 6782 -1,
6782 2887 6783 -1,
2887 2889 6783 -1,
6783 2889 6784 -1,
2889 2892 6784 -1,
6784 2892 6785 -1,
6785 2893 6786 -1,
2892 2893 6785 -1,
6786 2895 6787 -1,
2893 2895 6786 -1,
6787 2897 6788 -1,
2895 2897 6787 -1,
6788 2900 6789 -1,
2897 2900 6788 -1,
6789 2902 6790 -1,
6790 2902 6791 -1,
2900 2902 6789 -1,
2902 2903 6791 -1,
6791 2905 6792 -1,
6792 2905 6793 -1,
2903 2905 6791 -1,
2905 2908 6793 -1,
6793 2909 6794 -1,
2908 2909 6793 -1,
6794 2912 6795 -1,
2909 2912 6794 -1,
6795 2914 6796 -1,
2912 2914 6795 -1,
6796 2915 6797 -1,
6797 2915 6798 -1,
2914 2915 6796 -1,
2915 2917 6798 -1,
6798 2920 6799 -1,
2917 2920 6798 -1,
6799 2921 6800 -1,
6800 2921 6801 -1,
2920 2921 6799 -1,
2921 2923 6801 -1,
6801 2925 6802 -1,
6802 2925 6803 -1,
2923 2925 6801 -1,
2925 2927 6803 -1,
6803 2929 6804 -1,
2927 2929 6803 -1,
6804 2931 6805 -1,
2929 2931 6804 -1,
2931 2933 6805 -1,
6805 2933 6806 -1,
2933 2935 6806 -1,
6806 2935 6807 -1,
2935 2938 6807 -1,
6807 2938 6808 -1,
2938 2939 6808 -1,
6808 2939 6809 -1,
2939 2942 6809 -1,
6809 2942 6810 -1,
2942 2944 6810 -1,
6810 2944 6811 -1,
2944 2945 6811 -1,
6811 2945 6812 -1,
6812 2945 6813 -1,
2945 2948 6813 -1,
2948 2949 6813 -1,
6813 2949 6814 -1,
6814 2949 6815 -1,
2949 2951 6815 -1,
2951 2953 6815 -1,
6815 2953 6816 -1,
2953 2956 6816 -1,
6816 2956 6817 -1,
6817 2956 6818 -1,
2956 2957 6818 -1,
6818 2959 6819 -1,
2957 2959 6818 -1,
6819 3243 6694 -1,
2959 3243 6819 -1,
3245 3244 6820 -1,
6820 3244 6821 -1,
6821 3246 6822 -1,
3244 3246 6821 -1,
6822 3247 6823 -1,
3246 3247 6822 -1,
6823 3248 6824 -1,
3247 3248 6823 -1,
6824 3249 6825 -1,
6825 3249 6826 -1,
3248 3249 6824 -1,
6826 3221 6827 -1,
3249 3221 6826 -1,
3221 3220 6827 -1,
6827 3217 6828 -1,
3220 3217 6827 -1,
6828 3214 6829 -1,
3217 3214 6828 -1,
6829 3209 6830 -1,
3214 3209 6829 -1,
3209 3206 6830 -1,
6830 3206 6831 -1,
3206 3201 6831 -1,
6831 3201 6832 -1,
3201 3197 6832 -1,
6832 3197 6833 -1,
3197 3193 6833 -1,
6833 3193 6834 -1,
3193 3189 6834 -1,
6834 3189 6835 -1,
3189 3185 6835 -1,
6835 3185 6836 -1,
3185 3179 6836 -1,
6836 3179 6837 -1,
3179 3178 6837 -1,
6837 3178 6838 -1,
3178 3175 6838 -1,
6838 3175 6839 -1,
3175 3170 6839 -1,
6839 3170 6840 -1,
6840 3170 6841 -1,
3170 3169 6841 -1,
3169 3164 6841 -1,
6841 3164 6842 -1,
6842 3161 6843 -1,
3164 3161 6842 -1,
6843 3160 6844 -1,
3161 3160 6843 -1,
6844 3160 6845 -1,
3160 3155 6845 -1,
6845 3154 6846 -1,
3155 3154 6845 -1,
6846 3151 6847 -1,
3154 3151 6846 -1,
6847 3146 6848 -1,
3151 3146 6847 -1,
6848 3145 6849 -1,
3146 3145 6848 -1,
6849 3140 6850 -1,
6850 3140 6851 -1,
3145 3140 6849 -1,
3140 3139 6851 -1,
6851 3136 6852 -1,
6852 3136 6853 -1,
3139 3136 6851 -1,
3136 3133 6853 -1,
6853 3130 6854 -1,
3133 3130 6853 -1,
6854 3127 6855 -1,
3130 3127 6854 -1,
6855 3124 6856 -1,
3127 3124 6855 -1,
3124 3121 6856 -1,
6856 3121 6857 -1,
3121 3118 6857 -1,
6857 3118 6858 -1,
3118 3115 6858 -1,
6858 3115 6859 -1,
6859 3115 6860 -1,
3115 3112 6860 -1,
3112 3107 6860 -1,
6860 3107 6861 -1,
3107 3106 6861 -1,
6861 3106 6862 -1,
3106 3101 6862 -1,
6862 3101 6863 -1,
6863 3101 6864 -1,
3101 3091 6864 -1,
3091 3090 6864 -1,
6864 3090 6865 -1,
3090 3092 6865 -1,
6865 3092 6866 -1,
3092 3093 6866 -1,
6866 3093 6867 -1,
3093 3077 6867 -1,
6867 3077 6868 -1,
3077 3076 6868 -1,
6868 3076 6869 -1,
3076 3078 6869 -1,
6869 3078 6870 -1,
3078 3079 6870 -1,
6870 3079 6871 -1,
3079 3080 6871 -1,
6871 3080 6872 -1,
6872 3080 6873 -1,
3080 3081 6873 -1,
3081 3082 6873 -1,
6873 3082 6874 -1,
3082 3083 6874 -1,
6874 3083 6875 -1,
6875 3083 6876 -1,
3083 3084 6876 -1,
3084 3085 6876 -1,
6876 3085 6877 -1,
6877 3086 6878 -1,
3085 3086 6877 -1,
6878 3087 6879 -1,
3086 3087 6878 -1,
6879 3088 6880 -1,
3087 3088 6879 -1,
6880 3089 6881 -1,
3088 3089 6880 -1,
3089 3538 6881 -1,
6881 3538 6882 -1,
3538 3537 6882 -1,
6882 3537 6883 -1,
3537 3536 6883 -1,
6883 3536 6884 -1,
3536 3532 6884 -1,
6884 3532 6885 -1,
3532 3533 6885 -1,
6885 3533 6886 -1,
3533 3534 6886 -1,
6886 3534 6887 -1,
3534 3535 6887 -1,
6887 3535 6888 -1,
3535 2999 6888 -1,
6888 2999 6889 -1,
2999 2996 6889 -1,
6889 2996 6890 -1,
2996 2992 6890 -1,
6890 2992 6891 -1,
2992 2988 6891 -1,
6891 2988 6892 -1,
2988 2984 6892 -1,
6892 2984 6893 -1,
6893 2984 6894 -1,
2984 2979 6894 -1,
6894 2975 6895 -1,
2979 2975 6894 -1,
6895 2972 6896 -1,
2975 2972 6895 -1,
6896 2967 6897 -1,
6897 2967 6898 -1,
2972 2967 6896 -1,
2967 2961 6898 -1,
6898 2963 6899 -1,
2961 2963 6898 -1,
6899 2965 6900 -1,
6900 2965 6901 -1,
2963 2965 6899 -1,
2965 2970 6901 -1,
6901 2973 6902 -1,
2970 2973 6901 -1,
6902 2977 6903 -1,
6903 2977 6904 -1,
2973 2977 6902 -1,
2977 2982 6904 -1,
6904 2986 6905 -1,
2982 2986 6904 -1,
6905 2990 6906 -1,
2986 2990 6905 -1,
6906 2994 6907 -1,
2990 2994 6906 -1,
2994 2997 6907 -1,
6907 2997 6908 -1,
2997 3001 6908 -1,
6908 3001 6909 -1,
3001 3003 6909 -1,
6909 3003 6910 -1,
3003 3005 6910 -1,
6910 3005 6911 -1,
6911 3008 6912 -1,
3005 3008 6911 -1,
6912 3009 6913 -1,
3008 3009 6912 -1,
6913 3011 6914 -1,
3009 3011 6913 -1,
6914 3014 6915 -1,
3011 3014 6914 -1,
6915 3016 6916 -1,
6916 3016 6917 -1,
3014 3016 6915 -1,
3016 3017 6917 -1,
6917 3019 6918 -1,
6918 3019 6919 -1,
3017 3019 6917 -1,
3019 3022 6919 -1,
6919 3024 6920 -1,
3022 3024 6919 -1,
6920 3025 6921 -1,
3024 3025 6920 -1,
6921 3027 6922 -1,
3025 3027 6921 -1,
6922 3030 6923 -1,
6923 3030 6924 -1,
3027 3030 6922 -1,
3030 3031 6924 -1,
6924 3033 6925 -1,
3031 3033 6924 -1,
6925 3035 6926 -1,
6926 3035 6927 -1,
3033 3035 6925 -1,
3035 3037 6927 -1,
6927 3039 6928 -1,
6928 3039 6929 -1,
3037 3039 6927 -1,
3039 3042 6929 -1,
6929 3043 6930 -1,
3042 3043 6929 -1,
6930 3045 6931 -1,
3043 3045 6930 -1,
3045 3048 6931 -1,
6931 3048 6932 -1,
3048 3049 6932 -1,
6932 3049 6933 -1,
3049 3052 6933 -1,
6933 3052 6934 -1,
3052 3053 6934 -1,
6934 3053 6935 -1,
3053 3055 6935 -1,
6935 3055 6936 -1,
3055 3057 6936 -1,
6936 3057 6937 -1,
3057 3059 6937 -1,
6937 3059 6938 -1,
6938 3059 6939 -1,
3059 3061 6939 -1,
3061 3064 6939 -1,
6939 3064 6940 -1,
6940 3064 6941 -1,
3064 3065 6941 -1,
3065 3067 6941 -1,
6941 3067 6942 -1,
3067 3070 6942 -1,
6942 3070 6943 -1,
6943 3070 6944 -1,
3070 3071 6944 -1,
6944 3073 6945 -1,
3071 3073 6944 -1,
6945 3245 6820 -1,
3073 3245 6945 -1,
3228 3250 6946 -1,
6946 3250 6947 -1,
6947 3251 6948 -1,
3250 3251 6947 -1,
6948 3252 6949 -1,
3251 3252 6948 -1,
6949 3253 6950 -1,
3252 3253 6949 -1,
6950 3254 6951 -1,
6951 3254 6952 -1,
3253 3254 6950 -1,
6952 3255 6953 -1,
3254 3255 6952 -1,
3255 3256 6953 -1,
6953 3257 6954 -1,
3256 3257 6953 -1,
6954 3258 6955 -1,
3257 3258 6954 -1,
6955 3259 6956 -1,
3258 3259 6955 -1,
3259 3260 6956 -1,
6956 3260 6957 -1,
3260 3261 6957 -1,
6957 3261 6958 -1,
3261 3262 6958 -1,
6958 3262 6959 -1,
3262 3263 6959 -1,
6959 3263 6960 -1,
3263 3264 6960 -1,
6960 3264 6961 -1,
3264 3265 6961 -1,
6961 3265 6962 -1,
3265 3266 6962 -1,
6962 3266 6963 -1,
3266 3267 6963 -1,
6963 3267 6964 -1,
3267 3268 6964 -1,
6964 3268 6965 -1,
3268 3270 6965 -1,
6965 3270 6966 -1,
6966 3270 6967 -1,
3270 3272 6967 -1,
3272 3274 6967 -1,
6967 3274 6968 -1,
6968 3227 6969 -1,
3274 3227 6968 -1,
6969 3226 6970 -1,
3227 3226 6969 -1,
6970 3226 6971 -1,
3226 3229 6971 -1,
6971 3230 6972 -1,
3229 3230 6971 -1,
6972 3231 6973 -1,
3230 3231 6972 -1,
6973 3232 6974 -1,
3231 3232 6973 -1,
6974 3233 6975 -1,
3232 3233 6974 -1,
6975 3234 6976 -1,
6976 3234 6977 -1,
3233 3234 6975 -1,
3234 3235 6977 -1,
6977 3236 6978 -1,
6978 3236 6979 -1,
3235 3236 6977 -1,
3236 3237 6979 -1,
6979 3238 6980 -1,
3237 3238 6979 -1,
6980 3239 6981 -1,
3238 3239 6980 -1,
6981 3240 6982 -1,
3239 3240 6981 -1,
3240 3241 6982 -1,
6982 3241 6983 -1,
3241 3242 6983 -1,
6983 3242 6984 -1,
3242 3218 6984 -1,
6984 3218 6985 -1,
6985 3218 6986 -1,
3218 3215 6986 -1,
3215 3210 6986 -1,
6986 3210 6987 -1,
3210 3207 6987 -1,
6987 3207 6988 -1,
3207 3202 6988 -1,
6988 3202 6989 -1,
6989 3202 6990 -1,
3202 3198 6990 -1,
3198 3194 6990 -1,
6990 3194 6991 -1,
3194 3190 6991 -1,
6991 3190 6992 -1,
3190 3186 6992 -1,
6992 3186 6993 -1,
3186 3183 6993 -1,
6993 3183 6994 -1,
3183 3180 6994 -1,
6994 3180 6995 -1,
3180 3176 6995 -1,
6995 3176 6996 -1,
3176 3173 6996 -1,
6996 3173 6997 -1,
3173 3171 6997 -1,
6997 3171 6998 -1,
6998 3171 6999 -1,
3171 3167 6999 -1,
3167 3165 6999 -1,
6999 3165 7000 -1,
3165 3162 7000 -1,
7000 3162 7001 -1,
7001 3162 7002 -1,
3162 3158 7002 -1,
3158 3156 7002 -1,
7002 3156 7003 -1,
7003 3152 7004 -1,
3156 3152 7003 -1,
7004 3149 7005 -1,
3152 3149 7004 -1,
7005 3147 7006 -1,
3149 3147 7005 -1,
7006 3143 7007 -1,
3147 3143 7006 -1,
3143 3141 7007 -1,
7007 3141 7008 -1,
3141 3137 7008 -1,
7008 3137 7009 -1,
3137 3134 7009 -1,
7009 3134 7010 -1,
3134 3131 7010 -1,
7010 3131 7011 -1,
3131 3128 7011 -1,
7011 3128 7012 -1,
3128 3125 7012 -1,
7012 3125 7013 -1,
3125 3122 7013 -1,
7013 3122 7014 -1,
3122 3119 7014 -1,
7014 3119 7015 -1,
3119 3116 7015 -1,
7015 3116 7016 -1,
3116 3113 7016 -1,
7016 3113 7017 -1,
3113 3110 7017 -1,
7017 3110 7018 -1,
3110 3108 7018 -1,
7018 3108 7019 -1,
7019 3108 7020 -1,
3108 3104 7020 -1,
7020 3102 7021 -1,
3104 3102 7020 -1,
7021 3099 7022 -1,
3102 3099 7021 -1,
7022 3097 7023 -1,
7023 3097 7024 -1,
3099 3097 7022 -1,
3097 3094 7024 -1,
7024 3095 7025 -1,
3094 3095 7024 -1,
7025 3096 7026 -1,
7026 3096 7027 -1,
3095 3096 7025 -1,
3096 3098 7027 -1,
7027 3100 7028 -1,
3098 3100 7027 -1,
7028 3103 7029 -1,
7029 3103 7030 -1,
3100 3103 7028 -1,
3103 3105 7030 -1,
7030 3109 7031 -1,
3105 3109 7030 -1,
7031 3111 7032 -1,
3109 3111 7031 -1,
7032 3114 7033 -1,
3111 3114 7032 -1,
3114 3117 7033 -1,
7033 3117 7034 -1,
3117 3120 7034 -1,
7034 3120 7035 -1,
3120 3123 7035 -1,
7035 3123 7036 -1,
3123 3126 7036 -1,
7036 3126 7037 -1,
7037 3129 7038 -1,
3126 3129 7037 -1,
7038 3132 7039 -1,
3129 3132 7038 -1,
7039 3135 7040 -1,
3132 3135 7039 -1,
7040 3138 7041 -1,
3135 3138 7040 -1,
7041 3142 7042 -1,
7042 3142 7043 -1,
3138 3142 7041 -1,
3142 3144 7043 -1,
7043 3148 7044 -1,
7044 3148 7045 -1,
3144 3148 7043 -1,
3148 3150 7045 -1,
7045 3153 7046 -1,
3150 3153 7045 -1,
7046 3157 7047 -1,
3153 3157 7046 -1,
7047 3159 7048 -1,
3157 3159 7047 -1,
7048 3163 7049 -1,
7049 3163 7050 -1,
3159 3163 7048 -1,
3163 3166 7050 -1,
7050 3168 7051 -1,
3166 3168 7050 -1,
7051 3172 7052 -1,
7052 3172 7053 -1,
3168 3172 7051 -1,
3172 3174 7053 -1,
7053 3177 7054 -1,
7054 3177 7055 -1,
3174 3177 7053 -1,
3177 3182 7055 -1,
7055 3184 7056 -1,
3182 3184 7055 -1,
7056 3188 7057 -1,
3184 3188 7056 -1,
3188 3192 7057 -1,
7057 3192 7058 -1,
3192 3196 7058 -1,
7058 3196 7059 -1,
3196 3200 7059 -1,
7059 3200 7060 -1,
3200 3205 7060 -1,
7060 3205 7061 -1,
3205 3208 7061 -1,
7061 3208 7062 -1,
3208 3213 7062 -1,
7062 3213 7063 -1,
3213 3216 7063 -1,
7063 3216 7064 -1,
7064 3216 7065 -1,
3216 3219 7065 -1,
3219 3222 7065 -1,
7065 3222 7066 -1,
7066 3222 7067 -1,
3222 3269 7067 -1,
3269 3271 7067 -1,
7067 3271 7068 -1,
3271 3273 7068 -1,
7068 3273 7069 -1,
7069 3273 7070 -1,
3273 3225 7070 -1,
7070 3224 7071 -1,
3225 3224 7070 -1,
7071 3228 6946 -1,
3224 3228 7071 -1,
3561 3562 3563 -1,
3560 3602 3604 -1,
3560 3557 3558 -1,
3560 3558 3559 -1,
3560 3649 3657 -1,
3560 3568 3579 -1,
3560 3563 3568 -1,
3560 3657 3669 -1,
3560 3644 3649 -1,
3560 3579 3588 -1,
3560 3547 3552 -1,
3560 3595 3596 -1,
3560 3599 3600 -1,
3560 3561 3563 -1,
3560 3600 3601 -1,
3560 3601 3602 -1,
3560 3604 3605 -1,
3560 3605 3606 -1,
3560 3606 3607 -1,
3560 3607 3608 -1,
3560 3608 3609 -1,
3560 3609 3610 -1,
3560 3630 3632 -1,
3560 3610 3611 -1,
3560 3552 3557 -1,
3560 3611 3612 -1,
3560 3612 3613 -1,
3560 3613 3614 -1,
3560 3588 3590 -1,
3560 3614 3615 -1,
3560 3615 3616 -1,
3560 3616 3617 -1,
3560 3617 3618 -1,
3560 3618 3619 -1,
3560 3619 3620 -1,
3560 3620 3621 -1,
3560 3621 3622 -1,
3560 3622 3623 -1,
3560 3623 3624 -1,
3560 3624 3625 -1,
3560 3625 3626 -1,
3560 3626 3627 -1,
3560 3627 3628 -1,
3560 3628 3629 -1,
3560 3629 3630 -1,
3560 3593 3595 -1,
3560 3632 3633 -1,
3560 3633 3634 -1,
3560 3596 3599 -1,
3560 3634 3635 -1,
3560 3635 3636 -1,
3560 3636 3637 -1,
3560 3637 3638 -1,
3560 3638 3639 -1,
3632 3630 3631 -1,
3560 3639 3640 -1,
3560 3640 3641 -1,
3560 3641 3642 -1,
3560 3590 3593 -1,
3560 3669 3547 -1,
3560 3642 3643 -1,
3560 3643 3644 -1,
3602 3603 3604 -1,
3648 3645 3646 -1,
3648 3646 3647 -1,
3649 3644 3645 -1,
3649 3645 3648 -1,
3596 3597 3598 -1,
3596 3598 3599 -1,
3652 3649 3650 -1,
3652 3650 3651 -1,
3593 3594 3595 -1,
3653 3649 3652 -1,
3590 3591 3592 -1,
3590 3592 3593 -1,
3656 3654 3655 -1,
3657 3653 3654 -1,
3657 3649 3653 -1,
3657 3654 3656 -1,
3588 3589 3590 -1,
3660 3657 3658 -1,
3660 3658 3659 -1,
3663 3660 3661 -1,
3663 3661 3662 -1,
3663 3657 3660 -1,
3582 3583 3584 -1,
3582 3584 3585 -1,
3665 3663 3664 -1,
3580 3581 3582 -1,
3579 3580 3582 -1,
3579 3582 3585 -1,
3579 3585 3586 -1,
3579 3586 3587 -1,
3579 3587 3588 -1,
3667 3665 3666 -1,
3667 3657 3663 -1,
3667 3663 3665 -1,
3669 3667 3668 -1,
3669 3657 3667 -1,
3546 3544 3545 -1,
3546 3669 3544 -1,
3547 3669 3546 -1,
3571 3572 3573 -1,
3571 3573 3574 -1,
3550 3547 3548 -1,
3550 3548 3549 -1,
3569 3570 3571 -1,
3568 3569 3571 -1,
3568 3571 3574 -1,
3568 3574 3575 -1,
3568 3575 3576 -1,
3568 3576 3577 -1,
3568 3577 3578 -1,
3568 3578 3579 -1,
3552 3550 3551 -1,
3552 3547 3550 -1,
3554 3552 3553 -1,
3564 3565 3566 -1,
3564 3566 3567 -1,
3556 3554 3555 -1,
3556 3552 3554 -1,
3563 3564 3567 -1,
3563 3567 3568 -1,
3557 3552 3556 -1,
3687 3688 3689 -1,
3686 3728 3730 -1,
3686 3683 3684 -1,
3686 3684 3685 -1,
3686 3775 3783 -1,
3686 3694 3705 -1,
3686 3689 3694 -1,
3686 3783 3795 -1,
3686 3770 3775 -1,
3686 3705 3714 -1,
3686 3673 3678 -1,
3686 3721 3722 -1,
3686 3725 3726 -1,
3686 3687 3689 -1,
3686 3726 3727 -1,
3686 3727 3728 -1,
3686 3730 3731 -1,
3686 3731 3732 -1,
3686 3732 3733 -1,
3686 3733 3734 -1,
3686 3734 3735 -1,
3686 3735 3736 -1,
3686 3756 3758 -1,
3686 3736 3737 -1,
3686 3678 3683 -1,
3686 3737 3738 -1,
3686 3738 3739 -1,
3686 3739 3740 -1,
3686 3714 3716 -1,
3686 3740 3741 -1,
3686 3741 3742 -1,
3686 3742 3743 -1,
3686 3743 3744 -1,
3686 3744 3745 -1,
3686 3745 3746 -1,
3686 3746 3747 -1,
3686 3747 3748 -1,
3686 3748 3749 -1,
3686 3749 3750 -1,
3686 3750 3751 -1,
3686 3751 3752 -1,
3686 3752 3753 -1,
3686 3753 3754 -1,
3686 3754 3755 -1,
3686 3755 3756 -1,
3686 3719 3721 -1,
3686 3758 3759 -1,
3686 3759 3760 -1,
3686 3722 3725 -1,
3686 3760 3761 -1,
3686 3761 3762 -1,
3686 3762 3763 -1,
3686 3763 3764 -1,
3686 3764 3765 -1,
3758 3756 3757 -1,
3686 3765 3766 -1,
3686 3766 3767 -1,
3686 3767 3768 -1,
3686 3716 3719 -1,
3686 3795 3673 -1,
3686 3768 3769 -1,
3686 3769 3770 -1,
3728 3729 3730 -1,
3774 3771 3772 -1,
3774 3772 3773 -1,
3775 3770 3771 -1,
3775 3771 3774 -1,
3722 3723 3724 -1,
3722 3724 3725 -1,
3778 3775 3776 -1,
3778 3776 3777 -1,
3719 3720 3721 -1,
3779 3775 3778 -1,
3716 3717 3718 -1,
3716 3718 3719 -1,
3782 3780 3781 -1,
3783 3779 3780 -1,
3783 3775 3779 -1,
3783 3780 3782 -1,
3714 3715 3716 -1,
3786 3783 3784 -1,
3786 3784 3785 -1,
3789 3786 3787 -1,
3789 3787 3788 -1,
3789 3783 3786 -1,
3708 3709 3710 -1,
3708 3710 3711 -1,
3791 3789 3790 -1,
3706 3707 3708 -1,
3705 3706 3708 -1,
3705 3708 3711 -1,
3705 3711 3712 -1,
3705 3712 3713 -1,
3705 3713 3714 -1,
3793 3791 3792 -1,
3793 3783 3789 -1,
3793 3789 3791 -1,
3795 3793 3794 -1,
3795 3783 3793 -1,
3672 3670 3671 -1,
3672 3795 3670 -1,
3673 3795 3672 -1,
3697 3698 3699 -1,
3697 3699 3700 -1,
3676 3673 3674 -1,
3676 3674 3675 -1,
3695 3696 3697 -1,
3694 3695 3697 -1,
3694 3697 3700 -1,
3694 3700 3701 -1,
3694 3701 3702 -1,
3694 3702 3703 -1,
3694 3703 3704 -1,
3694 3704 3705 -1,
3678 3676 3677 -1,
3678 3673 3676 -1,
3680 3678 3679 -1,
3690 3691 3692 -1,
3690 3692 3693 -1,
3682 3680 3681 -1,
3682 3678 3680 -1,
3689 3690 3693 -1,
3689 3693 3694 -1,
3683 3678 3682 -1,
3813 3814 3815 -1,
3812 3854 3856 -1,
3812 3809 3810 -1,
3812 3810 3811 -1,
3812 3901 3909 -1,
3812 3820 3831 -1,
3812 3815 3820 -1,
3812 3909 3921 -1,
3812 3896 3901 -1,
3812 3831 3840 -1,
3812 3799 3804 -1,
3812 3847 3848 -1,
3812 3851 3852 -1,
3812 3813 3815 -1,
3812 3852 3853 -1,
3812 3853 3854 -1,
3812 3856 3857 -1,
3812 3857 3858 -1,
3812 3858 3859 -1,
3812 3859 3860 -1,
3812 3860 3861 -1,
3812 3861 3862 -1,
3812 3882 3884 -1,
3812 3862 3863 -1,
3812 3804 3809 -1,
3812 3863 3864 -1,
3812 3864 3865 -1,
3812 3865 3866 -1,
3812 3840 3842 -1,
3812 3866 3867 -1,
3812 3867 3868 -1,
3812 3868 3869 -1,
3812 3869 3870 -1,
3812 3870 3871 -1,
3812 3871 3872 -1,
3812 3872 3873 -1,
3812 3873 3874 -1,
3812 3874 3875 -1,
3812 3875 3876 -1,
3812 3876 3877 -1,
3812 3877 3878 -1,
3812 3878 3879 -1,
3812 3879 3880 -1,
3812 3880 3881 -1,
3812 3881 3882 -1,
3812 3845 3847 -1,
3812 3884 3885 -1,
3812 3885 3886 -1,
3812 3848 3851 -1,
3812 3886 3887 -1,
3812 3887 3888 -1,
3812 3888 3889 -1,
3812 3889 3890 -1,
3812 3890 3891 -1,
3884 3882 3883 -1,
3812 3891 3892 -1,
3812 3892 3893 -1,
3812 3893 3894 -1,
3812 3842 3845 -1,
3812 3921 3799 -1,
3812 3894 3895 -1,
3812 3895 3896 -1,
3854 3855 3856 -1,
3900 3897 3898 -1,
3900 3898 3899 -1,
3901 3896 3897 -1,
3901 3897 3900 -1,
3848 3849 3850 -1,
3848 3850 3851 -1,
3904 3901 3902 -1,
3904 3902 3903 -1,
3845 3846 3847 -1,
3905 3901 3904 -1,
3842 3843 3844 -1,
3842 3844 3845 -1,
3908 3906 3907 -1,
3909 3905 3906 -1,
3909 3901 3905 -1,
3909 3906 3908 -1,
3840 3841 3842 -1,
3912 3909 3910 -1,
3912 3910 3911 -1,
3915 3912 3913 -1,
3915 3913 3914 -1,
3915 3909 3912 -1,
3834 3835 3836 -1,
3834 3836 3837 -1,
3917 3915 3916 -1,
3832 3833 3834 -1,
3831 3832 3834 -1,
3831 3834 3837 -1,
3831 3837 3838 -1,
3831 3838 3839 -1,
3831 3839 3840 -1,
3919 3917 3918 -1,
3919 3909 3915 -1,
3919 3915 3917 -1,
3921 3919 3920 -1,
3921 3909 3919 -1,
3798 3796 3797 -1,
3798 3921 3796 -1,
3799 3921 3798 -1,
3823 3824 3825 -1,
3823 3825 3826 -1,
3802 3799 3800 -1,
3802 3800 3801 -1,
3821 3822 3823 -1,
3820 3821 3823 -1,
3820 3823 3826 -1,
3820 3826 3827 -1,
3820 3827 3828 -1,
3820 3828 3829 -1,
3820 3829 3830 -1,
3820 3830 3831 -1,
3804 3802 3803 -1,
3804 3799 3802 -1,
3806 3804 3805 -1,
3816 3817 3818 -1,
3816 3818 3819 -1,
3808 3806 3807 -1,
3808 3804 3806 -1,
3815 3816 3819 -1,
3815 3819 3820 -1,
3809 3804 3808 -1,
3939 3940 3941 -1,
3938 3980 3982 -1,
3938 3935 3936 -1,
3938 3936 3937 -1,
3938 4027 4035 -1,
3938 3946 3957 -1,
3938 3941 3946 -1,
3938 4035 4047 -1,
3938 4022 4027 -1,
3938 3957 3966 -1,
3938 3925 3930 -1,
3938 3973 3974 -1,
3938 3977 3978 -1,
3938 3939 3941 -1,
3938 3978 3979 -1,
3938 3979 3980 -1,
3938 3982 3983 -1,
3938 3983 3984 -1,
3938 3984 3985 -1,
3938 3985 3986 -1,
3938 3986 3987 -1,
3938 3987 3988 -1,
3938 4008 4010 -1,
3938 3988 3989 -1,
3938 3930 3935 -1,
3938 3989 3990 -1,
3938 3990 3991 -1,
3938 3991 3992 -1,
3938 3966 3968 -1,
3938 3992 3993 -1,
3938 3993 3994 -1,
3938 3994 3995 -1,
3938 3995 3996 -1,
3938 3996 3997 -1,
3938 3997 3998 -1,
3938 3998 3999 -1,
3938 3999 4000 -1,
3938 4000 4001 -1,
3938 4001 4002 -1,
3938 4002 4003 -1,
3938 4003 4004 -1,
3938 4004 4005 -1,
3938 4005 4006 -1,
3938 4006 4007 -1,
3938 4007 4008 -1,
3938 3971 3973 -1,
3938 4010 4011 -1,
3938 4011 4012 -1,
3938 3974 3977 -1,
3938 4012 4013 -1,
3938 4013 4014 -1,
3938 4014 4015 -1,
3938 4015 4016 -1,
3938 4016 4017 -1,
4010 4008 4009 -1,
3938 4017 4018 -1,
3938 4018 4019 -1,
3938 4019 4020 -1,
3938 3968 3971 -1,
3938 4047 3925 -1,
3938 4020 4021 -1,
3938 4021 4022 -1,
3980 3981 3982 -1,
4026 4023 4024 -1,
4026 4024 4025 -1,
4027 4022 4023 -1,
4027 4023 4026 -1,
3974 3975 3976 -1,
3974 3976 3977 -1,
4030 4027 4028 -1,
4030 4028 4029 -1,
3971 3972 3973 -1,
4031 4027 4030 -1,
3968 3969 3970 -1,
3968 3970 3971 -1,
4034 4032 4033 -1,
4035 4031 4032 -1,
4035 4027 4031 -1,
4035 4032 4034 -1,
3966 3967 3968 -1,
4038 4035 4036 -1,
4038 4036 4037 -1,
4041 4038 4039 -1,
4041 4039 4040 -1,
4041 4035 4038 -1,
3960 3961 3962 -1,
3960 3962 3963 -1,
4043 4041 4042 -1,
3958 3959 3960 -1,
3957 3958 3960 -1,
3957 3960 3963 -1,
3957 3963 3964 -1,
3957 3964 3965 -1,
3957 3965 3966 -1,
4045 4043 4044 -1,
4045 4035 4041 -1,
4045 4041 4043 -1,
4047 4045 4046 -1,
4047 4035 4045 -1,
3924 3922 3923 -1,
3924 4047 3922 -1,
3925 4047 3924 -1,
3949 3950 3951 -1,
3949 3951 3952 -1,
3928 3925 3926 -1,
3928 3926 3927 -1,
3947 3948 3949 -1,
3946 3947 3949 -1,
3946 3949 3952 -1,
3946 3952 3953 -1,
3946 3953 3954 -1,
3946 3954 3955 -1,
3946 3955 3956 -1,
3946 3956 3957 -1,
3930 3928 3929 -1,
3930 3925 3928 -1,
3932 3930 3931 -1,
3942 3943 3944 -1,
3942 3944 3945 -1,
3934 3932 3933 -1,
3934 3930 3932 -1,
3941 3942 3945 -1,
3941 3945 3946 -1,
3935 3930 3934 -1,
4065 4066 4067 -1,
4064 4106 4108 -1,
4064 4061 4062 -1,
4064 4062 4063 -1,
4064 4153 4161 -1,
4064 4072 4083 -1,
4064 4067 4072 -1,
4064 4161 4173 -1,
4064 4148 4153 -1,
4064 4083 4092 -1,
4064 4051 4056 -1,
4064 4099 4100 -1,
4064 4103 4104 -1,
4064 4065 4067 -1,
4064 4104 4105 -1,
4064 4105 4106 -1,
4064 4108 4109 -1,
4064 4109 4110 -1,
4064 4110 4111 -1,
4064 4111 4112 -1,
4064 4112 4113 -1,
4064 4113 4114 -1,
4064 4134 4136 -1,
4064 4114 4115 -1,
4064 4056 4061 -1,
4064 4115 4116 -1,
4064 4116 4117 -1,
4064 4117 4118 -1,
4064 4092 4094 -1,
4064 4118 4119 -1,
4064 4119 4120 -1,
4064 4120 4121 -1,
4064 4121 4122 -1,
4064 4122 4123 -1,
4064 4123 4124 -1,
4064 4124 4125 -1,
4064 4125 4126 -1,
4064 4126 4127 -1,
4064 4127 4128 -1,
4064 4128 4129 -1,
4064 4129 4130 -1,
4064 4130 4131 -1,
4064 4131 4132 -1,
4064 4132 4133 -1,
4064 4133 4134 -1,
4064 4097 4099 -1,
4064 4136 4137 -1,
4064 4137 4138 -1,
4064 4100 4103 -1,
4064 4138 4139 -1,
4064 4139 4140 -1,
4064 4140 4141 -1,
4064 4141 4142 -1,
4064 4142 4143 -1,
4136 4134 4135 -1,
4064 4143 4144 -1,
4064 4144 4145 -1,
4064 4145 4146 -1,
4064 4094 4097 -1,
4064 4173 4051 -1,
4064 4146 4147 -1,
4064 4147 4148 -1,
4106 4107 4108 -1,
4152 4149 4150 -1,
4152 4150 4151 -1,
4153 4148 4149 -1,
4153 4149 4152 -1,
4100 4101 4102 -1,
4100 4102 4103 -1,
4156 4153 4154 -1,
4156 4154 4155 -1,
4097 4098 4099 -1,
4157 4153 4156 -1,
4094 4095 4096 -1,
4094 4096 4097 -1,
4160 4158 4159 -1,
4161 4157 4158 -1,
4161 4153 4157 -1,
4161 4158 4160 -1,
4092 4093 4094 -1,
4164 4161 4162 -1,
4164 4162 4163 -1,
4167 4164 4165 -1,
4167 4165 4166 -1,
4167 4161 4164 -1,
4086 4087 4088 -1,
4086 4088 4089 -1,
4169 4167 4168 -1,
4084 4085 4086 -1,
4083 4084 4086 -1,
4083 4086 4089 -1,
4083 4089 4090 -1,
4083 4090 4091 -1,
4083 4091 4092 -1,
4171 4169 4170 -1,
4171 4161 4167 -1,
4171 4167 4169 -1,
4173 4171 4172 -1,
4173 4161 4171 -1,
4050 4048 4049 -1,
4050 4173 4048 -1,
4051 4173 4050 -1,
4075 4076 4077 -1,
4075 4077 4078 -1,
4054 4051 4052 -1,
4054 4052 4053 -1,
4073 4074 4075 -1,
4072 4073 4075 -1,
4072 4075 4078 -1,
4072 4078 4079 -1,
4072 4079 4080 -1,
4072 4080 4081 -1,
4072 4081 4082 -1,
4072 4082 4083 -1,
4056 4054 4055 -1,
4056 4051 4054 -1,
4058 4056 4057 -1,
4068 4069 4070 -1,
4068 4070 4071 -1,
4060 4058 4059 -1,
4060 4056 4058 -1,
4067 4068 4071 -1,
4067 4071 4072 -1,
4061 4056 4060 -1,
4191 4192 4193 -1,
4190 4232 4234 -1,
4190 4187 4188 -1,
4190 4188 4189 -1,
4190 4279 4287 -1,
4190 4198 4209 -1,
4190 4193 4198 -1,
4190 4287 4299 -1,
4190 4274 4279 -1,
4190 4209 4218 -1,
4190 4177 4182 -1,
4190 4225 4226 -1,
4190 4229 4230 -1,
4190 4191 4193 -1,
4190 4230 4231 -1,
4190 4231 4232 -1,
4190 4234 4235 -1,
4190 4235 4236 -1,
4190 4236 4237 -1,
4190 4237 4238 -1,
4190 4238 4239 -1,
4190 4239 4240 -1,
4190 4260 4262 -1,
4190 4240 4241 -1,
4190 4182 4187 -1,
4190 4241 4242 -1,
4190 4242 4243 -1,
4190 4243 4244 -1,
4190 4218 4220 -1,
4190 4244 4245 -1,
4190 4245 4246 -1,
4190 4246 4247 -1,
4190 4247 4248 -1,
4190 4248 4249 -1,
4190 4249 4250 -1,
4190 4250 4251 -1,
4190 4251 4252 -1,
4190 4252 4253 -1,
4190 4253 4254 -1,
4190 4254 4255 -1,
4190 4255 4256 -1,
4190 4256 4257 -1,
4190 4257 4258 -1,
4190 4258 4259 -1,
4190 4259 4260 -1,
4190 4223 4225 -1,
4190 4262 4263 -1,
4190 4263 4264 -1,
4190 4226 4229 -1,
4190 4264 4265 -1,
4190 4265 4266 -1,
4190 4266 4267 -1,
4190 4267 4268 -1,
4190 4268 4269 -1,
4262 4260 4261 -1,
4190 4269 4270 -1,
4190 4270 4271 -1,
4190 4271 4272 -1,
4190 4220 4223 -1,
4190 4299 4177 -1,
4190 4272 4273 -1,
4190 4273 4274 -1,
4232 4233 4234 -1,
4278 4275 4276 -1,
4278 4276 4277 -1,
4279 4274 4275 -1,
4279 4275 4278 -1,
4226 4227 4228 -1,
4226 4228 4229 -1,
4282 4279 4280 -1,
4282 4280 4281 -1,
4223 4224 4225 -1,
4283 4279 4282 -1,
4220 4221 4222 -1,
4220 4222 4223 -1,
4286 4284 4285 -1,
4287 4283 4284 -1,
4287 4279 4283 -1,
4287 4284 4286 -1,
4218 4219 4220 -1,
4290 4287 4288 -1,
4290 4288 4289 -1,
4293 4290 4291 -1,
4293 4291 4292 -1,
4293 4287 4290 -1,
4212 4213 4214 -1,
4212 4214 4215 -1,
4295 4293 4294 -1,
4210 4211 4212 -1,
4209 4210 4212 -1,
4209 4212 4215 -1,
4209 4215 4216 -1,
4209 4216 4217 -1,
4209 4217 4218 -1,
4297 4295 4296 -1,
4297 4287 4293 -1,
4297 4293 4295 -1,
4299 4297 4298 -1,
4299 4287 4297 -1,
4176 4174 4175 -1,
4176 4299 4174 -1,
4177 4299 4176 -1,
4201 4202 4203 -1,
4201 4203 4204 -1,
4180 4177 4178 -1,
4180 4178 4179 -1,
4199 4200 4201 -1,
4198 4199 4201 -1,
4198 4201 4204 -1,
4198 4204 4205 -1,
4198 4205 4206 -1,
4198 4206 4207 -1,
4198 4207 4208 -1,
4198 4208 4209 -1,
4182 4180 4181 -1,
4182 4177 4180 -1,
4184 4182 4183 -1,
4194 4195 4196 -1,
4194 4196 4197 -1,
4186 4184 4185 -1,
4186 4182 4184 -1,
4193 4194 4197 -1,
4193 4197 4198 -1,
4187 4182 4186 -1,
4317 4318 4319 -1,
4316 4358 4360 -1,
4316 4313 4314 -1,
4316 4314 4315 -1,
4316 4405 4413 -1,
4316 4324 4335 -1,
4316 4319 4324 -1,
4316 4413 4425 -1,
4316 4400 4405 -1,
4316 4335 4344 -1,
4316 4303 4308 -1,
4316 4351 4352 -1,
4316 4355 4356 -1,
4316 4317 4319 -1,
4316 4356 4357 -1,
4316 4357 4358 -1,
4316 4360 4361 -1,
4316 4361 4362 -1,
4316 4362 4363 -1,
4316 4363 4364 -1,
4316 4364 4365 -1,
4316 4365 4366 -1,
4316 4386 4388 -1,
4316 4366 4367 -1,
4316 4308 4313 -1,
4316 4367 4368 -1,
4316 4368 4369 -1,
4316 4369 4370 -1,
4316 4344 4346 -1,
4316 4370 4371 -1,
4316 4371 4372 -1,
4316 4372 4373 -1,
4316 4373 4374 -1,
4316 4374 4375 -1,
4316 4375 4376 -1,
4316 4376 4377 -1,
4316 4377 4378 -1,
4316 4378 4379 -1,
4316 4379 4380 -1,
4316 4380 4381 -1,
4316 4381 4382 -1,
4316 4382 4383 -1,
4316 4383 4384 -1,
4316 4384 4385 -1,
4316 4385 4386 -1,
4316 4349 4351 -1,
4316 4388 4389 -1,
4316 4389 4390 -1,
4316 4352 4355 -1,
4316 4390 4391 -1,
4316 4391 4392 -1,
4316 4392 4393 -1,
4316 4393 4394 -1,
4316 4394 4395 -1,
4388 4386 4387 -1,
4316 4395 4396 -1,
4316 4396 4397 -1,
4316 4397 4398 -1,
4316 4346 4349 -1,
4316 4425 4303 -1,
4316 4398 4399 -1,
4316 4399 4400 -1,
4358 4359 4360 -1,
4404 4401 4402 -1,
4404 4402 4403 -1,
4405 4400 4401 -1,
4405 4401 4404 -1,
4352 4353 4354 -1,
4352 4354 4355 -1,
4408 4405 4406 -1,
4408 4406 4407 -1,
4349 4350 4351 -1,
4409 4405 4408 -1,
4346 4347 4348 -1,
4346 4348 4349 -1,
4412 4410 4411 -1,
4413 4409 4410 -1,
4413 4405 4409 -1,
4413 4410 4412 -1,
4344 4345 4346 -1,
4416 4413 4414 -1,
4416 4414 4415 -1,
4419 4416 4417 -1,
4419 4417 4418 -1,
4419 4413 4416 -1,
4338 4339 4340 -1,
4338 4340 4341 -1,
4421 4419 4420 -1,
4336 4337 4338 -1,
4335 4336 4338 -1,
4335 4338 4341 -1,
4335 4341 4342 -1,
4335 4342 4343 -1,
4335 4343 4344 -1,
4423 4421 4422 -1,
4423 4413 4419 -1,
4423 4419 4421 -1,
4425 4423 4424 -1,
4425 4413 4423 -1,
4302 4300 4301 -1,
4302 4425 4300 -1,
4303 4425 4302 -1,
4327 4328 4329 -1,
4327 4329 4330 -1,
4306 4303 4304 -1,
4306 4304 4305 -1,
4325 4326 4327 -1,
4324 4325 4327 -1,
4324 4327 4330 -1,
4324 4330 4331 -1,
4324 4331 4332 -1,
4324 4332 4333 -1,
4324 4333 4334 -1,
4324 4334 4335 -1,
4308 4306 4307 -1,
4308 4303 4306 -1,
4310 4308 4309 -1,
4320 4321 4322 -1,
4320 4322 4323 -1,
4312 4310 4311 -1,
4312 4308 4310 -1,
4319 4320 4323 -1,
4319 4323 4324 -1,
4313 4308 4312 -1,
4441 4434 4440 -1,
4442 4527 4528 -1,
4442 4528 4529 -1,
4442 4444 4450 -1,
4442 4524 4527 -1,
4442 4443 4444 -1,
4442 4481 4483 -1,
4442 4529 4535 -1,
4442 4535 4542 -1,
4442 4467 4469 -1,
4442 4472 4474 -1,
4442 4457 4458 -1,
4442 4427 4432 -1,
4442 4542 4549 -1,
4442 4469 4470 -1,
4442 4476 4477 -1,
4442 4477 4478 -1,
4442 4450 4457 -1,
4442 4483 4484 -1,
4442 4484 4485 -1,
4442 4485 4486 -1,
4442 4474 4476 -1,
4442 4486 4487 -1,
4442 4487 4488 -1,
4442 4478 4481 -1,
4442 4434 4441 -1,
4442 4488 4489 -1,
4442 4489 4490 -1,
4442 4470 4472 -1,
4442 4490 4491 -1,
4442 4491 4492 -1,
4442 4492 4493 -1,
4442 4493 4494 -1,
4442 4494 4495 -1,
4442 4495 4496 -1,
4442 4496 4497 -1,
4442 4497 4498 -1,
4442 4498 4499 -1,
4442 4499 4500 -1,
4442 4500 4501 -1,
4442 4501 4502 -1,
4442 4461 4467 -1,
4442 4502 4503 -1,
4442 4503 4504 -1,
4442 4549 4427 -1,
4442 4504 4505 -1,
4442 4505 4506 -1,
4442 4506 4507 -1,
4442 4507 4508 -1,
4442 4508 4509 -1,
4442 4509 4510 -1,
4442 4510 4511 -1,
4442 4511 4512 -1,
4442 4512 4513 -1,
4442 4513 4514 -1,
4442 4514 4515 -1,
4442 4458 4461 -1,
4442 4515 4516 -1,
4442 4516 4517 -1,
4442 4517 4518 -1,
4442 4518 4519 -1,
4442 4519 4520 -1,
4442 4520 4521 -1,
4442 4432 4434 -1,
4442 4521 4522 -1,
4442 4522 4523 -1,
4442 4523 4524 -1,
4527 4524 4525 -1,
4527 4525 4526 -1,
4481 4482 4483 -1,
4478 4479 4480 -1,
4478 4480 4481 -1,
4533 4530 4531 -1,
4533 4531 4532 -1,
4535 4529 4530 -1,
4535 4533 4534 -1,
4535 4530 4533 -1,
4474 4475 4476 -1,
4472 4473 4474 -1,
4538 4536 4537 -1,
4470 4471 4472 -1,
4540 4538 4539 -1,
4540 4536 4538 -1,
4541 4535 4536 -1,
4541 4536 4540 -1,
4542 4535 4541 -1,
4467 4468 4469 -1,
4463 4464 4465 -1,
4463 4465 4466 -1,
4463 4466 4467 -1,
4547 4545 4546 -1,
4548 4545 4547 -1,
4461 4462 4463 -1,
4461 4463 4467 -1,
4549 4542 4543 -1,
4549 4543 4544 -1,
4549 4544 4545 -1,
4549 4545 4548 -1,
4458 4459 4460 -1,
4458 4460 4461 -1,
4427 4549 4550 -1,
4427 4550 4551 -1,
4427 4551 4426 -1,
4430 4427 4428 -1,
4430 4428 4429 -1,
4452 4453 4454 -1,
4432 4430 4431 -1,
4432 4427 4430 -1,
4451 4452 4454 -1,
4450 4451 4454 -1,
4450 4454 4455 -1,
4450 4455 4456 -1,
4450 4456 4457 -1,
4434 4432 4433 -1,
4446 4447 4448 -1,
4446 4448 4449 -1,
4438 4436 4437 -1,
4445 4449 4450 -1,
4445 4446 4449 -1,
4439 4434 4435 -1,
4439 4435 4436 -1,
4439 4436 4438 -1,
4444 4445 4450 -1,
4440 4434 4439 -1,
4567 4560 4566 -1,
4568 4653 4654 -1,
4568 4654 4655 -1,
4568 4570 4576 -1,
4568 4650 4653 -1,
4568 4569 4570 -1,
4568 4607 4609 -1,
4568 4655 4661 -1,
4568 4661 4668 -1,
4568 4593 4595 -1,
4568 4598 4600 -1,
4568 4583 4584 -1,
4568 4553 4558 -1,
4568 4668 4675 -1,
4568 4595 4596 -1,
4568 4602 4603 -1,
4568 4603 4604 -1,
4568 4576 4583 -1,
4568 4609 4610 -1,
4568 4610 4611 -1,
4568 4611 4612 -1,
4568 4600 4602 -1,
4568 4612 4613 -1,
4568 4613 4614 -1,
4568 4604 4607 -1,
4568 4560 4567 -1,
4568 4614 4615 -1,
4568 4615 4616 -1,
4568 4596 4598 -1,
4568 4616 4617 -1,
4568 4617 4618 -1,
4568 4618 4619 -1,
4568 4619 4620 -1,
4568 4620 4621 -1,
4568 4621 4622 -1,
4568 4622 4623 -1,
4568 4623 4624 -1,
4568 4624 4625 -1,
4568 4625 4626 -1,
4568 4626 4627 -1,
4568 4627 4628 -1,
4568 4587 4593 -1,
4568 4628 4629 -1,
4568 4629 4630 -1,
4568 4675 4553 -1,
4568 4630 4631 -1,
4568 4631 4632 -1,
4568 4632 4633 -1,
4568 4633 4634 -1,
4568 4634 4635 -1,
4568 4635 4636 -1,
4568 4636 4637 -1,
4568 4637 4638 -1,
4568 4638 4639 -1,
4568 4639 4640 -1,
4568 4640 4641 -1,
4568 4584 4587 -1,
4568 4641 4642 -1,
4568 4642 4643 -1,
4568 4643 4644 -1,
4568 4644 4645 -1,
4568 4645 4646 -1,
4568 4646 4647 -1,
4568 4558 4560 -1,
4568 4647 4648 -1,
4568 4648 4649 -1,
4568 4649 4650 -1,
4653 4650 4651 -1,
4653 4651 4652 -1,
4607 4608 4609 -1,
4604 4605 4606 -1,
4604 4606 4607 -1,
4659 4656 4657 -1,
4659 4657 4658 -1,
4661 4655 4656 -1,
4661 4659 4660 -1,
4661 4656 4659 -1,
4600 4601 4602 -1,
4598 4599 4600 -1,
4664 4662 4663 -1,
4596 4597 4598 -1,
4666 4664 4665 -1,
4666 4662 4664 -1,
4667 4661 4662 -1,
4667 4662 4666 -1,
4668 4661 4667 -1,
4593 4594 4595 -1,
4589 4590 4591 -1,
4589 4591 4592 -1,
4589 4592 4593 -1,
4673 4671 4672 -1,
4674 4671 4673 -1,
4587 4588 4589 -1,
4587 4589 4593 -1,
4675 4668 4669 -1,
4675 4669 4670 -1,
4675 4670 4671 -1,
4675 4671 4674 -1,
4584 4585 4586 -1,
4584 4586 4587 -1,
4553 4675 4676 -1,
4553 4676 4677 -1,
4553 4677 4552 -1,
4556 4553 4554 -1,
4556 4554 4555 -1,
4578 4579 4580 -1,
4558 4556 4557 -1,
4558 4553 4556 -1,
4577 4578 4580 -1,
4576 4577 4580 -1,
4576 4580 4581 -1,
4576 4581 4582 -1,
4576 4582 4583 -1,
4560 4558 4559 -1,
4572 4573 4574 -1,
4572 4574 4575 -1,
4564 4562 4563 -1,
4571 4575 4576 -1,
4571 4572 4575 -1,
4565 4560 4561 -1,
4565 4561 4562 -1,
4565 4562 4564 -1,
4570 4571 4576 -1,
4566 4560 4565 -1,
4693 4686 4692 -1,
4694 4779 4780 -1,
4694 4780 4781 -1,
4694 4696 4702 -1,
4694 4776 4779 -1,
4694 4695 4696 -1,
4694 4733 4735 -1,
4694 4781 4787 -1,
4694 4787 4794 -1,
4694 4719 4721 -1,
4694 4724 4726 -1,
4694 4709 4710 -1,
4694 4679 4684 -1,
4694 4794 4801 -1,
4694 4721 4722 -1,
4694 4728 4729 -1,
4694 4729 4730 -1,
4694 4702 4709 -1,
4694 4735 4736 -1,
4694 4736 4737 -1,
4694 4737 4738 -1,
4694 4726 4728 -1,
4694 4738 4739 -1,
4694 4739 4740 -1,
4694 4730 4733 -1,
4694 4686 4693 -1,
4694 4740 4741 -1,
4694 4741 4742 -1,
4694 4722 4724 -1,
4694 4742 4743 -1,
4694 4743 4744 -1,
4694 4744 4745 -1,
4694 4745 4746 -1,
4694 4746 4747 -1,
4694 4747 4748 -1,
4694 4748 4749 -1,
4694 4749 4750 -1,
4694 4750 4751 -1,
4694 4751 4752 -1,
4694 4752 4753 -1,
4694 4753 4754 -1,
4694 4713 4719 -1,
4694 4754 4755 -1,
4694 4755 4756 -1,
4694 4801 4679 -1,
4694 4756 4757 -1,
4694 4757 4758 -1,
4694 4758 4759 -1,
4694 4759 4760 -1,
4694 4760 4761 -1,
4694 4761 4762 -1,
4694 4762 4763 -1,
4694 4763 4764 -1,
4694 4764 4765 -1,
4694 4765 4766 -1,
4694 4766 4767 -1,
4694 4710 4713 -1,
4694 4767 4768 -1,
4694 4768 4769 -1,
4694 4769 4770 -1,
4694 4770 4771 -1,
4694 4771 4772 -1,
4694 4772 4773 -1,
4694 4684 4686 -1,
4694 4773 4774 -1,
4694 4774 4775 -1,
4694 4775 4776 -1,
4779 4776 4777 -1,
4779 4777 4778 -1,
4733 4734 4735 -1,
4730 4731 4732 -1,
4730 4732 4733 -1,
4785 4782 4783 -1,
4785 4783 4784 -1,
4787 4781 4782 -1,
4787 4785 4786 -1,
4787 4782 4785 -1,
4726 4727 4728 -1,
4724 4725 4726 -1,
4790 4788 4789 -1,
4722 4723 4724 -1,
4792 4790 4791 -1,
4792 4788 4790 -1,
4793 4787 4788 -1,
4793 4788 4792 -1,
4794 4787 4793 -1,
4719 4720 4721 -1,
4715 4716 4717 -1,
4715 4717 4718 -1,
4715 4718 4719 -1,
4799 4797 4798 -1,
4800 4797 4799 -1,
4713 4714 4715 -1,
4713 4715 4719 -1,
4801 4794 4795 -1,
4801 4795 4796 -1,
4801 4796 4797 -1,
4801 4797 4800 -1,
4710 4711 4712 -1,
4710 4712 4713 -1,
4679 4801 4802 -1,
4679 4802 4803 -1,
4679 4803 4678 -1,
4682 4679 4680 -1,
4682 4680 4681 -1,
4704 4705 4706 -1,
4684 4682 4683 -1,
4684 4679 4682 -1,
4703 4704 4706 -1,
4702 4703 4706 -1,
4702 4706 4707 -1,
4702 4707 4708 -1,
4702 4708 4709 -1,
4686 4684 4685 -1,
4698 4699 4700 -1,
4698 4700 4701 -1,
4690 4688 4689 -1,
4697 4701 4702 -1,
4697 4698 4701 -1,
4691 4686 4687 -1,
4691 4687 4688 -1,
4691 4688 4690 -1,
4696 4697 4702 -1,
4692 4686 4691 -1,
4819 4812 4818 -1,
4820 4905 4906 -1,
4820 4906 4907 -1,
4820 4822 4828 -1,
4820 4902 4905 -1,
4820 4821 4822 -1,
4820 4859 4861 -1,
4820 4907 4913 -1,
4820 4913 4920 -1,
4820 4845 4847 -1,
4820 4850 4852 -1,
4820 4835 4836 -1,
4820 4805 4810 -1,
4820 4920 4927 -1,
4820 4847 4848 -1,
4820 4854 4855 -1,
4820 4855 4856 -1,
4820 4828 4835 -1,
4820 4861 4862 -1,
4820 4862 4863 -1,
4820 4863 4864 -1,
4820 4852 4854 -1,
4820 4864 4865 -1,
4820 4865 4866 -1,
4820 4856 4859 -1,
4820 4812 4819 -1,
4820 4866 4867 -1,
4820 4867 4868 -1,
4820 4848 4850 -1,
4820 4868 4869 -1,
4820 4869 4870 -1,
4820 4870 4871 -1,
4820 4871 4872 -1,
4820 4872 4873 -1,
4820 4873 4874 -1,
4820 4874 4875 -1,
4820 4875 4876 -1,
4820 4876 4877 -1,
4820 4877 4878 -1,
4820 4878 4879 -1,
4820 4879 4880 -1,
4820 4839 4845 -1,
4820 4880 4881 -1,
4820 4881 4882 -1,
4820 4927 4805 -1,
4820 4882 4883 -1,
4820 4883 4884 -1,
4820 4884 4885 -1,
4820 4885 4886 -1,
4820 4886 4887 -1,
4820 4887 4888 -1,
4820 4888 4889 -1,
4820 4889 4890 -1,
4820 4890 4891 -1,
4820 4891 4892 -1,
4820 4892 4893 -1,
4820 4836 4839 -1,
4820 4893 4894 -1,
4820 4894 4895 -1,
4820 4895 4896 -1,
4820 4896 4897 -1,
4820 4897 4898 -1,
4820 4898 4899 -1,
4820 4810 4812 -1,
4820 4899 4900 -1,
4820 4900 4901 -1,
4820 4901 4902 -1,
4905 4902 4903 -1,
4905 4903 4904 -1,
4859 4860 4861 -1,
4856 4857 4858 -1,
4856 4858 4859 -1,
4911 4908 4909 -1,
4911 4909 4910 -1,
4913 4907 4908 -1,
4913 4911 4912 -1,
4913 4908 4911 -1,
4852 4853 4854 -1,
4850 4851 4852 -1,
4916 4914 4915 -1,
4848 4849 4850 -1,
4918 4916 4917 -1,
4918 4914 4916 -1,
4919 4913 4914 -1,
4919 4914 4918 -1,
4920 4913 4919 -1,
4845 4846 4847 -1,
4841 4842 4843 -1,
4841 4843 4844 -1,
4841 4844 4845 -1,
4925 4923 4924 -1,
4926 4923 4925 -1,
4839 4840 4841 -1,
4839 4841 4845 -1,
4927 4920 4921 -1,
4927 4921 4922 -1,
4927 4922 4923 -1,
4927 4923 4926 -1,
4836 4837 4838 -1,
4836 4838 4839 -1,
4805 4927 4928 -1,
4805 4928 4929 -1,
4805 4929 4804 -1,
4808 4805 4806 -1,
4808 4806 4807 -1,
4830 4831 4832 -1,
4810 4808 4809 -1,
4810 4805 4808 -1,
4829 4830 4832 -1,
4828 4829 4832 -1,
4828 4832 4833 -1,
4828 4833 4834 -1,
4828 4834 4835 -1,
4812 4810 4811 -1,
4824 4825 4826 -1,
4824 4826 4827 -1,
4816 4814 4815 -1,
4823 4827 4828 -1,
4823 4824 4827 -1,
4817 4812 4813 -1,
4817 4813 4814 -1,
4817 4814 4816 -1,
4822 4823 4828 -1,
4818 4812 4817 -1,
4945 4938 4944 -1,
4946 5031 5032 -1,
4946 5032 5033 -1,
4946 4948 4954 -1,
4946 5028 5031 -1,
4946 4947 4948 -1,
4946 4985 4987 -1,
4946 5033 5039 -1,
4946 5039 5046 -1,
4946 4971 4973 -1,
4946 4976 4978 -1,
4946 4961 4962 -1,
4946 4931 4936 -1,
4946 5046 5053 -1,
4946 4973 4974 -1,
4946 4980 4981 -1,
4946 4981 4982 -1,
4946 4954 4961 -1,
4946 4987 4988 -1,
4946 4988 4989 -1,
4946 4989 4990 -1,
4946 4978 4980 -1,
4946 4990 4991 -1,
4946 4991 4992 -1,
4946 4982 4985 -1,
4946 4938 4945 -1,
4946 4992 4993 -1,
4946 4993 4994 -1,
4946 4974 4976 -1,
4946 4994 4995 -1,
4946 4995 4996 -1,
4946 4996 4997 -1,
4946 4997 4998 -1,
4946 4998 4999 -1,
4946 4999 5000 -1,
4946 5000 5001 -1,
4946 5001 5002 -1,
4946 5002 5003 -1,
4946 5003 5004 -1,
4946 5004 5005 -1,
4946 5005 5006 -1,
4946 4965 4971 -1,
4946 5006 5007 -1,
4946 5007 5008 -1,
4946 5053 4931 -1,
4946 5008 5009 -1,
4946 5009 5010 -1,
4946 5010 5011 -1,
4946 5011 5012 -1,
4946 5012 5013 -1,
4946 5013 5014 -1,
4946 5014 5015 -1,
4946 5015 5016 -1,
4946 5016 5017 -1,
4946 5017 5018 -1,
4946 5018 5019 -1,
4946 4962 4965 -1,
4946 5019 5020 -1,
4946 5020 5021 -1,
4946 5021 5022 -1,
4946 5022 5023 -1,
4946 5023 5024 -1,
4946 5024 5025 -1,
4946 4936 4938 -1,
4946 5025 5026 -1,
4946 5026 5027 -1,
4946 5027 5028 -1,
5031 5028 5029 -1,
5031 5029 5030 -1,
4985 4986 4987 -1,
4982 4983 4984 -1,
4982 4984 4985 -1,
5037 5034 5035 -1,
5037 5035 5036 -1,
5039 5033 5034 -1,
5039 5037 5038 -1,
5039 5034 5037 -1,
4978 4979 4980 -1,
4976 4977 4978 -1,
5042 5040 5041 -1,
4974 4975 4976 -1,
5044 5042 5043 -1,
5044 5040 5042 -1,
5045 5039 5040 -1,
5045 5040 5044 -1,
5046 5039 5045 -1,
4971 4972 4973 -1,
4967 4968 4969 -1,
4967 4969 4970 -1,
4967 4970 4971 -1,
5051 5049 5050 -1,
5052 5049 5051 -1,
4965 4966 4967 -1,
4965 4967 4971 -1,
5053 5046 5047 -1,
5053 5047 5048 -1,
5053 5048 5049 -1,
5053 5049 5052 -1,
4962 4963 4964 -1,
4962 4964 4965 -1,
4931 5053 5054 -1,
4931 5054 5055 -1,
4931 5055 4930 -1,
4934 4931 4932 -1,
4934 4932 4933 -1,
4956 4957 4958 -1,
4936 4934 4935 -1,
4936 4931 4934 -1,
4955 4956 4958 -1,
4954 4955 4958 -1,
4954 4958 4959 -1,
4954 4959 4960 -1,
4954 4960 4961 -1,
4938 4936 4937 -1,
4950 4951 4952 -1,
4950 4952 4953 -1,
4942 4940 4941 -1,
4949 4953 4954 -1,
4949 4950 4953 -1,
4943 4938 4939 -1,
4943 4939 4940 -1,
4943 4940 4942 -1,
4948 4949 4954 -1,
4944 4938 4943 -1,
5071 5064 5070 -1,
5072 5157 5158 -1,
5072 5158 5159 -1,
5072 5074 5080 -1,
5072 5154 5157 -1,
5072 5073 5074 -1,
5072 5111 5113 -1,
5072 5159 5165 -1,
5072 5165 5172 -1,
5072 5097 5099 -1,
5072 5102 5104 -1,
5072 5087 5088 -1,
5072 5057 5062 -1,
5072 5172 5179 -1,
5072 5099 5100 -1,
5072 5106 5107 -1,
5072 5107 5108 -1,
5072 5080 5087 -1,
5072 5113 5114 -1,
5072 5114 5115 -1,
5072 5115 5116 -1,
5072 5104 5106 -1,
5072 5116 5117 -1,
5072 5117 5118 -1,
5072 5108 5111 -1,
5072 5064 5071 -1,
5072 5118 5119 -1,
5072 5119 5120 -1,
5072 5100 5102 -1,
5072 5120 5121 -1,
5072 5121 5122 -1,
5072 5122 5123 -1,
5072 5123 5124 -1,
5072 5124 5125 -1,
5072 5125 5126 -1,
5072 5126 5127 -1,
5072 5127 5128 -1,
5072 5128 5129 -1,
5072 5129 5130 -1,
5072 5130 5131 -1,
5072 5131 5132 -1,
5072 5091 5097 -1,
5072 5132 5133 -1,
5072 5133 5134 -1,
5072 5179 5057 -1,
5072 5134 5135 -1,
5072 5135 5136 -1,
5072 5136 5137 -1,
5072 5137 5138 -1,
5072 5138 5139 -1,
5072 5139 5140 -1,
5072 5140 5141 -1,
5072 5141 5142 -1,
5072 5142 5143 -1,
5072 5143 5144 -1,
5072 5144 5145 -1,
5072 5088 5091 -1,
5072 5145 5146 -1,
5072 5146 5147 -1,
5072 5147 5148 -1,
5072 5148 5149 -1,
5072 5149 5150 -1,
5072 5150 5151 -1,
5072 5062 5064 -1,
5072 5151 5152 -1,
5072 5152 5153 -1,
5072 5153 5154 -1,
5157 5154 5155 -1,
5157 5155 5156 -1,
5111 5112 5113 -1,
5108 5109 5110 -1,
5108 5110 5111 -1,
5163 5160 5161 -1,
5163 5161 5162 -1,
5165 5159 5160 -1,
5165 5163 5164 -1,
5165 5160 5163 -1,
5104 5105 5106 -1,
5102 5103 5104 -1,
5168 5166 5167 -1,
5100 5101 5102 -1,
5170 5168 5169 -1,
5170 5166 5168 -1,
5171 5165 5166 -1,
5171 5166 5170 -1,
5172 5165 5171 -1,
5097 5098 5099 -1,
5093 5094 5095 -1,
5093 5095 5096 -1,
5093 5096 5097 -1,
5177 5175 5176 -1,
5178 5175 5177 -1,
5091 5092 5093 -1,
5091 5093 5097 -1,
5179 5172 5173 -1,
5179 5173 5174 -1,
5179 5174 5175 -1,
5179 5175 5178 -1,
5088 5089 5090 -1,
5088 5090 5091 -1,
5057 5179 5180 -1,
5057 5180 5181 -1,
5057 5181 5056 -1,
5060 5057 5058 -1,
5060 5058 5059 -1,
5082 5083 5084 -1,
5062 5060 5061 -1,
5062 5057 5060 -1,
5081 5082 5084 -1,
5080 5081 5084 -1,
5080 5084 5085 -1,
5080 5085 5086 -1,
5080 5086 5087 -1,
5064 5062 5063 -1,
5076 5077 5078 -1,
5076 5078 5079 -1,
5068 5066 5067 -1,
5075 5079 5080 -1,
5075 5076 5079 -1,
5069 5064 5065 -1,
5069 5065 5066 -1,
5069 5066 5068 -1,
5074 5075 5080 -1,
5070 5064 5069 -1,
5197 5190 5196 -1,
5198 5283 5284 -1,
5198 5284 5285 -1,
5198 5200 5206 -1,
5198 5280 5283 -1,
5198 5199 5200 -1,
5198 5237 5239 -1,
5198 5285 5291 -1,
5198 5291 5298 -1,
5198 5223 5225 -1,
5198 5228 5230 -1,
5198 5213 5214 -1,
5198 5183 5188 -1,
5198 5298 5305 -1,
5198 5225 5226 -1,
5198 5232 5233 -1,
5198 5233 5234 -1,
5198 5206 5213 -1,
5198 5239 5240 -1,
5198 5240 5241 -1,
5198 5241 5242 -1,
5198 5230 5232 -1,
5198 5242 5243 -1,
5198 5243 5244 -1,
5198 5234 5237 -1,
5198 5190 5197 -1,
5198 5244 5245 -1,
5198 5245 5246 -1,
5198 5226 5228 -1,
5198 5246 5247 -1,
5198 5247 5248 -1,
5198 5248 5249 -1,
5198 5249 5250 -1,
5198 5250 5251 -1,
5198 5251 5252 -1,
5198 5252 5253 -1,
5198 5253 5254 -1,
5198 5254 5255 -1,
5198 5255 5256 -1,
5198 5256 5257 -1,
5198 5257 5258 -1,
5198 5217 5223 -1,
5198 5258 5259 -1,
5198 5259 5260 -1,
5198 5305 5183 -1,
5198 5260 5261 -1,
5198 5261 5262 -1,
5198 5262 5263 -1,
5198 5263 5264 -1,
5198 5264 5265 -1,
5198 5265 5266 -1,
5198 5266 5267 -1,
5198 5267 5268 -1,
5198 5268 5269 -1,
5198 5269 5270 -1,
5198 5270 5271 -1,
5198 5214 5217 -1,
5198 5271 5272 -1,
5198 5272 5273 -1,
5198 5273 5274 -1,
5198 5274 5275 -1,
5198 5275 5276 -1,
5198 5276 5277 -1,
5198 5188 5190 -1,
5198 5277 5278 -1,
5198 5278 5279 -1,
5198 5279 5280 -1,
5283 5280 5281 -1,
5283 5281 5282 -1,
5237 5238 5239 -1,
5234 5235 5236 -1,
5234 5236 5237 -1,
5289 5286 5287 -1,
5289 5287 5288 -1,
5291 5285 5286 -1,
5291 5289 5290 -1,
5291 5286 5289 -1,
5230 5231 5232 -1,
5228 5229 5230 -1,
5294 5292 5293 -1,
5226 5227 5228 -1,
5296 5294 5295 -1,
5296 5292 5294 -1,
5297 5291 5292 -1,
5297 5292 5296 -1,
5298 5291 5297 -1,
5223 5224 5225 -1,
5219 5220 5221 -1,
5219 5221 5222 -1,
5219 5222 5223 -1,
5303 5301 5302 -1,
5304 5301 5303 -1,
5217 5218 5219 -1,
5217 5219 5223 -1,
5305 5298 5299 -1,
5305 5299 5300 -1,
5305 5300 5301 -1,
5305 5301 5304 -1,
5214 5215 5216 -1,
5214 5216 5217 -1,
5183 5305 5306 -1,
5183 5306 5307 -1,
5183 5307 5182 -1,
5186 5183 5184 -1,
5186 5184 5185 -1,
5208 5209 5210 -1,
5188 5186 5187 -1,
5188 5183 5186 -1,
5207 5208 5210 -1,
5206 5207 5210 -1,
5206 5210 5211 -1,
5206 5211 5212 -1,
5206 5212 5213 -1,
5190 5188 5189 -1,
5202 5203 5204 -1,
5202 5204 5205 -1,
5194 5192 5193 -1,
5201 5205 5206 -1,
5201 5202 5205 -1,
5195 5190 5191 -1,
5195 5191 5192 -1,
5195 5192 5194 -1,
5200 5201 5206 -1,
5196 5190 5195 -1,
5325 5326 5327 -1,
5324 5366 5368 -1,
5324 5321 5322 -1,
5324 5322 5323 -1,
5324 5413 5421 -1,
5324 5332 5343 -1,
5324 5327 5332 -1,
5324 5421 5433 -1,
5324 5408 5413 -1,
5324 5343 5352 -1,
5324 5311 5316 -1,
5324 5359 5360 -1,
5324 5363 5364 -1,
5324 5325 5327 -1,
5324 5364 5365 -1,
5324 5365 5366 -1,
5324 5368 5369 -1,
5324 5369 5370 -1,
5324 5370 5371 -1,
5324 5371 5372 -1,
5324 5372 5373 -1,
5324 5373 5374 -1,
5324 5394 5396 -1,
5324 5374 5375 -1,
5324 5316 5321 -1,
5324 5375 5376 -1,
5324 5376 5377 -1,
5324 5377 5378 -1,
5324 5352 5354 -1,
5324 5378 5379 -1,
5324 5379 5380 -1,
5324 5380 5381 -1,
5324 5381 5382 -1,
5324 5382 5383 -1,
5324 5383 5384 -1,
5324 5384 5385 -1,
5324 5385 5386 -1,
5324 5386 5387 -1,
5324 5387 5388 -1,
5324 5388 5389 -1,
5324 5389 5390 -1,
5324 5390 5391 -1,
5324 5391 5392 -1,
5324 5392 5393 -1,
5324 5393 5394 -1,
5324 5357 5359 -1,
5324 5396 5397 -1,
5324 5397 5398 -1,
5324 5360 5363 -1,
5324 5398 5399 -1,
5324 5399 5400 -1,
5324 5400 5401 -1,
5324 5401 5402 -1,
5324 5402 5403 -1,
5396 5394 5395 -1,
5324 5403 5404 -1,
5324 5404 5405 -1,
5324 5405 5406 -1,
5324 5354 5357 -1,
5324 5433 5311 -1,
5324 5406 5407 -1,
5324 5407 5408 -1,
5366 5367 5368 -1,
5412 5409 5410 -1,
5412 5410 5411 -1,
5413 5408 5409 -1,
5413 5409 5412 -1,
5360 5361 5362 -1,
5360 5362 5363 -1,
5416 5413 5414 -1,
5416 5414 5415 -1,
5357 5358 5359 -1,
5417 5413 5416 -1,
5354 5355 5356 -1,
5354 5356 5357 -1,
5420 5418 5419 -1,
5421 5417 5418 -1,
5421 5413 5417 -1,
5421 5418 5420 -1,
5352 5353 5354 -1,
5424 5421 5422 -1,
5424 5422 5423 -1,
5427 5424 5425 -1,
5427 5425 5426 -1,
5427 5421 5424 -1,
5346 5347 5348 -1,
5346 5348 5349 -1,
5429 5427 5428 -1,
5344 5345 5346 -1,
5343 5344 5346 -1,
5343 5346 5349 -1,
5343 5349 5350 -1,
5343 5350 5351 -1,
5343 5351 5352 -1,
5431 5429 5430 -1,
5431 5421 5427 -1,
5431 5427 5429 -1,
5433 5431 5432 -1,
5433 5421 5431 -1,
5310 5308 5309 -1,
5310 5433 5308 -1,
5311 5433 5310 -1,
5335 5336 5337 -1,
5335 5337 5338 -1,
5314 5311 5312 -1,
5314 5312 5313 -1,
5333 5334 5335 -1,
5332 5333 5335 -1,
5332 5335 5338 -1,
5332 5338 5339 -1,
5332 5339 5340 -1,
5332 5340 5341 -1,
5332 5341 5342 -1,
5332 5342 5343 -1,
5316 5314 5315 -1,
5316 5311 5314 -1,
5318 5316 5317 -1,
5328 5329 5330 -1,
5328 5330 5331 -1,
5320 5318 5319 -1,
5320 5316 5318 -1,
5327 5328 5331 -1,
5327 5331 5332 -1,
5321 5316 5320 -1,
5451 5452 5453 -1,
5450 5492 5494 -1,
5450 5447 5448 -1,
5450 5448 5449 -1,
5450 5539 5547 -1,
5450 5458 5469 -1,
5450 5453 5458 -1,
5450 5547 5559 -1,
5450 5534 5539 -1,
5450 5469 5478 -1,
5450 5437 5442 -1,
5450 5485 5486 -1,
5450 5489 5490 -1,
5450 5451 5453 -1,
5450 5490 5491 -1,
5450 5491 5492 -1,
5450 5494 5495 -1,
5450 5495 5496 -1,
5450 5496 5497 -1,
5450 5497 5498 -1,
5450 5498 5499 -1,
5450 5499 5500 -1,
5450 5520 5522 -1,
5450 5500 5501 -1,
5450 5442 5447 -1,
5450 5501 5502 -1,
5450 5502 5503 -1,
5450 5503 5504 -1,
5450 5478 5480 -1,
5450 5504 5505 -1,
5450 5505 5506 -1,
5450 5506 5507 -1,
5450 5507 5508 -1,
5450 5508 5509 -1,
5450 5509 5510 -1,
5450 5510 5511 -1,
5450 5511 5512 -1,
5450 5512 5513 -1,
5450 5513 5514 -1,
5450 5514 5515 -1,
5450 5515 5516 -1,
5450 5516 5517 -1,
5450 5517 5518 -1,
5450 5518 5519 -1,
5450 5519 5520 -1,
5450 5483 5485 -1,
5450 5522 5523 -1,
5450 5523 5524 -1,
5450 5486 5489 -1,
5450 5524 5525 -1,
5450 5525 5526 -1,
5450 5526 5527 -1,
5450 5527 5528 -1,
5450 5528 5529 -1,
5522 5520 5521 -1,
5450 5529 5530 -1,
5450 5530 5531 -1,
5450 5531 5532 -1,
5450 5480 5483 -1,
5450 5559 5437 -1,
5450 5532 5533 -1,
5450 5533 5534 -1,
5492 5493 5494 -1,
5538 5535 5536 -1,
5538 5536 5537 -1,
5539 5534 5535 -1,
5539 5535 5538 -1,
5486 5487 5488 -1,
5486 5488 5489 -1,
5542 5539 5540 -1,
5542 5540 5541 -1,
5483 5484 5485 -1,
5543 5539 5542 -1,
5480 5481 5482 -1,
5480 5482 5483 -1,
5546 5544 5545 -1,
5547 5543 5544 -1,
5547 5539 5543 -1,
5547 5544 5546 -1,
5478 5479 5480 -1,
5550 5547 5548 -1,
5550 5548 5549 -1,
5553 5550 5551 -1,
5553 5551 5552 -1,
5553 5547 5550 -1,
5472 5473 5474 -1,
5472 5474 5475 -1,
5555 5553 5554 -1,
5470 5471 5472 -1,
5469 5470 5472 -1,
5469 5472 5475 -1,
5469 5475 5476 -1,
5469 5476 5477 -1,
5469 5477 5478 -1,
5557 5555 5556 -1,
5557 5547 5553 -1,
5557 5553 5555 -1,
5559 5557 5558 -1,
5559 5547 5557 -1,
5436 5434 5435 -1,
5436 5559 5434 -1,
5437 5559 5436 -1,
5461 5462 5463 -1,
5461 5463 5464 -1,
5440 5437 5438 -1,
5440 5438 5439 -1,
5459 5460 5461 -1,
5458 5459 5461 -1,
5458 5461 5464 -1,
5458 5464 5465 -1,
5458 5465 5466 -1,
5458 5466 5467 -1,
5458 5467 5468 -1,
5458 5468 5469 -1,
5442 5440 5441 -1,
5442 5437 5440 -1,
5444 5442 5443 -1,
5454 5455 5456 -1,
5454 5456 5457 -1,
5446 5444 5445 -1,
5446 5442 5444 -1,
5453 5454 5457 -1,
5453 5457 5458 -1,
5447 5442 5446 -1,
5577 5578 5579 -1,
5576 5618 5620 -1,
5576 5573 5574 -1,
5576 5574 5575 -1,
5576 5665 5673 -1,
5576 5584 5595 -1,
5576 5579 5584 -1,
5576 5673 5685 -1,
5576 5660 5665 -1,
5576 5595 5604 -1,
5576 5563 5568 -1,
5576 5611 5612 -1,
5576 5615 5616 -1,
5576 5577 5579 -1,
5576 5616 5617 -1,
5576 5617 5618 -1,
5576 5620 5621 -1,
5576 5621 5622 -1,
5576 5622 5623 -1,
5576 5623 5624 -1,
5576 5624 5625 -1,
5576 5625 5626 -1,
5576 5646 5648 -1,
5576 5626 5627 -1,
5576 5568 5573 -1,
5576 5627 5628 -1,
5576 5628 5629 -1,
5576 5629 5630 -1,
5576 5604 5606 -1,
5576 5630 5631 -1,
5576 5631 5632 -1,
5576 5632 5633 -1,
5576 5633 5634 -1,
5576 5634 5635 -1,
5576 5635 5636 -1,
5576 5636 5637 -1,
5576 5637 5638 -1,
5576 5638 5639 -1,
5576 5639 5640 -1,
5576 5640 5641 -1,
5576 5641 5642 -1,
5576 5642 5643 -1,
5576 5643 5644 -1,
5576 5644 5645 -1,
5576 5645 5646 -1,
5576 5609 5611 -1,
5576 5648 5649 -1,
5576 5649 5650 -1,
5576 5612 5615 -1,
5576 5650 5651 -1,
5576 5651 5652 -1,
5576 5652 5653 -1,
5576 5653 5654 -1,
5576 5654 5655 -1,
5648 5646 5647 -1,
5576 5655 5656 -1,
5576 5656 5657 -1,
5576 5657 5658 -1,
5576 5606 5609 -1,
5576 5685 5563 -1,
5576 5658 5659 -1,
5576 5659 5660 -1,
5618 5619 5620 -1,
5664 5661 5662 -1,
5664 5662 5663 -1,
5665 5660 5661 -1,
5665 5661 5664 -1,
5612 5613 5614 -1,
5612 5614 5615 -1,
5668 5665 5666 -1,
5668 5666 5667 -1,
5609 5610 5611 -1,
5669 5665 5668 -1,
5606 5607 5608 -1,
5606 5608 5609 -1,
5672 5670 5671 -1,
5673 5669 5670 -1,
5673 5665 5669 -1,
5673 5670 5672 -1,
5604 5605 5606 -1,
5676 5673 5674 -1,
5676 5674 5675 -1,
5679 5676 5677 -1,
5679 5677 5678 -1,
5679 5673 5676 -1,
5598 5599 5600 -1,
5598 5600 5601 -1,
5681 5679 5680 -1,
5596 5597 5598 -1,
5595 5596 5598 -1,
5595 5598 5601 -1,
5595 5601 5602 -1,
5595 5602 5603 -1,
5595 5603 5604 -1,
5683 5681 5682 -1,
5683 5673 5679 -1,
5683 5679 5681 -1,
5685 5683 5684 -1,
5685 5673 5683 -1,
5562 5560 5561 -1,
5562 5685 5560 -1,
5563 5685 5562 -1,
5587 5588 5589 -1,
5587 5589 5590 -1,
5566 5563 5564 -1,
5566 5564 5565 -1,
5585 5586 5587 -1,
5584 5585 5587 -1,
5584 5587 5590 -1,
5584 5590 5591 -1,
5584 5591 5592 -1,
5584 5592 5593 -1,
5584 5593 5594 -1,
5584 5594 5595 -1,
5568 5566 5567 -1,
5568 5563 5566 -1,
5570 5568 5569 -1,
5580 5581 5582 -1,
5580 5582 5583 -1,
5572 5570 5571 -1,
5572 5568 5570 -1,
5579 5580 5583 -1,
5579 5583 5584 -1,
5573 5568 5572 -1,
5702 5730 5734 -1,
5702 5788 5800 -1,
5702 5714 5717 -1,
5702 5805 5687 -1,
5702 5700 5701 -1,
5702 5783 5788 -1,
5702 5703 5704 -1,
5702 5704 5705 -1,
5702 5694 5700 -1,
5702 5739 5742 -1,
5702 5717 5718 -1,
5702 5705 5709 -1,
5702 5687 5694 -1,
5702 5738 5739 -1,
5702 5800 5805 -1,
5702 5742 5743 -1,
5702 5743 5744 -1,
5702 5744 5745 -1,
5702 5745 5746 -1,
5702 5746 5747 -1,
5702 5747 5748 -1,
5702 5748 5749 -1,
5702 5749 5750 -1,
5702 5750 5751 -1,
5702 5751 5752 -1,
5702 5752 5753 -1,
5702 5753 5754 -1,
5702 5754 5755 -1,
5702 5755 5756 -1,
5702 5756 5757 -1,
5702 5757 5758 -1,
5702 5721 5730 -1,
5702 5758 5759 -1,
5702 5759 5760 -1,
5702 5760 5761 -1,
5702 5761 5762 -1,
5702 5762 5763 -1,
5702 5763 5764 -1,
5702 5764 5765 -1,
5702 5765 5766 -1,
5702 5766 5767 -1,
5702 5767 5768 -1,
5702 5768 5769 -1,
5702 5769 5770 -1,
5702 5770 5771 -1,
5702 5771 5772 -1,
5702 5772 5773 -1,
5702 5709 5714 -1,
5702 5773 5774 -1,
5702 5774 5775 -1,
5702 5775 5776 -1,
5702 5776 5777 -1,
5702 5777 5778 -1,
5702 5778 5779 -1,
5702 5779 5780 -1,
5702 5780 5781 -1,
5702 5781 5782 -1,
5702 5782 5783 -1,
5702 5734 5738 -1,
5788 5786 5787 -1,
5788 5783 5784 -1,
5788 5784 5785 -1,
5788 5785 5786 -1,
5739 5740 5741 -1,
5739 5741 5742 -1,
5735 5736 5737 -1,
5734 5735 5737 -1,
5734 5737 5738 -1,
5796 5789 5790 -1,
5796 5790 5791 -1,
5796 5791 5792 -1,
5796 5792 5793 -1,
5796 5793 5794 -1,
5796 5794 5795 -1,
5797 5789 5796 -1,
5799 5797 5798 -1,
5730 5731 5732 -1,
5730 5732 5733 -1,
5730 5733 5734 -1,
5800 5788 5789 -1,
5800 5789 5797 -1,
5800 5797 5799 -1,
5802 5800 5801 -1,
5803 5800 5802 -1,
5726 5727 5728 -1,
5805 5803 5804 -1,
5805 5800 5803 -1,
5807 5805 5806 -1,
5722 5723 5724 -1,
5721 5724 5725 -1,
5721 5725 5726 -1,
5721 5728 5729 -1,
5721 5729 5730 -1,
5721 5726 5728 -1,
5721 5722 5724 -1,
5810 5808 5809 -1,
5718 5719 5720 -1,
5718 5720 5721 -1,
5686 5807 5808 -1,
5686 5810 5811 -1,
5686 5808 5810 -1,
5687 5805 5807 -1,
5687 5807 5686 -1,
5715 5716 5717 -1,
5689 5687 5688 -1,
5714 5715 5717 -1,
5690 5687 5689 -1,
5692 5690 5691 -1,
5711 5712 5713 -1,
5710 5711 5713 -1,
5694 5692 5693 -1,
5694 5687 5690 -1,
5694 5690 5692 -1,
5709 5710 5713 -1,
5709 5713 5714 -1,
5697 5695 5696 -1,
5705 5706 5707 -1,
5705 5707 5708 -1,
5705 5708 5709 -1,
5700 5694 5695 -1,
5700 5697 5698 -1,
5700 5698 5699 -1,
5700 5695 5697 -1,
5702 5718 5721 -1,
5829 5830 5831 -1,
5828 5870 5872 -1,
5828 5825 5826 -1,
5828 5826 5827 -1,
5828 5917 5925 -1,
5828 5836 5847 -1,
5828 5831 5836 -1,
5828 5925 5937 -1,
5828 5912 5917 -1,
5828 5847 5856 -1,
5828 5815 5820 -1,
5828 5863 5864 -1,
5828 5867 5868 -1,
5828 5829 5831 -1,
5828 5868 5869 -1,
5828 5869 5870 -1,
5828 5872 5873 -1,
5828 5873 5874 -1,
5828 5874 5875 -1,
5828 5875 5876 -1,
5828 5876 5877 -1,
5828 5877 5878 -1,
5828 5898 5900 -1,
5828 5878 5879 -1,
5828 5820 5825 -1,
5828 5879 5880 -1,
5828 5880 5881 -1,
5828 5881 5882 -1,
5828 5856 5858 -1,
5828 5882 5883 -1,
5828 5883 5884 -1,
5828 5884 5885 -1,
5828 5885 5886 -1,
5828 5886 5887 -1,
5828 5887 5888 -1,
5828 5888 5889 -1,
5828 5889 5890 -1,
5828 5890 5891 -1,
5828 5891 5892 -1,
5828 5892 5893 -1,
5828 5893 5894 -1,
5828 5894 5895 -1,
5828 5895 5896 -1,
5828 5896 5897 -1,
5828 5897 5898 -1,
5828 5861 5863 -1,
5828 5900 5901 -1,
5828 5901 5902 -1,
5828 5864 5867 -1,
5828 5902 5903 -1,
5828 5903 5904 -1,
5828 5904 5905 -1,
5828 5905 5906 -1,
5828 5906 5907 -1,
5900 5898 5899 -1,
5828 5907 5908 -1,
5828 5908 5909 -1,
5828 5909 5910 -1,
5828 5858 5861 -1,
5828 5937 5815 -1,
5828 5910 5911 -1,
5828 5911 5912 -1,
5870 5871 5872 -1,
5916 5913 5914 -1,
5916 5914 5915 -1,
5917 5912 5913 -1,
5917 5913 5916 -1,
5864 5865 5866 -1,
5864 5866 5867 -1,
5920 5917 5918 -1,
5920 5918 5919 -1,
5861 5862 5863 -1,
5921 5917 5920 -1,
5858 5859 5860 -1,
5858 5860 5861 -1,
5924 5922 5923 -1,
5925 5921 5922 -1,
5925 5917 5921 -1,
5925 5922 5924 -1,
5856 5857 5858 -1,
5928 5925 5926 -1,
5928 5926 5927 -1,
5931 5928 5929 -1,
5931 5929 5930 -1,
5931 5925 5928 -1,
5850 5851 5852 -1,
5850 5852 5853 -1,
5933 5931 5932 -1,
5848 5849 5850 -1,
5847 5848 5850 -1,
5847 5850 5853 -1,
5847 5853 5854 -1,
5847 5854 5855 -1,
5847 5855 5856 -1,
5935 5933 5934 -1,
5935 5925 5931 -1,
5935 5931 5933 -1,
5937 5935 5936 -1,
5937 5925 5935 -1,
5814 5812 5813 -1,
5814 5937 5812 -1,
5815 5937 5814 -1,
5839 5840 5841 -1,
5839 5841 5842 -1,
5818 5815 5816 -1,
5818 5816 5817 -1,
5837 5838 5839 -1,
5836 5837 5839 -1,
5836 5839 5842 -1,
5836 5842 5843 -1,
5836 5843 5844 -1,
5836 5844 5845 -1,
5836 5845 5846 -1,
5836 5846 5847 -1,
5820 5818 5819 -1,
5820 5815 5818 -1,
5822 5820 5821 -1,
5832 5833 5834 -1,
5832 5834 5835 -1,
5824 5822 5823 -1,
5824 5820 5822 -1,
5831 5832 5835 -1,
5831 5835 5836 -1,
5825 5820 5824 -1,
5954 6051 6054 -1,
5954 5992 5994 -1,
5954 5976 5979 -1,
5954 5963 5973 -1,
5954 6035 6039 -1,
5954 5955 5956 -1,
5954 5956 5963 -1,
5954 5984 5992 -1,
5954 6039 6046 -1,
5954 5945 5948 -1,
5954 6046 6051 -1,
5954 5994 5995 -1,
5954 5948 5953 -1,
5954 5995 5996 -1,
5954 5996 5997 -1,
5954 5997 5998 -1,
5954 5998 5999 -1,
5954 5999 6000 -1,
5954 6000 6001 -1,
5954 6001 6002 -1,
5954 6002 6003 -1,
5954 6003 6004 -1,
5954 6004 6005 -1,
5954 6005 6006 -1,
5954 6006 6007 -1,
5954 6007 6008 -1,
5954 6008 6009 -1,
5954 6054 6057 -1,
5954 6009 6010 -1,
5954 6010 6011 -1,
5954 6011 6012 -1,
5954 6012 6013 -1,
5954 6013 6014 -1,
5954 5979 5984 -1,
5954 6014 6015 -1,
5954 6015 6016 -1,
5954 6027 6029 -1,
5954 6016 6017 -1,
5954 6017 6018 -1,
5954 6018 6019 -1,
5954 6019 6020 -1,
5954 6020 6021 -1,
5954 6021 6022 -1,
5954 6022 6023 -1,
5954 6023 6024 -1,
5954 6024 6025 -1,
5954 6025 6026 -1,
5954 6026 6027 -1,
5954 5973 5976 -1,
5954 6029 6030 -1,
5954 5941 5945 -1,
5954 6030 6031 -1,
5954 6057 6063 -1,
5954 6031 6032 -1,
5954 6063 5941 -1,
5954 6032 6033 -1,
5954 6033 6034 -1,
5954 6034 6035 -1,
6029 6027 6028 -1,
6039 6035 6036 -1,
6039 6036 6037 -1,
6039 6037 6038 -1,
5992 5993 5994 -1,
6043 6041 6042 -1,
6044 6041 6043 -1,
6045 6039 6040 -1,
6045 6040 6041 -1,
6045 6041 6044 -1,
6046 6039 6045 -1,
5987 5988 5989 -1,
6049 6046 6047 -1,
6049 6047 6048 -1,
5984 5985 5986 -1,
5984 5986 5987 -1,
5984 5989 5990 -1,
5984 5990 5991 -1,
5984 5991 5992 -1,
5984 5987 5989 -1,
6050 6046 6049 -1,
6051 6046 6050 -1,
5980 5981 5982 -1,
5980 5982 5983 -1,
5980 5983 5984 -1,
6054 6051 6052 -1,
6054 6052 6053 -1,
5979 5980 5984 -1,
5977 5978 5979 -1,
6057 6054 6055 -1,
6057 6055 6056 -1,
5976 5977 5979 -1,
6059 6057 6058 -1,
6060 6057 6059 -1,
5973 5974 5975 -1,
5973 5975 5976 -1,
6063 6060 6061 -1,
6063 6061 6062 -1,
6063 6057 6060 -1,
5940 5938 5939 -1,
5940 6063 5938 -1,
5941 6063 5940 -1,
5965 5966 5967 -1,
5965 5967 5968 -1,
5965 5968 5969 -1,
5965 5969 5970 -1,
5943 5941 5942 -1,
5963 5965 5970 -1,
5963 5964 5965 -1,
5963 5970 5971 -1,
5963 5971 5972 -1,
5963 5972 5973 -1,
5945 5941 5943 -1,
5945 5943 5944 -1,
5961 5962 5963 -1,
5948 5945 5946 -1,
5948 5946 5947 -1,
5959 5960 5961 -1,
5959 5961 5963 -1,
5950 5948 5949 -1,
5957 5959 5963 -1,
5957 5958 5959 -1,
5956 5957 5963 -1,
5952 5950 5951 -1,
5953 5948 5950 -1,
5953 5950 5952 -1,
6080 6177 6180 -1,
6080 6118 6120 -1,
6080 6102 6105 -1,
6080 6089 6099 -1,
6080 6161 6165 -1,
6080 6081 6082 -1,
6080 6082 6089 -1,
6080 6110 6118 -1,
6080 6165 6172 -1,
6080 6071 6074 -1,
6080 6172 6177 -1,
6080 6120 6121 -1,
6080 6074 6079 -1,
6080 6121 6122 -1,
6080 6122 6123 -1,
6080 6123 6124 -1,
6080 6124 6125 -1,
6080 6125 6126 -1,
6080 6126 6127 -1,
6080 6127 6128 -1,
6080 6128 6129 -1,
6080 6129 6130 -1,
6080 6130 6131 -1,
6080 6131 6132 -1,
6080 6132 6133 -1,
6080 6133 6134 -1,
6080 6134 6135 -1,
6080 6180 6183 -1,
6080 6135 6136 -1,
6080 6136 6137 -1,
6080 6137 6138 -1,
6080 6138 6139 -1,
6080 6139 6140 -1,
6080 6105 6110 -1,
6080 6140 6141 -1,
6080 6141 6142 -1,
6080 6153 6155 -1,
6080 6142 6143 -1,
6080 6143 6144 -1,
6080 6144 6145 -1,
6080 6145 6146 -1,
6080 6146 6147 -1,
6080 6147 6148 -1,
6080 6148 6149 -1,
6080 6149 6150 -1,
6080 6150 6151 -1,
6080 6151 6152 -1,
6080 6152 6153 -1,
6080 6099 6102 -1,
6080 6155 6156 -1,
6080 6067 6071 -1,
6080 6156 6157 -1,
6080 6183 6189 -1,
6080 6157 6158 -1,
6080 6189 6067 -1,
6080 6158 6159 -1,
6080 6159 6160 -1,
6080 6160 6161 -1,
6155 6153 6154 -1,
6165 6161 6162 -1,
6165 6162 6163 -1,
6165 6163 6164 -1,
6118 6119 6120 -1,
6169 6167 6168 -1,
6170 6167 6169 -1,
6171 6165 6166 -1,
6171 6166 6167 -1,
6171 6167 6170 -1,
6172 6165 6171 -1,
6113 6114 6115 -1,
6175 6172 6173 -1,
6175 6173 6174 -1,
6110 6111 6112 -1,
6110 6112 6113 -1,
6110 6115 6116 -1,
6110 6116 6117 -1,
6110 6117 6118 -1,
6110 6113 6115 -1,
6176 6172 6175 -1,
6177 6172 6176 -1,
6106 6107 6108 -1,
6106 6108 6109 -1,
6106 6109 6110 -1,
6180 6177 6178 -1,
6180 6178 6179 -1,
6105 6106 6110 -1,
6103 6104 6105 -1,
6183 6180 6181 -1,
6183 6181 6182 -1,
6102 6103 6105 -1,
6185 6183 6184 -1,
6186 6183 6185 -1,
6099 6100 6101 -1,
6099 6101 6102 -1,
6189 6186 6187 -1,
6189 6187 6188 -1,
6189 6183 6186 -1,
6066 6064 6065 -1,
6066 6189 6064 -1,
6067 6189 6066 -1,
6091 6092 6093 -1,
6091 6093 6094 -1,
6091 6094 6095 -1,
6091 6095 6096 -1,
6069 6067 6068 -1,
6089 6091 6096 -1,
6089 6090 6091 -1,
6089 6096 6097 -1,
6089 6097 6098 -1,
6089 6098 6099 -1,
6071 6067 6069 -1,
6071 6069 6070 -1,
6087 6088 6089 -1,
6074 6071 6072 -1,
6074 6072 6073 -1,
6085 6086 6087 -1,
6085 6087 6089 -1,
6076 6074 6075 -1,
6083 6085 6089 -1,
6083 6084 6085 -1,
6082 6083 6089 -1,
6078 6076 6077 -1,
6079 6074 6076 -1,
6079 6076 6078 -1,
6205 6198 6204 -1,
6206 6291 6292 -1,
6206 6292 6293 -1,
6206 6208 6214 -1,
6206 6288 6291 -1,
6206 6207 6208 -1,
6206 6245 6247 -1,
6206 6293 6299 -1,
6206 6299 6306 -1,
6206 6231 6233 -1,
6206 6236 6238 -1,
6206 6221 6222 -1,
6206 6191 6196 -1,
6206 6306 6313 -1,
6206 6233 6234 -1,
6206 6240 6241 -1,
6206 6241 6242 -1,
6206 6214 6221 -1,
6206 6247 6248 -1,
6206 6248 6249 -1,
6206 6249 6250 -1,
6206 6238 6240 -1,
6206 6250 6251 -1,
6206 6251 6252 -1,
6206 6242 6245 -1,
6206 6198 6205 -1,
6206 6252 6253 -1,
6206 6253 6254 -1,
6206 6234 6236 -1,
6206 6254 6255 -1,
6206 6255 6256 -1,
6206 6256 6257 -1,
6206 6257 6258 -1,
6206 6258 6259 -1,
6206 6259 6260 -1,
6206 6260 6261 -1,
6206 6261 6262 -1,
6206 6262 6263 -1,
6206 6263 6264 -1,
6206 6264 6265 -1,
6206 6265 6266 -1,
6206 6225 6231 -1,
6206 6266 6267 -1,
6206 6267 6268 -1,
6206 6313 6191 -1,
6206 6268 6269 -1,
6206 6269 6270 -1,
6206 6270 6271 -1,
6206 6271 6272 -1,
6206 6272 6273 -1,
6206 6273 6274 -1,
6206 6274 6275 -1,
6206 6275 6276 -1,
6206 6276 6277 -1,
6206 6277 6278 -1,
6206 6278 6279 -1,
6206 6222 6225 -1,
6206 6279 6280 -1,
6206 6280 6281 -1,
6206 6281 6282 -1,
6206 6282 6283 -1,
6206 6283 6284 -1,
6206 6284 6285 -1,
6206 6196 6198 -1,
6206 6285 6286 -1,
6206 6286 6287 -1,
6206 6287 6288 -1,
6291 6288 6289 -1,
6291 6289 6290 -1,
6245 6246 6247 -1,
6242 6243 6244 -1,
6242 6244 6245 -1,
6297 6294 6295 -1,
6297 6295 6296 -1,
6299 6293 6294 -1,
6299 6297 6298 -1,
6299 6294 6297 -1,
6238 6239 6240 -1,
6236 6237 6238 -1,
6302 6300 6301 -1,
6234 6235 6236 -1,
6304 6302 6303 -1,
6304 6300 6302 -1,
6305 6299 6300 -1,
6305 6300 6304 -1,
6306 6299 6305 -1,
6231 6232 6233 -1,
6227 6228 6229 -1,
6227 6229 6230 -1,
6227 6230 6231 -1,
6311 6309 6310 -1,
6312 6309 6311 -1,
6225 6226 6227 -1,
6225 6227 6231 -1,
6313 6306 6307 -1,
6313 6307 6308 -1,
6313 6308 6309 -1,
6313 6309 6312 -1,
6222 6223 6224 -1,
6222 6224 6225 -1,
6191 6313 6314 -1,
6191 6314 6315 -1,
6191 6315 6190 -1,
6194 6191 6192 -1,
6194 6192 6193 -1,
6216 6217 6218 -1,
6196 6194 6195 -1,
6196 6191 6194 -1,
6215 6216 6218 -1,
6214 6215 6218 -1,
6214 6218 6219 -1,
6214 6219 6220 -1,
6214 6220 6221 -1,
6198 6196 6197 -1,
6210 6211 6212 -1,
6210 6212 6213 -1,
6202 6200 6201 -1,
6209 6213 6214 -1,
6209 6210 6213 -1,
6203 6198 6199 -1,
6203 6199 6200 -1,
6203 6200 6202 -1,
6208 6209 6214 -1,
6204 6198 6203 -1,
6331 6324 6330 -1,
6332 6417 6418 -1,
6332 6418 6419 -1,
6332 6334 6340 -1,
6332 6414 6417 -1,
6332 6333 6334 -1,
6332 6371 6373 -1,
6332 6419 6425 -1,
6332 6425 6432 -1,
6332 6357 6359 -1,
6332 6362 6364 -1,
6332 6347 6348 -1,
6332 6317 6322 -1,
6332 6432 6439 -1,
6332 6359 6360 -1,
6332 6366 6367 -1,
6332 6367 6368 -1,
6332 6340 6347 -1,
6332 6373 6374 -1,
6332 6374 6375 -1,
6332 6375 6376 -1,
6332 6364 6366 -1,
6332 6376 6377 -1,
6332 6377 6378 -1,
6332 6368 6371 -1,
6332 6324 6331 -1,
6332 6378 6379 -1,
6332 6379 6380 -1,
6332 6360 6362 -1,
6332 6380 6381 -1,
6332 6381 6382 -1,
6332 6382 6383 -1,
6332 6383 6384 -1,
6332 6384 6385 -1,
6332 6385 6386 -1,
6332 6386 6387 -1,
6332 6387 6388 -1,
6332 6388 6389 -1,
6332 6389 6390 -1,
6332 6390 6391 -1,
6332 6391 6392 -1,
6332 6351 6357 -1,
6332 6392 6393 -1,
6332 6393 6394 -1,
6332 6439 6317 -1,
6332 6394 6395 -1,
6332 6395 6396 -1,
6332 6396 6397 -1,
6332 6397 6398 -1,
6332 6398 6399 -1,
6332 6399 6400 -1,
6332 6400 6401 -1,
6332 6401 6402 -1,
6332 6402 6403 -1,
6332 6403 6404 -1,
6332 6404 6405 -1,
6332 6348 6351 -1,
6332 6405 6406 -1,
6332 6406 6407 -1,
6332 6407 6408 -1,
6332 6408 6409 -1,
6332 6409 6410 -1,
6332 6410 6411 -1,
6332 6322 6324 -1,
6332 6411 6412 -1,
6332 6412 6413 -1,
6332 6413 6414 -1,
6417 6414 6415 -1,
6417 6415 6416 -1,
6371 6372 6373 -1,
6368 6369 6370 -1,
6368 6370 6371 -1,
6423 6420 6421 -1,
6423 6421 6422 -1,
6425 6419 6420 -1,
6425 6423 6424 -1,
6425 6420 6423 -1,
6364 6365 6366 -1,
6362 6363 6364 -1,
6428 6426 6427 -1,
6360 6361 6362 -1,
6430 6428 6429 -1,
6430 6426 6428 -1,
6431 6425 6426 -1,
6431 6426 6430 -1,
6432 6425 6431 -1,
6357 6358 6359 -1,
6353 6354 6355 -1,
6353 6355 6356 -1,
6353 6356 6357 -1,
6437 6435 6436 -1,
6438 6435 6437 -1,
6351 6352 6353 -1,
6351 6353 6357 -1,
6439 6432 6433 -1,
6439 6433 6434 -1,
6439 6434 6435 -1,
6439 6435 6438 -1,
6348 6349 6350 -1,
6348 6350 6351 -1,
6317 6439 6440 -1,
6317 6440 6441 -1,
6317 6441 6316 -1,
6320 6317 6318 -1,
6320 6318 6319 -1,
6342 6343 6344 -1,
6322 6320 6321 -1,
6322 6317 6320 -1,
6341 6342 6344 -1,
6340 6341 6344 -1,
6340 6344 6345 -1,
6340 6345 6346 -1,
6340 6346 6347 -1,
6324 6322 6323 -1,
6336 6337 6338 -1,
6336 6338 6339 -1,
6328 6326 6327 -1,
6335 6339 6340 -1,
6335 6336 6339 -1,
6329 6324 6325 -1,
6329 6325 6326 -1,
6329 6326 6328 -1,
6334 6335 6340 -1,
6330 6324 6329 -1,
6457 6450 6456 -1,
6458 6543 6544 -1,
6458 6544 6545 -1,
6458 6460 6466 -1,
6458 6540 6543 -1,
6458 6459 6460 -1,
6458 6497 6499 -1,
6458 6545 6551 -1,
6458 6551 6558 -1,
6458 6483 6485 -1,
6458 6488 6490 -1,
6458 6473 6474 -1,
6458 6443 6448 -1,
6458 6558 6565 -1,
6458 6485 6486 -1,
6458 6492 6493 -1,
6458 6493 6494 -1,
6458 6466 6473 -1,
6458 6499 6500 -1,
6458 6500 6501 -1,
6458 6501 6502 -1,
6458 6490 6492 -1,
6458 6502 6503 -1,
6458 6503 6504 -1,
6458 6494 6497 -1,
6458 6450 6457 -1,
6458 6504 6505 -1,
6458 6505 6506 -1,
6458 6486 6488 -1,
6458 6506 6507 -1,
6458 6507 6508 -1,
6458 6508 6509 -1,
6458 6509 6510 -1,
6458 6510 6511 -1,
6458 6511 6512 -1,
6458 6512 6513 -1,
6458 6513 6514 -1,
6458 6514 6515 -1,
6458 6515 6516 -1,
6458 6516 6517 -1,
6458 6517 6518 -1,
6458 6477 6483 -1,
6458 6518 6519 -1,
6458 6519 6520 -1,
6458 6565 6443 -1,
6458 6520 6521 -1,
6458 6521 6522 -1,
6458 6522 6523 -1,
6458 6523 6524 -1,
6458 6524 6525 -1,
6458 6525 6526 -1,
6458 6526 6527 -1,
6458 6527 6528 -1,
6458 6528 6529 -1,
6458 6529 6530 -1,
6458 6530 6531 -1,
6458 6474 6477 -1,
6458 6531 6532 -1,
6458 6532 6533 -1,
6458 6533 6534 -1,
6458 6534 6535 -1,
6458 6535 6536 -1,
6458 6536 6537 -1,
6458 6448 6450 -1,
6458 6537 6538 -1,
6458 6538 6539 -1,
6458 6539 6540 -1,
6543 6540 6541 -1,
6543 6541 6542 -1,
6497 6498 6499 -1,
6494 6495 6496 -1,
6494 6496 6497 -1,
6549 6546 6547 -1,
6549 6547 6548 -1,
6551 6545 6546 -1,
6551 6549 6550 -1,
6551 6546 6549 -1,
6490 6491 6492 -1,
6488 6489 6490 -1,
6554 6552 6553 -1,
6486 6487 6488 -1,
6556 6554 6555 -1,
6556 6552 6554 -1,
6557 6551 6552 -1,
6557 6552 6556 -1,
6558 6551 6557 -1,
6483 6484 6485 -1,
6479 6480 6481 -1,
6479 6481 6482 -1,
6479 6482 6483 -1,
6563 6561 6562 -1,
6564 6561 6563 -1,
6477 6478 6479 -1,
6477 6479 6483 -1,
6565 6558 6559 -1,
6565 6559 6560 -1,
6565 6560 6561 -1,
6565 6561 6564 -1,
6474 6475 6476 -1,
6474 6476 6477 -1,
6443 6565 6566 -1,
6443 6566 6567 -1,
6443 6567 6442 -1,
6446 6443 6444 -1,
6446 6444 6445 -1,
6468 6469 6470 -1,
6448 6446 6447 -1,
6448 6443 6446 -1,
6467 6468 6470 -1,
6466 6467 6470 -1,
6466 6470 6471 -1,
6466 6471 6472 -1,
6466 6472 6473 -1,
6450 6448 6449 -1,
6462 6463 6464 -1,
6462 6464 6465 -1,
6454 6452 6453 -1,
6461 6465 6466 -1,
6461 6462 6465 -1,
6455 6450 6451 -1,
6455 6451 6452 -1,
6455 6452 6454 -1,
6460 6461 6466 -1,
6456 6450 6455 -1,
6653 6651 6652 -1,
6657 6654 6655 -1,
6657 6655 6656 -1,
6659 6657 6658 -1,
6626 6627 6628 -1,
6626 6628 6629 -1,
6669 6666 6667 -1,
6669 6667 6668 -1,
6670 6666 6669 -1,
6622 6623 6624 -1,
6622 6624 6625 -1,
6675 6672 6673 -1,
6675 6673 6674 -1,
6676 6670 6671 -1,
6676 6671 6672 -1,
6676 6672 6675 -1,
6617 6618 6619 -1,
6616 6617 6619 -1,
6678 6676 6677 -1,
6679 6676 6678 -1,
6680 6676 6679 -1,
6681 6676 6680 -1,
6612 6613 6614 -1,
6612 6614 6615 -1,
6612 6616 6619 -1,
6612 6615 6616 -1,
6612 6619 6620 -1,
6612 6620 6621 -1,
6612 6621 6622 -1,
6682 6676 6681 -1,
6684 6682 6683 -1,
6609 6610 6611 -1,
6686 6684 6685 -1,
6686 6682 6684 -1,
6607 6609 6611 -1,
6607 6608 6609 -1,
6687 6682 6686 -1,
6605 6606 6607 -1,
6689 6687 6688 -1,
6689 6682 6687 -1,
6604 6605 6607 -1,
6691 6689 6690 -1,
6691 6682 6689 -1,
6601 6602 6603 -1,
6693 6691 6692 -1,
6569 6693 6568 -1,
6596 6597 6598 -1,
6595 6598 6599 -1,
6595 6599 6600 -1,
6595 6596 6598 -1,
6573 6570 6571 -1,
6573 6571 6572 -1,
6574 6569 6570 -1,
6574 6570 6573 -1,
6592 6593 6594 -1,
6592 6594 6595 -1,
6576 6574 6575 -1,
6577 6574 6576 -1,
6588 6589 6590 -1,
6588 6590 6591 -1,
6580 6577 6578 -1,
6580 6578 6579 -1,
6587 6588 6591 -1,
6587 6591 6592 -1,
6582 6580 6581 -1,
6582 6574 6577 -1,
6582 6577 6580 -1,
6585 6586 6587 -1,
6585 6587 6592 -1,
6584 6569 6574 -1,
6584 6670 6676 -1,
6584 6582 6583 -1,
6584 6666 6670 -1,
6584 6574 6582 -1,
6584 6600 6601 -1,
6584 6682 6691 -1,
6584 6603 6604 -1,
6584 6585 6592 -1,
6584 6626 6629 -1,
6584 6611 6612 -1,
6584 6651 6653 -1,
6584 6657 6659 -1,
6584 6625 6626 -1,
6584 6612 6622 -1,
6584 6629 6630 -1,
6584 6601 6603 -1,
6584 6630 6631 -1,
6584 6595 6600 -1,
6584 6676 6682 -1,
6584 6631 6632 -1,
6584 6632 6633 -1,
6584 6633 6634 -1,
6584 6634 6635 -1,
6584 6635 6636 -1,
6584 6636 6637 -1,
6584 6654 6657 -1,
6584 6637 6638 -1,
6584 6638 6639 -1,
6584 6639 6640 -1,
6584 6640 6641 -1,
6584 6641 6642 -1,
6584 6642 6643 -1,
6584 6622 6625 -1,
6584 6643 6644 -1,
6584 6644 6645 -1,
6584 6645 6646 -1,
6584 6646 6647 -1,
6584 6647 6648 -1,
6584 6648 6649 -1,
6584 6649 6650 -1,
6584 6650 6651 -1,
6584 6607 6611 -1,
6584 6653 6654 -1,
6584 6693 6569 -1,
6584 6659 6660 -1,
6584 6660 6661 -1,
6584 6661 6662 -1,
6584 6662 6663 -1,
6584 6663 6664 -1,
6584 6592 6595 -1,
6584 6691 6693 -1,
6584 6664 6665 -1,
6584 6665 6666 -1,
6584 6604 6607 -1,
6709 6702 6708 -1,
6710 6795 6796 -1,
6710 6796 6797 -1,
6710 6712 6718 -1,
6710 6792 6795 -1,
6710 6711 6712 -1,
6710 6749 6751 -1,
6710 6797 6803 -1,
6710 6803 6810 -1,
6710 6735 6737 -1,
6710 6740 6742 -1,
6710 6725 6726 -1,
6710 6695 6700 -1,
6710 6810 6817 -1,
6710 6737 6738 -1,
6710 6744 6745 -1,
6710 6745 6746 -1,
6710 6718 6725 -1,
6710 6751 6752 -1,
6710 6752 6753 -1,
6710 6753 6754 -1,
6710 6742 6744 -1,
6710 6754 6755 -1,
6710 6755 6756 -1,
6710 6746 6749 -1,
6710 6702 6709 -1,
6710 6756 6757 -1,
6710 6757 6758 -1,
6710 6738 6740 -1,
6710 6758 6759 -1,
6710 6759 6760 -1,
6710 6760 6761 -1,
6710 6761 6762 -1,
6710 6762 6763 -1,
6710 6763 6764 -1,
6710 6764 6765 -1,
6710 6765 6766 -1,
6710 6766 6767 -1,
6710 6767 6768 -1,
6710 6768 6769 -1,
6710 6769 6770 -1,
6710 6729 6735 -1,
6710 6770 6771 -1,
6710 6771 6772 -1,
6710 6817 6695 -1,
6710 6772 6773 -1,
6710 6773 6774 -1,
6710 6774 6775 -1,
6710 6775 6776 -1,
6710 6776 6777 -1,
6710 6777 6778 -1,
6710 6778 6779 -1,
6710 6779 6780 -1,
6710 6780 6781 -1,
6710 6781 6782 -1,
6710 6782 6783 -1,
6710 6726 6729 -1,
6710 6783 6784 -1,
6710 6784 6785 -1,
6710 6785 6786 -1,
6710 6786 6787 -1,
6710 6787 6788 -1,
6710 6788 6789 -1,
6710 6700 6702 -1,
6710 6789 6790 -1,
6710 6790 6791 -1,
6710 6791 6792 -1,
6795 6792 6793 -1,
6795 6793 6794 -1,
6749 6750 6751 -1,
6746 6747 6748 -1,
6746 6748 6749 -1,
6801 6798 6799 -1,
6801 6799 6800 -1,
6803 6797 6798 -1,
6803 6801 6802 -1,
6803 6798 6801 -1,
6742 6743 6744 -1,
6740 6741 6742 -1,
6806 6804 6805 -1,
6738 6739 6740 -1,
6808 6806 6807 -1,
6808 6804 6806 -1,
6809 6803 6804 -1,
6809 6804 6808 -1,
6810 6803 6809 -1,
6735 6736 6737 -1,
6731 6732 6733 -1,
6731 6733 6734 -1,
6731 6734 6735 -1,
6815 6813 6814 -1,
6816 6813 6815 -1,
6729 6730 6731 -1,
6729 6731 6735 -1,
6817 6810 6811 -1,
6817 6811 6812 -1,
6817 6812 6813 -1,
6817 6813 6816 -1,
6726 6727 6728 -1,
6726 6728 6729 -1,
6695 6817 6818 -1,
6695 6818 6819 -1,
6695 6819 6694 -1,
6698 6695 6696 -1,
6698 6696 6697 -1,
6720 6721 6722 -1,
6700 6698 6699 -1,
6700 6695 6698 -1,
6719 6720 6722 -1,
6718 6719 6722 -1,
6718 6722 6723 -1,
6718 6723 6724 -1,
6718 6724 6725 -1,
6702 6700 6701 -1,
6714 6715 6716 -1,
6714 6716 6717 -1,
6706 6704 6705 -1,
6713 6717 6718 -1,
6713 6714 6717 -1,
6707 6702 6703 -1,
6707 6703 6704 -1,
6707 6704 6706 -1,
6712 6713 6718 -1,
6708 6702 6707 -1,
6835 6832 6834 -1,
6836 6921 6922 -1,
6836 6943 6821 -1,
6836 6840 6844 -1,
6836 6917 6921 -1,
6836 6832 6835 -1,
6836 6874 6876 -1,
6836 6851 6852 -1,
6836 6922 6928 -1,
6836 6869 6873 -1,
6836 6867 6869 -1,
6836 6863 6864 -1,
6836 6844 6848 -1,
6836 6928 6936 -1,
6836 6852 6855 -1,
6836 6873 6874 -1,
6836 6837 6840 -1,
6836 6876 6877 -1,
6836 6877 6878 -1,
6836 6878 6879 -1,
6836 6879 6880 -1,
6836 6880 6881 -1,
6836 6881 6882 -1,
6836 6826 6832 -1,
6836 6882 6883 -1,
6836 6883 6884 -1,
6836 6884 6885 -1,
6836 6885 6886 -1,
6836 6906 6908 -1,
6836 6886 6887 -1,
6836 6887 6888 -1,
6836 6821 6826 -1,
6836 6888 6889 -1,
6836 6889 6890 -1,
6836 6890 6891 -1,
6836 6891 6892 -1,
6836 6892 6893 -1,
6836 6893 6894 -1,
6836 6855 6863 -1,
6836 6894 6895 -1,
6836 6895 6896 -1,
6836 6896 6897 -1,
6836 6940 6943 -1,
6836 6897 6898 -1,
6836 6909 6911 -1,
6836 6898 6899 -1,
6836 6899 6900 -1,
6836 6900 6901 -1,
6836 6901 6902 -1,
6836 6902 6903 -1,
6836 6903 6904 -1,
6836 6904 6905 -1,
6836 6905 6906 -1,
6836 6908 6909 -1,
6836 6864 6867 -1,
6836 6936 6940 -1,
6836 6911 6912 -1,
6836 6912 6913 -1,
6836 6913 6914 -1,
6836 6914 6915 -1,
6836 6915 6916 -1,
6836 6848 6851 -1,
6836 6916 6917 -1,
6908 6906 6907 -1,
6911 6909 6910 -1,
6921 6917 6918 -1,
6921 6918 6919 -1,
6921 6919 6920 -1,
6874 6875 6876 -1,
6927 6924 6925 -1,
6927 6925 6926 -1,
6928 6922 6923 -1,
6928 6923 6924 -1,
6928 6924 6927 -1,
6869 6870 6871 -1,
6869 6871 6872 -1,
6869 6872 6873 -1,
6930 6928 6929 -1,
6867 6868 6869 -1,
6933 6930 6931 -1,
6933 6931 6932 -1,
6864 6865 6866 -1,
6864 6866 6867 -1,
6934 6930 6933 -1,
6934 6928 6930 -1,
6936 6934 6935 -1,
6936 6928 6934 -1,
6860 6861 6862 -1,
6940 6936 6937 -1,
6940 6937 6938 -1,
6940 6938 6939 -1,
6857 6858 6859 -1,
6856 6857 6859 -1,
6942 6940 6941 -1,
6855 6859 6860 -1,
6855 6862 6863 -1,
6855 6860 6862 -1,
6855 6856 6859 -1,
6943 6940 6942 -1,
6852 6853 6854 -1,
6852 6854 6855 -1,
6821 6943 6944 -1,
6821 6944 6945 -1,
6821 6945 6820 -1,
6848 6849 6850 -1,
6848 6850 6851 -1,
6825 6821 6822 -1,
6825 6822 6823 -1,
6825 6823 6824 -1,
6826 6821 6825 -1,
6845 6846 6847 -1,
6845 6847 6848 -1,
6844 6845 6848 -1,
6830 6827 6828 -1,
6830 6828 6829 -1,
6831 6827 6830 -1,
6840 6841 6842 -1,
6840 6842 6843 -1,
6840 6843 6844 -1,
6832 6826 6827 -1,
6832 6827 6831 -1,
6834 6832 6833 -1,
6837 6838 6839 -1,
6837 6839 6840 -1,
6961 6958 6960 -1,
6962 7047 7048 -1,
6962 7069 6947 -1,
6962 6966 6970 -1,
6962 7043 7047 -1,
6962 6958 6961 -1,
6962 7000 7002 -1,
6962 6977 6978 -1,
6962 7048 7054 -1,
6962 6995 6999 -1,
6962 6993 6995 -1,
6962 6989 6990 -1,
6962 6970 6974 -1,
6962 7054 7062 -1,
6962 6978 6981 -1,
6962 6999 7000 -1,
6962 6963 6966 -1,
6962 7002 7003 -1,
6962 7003 7004 -1,
6962 7004 7005 -1,
6962 7005 7006 -1,
6962 7006 7007 -1,
6962 7007 7008 -1,
6962 6952 6958 -1,
6962 7008 7009 -1,
6962 7009 7010 -1,
6962 7010 7011 -1,
6962 7011 7012 -1,
6962 7032 7034 -1,
6962 7012 7013 -1,
6962 7013 7014 -1,
6962 6947 6952 -1,
6962 7014 7015 -1,
6962 7015 7016 -1,
6962 7016 7017 -1,
6962 7017 7018 -1,
6962 7018 7019 -1,
6962 7019 7020 -1,
6962 6981 6989 -1,
6962 7020 7021 -1,
6962 7021 7022 -1,
6962 7022 7023 -1,
6962 7066 7069 -1,
6962 7023 7024 -1,
6962 7035 7037 -1,
6962 7024 7025 -1,
6962 7025 7026 -1,
6962 7026 7027 -1,
6962 7027 7028 -1,
6962 7028 7029 -1,
6962 7029 7030 -1,
6962 7030 7031 -1,
6962 7031 7032 -1,
6962 7034 7035 -1,
6962 6990 6993 -1,
6962 7062 7066 -1,
6962 7037 7038 -1,
6962 7038 7039 -1,
6962 7039 7040 -1,
6962 7040 7041 -1,
6962 7041 7042 -1,
6962 6974 6977 -1,
6962 7042 7043 -1,
7034 7032 7033 -1,
7037 7035 7036 -1,
7047 7043 7044 -1,
7047 7044 7045 -1,
7047 7045 7046 -1,
7000 7001 7002 -1,
7053 7050 7051 -1,
7053 7051 7052 -1,
7054 7048 7049 -1,
7054 7049 7050 -1,
7054 7050 7053 -1,
6995 6996 6997 -1,
6995 6997 6998 -1,
6995 6998 6999 -1,
7056 7054 7055 -1,
6993 6994 6995 -1,
7059 7056 7057 -1,
7059 7057 7058 -1,
6990 6991 6992 -1,
6990 6992 6993 -1,
7060 7056 7059 -1,
7060 7054 7056 -1,
7062 7060 7061 -1,
7062 7054 7060 -1,
6986 6987 6988 -1,
7066 7062 7063 -1,
7066 7063 7064 -1,
7066 7064 7065 -1,
6983 6984 6985 -1,
6982 6983 6985 -1,
7068 7066 7067 -1,
6981 6985 6986 -1,
6981 6988 6989 -1,
6981 6986 6988 -1,
6981 6982 6985 -1,
7069 7066 7068 -1,
6978 6979 6980 -1,
6978 6980 6981 -1,
6947 7069 7070 -1,
6947 7070 7071 -1,
6947 7071 6946 -1,
6974 6975 6976 -1,
6974 6976 6977 -1,
6951 6947 6948 -1,
6951 6948 6949 -1,
6951 6949 6950 -1,
6952 6947 6951 -1,
6971 6972 6973 -1,
6971 6973 6974 -1,
6970 6971 6974 -1,
6956 6953 6954 -1,
6956 6954 6955 -1,
6957 6953 6956 -1,
6966 6967 6968 -1,
6966 6968 6969 -1,
6966 6969 6970 -1,
6958 6952 6953 -1,
6958 6953 6957 -1,
6960 6958 6959 -1,
6963 6964 6965 -1,
6963 6965 6966 -1 ] } }
Shape { appearance Appearance { material Material { diffuseColor 0.1 0.105 0.11 } } geometry IndexedFaceSet { solid FALSE coord Coordinate { point [ 0.200787 -13.375984 2.244094,
0.200787 -13.375984 3.543307,
0.200787 0.375984 2.244094,
0.200787 0.375984 3.543307,
2.799213 -13.375984 2.244094,
2.799213 -13.375984 3.543307,
1.211095 0.204982 3.543307,
1.224805 0.190895 3.543307,
1.239201 0.177510 3.543307,
1.198105 0.219736 3.543307,
1.254247 0.164860 3.543307,
1.185868 0.235120 3.543307,
1.269906 0.152977 3.543307,
1.174414 0.251096 3.543307,
1.286139 0.141890 3.543307,
1.163771 0.267623 3.543307,
1.302905 0.131628 3.543307,
1.153967 0.284661 3.543307,
1.320162 0.122215 3.543307,
1.145025 0.302167 3.543307,
1.337867 0.113675 3.543307,
1.136969 0.320097 3.543307,
1.355977 0.106029 3.543307,
1.129817 0.338408 3.543307,
1.374446 0.099297 3.543307,
1.123588 0.357052 3.543307,
1.393227 0.093495 3.543307,
1.118298 0.375984 3.543307,
1.412275 0.088638 3.543307,
1.431542 0.084738 3.543307,
1.450979 0.081804 3.543307,
1.470538 0.079844 3.543307,
1.490171 0.078863 3.543307,
1.509829 0.078863 3.543307,
1.529462 0.079844 3.543307,
1.549021 0.081804 3.543307,
1.568458 0.084738 3.543307,
1.587725 0.088638 3.543307,
1.606773 0.093495 3.543307,
1.625554 0.099297 3.543307,
2.799213 0.375984 3.543307,
1.644023 0.106029 3.543307,
1.662133 0.113675 3.543307,
1.679838 0.122215 3.543307,
1.697095 0.131628 3.543307,
1.713861 0.141890 3.543307,
1.730094 0.152977 3.543307,
1.745753 0.164860 3.543307,
1.760799 0.177510 3.543307,
1.775195 0.190895 3.543307,
1.788905 0.204982 3.543307,
1.801895 0.219736 3.543307,
1.814132 0.235120 3.543307,
1.825586 0.251096 3.543307,
1.836229 0.267623 3.543307,
1.846033 0.284661 3.543307,
1.854975 0.302167 3.543307,
1.863031 0.320097 3.543307,
1.870183 0.338408 3.543307,
1.876412 0.357052 3.543307,
1.881702 0.375984 3.543307,
1.118298 0.375984 3.346457,
1.881702 0.375984 3.346457,
2.799213 0.375984 2.244094,
1.123588 0.357052 3.346457,
1.129817 0.338408 3.346457,
1.136969 0.320097 3.346457,
1.145025 0.302167 3.346457,
1.153967 0.284661 3.346457,
1.163771 0.267623 3.346457,
1.174414 0.251096 3.346457,
1.185868 0.235120 3.346457,
1.198105 0.219736 3.346457,
1.211095 0.204982 3.346457,
1.224805 0.190895 3.346457,
1.239201 0.177510 3.346457,
1.254247 0.164860 3.346457,
1.269906 0.152977 3.346457,
1.286139 0.141890 3.346457,
1.302905 0.131628 3.346457,
1.320162 0.122215 3.346457,
1.337867 0.113675 3.346457,
1.355977 0.106029 3.346457,
1.374446 0.099297 3.346457,
1.393227 0.093495 3.346457,
1.412275 0.088638 3.346457,
1.431542 0.084738 3.346457,
1.450979 0.081804 3.346457,
1.470538 0.079844 3.346457,
1.490171 0.078863 3.346457,
1.509829 0.078863 3.346457,
1.529462 0.079844 3.346457,
1.549021 0.081804 3.346457,
1.568458 0.084738 3.346457,
1.587725 0.088638 3.346457,
1.606773 0.093495 3.346457,
1.625554 0.099297 3.346457,
1.644023 0.106029 3.346457,
1.662133 0.113675 3.346457,
1.679838 0.122215 3.346457,
1.697095 0.131628 3.346457,
1.713861 0.141890 3.346457,
1.730094 0.152977 3.346457,
1.745753 0.164860 3.346457,
1.760799 0.177510 3.346457,
1.775195 0.190895 3.346457,
1.788905 0.204982 3.346457,
1.801895 0.219736 3.346457,
1.814132 0.235120 3.346457,
1.825586 0.251096 3.346457,
1.836229 0.267623 3.346457,
1.846033 0.284661 3.346457,
1.854975 0.302167 3.346457,
1.863031 0.320097 3.346457,
1.870183 0.338408 3.346457,
1.876412 0.357052 3.346457 ] } coordIndex [ 0 1 2 -1,
2 1 3 -1,
4 5 0 -1,
0 5 1 -1,
6 3 7 -1,
8 7 3 -1,
9 3 6 -1,
10 8 3 -1,
11 3 9 -1,
12 10 3 -1,
13 3 11 -1,
14 12 3 -1,
15 3 13 -1,
16 14 3 -1,
17 3 15 -1,
18 16 3 -1,
19 3 17 -1,
20 18 3 -1,
21 3 19 -1,
22 20 3 -1,
23 3 21 -1,
24 3 1 -1,
24 22 3 -1,
25 3 23 -1,
26 24 1 -1,
27 3 25 -1,
28 26 1 -1,
29 28 1 -1,
30 29 1 -1,
31 30 1 -1,
32 31 1 -1,
33 1 5 -1,
33 32 1 -1,
34 33 5 -1,
35 34 5 -1,
36 35 5 -1,
37 36 5 -1,
38 37 5 -1,
39 38 5 -1,
40 39 5 -1,
40 41 39 -1,
40 42 41 -1,
40 43 42 -1,
40 44 43 -1,
40 45 44 -1,
40 46 45 -1,
40 47 46 -1,
40 48 47 -1,
40 49 48 -1,
40 50 49 -1,
40 51 50 -1,
40 52 51 -1,
40 53 52 -1,
40 54 53 -1,
40 55 54 -1,
40 56 55 -1,
40 57 56 -1,
40 58 57 -1,
40 59 58 -1,
40 60 59 -1,
61 2 3 -1,
27 61 3 -1,
62 63 2 -1,
62 2 61 -1,
40 62 60 -1,
40 63 62 -1,
0 2 4 -1,
2 63 4 -1,
5 4 63 -1,
5 63 40 -1,
27 25 61 -1,
61 25 64 -1,
64 23 65 -1,
25 23 64 -1,
65 21 66 -1,
23 21 65 -1,
66 19 67 -1,
21 19 66 -1,
67 17 68 -1,
19 17 67 -1,
68 15 69 -1,
17 15 68 -1,
69 13 70 -1,
15 13 69 -1,
70 11 71 -1,
13 11 70 -1,
71 9 72 -1,
11 9 71 -1,
72 6 73 -1,
9 6 72 -1,
73 7 74 -1,
6 7 73 -1,
74 8 75 -1,
7 8 74 -1,
75 10 76 -1,
8 10 75 -1,
76 12 77 -1,
10 12 76 -1,
77 14 78 -1,
12 14 77 -1,
78 16 79 -1,
14 16 78 -1,
79 18 80 -1,
16 18 79 -1,
80 20 81 -1,
18 20 80 -1,
81 22 82 -1,
20 22 81 -1,
82 24 83 -1,
22 24 82 -1,
83 26 84 -1,
24 26 83 -1,
84 28 85 -1,
26 28 84 -1,
28 29 85 -1,
85 29 86 -1,
29 30 86 -1,
86 30 87 -1,
30 31 87 -1,
87 31 88 -1,
31 32 88 -1,
88 32 89 -1,
32 33 89 -1,
89 33 90 -1,
33 34 90 -1,
90 34 91 -1,
34 35 91 -1,
91 35 92 -1,
35 36 92 -1,
92 36 93 -1,
93 37 94 -1,
36 37 93 -1,
94 38 95 -1,
37 38 94 -1,
95 39 96 -1,
38 39 95 -1,
96 41 97 -1,
39 41 96 -1,
97 42 98 -1,
41 42 97 -1,
98 43 99 -1,
42 43 98 -1,
99 44 100 -1,
43 44 99 -1,
100 45 101 -1,
101 45 102 -1,
44 45 100 -1,
45 46 102 -1,
102 47 103 -1,
46 47 102 -1,
103 48 104 -1,
47 48 103 -1,
104 49 105 -1,
48 49 104 -1,
105 50 106 -1,
49 50 105 -1,
106 51 107 -1,
107 51 108 -1,
50 51 106 -1,
51 52 108 -1,
108 53 109 -1,
52 53 108 -1,
109 54 110 -1,
53 54 109 -1,
54 55 110 -1,
110 55 111 -1,
111 55 112 -1,
55 56 112 -1,
56 57 112 -1,
112 57 113 -1,
57 58 113 -1,
113 58 114 -1,
58 59 114 -1,
114 59 115 -1,
59 60 115 -1,
115 60 62 -1,
66 67 68 -1,
84 82 83 -1,
61 64 65 -1,
61 65 66 -1,
61 68 69 -1,
61 69 70 -1,
61 70 71 -1,
61 66 68 -1,
86 84 85 -1,
99 93 94 -1,
99 94 95 -1,
99 95 96 -1,
99 96 97 -1,
99 97 98 -1,
101 99 100 -1,
103 99 101 -1,
103 88 89 -1,
103 89 90 -1,
103 90 91 -1,
103 91 92 -1,
103 92 93 -1,
103 101 102 -1,
103 93 99 -1,
105 103 104 -1,
106 103 105 -1,
108 103 106 -1,
108 106 107 -1,
111 103 108 -1,
111 108 109 -1,
111 109 110 -1,
114 111 112 -1,
114 112 113 -1,
115 111 114 -1,
62 71 72 -1,
62 72 73 -1,
62 73 74 -1,
62 74 75 -1,
62 75 76 -1,
62 76 77 -1,
62 77 78 -1,
62 88 103 -1,
62 78 79 -1,
62 79 80 -1,
62 80 81 -1,
62 81 82 -1,
62 86 87 -1,
62 87 88 -1,
62 103 111 -1,
62 111 115 -1,
62 84 86 -1,
62 61 71 -1,
62 82 84 -1 ] } }
Shape { appearance Appearance { material Material { diffuseColor 0.45 0.47 0.48 } } geometry IndexedFaceSet { solid FALSE coord Coordinate { point [ 0.669120 0.046239 3.551181,
0.669291 0.039370 3.551181,
0.669291 0.039370 3.535433,
0.669120 0.046239 3.535433,
0.668607 0.053090 3.551181,
0.668607 0.053090 3.535433,
0.667752 0.059907 3.551181,
0.667752 0.059907 3.535433,
0.666559 0.066674 3.551181,
0.666559 0.066674 3.535433,
0.665030 0.073372 3.551181,
0.665030 0.073372 3.535433,
0.663169 0.079986 3.551181,
0.663169 0.079986 3.535433,
0.660981 0.086499 3.551181,
0.660981 0.086499 3.535433,
0.658471 0.092895 3.551181,
0.658471 0.092895 3.535433,
0.655645 0.099157 3.551181,
0.655645 0.099157 3.535433,
0.652511 0.105271 3.551181,
0.652511 0.105271 3.535433,
0.649076 0.111221 3.551181,
0.649076 0.111221 3.535433,
0.645348 0.116993 3.551181,
0.645348 0.116993 3.535433,
0.641337 0.122571 3.551181,
0.641337 0.122571 3.535433,
0.637053 0.127943 3.551181,
0.637053 0.127943 3.535433,
0.632507 0.133095 3.551181,
0.632507 0.133095 3.535433,
0.627710 0.138013 3.551181,
0.627710 0.138013 3.535433,
0.622673 0.142686 3.551181,
0.622673 0.142686 3.535433,
0.617410 0.147103 3.551181,
0.617410 0.147103 3.535433,
0.611933 0.151251 3.551181,
0.611933 0.151251 3.535433,
0.606256 0.155122 3.551181,
0.606256 0.155122 3.535433,
0.600394 0.158704 3.535433,
0.600394 0.158704 3.551181,
0.594360 0.161990 3.551181,
0.594360 0.161990 3.535433,
0.588169 0.164971 3.551181,
0.588169 0.164971 3.535433,
0.581838 0.167640 3.551181,
0.581838 0.167640 3.535433,
0.575382 0.169990 3.551181,
0.575382 0.169990 3.535433,
0.568817 0.172015 3.551181,
0.568817 0.172015 3.535433,
0.562158 0.173711 3.551181,
0.562158 0.173711 3.535433,
0.555424 0.175072 3.551181,
0.555424 0.175072 3.535433,
0.548630 0.176096 3.551181,
0.548630 0.176096 3.535433,
0.541794 0.176780 3.535433,
0.541794 0.176780 3.551181,
0.534931 0.177123 3.551181,
0.534931 0.177123 3.535433,
0.528061 0.177123 3.551181,
0.528061 0.177123 3.535433,
0.521199 0.176780 3.551181,
0.521199 0.176780 3.535433,
0.514362 0.176096 3.551181,
0.514362 0.176096 3.535433,
0.507568 0.175072 3.551181,
0.507568 0.175072 3.535433,
0.500834 0.173711 3.551181,
0.500834 0.173711 3.535433,
0.494176 0.172015 3.551181,
0.494176 0.172015 3.535433,
0.487610 0.169990 3.551181,
0.487610 0.169990 3.535433,
0.481154 0.167640 3.551181,
0.481154 0.167640 3.535433,
0.474823 0.164971 3.551181,
0.474823 0.164971 3.535433,
0.468632 0.161990 3.551181,
0.468632 0.161990 3.535433,
0.462598 0.158704 3.551181,
0.462598 0.158704 3.535433,
0.456736 0.155122 3.551181,
0.456736 0.155122 3.535433,
0.451059 0.151251 3.551181,
0.451059 0.151251 3.535433,
0.445582 0.147103 3.551181,
0.445582 0.147103 3.535433,
0.440319 0.142686 3.551181,
0.440319 0.142686 3.535433,
0.435282 0.138013 3.551181,
0.435282 0.138013 3.535433,
0.430485 0.133095 3.551181,
0.430485 0.133095 3.535433,
0.425939 0.127943 3.551181,
0.425939 0.127943 3.535433,
0.421655 0.122571 3.551181,
0.421655 0.122571 3.535433,
0.417644 0.116993 3.551181,
0.417644 0.116993 3.535433,
0.413917 0.111221 3.551181,
0.413917 0.111221 3.535433,
0.410481 0.105271 3.551181,
0.410481 0.105271 3.535433,
0.407347 0.099157 3.551181,
0.407347 0.099157 3.535433,
0.404521 0.092895 3.551181,
0.404521 0.092895 3.535433,
0.402011 0.086499 3.551181,
0.402011 0.086499 3.535433,
0.399823 0.079986 3.551181,
0.399823 0.079986 3.535433,
0.397962 0.073372 3.551181,
0.397962 0.073372 3.535433,
0.396433 0.066674 3.551181,
0.396433 0.066674 3.535433,
0.395240 0.059907 3.551181,
0.395240 0.059907 3.535433,
0.394386 0.053090 3.551181,
0.394386 0.053090 3.535433,
0.393872 0.046239 3.551181,
0.393872 0.046239 3.535433,
0.393701 0.039370 3.551181,
0.393701 0.039370 3.535433,
0.393872 0.032502 3.551181,
0.393872 0.032502 3.535433,
0.394386 0.025650 3.551181,
0.394386 0.025650 3.535433,
0.395240 0.018833 3.551181,
0.395240 0.018833 3.535433,
0.396433 0.012066 3.551181,
0.396433 0.012066 3.535433,
0.397962 0.005368 3.551181,
0.397962 0.005368 3.535433,
0.399823 -0.001246 3.551181,
0.399823 -0.001246 3.535433,
0.402011 -0.007759 3.551181,
0.402011 -0.007759 3.535433,
0.404521 -0.014154 3.551181,
0.404521 -0.014154 3.535433,
0.407347 -0.020417 3.535433,
0.407347 -0.020417 3.551181,
0.410481 -0.026531 3.551181,
0.410481 -0.026531 3.535433,
0.413917 -0.032481 3.535433,
0.413917 -0.032481 3.551181,
0.417644 -0.038253 3.551181,
0.417644 -0.038253 3.535433,
0.421655 -0.043831 3.535433,
0.421655 -0.043831 3.551181,
0.425939 -0.049203 3.551181,
0.425939 -0.049203 3.535433,
0.430485 -0.054355 3.551181,
0.430485 -0.054355 3.535433,
0.435282 -0.059273 3.535433,
0.435282 -0.059273 3.551181,
0.440319 -0.063946 3.551181,
0.440319 -0.063946 3.535433,
0.445582 -0.068363 3.551181,
0.445582 -0.068363 3.535433,
0.451059 -0.072511 3.551181,
0.451059 -0.072511 3.535433,
0.456736 -0.076382 3.551181,
0.456736 -0.076382 3.535433,
0.462598 -0.079964 3.551181,
0.462598 -0.079964 3.535433,
0.468632 -0.083250 3.551181,
0.468632 -0.083250 3.535433,
0.474823 -0.086231 3.551181,
0.474823 -0.086231 3.535433,
0.481154 -0.088900 3.551181,
0.481154 -0.088900 3.535433,
0.487610 -0.091250 3.551181,
0.487610 -0.091250 3.535433,
0.494176 -0.093275 3.551181,
0.494176 -0.093275 3.535433,
0.500834 -0.094970 3.551181,
0.500834 -0.094970 3.535433,
0.507568 -0.096332 3.551181,
0.507568 -0.096332 3.535433,
0.514362 -0.097356 3.551181,
0.514362 -0.097356 3.535433,
0.521199 -0.098040 3.551181,
0.521199 -0.098040 3.535433,
0.528061 -0.098382 3.535433,
0.528061 -0.098382 3.551181,
0.534931 -0.098382 3.551181,
0.534931 -0.098382 3.535433,
0.541794 -0.098040 3.551181,
0.541794 -0.098040 3.535433,
0.548630 -0.097356 3.535433,
0.548630 -0.097356 3.551181,
0.555424 -0.096332 3.551181,
0.555424 -0.096332 3.535433,
0.562158 -0.094970 3.535433,
0.562158 -0.094970 3.551181,
0.568817 -0.093275 3.551181,
0.568817 -0.093275 3.535433,
0.575382 -0.091250 3.551181,
0.575382 -0.091250 3.535433,
0.581838 -0.088900 3.535433,
0.581838 -0.088900 3.551181,
0.588169 -0.086231 3.535433,
0.588169 -0.086231 3.551181,
0.594360 -0.083250 3.551181,
0.594360 -0.083250 3.535433,
0.600394 -0.079964 3.551181,
0.600394 -0.079964 3.535433,
0.606256 -0.076382 3.535433,
0.606256 -0.076382 3.551181,
0.611933 -0.072511 3.551181,
0.611933 -0.072511 3.535433,
0.617410 -0.068363 3.551181,
0.617410 -0.068363 3.535433,
0.622673 -0.063946 3.551181,
0.622673 -0.063946 3.535433,
0.627710 -0.059273 3.551181,
0.627710 -0.059273 3.535433,
0.632507 -0.054355 3.535433,
0.632507 -0.054355 3.551181,
0.637053 -0.049203 3.551181,
0.637053 -0.049203 3.535433,
0.641337 -0.043831 3.551181,
0.641337 -0.043831 3.535433,
0.645348 -0.038253 3.551181,
0.645348 -0.038253 3.535433,
0.649076 -0.032481 3.551181,
0.649076 -0.032481 3.535433,
0.652511 -0.026531 3.551181,
0.652511 -0.026531 3.535433,
0.655645 -0.020417 3.551181,
0.655645 -0.020417 3.535433,
0.658471 -0.014154 3.535433,
0.658471 -0.014154 3.551181,
0.660981 -0.007759 3.551181,
0.660981 -0.007759 3.535433,
0.663169 -0.001246 3.551181,
0.663169 -0.001246 3.535433,
0.665030 0.005368 3.551181,
0.665030 0.005368 3.535433,
0.666559 0.012066 3.535433,
0.666559 0.012066 3.551181,
0.667752 0.018833 3.551181,
0.667752 0.018833 3.535433,
0.668607 0.025650 3.535433,
0.668607 0.025650 3.551181,
0.669120 0.032502 3.551181,
0.669120 0.032502 3.535433 ] } coordIndex [ 0 1 2 -1,
0 2 3 -1,
4 3 5 -1,
4 0 3 -1,
6 5 7 -1,
6 4 5 -1,
8 7 9 -1,
8 6 7 -1,
10 9 11 -1,
10 8 9 -1,
12 11 13 -1,
12 10 11 -1,
14 13 15 -1,
14 12 13 -1,
16 15 17 -1,
16 14 15 -1,
18 17 19 -1,
18 16 17 -1,
20 19 21 -1,
20 18 19 -1,
22 20 21 -1,
22 21 23 -1,
24 22 23 -1,
24 23 25 -1,
26 24 25 -1,
26 25 27 -1,
28 26 27 -1,
28 27 29 -1,
30 28 29 -1,
30 29 31 -1,
32 30 31 -1,
32 31 33 -1,
34 32 33 -1,
34 33 35 -1,
36 34 35 -1,
36 35 37 -1,
38 36 37 -1,
38 37 39 -1,
40 38 39 -1,
40 39 41 -1,
40 41 42 -1,
43 40 42 -1,
44 43 42 -1,
44 42 45 -1,
46 45 47 -1,
46 44 45 -1,
48 47 49 -1,
48 46 47 -1,
50 49 51 -1,
50 48 49 -1,
52 51 53 -1,
52 50 51 -1,
54 53 55 -1,
54 52 53 -1,
56 55 57 -1,
56 54 55 -1,
58 57 59 -1,
58 59 60 -1,
58 56 57 -1,
61 58 60 -1,
62 60 63 -1,
62 61 60 -1,
64 63 65 -1,
64 62 63 -1,
66 65 67 -1,
66 64 65 -1,
68 67 69 -1,
68 66 67 -1,
70 69 71 -1,
70 68 69 -1,
72 71 73 -1,
72 70 71 -1,
74 72 73 -1,
74 73 75 -1,
76 74 75 -1,
76 75 77 -1,
78 76 77 -1,
78 77 79 -1,
80 78 79 -1,
80 79 81 -1,
82 80 81 -1,
82 81 83 -1,
84 82 83 -1,
84 83 85 -1,
86 84 85 -1,
86 85 87 -1,
88 86 87 -1,
88 87 89 -1,
90 88 89 -1,
90 89 91 -1,
92 90 91 -1,
92 91 93 -1,
94 92 93 -1,
94 93 95 -1,
96 94 95 -1,
96 95 97 -1,
98 96 97 -1,
98 97 99 -1,
100 98 99 -1,
100 99 101 -1,
102 100 101 -1,
102 101 103 -1,
104 102 103 -1,
104 103 105 -1,
106 104 105 -1,
106 105 107 -1,
108 106 107 -1,
108 107 109 -1,
110 108 109 -1,
110 109 111 -1,
112 110 111 -1,
112 111 113 -1,
114 112 113 -1,
114 113 115 -1,
116 115 117 -1,
116 114 115 -1,
118 117 119 -1,
118 116 117 -1,
120 119 121 -1,
120 118 119 -1,
122 121 123 -1,
122 120 121 -1,
124 122 123 -1,
124 123 125 -1,
126 124 125 -1,
126 125 127 -1,
128 126 127 -1,
128 127 129 -1,
130 128 129 -1,
130 129 131 -1,
132 130 131 -1,
132 131 133 -1,
134 132 133 -1,
134 133 135 -1,
136 134 135 -1,
136 135 137 -1,
138 136 137 -1,
138 137 139 -1,
140 138 139 -1,
140 139 141 -1,
142 140 141 -1,
142 141 143 -1,
142 143 144 -1,
145 142 144 -1,
146 145 144 -1,
146 144 147 -1,
146 147 148 -1,
149 146 148 -1,
150 148 151 -1,
150 151 152 -1,
150 149 148 -1,
153 150 152 -1,
154 152 155 -1,
154 153 152 -1,
156 155 157 -1,
156 157 158 -1,
156 154 155 -1,
159 156 158 -1,
160 158 161 -1,
160 159 158 -1,
162 161 163 -1,
162 160 161 -1,
164 163 165 -1,
164 162 163 -1,
166 165 167 -1,
166 164 165 -1,
168 167 169 -1,
168 166 167 -1,
170 169 171 -1,
170 168 169 -1,
172 171 173 -1,
172 170 171 -1,
174 173 175 -1,
174 172 173 -1,
176 174 175 -1,
176 175 177 -1,
178 176 177 -1,
178 177 179 -1,
180 178 179 -1,
180 179 181 -1,
182 180 181 -1,
182 181 183 -1,
184 183 185 -1,
184 182 183 -1,
186 185 187 -1,
186 187 188 -1,
186 184 185 -1,
189 186 188 -1,
190 188 191 -1,
190 189 188 -1,
192 191 193 -1,
192 193 194 -1,
192 190 191 -1,
195 192 194 -1,
196 194 197 -1,
196 197 198 -1,
196 195 194 -1,
199 196 198 -1,
200 198 201 -1,
200 199 198 -1,
202 201 203 -1,
202 203 204 -1,
202 200 201 -1,
205 204 206 -1,
205 202 204 -1,
207 205 206 -1,
208 206 209 -1,
208 207 206 -1,
210 209 211 -1,
210 211 212 -1,
210 208 209 -1,
213 210 212 -1,
214 212 215 -1,
214 213 212 -1,
216 215 217 -1,
216 214 215 -1,
218 217 219 -1,
218 216 217 -1,
220 219 221 -1,
220 221 222 -1,
220 218 219 -1,
223 220 222 -1,
224 222 225 -1,
224 223 222 -1,
226 224 225 -1,
226 225 227 -1,
228 226 227 -1,
228 227 229 -1,
230 228 229 -1,
230 229 231 -1,
232 230 231 -1,
232 231 233 -1,
234 232 233 -1,
234 233 235 -1,
234 235 236 -1,
237 234 236 -1,
238 237 236 -1,
238 236 239 -1,
240 238 239 -1,
240 239 241 -1,
242 240 241 -1,
242 241 243 -1,
242 243 244 -1,
245 242 244 -1,
246 245 244 -1,
246 244 247 -1,
246 247 248 -1,
249 246 248 -1,
250 248 251 -1,
250 251 2 -1,
250 249 248 -1,
1 250 2 -1,
38 40 43 -1,
38 43 44 -1,
38 44 46 -1,
26 20 22 -1,
26 22 24 -1,
182 178 180 -1,
32 200 202 -1,
32 208 210 -1,
32 92 98 -1,
32 26 28 -1,
32 28 30 -1,
32 34 36 -1,
32 36 38 -1,
32 106 110 -1,
32 250 12 -1,
32 68 70 -1,
32 70 72 -1,
32 210 216 -1,
32 78 80 -1,
32 80 82 -1,
32 82 84 -1,
32 88 90 -1,
32 90 92 -1,
32 98 100 -1,
32 100 102 -1,
32 102 104 -1,
32 104 106 -1,
32 110 112 -1,
32 112 114 -1,
32 114 116 -1,
32 116 118 -1,
32 118 120 -1,
32 120 122 -1,
32 122 124 -1,
32 124 126 -1,
32 126 128 -1,
32 84 88 -1,
32 128 130 -1,
32 234 238 -1,
32 130 132 -1,
32 132 134 -1,
32 134 136 -1,
32 136 138 -1,
32 138 140 -1,
32 140 142 -1,
32 142 145 -1,
32 226 234 -1,
32 145 146 -1,
32 146 149 -1,
32 149 150 -1,
32 150 153 -1,
32 153 154 -1,
32 154 156 -1,
32 178 182 -1,
32 156 159 -1,
32 159 160 -1,
32 72 78 -1,
32 160 162 -1,
32 162 164 -1,
32 164 166 -1,
32 166 168 -1,
32 168 170 -1,
32 12 20 -1,
32 216 226 -1,
32 170 172 -1,
32 20 26 -1,
32 172 174 -1,
32 174 176 -1,
32 176 178 -1,
32 64 68 -1,
32 182 184 -1,
32 184 186 -1,
32 186 189 -1,
32 189 190 -1,
32 190 192 -1,
32 38 46 -1,
32 192 195 -1,
32 238 250 -1,
32 195 196 -1,
32 202 208 -1,
32 196 199 -1,
32 46 64 -1,
32 199 200 -1,
208 202 205 -1,
208 205 207 -1,
106 108 110 -1,
216 210 213 -1,
216 213 214 -1,
223 218 220 -1,
92 94 96 -1,
92 96 98 -1,
226 216 218 -1,
226 223 224 -1,
226 218 223 -1,
230 226 228 -1,
84 86 88 -1,
232 226 230 -1,
234 226 232 -1,
238 234 237 -1,
74 76 78 -1,
72 74 78 -1,
245 238 240 -1,
245 240 242 -1,
249 245 246 -1,
249 238 245 -1,
250 238 249 -1,
64 66 68 -1,
8 0 4 -1,
8 4 6 -1,
12 1 0 -1,
12 8 10 -1,
12 250 1 -1,
12 0 8 -1,
48 50 52 -1,
46 52 54 -1,
46 54 56 -1,
46 56 58 -1,
46 58 61 -1,
46 61 62 -1,
46 62 64 -1,
46 48 52 -1,
20 12 14 -1,
20 14 16 -1,
20 16 18 -1,
41 39 42 -1,
42 39 45 -1,
45 39 47 -1,
21 27 23 -1,
23 27 25 -1,
179 183 181 -1,
201 33 203 -1,
209 33 211 -1,
93 33 99 -1,
27 33 29 -1,
29 33 31 -1,
35 33 37 -1,
37 33 39 -1,
107 33 111 -1,
251 33 13 -1,
69 33 71 -1,
71 33 73 -1,
211 33 217 -1,
79 33 81 -1,
81 33 83 -1,
83 33 85 -1,
89 33 91 -1,
91 33 93 -1,
99 33 101 -1,
101 33 103 -1,
103 33 105 -1,
105 33 107 -1,
111 33 113 -1,
113 33 115 -1,
115 33 117 -1,
117 33 119 -1,
119 33 121 -1,
121 33 123 -1,
123 33 125 -1,
125 33 127 -1,
127 33 129 -1,
85 33 89 -1,
129 33 131 -1,
235 33 239 -1,
131 33 133 -1,
133 33 135 -1,
135 33 137 -1,
137 33 139 -1,
139 33 141 -1,
141 33 143 -1,
143 33 144 -1,
227 33 235 -1,
144 33 147 -1,
147 33 148 -1,
148 33 151 -1,
151 33 152 -1,
152 33 155 -1,
155 33 157 -1,
179 33 183 -1,
157 33 158 -1,
158 33 161 -1,
73 33 79 -1,
161 33 163 -1,
163 33 165 -1,
165 33 167 -1,
167 33 169 -1,
169 33 171 -1,
13 33 21 -1,
217 33 227 -1,
171 33 173 -1,
21 33 27 -1,
173 33 175 -1,
175 33 177 -1,
177 33 179 -1,
65 33 69 -1,
183 33 185 -1,
185 33 187 -1,
187 33 188 -1,
188 33 191 -1,
191 33 193 -1,
39 33 47 -1,
193 33 194 -1,
239 33 251 -1,
194 33 197 -1,
203 33 209 -1,
197 33 198 -1,
47 33 65 -1,
198 33 201 -1,
203 209 204 -1,
204 209 206 -1,
109 107 111 -1,
211 217 212 -1,
212 217 215 -1,
219 222 221 -1,
95 93 97 -1,
97 93 99 -1,
217 227 219 -1,
222 227 225 -1,
219 227 222 -1,
227 231 229 -1,
87 85 89 -1,
227 233 231 -1,
227 235 233 -1,
235 239 236 -1,
77 75 79 -1,
75 73 79 -1,
239 244 241 -1,
241 244 243 -1,
244 248 247 -1,
239 248 244 -1,
239 251 248 -1,
67 65 69 -1,
3 9 5 -1,
5 9 7 -1,
2 13 3 -1,
9 13 11 -1,
251 13 2 -1,
3 13 9 -1,
51 49 53 -1,
53 47 55 -1,
55 47 57 -1,
57 47 59 -1,
59 47 60 -1,
60 47 63 -1,
63 47 65 -1,
49 47 53 -1,
13 21 15 -1,
15 21 17 -1,
17 21 19 -1 ] } }
Shape { appearance Appearance { material Material { diffuseColor 0.7 0.72 0.74 } } geometry IndexedFaceSet { solid FALSE coord Coordinate { point [ -0.098425 -0.059055 -0.984252,
-0.098425 -0.059055 0.000000,
-0.098425 0.059055 -0.984252,
-0.098425 0.059055 0.000000,
0.098425 -0.059055 0.000000,
0.098425 -0.059055 -0.984252,
0.098425 0.059055 -0.984252,
0.098425 0.059055 0.000000 ] } coordIndex [ 0 1 2 -1,
2 1 3 -1,
4 5 6 -1,
4 6 7 -1,
5 4 0 -1,
0 4 1 -1,
7 6 2 -1,
7 2 3 -1,
2 6 0 -1,
0 6 5 -1,
7 3 1 -1,
7 1 4 -1 ] } }
Shape { appearance Appearance { material Material { diffuseColor 0.7 0.72 0.74 } } geometry IndexedFaceSet { solid FALSE coord Coordinate { point [ -0.098425 -0.059055 1.181102,
-0.098425 -0.059055 2.559055,
-0.098425 0.059055 1.181102,
-0.098425 0.059055 2.559055,
0.098425 -0.059055 2.559055,
0.098425 -0.059055 1.181102,
0.098425 0.059055 1.181102,
0.098425 0.059055 2.559055 ] } coordIndex [ 0 1 2 -1,
2 1 3 -1,
4 5 6 -1,
4 6 7 -1,
5 4 0 -1,
0 4 1 -1,
7 6 2 -1,
7 2 3 -1,
2 6 0 -1,
0 6 5 -1,
7 3 1 -1,
7 1 4 -1 ] } }
Shape { appearance Appearance { material Material { diffuseColor 0.7 0.72 0.74 } } geometry IndexedFaceSet { solid FALSE coord Coordinate { point [ 0.200787 -0.002944 2.618037,
0.200787 0.000000 2.618110,
0.000000 0.000000 2.618110,
0.000000 -0.002944 2.618037,
0.200787 -0.005880 2.617817,
0.000000 -0.005880 2.617817,
0.200787 -0.008802 2.617451,
0.000000 -0.008802 2.617451,
0.200787 -0.011702 2.616939,
0.000000 -0.011702 2.616939,
0.200787 -0.014572 2.616284,
0.000000 -0.014572 2.616284,
0.200787 -0.017407 2.615487,
0.000000 -0.017407 2.615487,
0.200787 -0.020198 2.614549,
0.000000 -0.020198 2.614549,
0.200787 -0.022939 2.613473,
0.000000 -0.022939 2.613473,
0.200787 -0.025623 2.612262,
0.000000 -0.025623 2.612262,
0.200787 -0.028243 2.610919,
0.000000 -0.028243 2.610919,
0.200787 -0.030793 2.609446,
0.000000 -0.030793 2.609446,
0.200787 -0.033267 2.607849,
0.000000 -0.033267 2.607849,
0.000000 -0.035658 2.606130,
0.200787 -0.035658 2.606130,
0.200787 -0.037960 2.604294,
0.000000 -0.037960 2.604294,
0.200787 -0.040168 2.602346,
0.000000 -0.040168 2.602346,
0.200787 -0.042276 2.600290,
0.000000 -0.042276 2.600290,
0.200787 -0.044278 2.598131,
0.000000 -0.044278 2.598131,
0.200787 -0.046171 2.595875,
0.000000 -0.046171 2.595875,
0.200787 -0.047949 2.593528,
0.000000 -0.047949 2.593528,
0.200787 -0.049608 2.591095,
0.000000 -0.049608 2.591095,
0.200787 -0.051143 2.588583,
0.000000 -0.051143 2.588583,
0.200787 -0.052551 2.585997,
0.000000 -0.052551 2.585997,
0.200787 -0.053829 2.583344,
0.000000 -0.053829 2.583344,
0.200787 -0.054973 2.580630,
0.000000 -0.054973 2.580630,
0.200787 -0.055980 2.577863,
0.000000 -0.055980 2.577863,
0.000000 -0.056848 2.575050,
0.200787 -0.056848 2.575050,
0.200787 -0.057574 2.572196,
0.000000 -0.057574 2.572196,
0.200787 -0.058158 2.569310,
0.000000 -0.058158 2.569310,
0.200787 -0.058597 2.566398,
0.000000 -0.058597 2.566398,
0.000000 -0.058890 2.563468,
0.200787 -0.058890 2.563468,
0.200787 -0.059037 2.560527,
0.000000 -0.059037 2.560527,
0.200787 -0.059037 2.557583,
0.000000 -0.059037 2.557583,
0.000000 -0.058890 2.554642,
0.200787 -0.058890 2.554642,
0.000000 -0.058597 2.551712,
0.200787 -0.058597 2.551712,
0.200787 -0.058158 2.548800,
0.000000 -0.058158 2.548800,
0.000000 -0.057574 2.545914,
0.200787 -0.057574 2.545914,
0.200787 -0.056848 2.543061,
0.000000 -0.056848 2.543061,
0.200787 -0.055980 2.540247,
0.000000 -0.055980 2.540247,
0.000000 -0.054973 2.537480,
0.200787 -0.054973 2.537480,
0.200787 -0.053829 2.534767,
0.000000 -0.053829 2.534767,
0.000000 -0.052551 2.532114,
0.200787 -0.052551 2.532114,
0.000000 -0.051143 2.529528,
0.200787 -0.051143 2.529528,
0.200787 -0.049608 2.527015,
0.000000 -0.049608 2.527015,
0.000000 -0.047949 2.524582,
0.200787 -0.047949 2.524582,
0.200787 -0.046171 2.522235,
0.000000 -0.046171 2.522235,
0.000000 -0.044278 2.519979,
0.200787 -0.044278 2.519979,
0.000000 -0.042276 2.517821,
0.200787 -0.042276 2.517821,
0.200787 -0.040168 2.515765,
0.000000 -0.040168 2.515765,
0.000000 -0.037960 2.513816,
0.200787 -0.037960 2.513816,
0.000000 -0.035658 2.511980,
0.200787 -0.035658 2.511980,
0.200787 -0.033267 2.510261,
0.000000 -0.033267 2.510261,
0.000000 -0.030793 2.508664,
0.200787 -0.030793 2.508664,
0.200787 -0.028243 2.507192,
0.000000 -0.028243 2.507192,
0.000000 -0.025623 2.505848,
0.200787 -0.025623 2.505848,
0.000000 -0.022939 2.504637,
0.200787 -0.022939 2.504637,
0.200787 -0.020198 2.503561,
0.000000 -0.020198 2.503561,
0.000000 -0.017407 2.502624,
0.200787 -0.017407 2.502624,
0.000000 -0.014572 2.501826,
0.200787 -0.014572 2.501826,
0.200787 -0.011702 2.501171,
0.000000 -0.011702 2.501171,
0.000000 -0.008802 2.500660,
0.200787 -0.008802 2.500660,
0.200787 -0.005880 2.500293,
0.000000 -0.005880 2.500293,
0.200787 -0.002944 2.500073,
0.000000 -0.002944 2.500073,
0.000000 0.000000 2.500000,
0.200787 0.000000 2.500000,
0.200787 0.002944 2.500073,
0.000000 0.002944 2.500073,
0.200787 0.005880 2.500293,
0.000000 0.005880 2.500293,
0.200787 0.008802 2.500660,
0.000000 0.008802 2.500660,
0.200787 0.011702 2.501171,
0.000000 0.011702 2.501171,
0.200787 0.014572 2.501826,
0.000000 0.014572 2.501826,
0.200787 0.017407 2.502624,
0.000000 0.017407 2.502624,
0.200787 0.020198 2.503561,
0.000000 0.020198 2.503561,
0.200787 0.022939 2.504637,
0.000000 0.022939 2.504637,
0.200787 0.025623 2.505848,
0.000000 0.025623 2.505848,
0.200787 0.028243 2.507192,
0.000000 0.028243 2.507192,
0.200787 0.030793 2.508664,
0.000000 0.030793 2.508664,
0.200787 0.033267 2.510261,
0.000000 0.033267 2.510261,
0.200787 0.035658 2.511980,
0.000000 0.035658 2.511980,
0.200787 0.037960 2.513816,
0.000000 0.037960 2.513816,
0.200787 0.040168 2.515765,
0.000000 0.040168 2.515765,
0.200787 0.042276 2.517821,
0.000000 0.042276 2.517821,
0.200787 0.044278 2.519979,
0.000000 0.044278 2.519979,
0.200787 0.046171 2.522235,
0.000000 0.046171 2.522235,
0.200787 0.047949 2.524582,
0.000000 0.047949 2.524582,
0.200787 0.049608 2.527015,
0.000000 0.049608 2.527015,
0.200787 0.051143 2.529528,
0.000000 0.051143 2.529528,
0.200787 0.052551 2.532114,
0.000000 0.052551 2.532114,
0.200787 0.053829 2.534767,
0.000000 0.053829 2.534767,
0.200787 0.054973 2.537480,
0.000000 0.054973 2.537480,
0.200787 0.055980 2.540247,
0.000000 0.055980 2.540247,
0.200787 0.056848 2.543061,
0.000000 0.056848 2.543061,
0.200787 0.057574 2.545914,
0.000000 0.057574 2.545914,
0.200787 0.058158 2.548800,
0.000000 0.058158 2.548800,
0.200787 0.058597 2.551712,
0.000000 0.058597 2.551712,
0.200787 0.058890 2.554642,
0.000000 0.058890 2.554642,
0.200787 0.059037 2.557583,
0.000000 0.059037 2.557583,
0.200787 0.059037 2.560527,
0.000000 0.059037 2.560527,
0.000000 0.058890 2.563468,
0.200787 0.058890 2.563468,
0.200787 0.058597 2.566398,
0.000000 0.058597 2.566398,
0.200787 0.058158 2.569310,
0.000000 0.058158 2.569310,
0.200787 0.057574 2.572196,
0.000000 0.057574 2.572196,
0.200787 0.056848 2.575050,
0.000000 0.056848 2.575050,
0.200787 0.055980 2.577863,
0.000000 0.055980 2.577863,
0.200787 0.054973 2.580630,
0.000000 0.054973 2.580630,
0.200787 0.053829 2.583344,
0.000000 0.053829 2.583344,
0.200787 0.052551 2.585997,
0.000000 0.052551 2.585997,
0.000000 0.051143 2.588583,
0.200787 0.051143 2.588583,
0.200787 0.049608 2.591095,
0.000000 0.049608 2.591095,
0.200787 0.047949 2.593528,
0.000000 0.047949 2.593528,
0.200787 0.046171 2.595875,
0.000000 0.046171 2.595875,
0.000000 0.044278 2.598131,
0.200787 0.044278 2.598131,
0.200787 0.042276 2.600290,
0.000000 0.042276 2.600290,
0.200787 0.040168 2.602346,
0.000000 0.040168 2.602346,
0.000000 0.037960 2.604294,
0.200787 0.037960 2.604294,
0.200787 0.035658 2.606130,
0.000000 0.035658 2.606130,
0.200787 0.033267 2.607849,
0.000000 0.033267 2.607849,
0.200787 0.030793 2.609446,
0.000000 0.030793 2.609446,
0.200787 0.028243 2.610919,
0.000000 0.028243 2.610919,
0.200787 0.025623 2.612262,
0.000000 0.025623 2.612262,
0.200787 0.022939 2.613473,
0.000000 0.022939 2.613473,
0.200787 0.020198 2.614549,
0.000000 0.020198 2.614549,
0.200787 0.017407 2.615487,
0.000000 0.017407 2.615487,
0.000000 0.014572 2.616284,
0.200787 0.014572 2.616284,
0.200787 0.011702 2.616939,
0.000000 0.011702 2.616939,
0.200787 0.008802 2.617451,
0.000000 0.008802 2.617451,
0.200787 0.005880 2.617817,
0.000000 0.005880 2.617817,
0.200787 0.002944 2.618037,
0.000000 0.002944 2.618037 ] } coordIndex [ 0 1 2 -1,
0 2 3 -1,
4 3 5 -1,
4 0 3 -1,
6 5 7 -1,
6 4 5 -1,
8 7 9 -1,
8 6 7 -1,
10 9 11 -1,
10 8 9 -1,
12 11 13 -1,
12 10 11 -1,
14 13 15 -1,
14 12 13 -1,
16 15 17 -1,
16 14 15 -1,
18 17 19 -1,
18 16 17 -1,
20 19 21 -1,
20 18 19 -1,
22 20 21 -1,
22 21 23 -1,
24 22 23 -1,
24 23 25 -1,
24 25 26 -1,
27 24 26 -1,
28 27 26 -1,
28 26 29 -1,
30 28 29 -1,
30 29 31 -1,
32 30 31 -1,
32 31 33 -1,
34 32 33 -1,
34 33 35 -1,
36 34 35 -1,
36 35 37 -1,
38 36 37 -1,
38 37 39 -1,
40 38 39 -1,
40 39 41 -1,
42 40 41 -1,
42 41 43 -1,
44 42 43 -1,
44 43 45 -1,
46 45 47 -1,
46 44 45 -1,
48 47 49 -1,
48 46 47 -1,
50 49 51 -1,
50 51 52 -1,
50 48 49 -1,
53 50 52 -1,
54 52 55 -1,
54 53 52 -1,
56 55 57 -1,
56 54 55 -1,
58 57 59 -1,
58 59 60 -1,
58 56 57 -1,
61 58 60 -1,
62 60 63 -1,
62 61 60 -1,
64 63 65 -1,
64 65 66 -1,
64 62 63 -1,
67 66 68 -1,
67 64 66 -1,
69 67 68 -1,
70 68 71 -1,
70 71 72 -1,
70 69 68 -1,
73 70 72 -1,
74 73 72 -1,
74 72 75 -1,
76 74 75 -1,
76 75 77 -1,
76 77 78 -1,
79 76 78 -1,
80 79 78 -1,
80 78 81 -1,
80 81 82 -1,
83 80 82 -1,
83 82 84 -1,
85 83 84 -1,
86 85 84 -1,
86 84 87 -1,
86 87 88 -1,
89 86 88 -1,
90 89 88 -1,
90 88 91 -1,
90 91 92 -1,
93 90 92 -1,
93 92 94 -1,
95 93 94 -1,
96 95 94 -1,
96 94 97 -1,
96 97 98 -1,
99 96 98 -1,
99 98 100 -1,
101 99 100 -1,
102 101 100 -1,
102 100 103 -1,
102 103 104 -1,
105 102 104 -1,
106 105 104 -1,
106 104 107 -1,
106 107 108 -1,
109 106 108 -1,
109 108 110 -1,
111 109 110 -1,
112 111 110 -1,
112 110 113 -1,
112 113 114 -1,
115 114 116 -1,
115 112 114 -1,
117 115 116 -1,
118 116 119 -1,
118 119 120 -1,
118 117 116 -1,
121 118 120 -1,
122 120 123 -1,
122 121 120 -1,
124 122 123 -1,
124 123 125 -1,
124 125 126 -1,
127 124 126 -1,
128 127 126 -1,
128 126 129 -1,
130 128 129 -1,
130 129 131 -1,
132 130 131 -1,
132 131 133 -1,
134 132 133 -1,
134 133 135 -1,
136 134 135 -1,
136 135 137 -1,
138 136 137 -1,
138 137 139 -1,
140 138 139 -1,
140 139 141 -1,
142 140 141 -1,
142 141 143 -1,
144 142 143 -1,
144 143 145 -1,
146 144 145 -1,
146 145 147 -1,
148 146 147 -1,
148 147 149 -1,
150 149 151 -1,
150 148 149 -1,
152 151 153 -1,
152 150 151 -1,
154 153 155 -1,
154 152 153 -1,
156 155 157 -1,
156 154 155 -1,
158 157 159 -1,
158 156 157 -1,
160 159 161 -1,
160 158 159 -1,
162 161 163 -1,
162 160 161 -1,
164 163 165 -1,
164 162 163 -1,
166 165 167 -1,
166 164 165 -1,
168 167 169 -1,
168 166 167 -1,
170 169 171 -1,
170 168 169 -1,
172 171 173 -1,
172 170 171 -1,
174 173 175 -1,
174 172 173 -1,
176 174 175 -1,
176 175 177 -1,
178 176 177 -1,
178 177 179 -1,
180 178 179 -1,
180 179 181 -1,
182 180 181 -1,
182 181 183 -1,
184 183 185 -1,
184 182 183 -1,
186 185 187 -1,
186 184 185 -1,
188 187 189 -1,
188 186 187 -1,
190 189 191 -1,
190 191 192 -1,
190 188 189 -1,
193 190 192 -1,
194 192 195 -1,
194 193 192 -1,
196 195 197 -1,
196 194 195 -1,
198 197 199 -1,
198 196 197 -1,
200 199 201 -1,
200 198 199 -1,
202 201 203 -1,
202 200 201 -1,
204 203 205 -1,
204 202 203 -1,
206 205 207 -1,
206 204 205 -1,
208 207 209 -1,
208 209 210 -1,
208 206 207 -1,
211 208 210 -1,
212 210 213 -1,
212 211 210 -1,
214 213 215 -1,
214 212 213 -1,
216 215 217 -1,
216 217 218 -1,
216 214 215 -1,
219 216 218 -1,
220 218 221 -1,
220 219 218 -1,
222 221 223 -1,
222 223 224 -1,
222 220 221 -1,
225 222 224 -1,
226 225 224 -1,
226 224 227 -1,
228 226 227 -1,
228 227 229 -1,
230 228 229 -1,
230 229 231 -1,
232 230 231 -1,
232 231 233 -1,
234 232 233 -1,
234 233 235 -1,
236 234 235 -1,
236 235 237 -1,
238 236 237 -1,
238 237 239 -1,
240 238 239 -1,
240 239 241 -1,
240 241 242 -1,
243 240 242 -1,
244 243 242 -1,
244 242 245 -1,
246 244 245 -1,
246 245 247 -1,
248 246 247 -1,
248 247 249 -1,
250 249 251 -1,
250 248 249 -1,
250 251 2 -1,
1 250 2 -1,
44 46 48 -1,
40 42 44 -1,
208 204 206 -1,
216 212 214 -1,
95 96 99 -1,
32 1 0 -1,
32 0 4 -1,
32 4 6 -1,
32 6 8 -1,
32 8 10 -1,
32 10 12 -1,
32 12 14 -1,
32 14 16 -1,
32 16 18 -1,
32 18 20 -1,
32 20 22 -1,
32 22 24 -1,
32 24 27 -1,
32 27 28 -1,
32 28 30 -1,
32 34 36 -1,
32 36 38 -1,
32 38 40 -1,
32 48 50 -1,
32 50 53 -1,
32 53 54 -1,
32 54 56 -1,
32 56 58 -1,
32 58 61 -1,
32 61 62 -1,
32 62 64 -1,
32 64 67 -1,
32 67 69 -1,
32 69 70 -1,
32 70 73 -1,
32 73 74 -1,
32 74 76 -1,
32 76 79 -1,
32 79 80 -1,
32 80 83 -1,
32 86 89 -1,
32 89 90 -1,
32 90 93 -1,
32 93 95 -1,
32 99 101 -1,
32 101 102 -1,
32 102 105 -1,
32 105 106 -1,
32 106 109 -1,
32 109 111 -1,
32 111 112 -1,
32 112 115 -1,
32 115 117 -1,
32 117 118 -1,
32 118 121 -1,
32 121 122 -1,
32 122 124 -1,
32 124 127 -1,
32 127 128 -1,
32 128 130 -1,
32 130 132 -1,
32 132 134 -1,
32 134 136 -1,
32 136 138 -1,
32 138 140 -1,
32 140 142 -1,
32 142 144 -1,
32 144 146 -1,
32 146 148 -1,
32 148 150 -1,
32 150 152 -1,
32 152 154 -1,
32 154 156 -1,
32 156 158 -1,
32 158 160 -1,
32 160 162 -1,
32 162 164 -1,
32 164 166 -1,
32 166 168 -1,
32 168 170 -1,
32 170 172 -1,
32 172 174 -1,
32 174 176 -1,
32 176 178 -1,
32 178 180 -1,
32 180 182 -1,
32 182 184 -1,
32 184 186 -1,
32 186 188 -1,
32 188 190 -1,
32 190 193 -1,
32 193 194 -1,
32 194 196 -1,
32 196 198 -1,
32 198 200 -1,
32 200 202 -1,
32 202 204 -1,
32 208 211 -1,
32 211 212 -1,
32 216 219 -1,
32 219 220 -1,
32 220 222 -1,
32 222 225 -1,
32 232 234 -1,
32 234 236 -1,
32 236 238 -1,
32 238 240 -1,
32 250 1 -1,
32 240 250 -1,
32 95 99 -1,
32 204 208 -1,
32 212 216 -1,
32 228 232 -1,
32 83 86 -1,
32 225 228 -1,
32 44 48 -1,
32 40 44 -1,
228 225 226 -1,
232 228 230 -1,
83 85 86 -1,
250 240 243 -1,
250 243 244 -1,
250 244 246 -1,
250 246 248 -1,
47 45 49 -1,
43 41 45 -1,
205 209 207 -1,
213 217 215 -1,
97 94 98 -1,
2 33 3 -1,
3 33 5 -1,
5 33 7 -1,
7 33 9 -1,
9 33 11 -1,
11 33 13 -1,
13 33 15 -1,
15 33 17 -1,
17 33 19 -1,
19 33 21 -1,
21 33 23 -1,
23 33 25 -1,
25 33 26 -1,
26 33 29 -1,
29 33 31 -1,
35 33 37 -1,
37 33 39 -1,
39 33 41 -1,
49 33 51 -1,
51 33 52 -1,
52 33 55 -1,
55 33 57 -1,
57 33 59 -1,
59 33 60 -1,
60 33 63 -1,
63 33 65 -1,
65 33 66 -1,
66 33 68 -1,
68 33 71 -1,
71 33 72 -1,
72 33 75 -1,
75 33 77 -1,
77 33 78 -1,
78 33 81 -1,
81 33 82 -1,
87 33 88 -1,
88 33 91 -1,
91 33 92 -1,
92 33 94 -1,
98 33 100 -1,
100 33 103 -1,
103 33 104 -1,
104 33 107 -1,
107 33 108 -1,
108 33 110 -1,
110 33 113 -1,
113 33 114 -1,
114 33 116 -1,
116 33 119 -1,
119 33 120 -1,
120 33 123 -1,
123 33 125 -1,
125 33 126 -1,
126 33 129 -1,
129 33 131 -1,
131 33 133 -1,
133 33 135 -1,
135 33 137 -1,
137 33 139 -1,
139 33 141 -1,
141 33 143 -1,
143 33 145 -1,
145 33 147 -1,
147 33 149 -1,
149 33 151 -1,
151 33 153 -1,
153 33 155 -1,
155 33 157 -1,
157 33 159 -1,
159 33 161 -1,
161 33 163 -1,
163 33 165 -1,
165 33 167 -1,
167 33 169 -1,
169 33 171 -1,
171 33 173 -1,
173 33 175 -1,
175 33 177 -1,
177 33 179 -1,
179 33 181 -1,
181 33 183 -1,
183 33 185 -1,
185 33 187 -1,
187 33 189 -1,
189 33 191 -1,
191 33 192 -1,
192 33 195 -1,
195 33 197 -1,
197 33 199 -1,
199 33 201 -1,
201 33 203 -1,
203 33 205 -1,
209 33 210 -1,
210 33 213 -1,
217 33 218 -1,
218 33 221 -1,
221 33 223 -1,
223 33 224 -1,
233 33 235 -1,
235 33 237 -1,
237 33 239 -1,
239 33 241 -1,
251 33 2 -1,
241 33 251 -1,
94 33 98 -1,
205 33 209 -1,
213 33 217 -1,
229 33 233 -1,
82 33 87 -1,
224 33 229 -1,
45 33 49 -1,
41 33 45 -1,
224 229 227 -1,
229 233 231 -1,
84 82 87 -1,
241 251 242 -1,
242 251 245 -1,
245 251 247 -1,
247 251 249 -1 ] } }
Shape { appearance Appearance { material Material { diffuseColor 0.7 0.72 0.74 } } geometry IndexedFaceSet { solid FALSE coord Coordinate { point [ -0.098425 -1.059055 -0.984252,
-0.098425 -1.059055 0.000000,
-0.098425 -0.940945 -0.984252,
-0.098425 -0.940945 0.000000,
0.098425 -1.059055 0.000000,
0.098425 -1.059055 -0.984252,
0.098425 -0.940945 -0.984252,
0.098425 -0.940945 0.000000 ] } coordIndex [ 0 1 2 -1,
2 1 3 -1,
4 5 6 -1,
4 6 7 -1,
5 4 0 -1,
0 4 1 -1,
7 6 2 -1,
7 2 3 -1,
2 6 0 -1,
0 6 5 -1,
7 3 1 -1,
7 1 4 -1 ] } }
Shape { appearance Appearance { material Material { diffuseColor 0.7 0.72 0.74 } } geometry IndexedFaceSet { solid FALSE coord Coordinate { point [ -0.098425 -1.059055 1.181102,
-0.098425 -1.059055 2.559055,
-0.098425 -0.940945 1.181102,
-0.098425 -0.940945 2.559055,
0.098425 -1.059055 2.559055,
0.098425 -1.059055 1.181102,
0.098425 -0.940945 1.181102,
0.098425 -0.940945 2.559055 ] } coordIndex [ 0 1 2 -1,
2 1 3 -1,
4 5 6 -1,
4 6 7 -1,
5 4 0 -1,
0 4 1 -1,
7 6 2 -1,
7 2 3 -1,
2 6 0 -1,
0 6 5 -1,
7 3 1 -1,
7 1 4 -1 ] } }
Shape { appearance Appearance { material Material { diffuseColor 0.7 0.72 0.74 } } geometry IndexedFaceSet { solid FALSE coord Coordinate { point [ 0.200787 -1.002944 2.618037,
0.200787 -1.000000 2.618110,
0.000000 -1.000000 2.618110,
0.000000 -1.002944 2.618037,
0.200787 -1.005880 2.617817,
0.000000 -1.005880 2.617817,
0.200787 -1.008802 2.617451,
0.000000 -1.008802 2.617451,
0.200787 -1.011702 2.616939,
0.000000 -1.011702 2.616939,
0.200787 -1.014572 2.616284,
0.000000 -1.014572 2.616284,
0.200787 -1.017407 2.615487,
0.000000 -1.017407 2.615487,
0.200787 -1.020198 2.614549,
0.000000 -1.020198 2.614549,
0.200787 -1.022939 2.613473,
0.000000 -1.022939 2.613473,
0.200787 -1.025623 2.612262,
0.000000 -1.025623 2.612262,
0.200787 -1.028243 2.610919,
0.000000 -1.028243 2.610919,
0.200787 -1.030793 2.609446,
0.000000 -1.030793 2.609446,
0.200787 -1.033267 2.607849,
0.000000 -1.033267 2.607849,
0.000000 -1.035658 2.606130,
0.200787 -1.035658 2.606130,
0.200787 -1.037960 2.604294,
0.000000 -1.037960 2.604294,
0.200787 -1.040168 2.602346,
0.000000 -1.040168 2.602346,
0.200787 -1.042276 2.600290,
0.000000 -1.042276 2.600290,
0.200787 -1.044278 2.598131,
0.000000 -1.044278 2.598131,
0.200787 -1.046171 2.595875,
0.000000 -1.046171 2.595875,
0.200787 -1.047949 2.593528,
0.000000 -1.047949 2.593528,
0.200787 -1.049608 2.591095,
0.000000 -1.049608 2.591095,
0.200787 -1.051143 2.588583,
0.000000 -1.051143 2.588583,
0.200787 -1.052551 2.585997,
0.000000 -1.052551 2.585997,
0.200787 -1.053829 2.583344,
0.000000 -1.053829 2.583344,
0.200787 -1.054973 2.580630,
0.000000 -1.054973 2.580630,
0.200787 -1.055980 2.577863,
0.000000 -1.055980 2.577863,
0.000000 -1.056848 2.575050,
0.200787 -1.056848 2.575050,
0.200787 -1.057574 2.572196,
0.000000 -1.057574 2.572196,
0.200787 -1.058158 2.569310,
0.000000 -1.058158 2.569310,
0.200787 -1.058597 2.566398,
0.000000 -1.058597 2.566398,
0.000000 -1.058890 2.563468,
0.200787 -1.058890 2.563468,
0.200787 -1.059037 2.560527,
0.000000 -1.059037 2.560527,
0.200787 -1.059037 2.557583,
0.000000 -1.059037 2.557583,
0.000000 -1.058890 2.554642,
0.200787 -1.058890 2.554642,
0.000000 -1.058597 2.551712,
0.200787 -1.058597 2.551712,
0.200787 -1.058158 2.548800,
0.000000 -1.058158 2.548800,
0.000000 -1.057574 2.545914,
0.200787 -1.057574 2.545914,
0.200787 -1.056848 2.543061,
0.000000 -1.056848 2.543061,
0.200787 -1.055980 2.540247,
0.000000 -1.055980 2.540247,
0.000000 -1.054973 2.537480,
0.200787 -1.054973 2.537480,
0.200787 -1.053829 2.534767,
0.000000 -1.053829 2.534767,
0.000000 -1.052551 2.532114,
0.200787 -1.052551 2.532114,
0.000000 -1.051143 2.529528,
0.200787 -1.051143 2.529528,
0.200787 -1.049608 2.527015,
0.000000 -1.049608 2.527015,
0.000000 -1.047949 2.524582,
0.200787 -1.047949 2.524582,
0.200787 -1.046171 2.522235,
0.000000 -1.046171 2.522235,
0.000000 -1.044278 2.519979,
0.200787 -1.044278 2.519979,
0.000000 -1.042276 2.517821,
0.200787 -1.042276 2.517821,
0.200787 -1.040168 2.515765,
0.000000 -1.040168 2.515765,
0.000000 -1.037960 2.513816,
0.200787 -1.037960 2.513816,
0.000000 -1.035658 2.511980,
0.200787 -1.035658 2.511980,
0.200787 -1.033267 2.510261,
0.000000 -1.033267 2.510261,
0.000000 -1.030793 2.508664,
0.200787 -1.030793 2.508664,
0.200787 -1.028243 2.507192,
0.000000 -1.028243 2.507192,
0.000000 -1.025623 2.505848,
0.200787 -1.025623 2.505848,
0.000000 -1.022939 2.504637,
0.200787 -1.022939 2.504637,
0.200787 -1.020198 2.503561,
0.000000 -1.020198 2.503561,
0.000000 -1.017407 2.502624,
0.200787 -1.017407 2.502624,
0.000000 -1.014572 2.501826,
0.200787 -1.014572 2.501826,
0.200787 -1.011702 2.501171,
0.000000 -1.011702 2.501171,
0.000000 -1.008802 2.500660,
0.200787 -1.008802 2.500660,
0.200787 -1.005880 2.500293,
0.000000 -1.005880 2.500293,
0.200787 -1.002944 2.500073,
0.000000 -1.002944 2.500073,
0.000000 -1.000000 2.500000,
0.200787 -1.000000 2.500000,
0.200787 -0.997056 2.500073,
0.000000 -0.997056 2.500073,
0.200787 -0.994120 2.500293,
0.000000 -0.994120 2.500293,
0.200787 -0.991198 2.500660,
0.000000 -0.991198 2.500660,
0.200787 -0.988298 2.501171,
0.000000 -0.988298 2.501171,
0.200787 -0.985428 2.501826,
0.000000 -0.985428 2.501826,
0.200787 -0.982593 2.502624,
0.000000 -0.982593 2.502624,
0.200787 -0.979802 2.503561,
0.000000 -0.979802 2.503561,
0.200787 -0.977061 2.504637,
0.000000 -0.977061 2.504637,
0.200787 -0.974377 2.505848,
0.000000 -0.974377 2.505848,
0.200787 -0.971757 2.507192,
0.000000 -0.971757 2.507192,
0.200787 -0.969207 2.508664,
0.000000 -0.969207 2.508664,
0.200787 -0.966733 2.510261,
0.000000 -0.966733 2.510261,
0.200787 -0.964342 2.511980,
0.000000 -0.964342 2.511980,
0.200787 -0.962040 2.513816,
0.000000 -0.962040 2.513816,
0.200787 -0.959832 2.515765,
0.000000 -0.959832 2.515765,
0.200787 -0.957724 2.517821,
0.000000 -0.957724 2.517821,
0.200787 -0.955722 2.519979,
0.000000 -0.955722 2.519979,
0.200787 -0.953829 2.522235,
0.000000 -0.953829 2.522235,
0.200787 -0.952051 2.524582,
0.000000 -0.952051 2.524582,
0.200787 -0.950392 2.527015,
0.000000 -0.950392 2.527015,
0.200787 -0.948857 2.529528,
0.000000 -0.948857 2.529528,
0.200787 -0.947449 2.532114,
0.000000 -0.947449 2.532114,
0.200787 -0.946171 2.534767,
0.000000 -0.946171 2.534767,
0.200787 -0.945027 2.537480,
0.000000 -0.945027 2.537480,
0.200787 -0.944020 2.540247,
0.000000 -0.944020 2.540247,
0.200787 -0.943152 2.543061,
0.000000 -0.943152 2.543061,
0.200787 -0.942426 2.545914,
0.000000 -0.942426 2.545914,
0.200787 -0.941842 2.548800,
0.000000 -0.941842 2.548800,
0.200787 -0.941403 2.551712,
0.000000 -0.941403 2.551712,
0.200787 -0.941110 2.554642,
0.000000 -0.941110 2.554642,
0.200787 -0.940963 2.557583,
0.000000 -0.940963 2.557583,
0.200787 -0.940963 2.560527,
0.000000 -0.940963 2.560527,
0.000000 -0.941110 2.563468,
0.200787 -0.941110 2.563468,
0.200787 -0.941403 2.566398,
0.000000 -0.941403 2.566398,
0.200787 -0.941842 2.569310,
0.000000 -0.941842 2.569310,
0.200787 -0.942426 2.572196,
0.000000 -0.942426 2.572196,
0.200787 -0.943152 2.575050,
0.000000 -0.943152 2.575050,
0.200787 -0.944020 2.577863,
0.000000 -0.944020 2.577863,
0.200787 -0.945027 2.580630,
0.000000 -0.945027 2.580630,
0.200787 -0.946171 2.583344,
0.000000 -0.946171 2.583344,
0.200787 -0.947449 2.585997,
0.000000 -0.947449 2.585997,
0.000000 -0.948857 2.588583,
0.200787 -0.948857 2.588583,
0.200787 -0.950392 2.591095,
0.000000 -0.950392 2.591095,
0.200787 -0.952051 2.593528,
0.000000 -0.952051 2.593528,
0.200787 -0.953829 2.595875,
0.000000 -0.953829 2.595875,
0.000000 -0.955722 2.598131,
0.200787 -0.955722 2.598131,
0.200787 -0.957724 2.600290,
0.000000 -0.957724 2.600290,
0.200787 -0.959832 2.602346,
0.000000 -0.959832 2.602346,
0.000000 -0.962040 2.604294,
0.200787 -0.962040 2.604294,
0.200787 -0.964342 2.606130,
0.000000 -0.964342 2.606130,
0.200787 -0.966733 2.607849,
0.000000 -0.966733 2.607849,
0.200787 -0.969207 2.609446,
0.000000 -0.969207 2.609446,
0.200787 -0.971757 2.610919,
0.000000 -0.971757 2.610919,
0.200787 -0.974377 2.612262,
0.000000 -0.974377 2.612262,
0.200787 -0.977061 2.613473,
0.000000 -0.977061 2.613473,
0.200787 -0.979802 2.614549,
0.000000 -0.979802 2.614549,
0.200787 -0.982593 2.615487,
0.000000 -0.982593 2.615487,
0.000000 -0.985428 2.616284,
0.200787 -0.985428 2.616284,
0.200787 -0.988298 2.616939,
0.000000 -0.988298 2.616939,
0.200787 -0.991198 2.617451,
0.000000 -0.991198 2.617451,
0.200787 -0.994120 2.617817,
0.000000 -0.994120 2.617817,
0.200787 -0.997056 2.618037,
0.000000 -0.997056 2.618037 ] } coordIndex [ 0 1 2 -1,
0 2 3 -1,
4 3 5 -1,
4 0 3 -1,
6 5 7 -1,
6 4 5 -1,
8 7 9 -1,
8 6 7 -1,
10 9 11 -1,
10 8 9 -1,
12 11 13 -1,
12 10 11 -1,
14 13 15 -1,
14 12 13 -1,
16 15 17 -1,
16 14 15 -1,
18 17 19 -1,
18 16 17 -1,
20 19 21 -1,
20 18 19 -1,
22 20 21 -1,
22 21 23 -1,
24 22 23 -1,
24 23 25 -1,
24 25 26 -1,
27 24 26 -1,
28 27 26 -1,
28 26 29 -1,
30 28 29 -1,
30 29 31 -1,
32 30 31 -1,
32 31 33 -1,
34 32 33 -1,
34 33 35 -1,
36 34 35 -1,
36 35 37 -1,
38 36 37 -1,
38 37 39 -1,
40 38 39 -1,
40 39 41 -1,
42 40 41 -1,
42 41 43 -1,
44 42 43 -1,
44 43 45 -1,
46 45 47 -1,
46 44 45 -1,
48 47 49 -1,
48 46 47 -1,
50 49 51 -1,
50 51 52 -1,
50 48 49 -1,
53 50 52 -1,
54 52 55 -1,
54 53 52 -1,
56 55 57 -1,
56 54 55 -1,
58 57 59 -1,
58 59 60 -1,
58 56 57 -1,
61 58 60 -1,
62 60 63 -1,
62 61 60 -1,
64 63 65 -1,
64 65 66 -1,
64 62 63 -1,
67 66 68 -1,
67 64 66 -1,
69 67 68 -1,
70 68 71 -1,
70 71 72 -1,
70 69 68 -1,
73 70 72 -1,
74 73 72 -1,
74 72 75 -1,
76 74 75 -1,
76 75 77 -1,
76 77 78 -1,
79 76 78 -1,
80 79 78 -1,
80 78 81 -1,
80 81 82 -1,
83 80 82 -1,
83 82 84 -1,
85 83 84 -1,
86 85 84 -1,
86 84 87 -1,
86 87 88 -1,
89 86 88 -1,
90 89 88 -1,
90 88 91 -1,
90 91 92 -1,
93 90 92 -1,
93 92 94 -1,
95 93 94 -1,
96 95 94 -1,
96 94 97 -1,
96 97 98 -1,
99 96 98 -1,
99 98 100 -1,
101 99 100 -1,
102 101 100 -1,
102 100 103 -1,
102 103 104 -1,
105 102 104 -1,
106 105 104 -1,
106 104 107 -1,
106 107 108 -1,
109 106 108 -1,
109 108 110 -1,
111 109 110 -1,
112 111 110 -1,
112 110 113 -1,
112 113 114 -1,
115 114 116 -1,
115 112 114 -1,
117 115 116 -1,
118 116 119 -1,
118 119 120 -1,
118 117 116 -1,
121 118 120 -1,
122 120 123 -1,
122 121 120 -1,
124 122 123 -1,
124 123 125 -1,
124 125 126 -1,
127 124 126 -1,
128 127 126 -1,
128 126 129 -1,
130 128 129 -1,
130 129 131 -1,
132 130 131 -1,
132 131 133 -1,
134 132 133 -1,
134 133 135 -1,
136 134 135 -1,
136 135 137 -1,
138 136 137 -1,
138 137 139 -1,
140 138 139 -1,
140 139 141 -1,
142 140 141 -1,
142 141 143 -1,
144 142 143 -1,
144 143 145 -1,
146 144 145 -1,
146 145 147 -1,
148 146 147 -1,
148 147 149 -1,
150 149 151 -1,
150 148 149 -1,
152 151 153 -1,
152 150 151 -1,
154 153 155 -1,
154 152 153 -1,
156 155 157 -1,
156 154 155 -1,
158 157 159 -1,
158 156 157 -1,
160 159 161 -1,
160 158 159 -1,
162 161 163 -1,
162 160 161 -1,
164 163 165 -1,
164 162 163 -1,
166 165 167 -1,
166 164 165 -1,
168 167 169 -1,
168 166 167 -1,
170 169 171 -1,
170 168 169 -1,
172 171 173 -1,
172 170 171 -1,
174 173 175 -1,
174 172 173 -1,
176 174 175 -1,
176 175 177 -1,
178 176 177 -1,
178 177 179 -1,
180 178 179 -1,
180 179 181 -1,
182 180 181 -1,
182 181 183 -1,
184 183 185 -1,
184 182 183 -1,
186 185 187 -1,
186 184 185 -1,
188 187 189 -1,
188 186 187 -1,
190 189 191 -1,
190 191 192 -1,
190 188 189 -1,
193 190 192 -1,
194 192 195 -1,
194 193 192 -1,
196 195 197 -1,
196 194 195 -1,
198 197 199 -1,
198 196 197 -1,
200 199 201 -1,
200 198 199 -1,
202 201 203 -1,
202 200 201 -1,
204 203 205 -1,
204 202 203 -1,
206 205 207 -1,
206 204 205 -1,
208 207 209 -1,
208 209 210 -1,
208 206 207 -1,
211 208 210 -1,
212 210 213 -1,
212 211 210 -1,
214 213 215 -1,
214 212 213 -1,
216 215 217 -1,
216 217 218 -1,
216 214 215 -1,
219 216 218 -1,
220 218 221 -1,
220 219 218 -1,
222 221 223 -1,
222 223 224 -1,
222 220 221 -1,
225 222 224 -1,
226 225 224 -1,
226 224 227 -1,
228 226 227 -1,
228 227 229 -1,
230 228 229 -1,
230 229 231 -1,
232 230 231 -1,
232 231 233 -1,
234 232 233 -1,
234 233 235 -1,
236 234 235 -1,
236 235 237 -1,
238 236 237 -1,
238 237 239 -1,
240 238 239 -1,
240 239 241 -1,
240 241 242 -1,
243 240 242 -1,
244 243 242 -1,
244 242 245 -1,
246 244 245 -1,
246 245 247 -1,
248 246 247 -1,
248 247 249 -1,
250 249 251 -1,
250 248 249 -1,
250 251 2 -1,
1 250 2 -1,
14 10 12 -1,
48 50 53 -1,
44 46 48 -1,
38 40 42 -1,
38 42 44 -1,
206 202 204 -1,
30 27 28 -1,
32 1 0 -1,
32 0 4 -1,
32 4 6 -1,
32 6 8 -1,
32 8 10 -1,
32 14 16 -1,
32 16 18 -1,
32 18 20 -1,
32 20 22 -1,
32 22 24 -1,
32 24 27 -1,
32 34 36 -1,
32 36 38 -1,
32 53 54 -1,
32 54 56 -1,
32 56 58 -1,
32 58 61 -1,
32 61 62 -1,
32 62 64 -1,
32 64 67 -1,
32 67 69 -1,
32 69 70 -1,
32 70 73 -1,
32 73 74 -1,
32 74 76 -1,
32 76 79 -1,
32 79 80 -1,
32 80 83 -1,
32 83 85 -1,
32 95 96 -1,
32 96 99 -1,
32 99 101 -1,
32 101 102 -1,
32 102 105 -1,
32 105 106 -1,
32 106 109 -1,
32 109 111 -1,
32 111 112 -1,
32 112 115 -1,
32 115 117 -1,
32 117 118 -1,
32 118 121 -1,
32 121 122 -1,
32 122 124 -1,
32 124 127 -1,
32 127 128 -1,
32 128 130 -1,
32 130 132 -1,
32 132 134 -1,
32 134 136 -1,
32 136 138 -1,
32 138 140 -1,
32 140 142 -1,
32 142 144 -1,
32 144 146 -1,
32 146 148 -1,
32 148 150 -1,
32 150 152 -1,
32 152 154 -1,
32 154 156 -1,
32 156 158 -1,
32 158 160 -1,
32 160 162 -1,
32 162 164 -1,
32 164 166 -1,
32 166 168 -1,
32 168 170 -1,
32 170 172 -1,
32 172 174 -1,
32 174 176 -1,
32 176 178 -1,
32 178 180 -1,
32 180 182 -1,
32 182 184 -1,
32 184 186 -1,
32 186 188 -1,
32 188 190 -1,
32 190 193 -1,
32 193 194 -1,
32 194 196 -1,
32 196 198 -1,
32 198 200 -1,
32 200 202 -1,
32 206 208 -1,
32 208 211 -1,
32 211 212 -1,
32 212 214 -1,
32 214 216 -1,
32 216 219 -1,
32 219 220 -1,
32 220 222 -1,
32 222 225 -1,
32 232 234 -1,
32 234 236 -1,
32 202 206 -1,
32 90 95 -1,
32 240 246 -1,
32 225 228 -1,
32 228 232 -1,
32 236 240 -1,
32 85 90 -1,
32 27 30 -1,
32 44 48 -1,
32 246 1 -1,
32 10 14 -1,
32 48 53 -1,
32 38 44 -1,
90 93 95 -1,
228 225 226 -1,
85 86 89 -1,
85 89 90 -1,
232 228 230 -1,
240 236 238 -1,
246 240 243 -1,
246 243 244 -1,
1 246 248 -1,
1 248 250 -1,
11 15 13 -1,
51 49 52 -1,
47 45 49 -1,
41 39 43 -1,
43 39 45 -1,
203 207 205 -1,
26 31 29 -1,
2 33 3 -1,
3 33 5 -1,
5 33 7 -1,
7 33 9 -1,
9 33 11 -1,
15 33 17 -1,
17 33 19 -1,
19 33 21 -1,
21 33 23 -1,
23 33 25 -1,
25 33 26 -1,
35 33 37 -1,
37 33 39 -1,
52 33 55 -1,
55 33 57 -1,
57 33 59 -1,
59 33 60 -1,
60 33 63 -1,
63 33 65 -1,
65 33 66 -1,
66 33 68 -1,
68 33 71 -1,
71 33 72 -1,
72 33 75 -1,
75 33 77 -1,
77 33 78 -1,
78 33 81 -1,
81 33 82 -1,
82 33 84 -1,
94 33 97 -1,
97 33 98 -1,
98 33 100 -1,
100 33 103 -1,
103 33 104 -1,
104 33 107 -1,
107 33 108 -1,
108 33 110 -1,
110 33 113 -1,
113 33 114 -1,
114 33 116 -1,
116 33 119 -1,
119 33 120 -1,
120 33 123 -1,
123 33 125 -1,
125 33 126 -1,
126 33 129 -1,
129 33 131 -1,
131 33 133 -1,
133 33 135 -1,
135 33 137 -1,
137 33 139 -1,
139 33 141 -1,
141 33 143 -1,
143 33 145 -1,
145 33 147 -1,
147 33 149 -1,
149 33 151 -1,
151 33 153 -1,
153 33 155 -1,
155 33 157 -1,
157 33 159 -1,
159 33 161 -1,
161 33 163 -1,
163 33 165 -1,
165 33 167 -1,
167 33 169 -1,
169 33 171 -1,
171 33 173 -1,
173 33 175 -1,
175 33 177 -1,
177 33 179 -1,
179 33 181 -1,
181 33 183 -1,
183 33 185 -1,
185 33 187 -1,
187 33 189 -1,
189 33 191 -1,
191 33 192 -1,
192 33 195 -1,
195 33 197 -1,
197 33 199 -1,
199 33 201 -1,
201 33 203 -1,
207 33 209 -1,
209 33 210 -1,
210 33 213 -1,
213 33 215 -1,
215 33 217 -1,
217 33 218 -1,
218 33 221 -1,
221 33 223 -1,
223 33 224 -1,
233 33 235 -1,
235 33 237 -1,
203 33 207 -1,
91 33 94 -1,
241 33 247 -1,
224 33 229 -1,
229 33 233 -1,
237 33 241 -1,
84 33 91 -1,
26 33 31 -1,
45 33 49 -1,
247 33 2 -1,
11 33 15 -1,
49 33 52 -1,
39 33 45 -1,
92 91 94 -1,
224 229 227 -1,
87 84 88 -1,
88 84 91 -1,
229 233 231 -1,
237 241 239 -1,
241 247 242 -1,
242 247 245 -1,
247 2 249 -1,
249 2 251 -1 ] } }
Shape { appearance Appearance { material Material { diffuseColor 0.7 0.72 0.74 } } geometry IndexedFaceSet { solid FALSE coord Coordinate { point [ -0.098425 -2.059055 -0.984252,
-0.098425 -2.059055 0.000000,
-0.098425 -1.940945 -0.984252,
-0.098425 -1.940945 0.000000,
0.098425 -2.059055 0.000000,
0.098425 -2.059055 -0.984252,
0.098425 -1.940945 -0.984252,
0.098425 -1.940945 0.000000 ] } coordIndex [ 0 1 2 -1,
2 1 3 -1,
4 5 6 -1,
4 6 7 -1,
5 4 0 -1,
0 4 1 -1,
7 6 2 -1,
7 2 3 -1,
2 6 0 -1,
0 6 5 -1,
7 3 1 -1,
7 1 4 -1 ] } }
Shape { appearance Appearance { material Material { diffuseColor 0.7 0.72 0.74 } } geometry IndexedFaceSet { solid FALSE coord Coordinate { point [ -0.098425 -2.059055 1.181102,
-0.098425 -2.059055 2.559055,
-0.098425 -1.940945 1.181102,
-0.098425 -1.940945 2.559055,
0.098425 -2.059055 2.559055,
0.098425 -2.059055 1.181102,
0.098425 -1.940945 1.181102,
0.098425 -1.940945 2.559055 ] } coordIndex [ 0 1 2 -1,
2 1 3 -1,
4 5 6 -1,
4 6 7 -1,
5 4 0 -1,
0 4 1 -1,
7 6 2 -1,
7 2 3 -1,
2 6 0 -1,
0 6 5 -1,
7 3 1 -1,
7 1 4 -1 ] } }
Shape { appearance Appearance { material Material { diffuseColor 0.7 0.72 0.74 } } geometry IndexedFaceSet { solid FALSE coord Coordinate { point [ 0.200787 -2.002944 2.618037,
0.200787 -2.000000 2.618110,
0.000000 -2.000000 2.618110,
0.000000 -2.002944 2.618037,
0.200787 -2.005880 2.617817,
0.000000 -2.005880 2.617817,
0.200787 -2.008802 2.617451,
0.000000 -2.008802 2.617451,
0.200787 -2.011702 2.616939,
0.000000 -2.011702 2.616939,
0.200787 -2.014572 2.616284,
0.000000 -2.014572 2.616284,
0.200787 -2.017407 2.615487,
0.000000 -2.017407 2.615487,
0.200787 -2.020198 2.614549,
0.000000 -2.020198 2.614549,
0.200787 -2.022939 2.613473,
0.000000 -2.022939 2.613473,
0.200787 -2.025623 2.612262,
0.000000 -2.025623 2.612262,
0.200787 -2.028243 2.610919,
0.000000 -2.028243 2.610919,
0.200787 -2.030793 2.609446,
0.000000 -2.030793 2.609446,
0.200787 -2.033267 2.607849,
0.000000 -2.033267 2.607849,
0.000000 -2.035658 2.606130,
0.200787 -2.035658 2.606130,
0.200787 -2.037960 2.604294,
0.000000 -2.037960 2.604294,
0.200787 -2.040168 2.602346,
0.000000 -2.040168 2.602346,
0.200787 -2.042276 2.600290,
0.000000 -2.042276 2.600290,
0.200787 -2.044278 2.598131,
0.000000 -2.044278 2.598131,
0.200787 -2.046171 2.595875,
0.000000 -2.046171 2.595875,
0.200787 -2.047949 2.593528,
0.000000 -2.047949 2.593528,
0.200787 -2.049608 2.591095,
0.000000 -2.049608 2.591095,
0.200787 -2.051143 2.588583,
0.000000 -2.051143 2.588583,
0.200787 -2.052551 2.585997,
0.000000 -2.052551 2.585997,
0.200787 -2.053829 2.583344,
0.000000 -2.053829 2.583344,
0.200787 -2.054973 2.580630,
0.000000 -2.054973 2.580630,
0.200787 -2.055980 2.577863,
0.000000 -2.055980 2.577863,
0.000000 -2.056848 2.575050,
0.200787 -2.056848 2.575050,
0.200787 -2.057574 2.572196,
0.000000 -2.057574 2.572196,
0.200787 -2.058158 2.569310,
0.000000 -2.058158 2.569310,
0.200787 -2.058597 2.566398,
0.000000 -2.058597 2.566398,
0.000000 -2.058890 2.563468,
0.200787 -2.058890 2.563468,
0.200787 -2.059037 2.560527,
0.000000 -2.059037 2.560527,
0.200787 -2.059037 2.557583,
0.000000 -2.059037 2.557583,
0.000000 -2.058890 2.554642,
0.200787 -2.058890 2.554642,
0.000000 -2.058597 2.551712,
0.200787 -2.058597 2.551712,
0.200787 -2.058158 2.548800,
0.000000 -2.058158 2.548800,
0.000000 -2.057574 2.545914,
0.200787 -2.057574 2.545914,
0.200787 -2.056848 2.543061,
0.000000 -2.056848 2.543061,
0.200787 -2.055980 2.540247,
0.000000 -2.055980 2.540247,
0.000000 -2.054973 2.537480,
0.200787 -2.054973 2.537480,
0.200787 -2.053829 2.534767,
0.000000 -2.053829 2.534767,
0.000000 -2.052551 2.532114,
0.200787 -2.052551 2.532114,
0.000000 -2.051143 2.529528,
0.200787 -2.051143 2.529528,
0.200787 -2.049608 2.527015,
0.000000 -2.049608 2.527015,
0.000000 -2.047949 2.524582,
0.200787 -2.047949 2.524582,
0.200787 -2.046171 2.522235,
0.000000 -2.046171 2.522235,
0.000000 -2.044278 2.519979,
0.200787 -2.044278 2.519979,
0.000000 -2.042276 2.517821,
0.200787 -2.042276 2.517821,
0.200787 -2.040168 2.515765,
0.000000 -2.040168 2.515765,
0.000000 -2.037960 2.513816,
0.200787 -2.037960 2.513816,
0.000000 -2.035658 2.511980,
0.200787 -2.035658 2.511980,
0.200787 -2.033267 2.510261,
0.000000 -2.033267 2.510261,
0.000000 -2.030793 2.508664,
0.200787 -2.030793 2.508664,
0.200787 -2.028243 2.507192,
0.000000 -2.028243 2.507192,
0.000000 -2.025623 2.505848,
0.200787 -2.025623 2.505848,
0.000000 -2.022939 2.504637,
0.200787 -2.022939 2.504637,
0.200787 -2.020198 2.503561,
0.000000 -2.020198 2.503561,
0.000000 -2.017407 2.502624,
0.200787 -2.017407 2.502624,
0.000000 -2.014572 2.501826,
0.200787 -2.014572 2.501826,
0.200787 -2.011702 2.501171,
0.000000 -2.011702 2.501171,
0.000000 -2.008802 2.500660,
0.200787 -2.008802 2.500660,
0.200787 -2.005880 2.500293,
0.000000 -2.005880 2.500293,
0.200787 -2.002944 2.500073,
0.000000 -2.002944 2.500073,
0.000000 -2.000000 2.500000,
0.200787 -2.000000 2.500000,
0.200787 -1.997056 2.500073,
0.000000 -1.997056 2.500073,
0.200787 -1.994120 2.500293,
0.000000 -1.994120 2.500293,
0.200787 -1.991198 2.500660,
0.000000 -1.991198 2.500660,
0.200787 -1.988298 2.501171,
0.000000 -1.988298 2.501171,
0.200787 -1.985428 2.501826,
0.000000 -1.985428 2.501826,
0.200787 -1.982593 2.502624,
0.000000 -1.982593 2.502624,
0.200787 -1.979802 2.503561,
0.000000 -1.979802 2.503561,
0.200787 -1.977061 2.504637,
0.000000 -1.977061 2.504637,
0.200787 -1.974377 2.505848,
0.000000 -1.974377 2.505848,
0.200787 -1.971757 2.507192,
0.000000 -1.971757 2.507192,
0.200787 -1.969207 2.508664,
0.000000 -1.969207 2.508664,
0.200787 -1.966733 2.510261,
0.000000 -1.966733 2.510261,
0.200787 -1.964342 2.511980,
0.000000 -1.964342 2.511980,
0.200787 -1.962040 2.513816,
0.000000 -1.962040 2.513816,
0.200787 -1.959832 2.515765,
0.000000 -1.959832 2.515765,
0.200787 -1.957724 2.517821,
0.000000 -1.957724 2.517821,
0.200787 -1.955722 2.519979,
0.000000 -1.955722 2.519979,
0.200787 -1.953829 2.522235,
0.000000 -1.953829 2.522235,
0.200787 -1.952051 2.524582,
0.000000 -1.952051 2.524582,
0.200787 -1.950392 2.527015,
0.000000 -1.950392 2.527015,
0.200787 -1.948857 2.529528,
0.000000 -1.948857 2.529528,
0.200787 -1.947449 2.532114,
0.000000 -1.947449 2.532114,
0.200787 -1.946171 2.534767,
0.000000 -1.946171 2.534767,
0.200787 -1.945027 2.537480,
0.000000 -1.945027 2.537480,
0.200787 -1.944020 2.540247,
0.000000 -1.944020 2.540247,
0.200787 -1.943152 2.543061,
0.000000 -1.943152 2.543061,
0.200787 -1.942426 2.545914,
0.000000 -1.942426 2.545914,
0.200787 -1.941842 2.548800,
0.000000 -1.941842 2.548800,
0.200787 -1.941403 2.551712,
0.000000 -1.941403 2.551712,
0.200787 -1.941110 2.554642,
0.000000 -1.941110 2.554642,
0.200787 -1.940963 2.557583,
0.000000 -1.940963 2.557583,
0.200787 -1.940963 2.560527,
0.000000 -1.940963 2.560527,
0.000000 -1.941110 2.563468,
0.200787 -1.941110 2.563468,
0.200787 -1.941403 2.566398,
0.000000 -1.941403 2.566398,
0.200787 -1.941842 2.569310,
0.000000 -1.941842 2.569310,
0.200787 -1.942426 2.572196,
0.000000 -1.942426 2.572196,
0.200787 -1.943152 2.575050,
0.000000 -1.943152 2.575050,
0.200787 -1.944020 2.577863,
0.000000 -1.944020 2.577863,
0.200787 -1.945027 2.580630,
0.000000 -1.945027 2.580630,
0.200787 -1.946171 2.583344,
0.000000 -1.946171 2.583344,
0.200787 -1.947449 2.585997,
0.000000 -1.947449 2.585997,
0.000000 -1.948857 2.588583,
0.200787 -1.948857 2.588583,
0.200787 -1.950392 2.591095,
0.000000 -1.950392 2.591095,
0.200787 -1.952051 2.593528,
0.000000 -1.952051 2.593528,
0.200787 -1.953829 2.595875,
0.000000 -1.953829 2.595875,
0.000000 -1.955722 2.598131,
0.200787 -1.955722 2.598131,
0.200787 -1.957724 2.600290,
0.000000 -1.957724 2.600290,
0.200787 -1.959832 2.602346,
0.000000 -1.959832 2.602346,
0.000000 -1.962040 2.604294,
0.200787 -1.962040 2.604294,
0.200787 -1.964342 2.606130,
0.000000 -1.964342 2.606130,
0.200787 -1.966733 2.607849,
0.000000 -1.966733 2.607849,
0.200787 -1.969207 2.609446,
0.000000 -1.969207 2.609446,
0.200787 -1.971757 2.610919,
0.000000 -1.971757 2.610919,
0.200787 -1.974377 2.612262,
0.000000 -1.974377 2.612262,
0.200787 -1.977061 2.613473,
0.000000 -1.977061 2.613473,
0.200787 -1.979802 2.614549,
0.000000 -1.979802 2.614549,
0.200787 -1.982593 2.615487,
0.000000 -1.982593 2.615487,
0.000000 -1.985428 2.616284,
0.200787 -1.985428 2.616284,
0.200787 -1.988298 2.616939,
0.000000 -1.988298 2.616939,
0.200787 -1.991198 2.617451,
0.000000 -1.991198 2.617451,
0.200787 -1.994120 2.617817,
0.000000 -1.994120 2.617817,
0.200787 -1.997056 2.618037,
0.000000 -1.997056 2.618037 ] } coordIndex [ 0 1 2 -1,
0 2 3 -1,
4 3 5 -1,
4 0 3 -1,
6 5 7 -1,
6 4 5 -1,
8 7 9 -1,
8 6 7 -1,
10 9 11 -1,
10 8 9 -1,
12 11 13 -1,
12 10 11 -1,
14 13 15 -1,
14 12 13 -1,
16 15 17 -1,
16 14 15 -1,
18 17 19 -1,
18 16 17 -1,
20 19 21 -1,
20 18 19 -1,
22 20 21 -1,
22 21 23 -1,
24 22 23 -1,
24 23 25 -1,
24 25 26 -1,
27 24 26 -1,
28 27 26 -1,
28 26 29 -1,
30 28 29 -1,
30 29 31 -1,
32 30 31 -1,
32 31 33 -1,
34 32 33 -1,
34 33 35 -1,
36 34 35 -1,
36 35 37 -1,
38 36 37 -1,
38 37 39 -1,
40 38 39 -1,
40 39 41 -1,
42 40 41 -1,
42 41 43 -1,
44 42 43 -1,
44 43 45 -1,
46 45 47 -1,
46 44 45 -1,
48 47 49 -1,
48 46 47 -1,
50 49 51 -1,
50 51 52 -1,
50 48 49 -1,
53 50 52 -1,
54 52 55 -1,
54 53 52 -1,
56 55 57 -1,
56 54 55 -1,
58 57 59 -1,
58 59 60 -1,
58 56 57 -1,
61 58 60 -1,
62 60 63 -1,
62 61 60 -1,
64 63 65 -1,
64 65 66 -1,
64 62 63 -1,
67 66 68 -1,
67 64 66 -1,
69 67 68 -1,
70 68 71 -1,
70 71 72 -1,
70 69 68 -1,
73 70 72 -1,
74 73 72 -1,
74 72 75 -1,
76 74 75 -1,
76 75 77 -1,
76 77 78 -1,
79 76 78 -1,
80 79 78 -1,
80 78 81 -1,
80 81 82 -1,
83 80 82 -1,
83 82 84 -1,
85 83 84 -1,
86 85 84 -1,
86 84 87 -1,
86 87 88 -1,
89 86 88 -1,
90 89 88 -1,
90 88 91 -1,
90 91 92 -1,
93 90 92 -1,
93 92 94 -1,
95 93 94 -1,
96 95 94 -1,
96 94 97 -1,
96 97 98 -1,
99 96 98 -1,
99 98 100 -1,
101 99 100 -1,
102 101 100 -1,
102 100 103 -1,
102 103 104 -1,
105 102 104 -1,
106 105 104 -1,
106 104 107 -1,
106 107 108 -1,
109 106 108 -1,
109 108 110 -1,
111 109 110 -1,
112 111 110 -1,
112 110 113 -1,
112 113 114 -1,
115 114 116 -1,
115 112 114 -1,
117 115 116 -1,
118 116 119 -1,
118 119 120 -1,
118 117 116 -1,
121 118 120 -1,
122 120 123 -1,
122 121 120 -1,
124 122 123 -1,
124 123 125 -1,
124 125 126 -1,
127 124 126 -1,
128 127 126 -1,
128 126 129 -1,
130 128 129 -1,
130 129 131 -1,
132 130 131 -1,
132 131 133 -1,
134 132 133 -1,
134 133 135 -1,
136 134 135 -1,
136 135 137 -1,
138 136 137 -1,
138 137 139 -1,
140 138 139 -1,
140 139 141 -1,
142 140 141 -1,
142 141 143 -1,
144 142 143 -1,
144 143 145 -1,
146 144 145 -1,
146 145 147 -1,
148 146 147 -1,
148 147 149 -1,
150 149 151 -1,
150 148 149 -1,
152 151 153 -1,
152 150 151 -1,
154 153 155 -1,
154 152 153 -1,
156 155 157 -1,
156 154 155 -1,
158 157 159 -1,
158 156 157 -1,
160 159 161 -1,
160 158 159 -1,
162 161 163 -1,
162 160 161 -1,
164 163 165 -1,
164 162 163 -1,
166 165 167 -1,
166 164 165 -1,
168 167 169 -1,
168 166 167 -1,
170 169 171 -1,
170 168 169 -1,
172 171 173 -1,
172 170 171 -1,
174 173 175 -1,
174 172 173 -1,
176 174 175 -1,
176 175 177 -1,
178 176 177 -1,
178 177 179 -1,
180 178 179 -1,
180 179 181 -1,
182 180 181 -1,
182 181 183 -1,
184 183 185 -1,
184 182 183 -1,
186 185 187 -1,
186 184 185 -1,
188 187 189 -1,
188 186 187 -1,
190 189 191 -1,
190 191 192 -1,
190 188 189 -1,
193 190 192 -1,
194 192 195 -1,
194 193 192 -1,
196 195 197 -1,
196 194 195 -1,
198 197 199 -1,
198 196 197 -1,
200 199 201 -1,
200 198 199 -1,
202 201 203 -1,
202 200 201 -1,
204 203 205 -1,
204 202 203 -1,
206 205 207 -1,
206 204 205 -1,
208 207 209 -1,
208 209 210 -1,
208 206 207 -1,
211 208 210 -1,
212 210 213 -1,
212 211 210 -1,
214 213 215 -1,
214 212 213 -1,
216 215 217 -1,
216 217 218 -1,
216 214 215 -1,
219 216 218 -1,
220 218 221 -1,
220 219 218 -1,
222 221 223 -1,
222 223 224 -1,
222 220 221 -1,
225 222 224 -1,
226 225 224 -1,
226 224 227 -1,
228 226 227 -1,
228 227 229 -1,
230 228 229 -1,
230 229 231 -1,
232 230 231 -1,
232 231 233 -1,
234 232 233 -1,
234 233 235 -1,
236 234 235 -1,
236 235 237 -1,
238 236 237 -1,
238 237 239 -1,
240 238 239 -1,
240 239 241 -1,
240 241 242 -1,
243 240 242 -1,
244 243 242 -1,
244 242 245 -1,
246 244 245 -1,
246 245 247 -1,
248 246 247 -1,
248 247 249 -1,
250 249 251 -1,
250 248 249 -1,
250 251 2 -1,
1 250 2 -1,
206 202 204 -1,
106 109 111 -1,
211 206 208 -1,
212 206 211 -1,
101 102 105 -1,
216 212 214 -1,
222 219 220 -1,
226 222 225 -1,
228 222 226 -1,
232 228 230 -1,
83 85 86 -1,
236 232 234 -1,
240 236 238 -1,
243 236 240 -1,
244 236 243 -1,
10 6 8 -1,
14 10 12 -1,
20 16 18 -1,
40 42 44 -1,
40 44 46 -1,
40 46 48 -1,
27 20 22 -1,
27 22 24 -1,
34 36 38 -1,
32 200 202 -1,
32 1 0 -1,
32 0 4 -1,
32 4 6 -1,
32 236 244 -1,
32 202 206 -1,
32 14 16 -1,
32 216 219 -1,
32 27 28 -1,
32 212 216 -1,
32 28 30 -1,
32 10 14 -1,
32 206 212 -1,
32 38 40 -1,
32 244 246 -1,
32 246 248 -1,
32 248 250 -1,
32 34 38 -1,
32 250 1 -1,
32 48 50 -1,
32 50 53 -1,
32 53 54 -1,
32 54 56 -1,
32 56 58 -1,
32 58 61 -1,
32 61 62 -1,
32 40 48 -1,
32 62 64 -1,
32 64 67 -1,
32 67 69 -1,
32 228 232 -1,
32 69 70 -1,
32 70 73 -1,
32 73 74 -1,
32 74 76 -1,
32 101 105 -1,
32 76 79 -1,
32 79 80 -1,
32 80 83 -1,
32 86 89 -1,
32 89 90 -1,
32 90 93 -1,
32 93 95 -1,
32 95 96 -1,
32 96 99 -1,
32 99 101 -1,
32 105 106 -1,
32 16 20 -1,
32 219 222 -1,
32 111 112 -1,
32 112 115 -1,
32 115 117 -1,
32 117 118 -1,
32 118 121 -1,
32 121 122 -1,
32 222 228 -1,
32 122 124 -1,
32 124 127 -1,
32 127 128 -1,
32 128 130 -1,
32 130 132 -1,
32 132 134 -1,
32 106 111 -1,
32 134 136 -1,
32 136 138 -1,
32 138 140 -1,
32 83 86 -1,
32 140 142 -1,
32 142 144 -1,
32 144 146 -1,
32 146 148 -1,
32 148 150 -1,
32 150 152 -1,
32 232 236 -1,
32 152 154 -1,
32 154 156 -1,
32 156 158 -1,
32 158 160 -1,
32 160 162 -1,
32 162 164 -1,
32 164 166 -1,
32 166 168 -1,
32 168 170 -1,
32 170 172 -1,
32 172 174 -1,
32 174 176 -1,
32 176 178 -1,
32 178 180 -1,
32 180 182 -1,
32 182 184 -1,
32 184 186 -1,
32 186 188 -1,
32 188 190 -1,
32 190 193 -1,
32 193 194 -1,
32 6 10 -1,
32 194 196 -1,
32 20 27 -1,
32 196 198 -1,
32 198 200 -1,
203 207 205 -1,
108 107 110 -1,
207 210 209 -1,
207 213 210 -1,
103 100 104 -1,
213 217 215 -1,
218 223 221 -1,
223 227 224 -1,
223 229 227 -1,
229 233 231 -1,
84 82 87 -1,
233 237 235 -1,
237 241 239 -1,
237 242 241 -1,
237 245 242 -1,
7 11 9 -1,
11 15 13 -1,
17 21 19 -1,
43 41 45 -1,
45 41 47 -1,
47 41 49 -1,
21 26 23 -1,
23 26 25 -1,
37 35 39 -1,
201 33 203 -1,
2 33 3 -1,
3 33 5 -1,
5 33 7 -1,
237 33 245 -1,
203 33 207 -1,
15 33 17 -1,
217 33 218 -1,
26 33 29 -1,
213 33 217 -1,
29 33 31 -1,
11 33 15 -1,
207 33 213 -1,
39 33 41 -1,
245 33 247 -1,
247 33 249 -1,
249 33 251 -1,
35 33 39 -1,
251 33 2 -1,
49 33 51 -1,
51 33 52 -1,
52 33 55 -1,
55 33 57 -1,
57 33 59 -1,
59 33 60 -1,
60 33 63 -1,
41 33 49 -1,
63 33 65 -1,
65 33 66 -1,
66 33 68 -1,
229 33 233 -1,
68 33 71 -1,
71 33 72 -1,
72 33 75 -1,
75 33 77 -1,
100 33 104 -1,
77 33 78 -1,
78 33 81 -1,
81 33 82 -1,
87 33 88 -1,
88 33 91 -1,
91 33 92 -1,
92 33 94 -1,
94 33 97 -1,
97 33 98 -1,
98 33 100 -1,
104 33 107 -1,
17 33 21 -1,
218 33 223 -1,
110 33 113 -1,
113 33 114 -1,
114 33 116 -1,
116 33 119 -1,
119 33 120 -1,
120 33 123 -1,
223 33 229 -1,
123 33 125 -1,
125 33 126 -1,
126 33 129 -1,
129 33 131 -1,
131 33 133 -1,
133 33 135 -1,
107 33 110 -1,
135 33 137 -1,
137 33 139 -1,
139 33 141 -1,
82 33 87 -1,
141 33 143 -1,
143 33 145 -1,
145 33 147 -1,
147 33 149 -1,
149 33 151 -1,
151 33 153 -1,
233 33 237 -1,
153 33 155 -1,
155 33 157 -1,
157 33 159 -1,
159 33 161 -1,
161 33 163 -1,
163 33 165 -1,
165 33 167 -1,
167 33 169 -1,
169 33 171 -1,
171 33 173 -1,
173 33 175 -1,
175 33 177 -1,
177 33 179 -1,
179 33 181 -1,
181 33 183 -1,
183 33 185 -1,
185 33 187 -1,
187 33 189 -1,
189 33 191 -1,
191 33 192 -1,
192 33 195 -1,
7 33 11 -1,
195 33 197 -1,
21 33 26 -1,
197 33 199 -1,
199 33 201 -1 ] } }
Shape { appearance Appearance { material Material { diffuseColor 0.7 0.72 0.74 } } geometry IndexedFaceSet { solid FALSE coord Coordinate { point [ -0.098425 -3.059055 -0.984252,
-0.098425 -3.059055 0.000000,
-0.098425 -2.940945 -0.984252,
-0.098425 -2.940945 0.000000,
0.098425 -3.059055 0.000000,
0.098425 -3.059055 -0.984252,
0.098425 -2.940945 -0.984252,
0.098425 -2.940945 0.000000 ] } coordIndex [ 0 1 2 -1,
2 1 3 -1,
4 5 6 -1,
4 6 7 -1,
5 4 0 -1,
0 4 1 -1,
7 6 2 -1,
7 2 3 -1,
2 6 0 -1,
0 6 5 -1,
7 3 1 -1,
7 1 4 -1 ] } }
Shape { appearance Appearance { material Material { diffuseColor 0.7 0.72 0.74 } } geometry IndexedFaceSet { solid FALSE coord Coordinate { point [ -0.098425 -3.059055 1.181102,
-0.098425 -3.059055 2.559055,
-0.098425 -2.940945 1.181102,
-0.098425 -2.940945 2.559055,
0.098425 -3.059055 2.559055,
0.098425 -3.059055 1.181102,
0.098425 -2.940945 1.181102,
0.098425 -2.940945 2.559055 ] } coordIndex [ 0 1 2 -1,
2 1 3 -1,
4 5 6 -1,
4 6 7 -1,
5 4 0 -1,
0 4 1 -1,
7 6 2 -1,
7 2 3 -1,
2 6 0 -1,
0 6 5 -1,
7 3 1 -1,
7 1 4 -1 ] } }
Shape { appearance Appearance { material Material { diffuseColor 0.7 0.72 0.74 } } geometry IndexedFaceSet { solid FALSE coord Coordinate { point [ 0.200787 -3.002944 2.618037,
0.200787 -3.000000 2.618110,
0.000000 -3.000000 2.618110,
0.000000 -3.002944 2.618037,
0.200787 -3.005880 2.617817,
0.000000 -3.005880 2.617817,
0.200787 -3.008802 2.617451,
0.000000 -3.008802 2.617451,
0.200787 -3.011702 2.616939,
0.000000 -3.011702 2.616939,
0.200787 -3.014572 2.616284,
0.000000 -3.014572 2.616284,
0.200787 -3.017407 2.615487,
0.000000 -3.017407 2.615487,
0.200787 -3.020198 2.614549,
0.000000 -3.020198 2.614549,
0.200787 -3.022939 2.613473,
0.000000 -3.022939 2.613473,
0.200787 -3.025623 2.612262,
0.000000 -3.025623 2.612262,
0.200787 -3.028243 2.610919,
0.000000 -3.028243 2.610919,
0.200787 -3.030793 2.609446,
0.000000 -3.030793 2.609446,
0.200787 -3.033267 2.607849,
0.000000 -3.033267 2.607849,
0.000000 -3.035658 2.606130,
0.200787 -3.035658 2.606130,
0.200787 -3.037960 2.604294,
0.000000 -3.037960 2.604294,
0.200787 -3.040168 2.602346,
0.000000 -3.040168 2.602346,
0.200787 -3.042276 2.600290,
0.000000 -3.042276 2.600290,
0.200787 -3.044278 2.598131,
0.000000 -3.044278 2.598131,
0.200787 -3.046171 2.595875,
0.000000 -3.046171 2.595875,
0.200787 -3.047949 2.593528,
0.000000 -3.047949 2.593528,
0.200787 -3.049608 2.591095,
0.000000 -3.049608 2.591095,
0.200787 -3.051143 2.588583,
0.000000 -3.051143 2.588583,
0.200787 -3.052551 2.585997,
0.000000 -3.052551 2.585997,
0.200787 -3.053829 2.583344,
0.000000 -3.053829 2.583344,
0.200787 -3.054973 2.580630,
0.000000 -3.054973 2.580630,
0.200787 -3.055980 2.577863,
0.000000 -3.055980 2.577863,
0.000000 -3.056848 2.575050,
0.200787 -3.056848 2.575050,
0.200787 -3.057574 2.572196,
0.000000 -3.057574 2.572196,
0.200787 -3.058158 2.569310,
0.000000 -3.058158 2.569310,
0.200787 -3.058597 2.566398,
0.000000 -3.058597 2.566398,
0.000000 -3.058890 2.563468,
0.200787 -3.058890 2.563468,
0.200787 -3.059037 2.560527,
0.000000 -3.059037 2.560527,
0.200787 -3.059037 2.557583,
0.000000 -3.059037 2.557583,
0.000000 -3.058890 2.554642,
0.200787 -3.058890 2.554642,
0.000000 -3.058597 2.551712,
0.200787 -3.058597 2.551712,
0.200787 -3.058158 2.548800,
0.000000 -3.058158 2.548800,
0.000000 -3.057574 2.545914,
0.200787 -3.057574 2.545914,
0.200787 -3.056848 2.543061,
0.000000 -3.056848 2.543061,
0.200787 -3.055980 2.540247,
0.000000 -3.055980 2.540247,
0.000000 -3.054973 2.537480,
0.200787 -3.054973 2.537480,
0.200787 -3.053829 2.534767,
0.000000 -3.053829 2.534767,
0.000000 -3.052551 2.532114,
0.200787 -3.052551 2.532114,
0.000000 -3.051143 2.529528,
0.200787 -3.051143 2.529528,
0.200787 -3.049608 2.527015,
0.000000 -3.049608 2.527015,
0.000000 -3.047949 2.524582,
0.200787 -3.047949 2.524582,
0.200787 -3.046171 2.522235,
0.000000 -3.046171 2.522235,
0.000000 -3.044278 2.519979,
0.200787 -3.044278 2.519979,
0.000000 -3.042276 2.517821,
0.200787 -3.042276 2.517821,
0.200787 -3.040168 2.515765,
0.000000 -3.040168 2.515765,
0.000000 -3.037960 2.513816,
0.200787 -3.037960 2.513816,
0.000000 -3.035658 2.511980,
0.200787 -3.035658 2.511980,
0.200787 -3.033267 2.510261,
0.000000 -3.033267 2.510261,
0.000000 -3.030793 2.508664,
0.200787 -3.030793 2.508664,
0.200787 -3.028243 2.507192,
0.000000 -3.028243 2.507192,
0.000000 -3.025623 2.505848,
0.200787 -3.025623 2.505848,
0.000000 -3.022939 2.504637,
0.200787 -3.022939 2.504637,
0.200787 -3.020198 2.503561,
0.000000 -3.020198 2.503561,
0.000000 -3.017407 2.502624,
0.200787 -3.017407 2.502624,
0.000000 -3.014572 2.501826,
0.200787 -3.014572 2.501826,
0.200787 -3.011702 2.501171,
0.000000 -3.011702 2.501171,
0.000000 -3.008802 2.500660,
0.200787 -3.008802 2.500660,
0.200787 -3.005880 2.500293,
0.000000 -3.005880 2.500293,
0.200787 -3.002944 2.500073,
0.000000 -3.002944 2.500073,
0.000000 -3.000000 2.500000,
0.200787 -3.000000 2.500000,
0.200787 -2.997056 2.500073,
0.000000 -2.997056 2.500073,
0.200787 -2.994120 2.500293,
0.000000 -2.994120 2.500293,
0.200787 -2.991198 2.500660,
0.000000 -2.991198 2.500660,
0.200787 -2.988298 2.501171,
0.000000 -2.988298 2.501171,
0.200787 -2.985428 2.501826,
0.000000 -2.985428 2.501826,
0.200787 -2.982593 2.502624,
0.000000 -2.982593 2.502624,
0.200787 -2.979802 2.503561,
0.000000 -2.979802 2.503561,
0.200787 -2.977061 2.504637,
0.000000 -2.977061 2.504637,
0.200787 -2.974377 2.505848,
0.000000 -2.974377 2.505848,
0.200787 -2.971757 2.507192,
0.000000 -2.971757 2.507192,
0.200787 -2.969207 2.508664,
0.000000 -2.969207 2.508664,
0.200787 -2.966733 2.510261,
0.000000 -2.966733 2.510261,
0.200787 -2.964342 2.511980,
0.000000 -2.964342 2.511980,
0.200787 -2.962040 2.513816,
0.000000 -2.962040 2.513816,
0.200787 -2.959832 2.515765,
0.000000 -2.959832 2.515765,
0.200787 -2.957724 2.517821,
0.000000 -2.957724 2.517821,
0.200787 -2.955722 2.519979,
0.000000 -2.955722 2.519979,
0.200787 -2.953829 2.522235,
0.000000 -2.953829 2.522235,
0.200787 -2.952051 2.524582,
0.000000 -2.952051 2.524582,
0.200787 -2.950392 2.527015,
0.000000 -2.950392 2.527015,
0.200787 -2.948857 2.529528,
0.000000 -2.948857 2.529528,
0.200787 -2.947449 2.532114,
0.000000 -2.947449 2.532114,
0.200787 -2.946171 2.534767,
0.000000 -2.946171 2.534767,
0.200787 -2.945027 2.537480,
0.000000 -2.945027 2.537480,
0.200787 -2.944020 2.540247,
0.000000 -2.944020 2.540247,
0.200787 -2.943152 2.543061,
0.000000 -2.943152 2.543061,
0.200787 -2.942426 2.545914,
0.000000 -2.942426 2.545914,
0.200787 -2.941842 2.548800,
0.000000 -2.941842 2.548800,
0.200787 -2.941403 2.551712,
0.000000 -2.941403 2.551712,
0.200787 -2.941110 2.554642,
0.000000 -2.941110 2.554642,
0.200787 -2.940963 2.557583,
0.000000 -2.940963 2.557583,
0.200787 -2.940963 2.560527,
0.000000 -2.940963 2.560527,
0.000000 -2.941110 2.563468,
0.200787 -2.941110 2.563468,
0.200787 -2.941403 2.566398,
0.000000 -2.941403 2.566398,
0.200787 -2.941842 2.569310,
0.000000 -2.941842 2.569310,
0.200787 -2.942426 2.572196,
0.000000 -2.942426 2.572196,
0.200787 -2.943152 2.575050,
0.000000 -2.943152 2.575050,
0.200787 -2.944020 2.577863,
0.000000 -2.944020 2.577863,
0.200787 -2.945027 2.580630,
0.000000 -2.945027 2.580630,
0.200787 -2.946171 2.583344,
0.000000 -2.946171 2.583344,
0.200787 -2.947449 2.585997,
0.000000 -2.947449 2.585997,
0.000000 -2.948857 2.588583,
0.200787 -2.948857 2.588583,
0.200787 -2.950392 2.591095,
0.000000 -2.950392 2.591095,
0.200787 -2.952051 2.593528,
0.000000 -2.952051 2.593528,
0.200787 -2.953829 2.595875,
0.000000 -2.953829 2.595875,
0.000000 -2.955722 2.598131,
0.200787 -2.955722 2.598131,
0.200787 -2.957724 2.600290,
0.000000 -2.957724 2.600290,
0.200787 -2.959832 2.602346,
0.000000 -2.959832 2.602346,
0.000000 -2.962040 2.604294,
0.200787 -2.962040 2.604294,
0.200787 -2.964342 2.606130,
0.000000 -2.964342 2.606130,
0.200787 -2.966733 2.607849,
0.000000 -2.966733 2.607849,
0.200787 -2.969207 2.609446,
0.000000 -2.969207 2.609446,
0.200787 -2.971757 2.610919,
0.000000 -2.971757 2.610919,
0.200787 -2.974377 2.612262,
0.000000 -2.974377 2.612262,
0.200787 -2.977061 2.613473,
0.000000 -2.977061 2.613473,
0.200787 -2.979802 2.614549,
0.000000 -2.979802 2.614549,
0.200787 -2.982593 2.615487,
0.000000 -2.982593 2.615487,
0.000000 -2.985428 2.616284,
0.200787 -2.985428 2.616284,
0.200787 -2.988298 2.616939,
0.000000 -2.988298 2.616939,
0.200787 -2.991198 2.617451,
0.000000 -2.991198 2.617451,
0.200787 -2.994120 2.617817,
0.000000 -2.994120 2.617817,
0.200787 -2.997056 2.618037,
0.000000 -2.997056 2.618037 ] } coordIndex [ 0 1 2 -1,
0 2 3 -1,
4 3 5 -1,
4 0 3 -1,
6 5 7 -1,
6 4 5 -1,
8 7 9 -1,
8 6 7 -1,
10 9 11 -1,
10 8 9 -1,
12 11 13 -1,
12 10 11 -1,
14 13 15 -1,
14 12 13 -1,
16 15 17 -1,
16 14 15 -1,
18 17 19 -1,
18 16 17 -1,
20 19 21 -1,
20 18 19 -1,
22 20 21 -1,
22 21 23 -1,
24 22 23 -1,
24 23 25 -1,
24 25 26 -1,
27 24 26 -1,
28 27 26 -1,
28 26 29 -1,
30 28 29 -1,
30 29 31 -1,
32 30 31 -1,
32 31 33 -1,
34 32 33 -1,
34 33 35 -1,
36 34 35 -1,
36 35 37 -1,
38 36 37 -1,
38 37 39 -1,
40 38 39 -1,
40 39 41 -1,
42 40 41 -1,
42 41 43 -1,
44 42 43 -1,
44 43 45 -1,
46 45 47 -1,
46 44 45 -1,
48 47 49 -1,
48 46 47 -1,
50 49 51 -1,
50 51 52 -1,
50 48 49 -1,
53 50 52 -1,
54 52 55 -1,
54 53 52 -1,
56 55 57 -1,
56 54 55 -1,
58 57 59 -1,
58 59 60 -1,
58 56 57 -1,
61 58 60 -1,
62 60 63 -1,
62 61 60 -1,
64 63 65 -1,
64 65 66 -1,
64 62 63 -1,
67 66 68 -1,
67 64 66 -1,
69 67 68 -1,
70 68 71 -1,
70 71 72 -1,
70 69 68 -1,
73 70 72 -1,
74 73 72 -1,
74 72 75 -1,
76 74 75 -1,
76 75 77 -1,
76 77 78 -1,
79 76 78 -1,
80 79 78 -1,
80 78 81 -1,
80 81 82 -1,
83 80 82 -1,
83 82 84 -1,
85 83 84 -1,
86 85 84 -1,
86 84 87 -1,
86 87 88 -1,
89 86 88 -1,
90 89 88 -1,
90 88 91 -1,
90 91 92 -1,
93 90 92 -1,
93 92 94 -1,
95 93 94 -1,
96 95 94 -1,
96 94 97 -1,
96 97 98 -1,
99 96 98 -1,
99 98 100 -1,
101 99 100 -1,
102 101 100 -1,
102 100 103 -1,
102 103 104 -1,
105 102 104 -1,
106 105 104 -1,
106 104 107 -1,
106 107 108 -1,
109 106 108 -1,
109 108 110 -1,
111 109 110 -1,
112 111 110 -1,
112 110 113 -1,
112 113 114 -1,
115 114 116 -1,
115 112 114 -1,
117 115 116 -1,
118 116 119 -1,
118 119 120 -1,
118 117 116 -1,
121 118 120 -1,
122 120 123 -1,
122 121 120 -1,
124 122 123 -1,
124 123 125 -1,
124 125 126 -1,
127 124 126 -1,
128 127 126 -1,
128 126 129 -1,
130 128 129 -1,
130 129 131 -1,
132 130 131 -1,
132 131 133 -1,
134 132 133 -1,
134 133 135 -1,
136 134 135 -1,
136 135 137 -1,
138 136 137 -1,
138 137 139 -1,
140 138 139 -1,
140 139 141 -1,
142 140 141 -1,
142 141 143 -1,
144 142 143 -1,
144 143 145 -1,
146 144 145 -1,
146 145 147 -1,
148 146 147 -1,
148 147 149 -1,
150 149 151 -1,
150 148 149 -1,
152 151 153 -1,
152 150 151 -1,
154 153 155 -1,
154 152 153 -1,
156 155 157 -1,
156 154 155 -1,
158 157 159 -1,
158 156 157 -1,
160 159 161 -1,
160 158 159 -1,
162 161 163 -1,
162 160 161 -1,
164 163 165 -1,
164 162 163 -1,
166 165 167 -1,
166 164 165 -1,
168 167 169 -1,
168 166 167 -1,
170 169 171 -1,
170 168 169 -1,
172 171 173 -1,
172 170 171 -1,
174 173 175 -1,
174 172 173 -1,
176 174 175 -1,
176 175 177 -1,
178 176 177 -1,
178 177 179 -1,
180 178 179 -1,
180 179 181 -1,
182 180 181 -1,
182 181 183 -1,
184 183 185 -1,
184 182 183 -1,
186 185 187 -1,
186 184 185 -1,
188 187 189 -1,
188 186 187 -1,
190 189 191 -1,
190 191 192 -1,
190 188 189 -1,
193 190 192 -1,
194 192 195 -1,
194 193 192 -1,
196 195 197 -1,
196 194 195 -1,
198 197 199 -1,
198 196 197 -1,
200 199 201 -1,
200 198 199 -1,
202 201 203 -1,
202 200 201 -1,
204 203 205 -1,
204 202 203 -1,
206 205 207 -1,
206 204 205 -1,
208 207 209 -1,
208 209 210 -1,
208 206 207 -1,
211 208 210 -1,
212 210 213 -1,
212 211 210 -1,
214 213 215 -1,
214 212 213 -1,
216 215 217 -1,
216 217 218 -1,
216 214 215 -1,
219 216 218 -1,
220 218 221 -1,
220 219 218 -1,
222 221 223 -1,
222 223 224 -1,
222 220 221 -1,
225 222 224 -1,
226 225 224 -1,
226 224 227 -1,
228 226 227 -1,
228 227 229 -1,
230 228 229 -1,
230 229 231 -1,
232 230 231 -1,
232 231 233 -1,
234 232 233 -1,
234 233 235 -1,
236 234 235 -1,
236 235 237 -1,
238 236 237 -1,
238 237 239 -1,
240 238 239 -1,
240 239 241 -1,
240 241 242 -1,
243 240 242 -1,
244 243 242 -1,
244 242 245 -1,
246 244 245 -1,
246 245 247 -1,
248 246 247 -1,
248 247 249 -1,
250 249 251 -1,
250 248 249 -1,
250 251 2 -1,
1 250 2 -1,
206 202 204 -1,
106 109 111 -1,
211 206 208 -1,
212 206 211 -1,
101 102 105 -1,
216 212 214 -1,
222 219 220 -1,
226 222 225 -1,
228 222 226 -1,
232 228 230 -1,
83 85 86 -1,
236 232 234 -1,
240 236 238 -1,
243 236 240 -1,
244 236 243 -1,
10 6 8 -1,
14 10 12 -1,
20 16 18 -1,
40 42 44 -1,
40 44 46 -1,
40 46 48 -1,
27 20 22 -1,
27 22 24 -1,
34 36 38 -1,
32 200 202 -1,
32 1 0 -1,
32 0 4 -1,
32 4 6 -1,
32 236 244 -1,
32 202 206 -1,
32 14 16 -1,
32 216 219 -1,
32 27 28 -1,
32 212 216 -1,
32 28 30 -1,
32 10 14 -1,
32 206 212 -1,
32 38 40 -1,
32 244 246 -1,
32 246 248 -1,
32 248 250 -1,
32 34 38 -1,
32 250 1 -1,
32 48 50 -1,
32 50 53 -1,
32 53 54 -1,
32 54 56 -1,
32 56 58 -1,
32 58 61 -1,
32 61 62 -1,
32 40 48 -1,
32 62 64 -1,
32 64 67 -1,
32 67 69 -1,
32 228 232 -1,
32 69 70 -1,
32 70 73 -1,
32 73 74 -1,
32 74 76 -1,
32 101 105 -1,
32 76 79 -1,
32 79 80 -1,
32 80 83 -1,
32 86 89 -1,
32 89 90 -1,
32 90 93 -1,
32 93 95 -1,
32 95 96 -1,
32 96 99 -1,
32 99 101 -1,
32 105 106 -1,
32 16 20 -1,
32 219 222 -1,
32 111 112 -1,
32 112 115 -1,
32 115 117 -1,
32 117 118 -1,
32 118 121 -1,
32 121 122 -1,
32 222 228 -1,
32 122 124 -1,
32 124 127 -1,
32 127 128 -1,
32 128 130 -1,
32 130 132 -1,
32 132 134 -1,
32 106 111 -1,
32 134 136 -1,
32 136 138 -1,
32 138 140 -1,
32 83 86 -1,
32 140 142 -1,
32 142 144 -1,
32 144 146 -1,
32 146 148 -1,
32 148 150 -1,
32 150 152 -1,
32 232 236 -1,
32 152 154 -1,
32 154 156 -1,
32 156 158 -1,
32 158 160 -1,
32 160 162 -1,
32 162 164 -1,
32 164 166 -1,
32 166 168 -1,
32 168 170 -1,
32 170 172 -1,
32 172 174 -1,
32 174 176 -1,
32 176 178 -1,
32 178 180 -1,
32 180 182 -1,
32 182 184 -1,
32 184 186 -1,
32 186 188 -1,
32 188 190 -1,
32 190 193 -1,
32 193 194 -1,
32 6 10 -1,
32 194 196 -1,
32 20 27 -1,
32 196 198 -1,
32 198 200 -1,
203 207 205 -1,
108 107 110 -1,
207 210 209 -1,
207 213 210 -1,
103 100 104 -1,
213 217 215 -1,
218 223 221 -1,
223 227 224 -1,
223 229 227 -1,
229 233 231 -1,
84 82 87 -1,
233 237 235 -1,
237 241 239 -1,
237 242 241 -1,
237 245 242 -1,
7 11 9 -1,
11 15 13 -1,
17 21 19 -1,
43 41 45 -1,
45 41 47 -1,
47 41 49 -1,
21 26 23 -1,
23 26 25 -1,
37 35 39 -1,
201 33 203 -1,
2 33 3 -1,
3 33 5 -1,
5 33 7 -1,
237 33 245 -1,
203 33 207 -1,
15 33 17 -1,
217 33 218 -1,
26 33 29 -1,
213 33 217 -1,
29 33 31 -1,
11 33 15 -1,
207 33 213 -1,
39 33 41 -1,
245 33 247 -1,
247 33 249 -1,
249 33 251 -1,
35 33 39 -1,
251 33 2 -1,
49 33 51 -1,
51 33 52 -1,
52 33 55 -1,
55 33 57 -1,
57 33 59 -1,
59 33 60 -1,
60 33 63 -1,
41 33 49 -1,
63 33 65 -1,
65 33 66 -1,
66 33 68 -1,
229 33 233 -1,
68 33 71 -1,
71 33 72 -1,
72 33 75 -1,
75 33 77 -1,
100 33 104 -1,
77 33 78 -1,
78 33 81 -1,
81 33 82 -1,
87 33 88 -1,
88 33 91 -1,
91 33 92 -1,
92 33 94 -1,
94 33 97 -1,
97 33 98 -1,
98 33 100 -1,
104 33 107 -1,
17 33 21 -1,
218 33 223 -1,
110 33 113 -1,
113 33 114 -1,
114 33 116 -1,
116 33 119 -1,
119 33 120 -1,
120 33 123 -1,
223 33 229 -1,
123 33 125 -1,
125 33 126 -1,
126 33 129 -1,
129 33 131 -1,
131 33 133 -1,
133 33 135 -1,
107 33 110 -1,
135 33 137 -1,
137 33 139 -1,
139 33 141 -1,
82 33 87 -1,
141 33 143 -1,
143 33 145 -1,
145 33 147 -1,
147 33 149 -1,
149 33 151 -1,
151 33 153 -1,
233 33 237 -1,
153 33 155 -1,
155 33 157 -1,
157 33 159 -1,
159 33 161 -1,
161 33 163 -1,
163 33 165 -1,
165 33 167 -1,
167 33 169 -1,
169 33 171 -1,
171 33 173 -1,
173 33 175 -1,
175 33 177 -1,
177 33 179 -1,
179 33 181 -1,
181 33 183 -1,
183 33 185 -1,
185 33 187 -1,
187 33 189 -1,
189 33 191 -1,
191 33 192 -1,
192 33 195 -1,
7 33 11 -1,
195 33 197 -1,
21 33 26 -1,
197 33 199 -1,
199 33 201 -1 ] } }
Shape { appearance Appearance { material Material { diffuseColor 0.7 0.72 0.74 } } geometry IndexedFaceSet { solid FALSE coord Coordinate { point [ -0.098425 -4.059055 -0.984252,
-0.098425 -4.059055 0.000000,
-0.098425 -3.940945 -0.984252,
-0.098425 -3.940945 0.000000,
0.098425 -4.059055 0.000000,
0.098425 -4.059055 -0.984252,
0.098425 -3.940945 -0.984252,
0.098425 -3.940945 0.000000 ] } coordIndex [ 0 1 2 -1,
2 1 3 -1,
4 5 6 -1,
4 6 7 -1,
5 4 0 -1,
0 4 1 -1,
7 6 2 -1,
7 2 3 -1,
2 6 0 -1,
0 6 5 -1,
7 3 1 -1,
7 1 4 -1 ] } }
Shape { appearance Appearance { material Material { diffuseColor 0.7 0.72 0.74 } } geometry IndexedFaceSet { solid FALSE coord Coordinate { point [ -0.098425 -4.059055 1.181102,
-0.098425 -4.059055 2.559055,
-0.098425 -3.940945 1.181102,
-0.098425 -3.940945 2.559055,
0.098425 -4.059055 2.559055,
0.098425 -4.059055 1.181102,
0.098425 -3.940945 1.181102,
0.098425 -3.940945 2.559055 ] } coordIndex [ 0 1 2 -1,
2 1 3 -1,
4 5 6 -1,
4 6 7 -1,
5 4 0 -1,
0 4 1 -1,
7 6 2 -1,
7 2 3 -1,
2 6 0 -1,
0 6 5 -1,
7 3 1 -1,
7 1 4 -1 ] } }
Shape { appearance Appearance { material Material { diffuseColor 0.7 0.72 0.74 } } geometry IndexedFaceSet { solid FALSE coord Coordinate { point [ 0.200787 -4.002944 2.618037,
0.200787 -4.000000 2.618110,
0.000000 -4.000000 2.618110,
0.000000 -4.002944 2.618037,
0.200787 -4.005880 2.617817,
0.000000 -4.005880 2.617817,
0.200787 -4.008802 2.617451,
0.000000 -4.008802 2.617451,
0.200787 -4.011702 2.616939,
0.000000 -4.011702 2.616939,
0.200787 -4.014572 2.616284,
0.000000 -4.014572 2.616284,
0.200787 -4.017407 2.615487,
0.000000 -4.017407 2.615487,
0.200787 -4.020198 2.614549,
0.000000 -4.020198 2.614549,
0.200787 -4.022939 2.613473,
0.000000 -4.022939 2.613473,
0.200787 -4.025623 2.612262,
0.000000 -4.025623 2.612262,
0.200787 -4.028243 2.610919,
0.000000 -4.028243 2.610919,
0.200787 -4.030793 2.609446,
0.000000 -4.030793 2.609446,
0.200787 -4.033267 2.607849,
0.000000 -4.033267 2.607849,
0.000000 -4.035658 2.606130,
0.200787 -4.035658 2.606130,
0.200787 -4.037960 2.604294,
0.000000 -4.037960 2.604294,
0.200787 -4.040168 2.602346,
0.000000 -4.040168 2.602346,
0.200787 -4.042276 2.600290,
0.000000 -4.042276 2.600290,
0.200787 -4.044278 2.598131,
0.000000 -4.044278 2.598131,
0.200787 -4.046171 2.595875,
0.000000 -4.046171 2.595875,
0.200787 -4.047949 2.593528,
0.000000 -4.047949 2.593528,
0.200787 -4.049608 2.591095,
0.000000 -4.049608 2.591095,
0.200787 -4.051143 2.588583,
0.000000 -4.051143 2.588583,
0.200787 -4.052551 2.585997,
0.000000 -4.052551 2.585997,
0.200787 -4.053829 2.583344,
0.000000 -4.053829 2.583344,
0.200787 -4.054973 2.580630,
0.000000 -4.054973 2.580630,
0.200787 -4.055980 2.577863,
0.000000 -4.055980 2.577863,
0.000000 -4.056848 2.575050,
0.200787 -4.056848 2.575050,
0.200787 -4.057574 2.572196,
0.000000 -4.057574 2.572196,
0.200787 -4.058158 2.569310,
0.000000 -4.058158 2.569310,
0.200787 -4.058597 2.566398,
0.000000 -4.058597 2.566398,
0.000000 -4.058890 2.563468,
0.200787 -4.058890 2.563468,
0.200787 -4.059037 2.560527,
0.000000 -4.059037 2.560527,
0.200787 -4.059037 2.557583,
0.000000 -4.059037 2.557583,
0.000000 -4.058890 2.554642,
0.200787 -4.058890 2.554642,
0.000000 -4.058597 2.551712,
0.200787 -4.058597 2.551712,
0.200787 -4.058158 2.548800,
0.000000 -4.058158 2.548800,
0.000000 -4.057574 2.545914,
0.200787 -4.057574 2.545914,
0.200787 -4.056848 2.543061,
0.000000 -4.056848 2.543061,
0.200787 -4.055980 2.540247,
0.000000 -4.055980 2.540247,
0.000000 -4.054973 2.537480,
0.200787 -4.054973 2.537480,
0.200787 -4.053829 2.534767,
0.000000 -4.053829 2.534767,
0.000000 -4.052551 2.532114,
0.200787 -4.052551 2.532114,
0.000000 -4.051143 2.529528,
0.200787 -4.051143 2.529528,
0.200787 -4.049608 2.527015,
0.000000 -4.049608 2.527015,
0.000000 -4.047949 2.524582,
0.200787 -4.047949 2.524582,
0.200787 -4.046171 2.522235,
0.000000 -4.046171 2.522235,
0.000000 -4.044278 2.519979,
0.200787 -4.044278 2.519979,
0.000000 -4.042276 2.517821,
0.200787 -4.042276 2.517821,
0.200787 -4.040168 2.515765,
0.000000 -4.040168 2.515765,
0.000000 -4.037960 2.513816,
0.200787 -4.037960 2.513816,
0.000000 -4.035658 2.511980,
0.200787 -4.035658 2.511980,
0.200787 -4.033267 2.510261,
0.000000 -4.033267 2.510261,
0.000000 -4.030793 2.508664,
0.200787 -4.030793 2.508664,
0.200787 -4.028243 2.507192,
0.000000 -4.028243 2.507192,
0.000000 -4.025623 2.505848,
0.200787 -4.025623 2.505848,
0.000000 -4.022939 2.504637,
0.200787 -4.022939 2.504637,
0.200787 -4.020198 2.503561,
0.000000 -4.020198 2.503561,
0.000000 -4.017407 2.502624,
0.200787 -4.017407 2.502624,
0.000000 -4.014572 2.501826,
0.200787 -4.014572 2.501826,
0.200787 -4.011702 2.501171,
0.000000 -4.011702 2.501171,
0.000000 -4.008802 2.500660,
0.200787 -4.008802 2.500660,
0.200787 -4.005880 2.500293,
0.000000 -4.005880 2.500293,
0.200787 -4.002944 2.500073,
0.000000 -4.002944 2.500073,
0.000000 -4.000000 2.500000,
0.200787 -4.000000 2.500000,
0.200787 -3.997056 2.500073,
0.000000 -3.997056 2.500073,
0.200787 -3.994120 2.500293,
0.000000 -3.994120 2.500293,
0.200787 -3.991198 2.500660,
0.000000 -3.991198 2.500660,
0.200787 -3.988298 2.501171,
0.000000 -3.988298 2.501171,
0.200787 -3.985428 2.501826,
0.000000 -3.985428 2.501826,
0.200787 -3.982593 2.502624,
0.000000 -3.982593 2.502624,
0.200787 -3.979802 2.503561,
0.000000 -3.979802 2.503561,
0.200787 -3.977061 2.504637,
0.000000 -3.977061 2.504637,
0.200787 -3.974377 2.505848,
0.000000 -3.974377 2.505848,
0.200787 -3.971757 2.507192,
0.000000 -3.971757 2.507192,
0.200787 -3.969207 2.508664,
0.000000 -3.969207 2.508664,
0.200787 -3.966733 2.510261,
0.000000 -3.966733 2.510261,
0.200787 -3.964342 2.511980,
0.000000 -3.964342 2.511980,
0.200787 -3.962040 2.513816,
0.000000 -3.962040 2.513816,
0.200787 -3.959832 2.515765,
0.000000 -3.959832 2.515765,
0.200787 -3.957724 2.517821,
0.000000 -3.957724 2.517821,
0.200787 -3.955722 2.519979,
0.000000 -3.955722 2.519979,
0.200787 -3.953829 2.522235,
0.000000 -3.953829 2.522235,
0.200787 -3.952051 2.524582,
0.000000 -3.952051 2.524582,
0.200787 -3.950392 2.527015,
0.000000 -3.950392 2.527015,
0.200787 -3.948857 2.529528,
0.000000 -3.948857 2.529528,
0.200787 -3.947449 2.532114,
0.000000 -3.947449 2.532114,
0.200787 -3.946171 2.534767,
0.000000 -3.946171 2.534767,
0.200787 -3.945027 2.537480,
0.000000 -3.945027 2.537480,
0.200787 -3.944020 2.540247,
0.000000 -3.944020 2.540247,
0.200787 -3.943152 2.543061,
0.000000 -3.943152 2.543061,
0.200787 -3.942426 2.545914,
0.000000 -3.942426 2.545914,
0.200787 -3.941842 2.548800,
0.000000 -3.941842 2.548800,
0.200787 -3.941403 2.551712,
0.000000 -3.941403 2.551712,
0.200787 -3.941110 2.554642,
0.000000 -3.941110 2.554642,
0.200787 -3.940963 2.557583,
0.000000 -3.940963 2.557583,
0.200787 -3.940963 2.560527,
0.000000 -3.940963 2.560527,
0.000000 -3.941110 2.563468,
0.200787 -3.941110 2.563468,
0.200787 -3.941403 2.566398,
0.000000 -3.941403 2.566398,
0.200787 -3.941842 2.569310,
0.000000 -3.941842 2.569310,
0.200787 -3.942426 2.572196,
0.000000 -3.942426 2.572196,
0.200787 -3.943152 2.575050,
0.000000 -3.943152 2.575050,
0.200787 -3.944020 2.577863,
0.000000 -3.944020 2.577863,
0.200787 -3.945027 2.580630,
0.000000 -3.945027 2.580630,
0.200787 -3.946171 2.583344,
0.000000 -3.946171 2.583344,
0.200787 -3.947449 2.585997,
0.000000 -3.947449 2.585997,
0.000000 -3.948857 2.588583,
0.200787 -3.948857 2.588583,
0.200787 -3.950392 2.591095,
0.000000 -3.950392 2.591095,
0.200787 -3.952051 2.593528,
0.000000 -3.952051 2.593528,
0.200787 -3.953829 2.595875,
0.000000 -3.953829 2.595875,
0.000000 -3.955722 2.598131,
0.200787 -3.955722 2.598131,
0.200787 -3.957724 2.600290,
0.000000 -3.957724 2.600290,
0.200787 -3.959832 2.602346,
0.000000 -3.959832 2.602346,
0.000000 -3.962040 2.604294,
0.200787 -3.962040 2.604294,
0.200787 -3.964342 2.606130,
0.000000 -3.964342 2.606130,
0.200787 -3.966733 2.607849,
0.000000 -3.966733 2.607849,
0.200787 -3.969207 2.609446,
0.000000 -3.969207 2.609446,
0.200787 -3.971757 2.610919,
0.000000 -3.971757 2.610919,
0.200787 -3.974377 2.612262,
0.000000 -3.974377 2.612262,
0.200787 -3.977061 2.613473,
0.000000 -3.977061 2.613473,
0.200787 -3.979802 2.614549,
0.000000 -3.979802 2.614549,
0.200787 -3.982593 2.615487,
0.000000 -3.982593 2.615487,
0.000000 -3.985428 2.616284,
0.200787 -3.985428 2.616284,
0.200787 -3.988298 2.616939,
0.000000 -3.988298 2.616939,
0.200787 -3.991198 2.617451,
0.000000 -3.991198 2.617451,
0.200787 -3.994120 2.617817,
0.000000 -3.994120 2.617817,
0.200787 -3.997056 2.618037,
0.000000 -3.997056 2.618037 ] } coordIndex [ 0 1 2 -1,
0 2 3 -1,
4 3 5 -1,
4 0 3 -1,
6 5 7 -1,
6 4 5 -1,
8 7 9 -1,
8 6 7 -1,
10 9 11 -1,
10 8 9 -1,
12 11 13 -1,
12 10 11 -1,
14 13 15 -1,
14 12 13 -1,
16 15 17 -1,
16 14 15 -1,
18 17 19 -1,
18 16 17 -1,
20 19 21 -1,
20 18 19 -1,
22 20 21 -1,
22 21 23 -1,
24 22 23 -1,
24 23 25 -1,
24 25 26 -1,
27 24 26 -1,
28 27 26 -1,
28 26 29 -1,
30 28 29 -1,
30 29 31 -1,
32 30 31 -1,
32 31 33 -1,
34 32 33 -1,
34 33 35 -1,
36 34 35 -1,
36 35 37 -1,
38 36 37 -1,
38 37 39 -1,
40 38 39 -1,
40 39 41 -1,
42 40 41 -1,
42 41 43 -1,
44 42 43 -1,
44 43 45 -1,
46 45 47 -1,
46 44 45 -1,
48 47 49 -1,
48 46 47 -1,
50 49 51 -1,
50 51 52 -1,
50 48 49 -1,
53 50 52 -1,
54 52 55 -1,
54 53 52 -1,
56 55 57 -1,
56 54 55 -1,
58 57 59 -1,
58 59 60 -1,
58 56 57 -1,
61 58 60 -1,
62 60 63 -1,
62 61 60 -1,
64 63 65 -1,
64 65 66 -1,
64 62 63 -1,
67 66 68 -1,
67 64 66 -1,
69 67 68 -1,
70 68 71 -1,
70 71 72 -1,
70 69 68 -1,
73 70 72 -1,
74 73 72 -1,
74 72 75 -1,
76 74 75 -1,
76 75 77 -1,
76 77 78 -1,
79 76 78 -1,
80 79 78 -1,
80 78 81 -1,
80 81 82 -1,
83 80 82 -1,
83 82 84 -1,
85 83 84 -1,
86 85 84 -1,
86 84 87 -1,
86 87 88 -1,
89 86 88 -1,
90 89 88 -1,
90 88 91 -1,
90 91 92 -1,
93 90 92 -1,
93 92 94 -1,
95 93 94 -1,
96 95 94 -1,
96 94 97 -1,
96 97 98 -1,
99 96 98 -1,
99 98 100 -1,
101 99 100 -1,
102 101 100 -1,
102 100 103 -1,
102 103 104 -1,
105 102 104 -1,
106 105 104 -1,
106 104 107 -1,
106 107 108 -1,
109 106 108 -1,
109 108 110 -1,
111 109 110 -1,
112 111 110 -1,
112 110 113 -1,
112 113 114 -1,
115 114 116 -1,
115 112 114 -1,
117 115 116 -1,
118 116 119 -1,
118 119 120 -1,
118 117 116 -1,
121 118 120 -1,
122 120 123 -1,
122 121 120 -1,
124 122 123 -1,
124 123 125 -1,
124 125 126 -1,
127 124 126 -1,
128 127 126 -1,
128 126 129 -1,
130 128 129 -1,
130 129 131 -1,
132 130 131 -1,
132 131 133 -1,
134 132 133 -1,
134 133 135 -1,
136 134 135 -1,
136 135 137 -1,
138 136 137 -1,
138 137 139 -1,
140 138 139 -1,
140 139 141 -1,
142 140 141 -1,
142 141 143 -1,
144 142 143 -1,
144 143 145 -1,
146 144 145 -1,
146 145 147 -1,
148 146 147 -1,
148 147 149 -1,
150 149 151 -1,
150 148 149 -1,
152 151 153 -1,
152 150 151 -1,
154 153 155 -1,
154 152 153 -1,
156 155 157 -1,
156 154 155 -1,
158 157 159 -1,
158 156 157 -1,
160 159 161 -1,
160 158 159 -1,
162 161 163 -1,
162 160 161 -1,
164 163 165 -1,
164 162 163 -1,
166 165 167 -1,
166 164 165 -1,
168 167 169 -1,
168 166 167 -1,
170 169 171 -1,
170 168 169 -1,
172 171 173 -1,
172 170 171 -1,
174 173 175 -1,
174 172 173 -1,
176 174 175 -1,
176 175 177 -1,
178 176 177 -1,
178 177 179 -1,
180 178 179 -1,
180 179 181 -1,
182 180 181 -1,
182 181 183 -1,
184 183 185 -1,
184 182 183 -1,
186 185 187 -1,
186 184 185 -1,
188 187 189 -1,
188 186 187 -1,
190 189 191 -1,
190 191 192 -1,
190 188 189 -1,
193 190 192 -1,
194 192 195 -1,
194 193 192 -1,
196 195 197 -1,
196 194 195 -1,
198 197 199 -1,
198 196 197 -1,
200 199 201 -1,
200 198 199 -1,
202 201 203 -1,
202 200 201 -1,
204 203 205 -1,
204 202 203 -1,
206 205 207 -1,
206 204 205 -1,
208 207 209 -1,
208 209 210 -1,
208 206 207 -1,
211 208 210 -1,
212 210 213 -1,
212 211 210 -1,
214 213 215 -1,
214 212 213 -1,
216 215 217 -1,
216 217 218 -1,
216 214 215 -1,
219 216 218 -1,
220 218 221 -1,
220 219 218 -1,
222 221 223 -1,
222 223 224 -1,
222 220 221 -1,
225 222 224 -1,
226 225 224 -1,
226 224 227 -1,
228 226 227 -1,
228 227 229 -1,
230 228 229 -1,
230 229 231 -1,
232 230 231 -1,
232 231 233 -1,
234 232 233 -1,
234 233 235 -1,
236 234 235 -1,
236 235 237 -1,
238 236 237 -1,
238 237 239 -1,
240 238 239 -1,
240 239 241 -1,
240 241 242 -1,
243 240 242 -1,
244 243 242 -1,
244 242 245 -1,
246 244 245 -1,
246 245 247 -1,
248 246 247 -1,
248 247 249 -1,
250 249 251 -1,
250 248 249 -1,
250 251 2 -1,
1 250 2 -1,
12 8 10 -1,
50 53 54 -1,
44 46 48 -1,
20 14 16 -1,
20 16 18 -1,
40 42 44 -1,
36 38 40 -1,
208 204 206 -1,
28 24 27 -1,
32 1 0 -1,
32 0 4 -1,
32 4 6 -1,
32 6 8 -1,
32 12 14 -1,
32 20 22 -1,
32 22 24 -1,
32 28 30 -1,
32 34 36 -1,
32 48 50 -1,
32 54 56 -1,
32 56 58 -1,
32 58 61 -1,
32 61 62 -1,
32 62 64 -1,
32 64 67 -1,
32 67 69 -1,
32 69 70 -1,
32 70 73 -1,
32 73 74 -1,
32 74 76 -1,
32 76 79 -1,
32 79 80 -1,
32 80 83 -1,
32 83 85 -1,
32 85 86 -1,
32 86 89 -1,
32 89 90 -1,
32 99 101 -1,
32 101 102 -1,
32 102 105 -1,
32 105 106 -1,
32 106 109 -1,
32 109 111 -1,
32 111 112 -1,
32 112 115 -1,
32 115 117 -1,
32 117 118 -1,
32 118 121 -1,
32 121 122 -1,
32 122 124 -1,
32 124 127 -1,
32 127 128 -1,
32 128 130 -1,
32 130 132 -1,
32 132 134 -1,
32 134 136 -1,
32 136 138 -1,
32 138 140 -1,
32 140 142 -1,
32 142 144 -1,
32 144 146 -1,
32 146 148 -1,
32 148 150 -1,
32 150 152 -1,
32 152 154 -1,
32 154 156 -1,
32 156 158 -1,
32 158 160 -1,
32 160 162 -1,
32 162 164 -1,
32 164 166 -1,
32 166 168 -1,
32 168 170 -1,
32 170 172 -1,
32 172 174 -1,
32 174 176 -1,
32 176 178 -1,
32 178 180 -1,
32 180 182 -1,
32 182 184 -1,
32 184 186 -1,
32 186 188 -1,
32 188 190 -1,
32 190 193 -1,
32 193 194 -1,
32 194 196 -1,
32 196 198 -1,
32 198 200 -1,
32 200 202 -1,
32 202 204 -1,
32 208 211 -1,
32 211 212 -1,
32 212 214 -1,
32 214 216 -1,
32 216 219 -1,
32 219 220 -1,
32 220 222 -1,
32 238 240 -1,
32 240 243 -1,
32 243 244 -1,
32 95 99 -1,
32 204 208 -1,
32 90 95 -1,
32 36 40 -1,
32 228 234 -1,
32 222 228 -1,
32 24 28 -1,
32 234 238 -1,
32 244 1 -1,
32 8 12 -1,
32 44 48 -1,
32 50 54 -1,
32 40 44 -1,
32 14 20 -1,
95 96 99 -1,
90 93 95 -1,
228 222 225 -1,
228 225 226 -1,
234 228 230 -1,
234 230 232 -1,
238 234 236 -1,
248 244 246 -1,
1 244 248 -1,
1 248 250 -1,
9 13 11 -1,
52 51 55 -1,
47 45 49 -1,
15 21 17 -1,
17 21 19 -1,
43 41 45 -1,
39 37 41 -1,
205 209 207 -1,
25 29 26 -1,
2 33 3 -1,
3 33 5 -1,
5 33 7 -1,
7 33 9 -1,
13 33 15 -1,
21 33 23 -1,
23 33 25 -1,
29 33 31 -1,
35 33 37 -1,
49 33 51 -1,
55 33 57 -1,
57 33 59 -1,
59 33 60 -1,
60 33 63 -1,
63 33 65 -1,
65 33 66 -1,
66 33 68 -1,
68 33 71 -1,
71 33 72 -1,
72 33 75 -1,
75 33 77 -1,
77 33 78 -1,
78 33 81 -1,
81 33 82 -1,
82 33 84 -1,
84 33 87 -1,
87 33 88 -1,
88 33 91 -1,
98 33 100 -1,
100 33 103 -1,
103 33 104 -1,
104 33 107 -1,
107 33 108 -1,
108 33 110 -1,
110 33 113 -1,
113 33 114 -1,
114 33 116 -1,
116 33 119 -1,
119 33 120 -1,
120 33 123 -1,
123 33 125 -1,
125 33 126 -1,
126 33 129 -1,
129 33 131 -1,
131 33 133 -1,
133 33 135 -1,
135 33 137 -1,
137 33 139 -1,
139 33 141 -1,
141 33 143 -1,
143 33 145 -1,
145 33 147 -1,
147 33 149 -1,
149 33 151 -1,
151 33 153 -1,
153 33 155 -1,
155 33 157 -1,
157 33 159 -1,
159 33 161 -1,
161 33 163 -1,
163 33 165 -1,
165 33 167 -1,
167 33 169 -1,
169 33 171 -1,
171 33 173 -1,
173 33 175 -1,
175 33 177 -1,
177 33 179 -1,
179 33 181 -1,
181 33 183 -1,
183 33 185 -1,
185 33 187 -1,
187 33 189 -1,
189 33 191 -1,
191 33 192 -1,
192 33 195 -1,
195 33 197 -1,
197 33 199 -1,
199 33 201 -1,
201 33 203 -1,
203 33 205 -1,
209 33 210 -1,
210 33 213 -1,
213 33 215 -1,
215 33 217 -1,
217 33 218 -1,
218 33 221 -1,
221 33 223 -1,
239 33 241 -1,
241 33 242 -1,
242 33 245 -1,
94 33 98 -1,
205 33 209 -1,
91 33 94 -1,
37 33 41 -1,
229 33 235 -1,
223 33 229 -1,
25 33 29 -1,
235 33 239 -1,
245 33 2 -1,
9 33 13 -1,
45 33 49 -1,
51 33 55 -1,
41 33 45 -1,
15 33 21 -1,
97 94 98 -1,
92 91 94 -1,
223 229 224 -1,
224 229 227 -1,
229 235 231 -1,
231 235 233 -1,
235 239 237 -1,
245 249 247 -1,
245 2 249 -1,
249 2 251 -1 ] } }
Shape { appearance Appearance { material Material { diffuseColor 0.7 0.72 0.74 } } geometry IndexedFaceSet { solid FALSE coord Coordinate { point [ -0.098425 -5.059055 -0.984252,
-0.098425 -5.059055 0.000000,
-0.098425 -4.940945 -0.984252,
-0.098425 -4.940945 0.000000,
0.098425 -5.059055 0.000000,
0.098425 -5.059055 -0.984252,
0.098425 -4.940945 -0.984252,
0.098425 -4.940945 0.000000 ] } coordIndex [ 0 1 2 -1,
2 1 3 -1,
4 5 6 -1,
4 6 7 -1,
5 4 0 -1,
0 4 1 -1,
7 6 2 -1,
7 2 3 -1,
2 6 0 -1,
0 6 5 -1,
7 3 1 -1,
7 1 4 -1 ] } }
Shape { appearance Appearance { material Material { diffuseColor 0.7 0.72 0.74 } } geometry IndexedFaceSet { solid FALSE coord Coordinate { point [ -0.098425 -5.059055 1.181102,
-0.098425 -5.059055 2.559055,
-0.098425 -4.940945 1.181102,
-0.098425 -4.940945 2.559055,
0.098425 -5.059055 2.559055,
0.098425 -5.059055 1.181102,
0.098425 -4.940945 1.181102,
0.098425 -4.940945 2.559055 ] } coordIndex [ 0 1 2 -1,
2 1 3 -1,
4 5 6 -1,
4 6 7 -1,
5 4 0 -1,
0 4 1 -1,
7 6 2 -1,
7 2 3 -1,
2 6 0 -1,
0 6 5 -1,
7 3 1 -1,
7 1 4 -1 ] } }
Shape { appearance Appearance { material Material { diffuseColor 0.7 0.72 0.74 } } geometry IndexedFaceSet { solid FALSE coord Coordinate { point [ 0.200787 -5.002944 2.618037,
0.200787 -5.000000 2.618110,
0.000000 -5.000000 2.618110,
0.000000 -5.002944 2.618037,
0.200787 -5.005880 2.617817,
0.000000 -5.005880 2.617817,
0.200787 -5.008802 2.617451,
0.000000 -5.008802 2.617451,
0.200787 -5.011702 2.616939,
0.000000 -5.011702 2.616939,
0.200787 -5.014572 2.616284,
0.000000 -5.014572 2.616284,
0.200787 -5.017407 2.615487,
0.000000 -5.017407 2.615487,
0.200787 -5.020198 2.614549,
0.000000 -5.020198 2.614549,
0.200787 -5.022939 2.613473,
0.000000 -5.022939 2.613473,
0.200787 -5.025623 2.612262,
0.000000 -5.025623 2.612262,
0.200787 -5.028243 2.610919,
0.000000 -5.028243 2.610919,
0.200787 -5.030793 2.609446,
0.000000 -5.030793 2.609446,
0.200787 -5.033267 2.607849,
0.000000 -5.033267 2.607849,
0.000000 -5.035658 2.606130,
0.200787 -5.035658 2.606130,
0.200787 -5.037960 2.604294,
0.000000 -5.037960 2.604294,
0.200787 -5.040168 2.602346,
0.000000 -5.040168 2.602346,
0.200787 -5.042276 2.600290,
0.000000 -5.042276 2.600290,
0.200787 -5.044278 2.598131,
0.000000 -5.044278 2.598131,
0.200787 -5.046171 2.595875,
0.000000 -5.046171 2.595875,
0.200787 -5.047949 2.593528,
0.000000 -5.047949 2.593528,
0.200787 -5.049608 2.591095,
0.000000 -5.049608 2.591095,
0.200787 -5.051143 2.588583,
0.000000 -5.051143 2.588583,
0.200787 -5.052551 2.585997,
0.000000 -5.052551 2.585997,
0.200787 -5.053829 2.583344,
0.000000 -5.053829 2.583344,
0.200787 -5.054973 2.580630,
0.000000 -5.054973 2.580630,
0.200787 -5.055980 2.577863,
0.000000 -5.055980 2.577863,
0.000000 -5.056848 2.575050,
0.200787 -5.056848 2.575050,
0.200787 -5.057574 2.572196,
0.000000 -5.057574 2.572196,
0.200787 -5.058158 2.569310,
0.000000 -5.058158 2.569310,
0.200787 -5.058597 2.566398,
0.000000 -5.058597 2.566398,
0.000000 -5.058890 2.563468,
0.200787 -5.058890 2.563468,
0.200787 -5.059037 2.560527,
0.000000 -5.059037 2.560527,
0.200787 -5.059037 2.557583,
0.000000 -5.059037 2.557583,
0.000000 -5.058890 2.554642,
0.200787 -5.058890 2.554642,
0.000000 -5.058597 2.551712,
0.200787 -5.058597 2.551712,
0.200787 -5.058158 2.548800,
0.000000 -5.058158 2.548800,
0.000000 -5.057574 2.545914,
0.200787 -5.057574 2.545914,
0.200787 -5.056848 2.543061,
0.000000 -5.056848 2.543061,
0.200787 -5.055980 2.540247,
0.000000 -5.055980 2.540247,
0.000000 -5.054973 2.537480,
0.200787 -5.054973 2.537480,
0.200787 -5.053829 2.534767,
0.000000 -5.053829 2.534767,
0.000000 -5.052551 2.532114,
0.200787 -5.052551 2.532114,
0.000000 -5.051143 2.529528,
0.200787 -5.051143 2.529528,
0.200787 -5.049608 2.527015,
0.000000 -5.049608 2.527015,
0.000000 -5.047949 2.524582,
0.200787 -5.047949 2.524582,
0.200787 -5.046171 2.522235,
0.000000 -5.046171 2.522235,
0.000000 -5.044278 2.519979,
0.200787 -5.044278 2.519979,
0.000000 -5.042276 2.517821,
0.200787 -5.042276 2.517821,
0.200787 -5.040168 2.515765,
0.000000 -5.040168 2.515765,
0.000000 -5.037960 2.513816,
0.200787 -5.037960 2.513816,
0.000000 -5.035658 2.511980,
0.200787 -5.035658 2.511980,
0.200787 -5.033267 2.510261,
0.000000 -5.033267 2.510261,
0.000000 -5.030793 2.508664,
0.200787 -5.030793 2.508664,
0.200787 -5.028243 2.507192,
0.000000 -5.028243 2.507192,
0.000000 -5.025623 2.505848,
0.200787 -5.025623 2.505848,
0.000000 -5.022939 2.504637,
0.200787 -5.022939 2.504637,
0.200787 -5.020198 2.503561,
0.000000 -5.020198 2.503561,
0.000000 -5.017407 2.502624,
0.200787 -5.017407 2.502624,
0.000000 -5.014572 2.501826,
0.200787 -5.014572 2.501826,
0.200787 -5.011702 2.501171,
0.000000 -5.011702 2.501171,
0.000000 -5.008802 2.500660,
0.200787 -5.008802 2.500660,
0.200787 -5.005880 2.500293,
0.000000 -5.005880 2.500293,
0.200787 -5.002944 2.500073,
0.000000 -5.002944 2.500073,
0.000000 -5.000000 2.500000,
0.200787 -5.000000 2.500000,
0.200787 -4.997056 2.500073,
0.000000 -4.997056 2.500073,
0.200787 -4.994120 2.500293,
0.000000 -4.994120 2.500293,
0.200787 -4.991198 2.500660,
0.000000 -4.991198 2.500660,
0.200787 -4.988298 2.501171,
0.000000 -4.988298 2.501171,
0.200787 -4.985428 2.501826,
0.000000 -4.985428 2.501826,
0.200787 -4.982593 2.502624,
0.000000 -4.982593 2.502624,
0.200787 -4.979802 2.503561,
0.000000 -4.979802 2.503561,
0.200787 -4.977061 2.504637,
0.000000 -4.977061 2.504637,
0.200787 -4.974377 2.505848,
0.000000 -4.974377 2.505848,
0.200787 -4.971757 2.507192,
0.000000 -4.971757 2.507192,
0.200787 -4.969207 2.508664,
0.000000 -4.969207 2.508664,
0.200787 -4.966733 2.510261,
0.000000 -4.966733 2.510261,
0.200787 -4.964342 2.511980,
0.000000 -4.964342 2.511980,
0.200787 -4.962040 2.513816,
0.000000 -4.962040 2.513816,
0.200787 -4.959832 2.515765,
0.000000 -4.959832 2.515765,
0.200787 -4.957724 2.517821,
0.000000 -4.957724 2.517821,
0.200787 -4.955722 2.519979,
0.000000 -4.955722 2.519979,
0.200787 -4.953829 2.522235,
0.000000 -4.953829 2.522235,
0.200787 -4.952051 2.524582,
0.000000 -4.952051 2.524582,
0.200787 -4.950392 2.527015,
0.000000 -4.950392 2.527015,
0.200787 -4.948857 2.529528,
0.000000 -4.948857 2.529528,
0.200787 -4.947449 2.532114,
0.000000 -4.947449 2.532114,
0.200787 -4.946171 2.534767,
0.000000 -4.946171 2.534767,
0.200787 -4.945027 2.537480,
0.000000 -4.945027 2.537480,
0.200787 -4.944020 2.540247,
0.000000 -4.944020 2.540247,
0.200787 -4.943152 2.543061,
0.000000 -4.943152 2.543061,
0.200787 -4.942426 2.545914,
0.000000 -4.942426 2.545914,
0.200787 -4.941842 2.548800,
0.000000 -4.941842 2.548800,
0.200787 -4.941403 2.551712,
0.000000 -4.941403 2.551712,
0.200787 -4.941110 2.554642,
0.000000 -4.941110 2.554642,
0.200787 -4.940963 2.557583,
0.000000 -4.940963 2.557583,
0.200787 -4.940963 2.560527,
0.000000 -4.940963 2.560527,
0.000000 -4.941110 2.563468,
0.200787 -4.941110 2.563468,
0.200787 -4.941403 2.566398,
0.000000 -4.941403 2.566398,
0.200787 -4.941842 2.569310,
0.000000 -4.941842 2.569310,
0.200787 -4.942426 2.572196,
0.000000 -4.942426 2.572196,
0.200787 -4.943152 2.575050,
0.000000 -4.943152 2.575050,
0.200787 -4.944020 2.577863,
0.000000 -4.944020 2.577863,
0.200787 -4.945027 2.580630,
0.000000 -4.945027 2.580630,
0.200787 -4.946171 2.583344,
0.000000 -4.946171 2.583344,
0.200787 -4.947449 2.585997,
0.000000 -4.947449 2.585997,
0.000000 -4.948857 2.588583,
0.200787 -4.948857 2.588583,
0.200787 -4.950392 2.591095,
0.000000 -4.950392 2.591095,
0.200787 -4.952051 2.593528,
0.000000 -4.952051 2.593528,
0.200787 -4.953829 2.595875,
0.000000 -4.953829 2.595875,
0.000000 -4.955722 2.598131,
0.200787 -4.955722 2.598131,
0.200787 -4.957724 2.600290,
0.000000 -4.957724 2.600290,
0.200787 -4.959832 2.602346,
0.000000 -4.959832 2.602346,
0.000000 -4.962040 2.604294,
0.200787 -4.962040 2.604294,
0.200787 -4.964342 2.606130,
0.000000 -4.964342 2.606130,
0.200787 -4.966733 2.607849,
0.000000 -4.966733 2.607849,
0.200787 -4.969207 2.609446,
0.000000 -4.969207 2.609446,
0.200787 -4.971757 2.610919,
0.000000 -4.971757 2.610919,
0.200787 -4.974377 2.612262,
0.000000 -4.974377 2.612262,
0.200787 -4.977061 2.613473,
0.000000 -4.977061 2.613473,
0.200787 -4.979802 2.614549,
0.000000 -4.979802 2.614549,
0.200787 -4.982593 2.615487,
0.000000 -4.982593 2.615487,
0.000000 -4.985428 2.616284,
0.200787 -4.985428 2.616284,
0.200787 -4.988298 2.616939,
0.000000 -4.988298 2.616939,
0.200787 -4.991198 2.617451,
0.000000 -4.991198 2.617451,
0.200787 -4.994120 2.617817,
0.000000 -4.994120 2.617817,
0.200787 -4.997056 2.618037,
0.000000 -4.997056 2.618037 ] } coordIndex [ 0 1 2 -1,
0 2 3 -1,
4 3 5 -1,
4 0 3 -1,
6 5 7 -1,
6 4 5 -1,
8 7 9 -1,
8 6 7 -1,
10 9 11 -1,
10 8 9 -1,
12 11 13 -1,
12 10 11 -1,
14 13 15 -1,
14 12 13 -1,
16 15 17 -1,
16 14 15 -1,
18 17 19 -1,
18 16 17 -1,
20 19 21 -1,
20 18 19 -1,
22 20 21 -1,
22 21 23 -1,
24 22 23 -1,
24 23 25 -1,
24 25 26 -1,
27 24 26 -1,
28 27 26 -1,
28 26 29 -1,
30 28 29 -1,
30 29 31 -1,
32 30 31 -1,
32 31 33 -1,
34 32 33 -1,
34 33 35 -1,
36 34 35 -1,
36 35 37 -1,
38 36 37 -1,
38 37 39 -1,
40 38 39 -1,
40 39 41 -1,
42 40 41 -1,
42 41 43 -1,
44 42 43 -1,
44 43 45 -1,
46 45 47 -1,
46 44 45 -1,
48 47 49 -1,
48 46 47 -1,
50 49 51 -1,
50 51 52 -1,
50 48 49 -1,
53 50 52 -1,
54 52 55 -1,
54 53 52 -1,
56 55 57 -1,
56 54 55 -1,
58 57 59 -1,
58 59 60 -1,
58 56 57 -1,
61 58 60 -1,
62 60 63 -1,
62 61 60 -1,
64 63 65 -1,
64 65 66 -1,
64 62 63 -1,
67 66 68 -1,
67 64 66 -1,
69 67 68 -1,
70 68 71 -1,
70 71 72 -1,
70 69 68 -1,
73 70 72 -1,
74 73 72 -1,
74 72 75 -1,
76 74 75 -1,
76 75 77 -1,
76 77 78 -1,
79 76 78 -1,
80 79 78 -1,
80 78 81 -1,
80 81 82 -1,
83 80 82 -1,
83 82 84 -1,
85 83 84 -1,
86 85 84 -1,
86 84 87 -1,
86 87 88 -1,
89 86 88 -1,
90 89 88 -1,
90 88 91 -1,
90 91 92 -1,
93 90 92 -1,
93 92 94 -1,
95 93 94 -1,
96 95 94 -1,
96 94 97 -1,
96 97 98 -1,
99 96 98 -1,
99 98 100 -1,
101 99 100 -1,
102 101 100 -1,
102 100 103 -1,
102 103 104 -1,
105 102 104 -1,
106 105 104 -1,
106 104 107 -1,
106 107 108 -1,
109 106 108 -1,
109 108 110 -1,
111 109 110 -1,
112 111 110 -1,
112 110 113 -1,
112 113 114 -1,
115 114 116 -1,
115 112 114 -1,
117 115 116 -1,
118 116 119 -1,
118 119 120 -1,
118 117 116 -1,
121 118 120 -1,
122 120 123 -1,
122 121 120 -1,
124 122 123 -1,
124 123 125 -1,
124 125 126 -1,
127 124 126 -1,
128 127 126 -1,
128 126 129 -1,
130 128 129 -1,
130 129 131 -1,
132 130 131 -1,
132 131 133 -1,
134 132 133 -1,
134 133 135 -1,
136 134 135 -1,
136 135 137 -1,
138 136 137 -1,
138 137 139 -1,
140 138 139 -1,
140 139 141 -1,
142 140 141 -1,
142 141 143 -1,
144 142 143 -1,
144 143 145 -1,
146 144 145 -1,
146 145 147 -1,
148 146 147 -1,
148 147 149 -1,
150 149 151 -1,
150 148 149 -1,
152 151 153 -1,
152 150 151 -1,
154 153 155 -1,
154 152 153 -1,
156 155 157 -1,
156 154 155 -1,
158 157 159 -1,
158 156 157 -1,
160 159 161 -1,
160 158 159 -1,
162 161 163 -1,
162 160 161 -1,
164 163 165 -1,
164 162 163 -1,
166 165 167 -1,
166 164 165 -1,
168 167 169 -1,
168 166 167 -1,
170 169 171 -1,
170 168 169 -1,
172 171 173 -1,
172 170 171 -1,
174 173 175 -1,
174 172 173 -1,
176 174 175 -1,
176 175 177 -1,
178 176 177 -1,
178 177 179 -1,
180 178 179 -1,
180 179 181 -1,
182 180 181 -1,
182 181 183 -1,
184 183 185 -1,
184 182 183 -1,
186 185 187 -1,
186 184 185 -1,
188 187 189 -1,
188 186 187 -1,
190 189 191 -1,
190 191 192 -1,
190 188 189 -1,
193 190 192 -1,
194 192 195 -1,
194 193 192 -1,
196 195 197 -1,
196 194 195 -1,
198 197 199 -1,
198 196 197 -1,
200 199 201 -1,
200 198 199 -1,
202 201 203 -1,
202 200 201 -1,
204 203 205 -1,
204 202 203 -1,
206 205 207 -1,
206 204 205 -1,
208 207 209 -1,
208 209 210 -1,
208 206 207 -1,
211 208 210 -1,
212 210 213 -1,
212 211 210 -1,
214 213 215 -1,
214 212 213 -1,
216 215 217 -1,
216 217 218 -1,
216 214 215 -1,
219 216 218 -1,
220 218 221 -1,
220 219 218 -1,
222 221 223 -1,
222 223 224 -1,
222 220 221 -1,
225 222 224 -1,
226 225 224 -1,
226 224 227 -1,
228 226 227 -1,
228 227 229 -1,
230 228 229 -1,
230 229 231 -1,
232 230 231 -1,
232 231 233 -1,
234 232 233 -1,
234 233 235 -1,
236 234 235 -1,
236 235 237 -1,
238 236 237 -1,
238 237 239 -1,
240 238 239 -1,
240 239 241 -1,
240 241 242 -1,
243 240 242 -1,
244 243 242 -1,
244 242 245 -1,
246 244 245 -1,
246 245 247 -1,
248 246 247 -1,
248 247 249 -1,
250 249 251 -1,
250 248 249 -1,
250 251 2 -1,
1 250 2 -1,
12 8 10 -1,
50 53 54 -1,
44 46 48 -1,
20 14 16 -1,
20 16 18 -1,
40 42 44 -1,
36 38 40 -1,
208 204 206 -1,
28 24 27 -1,
32 1 0 -1,
32 0 4 -1,
32 4 6 -1,
32 6 8 -1,
32 12 14 -1,
32 20 22 -1,
32 22 24 -1,
32 28 30 -1,
32 34 36 -1,
32 48 50 -1,
32 54 56 -1,
32 56 58 -1,
32 58 61 -1,
32 61 62 -1,
32 62 64 -1,
32 64 67 -1,
32 67 69 -1,
32 69 70 -1,
32 70 73 -1,
32 73 74 -1,
32 74 76 -1,
32 76 79 -1,
32 79 80 -1,
32 80 83 -1,
32 83 85 -1,
32 85 86 -1,
32 86 89 -1,
32 89 90 -1,
32 99 101 -1,
32 101 102 -1,
32 102 105 -1,
32 105 106 -1,
32 106 109 -1,
32 109 111 -1,
32 111 112 -1,
32 112 115 -1,
32 115 117 -1,
32 117 118 -1,
32 118 121 -1,
32 121 122 -1,
32 122 124 -1,
32 124 127 -1,
32 127 128 -1,
32 128 130 -1,
32 130 132 -1,
32 132 134 -1,
32 134 136 -1,
32 136 138 -1,
32 138 140 -1,
32 140 142 -1,
32 142 144 -1,
32 144 146 -1,
32 146 148 -1,
32 148 150 -1,
32 150 152 -1,
32 152 154 -1,
32 154 156 -1,
32 156 158 -1,
32 158 160 -1,
32 160 162 -1,
32 162 164 -1,
32 164 166 -1,
32 166 168 -1,
32 168 170 -1,
32 170 172 -1,
32 172 174 -1,
32 174 176 -1,
32 176 178 -1,
32 178 180 -1,
32 180 182 -1,
32 182 184 -1,
32 184 186 -1,
32 186 188 -1,
32 188 190 -1,
32 190 193 -1,
32 193 194 -1,
32 194 196 -1,
32 196 198 -1,
32 198 200 -1,
32 200 202 -1,
32 202 204 -1,
32 208 211 -1,
32 211 212 -1,
32 212 214 -1,
32 214 216 -1,
32 216 219 -1,
32 219 220 -1,
32 220 222 -1,
32 238 240 -1,
32 240 243 -1,
32 243 244 -1,
32 95 99 -1,
32 204 208 -1,
32 90 95 -1,
32 36 40 -1,
32 228 234 -1,
32 222 228 -1,
32 24 28 -1,
32 234 238 -1,
32 244 1 -1,
32 8 12 -1,
32 44 48 -1,
32 50 54 -1,
32 40 44 -1,
32 14 20 -1,
95 96 99 -1,
90 93 95 -1,
228 222 225 -1,
228 225 226 -1,
234 228 230 -1,
234 230 232 -1,
238 234 236 -1,
248 244 246 -1,
1 244 248 -1,
1 248 250 -1,
9 13 11 -1,
52 51 55 -1,
47 45 49 -1,
15 21 17 -1,
17 21 19 -1,
43 41 45 -1,
39 37 41 -1,
205 209 207 -1,
25 29 26 -1,
2 33 3 -1,
3 33 5 -1,
5 33 7 -1,
7 33 9 -1,
13 33 15 -1,
21 33 23 -1,
23 33 25 -1,
29 33 31 -1,
35 33 37 -1,
49 33 51 -1,
55 33 57 -1,
57 33 59 -1,
59 33 60 -1,
60 33 63 -1,
63 33 65 -1,
65 33 66 -1,
66 33 68 -1,
68 33 71 -1,
71 33 72 -1,
72 33 75 -1,
75 33 77 -1,
77 33 78 -1,
78 33 81 -1,
81 33 82 -1,
82 33 84 -1,
84 33 87 -1,
87 33 88 -1,
88 33 91 -1,
98 33 100 -1,
100 33 103 -1,
103 33 104 -1,
104 33 107 -1,
107 33 108 -1,
108 33 110 -1,
110 33 113 -1,
113 33 114 -1,
114 33 116 -1,
116 33 119 -1,
119 33 120 -1,
120 33 123 -1,
123 33 125 -1,
125 33 126 -1,
126 33 129 -1,
129 33 131 -1,
131 33 133 -1,
133 33 135 -1,
135 33 137 -1,
137 33 139 -1,
139 33 141 -1,
141 33 143 -1,
143 33 145 -1,
145 33 147 -1,
147 33 149 -1,
149 33 151 -1,
151 33 153 -1,
153 33 155 -1,
155 33 157 -1,
157 33 159 -1,
159 33 161 -1,
161 33 163 -1,
163 33 165 -1,
165 33 167 -1,
167 33 169 -1,
169 33 171 -1,
171 33 173 -1,
173 33 175 -1,
175 33 177 -1,
177 33 179 -1,
179 33 181 -1,
181 33 183 -1,
183 33 185 -1,
185 33 187 -1,
187 33 189 -1,
189 33 191 -1,
191 33 192 -1,
192 33 195 -1,
195 33 197 -1,
197 33 199 -1,
199 33 201 -1,
201 33 203 -1,
203 33 205 -1,
209 33 210 -1,
210 33 213 -1,
213 33 215 -1,
215 33 217 -1,
217 33 218 -1,
218 33 221 -1,
221 33 223 -1,
239 33 241 -1,
241 33 242 -1,
242 33 245 -1,
94 33 98 -1,
205 33 209 -1,
91 33 94 -1,
37 33 41 -1,
229 33 235 -1,
223 33 229 -1,
25 33 29 -1,
235 33 239 -1,
245 33 2 -1,
9 33 13 -1,
45 33 49 -1,
51 33 55 -1,
41 33 45 -1,
15 33 21 -1,
97 94 98 -1,
92 91 94 -1,
223 229 224 -1,
224 229 227 -1,
229 235 231 -1,
231 235 233 -1,
235 239 237 -1,
245 249 247 -1,
245 2 249 -1,
249 2 251 -1 ] } }
Shape { appearance Appearance { material Material { diffuseColor 0.7 0.72 0.74 } } geometry IndexedFaceSet { solid FALSE coord Coordinate { point [ -0.098425 -6.059055 -0.984252,
-0.098425 -6.059055 0.000000,
-0.098425 -5.940945 -0.984252,
-0.098425 -5.940945 0.000000,
0.098425 -6.059055 0.000000,
0.098425 -6.059055 -0.984252,
0.098425 -5.940945 -0.984252,
0.098425 -5.940945 0.000000 ] } coordIndex [ 0 1 2 -1,
2 1 3 -1,
4 5 6 -1,
4 6 7 -1,
5 4 0 -1,
0 4 1 -1,
7 6 2 -1,
7 2 3 -1,
2 6 0 -1,
0 6 5 -1,
7 3 1 -1,
7 1 4 -1 ] } }
Shape { appearance Appearance { material Material { diffuseColor 0.7 0.72 0.74 } } geometry IndexedFaceSet { solid FALSE coord Coordinate { point [ -0.098425 -6.059055 1.181102,
-0.098425 -6.059055 2.559055,
-0.098425 -5.940945 1.181102,
-0.098425 -5.940945 2.559055,
0.098425 -6.059055 2.559055,
0.098425 -6.059055 1.181102,
0.098425 -5.940945 1.181102,
0.098425 -5.940945 2.559055 ] } coordIndex [ 0 1 2 -1,
2 1 3 -1,
4 5 6 -1,
4 6 7 -1,
5 4 0 -1,
0 4 1 -1,
7 6 2 -1,
7 2 3 -1,
2 6 0 -1,
0 6 5 -1,
7 3 1 -1,
7 1 4 -1 ] } }
Shape { appearance Appearance { material Material { diffuseColor 0.7 0.72 0.74 } } geometry IndexedFaceSet { solid FALSE coord Coordinate { point [ 0.200787 -6.002944 2.618037,
0.200787 -6.000000 2.618110,
0.000000 -6.000000 2.618110,
0.000000 -6.002944 2.618037,
0.200787 -6.005880 2.617817,
0.000000 -6.005880 2.617817,
0.200787 -6.008802 2.617451,
0.000000 -6.008802 2.617451,
0.200787 -6.011702 2.616939,
0.000000 -6.011702 2.616939,
0.200787 -6.014572 2.616284,
0.000000 -6.014572 2.616284,
0.200787 -6.017407 2.615487,
0.000000 -6.017407 2.615487,
0.200787 -6.020198 2.614549,
0.000000 -6.020198 2.614549,
0.200787 -6.022939 2.613473,
0.000000 -6.022939 2.613473,
0.200787 -6.025623 2.612262,
0.000000 -6.025623 2.612262,
0.200787 -6.028243 2.610919,
0.000000 -6.028243 2.610919,
0.200787 -6.030793 2.609446,
0.000000 -6.030793 2.609446,
0.200787 -6.033267 2.607849,
0.000000 -6.033267 2.607849,
0.000000 -6.035658 2.606130,
0.200787 -6.035658 2.606130,
0.200787 -6.037960 2.604294,
0.000000 -6.037960 2.604294,
0.200787 -6.040168 2.602346,
0.000000 -6.040168 2.602346,
0.200787 -6.042276 2.600290,
0.000000 -6.042276 2.600290,
0.200787 -6.044278 2.598131,
0.000000 -6.044278 2.598131,
0.200787 -6.046171 2.595875,
0.000000 -6.046171 2.595875,
0.200787 -6.047949 2.593528,
0.000000 -6.047949 2.593528,
0.200787 -6.049608 2.591095,
0.000000 -6.049608 2.591095,
0.200787 -6.051143 2.588583,
0.000000 -6.051143 2.588583,
0.200787 -6.052551 2.585997,
0.000000 -6.052551 2.585997,
0.200787 -6.053829 2.583344,
0.000000 -6.053829 2.583344,
0.200787 -6.054973 2.580630,
0.000000 -6.054973 2.580630,
0.200787 -6.055980 2.577863,
0.000000 -6.055980 2.577863,
0.000000 -6.056848 2.575050,
0.200787 -6.056848 2.575050,
0.200787 -6.057574 2.572196,
0.000000 -6.057574 2.572196,
0.200787 -6.058158 2.569310,
0.000000 -6.058158 2.569310,
0.200787 -6.058597 2.566398,
0.000000 -6.058597 2.566398,
0.000000 -6.058890 2.563468,
0.200787 -6.058890 2.563468,
0.200787 -6.059037 2.560527,
0.000000 -6.059037 2.560527,
0.200787 -6.059037 2.557583,
0.000000 -6.059037 2.557583,
0.000000 -6.058890 2.554642,
0.200787 -6.058890 2.554642,
0.000000 -6.058597 2.551712,
0.200787 -6.058597 2.551712,
0.200787 -6.058158 2.548800,
0.000000 -6.058158 2.548800,
0.000000 -6.057574 2.545914,
0.200787 -6.057574 2.545914,
0.200787 -6.056848 2.543061,
0.000000 -6.056848 2.543061,
0.200787 -6.055980 2.540247,
0.000000 -6.055980 2.540247,
0.000000 -6.054973 2.537480,
0.200787 -6.054973 2.537480,
0.200787 -6.053829 2.534767,
0.000000 -6.053829 2.534767,
0.000000 -6.052551 2.532114,
0.200787 -6.052551 2.532114,
0.000000 -6.051143 2.529528,
0.200787 -6.051143 2.529528,
0.200787 -6.049608 2.527015,
0.000000 -6.049608 2.527015,
0.000000 -6.047949 2.524582,
0.200787 -6.047949 2.524582,
0.200787 -6.046171 2.522235,
0.000000 -6.046171 2.522235,
0.000000 -6.044278 2.519979,
0.200787 -6.044278 2.519979,
0.000000 -6.042276 2.517821,
0.200787 -6.042276 2.517821,
0.200787 -6.040168 2.515765,
0.000000 -6.040168 2.515765,
0.000000 -6.037960 2.513816,
0.200787 -6.037960 2.513816,
0.000000 -6.035658 2.511980,
0.200787 -6.035658 2.511980,
0.200787 -6.033267 2.510261,
0.000000 -6.033267 2.510261,
0.000000 -6.030793 2.508664,
0.200787 -6.030793 2.508664,
0.200787 -6.028243 2.507192,
0.000000 -6.028243 2.507192,
0.000000 -6.025623 2.505848,
0.200787 -6.025623 2.505848,
0.000000 -6.022939 2.504637,
0.200787 -6.022939 2.504637,
0.200787 -6.020198 2.503561,
0.000000 -6.020198 2.503561,
0.000000 -6.017407 2.502624,
0.200787 -6.017407 2.502624,
0.000000 -6.014572 2.501826,
0.200787 -6.014572 2.501826,
0.200787 -6.011702 2.501171,
0.000000 -6.011702 2.501171,
0.000000 -6.008802 2.500660,
0.200787 -6.008802 2.500660,
0.200787 -6.005880 2.500293,
0.000000 -6.005880 2.500293,
0.200787 -6.002944 2.500073,
0.000000 -6.002944 2.500073,
0.000000 -6.000000 2.500000,
0.200787 -6.000000 2.500000,
0.200787 -5.997056 2.500073,
0.000000 -5.997056 2.500073,
0.200787 -5.994120 2.500293,
0.000000 -5.994120 2.500293,
0.200787 -5.991198 2.500660,
0.000000 -5.991198 2.500660,
0.200787 -5.988298 2.501171,
0.000000 -5.988298 2.501171,
0.200787 -5.985428 2.501826,
0.000000 -5.985428 2.501826,
0.200787 -5.982593 2.502624,
0.000000 -5.982593 2.502624,
0.200787 -5.979802 2.503561,
0.000000 -5.979802 2.503561,
0.200787 -5.977061 2.504637,
0.000000 -5.977061 2.504637,
0.200787 -5.974377 2.505848,
0.000000 -5.974377 2.505848,
0.200787 -5.971757 2.507192,
0.000000 -5.971757 2.507192,
0.200787 -5.969207 2.508664,
0.000000 -5.969207 2.508664,
0.200787 -5.966733 2.510261,
0.000000 -5.966733 2.510261,
0.200787 -5.964342 2.511980,
0.000000 -5.964342 2.511980,
0.200787 -5.962040 2.513816,
0.000000 -5.962040 2.513816,
0.200787 -5.959832 2.515765,
0.000000 -5.959832 2.515765,
0.200787 -5.957724 2.517821,
0.000000 -5.957724 2.517821,
0.200787 -5.955722 2.519979,
0.000000 -5.955722 2.519979,
0.200787 -5.953829 2.522235,
0.000000 -5.953829 2.522235,
0.200787 -5.952051 2.524582,
0.000000 -5.952051 2.524582,
0.200787 -5.950392 2.527015,
0.000000 -5.950392 2.527015,
0.200787 -5.948857 2.529528,
0.000000 -5.948857 2.529528,
0.200787 -5.947449 2.532114,
0.000000 -5.947449 2.532114,
0.200787 -5.946171 2.534767,
0.000000 -5.946171 2.534767,
0.200787 -5.945027 2.537480,
0.000000 -5.945027 2.537480,
0.200787 -5.944020 2.540247,
0.000000 -5.944020 2.540247,
0.200787 -5.943152 2.543061,
0.000000 -5.943152 2.543061,
0.200787 -5.942426 2.545914,
0.000000 -5.942426 2.545914,
0.200787 -5.941842 2.548800,
0.000000 -5.941842 2.548800,
0.200787 -5.941403 2.551712,
0.000000 -5.941403 2.551712,
0.200787 -5.941110 2.554642,
0.000000 -5.941110 2.554642,
0.200787 -5.940963 2.557583,
0.000000 -5.940963 2.557583,
0.200787 -5.940963 2.560527,
0.000000 -5.940963 2.560527,
0.000000 -5.941110 2.563468,
0.200787 -5.941110 2.563468,
0.200787 -5.941403 2.566398,
0.000000 -5.941403 2.566398,
0.200787 -5.941842 2.569310,
0.000000 -5.941842 2.569310,
0.200787 -5.942426 2.572196,
0.000000 -5.942426 2.572196,
0.200787 -5.943152 2.575050,
0.000000 -5.943152 2.575050,
0.200787 -5.944020 2.577863,
0.000000 -5.944020 2.577863,
0.200787 -5.945027 2.580630,
0.000000 -5.945027 2.580630,
0.200787 -5.946171 2.583344,
0.000000 -5.946171 2.583344,
0.200787 -5.947449 2.585997,
0.000000 -5.947449 2.585997,
0.000000 -5.948857 2.588583,
0.200787 -5.948857 2.588583,
0.200787 -5.950392 2.591095,
0.000000 -5.950392 2.591095,
0.200787 -5.952051 2.593528,
0.000000 -5.952051 2.593528,
0.200787 -5.953829 2.595875,
0.000000 -5.953829 2.595875,
0.000000 -5.955722 2.598131,
0.200787 -5.955722 2.598131,
0.200787 -5.957724 2.600290,
0.000000 -5.957724 2.600290,
0.200787 -5.959832 2.602346,
0.000000 -5.959832 2.602346,
0.000000 -5.962040 2.604294,
0.200787 -5.962040 2.604294,
0.200787 -5.964342 2.606130,
0.000000 -5.964342 2.606130,
0.200787 -5.966733 2.607849,
0.000000 -5.966733 2.607849,
0.200787 -5.969207 2.609446,
0.000000 -5.969207 2.609446,
0.200787 -5.971757 2.610919,
0.000000 -5.971757 2.610919,
0.200787 -5.974377 2.612262,
0.000000 -5.974377 2.612262,
0.200787 -5.977061 2.613473,
0.000000 -5.977061 2.613473,
0.200787 -5.979802 2.614549,
0.000000 -5.979802 2.614549,
0.200787 -5.982593 2.615487,
0.000000 -5.982593 2.615487,
0.000000 -5.985428 2.616284,
0.200787 -5.985428 2.616284,
0.200787 -5.988298 2.616939,
0.000000 -5.988298 2.616939,
0.200787 -5.991198 2.617451,
0.000000 -5.991198 2.617451,
0.200787 -5.994120 2.617817,
0.000000 -5.994120 2.617817,
0.200787 -5.997056 2.618037,
0.000000 -5.997056 2.618037 ] } coordIndex [ 0 1 2 -1,
0 2 3 -1,
4 3 5 -1,
4 0 3 -1,
6 5 7 -1,
6 4 5 -1,
8 7 9 -1,
8 6 7 -1,
10 9 11 -1,
10 8 9 -1,
12 11 13 -1,
12 10 11 -1,
14 13 15 -1,
14 12 13 -1,
16 15 17 -1,
16 14 15 -1,
18 17 19 -1,
18 16 17 -1,
20 19 21 -1,
20 18 19 -1,
22 20 21 -1,
22 21 23 -1,
24 22 23 -1,
24 23 25 -1,
24 25 26 -1,
27 24 26 -1,
28 27 26 -1,
28 26 29 -1,
30 28 29 -1,
30 29 31 -1,
32 30 31 -1,
32 31 33 -1,
34 32 33 -1,
34 33 35 -1,
36 34 35 -1,
36 35 37 -1,
38 36 37 -1,
38 37 39 -1,
40 38 39 -1,
40 39 41 -1,
42 40 41 -1,
42 41 43 -1,
44 42 43 -1,
44 43 45 -1,
46 45 47 -1,
46 44 45 -1,
48 47 49 -1,
48 46 47 -1,
50 49 51 -1,
50 51 52 -1,
50 48 49 -1,
53 50 52 -1,
54 52 55 -1,
54 53 52 -1,
56 55 57 -1,
56 54 55 -1,
58 57 59 -1,
58 59 60 -1,
58 56 57 -1,
61 58 60 -1,
62 60 63 -1,
62 61 60 -1,
64 63 65 -1,
64 65 66 -1,
64 62 63 -1,
67 66 68 -1,
67 64 66 -1,
69 67 68 -1,
70 68 71 -1,
70 71 72 -1,
70 69 68 -1,
73 70 72 -1,
74 73 72 -1,
74 72 75 -1,
76 74 75 -1,
76 75 77 -1,
76 77 78 -1,
79 76 78 -1,
80 79 78 -1,
80 78 81 -1,
80 81 82 -1,
83 80 82 -1,
83 82 84 -1,
85 83 84 -1,
86 85 84 -1,
86 84 87 -1,
86 87 88 -1,
89 86 88 -1,
90 89 88 -1,
90 88 91 -1,
90 91 92 -1,
93 90 92 -1,
93 92 94 -1,
95 93 94 -1,
96 95 94 -1,
96 94 97 -1,
96 97 98 -1,
99 96 98 -1,
99 98 100 -1,
101 99 100 -1,
102 101 100 -1,
102 100 103 -1,
102 103 104 -1,
105 102 104 -1,
106 105 104 -1,
106 104 107 -1,
106 107 108 -1,
109 106 108 -1,
109 108 110 -1,
111 109 110 -1,
112 111 110 -1,
112 110 113 -1,
112 113 114 -1,
115 114 116 -1,
115 112 114 -1,
117 115 116 -1,
118 116 119 -1,
118 119 120 -1,
118 117 116 -1,
121 118 120 -1,
122 120 123 -1,
122 121 120 -1,
124 122 123 -1,
124 123 125 -1,
124 125 126 -1,
127 124 126 -1,
128 127 126 -1,
128 126 129 -1,
130 128 129 -1,
130 129 131 -1,
132 130 131 -1,
132 131 133 -1,
134 132 133 -1,
134 133 135 -1,
136 134 135 -1,
136 135 137 -1,
138 136 137 -1,
138 137 139 -1,
140 138 139 -1,
140 139 141 -1,
142 140 141 -1,
142 141 143 -1,
144 142 143 -1,
144 143 145 -1,
146 144 145 -1,
146 145 147 -1,
148 146 147 -1,
148 147 149 -1,
150 149 151 -1,
150 148 149 -1,
152 151 153 -1,
152 150 151 -1,
154 153 155 -1,
154 152 153 -1,
156 155 157 -1,
156 154 155 -1,
158 157 159 -1,
158 156 157 -1,
160 159 161 -1,
160 158 159 -1,
162 161 163 -1,
162 160 161 -1,
164 163 165 -1,
164 162 163 -1,
166 165 167 -1,
166 164 165 -1,
168 167 169 -1,
168 166 167 -1,
170 169 171 -1,
170 168 169 -1,
172 171 173 -1,
172 170 171 -1,
174 173 175 -1,
174 172 173 -1,
176 174 175 -1,
176 175 177 -1,
178 176 177 -1,
178 177 179 -1,
180 178 179 -1,
180 179 181 -1,
182 180 181 -1,
182 181 183 -1,
184 183 185 -1,
184 182 183 -1,
186 185 187 -1,
186 184 185 -1,
188 187 189 -1,
188 186 187 -1,
190 189 191 -1,
190 191 192 -1,
190 188 189 -1,
193 190 192 -1,
194 192 195 -1,
194 193 192 -1,
196 195 197 -1,
196 194 195 -1,
198 197 199 -1,
198 196 197 -1,
200 199 201 -1,
200 198 199 -1,
202 201 203 -1,
202 200 201 -1,
204 203 205 -1,
204 202 203 -1,
206 205 207 -1,
206 204 205 -1,
208 207 209 -1,
208 209 210 -1,
208 206 207 -1,
211 208 210 -1,
212 210 213 -1,
212 211 210 -1,
214 213 215 -1,
214 212 213 -1,
216 215 217 -1,
216 217 218 -1,
216 214 215 -1,
219 216 218 -1,
220 218 221 -1,
220 219 218 -1,
222 221 223 -1,
222 223 224 -1,
222 220 221 -1,
225 222 224 -1,
226 225 224 -1,
226 224 227 -1,
228 226 227 -1,
228 227 229 -1,
230 228 229 -1,
230 229 231 -1,
232 230 231 -1,
232 231 233 -1,
234 232 233 -1,
234 233 235 -1,
236 234 235 -1,
236 235 237 -1,
238 236 237 -1,
238 237 239 -1,
240 238 239 -1,
240 239 241 -1,
240 241 242 -1,
243 240 242 -1,
244 243 242 -1,
244 242 245 -1,
246 244 245 -1,
246 245 247 -1,
248 246 247 -1,
248 247 249 -1,
250 249 251 -1,
250 248 249 -1,
250 251 2 -1,
1 250 2 -1,
12 8 10 -1,
50 53 54 -1,
44 46 48 -1,
20 14 16 -1,
20 16 18 -1,
40 42 44 -1,
36 38 40 -1,
208 204 206 -1,
28 24 27 -1,
32 1 0 -1,
32 0 4 -1,
32 4 6 -1,
32 6 8 -1,
32 12 14 -1,
32 20 22 -1,
32 22 24 -1,
32 28 30 -1,
32 34 36 -1,
32 48 50 -1,
32 54 56 -1,
32 56 58 -1,
32 58 61 -1,
32 61 62 -1,
32 62 64 -1,
32 64 67 -1,
32 67 69 -1,
32 69 70 -1,
32 70 73 -1,
32 73 74 -1,
32 74 76 -1,
32 76 79 -1,
32 79 80 -1,
32 80 83 -1,
32 83 85 -1,
32 85 86 -1,
32 86 89 -1,
32 89 90 -1,
32 99 101 -1,
32 101 102 -1,
32 102 105 -1,
32 105 106 -1,
32 106 109 -1,
32 109 111 -1,
32 111 112 -1,
32 112 115 -1,
32 115 117 -1,
32 117 118 -1,
32 118 121 -1,
32 121 122 -1,
32 122 124 -1,
32 124 127 -1,
32 127 128 -1,
32 128 130 -1,
32 130 132 -1,
32 132 134 -1,
32 134 136 -1,
32 136 138 -1,
32 138 140 -1,
32 140 142 -1,
32 142 144 -1,
32 144 146 -1,
32 146 148 -1,
32 148 150 -1,
32 150 152 -1,
32 152 154 -1,
32 154 156 -1,
32 156 158 -1,
32 158 160 -1,
32 160 162 -1,
32 162 164 -1,
32 164 166 -1,
32 166 168 -1,
32 168 170 -1,
32 170 172 -1,
32 172 174 -1,
32 174 176 -1,
32 176 178 -1,
32 178 180 -1,
32 180 182 -1,
32 182 184 -1,
32 184 186 -1,
32 186 188 -1,
32 188 190 -1,
32 190 193 -1,
32 193 194 -1,
32 194 196 -1,
32 196 198 -1,
32 198 200 -1,
32 200 202 -1,
32 202 204 -1,
32 208 211 -1,
32 211 212 -1,
32 212 214 -1,
32 214 216 -1,
32 216 219 -1,
32 219 220 -1,
32 220 222 -1,
32 238 240 -1,
32 240 243 -1,
32 243 244 -1,
32 95 99 -1,
32 204 208 -1,
32 90 95 -1,
32 36 40 -1,
32 228 234 -1,
32 222 228 -1,
32 24 28 -1,
32 234 238 -1,
32 244 1 -1,
32 8 12 -1,
32 44 48 -1,
32 50 54 -1,
32 40 44 -1,
32 14 20 -1,
95 96 99 -1,
90 93 95 -1,
228 222 225 -1,
228 225 226 -1,
234 228 230 -1,
234 230 232 -1,
238 234 236 -1,
248 244 246 -1,
1 244 248 -1,
1 248 250 -1,
9 13 11 -1,
52 51 55 -1,
47 45 49 -1,
15 21 17 -1,
17 21 19 -1,
43 41 45 -1,
39 37 41 -1,
205 209 207 -1,
25 29 26 -1,
2 33 3 -1,
3 33 5 -1,
5 33 7 -1,
7 33 9 -1,
13 33 15 -1,
21 33 23 -1,
23 33 25 -1,
29 33 31 -1,
35 33 37 -1,
49 33 51 -1,
55 33 57 -1,
57 33 59 -1,
59 33 60 -1,
60 33 63 -1,
63 33 65 -1,
65 33 66 -1,
66 33 68 -1,
68 33 71 -1,
71 33 72 -1,
72 33 75 -1,
75 33 77 -1,
77 33 78 -1,
78 33 81 -1,
81 33 82 -1,
82 33 84 -1,
84 33 87 -1,
87 33 88 -1,
88 33 91 -1,
98 33 100 -1,
100 33 103 -1,
103 33 104 -1,
104 33 107 -1,
107 33 108 -1,
108 33 110 -1,
110 33 113 -1,
113 33 114 -1,
114 33 116 -1,
116 33 119 -1,
119 33 120 -1,
120 33 123 -1,
123 33 125 -1,
125 33 126 -1,
126 33 129 -1,
129 33 131 -1,
131 33 133 -1,
133 33 135 -1,
135 33 137 -1,
137 33 139 -1,
139 33 141 -1,
141 33 143 -1,
143 33 145 -1,
145 33 147 -1,
147 33 149 -1,
149 33 151 -1,
151 33 153 -1,
153 33 155 -1,
155 33 157 -1,
157 33 159 -1,
159 33 161 -1,
161 33 163 -1,
163 33 165 -1,
165 33 167 -1,
167 33 169 -1,
169 33 171 -1,
171 33 173 -1,
173 33 175 -1,
175 33 177 -1,
177 33 179 -1,
179 33 181 -1,
181 33 183 -1,
183 33 185 -1,
185 33 187 -1,
187 33 189 -1,
189 33 191 -1,
191 33 192 -1,
192 33 195 -1,
195 33 197 -1,
197 33 199 -1,
199 33 201 -1,
201 33 203 -1,
203 33 205 -1,
209 33 210 -1,
210 33 213 -1,
213 33 215 -1,
215 33 217 -1,
217 33 218 -1,
218 33 221 -1,
221 33 223 -1,
239 33 241 -1,
241 33 242 -1,
242 33 245 -1,
94 33 98 -1,
205 33 209 -1,
91 33 94 -1,
37 33 41 -1,
229 33 235 -1,
223 33 229 -1,
25 33 29 -1,
235 33 239 -1,
245 33 2 -1,
9 33 13 -1,
45 33 49 -1,
51 33 55 -1,
41 33 45 -1,
15 33 21 -1,
97 94 98 -1,
92 91 94 -1,
223 229 224 -1,
224 229 227 -1,
229 235 231 -1,
231 235 233 -1,
235 239 237 -1,
245 249 247 -1,
245 2 249 -1,
249 2 251 -1 ] } }
Shape { appearance Appearance { material Material { diffuseColor 0.7 0.72 0.74 } } geometry IndexedFaceSet { solid FALSE coord Coordinate { point [ -0.098425 -7.059055 -0.984252,
-0.098425 -7.059055 0.000000,
-0.098425 -6.940945 -0.984252,
-0.098425 -6.940945 0.000000,
0.098425 -7.059055 0.000000,
0.098425 -7.059055 -0.984252,
0.098425 -6.940945 -0.984252,
0.098425 -6.940945 0.000000 ] } coordIndex [ 0 1 2 -1,
2 1 3 -1,
4 5 6 -1,
4 6 7 -1,
5 4 0 -1,
0 4 1 -1,
7 6 2 -1,
7 2 3 -1,
2 6 0 -1,
0 6 5 -1,
7 3 1 -1,
7 1 4 -1 ] } }
Shape { appearance Appearance { material Material { diffuseColor 0.7 0.72 0.74 } } geometry IndexedFaceSet { solid FALSE coord Coordinate { point [ -0.098425 -7.059055 1.181102,
-0.098425 -7.059055 2.559055,
-0.098425 -6.940945 1.181102,
-0.098425 -6.940945 2.559055,
0.098425 -7.059055 2.559055,
0.098425 -7.059055 1.181102,
0.098425 -6.940945 1.181102,
0.098425 -6.940945 2.559055 ] } coordIndex [ 0 1 2 -1,
2 1 3 -1,
4 5 6 -1,
4 6 7 -1,
5 4 0 -1,
0 4 1 -1,
7 6 2 -1,
7 2 3 -1,
2 6 0 -1,
0 6 5 -1,
7 3 1 -1,
7 1 4 -1 ] } }
Shape { appearance Appearance { material Material { diffuseColor 0.7 0.72 0.74 } } geometry IndexedFaceSet { solid FALSE coord Coordinate { point [ 0.200787 -7.002944 2.618037,
0.200787 -7.000000 2.618110,
0.000000 -7.000000 2.618110,
0.000000 -7.002944 2.618037,
0.200787 -7.005880 2.617817,
0.000000 -7.005880 2.617817,
0.200787 -7.008802 2.617451,
0.000000 -7.008802 2.617451,
0.200787 -7.011702 2.616939,
0.000000 -7.011702 2.616939,
0.200787 -7.014572 2.616284,
0.000000 -7.014572 2.616284,
0.200787 -7.017407 2.615487,
0.000000 -7.017407 2.615487,
0.200787 -7.020198 2.614549,
0.000000 -7.020198 2.614549,
0.200787 -7.022939 2.613473,
0.000000 -7.022939 2.613473,
0.200787 -7.025623 2.612262,
0.000000 -7.025623 2.612262,
0.200787 -7.028243 2.610919,
0.000000 -7.028243 2.610919,
0.200787 -7.030793 2.609446,
0.000000 -7.030793 2.609446,
0.200787 -7.033267 2.607849,
0.000000 -7.033267 2.607849,
0.000000 -7.035658 2.606130,
0.200787 -7.035658 2.606130,
0.200787 -7.037960 2.604294,
0.000000 -7.037960 2.604294,
0.200787 -7.040168 2.602346,
0.000000 -7.040168 2.602346,
0.200787 -7.042276 2.600290,
0.000000 -7.042276 2.600290,
0.200787 -7.044278 2.598131,
0.000000 -7.044278 2.598131,
0.200787 -7.046171 2.595875,
0.000000 -7.046171 2.595875,
0.200787 -7.047949 2.593528,
0.000000 -7.047949 2.593528,
0.200787 -7.049608 2.591095,
0.000000 -7.049608 2.591095,
0.200787 -7.051143 2.588583,
0.000000 -7.051143 2.588583,
0.200787 -7.052551 2.585997,
0.000000 -7.052551 2.585997,
0.200787 -7.053829 2.583344,
0.000000 -7.053829 2.583344,
0.200787 -7.054973 2.580630,
0.000000 -7.054973 2.580630,
0.200787 -7.055980 2.577863,
0.000000 -7.055980 2.577863,
0.000000 -7.056848 2.575050,
0.200787 -7.056848 2.575050,
0.200787 -7.057574 2.572196,
0.000000 -7.057574 2.572196,
0.200787 -7.058158 2.569310,
0.000000 -7.058158 2.569310,
0.200787 -7.058597 2.566398,
0.000000 -7.058597 2.566398,
0.000000 -7.058890 2.563468,
0.200787 -7.058890 2.563468,
0.200787 -7.059037 2.560527,
0.000000 -7.059037 2.560527,
0.200787 -7.059037 2.557583,
0.000000 -7.059037 2.557583,
0.000000 -7.058890 2.554642,
0.200787 -7.058890 2.554642,
0.000000 -7.058597 2.551712,
0.200787 -7.058597 2.551712,
0.200787 -7.058158 2.548800,
0.000000 -7.058158 2.548800,
0.000000 -7.057574 2.545914,
0.200787 -7.057574 2.545914,
0.200787 -7.056848 2.543061,
0.000000 -7.056848 2.543061,
0.200787 -7.055980 2.540247,
0.000000 -7.055980 2.540247,
0.000000 -7.054973 2.537480,
0.200787 -7.054973 2.537480,
0.200787 -7.053829 2.534767,
0.000000 -7.053829 2.534767,
0.000000 -7.052551 2.532114,
0.200787 -7.052551 2.532114,
0.000000 -7.051143 2.529528,
0.200787 -7.051143 2.529528,
0.200787 -7.049608 2.527015,
0.000000 -7.049608 2.527015,
0.000000 -7.047949 2.524582,
0.200787 -7.047949 2.524582,
0.200787 -7.046171 2.522235,
0.000000 -7.046171 2.522235,
0.000000 -7.044278 2.519979,
0.200787 -7.044278 2.519979,
0.000000 -7.042276 2.517821,
0.200787 -7.042276 2.517821,
0.200787 -7.040168 2.515765,
0.000000 -7.040168 2.515765,
0.000000 -7.037960 2.513816,
0.200787 -7.037960 2.513816,
0.000000 -7.035658 2.511980,
0.200787 -7.035658 2.511980,
0.200787 -7.033267 2.510261,
0.000000 -7.033267 2.510261,
0.000000 -7.030793 2.508664,
0.200787 -7.030793 2.508664,
0.200787 -7.028243 2.507192,
0.000000 -7.028243 2.507192,
0.000000 -7.025623 2.505848,
0.200787 -7.025623 2.505848,
0.000000 -7.022939 2.504637,
0.200787 -7.022939 2.504637,
0.200787 -7.020198 2.503561,
0.000000 -7.020198 2.503561,
0.000000 -7.017407 2.502624,
0.200787 -7.017407 2.502624,
0.000000 -7.014572 2.501826,
0.200787 -7.014572 2.501826,
0.200787 -7.011702 2.501171,
0.000000 -7.011702 2.501171,
0.000000 -7.008802 2.500660,
0.200787 -7.008802 2.500660,
0.200787 -7.005880 2.500293,
0.000000 -7.005880 2.500293,
0.200787 -7.002944 2.500073,
0.000000 -7.002944 2.500073,
0.000000 -7.000000 2.500000,
0.200787 -7.000000 2.500000,
0.200787 -6.997056 2.500073,
0.000000 -6.997056 2.500073,
0.200787 -6.994120 2.500293,
0.000000 -6.994120 2.500293,
0.200787 -6.991198 2.500660,
0.000000 -6.991198 2.500660,
0.200787 -6.988298 2.501171,
0.000000 -6.988298 2.501171,
0.200787 -6.985428 2.501826,
0.000000 -6.985428 2.501826,
0.200787 -6.982593 2.502624,
0.000000 -6.982593 2.502624,
0.200787 -6.979802 2.503561,
0.000000 -6.979802 2.503561,
0.200787 -6.977061 2.504637,
0.000000 -6.977061 2.504637,
0.200787 -6.974377 2.505848,
0.000000 -6.974377 2.505848,
0.200787 -6.971757 2.507192,
0.000000 -6.971757 2.507192,
0.200787 -6.969207 2.508664,
0.000000 -6.969207 2.508664,
0.200787 -6.966733 2.510261,
0.000000 -6.966733 2.510261,
0.200787 -6.964342 2.511980,
0.000000 -6.964342 2.511980,
0.200787 -6.962040 2.513816,
0.000000 -6.962040 2.513816,
0.200787 -6.959832 2.515765,
0.000000 -6.959832 2.515765,
0.200787 -6.957724 2.517821,
0.000000 -6.957724 2.517821,
0.200787 -6.955722 2.519979,
0.000000 -6.955722 2.519979,
0.200787 -6.953829 2.522235,
0.000000 -6.953829 2.522235,
0.200787 -6.952051 2.524582,
0.000000 -6.952051 2.524582,
0.200787 -6.950392 2.527015,
0.000000 -6.950392 2.527015,
0.200787 -6.948857 2.529528,
0.000000 -6.948857 2.529528,
0.200787 -6.947449 2.532114,
0.000000 -6.947449 2.532114,
0.200787 -6.946171 2.534767,
0.000000 -6.946171 2.534767,
0.200787 -6.945027 2.537480,
0.000000 -6.945027 2.537480,
0.200787 -6.944020 2.540247,
0.000000 -6.944020 2.540247,
0.200787 -6.943152 2.543061,
0.000000 -6.943152 2.543061,
0.200787 -6.942426 2.545914,
0.000000 -6.942426 2.545914,
0.200787 -6.941842 2.548800,
0.000000 -6.941842 2.548800,
0.200787 -6.941403 2.551712,
0.000000 -6.941403 2.551712,
0.200787 -6.941110 2.554642,
0.000000 -6.941110 2.554642,
0.200787 -6.940963 2.557583,
0.000000 -6.940963 2.557583,
0.200787 -6.940963 2.560527,
0.000000 -6.940963 2.560527,
0.000000 -6.941110 2.563468,
0.200787 -6.941110 2.563468,
0.200787 -6.941403 2.566398,
0.000000 -6.941403 2.566398,
0.200787 -6.941842 2.569310,
0.000000 -6.941842 2.569310,
0.200787 -6.942426 2.572196,
0.000000 -6.942426 2.572196,
0.200787 -6.943152 2.575050,
0.000000 -6.943152 2.575050,
0.200787 -6.944020 2.577863,
0.000000 -6.944020 2.577863,
0.200787 -6.945027 2.580630,
0.000000 -6.945027 2.580630,
0.200787 -6.946171 2.583344,
0.000000 -6.946171 2.583344,
0.200787 -6.947449 2.585997,
0.000000 -6.947449 2.585997,
0.000000 -6.948857 2.588583,
0.200787 -6.948857 2.588583,
0.200787 -6.950392 2.591095,
0.000000 -6.950392 2.591095,
0.200787 -6.952051 2.593528,
0.000000 -6.952051 2.593528,
0.200787 -6.953829 2.595875,
0.000000 -6.953829 2.595875,
0.000000 -6.955722 2.598131,
0.200787 -6.955722 2.598131,
0.200787 -6.957724 2.600290,
0.000000 -6.957724 2.600290,
0.200787 -6.959832 2.602346,
0.000000 -6.959832 2.602346,
0.000000 -6.962040 2.604294,
0.200787 -6.962040 2.604294,
0.200787 -6.964342 2.606130,
0.000000 -6.964342 2.606130,
0.200787 -6.966733 2.607849,
0.000000 -6.966733 2.607849,
0.200787 -6.969207 2.609446,
0.000000 -6.969207 2.609446,
0.200787 -6.971757 2.610919,
0.000000 -6.971757 2.610919,
0.200787 -6.974377 2.612262,
0.000000 -6.974377 2.612262,
0.200787 -6.977061 2.613473,
0.000000 -6.977061 2.613473,
0.200787 -6.979802 2.614549,
0.000000 -6.979802 2.614549,
0.200787 -6.982593 2.615487,
0.000000 -6.982593 2.615487,
0.000000 -6.985428 2.616284,
0.200787 -6.985428 2.616284,
0.200787 -6.988298 2.616939,
0.000000 -6.988298 2.616939,
0.200787 -6.991198 2.617451,
0.000000 -6.991198 2.617451,
0.200787 -6.994120 2.617817,
0.000000 -6.994120 2.617817,
0.200787 -6.997056 2.618037,
0.000000 -6.997056 2.618037 ] } coordIndex [ 0 1 2 -1,
0 2 3 -1,
4 3 5 -1,
4 0 3 -1,
6 5 7 -1,
6 4 5 -1,
8 7 9 -1,
8 6 7 -1,
10 9 11 -1,
10 8 9 -1,
12 11 13 -1,
12 10 11 -1,
14 13 15 -1,
14 12 13 -1,
16 15 17 -1,
16 14 15 -1,
18 17 19 -1,
18 16 17 -1,
20 19 21 -1,
20 18 19 -1,
22 20 21 -1,
22 21 23 -1,
24 22 23 -1,
24 23 25 -1,
24 25 26 -1,
27 24 26 -1,
28 27 26 -1,
28 26 29 -1,
30 28 29 -1,
30 29 31 -1,
32 30 31 -1,
32 31 33 -1,
34 32 33 -1,
34 33 35 -1,
36 34 35 -1,
36 35 37 -1,
38 36 37 -1,
38 37 39 -1,
40 38 39 -1,
40 39 41 -1,
42 40 41 -1,
42 41 43 -1,
44 42 43 -1,
44 43 45 -1,
46 45 47 -1,
46 44 45 -1,
48 47 49 -1,
48 46 47 -1,
50 49 51 -1,
50 51 52 -1,
50 48 49 -1,
53 50 52 -1,
54 52 55 -1,
54 53 52 -1,
56 55 57 -1,
56 54 55 -1,
58 57 59 -1,
58 59 60 -1,
58 56 57 -1,
61 58 60 -1,
62 60 63 -1,
62 61 60 -1,
64 63 65 -1,
64 65 66 -1,
64 62 63 -1,
67 66 68 -1,
67 64 66 -1,
69 67 68 -1,
70 68 71 -1,
70 71 72 -1,
70 69 68 -1,
73 70 72 -1,
74 73 72 -1,
74 72 75 -1,
76 74 75 -1,
76 75 77 -1,
76 77 78 -1,
79 76 78 -1,
80 79 78 -1,
80 78 81 -1,
80 81 82 -1,
83 80 82 -1,
83 82 84 -1,
85 83 84 -1,
86 85 84 -1,
86 84 87 -1,
86 87 88 -1,
89 86 88 -1,
90 89 88 -1,
90 88 91 -1,
90 91 92 -1,
93 90 92 -1,
93 92 94 -1,
95 93 94 -1,
96 95 94 -1,
96 94 97 -1,
96 97 98 -1,
99 96 98 -1,
99 98 100 -1,
101 99 100 -1,
102 101 100 -1,
102 100 103 -1,
102 103 104 -1,
105 102 104 -1,
106 105 104 -1,
106 104 107 -1,
106 107 108 -1,
109 106 108 -1,
109 108 110 -1,
111 109 110 -1,
112 111 110 -1,
112 110 113 -1,
112 113 114 -1,
115 114 116 -1,
115 112 114 -1,
117 115 116 -1,
118 116 119 -1,
118 119 120 -1,
118 117 116 -1,
121 118 120 -1,
122 120 123 -1,
122 121 120 -1,
124 122 123 -1,
124 123 125 -1,
124 125 126 -1,
127 124 126 -1,
128 127 126 -1,
128 126 129 -1,
130 128 129 -1,
130 129 131 -1,
132 130 131 -1,
132 131 133 -1,
134 132 133 -1,
134 133 135 -1,
136 134 135 -1,
136 135 137 -1,
138 136 137 -1,
138 137 139 -1,
140 138 139 -1,
140 139 141 -1,
142 140 141 -1,
142 141 143 -1,
144 142 143 -1,
144 143 145 -1,
146 144 145 -1,
146 145 147 -1,
148 146 147 -1,
148 147 149 -1,
150 149 151 -1,
150 148 149 -1,
152 151 153 -1,
152 150 151 -1,
154 153 155 -1,
154 152 153 -1,
156 155 157 -1,
156 154 155 -1,
158 157 159 -1,
158 156 157 -1,
160 159 161 -1,
160 158 159 -1,
162 161 163 -1,
162 160 161 -1,
164 163 165 -1,
164 162 163 -1,
166 165 167 -1,
166 164 165 -1,
168 167 169 -1,
168 166 167 -1,
170 169 171 -1,
170 168 169 -1,
172 171 173 -1,
172 170 171 -1,
174 173 175 -1,
174 172 173 -1,
176 174 175 -1,
176 175 177 -1,
178 176 177 -1,
178 177 179 -1,
180 178 179 -1,
180 179 181 -1,
182 180 181 -1,
182 181 183 -1,
184 183 185 -1,
184 182 183 -1,
186 185 187 -1,
186 184 185 -1,
188 187 189 -1,
188 186 187 -1,
190 189 191 -1,
190 191 192 -1,
190 188 189 -1,
193 190 192 -1,
194 192 195 -1,
194 193 192 -1,
196 195 197 -1,
196 194 195 -1,
198 197 199 -1,
198 196 197 -1,
200 199 201 -1,
200 198 199 -1,
202 201 203 -1,
202 200 201 -1,
204 203 205 -1,
204 202 203 -1,
206 205 207 -1,
206 204 205 -1,
208 207 209 -1,
208 209 210 -1,
208 206 207 -1,
211 208 210 -1,
212 210 213 -1,
212 211 210 -1,
214 213 215 -1,
214 212 213 -1,
216 215 217 -1,
216 217 218 -1,
216 214 215 -1,
219 216 218 -1,
220 218 221 -1,
220 219 218 -1,
222 221 223 -1,
222 223 224 -1,
222 220 221 -1,
225 222 224 -1,
226 225 224 -1,
226 224 227 -1,
228 226 227 -1,
228 227 229 -1,
230 228 229 -1,
230 229 231 -1,
232 230 231 -1,
232 231 233 -1,
234 232 233 -1,
234 233 235 -1,
236 234 235 -1,
236 235 237 -1,
238 236 237 -1,
238 237 239 -1,
240 238 239 -1,
240 239 241 -1,
240 241 242 -1,
243 240 242 -1,
244 243 242 -1,
244 242 245 -1,
246 244 245 -1,
246 245 247 -1,
248 246 247 -1,
248 247 249 -1,
250 249 251 -1,
250 248 249 -1,
250 251 2 -1,
1 250 2 -1,
12 8 10 -1,
50 53 54 -1,
44 46 48 -1,
20 14 16 -1,
20 16 18 -1,
40 42 44 -1,
36 38 40 -1,
208 204 206 -1,
28 24 27 -1,
32 1 0 -1,
32 0 4 -1,
32 4 6 -1,
32 6 8 -1,
32 12 14 -1,
32 20 22 -1,
32 22 24 -1,
32 28 30 -1,
32 34 36 -1,
32 48 50 -1,
32 54 56 -1,
32 56 58 -1,
32 58 61 -1,
32 61 62 -1,
32 62 64 -1,
32 64 67 -1,
32 67 69 -1,
32 69 70 -1,
32 70 73 -1,
32 73 74 -1,
32 74 76 -1,
32 76 79 -1,
32 79 80 -1,
32 80 83 -1,
32 83 85 -1,
32 85 86 -1,
32 86 89 -1,
32 89 90 -1,
32 99 101 -1,
32 101 102 -1,
32 102 105 -1,
32 105 106 -1,
32 106 109 -1,
32 109 111 -1,
32 111 112 -1,
32 112 115 -1,
32 115 117 -1,
32 117 118 -1,
32 118 121 -1,
32 121 122 -1,
32 122 124 -1,
32 124 127 -1,
32 127 128 -1,
32 128 130 -1,
32 130 132 -1,
32 132 134 -1,
32 134 136 -1,
32 136 138 -1,
32 138 140 -1,
32 140 142 -1,
32 142 144 -1,
32 144 146 -1,
32 146 148 -1,
32 148 150 -1,
32 150 152 -1,
32 152 154 -1,
32 154 156 -1,
32 156 158 -1,
32 158 160 -1,
32 160 162 -1,
32 162 164 -1,
32 164 166 -1,
32 166 168 -1,
32 168 170 -1,
32 170 172 -1,
32 172 174 -1,
32 174 176 -1,
32 176 178 -1,
32 178 180 -1,
32 180 182 -1,
32 182 184 -1,
32 184 186 -1,
32 186 188 -1,
32 188 190 -1,
32 190 193 -1,
32 193 194 -1,
32 194 196 -1,
32 196 198 -1,
32 198 200 -1,
32 200 202 -1,
32 202 204 -1,
32 208 211 -1,
32 211 212 -1,
32 212 214 -1,
32 214 216 -1,
32 216 219 -1,
32 219 220 -1,
32 220 222 -1,
32 238 240 -1,
32 240 243 -1,
32 243 244 -1,
32 95 99 -1,
32 204 208 -1,
32 90 95 -1,
32 36 40 -1,
32 228 234 -1,
32 222 228 -1,
32 24 28 -1,
32 234 238 -1,
32 244 1 -1,
32 8 12 -1,
32 44 48 -1,
32 50 54 -1,
32 40 44 -1,
32 14 20 -1,
95 96 99 -1,
90 93 95 -1,
228 222 225 -1,
228 225 226 -1,
234 228 230 -1,
234 230 232 -1,
238 234 236 -1,
248 244 246 -1,
1 244 248 -1,
1 248 250 -1,
9 13 11 -1,
52 51 55 -1,
47 45 49 -1,
15 21 17 -1,
17 21 19 -1,
43 41 45 -1,
39 37 41 -1,
205 209 207 -1,
25 29 26 -1,
2 33 3 -1,
3 33 5 -1,
5 33 7 -1,
7 33 9 -1,
13 33 15 -1,
21 33 23 -1,
23 33 25 -1,
29 33 31 -1,
35 33 37 -1,
49 33 51 -1,
55 33 57 -1,
57 33 59 -1,
59 33 60 -1,
60 33 63 -1,
63 33 65 -1,
65 33 66 -1,
66 33 68 -1,
68 33 71 -1,
71 33 72 -1,
72 33 75 -1,
75 33 77 -1,
77 33 78 -1,
78 33 81 -1,
81 33 82 -1,
82 33 84 -1,
84 33 87 -1,
87 33 88 -1,
88 33 91 -1,
98 33 100 -1,
100 33 103 -1,
103 33 104 -1,
104 33 107 -1,
107 33 108 -1,
108 33 110 -1,
110 33 113 -1,
113 33 114 -1,
114 33 116 -1,
116 33 119 -1,
119 33 120 -1,
120 33 123 -1,
123 33 125 -1,
125 33 126 -1,
126 33 129 -1,
129 33 131 -1,
131 33 133 -1,
133 33 135 -1,
135 33 137 -1,
137 33 139 -1,
139 33 141 -1,
141 33 143 -1,
143 33 145 -1,
145 33 147 -1,
147 33 149 -1,
149 33 151 -1,
151 33 153 -1,
153 33 155 -1,
155 33 157 -1,
157 33 159 -1,
159 33 161 -1,
161 33 163 -1,
163 33 165 -1,
165 33 167 -1,
167 33 169 -1,
169 33 171 -1,
171 33 173 -1,
173 33 175 -1,
175 33 177 -1,
177 33 179 -1,
179 33 181 -1,
181 33 183 -1,
183 33 185 -1,
185 33 187 -1,
187 33 189 -1,
189 33 191 -1,
191 33 192 -1,
192 33 195 -1,
195 33 197 -1,
197 33 199 -1,
199 33 201 -1,
201 33 203 -1,
203 33 205 -1,
209 33 210 -1,
210 33 213 -1,
213 33 215 -1,
215 33 217 -1,
217 33 218 -1,
218 33 221 -1,
221 33 223 -1,
239 33 241 -1,
241 33 242 -1,
242 33 245 -1,
94 33 98 -1,
205 33 209 -1,
91 33 94 -1,
37 33 41 -1,
229 33 235 -1,
223 33 229 -1,
25 33 29 -1,
235 33 239 -1,
245 33 2 -1,
9 33 13 -1,
45 33 49 -1,
51 33 55 -1,
41 33 45 -1,
15 33 21 -1,
97 94 98 -1,
92 91 94 -1,
223 229 224 -1,
224 229 227 -1,
229 235 231 -1,
231 235 233 -1,
235 239 237 -1,
245 249 247 -1,
245 2 249 -1,
249 2 251 -1 ] } }
Shape { appearance Appearance { material Material { diffuseColor 0.7 0.72 0.74 } } geometry IndexedFaceSet { solid FALSE coord Coordinate { point [ -0.098425 -8.059055 -0.984252,
-0.098425 -8.059055 0.000000,
-0.098425 -7.940945 -0.984252,
-0.098425 -7.940945 0.000000,
0.098425 -8.059055 0.000000,
0.098425 -8.059055 -0.984252,
0.098425 -7.940945 -0.984252,
0.098425 -7.940945 0.000000 ] } coordIndex [ 0 1 2 -1,
2 1 3 -1,
4 5 6 -1,
4 6 7 -1,
5 4 0 -1,
0 4 1 -1,
7 6 2 -1,
7 2 3 -1,
2 6 0 -1,
0 6 5 -1,
7 3 1 -1,
7 1 4 -1 ] } }
Shape { appearance Appearance { material Material { diffuseColor 0.7 0.72 0.74 } } geometry IndexedFaceSet { solid FALSE coord Coordinate { point [ -0.098425 -8.059055 1.181102,
-0.098425 -8.059055 2.559055,
-0.098425 -7.940945 1.181102,
-0.098425 -7.940945 2.559055,
0.098425 -8.059055 2.559055,
0.098425 -8.059055 1.181102,
0.098425 -7.940945 1.181102,
0.098425 -7.940945 2.559055 ] } coordIndex [ 0 1 2 -1,
2 1 3 -1,
4 5 6 -1,
4 6 7 -1,
5 4 0 -1,
0 4 1 -1,
7 6 2 -1,
7 2 3 -1,
2 6 0 -1,
0 6 5 -1,
7 3 1 -1,
7 1 4 -1 ] } }
Shape { appearance Appearance { material Material { diffuseColor 0.7 0.72 0.74 } } geometry IndexedFaceSet { solid FALSE coord Coordinate { point [ 0.200787 -8.002944 2.618037,
0.200787 -8.000000 2.618110,
0.000000 -8.000000 2.618110,
0.000000 -8.002944 2.618037,
0.200787 -8.005880 2.617817,
0.000000 -8.005880 2.617817,
0.200787 -8.008802 2.617451,
0.000000 -8.008802 2.617451,
0.200787 -8.011702 2.616939,
0.000000 -8.011702 2.616939,
0.200787 -8.014572 2.616284,
0.000000 -8.014572 2.616284,
0.200787 -8.017407 2.615487,
0.000000 -8.017407 2.615487,
0.200787 -8.020198 2.614549,
0.000000 -8.020198 2.614549,
0.200787 -8.022939 2.613473,
0.000000 -8.022939 2.613473,
0.200787 -8.025623 2.612262,
0.000000 -8.025623 2.612262,
0.200787 -8.028243 2.610919,
0.000000 -8.028243 2.610919,
0.200787 -8.030793 2.609446,
0.000000 -8.030793 2.609446,
0.200787 -8.033267 2.607849,
0.000000 -8.033267 2.607849,
0.000000 -8.035658 2.606130,
0.200787 -8.035658 2.606130,
0.200787 -8.037960 2.604294,
0.000000 -8.037960 2.604294,
0.200787 -8.040168 2.602346,
0.000000 -8.040168 2.602346,
0.200787 -8.042276 2.600290,
0.000000 -8.042276 2.600290,
0.200787 -8.044278 2.598131,
0.000000 -8.044278 2.598131,
0.200787 -8.046171 2.595875,
0.000000 -8.046171 2.595875,
0.200787 -8.047949 2.593528,
0.000000 -8.047949 2.593528,
0.200787 -8.049608 2.591095,
0.000000 -8.049608 2.591095,
0.200787 -8.051143 2.588583,
0.000000 -8.051143 2.588583,
0.200787 -8.052551 2.585997,
0.000000 -8.052551 2.585997,
0.200787 -8.053829 2.583344,
0.000000 -8.053829 2.583344,
0.200787 -8.054973 2.580630,
0.000000 -8.054973 2.580630,
0.200787 -8.055980 2.577863,
0.000000 -8.055980 2.577863,
0.000000 -8.056848 2.575050,
0.200787 -8.056848 2.575050,
0.200787 -8.057574 2.572196,
0.000000 -8.057574 2.572196,
0.200787 -8.058158 2.569310,
0.000000 -8.058158 2.569310,
0.200787 -8.058597 2.566398,
0.000000 -8.058597 2.566398,
0.000000 -8.058890 2.563468,
0.200787 -8.058890 2.563468,
0.200787 -8.059037 2.560527,
0.000000 -8.059037 2.560527,
0.200787 -8.059037 2.557583,
0.000000 -8.059037 2.557583,
0.000000 -8.058890 2.554642,
0.200787 -8.058890 2.554642,
0.000000 -8.058597 2.551712,
0.200787 -8.058597 2.551712,
0.200787 -8.058158 2.548800,
0.000000 -8.058158 2.548800,
0.000000 -8.057574 2.545914,
0.200787 -8.057574 2.545914,
0.200787 -8.056848 2.543061,
0.000000 -8.056848 2.543061,
0.200787 -8.055980 2.540247,
0.000000 -8.055980 2.540247,
0.000000 -8.054973 2.537480,
0.200787 -8.054973 2.537480,
0.200787 -8.053829 2.534767,
0.000000 -8.053829 2.534767,
0.000000 -8.052551 2.532114,
0.200787 -8.052551 2.532114,
0.000000 -8.051143 2.529528,
0.200787 -8.051143 2.529528,
0.200787 -8.049608 2.527015,
0.000000 -8.049608 2.527015,
0.000000 -8.047949 2.524582,
0.200787 -8.047949 2.524582,
0.200787 -8.046171 2.522235,
0.000000 -8.046171 2.522235,
0.000000 -8.044278 2.519979,
0.200787 -8.044278 2.519979,
0.000000 -8.042276 2.517821,
0.200787 -8.042276 2.517821,
0.200787 -8.040168 2.515765,
0.000000 -8.040168 2.515765,
0.000000 -8.037960 2.513816,
0.200787 -8.037960 2.513816,
0.000000 -8.035658 2.511980,
0.200787 -8.035658 2.511980,
0.200787 -8.033267 2.510261,
0.000000 -8.033267 2.510261,
0.000000 -8.030793 2.508664,
0.200787 -8.030793 2.508664,
0.200787 -8.028243 2.507192,
0.000000 -8.028243 2.507192,
0.000000 -8.025623 2.505848,
0.200787 -8.025623 2.505848,
0.000000 -8.022939 2.504637,
0.200787 -8.022939 2.504637,
0.200787 -8.020198 2.503561,
0.000000 -8.020198 2.503561,
0.000000 -8.017407 2.502624,
0.200787 -8.017407 2.502624,
0.000000 -8.014572 2.501826,
0.200787 -8.014572 2.501826,
0.200787 -8.011702 2.501171,
0.000000 -8.011702 2.501171,
0.000000 -8.008802 2.500660,
0.200787 -8.008802 2.500660,
0.200787 -8.005880 2.500293,
0.000000 -8.005880 2.500293,
0.200787 -8.002944 2.500073,
0.000000 -8.002944 2.500073,
0.000000 -8.000000 2.500000,
0.200787 -8.000000 2.500000,
0.200787 -7.997056 2.500073,
0.000000 -7.997056 2.500073,
0.200787 -7.994120 2.500293,
0.000000 -7.994120 2.500293,
0.200787 -7.991198 2.500660,
0.000000 -7.991198 2.500660,
0.200787 -7.988298 2.501171,
0.000000 -7.988298 2.501171,
0.200787 -7.985428 2.501826,
0.000000 -7.985428 2.501826,
0.200787 -7.982593 2.502624,
0.000000 -7.982593 2.502624,
0.200787 -7.979802 2.503561,
0.000000 -7.979802 2.503561,
0.200787 -7.977061 2.504637,
0.000000 -7.977061 2.504637,
0.200787 -7.974377 2.505848,
0.000000 -7.974377 2.505848,
0.200787 -7.971757 2.507192,
0.000000 -7.971757 2.507192,
0.200787 -7.969207 2.508664,
0.000000 -7.969207 2.508664,
0.200787 -7.966733 2.510261,
0.000000 -7.966733 2.510261,
0.200787 -7.964342 2.511980,
0.000000 -7.964342 2.511980,
0.200787 -7.962040 2.513816,
0.000000 -7.962040 2.513816,
0.200787 -7.959832 2.515765,
0.000000 -7.959832 2.515765,
0.200787 -7.957724 2.517821,
0.000000 -7.957724 2.517821,
0.200787 -7.955722 2.519979,
0.000000 -7.955722 2.519979,
0.200787 -7.953829 2.522235,
0.000000 -7.953829 2.522235,
0.200787 -7.952051 2.524582,
0.000000 -7.952051 2.524582,
0.200787 -7.950392 2.527015,
0.000000 -7.950392 2.527015,
0.200787 -7.948857 2.529528,
0.000000 -7.948857 2.529528,
0.200787 -7.947449 2.532114,
0.000000 -7.947449 2.532114,
0.200787 -7.946171 2.534767,
0.000000 -7.946171 2.534767,
0.200787 -7.945027 2.537480,
0.000000 -7.945027 2.537480,
0.200787 -7.944020 2.540247,
0.000000 -7.944020 2.540247,
0.200787 -7.943152 2.543061,
0.000000 -7.943152 2.543061,
0.200787 -7.942426 2.545914,
0.000000 -7.942426 2.545914,
0.200787 -7.941842 2.548800,
0.000000 -7.941842 2.548800,
0.200787 -7.941403 2.551712,
0.000000 -7.941403 2.551712,
0.200787 -7.941110 2.554642,
0.000000 -7.941110 2.554642,
0.200787 -7.940963 2.557583,
0.000000 -7.940963 2.557583,
0.200787 -7.940963 2.560527,
0.000000 -7.940963 2.560527,
0.000000 -7.941110 2.563468,
0.200787 -7.941110 2.563468,
0.200787 -7.941403 2.566398,
0.000000 -7.941403 2.566398,
0.200787 -7.941842 2.569310,
0.000000 -7.941842 2.569310,
0.200787 -7.942426 2.572196,
0.000000 -7.942426 2.572196,
0.200787 -7.943152 2.575050,
0.000000 -7.943152 2.575050,
0.200787 -7.944020 2.577863,
0.000000 -7.944020 2.577863,
0.200787 -7.945027 2.580630,
0.000000 -7.945027 2.580630,
0.200787 -7.946171 2.583344,
0.000000 -7.946171 2.583344,
0.200787 -7.947449 2.585997,
0.000000 -7.947449 2.585997,
0.000000 -7.948857 2.588583,
0.200787 -7.948857 2.588583,
0.200787 -7.950392 2.591095,
0.000000 -7.950392 2.591095,
0.200787 -7.952051 2.593528,
0.000000 -7.952051 2.593528,
0.200787 -7.953829 2.595875,
0.000000 -7.953829 2.595875,
0.000000 -7.955722 2.598131,
0.200787 -7.955722 2.598131,
0.200787 -7.957724 2.600290,
0.000000 -7.957724 2.600290,
0.200787 -7.959832 2.602346,
0.000000 -7.959832 2.602346,
0.000000 -7.962040 2.604294,
0.200787 -7.962040 2.604294,
0.200787 -7.964342 2.606130,
0.000000 -7.964342 2.606130,
0.200787 -7.966733 2.607849,
0.000000 -7.966733 2.607849,
0.200787 -7.969207 2.609446,
0.000000 -7.969207 2.609446,
0.200787 -7.971757 2.610919,
0.000000 -7.971757 2.610919,
0.200787 -7.974377 2.612262,
0.000000 -7.974377 2.612262,
0.200787 -7.977061 2.613473,
0.000000 -7.977061 2.613473,
0.200787 -7.979802 2.614549,
0.000000 -7.979802 2.614549,
0.200787 -7.982593 2.615487,
0.000000 -7.982593 2.615487,
0.000000 -7.985428 2.616284,
0.200787 -7.985428 2.616284,
0.200787 -7.988298 2.616939,
0.000000 -7.988298 2.616939,
0.200787 -7.991198 2.617451,
0.000000 -7.991198 2.617451,
0.200787 -7.994120 2.617817,
0.000000 -7.994120 2.617817,
0.200787 -7.997056 2.618037,
0.000000 -7.997056 2.618037 ] } coordIndex [ 0 1 2 -1,
0 2 3 -1,
4 3 5 -1,
4 0 3 -1,
6 5 7 -1,
6 4 5 -1,
8 7 9 -1,
8 6 7 -1,
10 9 11 -1,
10 8 9 -1,
12 11 13 -1,
12 10 11 -1,
14 13 15 -1,
14 12 13 -1,
16 15 17 -1,
16 14 15 -1,
18 17 19 -1,
18 16 17 -1,
20 19 21 -1,
20 18 19 -1,
22 20 21 -1,
22 21 23 -1,
24 22 23 -1,
24 23 25 -1,
24 25 26 -1,
27 24 26 -1,
28 27 26 -1,
28 26 29 -1,
30 28 29 -1,
30 29 31 -1,
32 30 31 -1,
32 31 33 -1,
34 32 33 -1,
34 33 35 -1,
36 34 35 -1,
36 35 37 -1,
38 36 37 -1,
38 37 39 -1,
40 38 39 -1,
40 39 41 -1,
42 40 41 -1,
42 41 43 -1,
44 42 43 -1,
44 43 45 -1,
46 45 47 -1,
46 44 45 -1,
48 47 49 -1,
48 46 47 -1,
50 49 51 -1,
50 51 52 -1,
50 48 49 -1,
53 50 52 -1,
54 52 55 -1,
54 53 52 -1,
56 55 57 -1,
56 54 55 -1,
58 57 59 -1,
58 59 60 -1,
58 56 57 -1,
61 58 60 -1,
62 60 63 -1,
62 61 60 -1,
64 63 65 -1,
64 65 66 -1,
64 62 63 -1,
67 66 68 -1,
67 64 66 -1,
69 67 68 -1,
70 68 71 -1,
70 71 72 -1,
70 69 68 -1,
73 70 72 -1,
74 73 72 -1,
74 72 75 -1,
76 74 75 -1,
76 75 77 -1,
76 77 78 -1,
79 76 78 -1,
80 79 78 -1,
80 78 81 -1,
80 81 82 -1,
83 80 82 -1,
83 82 84 -1,
85 83 84 -1,
86 85 84 -1,
86 84 87 -1,
86 87 88 -1,
89 86 88 -1,
90 89 88 -1,
90 88 91 -1,
90 91 92 -1,
93 90 92 -1,
93 92 94 -1,
95 93 94 -1,
96 95 94 -1,
96 94 97 -1,
96 97 98 -1,
99 96 98 -1,
99 98 100 -1,
101 99 100 -1,
102 101 100 -1,
102 100 103 -1,
102 103 104 -1,
105 102 104 -1,
106 105 104 -1,
106 104 107 -1,
106 107 108 -1,
109 106 108 -1,
109 108 110 -1,
111 109 110 -1,
112 111 110 -1,
112 110 113 -1,
112 113 114 -1,
115 114 116 -1,
115 112 114 -1,
117 115 116 -1,
118 116 119 -1,
118 119 120 -1,
118 117 116 -1,
121 118 120 -1,
122 120 123 -1,
122 121 120 -1,
124 122 123 -1,
124 123 125 -1,
124 125 126 -1,
127 124 126 -1,
128 127 126 -1,
128 126 129 -1,
130 128 129 -1,
130 129 131 -1,
132 130 131 -1,
132 131 133 -1,
134 132 133 -1,
134 133 135 -1,
136 134 135 -1,
136 135 137 -1,
138 136 137 -1,
138 137 139 -1,
140 138 139 -1,
140 139 141 -1,
142 140 141 -1,
142 141 143 -1,
144 142 143 -1,
144 143 145 -1,
146 144 145 -1,
146 145 147 -1,
148 146 147 -1,
148 147 149 -1,
150 149 151 -1,
150 148 149 -1,
152 151 153 -1,
152 150 151 -1,
154 153 155 -1,
154 152 153 -1,
156 155 157 -1,
156 154 155 -1,
158 157 159 -1,
158 156 157 -1,
160 159 161 -1,
160 158 159 -1,
162 161 163 -1,
162 160 161 -1,
164 163 165 -1,
164 162 163 -1,
166 165 167 -1,
166 164 165 -1,
168 167 169 -1,
168 166 167 -1,
170 169 171 -1,
170 168 169 -1,
172 171 173 -1,
172 170 171 -1,
174 173 175 -1,
174 172 173 -1,
176 174 175 -1,
176 175 177 -1,
178 176 177 -1,
178 177 179 -1,
180 178 179 -1,
180 179 181 -1,
182 180 181 -1,
182 181 183 -1,
184 183 185 -1,
184 182 183 -1,
186 185 187 -1,
186 184 185 -1,
188 187 189 -1,
188 186 187 -1,
190 189 191 -1,
190 191 192 -1,
190 188 189 -1,
193 190 192 -1,
194 192 195 -1,
194 193 192 -1,
196 195 197 -1,
196 194 195 -1,
198 197 199 -1,
198 196 197 -1,
200 199 201 -1,
200 198 199 -1,
202 201 203 -1,
202 200 201 -1,
204 203 205 -1,
204 202 203 -1,
206 205 207 -1,
206 204 205 -1,
208 207 209 -1,
208 209 210 -1,
208 206 207 -1,
211 208 210 -1,
212 210 213 -1,
212 211 210 -1,
214 213 215 -1,
214 212 213 -1,
216 215 217 -1,
216 217 218 -1,
216 214 215 -1,
219 216 218 -1,
220 218 221 -1,
220 219 218 -1,
222 221 223 -1,
222 223 224 -1,
222 220 221 -1,
225 222 224 -1,
226 225 224 -1,
226 224 227 -1,
228 226 227 -1,
228 227 229 -1,
230 228 229 -1,
230 229 231 -1,
232 230 231 -1,
232 231 233 -1,
234 232 233 -1,
234 233 235 -1,
236 234 235 -1,
236 235 237 -1,
238 236 237 -1,
238 237 239 -1,
240 238 239 -1,
240 239 241 -1,
240 241 242 -1,
243 240 242 -1,
244 243 242 -1,
244 242 245 -1,
246 244 245 -1,
246 245 247 -1,
248 246 247 -1,
248 247 249 -1,
250 249 251 -1,
250 248 249 -1,
250 251 2 -1,
1 250 2 -1,
12 8 10 -1,
50 53 54 -1,
44 46 48 -1,
20 14 16 -1,
20 16 18 -1,
40 42 44 -1,
36 38 40 -1,
208 204 206 -1,
28 24 27 -1,
32 1 0 -1,
32 0 4 -1,
32 4 6 -1,
32 6 8 -1,
32 12 14 -1,
32 20 22 -1,
32 22 24 -1,
32 28 30 -1,
32 34 36 -1,
32 48 50 -1,
32 54 56 -1,
32 56 58 -1,
32 58 61 -1,
32 61 62 -1,
32 62 64 -1,
32 64 67 -1,
32 67 69 -1,
32 69 70 -1,
32 70 73 -1,
32 73 74 -1,
32 74 76 -1,
32 76 79 -1,
32 79 80 -1,
32 80 83 -1,
32 83 85 -1,
32 85 86 -1,
32 86 89 -1,
32 89 90 -1,
32 99 101 -1,
32 101 102 -1,
32 102 105 -1,
32 105 106 -1,
32 106 109 -1,
32 109 111 -1,
32 111 112 -1,
32 112 115 -1,
32 115 117 -1,
32 117 118 -1,
32 118 121 -1,
32 121 122 -1,
32 122 124 -1,
32 124 127 -1,
32 127 128 -1,
32 128 130 -1,
32 130 132 -1,
32 132 134 -1,
32 134 136 -1,
32 136 138 -1,
32 138 140 -1,
32 140 142 -1,
32 142 144 -1,
32 144 146 -1,
32 146 148 -1,
32 148 150 -1,
32 150 152 -1,
32 152 154 -1,
32 154 156 -1,
32 156 158 -1,
32 158 160 -1,
32 160 162 -1,
32 162 164 -1,
32 164 166 -1,
32 166 168 -1,
32 168 170 -1,
32 170 172 -1,
32 172 174 -1,
32 174 176 -1,
32 176 178 -1,
32 178 180 -1,
32 180 182 -1,
32 182 184 -1,
32 184 186 -1,
32 186 188 -1,
32 188 190 -1,
32 190 193 -1,
32 193 194 -1,
32 194 196 -1,
32 196 198 -1,
32 198 200 -1,
32 200 202 -1,
32 202 204 -1,
32 208 211 -1,
32 211 212 -1,
32 212 214 -1,
32 214 216 -1,
32 216 219 -1,
32 219 220 -1,
32 220 222 -1,
32 238 240 -1,
32 240 243 -1,
32 243 244 -1,
32 95 99 -1,
32 204 208 -1,
32 90 95 -1,
32 36 40 -1,
32 228 234 -1,
32 222 228 -1,
32 24 28 -1,
32 234 238 -1,
32 244 1 -1,
32 8 12 -1,
32 44 48 -1,
32 50 54 -1,
32 40 44 -1,
32 14 20 -1,
95 96 99 -1,
90 93 95 -1,
228 222 225 -1,
228 225 226 -1,
234 228 230 -1,
234 230 232 -1,
238 234 236 -1,
248 244 246 -1,
1 244 248 -1,
1 248 250 -1,
9 13 11 -1,
52 51 55 -1,
47 45 49 -1,
15 21 17 -1,
17 21 19 -1,
43 41 45 -1,
39 37 41 -1,
205 209 207 -1,
25 29 26 -1,
2 33 3 -1,
3 33 5 -1,
5 33 7 -1,
7 33 9 -1,
13 33 15 -1,
21 33 23 -1,
23 33 25 -1,
29 33 31 -1,
35 33 37 -1,
49 33 51 -1,
55 33 57 -1,
57 33 59 -1,
59 33 60 -1,
60 33 63 -1,
63 33 65 -1,
65 33 66 -1,
66 33 68 -1,
68 33 71 -1,
71 33 72 -1,
72 33 75 -1,
75 33 77 -1,
77 33 78 -1,
78 33 81 -1,
81 33 82 -1,
82 33 84 -1,
84 33 87 -1,
87 33 88 -1,
88 33 91 -1,
98 33 100 -1,
100 33 103 -1,
103 33 104 -1,
104 33 107 -1,
107 33 108 -1,
108 33 110 -1,
110 33 113 -1,
113 33 114 -1,
114 33 116 -1,
116 33 119 -1,
119 33 120 -1,
120 33 123 -1,
123 33 125 -1,
125 33 126 -1,
126 33 129 -1,
129 33 131 -1,
131 33 133 -1,
133 33 135 -1,
135 33 137 -1,
137 33 139 -1,
139 33 141 -1,
141 33 143 -1,
143 33 145 -1,
145 33 147 -1,
147 33 149 -1,
149 33 151 -1,
151 33 153 -1,
153 33 155 -1,
155 33 157 -1,
157 33 159 -1,
159 33 161 -1,
161 33 163 -1,
163 33 165 -1,
165 33 167 -1,
167 33 169 -1,
169 33 171 -1,
171 33 173 -1,
173 33 175 -1,
175 33 177 -1,
177 33 179 -1,
179 33 181 -1,
181 33 183 -1,
183 33 185 -1,
185 33 187 -1,
187 33 189 -1,
189 33 191 -1,
191 33 192 -1,
192 33 195 -1,
195 33 197 -1,
197 33 199 -1,
199 33 201 -1,
201 33 203 -1,
203 33 205 -1,
209 33 210 -1,
210 33 213 -1,
213 33 215 -1,
215 33 217 -1,
217 33 218 -1,
218 33 221 -1,
221 33 223 -1,
239 33 241 -1,
241 33 242 -1,
242 33 245 -1,
94 33 98 -1,
205 33 209 -1,
91 33 94 -1,
37 33 41 -1,
229 33 235 -1,
223 33 229 -1,
25 33 29 -1,
235 33 239 -1,
245 33 2 -1,
9 33 13 -1,
45 33 49 -1,
51 33 55 -1,
41 33 45 -1,
15 33 21 -1,
97 94 98 -1,
92 91 94 -1,
223 229 224 -1,
224 229 227 -1,
229 235 231 -1,
231 235 233 -1,
235 239 237 -1,
245 249 247 -1,
245 2 249 -1,
249 2 251 -1 ] } }
Shape { appearance Appearance { material Material { diffuseColor 0.7 0.72 0.74 } } geometry IndexedFaceSet { solid FALSE coord Coordinate { point [ -0.098425 -9.059055 -0.984252,
-0.098425 -9.059055 0.000000,
-0.098425 -8.940945 -0.984252,
-0.098425 -8.940945 0.000000,
0.098425 -9.059055 0.000000,
0.098425 -9.059055 -0.984252,
0.098425 -8.940945 -0.984252,
0.098425 -8.940945 0.000000 ] } coordIndex [ 0 1 2 -1,
2 1 3 -1,
4 5 6 -1,
4 6 7 -1,
5 4 0 -1,
0 4 1 -1,
7 6 2 -1,
7 2 3 -1,
2 6 0 -1,
0 6 5 -1,
7 3 1 -1,
7 1 4 -1 ] } }
Shape { appearance Appearance { material Material { diffuseColor 0.7 0.72 0.74 } } geometry IndexedFaceSet { solid FALSE coord Coordinate { point [ -0.098425 -9.059055 1.181102,
-0.098425 -9.059055 2.559055,
-0.098425 -8.940945 1.181102,
-0.098425 -8.940945 2.559055,
0.098425 -9.059055 2.559055,
0.098425 -9.059055 1.181102,
0.098425 -8.940945 1.181102,
0.098425 -8.940945 2.559055 ] } coordIndex [ 0 1 2 -1,
2 1 3 -1,
4 5 6 -1,
4 6 7 -1,
5 4 0 -1,
0 4 1 -1,
7 6 2 -1,
7 2 3 -1,
2 6 0 -1,
0 6 5 -1,
7 3 1 -1,
7 1 4 -1 ] } }
Shape { appearance Appearance { material Material { diffuseColor 0.7 0.72 0.74 } } geometry IndexedFaceSet { solid FALSE coord Coordinate { point [ 0.200787 -9.002944 2.618037,
0.200787 -9.000000 2.618110,
0.000000 -9.000000 2.618110,
0.000000 -9.002944 2.618037,
0.200787 -9.005880 2.617817,
0.000000 -9.005880 2.617817,
0.200787 -9.008802 2.617451,
0.000000 -9.008802 2.617451,
0.200787 -9.011702 2.616939,
0.000000 -9.011702 2.616939,
0.200787 -9.014572 2.616284,
0.000000 -9.014572 2.616284,
0.200787 -9.017407 2.615487,
0.000000 -9.017407 2.615487,
0.200787 -9.020198 2.614549,
0.000000 -9.020198 2.614549,
0.200787 -9.022939 2.613473,
0.000000 -9.022939 2.613473,
0.200787 -9.025623 2.612262,
0.000000 -9.025623 2.612262,
0.200787 -9.028243 2.610919,
0.000000 -9.028243 2.610919,
0.200787 -9.030793 2.609446,
0.000000 -9.030793 2.609446,
0.200787 -9.033267 2.607849,
0.000000 -9.033267 2.607849,
0.000000 -9.035658 2.606130,
0.200787 -9.035658 2.606130,
0.200787 -9.037960 2.604294,
0.000000 -9.037960 2.604294,
0.200787 -9.040168 2.602346,
0.000000 -9.040168 2.602346,
0.200787 -9.042276 2.600290,
0.000000 -9.042276 2.600290,
0.200787 -9.044278 2.598131,
0.000000 -9.044278 2.598131,
0.200787 -9.046171 2.595875,
0.000000 -9.046171 2.595875,
0.200787 -9.047949 2.593528,
0.000000 -9.047949 2.593528,
0.200787 -9.049608 2.591095,
0.000000 -9.049608 2.591095,
0.200787 -9.051143 2.588583,
0.000000 -9.051143 2.588583,
0.200787 -9.052551 2.585997,
0.000000 -9.052551 2.585997,
0.200787 -9.053829 2.583344,
0.000000 -9.053829 2.583344,
0.200787 -9.054973 2.580630,
0.000000 -9.054973 2.580630,
0.200787 -9.055980 2.577863,
0.000000 -9.055980 2.577863,
0.000000 -9.056848 2.575050,
0.200787 -9.056848 2.575050,
0.200787 -9.057574 2.572196,
0.000000 -9.057574 2.572196,
0.200787 -9.058158 2.569310,
0.000000 -9.058158 2.569310,
0.200787 -9.058597 2.566398,
0.000000 -9.058597 2.566398,
0.000000 -9.058890 2.563468,
0.200787 -9.058890 2.563468,
0.200787 -9.059037 2.560527,
0.000000 -9.059037 2.560527,
0.200787 -9.059037 2.557583,
0.000000 -9.059037 2.557583,
0.000000 -9.058890 2.554642,
0.200787 -9.058890 2.554642,
0.000000 -9.058597 2.551712,
0.200787 -9.058597 2.551712,
0.200787 -9.058158 2.548800,
0.000000 -9.058158 2.548800,
0.000000 -9.057574 2.545914,
0.200787 -9.057574 2.545914,
0.200787 -9.056848 2.543061,
0.000000 -9.056848 2.543061,
0.200787 -9.055980 2.540247,
0.000000 -9.055980 2.540247,
0.000000 -9.054973 2.537480,
0.200787 -9.054973 2.537480,
0.200787 -9.053829 2.534767,
0.000000 -9.053829 2.534767,
0.000000 -9.052551 2.532114,
0.200787 -9.052551 2.532114,
0.000000 -9.051143 2.529528,
0.200787 -9.051143 2.529528,
0.200787 -9.049608 2.527015,
0.000000 -9.049608 2.527015,
0.000000 -9.047949 2.524582,
0.200787 -9.047949 2.524582,
0.200787 -9.046171 2.522235,
0.000000 -9.046171 2.522235,
0.000000 -9.044278 2.519979,
0.200787 -9.044278 2.519979,
0.000000 -9.042276 2.517821,
0.200787 -9.042276 2.517821,
0.200787 -9.040168 2.515765,
0.000000 -9.040168 2.515765,
0.000000 -9.037960 2.513816,
0.200787 -9.037960 2.513816,
0.000000 -9.035658 2.511980,
0.200787 -9.035658 2.511980,
0.200787 -9.033267 2.510261,
0.000000 -9.033267 2.510261,
0.000000 -9.030793 2.508664,
0.200787 -9.030793 2.508664,
0.200787 -9.028243 2.507192,
0.000000 -9.028243 2.507192,
0.000000 -9.025623 2.505848,
0.200787 -9.025623 2.505848,
0.000000 -9.022939 2.504637,
0.200787 -9.022939 2.504637,
0.200787 -9.020198 2.503561,
0.000000 -9.020198 2.503561,
0.000000 -9.017407 2.502624,
0.200787 -9.017407 2.502624,
0.000000 -9.014572 2.501826,
0.200787 -9.014572 2.501826,
0.200787 -9.011702 2.501171,
0.000000 -9.011702 2.501171,
0.000000 -9.008802 2.500660,
0.200787 -9.008802 2.500660,
0.200787 -9.005880 2.500293,
0.000000 -9.005880 2.500293,
0.200787 -9.002944 2.500073,
0.000000 -9.002944 2.500073,
0.000000 -9.000000 2.500000,
0.200787 -9.000000 2.500000,
0.200787 -8.997056 2.500073,
0.000000 -8.997056 2.500073,
0.200787 -8.994120 2.500293,
0.000000 -8.994120 2.500293,
0.200787 -8.991198 2.500660,
0.000000 -8.991198 2.500660,
0.200787 -8.988298 2.501171,
0.000000 -8.988298 2.501171,
0.200787 -8.985428 2.501826,
0.000000 -8.985428 2.501826,
0.200787 -8.982593 2.502624,
0.000000 -8.982593 2.502624,
0.200787 -8.979802 2.503561,
0.000000 -8.979802 2.503561,
0.200787 -8.977061 2.504637,
0.000000 -8.977061 2.504637,
0.200787 -8.974377 2.505848,
0.000000 -8.974377 2.505848,
0.200787 -8.971757 2.507192,
0.000000 -8.971757 2.507192,
0.200787 -8.969207 2.508664,
0.000000 -8.969207 2.508664,
0.200787 -8.966733 2.510261,
0.000000 -8.966733 2.510261,
0.200787 -8.964342 2.511980,
0.000000 -8.964342 2.511980,
0.200787 -8.962040 2.513816,
0.000000 -8.962040 2.513816,
0.200787 -8.959832 2.515765,
0.000000 -8.959832 2.515765,
0.200787 -8.957724 2.517821,
0.000000 -8.957724 2.517821,
0.200787 -8.955722 2.519979,
0.000000 -8.955722 2.519979,
0.200787 -8.953829 2.522235,
0.000000 -8.953829 2.522235,
0.200787 -8.952051 2.524582,
0.000000 -8.952051 2.524582,
0.200787 -8.950392 2.527015,
0.000000 -8.950392 2.527015,
0.200787 -8.948857 2.529528,
0.000000 -8.948857 2.529528,
0.200787 -8.947449 2.532114,
0.000000 -8.947449 2.532114,
0.200787 -8.946171 2.534767,
0.000000 -8.946171 2.534767,
0.200787 -8.945027 2.537480,
0.000000 -8.945027 2.537480,
0.200787 -8.944020 2.540247,
0.000000 -8.944020 2.540247,
0.200787 -8.943152 2.543061,
0.000000 -8.943152 2.543061,
0.200787 -8.942426 2.545914,
0.000000 -8.942426 2.545914,
0.200787 -8.941842 2.548800,
0.000000 -8.941842 2.548800,
0.200787 -8.941403 2.551712,
0.000000 -8.941403 2.551712,
0.200787 -8.941110 2.554642,
0.000000 -8.941110 2.554642,
0.200787 -8.940963 2.557583,
0.000000 -8.940963 2.557583,
0.200787 -8.940963 2.560527,
0.000000 -8.940963 2.560527,
0.000000 -8.941110 2.563468,
0.200787 -8.941110 2.563468,
0.200787 -8.941403 2.566398,
0.000000 -8.941403 2.566398,
0.200787 -8.941842 2.569310,
0.000000 -8.941842 2.569310,
0.200787 -8.942426 2.572196,
0.000000 -8.942426 2.572196,
0.200787 -8.943152 2.575050,
0.000000 -8.943152 2.575050,
0.200787 -8.944020 2.577863,
0.000000 -8.944020 2.577863,
0.200787 -8.945027 2.580630,
0.000000 -8.945027 2.580630,
0.200787 -8.946171 2.583344,
0.000000 -8.946171 2.583344,
0.200787 -8.947449 2.585997,
0.000000 -8.947449 2.585997,
0.000000 -8.948857 2.588583,
0.200787 -8.948857 2.588583,
0.200787 -8.950392 2.591095,
0.000000 -8.950392 2.591095,
0.200787 -8.952051 2.593528,
0.000000 -8.952051 2.593528,
0.200787 -8.953829 2.595875,
0.000000 -8.953829 2.595875,
0.000000 -8.955722 2.598131,
0.200787 -8.955722 2.598131,
0.200787 -8.957724 2.600290,
0.000000 -8.957724 2.600290,
0.200787 -8.959832 2.602346,
0.000000 -8.959832 2.602346,
0.000000 -8.962040 2.604294,
0.200787 -8.962040 2.604294,
0.200787 -8.964342 2.606130,
0.000000 -8.964342 2.606130,
0.200787 -8.966733 2.607849,
0.000000 -8.966733 2.607849,
0.200787 -8.969207 2.609446,
0.000000 -8.969207 2.609446,
0.200787 -8.971757 2.610919,
0.000000 -8.971757 2.610919,
0.200787 -8.974377 2.612262,
0.000000 -8.974377 2.612262,
0.200787 -8.977061 2.613473,
0.000000 -8.977061 2.613473,
0.200787 -8.979802 2.614549,
0.000000 -8.979802 2.614549,
0.200787 -8.982593 2.615487,
0.000000 -8.982593 2.615487,
0.000000 -8.985428 2.616284,
0.200787 -8.985428 2.616284,
0.200787 -8.988298 2.616939,
0.000000 -8.988298 2.616939,
0.200787 -8.991198 2.617451,
0.000000 -8.991198 2.617451,
0.200787 -8.994120 2.617817,
0.000000 -8.994120 2.617817,
0.200787 -8.997056 2.618037,
0.000000 -8.997056 2.618037 ] } coordIndex [ 0 1 2 -1,
0 2 3 -1,
4 3 5 -1,
4 0 3 -1,
6 5 7 -1,
6 4 5 -1,
8 7 9 -1,
8 6 7 -1,
10 9 11 -1,
10 8 9 -1,
12 11 13 -1,
12 10 11 -1,
14 13 15 -1,
14 12 13 -1,
16 15 17 -1,
16 14 15 -1,
18 17 19 -1,
18 16 17 -1,
20 19 21 -1,
20 18 19 -1,
22 20 21 -1,
22 21 23 -1,
24 22 23 -1,
24 23 25 -1,
24 25 26 -1,
27 24 26 -1,
28 27 26 -1,
28 26 29 -1,
30 28 29 -1,
30 29 31 -1,
32 30 31 -1,
32 31 33 -1,
34 32 33 -1,
34 33 35 -1,
36 34 35 -1,
36 35 37 -1,
38 36 37 -1,
38 37 39 -1,
40 38 39 -1,
40 39 41 -1,
42 40 41 -1,
42 41 43 -1,
44 42 43 -1,
44 43 45 -1,
46 45 47 -1,
46 44 45 -1,
48 47 49 -1,
48 46 47 -1,
50 49 51 -1,
50 51 52 -1,
50 48 49 -1,
53 50 52 -1,
54 52 55 -1,
54 53 52 -1,
56 55 57 -1,
56 54 55 -1,
58 57 59 -1,
58 59 60 -1,
58 56 57 -1,
61 58 60 -1,
62 60 63 -1,
62 61 60 -1,
64 63 65 -1,
64 65 66 -1,
64 62 63 -1,
67 66 68 -1,
67 64 66 -1,
69 67 68 -1,
70 68 71 -1,
70 71 72 -1,
70 69 68 -1,
73 70 72 -1,
74 73 72 -1,
74 72 75 -1,
76 74 75 -1,
76 75 77 -1,
76 77 78 -1,
79 76 78 -1,
80 79 78 -1,
80 78 81 -1,
80 81 82 -1,
83 80 82 -1,
83 82 84 -1,
85 83 84 -1,
86 85 84 -1,
86 84 87 -1,
86 87 88 -1,
89 86 88 -1,
90 89 88 -1,
90 88 91 -1,
90 91 92 -1,
93 90 92 -1,
93 92 94 -1,
95 93 94 -1,
96 95 94 -1,
96 94 97 -1,
96 97 98 -1,
99 96 98 -1,
99 98 100 -1,
101 99 100 -1,
102 101 100 -1,
102 100 103 -1,
102 103 104 -1,
105 102 104 -1,
106 105 104 -1,
106 104 107 -1,
106 107 108 -1,
109 106 108 -1,
109 108 110 -1,
111 109 110 -1,
112 111 110 -1,
112 110 113 -1,
112 113 114 -1,
115 114 116 -1,
115 112 114 -1,
117 115 116 -1,
118 116 119 -1,
118 119 120 -1,
118 117 116 -1,
121 118 120 -1,
122 120 123 -1,
122 121 120 -1,
124 122 123 -1,
124 123 125 -1,
124 125 126 -1,
127 124 126 -1,
128 127 126 -1,
128 126 129 -1,
130 128 129 -1,
130 129 131 -1,
132 130 131 -1,
132 131 133 -1,
134 132 133 -1,
134 133 135 -1,
136 134 135 -1,
136 135 137 -1,
138 136 137 -1,
138 137 139 -1,
140 138 139 -1,
140 139 141 -1,
142 140 141 -1,
142 141 143 -1,
144 142 143 -1,
144 143 145 -1,
146 144 145 -1,
146 145 147 -1,
148 146 147 -1,
148 147 149 -1,
150 149 151 -1,
150 148 149 -1,
152 151 153 -1,
152 150 151 -1,
154 153 155 -1,
154 152 153 -1,
156 155 157 -1,
156 154 155 -1,
158 157 159 -1,
158 156 157 -1,
160 159 161 -1,
160 158 159 -1,
162 161 163 -1,
162 160 161 -1,
164 163 165 -1,
164 162 163 -1,
166 165 167 -1,
166 164 165 -1,
168 167 169 -1,
168 166 167 -1,
170 169 171 -1,
170 168 169 -1,
172 171 173 -1,
172 170 171 -1,
174 173 175 -1,
174 172 173 -1,
176 174 175 -1,
176 175 177 -1,
178 176 177 -1,
178 177 179 -1,
180 178 179 -1,
180 179 181 -1,
182 180 181 -1,
182 181 183 -1,
184 183 185 -1,
184 182 183 -1,
186 185 187 -1,
186 184 185 -1,
188 187 189 -1,
188 186 187 -1,
190 189 191 -1,
190 191 192 -1,
190 188 189 -1,
193 190 192 -1,
194 192 195 -1,
194 193 192 -1,
196 195 197 -1,
196 194 195 -1,
198 197 199 -1,
198 196 197 -1,
200 199 201 -1,
200 198 199 -1,
202 201 203 -1,
202 200 201 -1,
204 203 205 -1,
204 202 203 -1,
206 205 207 -1,
206 204 205 -1,
208 207 209 -1,
208 209 210 -1,
208 206 207 -1,
211 208 210 -1,
212 210 213 -1,
212 211 210 -1,
214 213 215 -1,
214 212 213 -1,
216 215 217 -1,
216 217 218 -1,
216 214 215 -1,
219 216 218 -1,
220 218 221 -1,
220 219 218 -1,
222 221 223 -1,
222 223 224 -1,
222 220 221 -1,
225 222 224 -1,
226 225 224 -1,
226 224 227 -1,
228 226 227 -1,
228 227 229 -1,
230 228 229 -1,
230 229 231 -1,
232 230 231 -1,
232 231 233 -1,
234 232 233 -1,
234 233 235 -1,
236 234 235 -1,
236 235 237 -1,
238 236 237 -1,
238 237 239 -1,
240 238 239 -1,
240 239 241 -1,
240 241 242 -1,
243 240 242 -1,
244 243 242 -1,
244 242 245 -1,
246 244 245 -1,
246 245 247 -1,
248 246 247 -1,
248 247 249 -1,
250 249 251 -1,
250 248 249 -1,
250 251 2 -1,
1 250 2 -1,
12 8 10 -1,
50 53 54 -1,
44 46 48 -1,
20 14 16 -1,
20 16 18 -1,
40 42 44 -1,
36 38 40 -1,
208 204 206 -1,
28 24 27 -1,
32 1 0 -1,
32 0 4 -1,
32 4 6 -1,
32 6 8 -1,
32 12 14 -1,
32 20 22 -1,
32 22 24 -1,
32 28 30 -1,
32 34 36 -1,
32 48 50 -1,
32 54 56 -1,
32 56 58 -1,
32 58 61 -1,
32 61 62 -1,
32 62 64 -1,
32 64 67 -1,
32 67 69 -1,
32 69 70 -1,
32 70 73 -1,
32 73 74 -1,
32 74 76 -1,
32 76 79 -1,
32 79 80 -1,
32 80 83 -1,
32 83 85 -1,
32 85 86 -1,
32 86 89 -1,
32 89 90 -1,
32 99 101 -1,
32 101 102 -1,
32 102 105 -1,
32 105 106 -1,
32 106 109 -1,
32 109 111 -1,
32 111 112 -1,
32 112 115 -1,
32 115 117 -1,
32 117 118 -1,
32 118 121 -1,
32 121 122 -1,
32 122 124 -1,
32 124 127 -1,
32 127 128 -1,
32 128 130 -1,
32 130 132 -1,
32 132 134 -1,
32 134 136 -1,
32 136 138 -1,
32 138 140 -1,
32 140 142 -1,
32 142 144 -1,
32 144 146 -1,
32 146 148 -1,
32 148 150 -1,
32 150 152 -1,
32 152 154 -1,
32 154 156 -1,
32 156 158 -1,
32 158 160 -1,
32 160 162 -1,
32 162 164 -1,
32 164 166 -1,
32 166 168 -1,
32 168 170 -1,
32 170 172 -1,
32 172 174 -1,
32 174 176 -1,
32 176 178 -1,
32 178 180 -1,
32 180 182 -1,
32 182 184 -1,
32 184 186 -1,
32 186 188 -1,
32 188 190 -1,
32 190 193 -1,
32 193 194 -1,
32 194 196 -1,
32 196 198 -1,
32 198 200 -1,
32 200 202 -1,
32 202 204 -1,
32 208 211 -1,
32 211 212 -1,
32 212 214 -1,
32 214 216 -1,
32 216 219 -1,
32 219 220 -1,
32 220 222 -1,
32 238 240 -1,
32 240 243 -1,
32 243 244 -1,
32 95 99 -1,
32 204 208 -1,
32 90 95 -1,
32 36 40 -1,
32 228 234 -1,
32 222 228 -1,
32 24 28 -1,
32 234 238 -1,
32 244 1 -1,
32 8 12 -1,
32 44 48 -1,
32 50 54 -1,
32 40 44 -1,
32 14 20 -1,
95 96 99 -1,
90 93 95 -1,
228 222 225 -1,
228 225 226 -1,
234 228 230 -1,
234 230 232 -1,
238 234 236 -1,
248 244 246 -1,
1 244 248 -1,
1 248 250 -1,
9 13 11 -1,
52 51 55 -1,
47 45 49 -1,
15 21 17 -1,
17 21 19 -1,
43 41 45 -1,
39 37 41 -1,
205 209 207 -1,
25 29 26 -1,
2 33 3 -1,
3 33 5 -1,
5 33 7 -1,
7 33 9 -1,
13 33 15 -1,
21 33 23 -1,
23 33 25 -1,
29 33 31 -1,
35 33 37 -1,
49 33 51 -1,
55 33 57 -1,
57 33 59 -1,
59 33 60 -1,
60 33 63 -1,
63 33 65 -1,
65 33 66 -1,
66 33 68 -1,
68 33 71 -1,
71 33 72 -1,
72 33 75 -1,
75 33 77 -1,
77 33 78 -1,
78 33 81 -1,
81 33 82 -1,
82 33 84 -1,
84 33 87 -1,
87 33 88 -1,
88 33 91 -1,
98 33 100 -1,
100 33 103 -1,
103 33 104 -1,
104 33 107 -1,
107 33 108 -1,
108 33 110 -1,
110 33 113 -1,
113 33 114 -1,
114 33 116 -1,
116 33 119 -1,
119 33 120 -1,
120 33 123 -1,
123 33 125 -1,
125 33 126 -1,
126 33 129 -1,
129 33 131 -1,
131 33 133 -1,
133 33 135 -1,
135 33 137 -1,
137 33 139 -1,
139 33 141 -1,
141 33 143 -1,
143 33 145 -1,
145 33 147 -1,
147 33 149 -1,
149 33 151 -1,
151 33 153 -1,
153 33 155 -1,
155 33 157 -1,
157 33 159 -1,
159 33 161 -1,
161 33 163 -1,
163 33 165 -1,
165 33 167 -1,
167 33 169 -1,
169 33 171 -1,
171 33 173 -1,
173 33 175 -1,
175 33 177 -1,
177 33 179 -1,
179 33 181 -1,
181 33 183 -1,
183 33 185 -1,
185 33 187 -1,
187 33 189 -1,
189 33 191 -1,
191 33 192 -1,
192 33 195 -1,
195 33 197 -1,
197 33 199 -1,
199 33 201 -1,
201 33 203 -1,
203 33 205 -1,
209 33 210 -1,
210 33 213 -1,
213 33 215 -1,
215 33 217 -1,
217 33 218 -1,
218 33 221 -1,
221 33 223 -1,
239 33 241 -1,
241 33 242 -1,
242 33 245 -1,
94 33 98 -1,
205 33 209 -1,
91 33 94 -1,
37 33 41 -1,
229 33 235 -1,
223 33 229 -1,
25 33 29 -1,
235 33 239 -1,
245 33 2 -1,
9 33 13 -1,
45 33 49 -1,
51 33 55 -1,
41 33 45 -1,
15 33 21 -1,
97 94 98 -1,
92 91 94 -1,
223 229 224 -1,
224 229 227 -1,
229 235 231 -1,
231 235 233 -1,
235 239 237 -1,
245 249 247 -1,
245 2 249 -1,
249 2 251 -1 ] } }
Shape { appearance Appearance { material Material { diffuseColor 0.7 0.72 0.74 } } geometry IndexedFaceSet { solid FALSE coord Coordinate { point [ -0.098425 -10.059055 -0.984252,
-0.098425 -10.059055 0.000000,
-0.098425 -9.940945 -0.984252,
-0.098425 -9.940945 0.000000,
0.098425 -10.059055 0.000000,
0.098425 -10.059055 -0.984252,
0.098425 -9.940945 -0.984252,
0.098425 -9.940945 0.000000 ] } coordIndex [ 0 1 2 -1,
2 1 3 -1,
4 5 6 -1,
4 6 7 -1,
5 4 0 -1,
0 4 1 -1,
7 6 2 -1,
7 2 3 -1,
2 6 0 -1,
0 6 5 -1,
7 3 1 -1,
7 1 4 -1 ] } }
Shape { appearance Appearance { material Material { diffuseColor 0.7 0.72 0.74 } } geometry IndexedFaceSet { solid FALSE coord Coordinate { point [ -0.098425 -10.059055 1.181102,
-0.098425 -10.059055 2.559055,
-0.098425 -9.940945 1.181102,
-0.098425 -9.940945 2.559055,
0.098425 -10.059055 2.559055,
0.098425 -10.059055 1.181102,
0.098425 -9.940945 1.181102,
0.098425 -9.940945 2.559055 ] } coordIndex [ 0 1 2 -1,
2 1 3 -1,
4 5 6 -1,
4 6 7 -1,
5 4 0 -1,
0 4 1 -1,
7 6 2 -1,
7 2 3 -1,
2 6 0 -1,
0 6 5 -1,
7 3 1 -1,
7 1 4 -1 ] } }
Shape { appearance Appearance { material Material { diffuseColor 0.7 0.72 0.74 } } geometry IndexedFaceSet { solid FALSE coord Coordinate { point [ 0.200787 -10.002944 2.618037,
0.200787 -10.000000 2.618110,
0.000000 -10.000000 2.618110,
0.000000 -10.002944 2.618037,
0.200787 -10.005880 2.617817,
0.000000 -10.005880 2.617817,
0.200787 -10.008802 2.617451,
0.000000 -10.008802 2.617451,
0.200787 -10.011702 2.616939,
0.000000 -10.011702 2.616939,
0.200787 -10.014572 2.616284,
0.000000 -10.014572 2.616284,
0.200787 -10.017407 2.615487,
0.000000 -10.017407 2.615487,
0.200787 -10.020198 2.614549,
0.000000 -10.020198 2.614549,
0.200787 -10.022939 2.613473,
0.000000 -10.022939 2.613473,
0.200787 -10.025623 2.612262,
0.000000 -10.025623 2.612262,
0.200787 -10.028243 2.610919,
0.000000 -10.028243 2.610919,
0.200787 -10.030793 2.609446,
0.000000 -10.030793 2.609446,
0.200787 -10.033267 2.607849,
0.000000 -10.033267 2.607849,
0.000000 -10.035658 2.606130,
0.200787 -10.035658 2.606130,
0.200787 -10.037960 2.604294,
0.000000 -10.037960 2.604294,
0.200787 -10.040168 2.602346,
0.000000 -10.040168 2.602346,
0.200787 -10.042276 2.600290,
0.000000 -10.042276 2.600290,
0.200787 -10.044278 2.598131,
0.000000 -10.044278 2.598131,
0.200787 -10.046171 2.595875,
0.000000 -10.046171 2.595875,
0.200787 -10.047949 2.593528,
0.000000 -10.047949 2.593528,
0.200787 -10.049608 2.591095,
0.000000 -10.049608 2.591095,
0.200787 -10.051143 2.588583,
0.000000 -10.051143 2.588583,
0.200787 -10.052551 2.585997,
0.000000 -10.052551 2.585997,
0.200787 -10.053829 2.583344,
0.000000 -10.053829 2.583344,
0.200787 -10.054973 2.580630,
0.000000 -10.054973 2.580630,
0.200787 -10.055980 2.577863,
0.000000 -10.055980 2.577863,
0.000000 -10.056848 2.575050,
0.200787 -10.056848 2.575050,
0.200787 -10.057574 2.572196,
0.000000 -10.057574 2.572196,
0.200787 -10.058158 2.569310,
0.000000 -10.058158 2.569310,
0.200787 -10.058597 2.566398,
0.000000 -10.058597 2.566398,
0.000000 -10.058890 2.563468,
0.200787 -10.058890 2.563468,
0.200787 -10.059037 2.560527,
0.000000 -10.059037 2.560527,
0.200787 -10.059037 2.557583,
0.000000 -10.059037 2.557583,
0.000000 -10.058890 2.554642,
0.200787 -10.058890 2.554642,
0.000000 -10.058597 2.551712,
0.200787 -10.058597 2.551712,
0.200787 -10.058158 2.548800,
0.000000 -10.058158 2.548800,
0.000000 -10.057574 2.545914,
0.200787 -10.057574 2.545914,
0.200787 -10.056848 2.543061,
0.000000 -10.056848 2.543061,
0.200787 -10.055980 2.540247,
0.000000 -10.055980 2.540247,
0.000000 -10.054973 2.537480,
0.200787 -10.054973 2.537480,
0.200787 -10.053829 2.534767,
0.000000 -10.053829 2.534767,
0.000000 -10.052551 2.532114,
0.200787 -10.052551 2.532114,
0.000000 -10.051143 2.529528,
0.200787 -10.051143 2.529528,
0.200787 -10.049608 2.527015,
0.000000 -10.049608 2.527015,
0.000000 -10.047949 2.524582,
0.200787 -10.047949 2.524582,
0.200787 -10.046171 2.522235,
0.000000 -10.046171 2.522235,
0.000000 -10.044278 2.519979,
0.200787 -10.044278 2.519979,
0.000000 -10.042276 2.517821,
0.200787 -10.042276 2.517821,
0.200787 -10.040168 2.515765,
0.000000 -10.040168 2.515765,
0.000000 -10.037960 2.513816,
0.200787 -10.037960 2.513816,
0.000000 -10.035658 2.511980,
0.200787 -10.035658 2.511980,
0.200787 -10.033267 2.510261,
0.000000 -10.033267 2.510261,
0.000000 -10.030793 2.508664,
0.200787 -10.030793 2.508664,
0.200787 -10.028243 2.507192,
0.000000 -10.028243 2.507192,
0.000000 -10.025623 2.505848,
0.200787 -10.025623 2.505848,
0.000000 -10.022939 2.504637,
0.200787 -10.022939 2.504637,
0.200787 -10.020198 2.503561,
0.000000 -10.020198 2.503561,
0.000000 -10.017407 2.502624,
0.200787 -10.017407 2.502624,
0.000000 -10.014572 2.501826,
0.200787 -10.014572 2.501826,
0.200787 -10.011702 2.501171,
0.000000 -10.011702 2.501171,
0.000000 -10.008802 2.500660,
0.200787 -10.008802 2.500660,
0.200787 -10.005880 2.500293,
0.000000 -10.005880 2.500293,
0.200787 -10.002944 2.500073,
0.000000 -10.002944 2.500073,
0.000000 -10.000000 2.500000,
0.200787 -10.000000 2.500000,
0.200787 -9.997056 2.500073,
0.000000 -9.997056 2.500073,
0.200787 -9.994120 2.500293,
0.000000 -9.994120 2.500293,
0.200787 -9.991198 2.500660,
0.000000 -9.991198 2.500660,
0.200787 -9.988298 2.501171,
0.000000 -9.988298 2.501171,
0.200787 -9.985428 2.501826,
0.000000 -9.985428 2.501826,
0.200787 -9.982593 2.502624,
0.000000 -9.982593 2.502624,
0.200787 -9.979802 2.503561,
0.000000 -9.979802 2.503561,
0.200787 -9.977061 2.504637,
0.000000 -9.977061 2.504637,
0.200787 -9.974377 2.505848,
0.000000 -9.974377 2.505848,
0.200787 -9.971757 2.507192,
0.000000 -9.971757 2.507192,
0.200787 -9.969207 2.508664,
0.000000 -9.969207 2.508664,
0.200787 -9.966733 2.510261,
0.000000 -9.966733 2.510261,
0.200787 -9.964342 2.511980,
0.000000 -9.964342 2.511980,
0.200787 -9.962040 2.513816,
0.000000 -9.962040 2.513816,
0.200787 -9.959832 2.515765,
0.000000 -9.959832 2.515765,
0.200787 -9.957724 2.517821,
0.000000 -9.957724 2.517821,
0.200787 -9.955722 2.519979,
0.000000 -9.955722 2.519979,
0.200787 -9.953829 2.522235,
0.000000 -9.953829 2.522235,
0.200787 -9.952051 2.524582,
0.000000 -9.952051 2.524582,
0.200787 -9.950392 2.527015,
0.000000 -9.950392 2.527015,
0.200787 -9.948857 2.529528,
0.000000 -9.948857 2.529528,
0.200787 -9.947449 2.532114,
0.000000 -9.947449 2.532114,
0.200787 -9.946171 2.534767,
0.000000 -9.946171 2.534767,
0.200787 -9.945027 2.537480,
0.000000 -9.945027 2.537480,
0.200787 -9.944020 2.540247,
0.000000 -9.944020 2.540247,
0.200787 -9.943152 2.543061,
0.000000 -9.943152 2.543061,
0.200787 -9.942426 2.545914,
0.000000 -9.942426 2.545914,
0.200787 -9.941842 2.548800,
0.000000 -9.941842 2.548800,
0.200787 -9.941403 2.551712,
0.000000 -9.941403 2.551712,
0.200787 -9.941110 2.554642,
0.000000 -9.941110 2.554642,
0.200787 -9.940963 2.557583,
0.000000 -9.940963 2.557583,
0.200787 -9.940963 2.560527,
0.000000 -9.940963 2.560527,
0.000000 -9.941110 2.563468,
0.200787 -9.941110 2.563468,
0.200787 -9.941403 2.566398,
0.000000 -9.941403 2.566398,
0.200787 -9.941842 2.569310,
0.000000 -9.941842 2.569310,
0.200787 -9.942426 2.572196,
0.000000 -9.942426 2.572196,
0.200787 -9.943152 2.575050,
0.000000 -9.943152 2.575050,
0.200787 -9.944020 2.577863,
0.000000 -9.944020 2.577863,
0.200787 -9.945027 2.580630,
0.000000 -9.945027 2.580630,
0.200787 -9.946171 2.583344,
0.000000 -9.946171 2.583344,
0.200787 -9.947449 2.585997,
0.000000 -9.947449 2.585997,
0.000000 -9.948857 2.588583,
0.200787 -9.948857 2.588583,
0.200787 -9.950392 2.591095,
0.000000 -9.950392 2.591095,
0.200787 -9.952051 2.593528,
0.000000 -9.952051 2.593528,
0.200787 -9.953829 2.595875,
0.000000 -9.953829 2.595875,
0.000000 -9.955722 2.598131,
0.200787 -9.955722 2.598131,
0.200787 -9.957724 2.600290,
0.000000 -9.957724 2.600290,
0.200787 -9.959832 2.602346,
0.000000 -9.959832 2.602346,
0.000000 -9.962040 2.604294,
0.200787 -9.962040 2.604294,
0.200787 -9.964342 2.606130,
0.000000 -9.964342 2.606130,
0.200787 -9.966733 2.607849,
0.000000 -9.966733 2.607849,
0.200787 -9.969207 2.609446,
0.000000 -9.969207 2.609446,
0.200787 -9.971757 2.610919,
0.000000 -9.971757 2.610919,
0.200787 -9.974377 2.612262,
0.000000 -9.974377 2.612262,
0.200787 -9.977061 2.613473,
0.000000 -9.977061 2.613473,
0.200787 -9.979802 2.614549,
0.000000 -9.979802 2.614549,
0.200787 -9.982593 2.615487,
0.000000 -9.982593 2.615487,
0.000000 -9.985428 2.616284,
0.200787 -9.985428 2.616284,
0.200787 -9.988298 2.616939,
0.000000 -9.988298 2.616939,
0.200787 -9.991198 2.617451,
0.000000 -9.991198 2.617451,
0.200787 -9.994120 2.617817,
0.000000 -9.994120 2.617817,
0.200787 -9.997056 2.618037,
0.000000 -9.997056 2.618037 ] } coordIndex [ 0 1 2 -1,
0 2 3 -1,
4 3 5 -1,
4 0 3 -1,
6 5 7 -1,
6 4 5 -1,
8 7 9 -1,
8 6 7 -1,
10 9 11 -1,
10 8 9 -1,
12 11 13 -1,
12 10 11 -1,
14 13 15 -1,
14 12 13 -1,
16 15 17 -1,
16 14 15 -1,
18 17 19 -1,
18 16 17 -1,
20 19 21 -1,
20 18 19 -1,
22 20 21 -1,
22 21 23 -1,
24 22 23 -1,
24 23 25 -1,
24 25 26 -1,
27 24 26 -1,
28 27 26 -1,
28 26 29 -1,
30 28 29 -1,
30 29 31 -1,
32 30 31 -1,
32 31 33 -1,
34 32 33 -1,
34 33 35 -1,
36 34 35 -1,
36 35 37 -1,
38 36 37 -1,
38 37 39 -1,
40 38 39 -1,
40 39 41 -1,
42 40 41 -1,
42 41 43 -1,
44 42 43 -1,
44 43 45 -1,
46 45 47 -1,
46 44 45 -1,
48 47 49 -1,
48 46 47 -1,
50 49 51 -1,
50 51 52 -1,
50 48 49 -1,
53 50 52 -1,
54 52 55 -1,
54 53 52 -1,
56 55 57 -1,
56 54 55 -1,
58 57 59 -1,
58 59 60 -1,
58 56 57 -1,
61 58 60 -1,
62 60 63 -1,
62 61 60 -1,
64 63 65 -1,
64 65 66 -1,
64 62 63 -1,
67 66 68 -1,
67 64 66 -1,
69 67 68 -1,
70 68 71 -1,
70 71 72 -1,
70 69 68 -1,
73 70 72 -1,
74 73 72 -1,
74 72 75 -1,
76 74 75 -1,
76 75 77 -1,
76 77 78 -1,
79 76 78 -1,
80 79 78 -1,
80 78 81 -1,
80 81 82 -1,
83 80 82 -1,
83 82 84 -1,
85 83 84 -1,
86 85 84 -1,
86 84 87 -1,
86 87 88 -1,
89 86 88 -1,
90 89 88 -1,
90 88 91 -1,
90 91 92 -1,
93 90 92 -1,
93 92 94 -1,
95 93 94 -1,
96 95 94 -1,
96 94 97 -1,
96 97 98 -1,
99 96 98 -1,
99 98 100 -1,
101 99 100 -1,
102 101 100 -1,
102 100 103 -1,
102 103 104 -1,
105 102 104 -1,
106 105 104 -1,
106 104 107 -1,
106 107 108 -1,
109 106 108 -1,
109 108 110 -1,
111 109 110 -1,
112 111 110 -1,
112 110 113 -1,
112 113 114 -1,
115 114 116 -1,
115 112 114 -1,
117 115 116 -1,
118 116 119 -1,
118 119 120 -1,
118 117 116 -1,
121 118 120 -1,
122 120 123 -1,
122 121 120 -1,
124 122 123 -1,
124 123 125 -1,
124 125 126 -1,
127 124 126 -1,
128 127 126 -1,
128 126 129 -1,
130 128 129 -1,
130 129 131 -1,
132 130 131 -1,
132 131 133 -1,
134 132 133 -1,
134 133 135 -1,
136 134 135 -1,
136 135 137 -1,
138 136 137 -1,
138 137 139 -1,
140 138 139 -1,
140 139 141 -1,
142 140 141 -1,
142 141 143 -1,
144 142 143 -1,
144 143 145 -1,
146 144 145 -1,
146 145 147 -1,
148 146 147 -1,
148 147 149 -1,
150 149 151 -1,
150 148 149 -1,
152 151 153 -1,
152 150 151 -1,
154 153 155 -1,
154 152 153 -1,
156 155 157 -1,
156 154 155 -1,
158 157 159 -1,
158 156 157 -1,
160 159 161 -1,
160 158 159 -1,
162 161 163 -1,
162 160 161 -1,
164 163 165 -1,
164 162 163 -1,
166 165 167 -1,
166 164 165 -1,
168 167 169 -1,
168 166 167 -1,
170 169 171 -1,
170 168 169 -1,
172 171 173 -1,
172 170 171 -1,
174 173 175 -1,
174 172 173 -1,
176 174 175 -1,
176 175 177 -1,
178 176 177 -1,
178 177 179 -1,
180 178 179 -1,
180 179 181 -1,
182 180 181 -1,
182 181 183 -1,
184 183 185 -1,
184 182 183 -1,
186 185 187 -1,
186 184 185 -1,
188 187 189 -1,
188 186 187 -1,
190 189 191 -1,
190 191 192 -1,
190 188 189 -1,
193 190 192 -1,
194 192 195 -1,
194 193 192 -1,
196 195 197 -1,
196 194 195 -1,
198 197 199 -1,
198 196 197 -1,
200 199 201 -1,
200 198 199 -1,
202 201 203 -1,
202 200 201 -1,
204 203 205 -1,
204 202 203 -1,
206 205 207 -1,
206 204 205 -1,
208 207 209 -1,
208 209 210 -1,
208 206 207 -1,
211 208 210 -1,
212 210 213 -1,
212 211 210 -1,
214 213 215 -1,
214 212 213 -1,
216 215 217 -1,
216 217 218 -1,
216 214 215 -1,
219 216 218 -1,
220 218 221 -1,
220 219 218 -1,
222 221 223 -1,
222 223 224 -1,
222 220 221 -1,
225 222 224 -1,
226 225 224 -1,
226 224 227 -1,
228 226 227 -1,
228 227 229 -1,
230 228 229 -1,
230 229 231 -1,
232 230 231 -1,
232 231 233 -1,
234 232 233 -1,
234 233 235 -1,
236 234 235 -1,
236 235 237 -1,
238 236 237 -1,
238 237 239 -1,
240 238 239 -1,
240 239 241 -1,
240 241 242 -1,
243 240 242 -1,
244 243 242 -1,
244 242 245 -1,
246 244 245 -1,
246 245 247 -1,
248 246 247 -1,
248 247 249 -1,
250 249 251 -1,
250 248 249 -1,
250 251 2 -1,
1 250 2 -1,
12 8 10 -1,
50 53 54 -1,
44 46 48 -1,
20 14 16 -1,
20 16 18 -1,
40 42 44 -1,
36 38 40 -1,
208 204 206 -1,
28 24 27 -1,
32 1 0 -1,
32 0 4 -1,
32 4 6 -1,
32 6 8 -1,
32 12 14 -1,
32 20 22 -1,
32 22 24 -1,
32 28 30 -1,
32 34 36 -1,
32 48 50 -1,
32 54 56 -1,
32 56 58 -1,
32 58 61 -1,
32 61 62 -1,
32 62 64 -1,
32 64 67 -1,
32 67 69 -1,
32 69 70 -1,
32 70 73 -1,
32 73 74 -1,
32 74 76 -1,
32 76 79 -1,
32 79 80 -1,
32 80 83 -1,
32 83 85 -1,
32 85 86 -1,
32 86 89 -1,
32 89 90 -1,
32 99 101 -1,
32 101 102 -1,
32 102 105 -1,
32 105 106 -1,
32 106 109 -1,
32 109 111 -1,
32 111 112 -1,
32 112 115 -1,
32 115 117 -1,
32 117 118 -1,
32 118 121 -1,
32 121 122 -1,
32 122 124 -1,
32 124 127 -1,
32 127 128 -1,
32 128 130 -1,
32 130 132 -1,
32 132 134 -1,
32 134 136 -1,
32 136 138 -1,
32 138 140 -1,
32 140 142 -1,
32 142 144 -1,
32 144 146 -1,
32 146 148 -1,
32 148 150 -1,
32 150 152 -1,
32 152 154 -1,
32 154 156 -1,
32 156 158 -1,
32 158 160 -1,
32 160 162 -1,
32 162 164 -1,
32 164 166 -1,
32 166 168 -1,
32 168 170 -1,
32 170 172 -1,
32 172 174 -1,
32 174 176 -1,
32 176 178 -1,
32 178 180 -1,
32 180 182 -1,
32 182 184 -1,
32 184 186 -1,
32 186 188 -1,
32 188 190 -1,
32 190 193 -1,
32 193 194 -1,
32 194 196 -1,
32 196 198 -1,
32 198 200 -1,
32 200 202 -1,
32 202 204 -1,
32 208 211 -1,
32 211 212 -1,
32 212 214 -1,
32 214 216 -1,
32 216 219 -1,
32 219 220 -1,
32 220 222 -1,
32 238 240 -1,
32 240 243 -1,
32 243 244 -1,
32 95 99 -1,
32 204 208 -1,
32 90 95 -1,
32 36 40 -1,
32 228 234 -1,
32 222 228 -1,
32 24 28 -1,
32 234 238 -1,
32 244 1 -1,
32 8 12 -1,
32 44 48 -1,
32 50 54 -1,
32 40 44 -1,
32 14 20 -1,
95 96 99 -1,
90 93 95 -1,
228 222 225 -1,
228 225 226 -1,
234 228 230 -1,
234 230 232 -1,
238 234 236 -1,
248 244 246 -1,
1 244 248 -1,
1 248 250 -1,
9 13 11 -1,
52 51 55 -1,
47 45 49 -1,
15 21 17 -1,
17 21 19 -1,
43 41 45 -1,
39 37 41 -1,
205 209 207 -1,
25 29 26 -1,
2 33 3 -1,
3 33 5 -1,
5 33 7 -1,
7 33 9 -1,
13 33 15 -1,
21 33 23 -1,
23 33 25 -1,
29 33 31 -1,
35 33 37 -1,
49 33 51 -1,
55 33 57 -1,
57 33 59 -1,
59 33 60 -1,
60 33 63 -1,
63 33 65 -1,
65 33 66 -1,
66 33 68 -1,
68 33 71 -1,
71 33 72 -1,
72 33 75 -1,
75 33 77 -1,
77 33 78 -1,
78 33 81 -1,
81 33 82 -1,
82 33 84 -1,
84 33 87 -1,
87 33 88 -1,
88 33 91 -1,
98 33 100 -1,
100 33 103 -1,
103 33 104 -1,
104 33 107 -1,
107 33 108 -1,
108 33 110 -1,
110 33 113 -1,
113 33 114 -1,
114 33 116 -1,
116 33 119 -1,
119 33 120 -1,
120 33 123 -1,
123 33 125 -1,
125 33 126 -1,
126 33 129 -1,
129 33 131 -1,
131 33 133 -1,
133 33 135 -1,
135 33 137 -1,
137 33 139 -1,
139 33 141 -1,
141 33 143 -1,
143 33 145 -1,
145 33 147 -1,
147 33 149 -1,
149 33 151 -1,
151 33 153 -1,
153 33 155 -1,
155 33 157 -1,
157 33 159 -1,
159 33 161 -1,
161 33 163 -1,
163 33 165 -1,
165 33 167 -1,
167 33 169 -1,
169 33 171 -1,
171 33 173 -1,
173 33 175 -1,
175 33 177 -1,
177 33 179 -1,
179 33 181 -1,
181 33 183 -1,
183 33 185 -1,
185 33 187 -1,
187 33 189 -1,
189 33 191 -1,
191 33 192 -1,
192 33 195 -1,
195 33 197 -1,
197 33 199 -1,
199 33 201 -1,
201 33 203 -1,
203 33 205 -1,
209 33 210 -1,
210 33 213 -1,
213 33 215 -1,
215 33 217 -1,
217 33 218 -1,
218 33 221 -1,
221 33 223 -1,
239 33 241 -1,
241 33 242 -1,
242 33 245 -1,
94 33 98 -1,
205 33 209 -1,
91 33 94 -1,
37 33 41 -1,
229 33 235 -1,
223 33 229 -1,
25 33 29 -1,
235 33 239 -1,
245 33 2 -1,
9 33 13 -1,
45 33 49 -1,
51 33 55 -1,
41 33 45 -1,
15 33 21 -1,
97 94 98 -1,
92 91 94 -1,
223 229 224 -1,
224 229 227 -1,
229 235 231 -1,
231 235 233 -1,
235 239 237 -1,
245 249 247 -1,
245 2 249 -1,
249 2 251 -1 ] } }
Shape { appearance Appearance { material Material { diffuseColor 0.7 0.72 0.74 } } geometry IndexedFaceSet { solid FALSE coord Coordinate { point [ -0.098425 -11.059055 -0.984252,
-0.098425 -11.059055 0.000000,
-0.098425 -10.940945 -0.984252,
-0.098425 -10.940945 0.000000,
0.098425 -11.059055 0.000000,
0.098425 -11.059055 -0.984252,
0.098425 -10.940945 -0.984252,
0.098425 -10.940945 0.000000 ] } coordIndex [ 0 1 2 -1,
2 1 3 -1,
4 5 6 -1,
4 6 7 -1,
5 4 0 -1,
0 4 1 -1,
7 6 2 -1,
7 2 3 -1,
2 6 0 -1,
0 6 5 -1,
7 3 1 -1,
7 1 4 -1 ] } }
Shape { appearance Appearance { material Material { diffuseColor 0.7 0.72 0.74 } } geometry IndexedFaceSet { solid FALSE coord Coordinate { point [ -0.098425 -11.059055 1.181102,
-0.098425 -11.059055 2.559055,
-0.098425 -10.940945 1.181102,
-0.098425 -10.940945 2.559055,
0.098425 -11.059055 2.559055,
0.098425 -11.059055 1.181102,
0.098425 -10.940945 1.181102,
0.098425 -10.940945 2.559055 ] } coordIndex [ 0 1 2 -1,
2 1 3 -1,
4 5 6 -1,
4 6 7 -1,
5 4 0 -1,
0 4 1 -1,
7 6 2 -1,
7 2 3 -1,
2 6 0 -1,
0 6 5 -1,
7 3 1 -1,
7 1 4 -1 ] } }
Shape { appearance Appearance { material Material { diffuseColor 0.7 0.72 0.74 } } geometry IndexedFaceSet { solid FALSE coord Coordinate { point [ 0.200787 -11.002944 2.618037,
0.200787 -11.000000 2.618110,
0.000000 -11.000000 2.618110,
0.000000 -11.002944 2.618037,
0.200787 -11.005880 2.617817,
0.000000 -11.005880 2.617817,
0.200787 -11.008802 2.617451,
0.000000 -11.008802 2.617451,
0.200787 -11.011702 2.616939,
0.000000 -11.011702 2.616939,
0.200787 -11.014572 2.616284,
0.000000 -11.014572 2.616284,
0.200787 -11.017407 2.615487,
0.000000 -11.017407 2.615487,
0.200787 -11.020198 2.614549,
0.000000 -11.020198 2.614549,
0.200787 -11.022939 2.613473,
0.000000 -11.022939 2.613473,
0.200787 -11.025623 2.612262,
0.000000 -11.025623 2.612262,
0.200787 -11.028243 2.610919,
0.000000 -11.028243 2.610919,
0.200787 -11.030793 2.609446,
0.000000 -11.030793 2.609446,
0.200787 -11.033267 2.607849,
0.000000 -11.033267 2.607849,
0.000000 -11.035658 2.606130,
0.200787 -11.035658 2.606130,
0.200787 -11.037960 2.604294,
0.000000 -11.037960 2.604294,
0.200787 -11.040168 2.602346,
0.000000 -11.040168 2.602346,
0.200787 -11.042276 2.600290,
0.000000 -11.042276 2.600290,
0.200787 -11.044278 2.598131,
0.000000 -11.044278 2.598131,
0.200787 -11.046171 2.595875,
0.000000 -11.046171 2.595875,
0.200787 -11.047949 2.593528,
0.000000 -11.047949 2.593528,
0.200787 -11.049608 2.591095,
0.000000 -11.049608 2.591095,
0.200787 -11.051143 2.588583,
0.000000 -11.051143 2.588583,
0.200787 -11.052551 2.585997,
0.000000 -11.052551 2.585997,
0.200787 -11.053829 2.583344,
0.000000 -11.053829 2.583344,
0.200787 -11.054973 2.580630,
0.000000 -11.054973 2.580630,
0.200787 -11.055980 2.577863,
0.000000 -11.055980 2.577863,
0.000000 -11.056848 2.575050,
0.200787 -11.056848 2.575050,
0.200787 -11.057574 2.572196,
0.000000 -11.057574 2.572196,
0.200787 -11.058158 2.569310,
0.000000 -11.058158 2.569310,
0.200787 -11.058597 2.566398,
0.000000 -11.058597 2.566398,
0.000000 -11.058890 2.563468,
0.200787 -11.058890 2.563468,
0.200787 -11.059037 2.560527,
0.000000 -11.059037 2.560527,
0.200787 -11.059037 2.557583,
0.000000 -11.059037 2.557583,
0.000000 -11.058890 2.554642,
0.200787 -11.058890 2.554642,
0.000000 -11.058597 2.551712,
0.200787 -11.058597 2.551712,
0.200787 -11.058158 2.548800,
0.000000 -11.058158 2.548800,
0.000000 -11.057574 2.545914,
0.200787 -11.057574 2.545914,
0.200787 -11.056848 2.543061,
0.000000 -11.056848 2.543061,
0.200787 -11.055980 2.540247,
0.000000 -11.055980 2.540247,
0.000000 -11.054973 2.537480,
0.200787 -11.054973 2.537480,
0.200787 -11.053829 2.534767,
0.000000 -11.053829 2.534767,
0.000000 -11.052551 2.532114,
0.200787 -11.052551 2.532114,
0.000000 -11.051143 2.529528,
0.200787 -11.051143 2.529528,
0.200787 -11.049608 2.527015,
0.000000 -11.049608 2.527015,
0.000000 -11.047949 2.524582,
0.200787 -11.047949 2.524582,
0.200787 -11.046171 2.522235,
0.000000 -11.046171 2.522235,
0.000000 -11.044278 2.519979,
0.200787 -11.044278 2.519979,
0.000000 -11.042276 2.517821,
0.200787 -11.042276 2.517821,
0.200787 -11.040168 2.515765,
0.000000 -11.040168 2.515765,
0.000000 -11.037960 2.513816,
0.200787 -11.037960 2.513816,
0.000000 -11.035658 2.511980,
0.200787 -11.035658 2.511980,
0.200787 -11.033267 2.510261,
0.000000 -11.033267 2.510261,
0.000000 -11.030793 2.508664,
0.200787 -11.030793 2.508664,
0.200787 -11.028243 2.507192,
0.000000 -11.028243 2.507192,
0.000000 -11.025623 2.505848,
0.200787 -11.025623 2.505848,
0.000000 -11.022939 2.504637,
0.200787 -11.022939 2.504637,
0.200787 -11.020198 2.503561,
0.000000 -11.020198 2.503561,
0.000000 -11.017407 2.502624,
0.200787 -11.017407 2.502624,
0.000000 -11.014572 2.501826,
0.200787 -11.014572 2.501826,
0.200787 -11.011702 2.501171,
0.000000 -11.011702 2.501171,
0.000000 -11.008802 2.500660,
0.200787 -11.008802 2.500660,
0.200787 -11.005880 2.500293,
0.000000 -11.005880 2.500293,
0.200787 -11.002944 2.500073,
0.000000 -11.002944 2.500073,
0.000000 -11.000000 2.500000,
0.200787 -11.000000 2.500000,
0.200787 -10.997056 2.500073,
0.000000 -10.997056 2.500073,
0.200787 -10.994120 2.500293,
0.000000 -10.994120 2.500293,
0.200787 -10.991198 2.500660,
0.000000 -10.991198 2.500660,
0.200787 -10.988298 2.501171,
0.000000 -10.988298 2.501171,
0.200787 -10.985428 2.501826,
0.000000 -10.985428 2.501826,
0.200787 -10.982593 2.502624,
0.000000 -10.982593 2.502624,
0.200787 -10.979802 2.503561,
0.000000 -10.979802 2.503561,
0.200787 -10.977061 2.504637,
0.000000 -10.977061 2.504637,
0.200787 -10.974377 2.505848,
0.000000 -10.974377 2.505848,
0.200787 -10.971757 2.507192,
0.000000 -10.971757 2.507192,
0.200787 -10.969207 2.508664,
0.000000 -10.969207 2.508664,
0.200787 -10.966733 2.510261,
0.000000 -10.966733 2.510261,
0.200787 -10.964342 2.511980,
0.000000 -10.964342 2.511980,
0.200787 -10.962040 2.513816,
0.000000 -10.962040 2.513816,
0.200787 -10.959832 2.515765,
0.000000 -10.959832 2.515765,
0.200787 -10.957724 2.517821,
0.000000 -10.957724 2.517821,
0.200787 -10.955722 2.519979,
0.000000 -10.955722 2.519979,
0.200787 -10.953829 2.522235,
0.000000 -10.953829 2.522235,
0.200787 -10.952051 2.524582,
0.000000 -10.952051 2.524582,
0.200787 -10.950392 2.527015,
0.000000 -10.950392 2.527015,
0.200787 -10.948857 2.529528,
0.000000 -10.948857 2.529528,
0.200787 -10.947449 2.532114,
0.000000 -10.947449 2.532114,
0.200787 -10.946171 2.534767,
0.000000 -10.946171 2.534767,
0.200787 -10.945027 2.537480,
0.000000 -10.945027 2.537480,
0.200787 -10.944020 2.540247,
0.000000 -10.944020 2.540247,
0.200787 -10.943152 2.543061,
0.000000 -10.943152 2.543061,
0.200787 -10.942426 2.545914,
0.000000 -10.942426 2.545914,
0.200787 -10.941842 2.548800,
0.000000 -10.941842 2.548800,
0.200787 -10.941403 2.551712,
0.000000 -10.941403 2.551712,
0.200787 -10.941110 2.554642,
0.000000 -10.941110 2.554642,
0.200787 -10.940963 2.557583,
0.000000 -10.940963 2.557583,
0.200787 -10.940963 2.560527,
0.000000 -10.940963 2.560527,
0.000000 -10.941110 2.563468,
0.200787 -10.941110 2.563468,
0.200787 -10.941403 2.566398,
0.000000 -10.941403 2.566398,
0.200787 -10.941842 2.569310,
0.000000 -10.941842 2.569310,
0.200787 -10.942426 2.572196,
0.000000 -10.942426 2.572196,
0.200787 -10.943152 2.575050,
0.000000 -10.943152 2.575050,
0.200787 -10.944020 2.577863,
0.000000 -10.944020 2.577863,
0.200787 -10.945027 2.580630,
0.000000 -10.945027 2.580630,
0.200787 -10.946171 2.583344,
0.000000 -10.946171 2.583344,
0.200787 -10.947449 2.585997,
0.000000 -10.947449 2.585997,
0.000000 -10.948857 2.588583,
0.200787 -10.948857 2.588583,
0.200787 -10.950392 2.591095,
0.000000 -10.950392 2.591095,
0.200787 -10.952051 2.593528,
0.000000 -10.952051 2.593528,
0.200787 -10.953829 2.595875,
0.000000 -10.953829 2.595875,
0.000000 -10.955722 2.598131,
0.200787 -10.955722 2.598131,
0.200787 -10.957724 2.600290,
0.000000 -10.957724 2.600290,
0.200787 -10.959832 2.602346,
0.000000 -10.959832 2.602346,
0.000000 -10.962040 2.604294,
0.200787 -10.962040 2.604294,
0.200787 -10.964342 2.606130,
0.000000 -10.964342 2.606130,
0.200787 -10.966733 2.607849,
0.000000 -10.966733 2.607849,
0.200787 -10.969207 2.609446,
0.000000 -10.969207 2.609446,
0.200787 -10.971757 2.610919,
0.000000 -10.971757 2.610919,
0.200787 -10.974377 2.612262,
0.000000 -10.974377 2.612262,
0.200787 -10.977061 2.613473,
0.000000 -10.977061 2.613473,
0.200787 -10.979802 2.614549,
0.000000 -10.979802 2.614549,
0.200787 -10.982593 2.615487,
0.000000 -10.982593 2.615487,
0.000000 -10.985428 2.616284,
0.200787 -10.985428 2.616284,
0.200787 -10.988298 2.616939,
0.000000 -10.988298 2.616939,
0.200787 -10.991198 2.617451,
0.000000 -10.991198 2.617451,
0.200787 -10.994120 2.617817,
0.000000 -10.994120 2.617817,
0.200787 -10.997056 2.618037,
0.000000 -10.997056 2.618037 ] } coordIndex [ 0 1 2 -1,
0 2 3 -1,
4 3 5 -1,
4 0 3 -1,
6 5 7 -1,
6 4 5 -1,
8 7 9 -1,
8 6 7 -1,
10 9 11 -1,
10 8 9 -1,
12 11 13 -1,
12 10 11 -1,
14 13 15 -1,
14 12 13 -1,
16 15 17 -1,
16 14 15 -1,
18 17 19 -1,
18 16 17 -1,
20 19 21 -1,
20 18 19 -1,
22 20 21 -1,
22 21 23 -1,
24 22 23 -1,
24 23 25 -1,
24 25 26 -1,
27 24 26 -1,
28 27 26 -1,
28 26 29 -1,
30 28 29 -1,
30 29 31 -1,
32 30 31 -1,
32 31 33 -1,
34 32 33 -1,
34 33 35 -1,
36 34 35 -1,
36 35 37 -1,
38 36 37 -1,
38 37 39 -1,
40 38 39 -1,
40 39 41 -1,
42 40 41 -1,
42 41 43 -1,
44 42 43 -1,
44 43 45 -1,
46 45 47 -1,
46 44 45 -1,
48 47 49 -1,
48 46 47 -1,
50 49 51 -1,
50 51 52 -1,
50 48 49 -1,
53 50 52 -1,
54 52 55 -1,
54 53 52 -1,
56 55 57 -1,
56 54 55 -1,
58 57 59 -1,
58 59 60 -1,
58 56 57 -1,
61 58 60 -1,
62 60 63 -1,
62 61 60 -1,
64 63 65 -1,
64 65 66 -1,
64 62 63 -1,
67 66 68 -1,
67 64 66 -1,
69 67 68 -1,
70 68 71 -1,
70 71 72 -1,
70 69 68 -1,
73 70 72 -1,
74 73 72 -1,
74 72 75 -1,
76 74 75 -1,
76 75 77 -1,
76 77 78 -1,
79 76 78 -1,
80 79 78 -1,
80 78 81 -1,
80 81 82 -1,
83 80 82 -1,
83 82 84 -1,
85 83 84 -1,
86 85 84 -1,
86 84 87 -1,
86 87 88 -1,
89 86 88 -1,
90 89 88 -1,
90 88 91 -1,
90 91 92 -1,
93 90 92 -1,
93 92 94 -1,
95 93 94 -1,
96 95 94 -1,
96 94 97 -1,
96 97 98 -1,
99 96 98 -1,
99 98 100 -1,
101 99 100 -1,
102 101 100 -1,
102 100 103 -1,
102 103 104 -1,
105 102 104 -1,
106 105 104 -1,
106 104 107 -1,
106 107 108 -1,
109 106 108 -1,
109 108 110 -1,
111 109 110 -1,
112 111 110 -1,
112 110 113 -1,
112 113 114 -1,
115 114 116 -1,
115 112 114 -1,
117 115 116 -1,
118 116 119 -1,
118 119 120 -1,
118 117 116 -1,
121 118 120 -1,
122 120 123 -1,
122 121 120 -1,
124 122 123 -1,
124 123 125 -1,
124 125 126 -1,
127 124 126 -1,
128 127 126 -1,
128 126 129 -1,
130 128 129 -1,
130 129 131 -1,
132 130 131 -1,
132 131 133 -1,
134 132 133 -1,
134 133 135 -1,
136 134 135 -1,
136 135 137 -1,
138 136 137 -1,
138 137 139 -1,
140 138 139 -1,
140 139 141 -1,
142 140 141 -1,
142 141 143 -1,
144 142 143 -1,
144 143 145 -1,
146 144 145 -1,
146 145 147 -1,
148 146 147 -1,
148 147 149 -1,
150 149 151 -1,
150 148 149 -1,
152 151 153 -1,
152 150 151 -1,
154 153 155 -1,
154 152 153 -1,
156 155 157 -1,
156 154 155 -1,
158 157 159 -1,
158 156 157 -1,
160 159 161 -1,
160 158 159 -1,
162 161 163 -1,
162 160 161 -1,
164 163 165 -1,
164 162 163 -1,
166 165 167 -1,
166 164 165 -1,
168 167 169 -1,
168 166 167 -1,
170 169 171 -1,
170 168 169 -1,
172 171 173 -1,
172 170 171 -1,
174 173 175 -1,
174 172 173 -1,
176 174 175 -1,
176 175 177 -1,
178 176 177 -1,
178 177 179 -1,
180 178 179 -1,
180 179 181 -1,
182 180 181 -1,
182 181 183 -1,
184 183 185 -1,
184 182 183 -1,
186 185 187 -1,
186 184 185 -1,
188 187 189 -1,
188 186 187 -1,
190 189 191 -1,
190 191 192 -1,
190 188 189 -1,
193 190 192 -1,
194 192 195 -1,
194 193 192 -1,
196 195 197 -1,
196 194 195 -1,
198 197 199 -1,
198 196 197 -1,
200 199 201 -1,
200 198 199 -1,
202 201 203 -1,
202 200 201 -1,
204 203 205 -1,
204 202 203 -1,
206 205 207 -1,
206 204 205 -1,
208 207 209 -1,
208 209 210 -1,
208 206 207 -1,
211 208 210 -1,
212 210 213 -1,
212 211 210 -1,
214 213 215 -1,
214 212 213 -1,
216 215 217 -1,
216 217 218 -1,
216 214 215 -1,
219 216 218 -1,
220 218 221 -1,
220 219 218 -1,
222 221 223 -1,
222 223 224 -1,
222 220 221 -1,
225 222 224 -1,
226 225 224 -1,
226 224 227 -1,
228 226 227 -1,
228 227 229 -1,
230 228 229 -1,
230 229 231 -1,
232 230 231 -1,
232 231 233 -1,
234 232 233 -1,
234 233 235 -1,
236 234 235 -1,
236 235 237 -1,
238 236 237 -1,
238 237 239 -1,
240 238 239 -1,
240 239 241 -1,
240 241 242 -1,
243 240 242 -1,
244 243 242 -1,
244 242 245 -1,
246 244 245 -1,
246 245 247 -1,
248 246 247 -1,
248 247 249 -1,
250 249 251 -1,
250 248 249 -1,
250 251 2 -1,
1 250 2 -1,
12 8 10 -1,
50 53 54 -1,
44 46 48 -1,
20 14 16 -1,
20 16 18 -1,
40 42 44 -1,
36 38 40 -1,
208 204 206 -1,
28 24 27 -1,
32 1 0 -1,
32 0 4 -1,
32 4 6 -1,
32 6 8 -1,
32 12 14 -1,
32 20 22 -1,
32 22 24 -1,
32 28 30 -1,
32 34 36 -1,
32 48 50 -1,
32 54 56 -1,
32 56 58 -1,
32 58 61 -1,
32 61 62 -1,
32 62 64 -1,
32 64 67 -1,
32 67 69 -1,
32 69 70 -1,
32 70 73 -1,
32 73 74 -1,
32 74 76 -1,
32 76 79 -1,
32 79 80 -1,
32 80 83 -1,
32 83 85 -1,
32 85 86 -1,
32 86 89 -1,
32 89 90 -1,
32 99 101 -1,
32 101 102 -1,
32 102 105 -1,
32 105 106 -1,
32 106 109 -1,
32 109 111 -1,
32 111 112 -1,
32 112 115 -1,
32 115 117 -1,
32 117 118 -1,
32 118 121 -1,
32 121 122 -1,
32 122 124 -1,
32 124 127 -1,
32 127 128 -1,
32 128 130 -1,
32 130 132 -1,
32 132 134 -1,
32 134 136 -1,
32 136 138 -1,
32 138 140 -1,
32 140 142 -1,
32 142 144 -1,
32 144 146 -1,
32 146 148 -1,
32 148 150 -1,
32 150 152 -1,
32 152 154 -1,
32 154 156 -1,
32 156 158 -1,
32 158 160 -1,
32 160 162 -1,
32 162 164 -1,
32 164 166 -1,
32 166 168 -1,
32 168 170 -1,
32 170 172 -1,
32 172 174 -1,
32 174 176 -1,
32 176 178 -1,
32 178 180 -1,
32 180 182 -1,
32 182 184 -1,
32 184 186 -1,
32 186 188 -1,
32 188 190 -1,
32 190 193 -1,
32 193 194 -1,
32 194 196 -1,
32 196 198 -1,
32 198 200 -1,
32 200 202 -1,
32 202 204 -1,
32 208 211 -1,
32 211 212 -1,
32 212 214 -1,
32 214 216 -1,
32 216 219 -1,
32 219 220 -1,
32 220 222 -1,
32 238 240 -1,
32 240 243 -1,
32 243 244 -1,
32 95 99 -1,
32 204 208 -1,
32 90 95 -1,
32 36 40 -1,
32 228 234 -1,
32 222 228 -1,
32 24 28 -1,
32 234 238 -1,
32 244 1 -1,
32 8 12 -1,
32 44 48 -1,
32 50 54 -1,
32 40 44 -1,
32 14 20 -1,
95 96 99 -1,
90 93 95 -1,
228 222 225 -1,
228 225 226 -1,
234 228 230 -1,
234 230 232 -1,
238 234 236 -1,
248 244 246 -1,
1 244 248 -1,
1 248 250 -1,
9 13 11 -1,
52 51 55 -1,
47 45 49 -1,
15 21 17 -1,
17 21 19 -1,
43 41 45 -1,
39 37 41 -1,
205 209 207 -1,
25 29 26 -1,
2 33 3 -1,
3 33 5 -1,
5 33 7 -1,
7 33 9 -1,
13 33 15 -1,
21 33 23 -1,
23 33 25 -1,
29 33 31 -1,
35 33 37 -1,
49 33 51 -1,
55 33 57 -1,
57 33 59 -1,
59 33 60 -1,
60 33 63 -1,
63 33 65 -1,
65 33 66 -1,
66 33 68 -1,
68 33 71 -1,
71 33 72 -1,
72 33 75 -1,
75 33 77 -1,
77 33 78 -1,
78 33 81 -1,
81 33 82 -1,
82 33 84 -1,
84 33 87 -1,
87 33 88 -1,
88 33 91 -1,
98 33 100 -1,
100 33 103 -1,
103 33 104 -1,
104 33 107 -1,
107 33 108 -1,
108 33 110 -1,
110 33 113 -1,
113 33 114 -1,
114 33 116 -1,
116 33 119 -1,
119 33 120 -1,
120 33 123 -1,
123 33 125 -1,
125 33 126 -1,
126 33 129 -1,
129 33 131 -1,
131 33 133 -1,
133 33 135 -1,
135 33 137 -1,
137 33 139 -1,
139 33 141 -1,
141 33 143 -1,
143 33 145 -1,
145 33 147 -1,
147 33 149 -1,
149 33 151 -1,
151 33 153 -1,
153 33 155 -1,
155 33 157 -1,
157 33 159 -1,
159 33 161 -1,
161 33 163 -1,
163 33 165 -1,
165 33 167 -1,
167 33 169 -1,
169 33 171 -1,
171 33 173 -1,
173 33 175 -1,
175 33 177 -1,
177 33 179 -1,
179 33 181 -1,
181 33 183 -1,
183 33 185 -1,
185 33 187 -1,
187 33 189 -1,
189 33 191 -1,
191 33 192 -1,
192 33 195 -1,
195 33 197 -1,
197 33 199 -1,
199 33 201 -1,
201 33 203 -1,
203 33 205 -1,
209 33 210 -1,
210 33 213 -1,
213 33 215 -1,
215 33 217 -1,
217 33 218 -1,
218 33 221 -1,
221 33 223 -1,
239 33 241 -1,
241 33 242 -1,
242 33 245 -1,
94 33 98 -1,
205 33 209 -1,
91 33 94 -1,
37 33 41 -1,
229 33 235 -1,
223 33 229 -1,
25 33 29 -1,
235 33 239 -1,
245 33 2 -1,
9 33 13 -1,
45 33 49 -1,
51 33 55 -1,
41 33 45 -1,
15 33 21 -1,
97 94 98 -1,
92 91 94 -1,
223 229 224 -1,
224 229 227 -1,
229 235 231 -1,
231 235 233 -1,
235 239 237 -1,
245 249 247 -1,
245 2 249 -1,
249 2 251 -1 ] } }
Shape { appearance Appearance { material Material { diffuseColor 0.7 0.72 0.74 } } geometry IndexedFaceSet { solid FALSE coord Coordinate { point [ -0.098425 -12.059055 -0.984252,
-0.098425 -12.059055 0.000000,
-0.098425 -11.940945 -0.984252,
-0.098425 -11.940945 0.000000,
0.098425 -12.059055 0.000000,
0.098425 -12.059055 -0.984252,
0.098425 -11.940945 -0.984252,
0.098425 -11.940945 0.000000 ] } coordIndex [ 0 1 2 -1,
2 1 3 -1,
4 5 6 -1,
4 6 7 -1,
5 4 0 -1,
0 4 1 -1,
7 6 2 -1,
7 2 3 -1,
2 6 0 -1,
0 6 5 -1,
7 3 1 -1,
7 1 4 -1 ] } }
Shape { appearance Appearance { material Material { diffuseColor 0.7 0.72 0.74 } } geometry IndexedFaceSet { solid FALSE coord Coordinate { point [ -0.098425 -12.059055 1.181102,
-0.098425 -12.059055 2.559055,
-0.098425 -11.940945 1.181102,
-0.098425 -11.940945 2.559055,
0.098425 -12.059055 2.559055,
0.098425 -12.059055 1.181102,
0.098425 -11.940945 1.181102,
0.098425 -11.940945 2.559055 ] } coordIndex [ 0 1 2 -1,
2 1 3 -1,
4 5 6 -1,
4 6 7 -1,
5 4 0 -1,
0 4 1 -1,
7 6 2 -1,
7 2 3 -1,
2 6 0 -1,
0 6 5 -1,
7 3 1 -1,
7 1 4 -1 ] } }
Shape { appearance Appearance { material Material { diffuseColor 0.7 0.72 0.74 } } geometry IndexedFaceSet { solid FALSE coord Coordinate { point [ 0.200787 -12.002944 2.618037,
0.200787 -12.000000 2.618110,
0.000000 -12.000000 2.618110,
0.000000 -12.002944 2.618037,
0.200787 -12.005880 2.617817,
0.000000 -12.005880 2.617817,
0.200787 -12.008802 2.617451,
0.000000 -12.008802 2.617451,
0.200787 -12.011702 2.616939,
0.000000 -12.011702 2.616939,
0.200787 -12.014572 2.616284,
0.000000 -12.014572 2.616284,
0.200787 -12.017407 2.615487,
0.000000 -12.017407 2.615487,
0.200787 -12.020198 2.614549,
0.000000 -12.020198 2.614549,
0.200787 -12.022939 2.613473,
0.000000 -12.022939 2.613473,
0.200787 -12.025623 2.612262,
0.000000 -12.025623 2.612262,
0.200787 -12.028243 2.610919,
0.000000 -12.028243 2.610919,
0.200787 -12.030793 2.609446,
0.000000 -12.030793 2.609446,
0.200787 -12.033267 2.607849,
0.000000 -12.033267 2.607849,
0.000000 -12.035658 2.606130,
0.200787 -12.035658 2.606130,
0.200787 -12.037960 2.604294,
0.000000 -12.037960 2.604294,
0.200787 -12.040168 2.602346,
0.000000 -12.040168 2.602346,
0.200787 -12.042276 2.600290,
0.000000 -12.042276 2.600290,
0.200787 -12.044278 2.598131,
0.000000 -12.044278 2.598131,
0.200787 -12.046171 2.595875,
0.000000 -12.046171 2.595875,
0.200787 -12.047949 2.593528,
0.000000 -12.047949 2.593528,
0.200787 -12.049608 2.591095,
0.000000 -12.049608 2.591095,
0.200787 -12.051143 2.588583,
0.000000 -12.051143 2.588583,
0.200787 -12.052551 2.585997,
0.000000 -12.052551 2.585997,
0.200787 -12.053829 2.583344,
0.000000 -12.053829 2.583344,
0.200787 -12.054973 2.580630,
0.000000 -12.054973 2.580630,
0.200787 -12.055980 2.577863,
0.000000 -12.055980 2.577863,
0.000000 -12.056848 2.575050,
0.200787 -12.056848 2.575050,
0.200787 -12.057574 2.572196,
0.000000 -12.057574 2.572196,
0.200787 -12.058158 2.569310,
0.000000 -12.058158 2.569310,
0.200787 -12.058597 2.566398,
0.000000 -12.058597 2.566398,
0.000000 -12.058890 2.563468,
0.200787 -12.058890 2.563468,
0.200787 -12.059037 2.560527,
0.000000 -12.059037 2.560527,
0.200787 -12.059037 2.557583,
0.000000 -12.059037 2.557583,
0.000000 -12.058890 2.554642,
0.200787 -12.058890 2.554642,
0.000000 -12.058597 2.551712,
0.200787 -12.058597 2.551712,
0.200787 -12.058158 2.548800,
0.000000 -12.058158 2.548800,
0.000000 -12.057574 2.545914,
0.200787 -12.057574 2.545914,
0.200787 -12.056848 2.543061,
0.000000 -12.056848 2.543061,
0.200787 -12.055980 2.540247,
0.000000 -12.055980 2.540247,
0.000000 -12.054973 2.537480,
0.200787 -12.054973 2.537480,
0.200787 -12.053829 2.534767,
0.000000 -12.053829 2.534767,
0.000000 -12.052551 2.532114,
0.200787 -12.052551 2.532114,
0.000000 -12.051143 2.529528,
0.200787 -12.051143 2.529528,
0.200787 -12.049608 2.527015,
0.000000 -12.049608 2.527015,
0.000000 -12.047949 2.524582,
0.200787 -12.047949 2.524582,
0.200787 -12.046171 2.522235,
0.000000 -12.046171 2.522235,
0.000000 -12.044278 2.519979,
0.200787 -12.044278 2.519979,
0.000000 -12.042276 2.517821,
0.200787 -12.042276 2.517821,
0.200787 -12.040168 2.515765,
0.000000 -12.040168 2.515765,
0.000000 -12.037960 2.513816,
0.200787 -12.037960 2.513816,
0.000000 -12.035658 2.511980,
0.200787 -12.035658 2.511980,
0.200787 -12.033267 2.510261,
0.000000 -12.033267 2.510261,
0.000000 -12.030793 2.508664,
0.200787 -12.030793 2.508664,
0.200787 -12.028243 2.507192,
0.000000 -12.028243 2.507192,
0.000000 -12.025623 2.505848,
0.200787 -12.025623 2.505848,
0.000000 -12.022939 2.504637,
0.200787 -12.022939 2.504637,
0.200787 -12.020198 2.503561,
0.000000 -12.020198 2.503561,
0.000000 -12.017407 2.502624,
0.200787 -12.017407 2.502624,
0.000000 -12.014572 2.501826,
0.200787 -12.014572 2.501826,
0.200787 -12.011702 2.501171,
0.000000 -12.011702 2.501171,
0.000000 -12.008802 2.500660,
0.200787 -12.008802 2.500660,
0.200787 -12.005880 2.500293,
0.000000 -12.005880 2.500293,
0.200787 -12.002944 2.500073,
0.000000 -12.002944 2.500073,
0.000000 -12.000000 2.500000,
0.200787 -12.000000 2.500000,
0.200787 -11.997056 2.500073,
0.000000 -11.997056 2.500073,
0.200787 -11.994120 2.500293,
0.000000 -11.994120 2.500293,
0.200787 -11.991198 2.500660,
0.000000 -11.991198 2.500660,
0.200787 -11.988298 2.501171,
0.000000 -11.988298 2.501171,
0.200787 -11.985428 2.501826,
0.000000 -11.985428 2.501826,
0.200787 -11.982593 2.502624,
0.000000 -11.982593 2.502624,
0.200787 -11.979802 2.503561,
0.000000 -11.979802 2.503561,
0.200787 -11.977061 2.504637,
0.000000 -11.977061 2.504637,
0.200787 -11.974377 2.505848,
0.000000 -11.974377 2.505848,
0.200787 -11.971757 2.507192,
0.000000 -11.971757 2.507192,
0.200787 -11.969207 2.508664,
0.000000 -11.969207 2.508664,
0.200787 -11.966733 2.510261,
0.000000 -11.966733 2.510261,
0.200787 -11.964342 2.511980,
0.000000 -11.964342 2.511980,
0.200787 -11.962040 2.513816,
0.000000 -11.962040 2.513816,
0.200787 -11.959832 2.515765,
0.000000 -11.959832 2.515765,
0.200787 -11.957724 2.517821,
0.000000 -11.957724 2.517821,
0.200787 -11.955722 2.519979,
0.000000 -11.955722 2.519979,
0.200787 -11.953829 2.522235,
0.000000 -11.953829 2.522235,
0.200787 -11.952051 2.524582,
0.000000 -11.952051 2.524582,
0.200787 -11.950392 2.527015,
0.000000 -11.950392 2.527015,
0.200787 -11.948857 2.529528,
0.000000 -11.948857 2.529528,
0.200787 -11.947449 2.532114,
0.000000 -11.947449 2.532114,
0.200787 -11.946171 2.534767,
0.000000 -11.946171 2.534767,
0.200787 -11.945027 2.537480,
0.000000 -11.945027 2.537480,
0.200787 -11.944020 2.540247,
0.000000 -11.944020 2.540247,
0.200787 -11.943152 2.543061,
0.000000 -11.943152 2.543061,
0.200787 -11.942426 2.545914,
0.000000 -11.942426 2.545914,
0.200787 -11.941842 2.548800,
0.000000 -11.941842 2.548800,
0.200787 -11.941403 2.551712,
0.000000 -11.941403 2.551712,
0.200787 -11.941110 2.554642,
0.000000 -11.941110 2.554642,
0.200787 -11.940963 2.557583,
0.000000 -11.940963 2.557583,
0.200787 -11.940963 2.560527,
0.000000 -11.940963 2.560527,
0.000000 -11.941110 2.563468,
0.200787 -11.941110 2.563468,
0.200787 -11.941403 2.566398,
0.000000 -11.941403 2.566398,
0.200787 -11.941842 2.569310,
0.000000 -11.941842 2.569310,
0.200787 -11.942426 2.572196,
0.000000 -11.942426 2.572196,
0.200787 -11.943152 2.575050,
0.000000 -11.943152 2.575050,
0.200787 -11.944020 2.577863,
0.000000 -11.944020 2.577863,
0.200787 -11.945027 2.580630,
0.000000 -11.945027 2.580630,
0.200787 -11.946171 2.583344,
0.000000 -11.946171 2.583344,
0.200787 -11.947449 2.585997,
0.000000 -11.947449 2.585997,
0.000000 -11.948857 2.588583,
0.200787 -11.948857 2.588583,
0.200787 -11.950392 2.591095,
0.000000 -11.950392 2.591095,
0.200787 -11.952051 2.593528,
0.000000 -11.952051 2.593528,
0.200787 -11.953829 2.595875,
0.000000 -11.953829 2.595875,
0.000000 -11.955722 2.598131,
0.200787 -11.955722 2.598131,
0.200787 -11.957724 2.600290,
0.000000 -11.957724 2.600290,
0.200787 -11.959832 2.602346,
0.000000 -11.959832 2.602346,
0.000000 -11.962040 2.604294,
0.200787 -11.962040 2.604294,
0.200787 -11.964342 2.606130,
0.000000 -11.964342 2.606130,
0.200787 -11.966733 2.607849,
0.000000 -11.966733 2.607849,
0.200787 -11.969207 2.609446,
0.000000 -11.969207 2.609446,
0.200787 -11.971757 2.610919,
0.000000 -11.971757 2.610919,
0.200787 -11.974377 2.612262,
0.000000 -11.974377 2.612262,
0.200787 -11.977061 2.613473,
0.000000 -11.977061 2.613473,
0.200787 -11.979802 2.614549,
0.000000 -11.979802 2.614549,
0.200787 -11.982593 2.615487,
0.000000 -11.982593 2.615487,
0.000000 -11.985428 2.616284,
0.200787 -11.985428 2.616284,
0.200787 -11.988298 2.616939,
0.000000 -11.988298 2.616939,
0.200787 -11.991198 2.617451,
0.000000 -11.991198 2.617451,
0.200787 -11.994120 2.617817,
0.000000 -11.994120 2.617817,
0.200787 -11.997056 2.618037,
0.000000 -11.997056 2.618037 ] } coordIndex [ 0 1 2 -1,
0 2 3 -1,
4 3 5 -1,
4 0 3 -1,
6 5 7 -1,
6 4 5 -1,
8 7 9 -1,
8 6 7 -1,
10 9 11 -1,
10 8 9 -1,
12 11 13 -1,
12 10 11 -1,
14 13 15 -1,
14 12 13 -1,
16 15 17 -1,
16 14 15 -1,
18 17 19 -1,
18 16 17 -1,
20 19 21 -1,
20 18 19 -1,
22 20 21 -1,
22 21 23 -1,
24 22 23 -1,
24 23 25 -1,
24 25 26 -1,
27 24 26 -1,
28 27 26 -1,
28 26 29 -1,
30 28 29 -1,
30 29 31 -1,
32 30 31 -1,
32 31 33 -1,
34 32 33 -1,
34 33 35 -1,
36 34 35 -1,
36 35 37 -1,
38 36 37 -1,
38 37 39 -1,
40 38 39 -1,
40 39 41 -1,
42 40 41 -1,
42 41 43 -1,
44 42 43 -1,
44 43 45 -1,
46 45 47 -1,
46 44 45 -1,
48 47 49 -1,
48 46 47 -1,
50 49 51 -1,
50 51 52 -1,
50 48 49 -1,
53 50 52 -1,
54 52 55 -1,
54 53 52 -1,
56 55 57 -1,
56 54 55 -1,
58 57 59 -1,
58 59 60 -1,
58 56 57 -1,
61 58 60 -1,
62 60 63 -1,
62 61 60 -1,
64 63 65 -1,
64 65 66 -1,
64 62 63 -1,
67 66 68 -1,
67 64 66 -1,
69 67 68 -1,
70 68 71 -1,
70 71 72 -1,
70 69 68 -1,
73 70 72 -1,
74 73 72 -1,
74 72 75 -1,
76 74 75 -1,
76 75 77 -1,
76 77 78 -1,
79 76 78 -1,
80 79 78 -1,
80 78 81 -1,
80 81 82 -1,
83 80 82 -1,
83 82 84 -1,
85 83 84 -1,
86 85 84 -1,
86 84 87 -1,
86 87 88 -1,
89 86 88 -1,
90 89 88 -1,
90 88 91 -1,
90 91 92 -1,
93 90 92 -1,
93 92 94 -1,
95 93 94 -1,
96 95 94 -1,
96 94 97 -1,
96 97 98 -1,
99 96 98 -1,
99 98 100 -1,
101 99 100 -1,
102 101 100 -1,
102 100 103 -1,
102 103 104 -1,
105 102 104 -1,
106 105 104 -1,
106 104 107 -1,
106 107 108 -1,
109 106 108 -1,
109 108 110 -1,
111 109 110 -1,
112 111 110 -1,
112 110 113 -1,
112 113 114 -1,
115 114 116 -1,
115 112 114 -1,
117 115 116 -1,
118 116 119 -1,
118 119 120 -1,
118 117 116 -1,
121 118 120 -1,
122 120 123 -1,
122 121 120 -1,
124 122 123 -1,
124 123 125 -1,
124 125 126 -1,
127 124 126 -1,
128 127 126 -1,
128 126 129 -1,
130 128 129 -1,
130 129 131 -1,
132 130 131 -1,
132 131 133 -1,
134 132 133 -1,
134 133 135 -1,
136 134 135 -1,
136 135 137 -1,
138 136 137 -1,
138 137 139 -1,
140 138 139 -1,
140 139 141 -1,
142 140 141 -1,
142 141 143 -1,
144 142 143 -1,
144 143 145 -1,
146 144 145 -1,
146 145 147 -1,
148 146 147 -1,
148 147 149 -1,
150 149 151 -1,
150 148 149 -1,
152 151 153 -1,
152 150 151 -1,
154 153 155 -1,
154 152 153 -1,
156 155 157 -1,
156 154 155 -1,
158 157 159 -1,
158 156 157 -1,
160 159 161 -1,
160 158 159 -1,
162 161 163 -1,
162 160 161 -1,
164 163 165 -1,
164 162 163 -1,
166 165 167 -1,
166 164 165 -1,
168 167 169 -1,
168 166 167 -1,
170 169 171 -1,
170 168 169 -1,
172 171 173 -1,
172 170 171 -1,
174 173 175 -1,
174 172 173 -1,
176 174 175 -1,
176 175 177 -1,
178 176 177 -1,
178 177 179 -1,
180 178 179 -1,
180 179 181 -1,
182 180 181 -1,
182 181 183 -1,
184 183 185 -1,
184 182 183 -1,
186 185 187 -1,
186 184 185 -1,
188 187 189 -1,
188 186 187 -1,
190 189 191 -1,
190 191 192 -1,
190 188 189 -1,
193 190 192 -1,
194 192 195 -1,
194 193 192 -1,
196 195 197 -1,
196 194 195 -1,
198 197 199 -1,
198 196 197 -1,
200 199 201 -1,
200 198 199 -1,
202 201 203 -1,
202 200 201 -1,
204 203 205 -1,
204 202 203 -1,
206 205 207 -1,
206 204 205 -1,
208 207 209 -1,
208 209 210 -1,
208 206 207 -1,
211 208 210 -1,
212 210 213 -1,
212 211 210 -1,
214 213 215 -1,
214 212 213 -1,
216 215 217 -1,
216 217 218 -1,
216 214 215 -1,
219 216 218 -1,
220 218 221 -1,
220 219 218 -1,
222 221 223 -1,
222 223 224 -1,
222 220 221 -1,
225 222 224 -1,
226 225 224 -1,
226 224 227 -1,
228 226 227 -1,
228 227 229 -1,
230 228 229 -1,
230 229 231 -1,
232 230 231 -1,
232 231 233 -1,
234 232 233 -1,
234 233 235 -1,
236 234 235 -1,
236 235 237 -1,
238 236 237 -1,
238 237 239 -1,
240 238 239 -1,
240 239 241 -1,
240 241 242 -1,
243 240 242 -1,
244 243 242 -1,
244 242 245 -1,
246 244 245 -1,
246 245 247 -1,
248 246 247 -1,
248 247 249 -1,
250 249 251 -1,
250 248 249 -1,
250 251 2 -1,
1 250 2 -1,
12 8 10 -1,
50 53 54 -1,
44 46 48 -1,
20 14 16 -1,
20 16 18 -1,
40 42 44 -1,
36 38 40 -1,
208 204 206 -1,
28 24 27 -1,
32 1 0 -1,
32 0 4 -1,
32 4 6 -1,
32 6 8 -1,
32 12 14 -1,
32 20 22 -1,
32 22 24 -1,
32 28 30 -1,
32 34 36 -1,
32 48 50 -1,
32 54 56 -1,
32 56 58 -1,
32 58 61 -1,
32 61 62 -1,
32 62 64 -1,
32 64 67 -1,
32 67 69 -1,
32 69 70 -1,
32 70 73 -1,
32 73 74 -1,
32 74 76 -1,
32 76 79 -1,
32 79 80 -1,
32 80 83 -1,
32 83 85 -1,
32 85 86 -1,
32 86 89 -1,
32 89 90 -1,
32 99 101 -1,
32 101 102 -1,
32 102 105 -1,
32 105 106 -1,
32 106 109 -1,
32 109 111 -1,
32 111 112 -1,
32 112 115 -1,
32 115 117 -1,
32 117 118 -1,
32 118 121 -1,
32 121 122 -1,
32 122 124 -1,
32 124 127 -1,
32 127 128 -1,
32 128 130 -1,
32 130 132 -1,
32 132 134 -1,
32 134 136 -1,
32 136 138 -1,
32 138 140 -1,
32 140 142 -1,
32 142 144 -1,
32 144 146 -1,
32 146 148 -1,
32 148 150 -1,
32 150 152 -1,
32 152 154 -1,
32 154 156 -1,
32 156 158 -1,
32 158 160 -1,
32 160 162 -1,
32 162 164 -1,
32 164 166 -1,
32 166 168 -1,
32 168 170 -1,
32 170 172 -1,
32 172 174 -1,
32 174 176 -1,
32 176 178 -1,
32 178 180 -1,
32 180 182 -1,
32 182 184 -1,
32 184 186 -1,
32 186 188 -1,
32 188 190 -1,
32 190 193 -1,
32 193 194 -1,
32 194 196 -1,
32 196 198 -1,
32 198 200 -1,
32 200 202 -1,
32 202 204 -1,
32 208 211 -1,
32 211 212 -1,
32 212 214 -1,
32 214 216 -1,
32 216 219 -1,
32 219 220 -1,
32 220 222 -1,
32 238 240 -1,
32 240 243 -1,
32 243 244 -1,
32 95 99 -1,
32 204 208 -1,
32 90 95 -1,
32 36 40 -1,
32 228 234 -1,
32 222 228 -1,
32 24 28 -1,
32 234 238 -1,
32 244 1 -1,
32 8 12 -1,
32 44 48 -1,
32 50 54 -1,
32 40 44 -1,
32 14 20 -1,
95 96 99 -1,
90 93 95 -1,
228 222 225 -1,
228 225 226 -1,
234 228 230 -1,
234 230 232 -1,
238 234 236 -1,
248 244 246 -1,
1 244 248 -1,
1 248 250 -1,
9 13 11 -1,
52 51 55 -1,
47 45 49 -1,
15 21 17 -1,
17 21 19 -1,
43 41 45 -1,
39 37 41 -1,
205 209 207 -1,
25 29 26 -1,
2 33 3 -1,
3 33 5 -1,
5 33 7 -1,
7 33 9 -1,
13 33 15 -1,
21 33 23 -1,
23 33 25 -1,
29 33 31 -1,
35 33 37 -1,
49 33 51 -1,
55 33 57 -1,
57 33 59 -1,
59 33 60 -1,
60 33 63 -1,
63 33 65 -1,
65 33 66 -1,
66 33 68 -1,
68 33 71 -1,
71 33 72 -1,
72 33 75 -1,
75 33 77 -1,
77 33 78 -1,
78 33 81 -1,
81 33 82 -1,
82 33 84 -1,
84 33 87 -1,
87 33 88 -1,
88 33 91 -1,
98 33 100 -1,
100 33 103 -1,
103 33 104 -1,
104 33 107 -1,
107 33 108 -1,
108 33 110 -1,
110 33 113 -1,
113 33 114 -1,
114 33 116 -1,
116 33 119 -1,
119 33 120 -1,
120 33 123 -1,
123 33 125 -1,
125 33 126 -1,
126 33 129 -1,
129 33 131 -1,
131 33 133 -1,
133 33 135 -1,
135 33 137 -1,
137 33 139 -1,
139 33 141 -1,
141 33 143 -1,
143 33 145 -1,
145 33 147 -1,
147 33 149 -1,
149 33 151 -1,
151 33 153 -1,
153 33 155 -1,
155 33 157 -1,
157 33 159 -1,
159 33 161 -1,
161 33 163 -1,
163 33 165 -1,
165 33 167 -1,
167 33 169 -1,
169 33 171 -1,
171 33 173 -1,
173 33 175 -1,
175 33 177 -1,
177 33 179 -1,
179 33 181 -1,
181 33 183 -1,
183 33 185 -1,
185 33 187 -1,
187 33 189 -1,
189 33 191 -1,
191 33 192 -1,
192 33 195 -1,
195 33 197 -1,
197 33 199 -1,
199 33 201 -1,
201 33 203 -1,
203 33 205 -1,
209 33 210 -1,
210 33 213 -1,
213 33 215 -1,
215 33 217 -1,
217 33 218 -1,
218 33 221 -1,
221 33 223 -1,
239 33 241 -1,
241 33 242 -1,
242 33 245 -1,
94 33 98 -1,
205 33 209 -1,
91 33 94 -1,
37 33 41 -1,
229 33 235 -1,
223 33 229 -1,
25 33 29 -1,
235 33 239 -1,
245 33 2 -1,
9 33 13 -1,
45 33 49 -1,
51 33 55 -1,
41 33 45 -1,
15 33 21 -1,
97 94 98 -1,
92 91 94 -1,
223 229 224 -1,
224 229 227 -1,
229 235 231 -1,
231 235 233 -1,
235 239 237 -1,
245 249 247 -1,
245 2 249 -1,
249 2 251 -1 ] } }
Shape { appearance Appearance { material Material { diffuseColor 0.7 0.72 0.74 } } geometry IndexedFaceSet { solid FALSE coord Coordinate { point [ -0.098425 -13.059055 -0.984252,
-0.098425 -13.059055 0.000000,
-0.098425 -12.940945 -0.984252,
-0.098425 -12.940945 0.000000,
0.098425 -13.059055 0.000000,
0.098425 -13.059055 -0.984252,
0.098425 -12.940945 -0.984252,
0.098425 -12.940945 0.000000 ] } coordIndex [ 0 1 2 -1,
2 1 3 -1,
4 5 6 -1,
4 6 7 -1,
5 4 0 -1,
0 4 1 -1,
7 6 2 -1,
7 2 3 -1,
2 6 0 -1,
0 6 5 -1,
7 3 1 -1,
7 1 4 -1 ] } }
Shape { appearance Appearance { material Material { diffuseColor 0.7 0.72 0.74 } } geometry IndexedFaceSet { solid FALSE coord Coordinate { point [ -0.098425 -13.059055 1.181102,
-0.098425 -13.059055 2.559055,
-0.098425 -12.940945 1.181102,
-0.098425 -12.940945 2.559055,
0.098425 -13.059055 2.559055,
0.098425 -13.059055 1.181102,
0.098425 -12.940945 1.181102,
0.098425 -12.940945 2.559055 ] } coordIndex [ 0 1 2 -1,
2 1 3 -1,
4 5 6 -1,
4 6 7 -1,
5 4 0 -1,
0 4 1 -1,
7 6 2 -1,
7 2 3 -1,
2 6 0 -1,
0 6 5 -1,
7 3 1 -1,
7 1 4 -1 ] } }
Shape { appearance Appearance { material Material { diffuseColor 0.7 0.72 0.74 } } geometry IndexedFaceSet { solid FALSE coord Coordinate { point [ 0.200787 -13.002944 2.618037,
0.200787 -13.000000 2.618110,
0.000000 -13.000000 2.618110,
0.000000 -13.002944 2.618037,
0.200787 -13.005880 2.617817,
0.000000 -13.005880 2.617817,
0.200787 -13.008802 2.617451,
0.000000 -13.008802 2.617451,
0.200787 -13.011702 2.616939,
0.000000 -13.011702 2.616939,
0.200787 -13.014572 2.616284,
0.000000 -13.014572 2.616284,
0.200787 -13.017407 2.615487,
0.000000 -13.017407 2.615487,
0.200787 -13.020198 2.614549,
0.000000 -13.020198 2.614549,
0.200787 -13.022939 2.613473,
0.000000 -13.022939 2.613473,
0.200787 -13.025623 2.612262,
0.000000 -13.025623 2.612262,
0.200787 -13.028243 2.610919,
0.000000 -13.028243 2.610919,
0.200787 -13.030793 2.609446,
0.000000 -13.030793 2.609446,
0.200787 -13.033267 2.607849,
0.000000 -13.033267 2.607849,
0.000000 -13.035658 2.606130,
0.200787 -13.035658 2.606130,
0.200787 -13.037960 2.604294,
0.000000 -13.037960 2.604294,
0.200787 -13.040168 2.602346,
0.000000 -13.040168 2.602346,
0.200787 -13.042276 2.600290,
0.000000 -13.042276 2.600290,
0.200787 -13.044278 2.598131,
0.000000 -13.044278 2.598131,
0.200787 -13.046171 2.595875,
0.000000 -13.046171 2.595875,
0.200787 -13.047949 2.593528,
0.000000 -13.047949 2.593528,
0.200787 -13.049608 2.591095,
0.000000 -13.049608 2.591095,
0.200787 -13.051143 2.588583,
0.000000 -13.051143 2.588583,
0.200787 -13.052551 2.585997,
0.000000 -13.052551 2.585997,
0.200787 -13.053829 2.583344,
0.000000 -13.053829 2.583344,
0.200787 -13.054973 2.580630,
0.000000 -13.054973 2.580630,
0.200787 -13.055980 2.577863,
0.000000 -13.055980 2.577863,
0.000000 -13.056848 2.575050,
0.200787 -13.056848 2.575050,
0.200787 -13.057574 2.572196,
0.000000 -13.057574 2.572196,
0.200787 -13.058158 2.569310,
0.000000 -13.058158 2.569310,
0.200787 -13.058597 2.566398,
0.000000 -13.058597 2.566398,
0.000000 -13.058890 2.563468,
0.200787 -13.058890 2.563468,
0.200787 -13.059037 2.560527,
0.000000 -13.059037 2.560527,
0.200787 -13.059037 2.557583,
0.000000 -13.059037 2.557583,
0.000000 -13.058890 2.554642,
0.200787 -13.058890 2.554642,
0.000000 -13.058597 2.551712,
0.200787 -13.058597 2.551712,
0.200787 -13.058158 2.548800,
0.000000 -13.058158 2.548800,
0.000000 -13.057574 2.545914,
0.200787 -13.057574 2.545914,
0.200787 -13.056848 2.543061,
0.000000 -13.056848 2.543061,
0.200787 -13.055980 2.540247,
0.000000 -13.055980 2.540247,
0.000000 -13.054973 2.537480,
0.200787 -13.054973 2.537480,
0.200787 -13.053829 2.534767,
0.000000 -13.053829 2.534767,
0.000000 -13.052551 2.532114,
0.200787 -13.052551 2.532114,
0.000000 -13.051143 2.529528,
0.200787 -13.051143 2.529528,
0.200787 -13.049608 2.527015,
0.000000 -13.049608 2.527015,
0.000000 -13.047949 2.524582,
0.200787 -13.047949 2.524582,
0.200787 -13.046171 2.522235,
0.000000 -13.046171 2.522235,
0.000000 -13.044278 2.519979,
0.200787 -13.044278 2.519979,
0.000000 -13.042276 2.517821,
0.200787 -13.042276 2.517821,
0.200787 -13.040168 2.515765,
0.000000 -13.040168 2.515765,
0.000000 -13.037960 2.513816,
0.200787 -13.037960 2.513816,
0.000000 -13.035658 2.511980,
0.200787 -13.035658 2.511980,
0.200787 -13.033267 2.510261,
0.000000 -13.033267 2.510261,
0.000000 -13.030793 2.508664,
0.200787 -13.030793 2.508664,
0.200787 -13.028243 2.507192,
0.000000 -13.028243 2.507192,
0.000000 -13.025623 2.505848,
0.200787 -13.025623 2.505848,
0.000000 -13.022939 2.504637,
0.200787 -13.022939 2.504637,
0.200787 -13.020198 2.503561,
0.000000 -13.020198 2.503561,
0.000000 -13.017407 2.502624,
0.200787 -13.017407 2.502624,
0.000000 -13.014572 2.501826,
0.200787 -13.014572 2.501826,
0.200787 -13.011702 2.501171,
0.000000 -13.011702 2.501171,
0.000000 -13.008802 2.500660,
0.200787 -13.008802 2.500660,
0.200787 -13.005880 2.500293,
0.000000 -13.005880 2.500293,
0.200787 -13.002944 2.500073,
0.000000 -13.002944 2.500073,
0.000000 -13.000000 2.500000,
0.200787 -13.000000 2.500000,
0.200787 -12.997056 2.500073,
0.000000 -12.997056 2.500073,
0.200787 -12.994120 2.500293,
0.000000 -12.994120 2.500293,
0.200787 -12.991198 2.500660,
0.000000 -12.991198 2.500660,
0.200787 -12.988298 2.501171,
0.000000 -12.988298 2.501171,
0.200787 -12.985428 2.501826,
0.000000 -12.985428 2.501826,
0.200787 -12.982593 2.502624,
0.000000 -12.982593 2.502624,
0.200787 -12.979802 2.503561,
0.000000 -12.979802 2.503561,
0.200787 -12.977061 2.504637,
0.000000 -12.977061 2.504637,
0.200787 -12.974377 2.505848,
0.000000 -12.974377 2.505848,
0.200787 -12.971757 2.507192,
0.000000 -12.971757 2.507192,
0.200787 -12.969207 2.508664,
0.000000 -12.969207 2.508664,
0.200787 -12.966733 2.510261,
0.000000 -12.966733 2.510261,
0.200787 -12.964342 2.511980,
0.000000 -12.964342 2.511980,
0.200787 -12.962040 2.513816,
0.000000 -12.962040 2.513816,
0.200787 -12.959832 2.515765,
0.000000 -12.959832 2.515765,
0.200787 -12.957724 2.517821,
0.000000 -12.957724 2.517821,
0.200787 -12.955722 2.519979,
0.000000 -12.955722 2.519979,
0.200787 -12.953829 2.522235,
0.000000 -12.953829 2.522235,
0.200787 -12.952051 2.524582,
0.000000 -12.952051 2.524582,
0.200787 -12.950392 2.527015,
0.000000 -12.950392 2.527015,
0.200787 -12.948857 2.529528,
0.000000 -12.948857 2.529528,
0.200787 -12.947449 2.532114,
0.000000 -12.947449 2.532114,
0.200787 -12.946171 2.534767,
0.000000 -12.946171 2.534767,
0.200787 -12.945027 2.537480,
0.000000 -12.945027 2.537480,
0.200787 -12.944020 2.540247,
0.000000 -12.944020 2.540247,
0.200787 -12.943152 2.543061,
0.000000 -12.943152 2.543061,
0.200787 -12.942426 2.545914,
0.000000 -12.942426 2.545914,
0.200787 -12.941842 2.548800,
0.000000 -12.941842 2.548800,
0.200787 -12.941403 2.551712,
0.000000 -12.941403 2.551712,
0.200787 -12.941110 2.554642,
0.000000 -12.941110 2.554642,
0.200787 -12.940963 2.557583,
0.000000 -12.940963 2.557583,
0.200787 -12.940963 2.560527,
0.000000 -12.940963 2.560527,
0.000000 -12.941110 2.563468,
0.200787 -12.941110 2.563468,
0.200787 -12.941403 2.566398,
0.000000 -12.941403 2.566398,
0.200787 -12.941842 2.569310,
0.000000 -12.941842 2.569310,
0.200787 -12.942426 2.572196,
0.000000 -12.942426 2.572196,
0.200787 -12.943152 2.575050,
0.000000 -12.943152 2.575050,
0.200787 -12.944020 2.577863,
0.000000 -12.944020 2.577863,
0.200787 -12.945027 2.580630,
0.000000 -12.945027 2.580630,
0.200787 -12.946171 2.583344,
0.000000 -12.946171 2.583344,
0.200787 -12.947449 2.585997,
0.000000 -12.947449 2.585997,
0.000000 -12.948857 2.588583,
0.200787 -12.948857 2.588583,
0.200787 -12.950392 2.591095,
0.000000 -12.950392 2.591095,
0.200787 -12.952051 2.593528,
0.000000 -12.952051 2.593528,
0.200787 -12.953829 2.595875,
0.000000 -12.953829 2.595875,
0.000000 -12.955722 2.598131,
0.200787 -12.955722 2.598131,
0.200787 -12.957724 2.600290,
0.000000 -12.957724 2.600290,
0.200787 -12.959832 2.602346,
0.000000 -12.959832 2.602346,
0.000000 -12.962040 2.604294,
0.200787 -12.962040 2.604294,
0.200787 -12.964342 2.606130,
0.000000 -12.964342 2.606130,
0.200787 -12.966733 2.607849,
0.000000 -12.966733 2.607849,
0.200787 -12.969207 2.609446,
0.000000 -12.969207 2.609446,
0.200787 -12.971757 2.610919,
0.000000 -12.971757 2.610919,
0.200787 -12.974377 2.612262,
0.000000 -12.974377 2.612262,
0.200787 -12.977061 2.613473,
0.000000 -12.977061 2.613473,
0.200787 -12.979802 2.614549,
0.000000 -12.979802 2.614549,
0.200787 -12.982593 2.615487,
0.000000 -12.982593 2.615487,
0.000000 -12.985428 2.616284,
0.200787 -12.985428 2.616284,
0.200787 -12.988298 2.616939,
0.000000 -12.988298 2.616939,
0.200787 -12.991198 2.617451,
0.000000 -12.991198 2.617451,
0.200787 -12.994120 2.617817,
0.000000 -12.994120 2.617817,
0.200787 -12.997056 2.618037,
0.000000 -12.997056 2.618037 ] } coordIndex [ 0 1 2 -1,
0 2 3 -1,
4 3 5 -1,
4 0 3 -1,
6 5 7 -1,
6 4 5 -1,
8 7 9 -1,
8 6 7 -1,
10 9 11 -1,
10 8 9 -1,
12 11 13 -1,
12 10 11 -1,
14 13 15 -1,
14 12 13 -1,
16 15 17 -1,
16 14 15 -1,
18 17 19 -1,
18 16 17 -1,
20 19 21 -1,
20 18 19 -1,
22 20 21 -1,
22 21 23 -1,
24 22 23 -1,
24 23 25 -1,
24 25 26 -1,
27 24 26 -1,
28 27 26 -1,
28 26 29 -1,
30 28 29 -1,
30 29 31 -1,
32 30 31 -1,
32 31 33 -1,
34 32 33 -1,
34 33 35 -1,
36 34 35 -1,
36 35 37 -1,
38 36 37 -1,
38 37 39 -1,
40 38 39 -1,
40 39 41 -1,
42 40 41 -1,
42 41 43 -1,
44 42 43 -1,
44 43 45 -1,
46 45 47 -1,
46 44 45 -1,
48 47 49 -1,
48 46 47 -1,
50 49 51 -1,
50 51 52 -1,
50 48 49 -1,
53 50 52 -1,
54 52 55 -1,
54 53 52 -1,
56 55 57 -1,
56 54 55 -1,
58 57 59 -1,
58 59 60 -1,
58 56 57 -1,
61 58 60 -1,
62 60 63 -1,
62 61 60 -1,
64 63 65 -1,
64 65 66 -1,
64 62 63 -1,
67 66 68 -1,
67 64 66 -1,
69 67 68 -1,
70 68 71 -1,
70 71 72 -1,
70 69 68 -1,
73 70 72 -1,
74 73 72 -1,
74 72 75 -1,
76 74 75 -1,
76 75 77 -1,
76 77 78 -1,
79 76 78 -1,
80 79 78 -1,
80 78 81 -1,
80 81 82 -1,
83 80 82 -1,
83 82 84 -1,
85 83 84 -1,
86 85 84 -1,
86 84 87 -1,
86 87 88 -1,
89 86 88 -1,
90 89 88 -1,
90 88 91 -1,
90 91 92 -1,
93 90 92 -1,
93 92 94 -1,
95 93 94 -1,
96 95 94 -1,
96 94 97 -1,
96 97 98 -1,
99 96 98 -1,
99 98 100 -1,
101 99 100 -1,
102 101 100 -1,
102 100 103 -1,
102 103 104 -1,
105 102 104 -1,
106 105 104 -1,
106 104 107 -1,
106 107 108 -1,
109 106 108 -1,
109 108 110 -1,
111 109 110 -1,
112 111 110 -1,
112 110 113 -1,
112 113 114 -1,
115 114 116 -1,
115 112 114 -1,
117 115 116 -1,
118 116 119 -1,
118 119 120 -1,
118 117 116 -1,
121 118 120 -1,
122 120 123 -1,
122 121 120 -1,
124 122 123 -1,
124 123 125 -1,
124 125 126 -1,
127 124 126 -1,
128 127 126 -1,
128 126 129 -1,
130 128 129 -1,
130 129 131 -1,
132 130 131 -1,
132 131 133 -1,
134 132 133 -1,
134 133 135 -1,
136 134 135 -1,
136 135 137 -1,
138 136 137 -1,
138 137 139 -1,
140 138 139 -1,
140 139 141 -1,
142 140 141 -1,
142 141 143 -1,
144 142 143 -1,
144 143 145 -1,
146 144 145 -1,
146 145 147 -1,
148 146 147 -1,
148 147 149 -1,
150 149 151 -1,
150 148 149 -1,
152 151 153 -1,
152 150 151 -1,
154 153 155 -1,
154 152 153 -1,
156 155 157 -1,
156 154 155 -1,
158 157 159 -1,
158 156 157 -1,
160 159 161 -1,
160 158 159 -1,
162 161 163 -1,
162 160 161 -1,
164 163 165 -1,
164 162 163 -1,
166 165 167 -1,
166 164 165 -1,
168 167 169 -1,
168 166 167 -1,
170 169 171 -1,
170 168 169 -1,
172 171 173 -1,
172 170 171 -1,
174 173 175 -1,
174 172 173 -1,
176 174 175 -1,
176 175 177 -1,
178 176 177 -1,
178 177 179 -1,
180 178 179 -1,
180 179 181 -1,
182 180 181 -1,
182 181 183 -1,
184 183 185 -1,
184 182 183 -1,
186 185 187 -1,
186 184 185 -1,
188 187 189 -1,
188 186 187 -1,
190 189 191 -1,
190 191 192 -1,
190 188 189 -1,
193 190 192 -1,
194 192 195 -1,
194 193 192 -1,
196 195 197 -1,
196 194 195 -1,
198 197 199 -1,
198 196 197 -1,
200 199 201 -1,
200 198 199 -1,
202 201 203 -1,
202 200 201 -1,
204 203 205 -1,
204 202 203 -1,
206 205 207 -1,
206 204 205 -1,
208 207 209 -1,
208 209 210 -1,
208 206 207 -1,
211 208 210 -1,
212 210 213 -1,
212 211 210 -1,
214 213 215 -1,
214 212 213 -1,
216 215 217 -1,
216 217 218 -1,
216 214 215 -1,
219 216 218 -1,
220 218 221 -1,
220 219 218 -1,
222 221 223 -1,
222 223 224 -1,
222 220 221 -1,
225 222 224 -1,
226 225 224 -1,
226 224 227 -1,
228 226 227 -1,
228 227 229 -1,
230 228 229 -1,
230 229 231 -1,
232 230 231 -1,
232 231 233 -1,
234 232 233 -1,
234 233 235 -1,
236 234 235 -1,
236 235 237 -1,
238 236 237 -1,
238 237 239 -1,
240 238 239 -1,
240 239 241 -1,
240 241 242 -1,
243 240 242 -1,
244 243 242 -1,
244 242 245 -1,
246 244 245 -1,
246 245 247 -1,
248 246 247 -1,
248 247 249 -1,
250 249 251 -1,
250 248 249 -1,
250 251 2 -1,
1 250 2 -1,
12 8 10 -1,
50 53 54 -1,
44 46 48 -1,
20 14 16 -1,
20 16 18 -1,
40 42 44 -1,
36 38 40 -1,
208 204 206 -1,
28 24 27 -1,
32 1 0 -1,
32 0 4 -1,
32 4 6 -1,
32 6 8 -1,
32 12 14 -1,
32 20 22 -1,
32 22 24 -1,
32 28 30 -1,
32 34 36 -1,
32 48 50 -1,
32 54 56 -1,
32 56 58 -1,
32 58 61 -1,
32 61 62 -1,
32 62 64 -1,
32 64 67 -1,
32 67 69 -1,
32 69 70 -1,
32 70 73 -1,
32 73 74 -1,
32 74 76 -1,
32 76 79 -1,
32 79 80 -1,
32 80 83 -1,
32 83 85 -1,
32 85 86 -1,
32 86 89 -1,
32 89 90 -1,
32 99 101 -1,
32 101 102 -1,
32 102 105 -1,
32 105 106 -1,
32 106 109 -1,
32 109 111 -1,
32 111 112 -1,
32 112 115 -1,
32 115 117 -1,
32 117 118 -1,
32 118 121 -1,
32 121 122 -1,
32 122 124 -1,
32 124 127 -1,
32 127 128 -1,
32 128 130 -1,
32 130 132 -1,
32 132 134 -1,
32 134 136 -1,
32 136 138 -1,
32 138 140 -1,
32 140 142 -1,
32 142 144 -1,
32 144 146 -1,
32 146 148 -1,
32 148 150 -1,
32 150 152 -1,
32 152 154 -1,
32 154 156 -1,
32 156 158 -1,
32 158 160 -1,
32 160 162 -1,
32 162 164 -1,
32 164 166 -1,
32 166 168 -1,
32 168 170 -1,
32 170 172 -1,
32 172 174 -1,
32 174 176 -1,
32 176 178 -1,
32 178 180 -1,
32 180 182 -1,
32 182 184 -1,
32 184 186 -1,
32 186 188 -1,
32 188 190 -1,
32 190 193 -1,
32 193 194 -1,
32 194 196 -1,
32 196 198 -1,
32 198 200 -1,
32 200 202 -1,
32 202 204 -1,
32 208 211 -1,
32 211 212 -1,
32 212 214 -1,
32 214 216 -1,
32 216 219 -1,
32 219 220 -1,
32 220 222 -1,
32 238 240 -1,
32 240 243 -1,
32 243 244 -1,
32 95 99 -1,
32 204 208 -1,
32 90 95 -1,
32 36 40 -1,
32 228 234 -1,
32 222 228 -1,
32 24 28 -1,
32 234 238 -1,
32 244 1 -1,
32 8 12 -1,
32 44 48 -1,
32 50 54 -1,
32 40 44 -1,
32 14 20 -1,
95 96 99 -1,
90 93 95 -1,
228 222 225 -1,
228 225 226 -1,
234 228 230 -1,
234 230 232 -1,
238 234 236 -1,
248 244 246 -1,
1 244 248 -1,
1 248 250 -1,
9 13 11 -1,
52 51 55 -1,
47 45 49 -1,
15 21 17 -1,
17 21 19 -1,
43 41 45 -1,
39 37 41 -1,
205 209 207 -1,
25 29 26 -1,
2 33 3 -1,
3 33 5 -1,
5 33 7 -1,
7 33 9 -1,
13 33 15 -1,
21 33 23 -1,
23 33 25 -1,
29 33 31 -1,
35 33 37 -1,
49 33 51 -1,
55 33 57 -1,
57 33 59 -1,
59 33 60 -1,
60 33 63 -1,
63 33 65 -1,
65 33 66 -1,
66 33 68 -1,
68 33 71 -1,
71 33 72 -1,
72 33 75 -1,
75 33 77 -1,
77 33 78 -1,
78 33 81 -1,
81 33 82 -1,
82 33 84 -1,
84 33 87 -1,
87 33 88 -1,
88 33 91 -1,
98 33 100 -1,
100 33 103 -1,
103 33 104 -1,
104 33 107 -1,
107 33 108 -1,
108 33 110 -1,
110 33 113 -1,
113 33 114 -1,
114 33 116 -1,
116 33 119 -1,
119 33 120 -1,
120 33 123 -1,
123 33 125 -1,
125 33 126 -1,
126 33 129 -1,
129 33 131 -1,
131 33 133 -1,
133 33 135 -1,
135 33 137 -1,
137 33 139 -1,
139 33 141 -1,
141 33 143 -1,
143 33 145 -1,
145 33 147 -1,
147 33 149 -1,
149 33 151 -1,
151 33 153 -1,
153 33 155 -1,
155 33 157 -1,
157 33 159 -1,
159 33 161 -1,
161 33 163 -1,
163 33 165 -1,
165 33 167 -1,
167 33 169 -1,
169 33 171 -1,
171 33 173 -1,
173 33 175 -1,
175 33 177 -1,
177 33 179 -1,
179 33 181 -1,
181 33 183 -1,
183 33 185 -1,
185 33 187 -1,
187 33 189 -1,
189 33 191 -1,
191 33 192 -1,
192 33 195 -1,
195 33 197 -1,
197 33 199 -1,
199 33 201 -1,
201 33 203 -1,
203 33 205 -1,
209 33 210 -1,
210 33 213 -1,
213 33 215 -1,
215 33 217 -1,
217 33 218 -1,
218 33 221 -1,
221 33 223 -1,
239 33 241 -1,
241 33 242 -1,
242 33 245 -1,
94 33 98 -1,
205 33 209 -1,
91 33 94 -1,
37 33 41 -1,
229 33 235 -1,
223 33 229 -1,
25 33 29 -1,
235 33 239 -1,
245 33 2 -1,
9 33 13 -1,
45 33 49 -1,
51 33 55 -1,
41 33 45 -1,
15 33 21 -1,
97 94 98 -1,
92 91 94 -1,
223 229 224 -1,
224 229 227 -1,
229 235 231 -1,
231 235 233 -1,
235 239 237 -1,
245 249 247 -1,
245 2 249 -1,
249 2 251 -1 ] } }
Shape { appearance Appearance { material Material { diffuseColor 0.7 0.72 0.74 } } geometry IndexedFaceSet { solid FALSE coord Coordinate { point [ 2.901575 -0.059055 -0.984252,
2.901575 -0.059055 0.000000,
2.901575 0.059055 -0.984252,
2.901575 0.059055 0.000000,
3.098425 -0.059055 0.000000,
3.098425 -0.059055 -0.984252,
3.098425 0.059055 -0.984252,
3.098425 0.059055 0.000000 ] } coordIndex [ 0 1 2 -1,
2 1 3 -1,
4 5 6 -1,
4 6 7 -1,
5 4 0 -1,
0 4 1 -1,
7 6 2 -1,
7 2 3 -1,
2 6 0 -1,
0 6 5 -1,
7 3 1 -1,
7 1 4 -1 ] } }
Shape { appearance Appearance { material Material { diffuseColor 0.7 0.72 0.74 } } geometry IndexedFaceSet { solid FALSE coord Coordinate { point [ 2.901575 -0.059055 1.181102,
2.901575 -0.059055 2.559055,
2.901575 0.059055 1.181102,
2.901575 0.059055 2.559055,
3.098425 -0.059055 2.559055,
3.098425 -0.059055 1.181102,
3.098425 0.059055 1.181102,
3.098425 0.059055 2.559055 ] } coordIndex [ 0 1 2 -1,
2 1 3 -1,
4 5 6 -1,
4 6 7 -1,
5 4 0 -1,
0 4 1 -1,
7 6 2 -1,
7 2 3 -1,
2 6 0 -1,
0 6 5 -1,
7 3 1 -1,
7 1 4 -1 ] } }
Shape { appearance Appearance { material Material { diffuseColor 0.7 0.72 0.74 } } geometry IndexedFaceSet { solid FALSE coord Coordinate { point [ 2.799213 -0.002944 2.500073,
2.799213 0.000000 2.500000,
3.000000 0.000000 2.500000,
3.000000 -0.002944 2.500073,
2.799213 -0.005880 2.500293,
3.000000 -0.005880 2.500293,
2.799213 -0.008802 2.500660,
3.000000 -0.008802 2.500660,
2.799213 -0.011702 2.501171,
3.000000 -0.011702 2.501171,
3.000000 -0.014572 2.501826,
2.799213 -0.014572 2.501826,
2.799213 -0.017407 2.502624,
3.000000 -0.017407 2.502624,
2.799213 -0.020198 2.503561,
3.000000 -0.020198 2.503561,
2.799213 -0.022939 2.504637,
3.000000 -0.022939 2.504637,
3.000000 -0.025623 2.505848,
2.799213 -0.025623 2.505848,
2.799213 -0.028243 2.507192,
3.000000 -0.028243 2.507192,
2.799213 -0.030793 2.508664,
3.000000 -0.030793 2.508664,
3.000000 -0.033267 2.510261,
2.799213 -0.033267 2.510261,
2.799213 -0.035658 2.511980,
3.000000 -0.035658 2.511980,
2.799213 -0.037960 2.513816,
3.000000 -0.037960 2.513816,
3.000000 -0.040168 2.515765,
2.799213 -0.040168 2.515765,
2.799213 -0.042276 2.517821,
3.000000 -0.042276 2.517821,
2.799213 -0.044278 2.519979,
3.000000 -0.044278 2.519979,
2.799213 -0.046171 2.522235,
3.000000 -0.046171 2.522235,
2.799213 -0.047949 2.524582,
3.000000 -0.047949 2.524582,
2.799213 -0.049608 2.527015,
3.000000 -0.049608 2.527015,
2.799213 -0.051143 2.529528,
3.000000 -0.051143 2.529528,
2.799213 -0.052551 2.532114,
3.000000 -0.052551 2.532114,
2.799213 -0.053829 2.534767,
3.000000 -0.053829 2.534767,
2.799213 -0.054973 2.537480,
3.000000 -0.054973 2.537480,
2.799213 -0.055980 2.540247,
3.000000 -0.055980 2.540247,
3.000000 -0.056848 2.543061,
2.799213 -0.056848 2.543061,
2.799213 -0.057574 2.545914,
3.000000 -0.057574 2.545914,
2.799213 -0.058158 2.548800,
3.000000 -0.058158 2.548800,
3.000000 -0.058597 2.551712,
2.799213 -0.058597 2.551712,
2.799213 -0.058890 2.554642,
3.000000 -0.058890 2.554642,
2.799213 -0.059037 2.557583,
3.000000 -0.059037 2.557583,
2.799213 -0.059037 2.560527,
3.000000 -0.059037 2.560527,
3.000000 -0.058890 2.563468,
2.799213 -0.058890 2.563468,
2.799213 -0.058597 2.566398,
3.000000 -0.058597 2.566398,
3.000000 -0.058158 2.569310,
2.799213 -0.058158 2.569310,
2.799213 -0.057574 2.572196,
3.000000 -0.057574 2.572196,
2.799213 -0.056848 2.575050,
3.000000 -0.056848 2.575050,
3.000000 -0.055980 2.577863,
2.799213 -0.055980 2.577863,
2.799213 -0.054973 2.580630,
3.000000 -0.054973 2.580630,
3.000000 -0.053829 2.583344,
2.799213 -0.053829 2.583344,
2.799213 -0.052551 2.585997,
3.000000 -0.052551 2.585997,
2.799213 -0.051143 2.588583,
3.000000 -0.051143 2.588583,
2.799213 -0.049608 2.591095,
3.000000 -0.049608 2.591095,
3.000000 -0.047949 2.593528,
2.799213 -0.047949 2.593528,
2.799213 -0.046171 2.595875,
3.000000 -0.046171 2.595875,
3.000000 -0.044278 2.598131,
2.799213 -0.044278 2.598131,
3.000000 -0.042276 2.600290,
2.799213 -0.042276 2.600290,
2.799213 -0.040168 2.602346,
3.000000 -0.040168 2.602346,
3.000000 -0.037960 2.604294,
2.799213 -0.037960 2.604294,
2.799213 -0.035658 2.606130,
3.000000 -0.035658 2.606130,
3.000000 -0.033267 2.607849,
2.799213 -0.033267 2.607849,
3.000000 -0.030793 2.609446,
2.799213 -0.030793 2.609446,
2.799213 -0.028243 2.610919,
3.000000 -0.028243 2.610919,
3.000000 -0.025623 2.612262,
2.799213 -0.025623 2.612262,
2.799213 -0.022939 2.613473,
3.000000 -0.022939 2.613473,
3.000000 -0.020198 2.614549,
2.799213 -0.020198 2.614549,
2.799213 -0.017407 2.615487,
3.000000 -0.017407 2.615487,
3.000000 -0.014572 2.616284,
2.799213 -0.014572 2.616284,
2.799213 -0.011702 2.616939,
3.000000 -0.011702 2.616939,
3.000000 -0.008802 2.617451,
2.799213 -0.008802 2.617451,
2.799213 -0.005880 2.617817,
3.000000 -0.005880 2.617817,
2.799213 -0.002944 2.618037,
3.000000 -0.002944 2.618037,
3.000000 0.000000 2.618110,
2.799213 0.000000 2.618110,
2.799213 0.002944 2.618037,
3.000000 0.002944 2.618037,
2.799213 0.005880 2.617817,
3.000000 0.005880 2.617817,
2.799213 0.008802 2.617451,
3.000000 0.008802 2.617451,
2.799213 0.011702 2.616939,
3.000000 0.011702 2.616939,
2.799213 0.014572 2.616284,
3.000000 0.014572 2.616284,
2.799213 0.017407 2.615487,
3.000000 0.017407 2.615487,
2.799213 0.020198 2.614549,
3.000000 0.020198 2.614549,
2.799213 0.022939 2.613473,
3.000000 0.022939 2.613473,
2.799213 0.025623 2.612262,
3.000000 0.025623 2.612262,
2.799213 0.028243 2.610919,
3.000000 0.028243 2.610919,
2.799213 0.030793 2.609446,
3.000000 0.030793 2.609446,
2.799213 0.033267 2.607849,
3.000000 0.033267 2.607849,
2.799213 0.035658 2.606130,
3.000000 0.035658 2.606130,
2.799213 0.037960 2.604294,
3.000000 0.037960 2.604294,
2.799213 0.040168 2.602346,
3.000000 0.040168 2.602346,
2.799213 0.042276 2.600290,
3.000000 0.042276 2.600290,
2.799213 0.044278 2.598131,
3.000000 0.044278 2.598131,
2.799213 0.046171 2.595875,
3.000000 0.046171 2.595875,
2.799213 0.047949 2.593528,
3.000000 0.047949 2.593528,
2.799213 0.049608 2.591095,
3.000000 0.049608 2.591095,
2.799213 0.051143 2.588583,
3.000000 0.051143 2.588583,
2.799213 0.052551 2.585997,
3.000000 0.052551 2.585997,
2.799213 0.053829 2.583344,
3.000000 0.053829 2.583344,
2.799213 0.054973 2.580630,
3.000000 0.054973 2.580630,
2.799213 0.055980 2.577863,
3.000000 0.055980 2.577863,
2.799213 0.056848 2.575050,
3.000000 0.056848 2.575050,
2.799213 0.057574 2.572196,
3.000000 0.057574 2.572196,
2.799213 0.058158 2.569310,
3.000000 0.058158 2.569310,
2.799213 0.058597 2.566398,
3.000000 0.058597 2.566398,
2.799213 0.058890 2.563468,
3.000000 0.058890 2.563468,
2.799213 0.059037 2.560527,
3.000000 0.059037 2.560527,
2.799213 0.059037 2.557583,
3.000000 0.059037 2.557583,
2.799213 0.058890 2.554642,
3.000000 0.058890 2.554642,
2.799213 0.058597 2.551712,
3.000000 0.058597 2.551712,
2.799213 0.058158 2.548800,
3.000000 0.058158 2.548800,
2.799213 0.057574 2.545914,
3.000000 0.057574 2.545914,
2.799213 0.056848 2.543061,
3.000000 0.056848 2.543061,
2.799213 0.055980 2.540247,
3.000000 0.055980 2.540247,
3.000000 0.054973 2.537480,
2.799213 0.054973 2.537480,
2.799213 0.053829 2.534767,
3.000000 0.053829 2.534767,
2.799213 0.052551 2.532114,
3.000000 0.052551 2.532114,
2.799213 0.051143 2.529528,
3.000000 0.051143 2.529528,
2.799213 0.049608 2.527015,
3.000000 0.049608 2.527015,
3.000000 0.047949 2.524582,
2.799213 0.047949 2.524582,
2.799213 0.046171 2.522235,
3.000000 0.046171 2.522235,
2.799213 0.044278 2.519979,
3.000000 0.044278 2.519979,
2.799213 0.042276 2.517821,
3.000000 0.042276 2.517821,
2.799213 0.040168 2.515765,
3.000000 0.040168 2.515765,
2.799213 0.037960 2.513816,
3.000000 0.037960 2.513816,
2.799213 0.035658 2.511980,
3.000000 0.035658 2.511980,
2.799213 0.033267 2.510261,
3.000000 0.033267 2.510261,
2.799213 0.030793 2.508664,
3.000000 0.030793 2.508664,
2.799213 0.028243 2.507192,
3.000000 0.028243 2.507192,
2.799213 0.025623 2.505848,
3.000000 0.025623 2.505848,
2.799213 0.022939 2.504637,
3.000000 0.022939 2.504637,
2.799213 0.020198 2.503561,
3.000000 0.020198 2.503561,
2.799213 0.017407 2.502624,
3.000000 0.017407 2.502624,
3.000000 0.014572 2.501826,
2.799213 0.014572 2.501826,
2.799213 0.011702 2.501171,
3.000000 0.011702 2.501171,
2.799213 0.008802 2.500660,
3.000000 0.008802 2.500660,
2.799213 0.005880 2.500293,
3.000000 0.005880 2.500293,
2.799213 0.002944 2.500073,
3.000000 0.002944 2.500073 ] } coordIndex [ 0 1 2 -1,
0 2 3 -1,
4 3 5 -1,
4 0 3 -1,
6 5 7 -1,
6 4 5 -1,
8 7 9 -1,
8 9 10 -1,
8 6 7 -1,
11 8 10 -1,
12 10 13 -1,
12 11 10 -1,
14 13 15 -1,
14 12 13 -1,
16 15 17 -1,
16 17 18 -1,
16 14 15 -1,
19 16 18 -1,
20 18 21 -1,
20 19 18 -1,
22 20 21 -1,
22 21 23 -1,
22 23 24 -1,
25 22 24 -1,
26 25 24 -1,
26 24 27 -1,
28 26 27 -1,
28 27 29 -1,
28 29 30 -1,
31 28 30 -1,
32 31 30 -1,
32 30 33 -1,
34 32 33 -1,
34 33 35 -1,
36 34 35 -1,
36 35 37 -1,
38 36 37 -1,
38 37 39 -1,
40 38 39 -1,
40 39 41 -1,
42 40 41 -1,
42 41 43 -1,
44 42 43 -1,
44 43 45 -1,
46 45 47 -1,
46 44 45 -1,
48 47 49 -1,
48 46 47 -1,
50 49 51 -1,
50 51 52 -1,
50 48 49 -1,
53 50 52 -1,
54 52 55 -1,
54 53 52 -1,
56 55 57 -1,
56 57 58 -1,
56 54 55 -1,
59 56 58 -1,
60 58 61 -1,
60 59 58 -1,
62 61 63 -1,
62 60 61 -1,
64 63 65 -1,
64 65 66 -1,
64 62 63 -1,
67 64 66 -1,
68 66 69 -1,
68 69 70 -1,
68 67 66 -1,
71 68 70 -1,
72 71 70 -1,
72 70 73 -1,
74 72 73 -1,
74 73 75 -1,
74 75 76 -1,
77 74 76 -1,
78 77 76 -1,
78 76 79 -1,
78 79 80 -1,
81 78 80 -1,
82 81 80 -1,
82 80 83 -1,
84 82 83 -1,
84 83 85 -1,
86 84 85 -1,
86 85 87 -1,
86 87 88 -1,
89 86 88 -1,
90 89 88 -1,
90 88 91 -1,
90 91 92 -1,
93 90 92 -1,
93 92 94 -1,
95 93 94 -1,
96 95 94 -1,
96 94 97 -1,
96 97 98 -1,
99 96 98 -1,
100 99 98 -1,
100 98 101 -1,
100 101 102 -1,
103 100 102 -1,
103 102 104 -1,
105 103 104 -1,
106 105 104 -1,
106 104 107 -1,
106 107 108 -1,
109 106 108 -1,
110 109 108 -1,
110 108 111 -1,
110 111 112 -1,
113 110 112 -1,
114 113 112 -1,
114 112 115 -1,
114 115 116 -1,
117 114 116 -1,
118 116 119 -1,
118 119 120 -1,
118 117 116 -1,
121 118 120 -1,
122 120 123 -1,
122 121 120 -1,
124 122 123 -1,
124 123 125 -1,
124 125 126 -1,
127 124 126 -1,
128 127 126 -1,
128 126 129 -1,
130 128 129 -1,
130 129 131 -1,
132 130 131 -1,
132 131 133 -1,
134 132 133 -1,
134 133 135 -1,
136 134 135 -1,
136 135 137 -1,
138 136 137 -1,
138 137 139 -1,
140 138 139 -1,
140 139 141 -1,
142 140 141 -1,
142 141 143 -1,
144 142 143 -1,
144 143 145 -1,
146 144 145 -1,
146 145 147 -1,
148 146 147 -1,
148 147 149 -1,
150 149 151 -1,
150 148 149 -1,
152 151 153 -1,
152 150 151 -1,
154 153 155 -1,
154 152 153 -1,
156 155 157 -1,
156 154 155 -1,
158 157 159 -1,
158 156 157 -1,
160 159 161 -1,
160 158 159 -1,
162 161 163 -1,
162 160 161 -1,
164 163 165 -1,
164 162 163 -1,
166 165 167 -1,
166 164 165 -1,
168 167 169 -1,
168 166 167 -1,
170 169 171 -1,
170 168 169 -1,
172 171 173 -1,
172 170 171 -1,
174 173 175 -1,
174 172 173 -1,
176 174 175 -1,
176 175 177 -1,
178 176 177 -1,
178 177 179 -1,
180 178 179 -1,
180 179 181 -1,
182 180 181 -1,
182 181 183 -1,
184 183 185 -1,
184 182 183 -1,
186 185 187 -1,
186 184 185 -1,
188 187 189 -1,
188 186 187 -1,
190 189 191 -1,
190 188 189 -1,
192 191 193 -1,
192 190 191 -1,
194 193 195 -1,
194 192 193 -1,
196 195 197 -1,
196 194 195 -1,
198 197 199 -1,
198 196 197 -1,
200 199 201 -1,
200 198 199 -1,
202 201 203 -1,
202 203 204 -1,
202 200 201 -1,
205 202 204 -1,
206 204 207 -1,
206 205 204 -1,
208 207 209 -1,
208 206 207 -1,
210 209 211 -1,
210 208 209 -1,
212 211 213 -1,
212 213 214 -1,
212 210 211 -1,
215 212 214 -1,
216 214 217 -1,
216 215 214 -1,
218 217 219 -1,
218 216 217 -1,
220 219 221 -1,
220 218 219 -1,
222 221 223 -1,
222 220 221 -1,
224 222 223 -1,
224 223 225 -1,
226 224 225 -1,
226 225 227 -1,
228 226 227 -1,
228 227 229 -1,
230 228 229 -1,
230 229 231 -1,
232 230 231 -1,
232 231 233 -1,
234 232 233 -1,
234 233 235 -1,
236 234 235 -1,
236 235 237 -1,
238 236 237 -1,
238 237 239 -1,
240 238 239 -1,
240 239 241 -1,
240 241 242 -1,
243 240 242 -1,
244 243 242 -1,
244 242 245 -1,
246 244 245 -1,
246 245 247 -1,
248 246 247 -1,
248 247 249 -1,
250 249 251 -1,
250 248 249 -1,
250 251 2 -1,
1 250 2 -1,
44 46 48 -1,
40 42 44 -1,
208 205 206 -1,
216 212 215 -1,
95 96 99 -1,
32 1 0 -1,
32 0 4 -1,
32 4 6 -1,
32 6 8 -1,
32 8 11 -1,
32 11 12 -1,
32 12 14 -1,
32 14 16 -1,
32 16 19 -1,
32 19 20 -1,
32 20 22 -1,
32 22 25 -1,
32 25 26 -1,
32 26 28 -1,
32 28 31 -1,
32 34 36 -1,
32 36 38 -1,
32 38 40 -1,
32 48 50 -1,
32 50 53 -1,
32 53 54 -1,
32 54 56 -1,
32 56 59 -1,
32 59 60 -1,
32 60 62 -1,
32 62 64 -1,
32 64 67 -1,
32 67 68 -1,
32 68 71 -1,
32 71 72 -1,
32 72 74 -1,
32 74 77 -1,
32 77 78 -1,
32 78 81 -1,
32 81 82 -1,
32 86 89 -1,
32 89 90 -1,
32 90 93 -1,
32 93 95 -1,
32 99 100 -1,
32 100 103 -1,
32 103 105 -1,
32 105 106 -1,
32 106 109 -1,
32 109 110 -1,
32 110 113 -1,
32 113 114 -1,
32 114 117 -1,
32 117 118 -1,
32 118 121 -1,
32 121 122 -1,
32 122 124 -1,
32 124 127 -1,
32 127 128 -1,
32 128 130 -1,
32 130 132 -1,
32 132 134 -1,
32 134 136 -1,
32 136 138 -1,
32 138 140 -1,
32 140 142 -1,
32 142 144 -1,
32 144 146 -1,
32 146 148 -1,
32 148 150 -1,
32 150 152 -1,
32 152 154 -1,
32 154 156 -1,
32 156 158 -1,
32 158 160 -1,
32 160 162 -1,
32 162 164 -1,
32 164 166 -1,
32 166 168 -1,
32 168 170 -1,
32 170 172 -1,
32 172 174 -1,
32 174 176 -1,
32 176 178 -1,
32 178 180 -1,
32 180 182 -1,
32 182 184 -1,
32 184 186 -1,
32 186 188 -1,
32 188 190 -1,
32 190 192 -1,
32 192 194 -1,
32 194 196 -1,
32 196 198 -1,
32 198 200 -1,
32 200 202 -1,
32 202 205 -1,
32 208 210 -1,
32 210 212 -1,
32 216 218 -1,
32 218 220 -1,
32 220 222 -1,
32 222 224 -1,
32 232 234 -1,
32 234 236 -1,
32 236 238 -1,
32 238 240 -1,
32 250 1 -1,
32 240 250 -1,
32 95 99 -1,
32 205 208 -1,
32 212 216 -1,
32 228 232 -1,
32 82 86 -1,
32 224 228 -1,
32 44 48 -1,
32 40 44 -1,
228 224 226 -1,
232 228 230 -1,
82 84 86 -1,
250 240 243 -1,
250 243 244 -1,
250 244 246 -1,
250 246 248 -1,
47 45 49 -1,
43 41 45 -1,
204 209 207 -1,
213 217 214 -1,
97 94 98 -1,
2 33 3 -1,
3 33 5 -1,
5 33 7 -1,
7 33 9 -1,
9 33 10 -1,
10 33 13 -1,
13 33 15 -1,
15 33 17 -1,
17 33 18 -1,
18 33 21 -1,
21 33 23 -1,
23 33 24 -1,
24 33 27 -1,
27 33 29 -1,
29 33 30 -1,
35 33 37 -1,
37 33 39 -1,
39 33 41 -1,
49 33 51 -1,
51 33 52 -1,
52 33 55 -1,
55 33 57 -1,
57 33 58 -1,
58 33 61 -1,
61 33 63 -1,
63 33 65 -1,
65 33 66 -1,
66 33 69 -1,
69 33 70 -1,
70 33 73 -1,
73 33 75 -1,
75 33 76 -1,
76 33 79 -1,
79 33 80 -1,
80 33 83 -1,
87 33 88 -1,
88 33 91 -1,
91 33 92 -1,
92 33 94 -1,
98 33 101 -1,
101 33 102 -1,
102 33 104 -1,
104 33 107 -1,
107 33 108 -1,
108 33 111 -1,
111 33 112 -1,
112 33 115 -1,
115 33 116 -1,
116 33 119 -1,
119 33 120 -1,
120 33 123 -1,
123 33 125 -1,
125 33 126 -1,
126 33 129 -1,
129 33 131 -1,
131 33 133 -1,
133 33 135 -1,
135 33 137 -1,
137 33 139 -1,
139 33 141 -1,
141 33 143 -1,
143 33 145 -1,
145 33 147 -1,
147 33 149 -1,
149 33 151 -1,
151 33 153 -1,
153 33 155 -1,
155 33 157 -1,
157 33 159 -1,
159 33 161 -1,
161 33 163 -1,
163 33 165 -1,
165 33 167 -1,
167 33 169 -1,
169 33 171 -1,
171 33 173 -1,
173 33 175 -1,
175 33 177 -1,
177 33 179 -1,
179 33 181 -1,
181 33 183 -1,
183 33 185 -1,
185 33 187 -1,
187 33 189 -1,
189 33 191 -1,
191 33 193 -1,
193 33 195 -1,
195 33 197 -1,
197 33 199 -1,
199 33 201 -1,
201 33 203 -1,
203 33 204 -1,
209 33 211 -1,
211 33 213 -1,
217 33 219 -1,
219 33 221 -1,
221 33 223 -1,
223 33 225 -1,
233 33 235 -1,
235 33 237 -1,
237 33 239 -1,
239 33 241 -1,
251 33 2 -1,
241 33 251 -1,
94 33 98 -1,
204 33 209 -1,
213 33 217 -1,
229 33 233 -1,
83 33 87 -1,
225 33 229 -1,
45 33 49 -1,
41 33 45 -1,
225 229 227 -1,
229 233 231 -1,
85 83 87 -1,
241 251 242 -1,
242 251 245 -1,
245 251 247 -1,
247 251 249 -1 ] } }
Shape { appearance Appearance { material Material { diffuseColor 0.7 0.72 0.74 } } geometry IndexedFaceSet { solid FALSE coord Coordinate { point [ 2.901575 -1.059055 -0.984252,
2.901575 -1.059055 0.000000,
2.901575 -0.940945 -0.984252,
2.901575 -0.940945 0.000000,
3.098425 -1.059055 0.000000,
3.098425 -1.059055 -0.984252,
3.098425 -0.940945 -0.984252,
3.098425 -0.940945 0.000000 ] } coordIndex [ 0 1 2 -1,
2 1 3 -1,
4 5 6 -1,
4 6 7 -1,
5 4 0 -1,
0 4 1 -1,
7 6 2 -1,
7 2 3 -1,
2 6 0 -1,
0 6 5 -1,
7 3 1 -1,
7 1 4 -1 ] } }
Shape { appearance Appearance { material Material { diffuseColor 0.7 0.72 0.74 } } geometry IndexedFaceSet { solid FALSE coord Coordinate { point [ 2.901575 -1.059055 1.181102,
2.901575 -1.059055 2.559055,
2.901575 -0.940945 1.181102,
2.901575 -0.940945 2.559055,
3.098425 -1.059055 2.559055,
3.098425 -1.059055 1.181102,
3.098425 -0.940945 1.181102,
3.098425 -0.940945 2.559055 ] } coordIndex [ 0 1 2 -1,
2 1 3 -1,
4 5 6 -1,
4 6 7 -1,
5 4 0 -1,
0 4 1 -1,
7 6 2 -1,
7 2 3 -1,
2 6 0 -1,
0 6 5 -1,
7 3 1 -1,
7 1 4 -1 ] } }
Shape { appearance Appearance { material Material { diffuseColor 0.7 0.72 0.74 } } geometry IndexedFaceSet { solid FALSE coord Coordinate { point [ 2.799213 -1.002944 2.500073,
2.799213 -1.000000 2.500000,
3.000000 -1.000000 2.500000,
3.000000 -1.002944 2.500073,
2.799213 -1.005880 2.500293,
3.000000 -1.005880 2.500293,
2.799213 -1.008802 2.500660,
3.000000 -1.008802 2.500660,
2.799213 -1.011702 2.501171,
3.000000 -1.011702 2.501171,
3.000000 -1.014572 2.501826,
2.799213 -1.014572 2.501826,
2.799213 -1.017407 2.502624,
3.000000 -1.017407 2.502624,
2.799213 -1.020198 2.503561,
3.000000 -1.020198 2.503561,
2.799213 -1.022939 2.504637,
3.000000 -1.022939 2.504637,
3.000000 -1.025623 2.505848,
2.799213 -1.025623 2.505848,
2.799213 -1.028243 2.507192,
3.000000 -1.028243 2.507192,
2.799213 -1.030793 2.508664,
3.000000 -1.030793 2.508664,
3.000000 -1.033267 2.510261,
2.799213 -1.033267 2.510261,
2.799213 -1.035658 2.511980,
3.000000 -1.035658 2.511980,
2.799213 -1.037960 2.513816,
3.000000 -1.037960 2.513816,
3.000000 -1.040168 2.515765,
2.799213 -1.040168 2.515765,
2.799213 -1.042276 2.517821,
3.000000 -1.042276 2.517821,
2.799213 -1.044278 2.519979,
3.000000 -1.044278 2.519979,
2.799213 -1.046171 2.522235,
3.000000 -1.046171 2.522235,
2.799213 -1.047949 2.524582,
3.000000 -1.047949 2.524582,
2.799213 -1.049608 2.527015,
3.000000 -1.049608 2.527015,
2.799213 -1.051143 2.529528,
3.000000 -1.051143 2.529528,
2.799213 -1.052551 2.532114,
3.000000 -1.052551 2.532114,
2.799213 -1.053829 2.534767,
3.000000 -1.053829 2.534767,
2.799213 -1.054973 2.537480,
3.000000 -1.054973 2.537480,
2.799213 -1.055980 2.540247,
3.000000 -1.055980 2.540247,
3.000000 -1.056848 2.543061,
2.799213 -1.056848 2.543061,
2.799213 -1.057574 2.545914,
3.000000 -1.057574 2.545914,
2.799213 -1.058158 2.548800,
3.000000 -1.058158 2.548800,
3.000000 -1.058597 2.551712,
2.799213 -1.058597 2.551712,
2.799213 -1.058890 2.554642,
3.000000 -1.058890 2.554642,
2.799213 -1.059037 2.557583,
3.000000 -1.059037 2.557583,
2.799213 -1.059037 2.560527,
3.000000 -1.059037 2.560527,
3.000000 -1.058890 2.563468,
2.799213 -1.058890 2.563468,
2.799213 -1.058597 2.566398,
3.000000 -1.058597 2.566398,
3.000000 -1.058158 2.569310,
2.799213 -1.058158 2.569310,
2.799213 -1.057574 2.572196,
3.000000 -1.057574 2.572196,
2.799213 -1.056848 2.575050,
3.000000 -1.056848 2.575050,
3.000000 -1.055980 2.577863,
2.799213 -1.055980 2.577863,
2.799213 -1.054973 2.580630,
3.000000 -1.054973 2.580630,
3.000000 -1.053829 2.583344,
2.799213 -1.053829 2.583344,
2.799213 -1.052551 2.585997,
3.000000 -1.052551 2.585997,
2.799213 -1.051143 2.588583,
3.000000 -1.051143 2.588583,
2.799213 -1.049608 2.591095,
3.000000 -1.049608 2.591095,
3.000000 -1.047949 2.593528,
2.799213 -1.047949 2.593528,
2.799213 -1.046171 2.595875,
3.000000 -1.046171 2.595875,
3.000000 -1.044278 2.598131,
2.799213 -1.044278 2.598131,
3.000000 -1.042276 2.600290,
2.799213 -1.042276 2.600290,
2.799213 -1.040168 2.602346,
3.000000 -1.040168 2.602346,
3.000000 -1.037960 2.604294,
2.799213 -1.037960 2.604294,
2.799213 -1.035658 2.606130,
3.000000 -1.035658 2.606130,
3.000000 -1.033267 2.607849,
2.799213 -1.033267 2.607849,
3.000000 -1.030793 2.609446,
2.799213 -1.030793 2.609446,
2.799213 -1.028243 2.610919,
3.000000 -1.028243 2.610919,
3.000000 -1.025623 2.612262,
2.799213 -1.025623 2.612262,
2.799213 -1.022939 2.613473,
3.000000 -1.022939 2.613473,
3.000000 -1.020198 2.614549,
2.799213 -1.020198 2.614549,
2.799213 -1.017407 2.615487,
3.000000 -1.017407 2.615487,
3.000000 -1.014572 2.616284,
2.799213 -1.014572 2.616284,
2.799213 -1.011702 2.616939,
3.000000 -1.011702 2.616939,
3.000000 -1.008802 2.617451,
2.799213 -1.008802 2.617451,
2.799213 -1.005880 2.617817,
3.000000 -1.005880 2.617817,
2.799213 -1.002944 2.618037,
3.000000 -1.002944 2.618037,
3.000000 -1.000000 2.618110,
2.799213 -1.000000 2.618110,
2.799213 -0.997056 2.618037,
3.000000 -0.997056 2.618037,
2.799213 -0.994120 2.617817,
3.000000 -0.994120 2.617817,
2.799213 -0.991198 2.617451,
3.000000 -0.991198 2.617451,
2.799213 -0.988298 2.616939,
3.000000 -0.988298 2.616939,
2.799213 -0.985428 2.616284,
3.000000 -0.985428 2.616284,
2.799213 -0.982593 2.615487,
3.000000 -0.982593 2.615487,
2.799213 -0.979802 2.614549,
3.000000 -0.979802 2.614549,
2.799213 -0.977061 2.613473,
3.000000 -0.977061 2.613473,
2.799213 -0.974377 2.612262,
3.000000 -0.974377 2.612262,
2.799213 -0.971757 2.610919,
3.000000 -0.971757 2.610919,
2.799213 -0.969207 2.609446,
3.000000 -0.969207 2.609446,
2.799213 -0.966733 2.607849,
3.000000 -0.966733 2.607849,
2.799213 -0.964342 2.606130,
3.000000 -0.964342 2.606130,
2.799213 -0.962040 2.604294,
3.000000 -0.962040 2.604294,
2.799213 -0.959832 2.602346,
3.000000 -0.959832 2.602346,
2.799213 -0.957724 2.600290,
3.000000 -0.957724 2.600290,
2.799213 -0.955722 2.598131,
3.000000 -0.955722 2.598131,
2.799213 -0.953829 2.595875,
3.000000 -0.953829 2.595875,
2.799213 -0.952051 2.593528,
3.000000 -0.952051 2.593528,
2.799213 -0.950392 2.591095,
3.000000 -0.950392 2.591095,
2.799213 -0.948857 2.588583,
3.000000 -0.948857 2.588583,
2.799213 -0.947449 2.585997,
3.000000 -0.947449 2.585997,
2.799213 -0.946171 2.583344,
3.000000 -0.946171 2.583344,
2.799213 -0.945027 2.580630,
3.000000 -0.945027 2.580630,
2.799213 -0.944020 2.577863,
3.000000 -0.944020 2.577863,
2.799213 -0.943152 2.575050,
3.000000 -0.943152 2.575050,
2.799213 -0.942426 2.572196,
3.000000 -0.942426 2.572196,
2.799213 -0.941842 2.569310,
3.000000 -0.941842 2.569310,
2.799213 -0.941403 2.566398,
3.000000 -0.941403 2.566398,
2.799213 -0.941110 2.563468,
3.000000 -0.941110 2.563468,
2.799213 -0.940963 2.560527,
3.000000 -0.940963 2.560527,
2.799213 -0.940963 2.557583,
3.000000 -0.940963 2.557583,
2.799213 -0.941110 2.554642,
3.000000 -0.941110 2.554642,
2.799213 -0.941403 2.551712,
3.000000 -0.941403 2.551712,
2.799213 -0.941842 2.548800,
3.000000 -0.941842 2.548800,
2.799213 -0.942426 2.545914,
3.000000 -0.942426 2.545914,
2.799213 -0.943152 2.543061,
3.000000 -0.943152 2.543061,
2.799213 -0.944020 2.540247,
3.000000 -0.944020 2.540247,
3.000000 -0.945027 2.537480,
2.799213 -0.945027 2.537480,
2.799213 -0.946171 2.534767,
3.000000 -0.946171 2.534767,
2.799213 -0.947449 2.532114,
3.000000 -0.947449 2.532114,
2.799213 -0.948857 2.529528,
3.000000 -0.948857 2.529528,
2.799213 -0.950392 2.527015,
3.000000 -0.950392 2.527015,
3.000000 -0.952051 2.524582,
2.799213 -0.952051 2.524582,
2.799213 -0.953829 2.522235,
3.000000 -0.953829 2.522235,
2.799213 -0.955722 2.519979,
3.000000 -0.955722 2.519979,
2.799213 -0.957724 2.517821,
3.000000 -0.957724 2.517821,
2.799213 -0.959832 2.515765,
3.000000 -0.959832 2.515765,
2.799213 -0.962040 2.513816,
3.000000 -0.962040 2.513816,
2.799213 -0.964342 2.511980,
3.000000 -0.964342 2.511980,
2.799213 -0.966733 2.510261,
3.000000 -0.966733 2.510261,
2.799213 -0.969207 2.508664,
3.000000 -0.969207 2.508664,
2.799213 -0.971757 2.507192,
3.000000 -0.971757 2.507192,
2.799213 -0.974377 2.505848,
3.000000 -0.974377 2.505848,
2.799213 -0.977061 2.504637,
3.000000 -0.977061 2.504637,
2.799213 -0.979802 2.503561,
3.000000 -0.979802 2.503561,
2.799213 -0.982593 2.502624,
3.000000 -0.982593 2.502624,
3.000000 -0.985428 2.501826,
2.799213 -0.985428 2.501826,
2.799213 -0.988298 2.501171,
3.000000 -0.988298 2.501171,
2.799213 -0.991198 2.500660,
3.000000 -0.991198 2.500660,
2.799213 -0.994120 2.500293,
3.000000 -0.994120 2.500293,
2.799213 -0.997056 2.500073,
3.000000 -0.997056 2.500073 ] } coordIndex [ 0 1 2 -1,
0 2 3 -1,
4 3 5 -1,
4 0 3 -1,
6 5 7 -1,
6 4 5 -1,
8 7 9 -1,
8 9 10 -1,
8 6 7 -1,
11 8 10 -1,
12 10 13 -1,
12 11 10 -1,
14 13 15 -1,
14 12 13 -1,
16 15 17 -1,
16 17 18 -1,
16 14 15 -1,
19 16 18 -1,
20 18 21 -1,
20 19 18 -1,
22 20 21 -1,
22 21 23 -1,
22 23 24 -1,
25 22 24 -1,
26 25 24 -1,
26 24 27 -1,
28 26 27 -1,
28 27 29 -1,
28 29 30 -1,
31 28 30 -1,
32 31 30 -1,
32 30 33 -1,
34 32 33 -1,
34 33 35 -1,
36 34 35 -1,
36 35 37 -1,
38 36 37 -1,
38 37 39 -1,
40 38 39 -1,
40 39 41 -1,
42 40 41 -1,
42 41 43 -1,
44 42 43 -1,
44 43 45 -1,
46 45 47 -1,
46 44 45 -1,
48 47 49 -1,
48 46 47 -1,
50 49 51 -1,
50 51 52 -1,
50 48 49 -1,
53 50 52 -1,
54 52 55 -1,
54 53 52 -1,
56 55 57 -1,
56 57 58 -1,
56 54 55 -1,
59 56 58 -1,
60 58 61 -1,
60 59 58 -1,
62 61 63 -1,
62 60 61 -1,
64 63 65 -1,
64 65 66 -1,
64 62 63 -1,
67 64 66 -1,
68 66 69 -1,
68 69 70 -1,
68 67 66 -1,
71 68 70 -1,
72 71 70 -1,
72 70 73 -1,
74 72 73 -1,
74 73 75 -1,
74 75 76 -1,
77 74 76 -1,
78 77 76 -1,
78 76 79 -1,
78 79 80 -1,
81 78 80 -1,
82 81 80 -1,
82 80 83 -1,
84 82 83 -1,
84 83 85 -1,
86 84 85 -1,
86 85 87 -1,
86 87 88 -1,
89 86 88 -1,
90 89 88 -1,
90 88 91 -1,
90 91 92 -1,
93 90 92 -1,
93 92 94 -1,
95 93 94 -1,
96 95 94 -1,
96 94 97 -1,
96 97 98 -1,
99 96 98 -1,
100 99 98 -1,
100 98 101 -1,
100 101 102 -1,
103 100 102 -1,
103 102 104 -1,
105 103 104 -1,
106 105 104 -1,
106 104 107 -1,
106 107 108 -1,
109 106 108 -1,
110 109 108 -1,
110 108 111 -1,
110 111 112 -1,
113 110 112 -1,
114 113 112 -1,
114 112 115 -1,
114 115 116 -1,
117 114 116 -1,
118 116 119 -1,
118 119 120 -1,
118 117 116 -1,
121 118 120 -1,
122 120 123 -1,
122 121 120 -1,
124 122 123 -1,
124 123 125 -1,
124 125 126 -1,
127 124 126 -1,
128 127 126 -1,
128 126 129 -1,
130 128 129 -1,
130 129 131 -1,
132 130 131 -1,
132 131 133 -1,
134 132 133 -1,
134 133 135 -1,
136 134 135 -1,
136 135 137 -1,
138 136 137 -1,
138 137 139 -1,
140 138 139 -1,
140 139 141 -1,
142 140 141 -1,
142 141 143 -1,
144 142 143 -1,
144 143 145 -1,
146 144 145 -1,
146 145 147 -1,
148 146 147 -1,
148 147 149 -1,
150 149 151 -1,
150 148 149 -1,
152 151 153 -1,
152 150 151 -1,
154 153 155 -1,
154 152 153 -1,
156 155 157 -1,
156 154 155 -1,
158 157 159 -1,
158 156 157 -1,
160 159 161 -1,
160 158 159 -1,
162 161 163 -1,
162 160 161 -1,
164 163 165 -1,
164 162 163 -1,
166 165 167 -1,
166 164 165 -1,
168 167 169 -1,
168 166 167 -1,
170 169 171 -1,
170 168 169 -1,
172 171 173 -1,
172 170 171 -1,
174 173 175 -1,
174 172 173 -1,
176 174 175 -1,
176 175 177 -1,
178 176 177 -1,
178 177 179 -1,
180 178 179 -1,
180 179 181 -1,
182 180 181 -1,
182 181 183 -1,
184 183 185 -1,
184 182 183 -1,
186 185 187 -1,
186 184 185 -1,
188 187 189 -1,
188 186 187 -1,
190 189 191 -1,
190 188 189 -1,
192 191 193 -1,
192 190 191 -1,
194 193 195 -1,
194 192 193 -1,
196 195 197 -1,
196 194 195 -1,
198 197 199 -1,
198 196 197 -1,
200 199 201 -1,
200 198 199 -1,
202 201 203 -1,
202 203 204 -1,
202 200 201 -1,
205 202 204 -1,
206 204 207 -1,
206 205 204 -1,
208 207 209 -1,
208 206 207 -1,
210 209 211 -1,
210 208 209 -1,
212 211 213 -1,
212 213 214 -1,
212 210 211 -1,
215 212 214 -1,
216 214 217 -1,
216 215 214 -1,
218 217 219 -1,
218 216 217 -1,
220 219 221 -1,
220 218 219 -1,
222 221 223 -1,
222 220 221 -1,
224 222 223 -1,
224 223 225 -1,
226 224 225 -1,
226 225 227 -1,
228 226 227 -1,
228 227 229 -1,
230 228 229 -1,
230 229 231 -1,
232 230 231 -1,
232 231 233 -1,
234 232 233 -1,
234 233 235 -1,
236 234 235 -1,
236 235 237 -1,
238 236 237 -1,
238 237 239 -1,
240 238 239 -1,
240 239 241 -1,
240 241 242 -1,
243 240 242 -1,
244 243 242 -1,
244 242 245 -1,
246 244 245 -1,
246 245 247 -1,
248 246 247 -1,
248 247 249 -1,
250 249 251 -1,
250 248 249 -1,
250 251 2 -1,
1 250 2 -1,
14 11 12 -1,
48 50 53 -1,
44 46 48 -1,
38 40 42 -1,
38 42 44 -1,
206 202 205 -1,
31 26 28 -1,
32 1 0 -1,
32 0 4 -1,
32 4 6 -1,
32 6 8 -1,
32 8 11 -1,
32 14 16 -1,
32 16 19 -1,
32 19 20 -1,
32 20 22 -1,
32 22 25 -1,
32 25 26 -1,
32 34 36 -1,
32 36 38 -1,
32 53 54 -1,
32 54 56 -1,
32 56 59 -1,
32 59 60 -1,
32 60 62 -1,
32 62 64 -1,
32 64 67 -1,
32 67 68 -1,
32 68 71 -1,
32 71 72 -1,
32 72 74 -1,
32 74 77 -1,
32 77 78 -1,
32 78 81 -1,
32 81 82 -1,
32 82 84 -1,
32 95 96 -1,
32 96 99 -1,
32 99 100 -1,
32 100 103 -1,
32 103 105 -1,
32 105 106 -1,
32 106 109 -1,
32 109 110 -1,
32 110 113 -1,
32 113 114 -1,
32 114 117 -1,
32 117 118 -1,
32 118 121 -1,
32 121 122 -1,
32 122 124 -1,
32 124 127 -1,
32 127 128 -1,
32 128 130 -1,
32 130 132 -1,
32 132 134 -1,
32 134 136 -1,
32 136 138 -1,
32 138 140 -1,
32 140 142 -1,
32 142 144 -1,
32 144 146 -1,
32 146 148 -1,
32 148 150 -1,
32 150 152 -1,
32 152 154 -1,
32 154 156 -1,
32 156 158 -1,
32 158 160 -1,
32 160 162 -1,
32 162 164 -1,
32 164 166 -1,
32 166 168 -1,
32 168 170 -1,
32 170 172 -1,
32 172 174 -1,
32 174 176 -1,
32 176 178 -1,
32 178 180 -1,
32 180 182 -1,
32 182 184 -1,
32 184 186 -1,
32 186 188 -1,
32 188 190 -1,
32 190 192 -1,
32 192 194 -1,
32 194 196 -1,
32 196 198 -1,
32 198 200 -1,
32 200 202 -1,
32 206 208 -1,
32 208 210 -1,
32 210 212 -1,
32 212 215 -1,
32 215 216 -1,
32 216 218 -1,
32 218 220 -1,
32 220 222 -1,
32 222 224 -1,
32 232 234 -1,
32 234 236 -1,
32 202 206 -1,
32 90 95 -1,
32 240 246 -1,
32 224 228 -1,
32 228 232 -1,
32 236 240 -1,
32 84 90 -1,
32 26 31 -1,
32 44 48 -1,
32 246 1 -1,
32 11 14 -1,
32 48 53 -1,
32 38 44 -1,
90 93 95 -1,
228 224 226 -1,
84 86 89 -1,
84 89 90 -1,
232 228 230 -1,
240 236 238 -1,
246 240 243 -1,
246 243 244 -1,
1 246 248 -1,
1 248 250 -1,
10 15 13 -1,
51 49 52 -1,
47 45 49 -1,
41 39 43 -1,
43 39 45 -1,
203 207 204 -1,
27 30 29 -1,
2 33 3 -1,
3 33 5 -1,
5 33 7 -1,
7 33 9 -1,
9 33 10 -1,
15 33 17 -1,
17 33 18 -1,
18 33 21 -1,
21 33 23 -1,
23 33 24 -1,
24 33 27 -1,
35 33 37 -1,
37 33 39 -1,
52 33 55 -1,
55 33 57 -1,
57 33 58 -1,
58 33 61 -1,
61 33 63 -1,
63 33 65 -1,
65 33 66 -1,
66 33 69 -1,
69 33 70 -1,
70 33 73 -1,
73 33 75 -1,
75 33 76 -1,
76 33 79 -1,
79 33 80 -1,
80 33 83 -1,
83 33 85 -1,
94 33 97 -1,
97 33 98 -1,
98 33 101 -1,
101 33 102 -1,
102 33 104 -1,
104 33 107 -1,
107 33 108 -1,
108 33 111 -1,
111 33 112 -1,
112 33 115 -1,
115 33 116 -1,
116 33 119 -1,
119 33 120 -1,
120 33 123 -1,
123 33 125 -1,
125 33 126 -1,
126 33 129 -1,
129 33 131 -1,
131 33 133 -1,
133 33 135 -1,
135 33 137 -1,
137 33 139 -1,
139 33 141 -1,
141 33 143 -1,
143 33 145 -1,
145 33 147 -1,
147 33 149 -1,
149 33 151 -1,
151 33 153 -1,
153 33 155 -1,
155 33 157 -1,
157 33 159 -1,
159 33 161 -1,
161 33 163 -1,
163 33 165 -1,
165 33 167 -1,
167 33 169 -1,
169 33 171 -1,
171 33 173 -1,
173 33 175 -1,
175 33 177 -1,
177 33 179 -1,
179 33 181 -1,
181 33 183 -1,
183 33 185 -1,
185 33 187 -1,
187 33 189 -1,
189 33 191 -1,
191 33 193 -1,
193 33 195 -1,
195 33 197 -1,
197 33 199 -1,
199 33 201 -1,
201 33 203 -1,
207 33 209 -1,
209 33 211 -1,
211 33 213 -1,
213 33 214 -1,
214 33 217 -1,
217 33 219 -1,
219 33 221 -1,
221 33 223 -1,
223 33 225 -1,
233 33 235 -1,
235 33 237 -1,
203 33 207 -1,
91 33 94 -1,
241 33 247 -1,
225 33 229 -1,
229 33 233 -1,
237 33 241 -1,
85 33 91 -1,
27 33 30 -1,
45 33 49 -1,
247 33 2 -1,
10 33 15 -1,
49 33 52 -1,
39 33 45 -1,
92 91 94 -1,
225 229 227 -1,
87 85 88 -1,
88 85 91 -1,
229 233 231 -1,
237 241 239 -1,
241 247 242 -1,
242 247 245 -1,
247 2 249 -1,
249 2 251 -1 ] } }
Shape { appearance Appearance { material Material { diffuseColor 0.7 0.72 0.74 } } geometry IndexedFaceSet { solid FALSE coord Coordinate { point [ 2.901575 -2.059055 -0.984252,
2.901575 -2.059055 0.000000,
2.901575 -1.940945 -0.984252,
2.901575 -1.940945 0.000000,
3.098425 -2.059055 0.000000,
3.098425 -2.059055 -0.984252,
3.098425 -1.940945 -0.984252,
3.098425 -1.940945 0.000000 ] } coordIndex [ 0 1 2 -1,
2 1 3 -1,
4 5 6 -1,
4 6 7 -1,
5 4 0 -1,
0 4 1 -1,
7 6 2 -1,
7 2 3 -1,
2 6 0 -1,
0 6 5 -1,
7 3 1 -1,
7 1 4 -1 ] } }
Shape { appearance Appearance { material Material { diffuseColor 0.7 0.72 0.74 } } geometry IndexedFaceSet { solid FALSE coord Coordinate { point [ 2.901575 -2.059055 1.181102,
2.901575 -2.059055 2.559055,
2.901575 -1.940945 1.181102,
2.901575 -1.940945 2.559055,
3.098425 -2.059055 2.559055,
3.098425 -2.059055 1.181102,
3.098425 -1.940945 1.181102,
3.098425 -1.940945 2.559055 ] } coordIndex [ 0 1 2 -1,
2 1 3 -1,
4 5 6 -1,
4 6 7 -1,
5 4 0 -1,
0 4 1 -1,
7 6 2 -1,
7 2 3 -1,
2 6 0 -1,
0 6 5 -1,
7 3 1 -1,
7 1 4 -1 ] } }
Shape { appearance Appearance { material Material { diffuseColor 0.7 0.72 0.74 } } geometry IndexedFaceSet { solid FALSE coord Coordinate { point [ 2.799213 -2.002944 2.500073,
2.799213 -2.000000 2.500000,
3.000000 -2.000000 2.500000,
3.000000 -2.002944 2.500073,
2.799213 -2.005880 2.500293,
3.000000 -2.005880 2.500293,
2.799213 -2.008802 2.500660,
3.000000 -2.008802 2.500660,
2.799213 -2.011702 2.501171,
3.000000 -2.011702 2.501171,
3.000000 -2.014572 2.501826,
2.799213 -2.014572 2.501826,
2.799213 -2.017407 2.502624,
3.000000 -2.017407 2.502624,
2.799213 -2.020198 2.503561,
3.000000 -2.020198 2.503561,
2.799213 -2.022939 2.504637,
3.000000 -2.022939 2.504637,
3.000000 -2.025623 2.505848,
2.799213 -2.025623 2.505848,
2.799213 -2.028243 2.507192,
3.000000 -2.028243 2.507192,
2.799213 -2.030793 2.508664,
3.000000 -2.030793 2.508664,
3.000000 -2.033267 2.510261,
2.799213 -2.033267 2.510261,
2.799213 -2.035658 2.511980,
3.000000 -2.035658 2.511980,
2.799213 -2.037960 2.513816,
3.000000 -2.037960 2.513816,
3.000000 -2.040168 2.515765,
2.799213 -2.040168 2.515765,
2.799213 -2.042276 2.517821,
3.000000 -2.042276 2.517821,
2.799213 -2.044278 2.519979,
3.000000 -2.044278 2.519979,
2.799213 -2.046171 2.522235,
3.000000 -2.046171 2.522235,
2.799213 -2.047949 2.524582,
3.000000 -2.047949 2.524582,
2.799213 -2.049608 2.527015,
3.000000 -2.049608 2.527015,
2.799213 -2.051143 2.529528,
3.000000 -2.051143 2.529528,
2.799213 -2.052551 2.532114,
3.000000 -2.052551 2.532114,
2.799213 -2.053829 2.534767,
3.000000 -2.053829 2.534767,
2.799213 -2.054973 2.537480,
3.000000 -2.054973 2.537480,
2.799213 -2.055980 2.540247,
3.000000 -2.055980 2.540247,
3.000000 -2.056848 2.543061,
2.799213 -2.056848 2.543061,
2.799213 -2.057574 2.545914,
3.000000 -2.057574 2.545914,
2.799213 -2.058158 2.548800,
3.000000 -2.058158 2.548800,
3.000000 -2.058597 2.551712,
2.799213 -2.058597 2.551712,
2.799213 -2.058890 2.554642,
3.000000 -2.058890 2.554642,
2.799213 -2.059037 2.557583,
3.000000 -2.059037 2.557583,
2.799213 -2.059037 2.560527,
3.000000 -2.059037 2.560527,
3.000000 -2.058890 2.563468,
2.799213 -2.058890 2.563468,
2.799213 -2.058597 2.566398,
3.000000 -2.058597 2.566398,
3.000000 -2.058158 2.569310,
2.799213 -2.058158 2.569310,
2.799213 -2.057574 2.572196,
3.000000 -2.057574 2.572196,
2.799213 -2.056848 2.575050,
3.000000 -2.056848 2.575050,
3.000000 -2.055980 2.577863,
2.799213 -2.055980 2.577863,
2.799213 -2.054973 2.580630,
3.000000 -2.054973 2.580630,
3.000000 -2.053829 2.583344,
2.799213 -2.053829 2.583344,
2.799213 -2.052551 2.585997,
3.000000 -2.052551 2.585997,
2.799213 -2.051143 2.588583,
3.000000 -2.051143 2.588583,
2.799213 -2.049608 2.591095,
3.000000 -2.049608 2.591095,
3.000000 -2.047949 2.593528,
2.799213 -2.047949 2.593528,
2.799213 -2.046171 2.595875,
3.000000 -2.046171 2.595875,
3.000000 -2.044278 2.598131,
2.799213 -2.044278 2.598131,
3.000000 -2.042276 2.600290,
2.799213 -2.042276 2.600290,
2.799213 -2.040168 2.602346,
3.000000 -2.040168 2.602346,
3.000000 -2.037960 2.604294,
2.799213 -2.037960 2.604294,
2.799213 -2.035658 2.606130,
3.000000 -2.035658 2.606130,
3.000000 -2.033267 2.607849,
2.799213 -2.033267 2.607849,
3.000000 -2.030793 2.609446,
2.799213 -2.030793 2.609446,
2.799213 -2.028243 2.610919,
3.000000 -2.028243 2.610919,
3.000000 -2.025623 2.612262,
2.799213 -2.025623 2.612262,
2.799213 -2.022939 2.613473,
3.000000 -2.022939 2.613473,
3.000000 -2.020198 2.614549,
2.799213 -2.020198 2.614549,
2.799213 -2.017407 2.615487,
3.000000 -2.017407 2.615487,
3.000000 -2.014572 2.616284,
2.799213 -2.014572 2.616284,
2.799213 -2.011702 2.616939,
3.000000 -2.011702 2.616939,
3.000000 -2.008802 2.617451,
2.799213 -2.008802 2.617451,
2.799213 -2.005880 2.617817,
3.000000 -2.005880 2.617817,
2.799213 -2.002944 2.618037,
3.000000 -2.002944 2.618037,
3.000000 -2.000000 2.618110,
2.799213 -2.000000 2.618110,
2.799213 -1.997056 2.618037,
3.000000 -1.997056 2.618037,
2.799213 -1.994120 2.617817,
3.000000 -1.994120 2.617817,
2.799213 -1.991198 2.617451,
3.000000 -1.991198 2.617451,
2.799213 -1.988298 2.616939,
3.000000 -1.988298 2.616939,
2.799213 -1.985428 2.616284,
3.000000 -1.985428 2.616284,
2.799213 -1.982593 2.615487,
3.000000 -1.982593 2.615487,
2.799213 -1.979802 2.614549,
3.000000 -1.979802 2.614549,
2.799213 -1.977061 2.613473,
3.000000 -1.977061 2.613473,
2.799213 -1.974377 2.612262,
3.000000 -1.974377 2.612262,
2.799213 -1.971757 2.610919,
3.000000 -1.971757 2.610919,
2.799213 -1.969207 2.609446,
3.000000 -1.969207 2.609446,
2.799213 -1.966733 2.607849,
3.000000 -1.966733 2.607849,
2.799213 -1.964342 2.606130,
3.000000 -1.964342 2.606130,
2.799213 -1.962040 2.604294,
3.000000 -1.962040 2.604294,
2.799213 -1.959832 2.602346,
3.000000 -1.959832 2.602346,
2.799213 -1.957724 2.600290,
3.000000 -1.957724 2.600290,
2.799213 -1.955722 2.598131,
3.000000 -1.955722 2.598131,
2.799213 -1.953829 2.595875,
3.000000 -1.953829 2.595875,
2.799213 -1.952051 2.593528,
3.000000 -1.952051 2.593528,
2.799213 -1.950392 2.591095,
3.000000 -1.950392 2.591095,
2.799213 -1.948857 2.588583,
3.000000 -1.948857 2.588583,
2.799213 -1.947449 2.585997,
3.000000 -1.947449 2.585997,
2.799213 -1.946171 2.583344,
3.000000 -1.946171 2.583344,
2.799213 -1.945027 2.580630,
3.000000 -1.945027 2.580630,
2.799213 -1.944020 2.577863,
3.000000 -1.944020 2.577863,
2.799213 -1.943152 2.575050,
3.000000 -1.943152 2.575050,
2.799213 -1.942426 2.572196,
3.000000 -1.942426 2.572196,
2.799213 -1.941842 2.569310,
3.000000 -1.941842 2.569310,
2.799213 -1.941403 2.566398,
3.000000 -1.941403 2.566398,
2.799213 -1.941110 2.563468,
3.000000 -1.941110 2.563468,
2.799213 -1.940963 2.560527,
3.000000 -1.940963 2.560527,
2.799213 -1.940963 2.557583,
3.000000 -1.940963 2.557583,
2.799213 -1.941110 2.554642,
3.000000 -1.941110 2.554642,
2.799213 -1.941403 2.551712,
3.000000 -1.941403 2.551712,
2.799213 -1.941842 2.548800,
3.000000 -1.941842 2.548800,
2.799213 -1.942426 2.545914,
3.000000 -1.942426 2.545914,
2.799213 -1.943152 2.543061,
3.000000 -1.943152 2.543061,
2.799213 -1.944020 2.540247,
3.000000 -1.944020 2.540247,
3.000000 -1.945027 2.537480,
2.799213 -1.945027 2.537480,
2.799213 -1.946171 2.534767,
3.000000 -1.946171 2.534767,
2.799213 -1.947449 2.532114,
3.000000 -1.947449 2.532114,
2.799213 -1.948857 2.529528,
3.000000 -1.948857 2.529528,
2.799213 -1.950392 2.527015,
3.000000 -1.950392 2.527015,
3.000000 -1.952051 2.524582,
2.799213 -1.952051 2.524582,
2.799213 -1.953829 2.522235,
3.000000 -1.953829 2.522235,
2.799213 -1.955722 2.519979,
3.000000 -1.955722 2.519979,
2.799213 -1.957724 2.517821,
3.000000 -1.957724 2.517821,
2.799213 -1.959832 2.515765,
3.000000 -1.959832 2.515765,
2.799213 -1.962040 2.513816,
3.000000 -1.962040 2.513816,
2.799213 -1.964342 2.511980,
3.000000 -1.964342 2.511980,
2.799213 -1.966733 2.510261,
3.000000 -1.966733 2.510261,
2.799213 -1.969207 2.508664,
3.000000 -1.969207 2.508664,
2.799213 -1.971757 2.507192,
3.000000 -1.971757 2.507192,
2.799213 -1.974377 2.505848,
3.000000 -1.974377 2.505848,
2.799213 -1.977061 2.504637,
3.000000 -1.977061 2.504637,
2.799213 -1.979802 2.503561,
3.000000 -1.979802 2.503561,
2.799213 -1.982593 2.502624,
3.000000 -1.982593 2.502624,
3.000000 -1.985428 2.501826,
2.799213 -1.985428 2.501826,
2.799213 -1.988298 2.501171,
3.000000 -1.988298 2.501171,
2.799213 -1.991198 2.500660,
3.000000 -1.991198 2.500660,
2.799213 -1.994120 2.500293,
3.000000 -1.994120 2.500293,
2.799213 -1.997056 2.500073,
3.000000 -1.997056 2.500073 ] } coordIndex [ 0 1 2 -1,
0 2 3 -1,
4 3 5 -1,
4 0 3 -1,
6 5 7 -1,
6 4 5 -1,
8 7 9 -1,
8 9 10 -1,
8 6 7 -1,
11 8 10 -1,
12 10 13 -1,
12 11 10 -1,
14 13 15 -1,
14 12 13 -1,
16 15 17 -1,
16 17 18 -1,
16 14 15 -1,
19 16 18 -1,
20 18 21 -1,
20 19 18 -1,
22 20 21 -1,
22 21 23 -1,
22 23 24 -1,
25 22 24 -1,
26 25 24 -1,
26 24 27 -1,
28 26 27 -1,
28 27 29 -1,
28 29 30 -1,
31 28 30 -1,
32 31 30 -1,
32 30 33 -1,
34 32 33 -1,
34 33 35 -1,
36 34 35 -1,
36 35 37 -1,
38 36 37 -1,
38 37 39 -1,
40 38 39 -1,
40 39 41 -1,
42 40 41 -1,
42 41 43 -1,
44 42 43 -1,
44 43 45 -1,
46 45 47 -1,
46 44 45 -1,
48 47 49 -1,
48 46 47 -1,
50 49 51 -1,
50 51 52 -1,
50 48 49 -1,
53 50 52 -1,
54 52 55 -1,
54 53 52 -1,
56 55 57 -1,
56 57 58 -1,
56 54 55 -1,
59 56 58 -1,
60 58 61 -1,
60 59 58 -1,
62 61 63 -1,
62 60 61 -1,
64 63 65 -1,
64 65 66 -1,
64 62 63 -1,
67 64 66 -1,
68 66 69 -1,
68 69 70 -1,
68 67 66 -1,
71 68 70 -1,
72 71 70 -1,
72 70 73 -1,
74 72 73 -1,
74 73 75 -1,
74 75 76 -1,
77 74 76 -1,
78 77 76 -1,
78 76 79 -1,
78 79 80 -1,
81 78 80 -1,
82 81 80 -1,
82 80 83 -1,
84 82 83 -1,
84 83 85 -1,
86 84 85 -1,
86 85 87 -1,
86 87 88 -1,
89 86 88 -1,
90 89 88 -1,
90 88 91 -1,
90 91 92 -1,
93 90 92 -1,
93 92 94 -1,
95 93 94 -1,
96 95 94 -1,
96 94 97 -1,
96 97 98 -1,
99 96 98 -1,
100 99 98 -1,
100 98 101 -1,
100 101 102 -1,
103 100 102 -1,
103 102 104 -1,
105 103 104 -1,
106 105 104 -1,
106 104 107 -1,
106 107 108 -1,
109 106 108 -1,
110 109 108 -1,
110 108 111 -1,
110 111 112 -1,
113 110 112 -1,
114 113 112 -1,
114 112 115 -1,
114 115 116 -1,
117 114 116 -1,
118 116 119 -1,
118 119 120 -1,
118 117 116 -1,
121 118 120 -1,
122 120 123 -1,
122 121 120 -1,
124 122 123 -1,
124 123 125 -1,
124 125 126 -1,
127 124 126 -1,
128 127 126 -1,
128 126 129 -1,
130 128 129 -1,
130 129 131 -1,
132 130 131 -1,
132 131 133 -1,
134 132 133 -1,
134 133 135 -1,
136 134 135 -1,
136 135 137 -1,
138 136 137 -1,
138 137 139 -1,
140 138 139 -1,
140 139 141 -1,
142 140 141 -1,
142 141 143 -1,
144 142 143 -1,
144 143 145 -1,
146 144 145 -1,
146 145 147 -1,
148 146 147 -1,
148 147 149 -1,
150 149 151 -1,
150 148 149 -1,
152 151 153 -1,
152 150 151 -1,
154 153 155 -1,
154 152 153 -1,
156 155 157 -1,
156 154 155 -1,
158 157 159 -1,
158 156 157 -1,
160 159 161 -1,
160 158 159 -1,
162 161 163 -1,
162 160 161 -1,
164 163 165 -1,
164 162 163 -1,
166 165 167 -1,
166 164 165 -1,
168 167 169 -1,
168 166 167 -1,
170 169 171 -1,
170 168 169 -1,
172 171 173 -1,
172 170 171 -1,
174 173 175 -1,
174 172 173 -1,
176 174 175 -1,
176 175 177 -1,
178 176 177 -1,
178 177 179 -1,
180 178 179 -1,
180 179 181 -1,
182 180 181 -1,
182 181 183 -1,
184 183 185 -1,
184 182 183 -1,
186 185 187 -1,
186 184 185 -1,
188 187 189 -1,
188 186 187 -1,
190 189 191 -1,
190 188 189 -1,
192 191 193 -1,
192 190 191 -1,
194 193 195 -1,
194 192 193 -1,
196 195 197 -1,
196 194 195 -1,
198 197 199 -1,
198 196 197 -1,
200 199 201 -1,
200 198 199 -1,
202 201 203 -1,
202 203 204 -1,
202 200 201 -1,
205 202 204 -1,
206 204 207 -1,
206 205 204 -1,
208 207 209 -1,
208 206 207 -1,
210 209 211 -1,
210 208 209 -1,
212 211 213 -1,
212 213 214 -1,
212 210 211 -1,
215 212 214 -1,
216 214 217 -1,
216 215 214 -1,
218 217 219 -1,
218 216 217 -1,
220 219 221 -1,
220 218 219 -1,
222 221 223 -1,
222 220 221 -1,
224 222 223 -1,
224 223 225 -1,
226 224 225 -1,
226 225 227 -1,
228 226 227 -1,
228 227 229 -1,
230 228 229 -1,
230 229 231 -1,
232 230 231 -1,
232 231 233 -1,
234 232 233 -1,
234 233 235 -1,
236 234 235 -1,
236 235 237 -1,
238 236 237 -1,
238 237 239 -1,
240 238 239 -1,
240 239 241 -1,
240 241 242 -1,
243 240 242 -1,
244 243 242 -1,
244 242 245 -1,
246 244 245 -1,
246 245 247 -1,
248 246 247 -1,
248 247 249 -1,
250 249 251 -1,
250 248 249 -1,
250 251 2 -1,
1 250 2 -1,
206 202 205 -1,
106 109 110 -1,
210 206 208 -1,
212 206 210 -1,
100 103 105 -1,
216 212 215 -1,
222 218 220 -1,
226 222 224 -1,
228 222 226 -1,
232 228 230 -1,
82 84 86 -1,
236 232 234 -1,
240 236 238 -1,
243 236 240 -1,
244 236 243 -1,
11 6 8 -1,
14 11 12 -1,
20 16 19 -1,
40 42 44 -1,
40 44 46 -1,
40 46 48 -1,
26 20 22 -1,
26 22 25 -1,
34 36 38 -1,
32 200 202 -1,
32 1 0 -1,
32 0 4 -1,
32 4 6 -1,
32 236 244 -1,
32 202 206 -1,
32 14 16 -1,
32 216 218 -1,
32 26 28 -1,
32 212 216 -1,
32 28 31 -1,
32 11 14 -1,
32 206 212 -1,
32 38 40 -1,
32 244 246 -1,
32 246 248 -1,
32 248 250 -1,
32 34 38 -1,
32 250 1 -1,
32 48 50 -1,
32 50 53 -1,
32 53 54 -1,
32 54 56 -1,
32 56 59 -1,
32 59 60 -1,
32 60 62 -1,
32 40 48 -1,
32 62 64 -1,
32 64 67 -1,
32 67 68 -1,
32 228 232 -1,
32 68 71 -1,
32 71 72 -1,
32 72 74 -1,
32 74 77 -1,
32 100 105 -1,
32 77 78 -1,
32 78 81 -1,
32 81 82 -1,
32 86 89 -1,
32 89 90 -1,
32 90 93 -1,
32 93 95 -1,
32 95 96 -1,
32 96 99 -1,
32 99 100 -1,
32 105 106 -1,
32 16 20 -1,
32 218 222 -1,
32 110 113 -1,
32 113 114 -1,
32 114 117 -1,
32 117 118 -1,
32 118 121 -1,
32 121 122 -1,
32 222 228 -1,
32 122 124 -1,
32 124 127 -1,
32 127 128 -1,
32 128 130 -1,
32 130 132 -1,
32 132 134 -1,
32 106 110 -1,
32 134 136 -1,
32 136 138 -1,
32 138 140 -1,
32 82 86 -1,
32 140 142 -1,
32 142 144 -1,
32 144 146 -1,
32 146 148 -1,
32 148 150 -1,
32 150 152 -1,
32 232 236 -1,
32 152 154 -1,
32 154 156 -1,
32 156 158 -1,
32 158 160 -1,
32 160 162 -1,
32 162 164 -1,
32 164 166 -1,
32 166 168 -1,
32 168 170 -1,
32 170 172 -1,
32 172 174 -1,
32 174 176 -1,
32 176 178 -1,
32 178 180 -1,
32 180 182 -1,
32 182 184 -1,
32 184 186 -1,
32 186 188 -1,
32 188 190 -1,
32 190 192 -1,
32 192 194 -1,
32 6 11 -1,
32 194 196 -1,
32 20 26 -1,
32 196 198 -1,
32 198 200 -1,
203 207 204 -1,
108 107 111 -1,
207 211 209 -1,
207 213 211 -1,
102 101 104 -1,
213 217 214 -1,
219 223 221 -1,
223 227 225 -1,
223 229 227 -1,
229 233 231 -1,
85 83 87 -1,
233 237 235 -1,
237 241 239 -1,
237 242 241 -1,
237 245 242 -1,
7 10 9 -1,
10 15 13 -1,
17 21 18 -1,
43 41 45 -1,
45 41 47 -1,
47 41 49 -1,
21 27 23 -1,
23 27 24 -1,
37 35 39 -1,
201 33 203 -1,
2 33 3 -1,
3 33 5 -1,
5 33 7 -1,
237 33 245 -1,
203 33 207 -1,
15 33 17 -1,
217 33 219 -1,
27 33 29 -1,
213 33 217 -1,
29 33 30 -1,
10 33 15 -1,
207 33 213 -1,
39 33 41 -1,
245 33 247 -1,
247 33 249 -1,
249 33 251 -1,
35 33 39 -1,
251 33 2 -1,
49 33 51 -1,
51 33 52 -1,
52 33 55 -1,
55 33 57 -1,
57 33 58 -1,
58 33 61 -1,
61 33 63 -1,
41 33 49 -1,
63 33 65 -1,
65 33 66 -1,
66 33 69 -1,
229 33 233 -1,
69 33 70 -1,
70 33 73 -1,
73 33 75 -1,
75 33 76 -1,
101 33 104 -1,
76 33 79 -1,
79 33 80 -1,
80 33 83 -1,
87 33 88 -1,
88 33 91 -1,
91 33 92 -1,
92 33 94 -1,
94 33 97 -1,
97 33 98 -1,
98 33 101 -1,
104 33 107 -1,
17 33 21 -1,
219 33 223 -1,
111 33 112 -1,
112 33 115 -1,
115 33 116 -1,
116 33 119 -1,
119 33 120 -1,
120 33 123 -1,
223 33 229 -1,
123 33 125 -1,
125 33 126 -1,
126 33 129 -1,
129 33 131 -1,
131 33 133 -1,
133 33 135 -1,
107 33 111 -1,
135 33 137 -1,
137 33 139 -1,
139 33 141 -1,
83 33 87 -1,
141 33 143 -1,
143 33 145 -1,
145 33 147 -1,
147 33 149 -1,
149 33 151 -1,
151 33 153 -1,
233 33 237 -1,
153 33 155 -1,
155 33 157 -1,
157 33 159 -1,
159 33 161 -1,
161 33 163 -1,
163 33 165 -1,
165 33 167 -1,
167 33 169 -1,
169 33 171 -1,
171 33 173 -1,
173 33 175 -1,
175 33 177 -1,
177 33 179 -1,
179 33 181 -1,
181 33 183 -1,
183 33 185 -1,
185 33 187 -1,
187 33 189 -1,
189 33 191 -1,
191 33 193 -1,
193 33 195 -1,
7 33 10 -1,
195 33 197 -1,
21 33 27 -1,
197 33 199 -1,
199 33 201 -1 ] } }
Shape { appearance Appearance { material Material { diffuseColor 0.7 0.72 0.74 } } geometry IndexedFaceSet { solid FALSE coord Coordinate { point [ 2.901575 -3.059055 -0.984252,
2.901575 -3.059055 0.000000,
2.901575 -2.940945 -0.984252,
2.901575 -2.940945 0.000000,
3.098425 -3.059055 0.000000,
3.098425 -3.059055 -0.984252,
3.098425 -2.940945 -0.984252,
3.098425 -2.940945 0.000000 ] } coordIndex [ 0 1 2 -1,
2 1 3 -1,
4 5 6 -1,
4 6 7 -1,
5 4 0 -1,
0 4 1 -1,
7 6 2 -1,
7 2 3 -1,
2 6 0 -1,
0 6 5 -1,
7 3 1 -1,
7 1 4 -1 ] } }
Shape { appearance Appearance { material Material { diffuseColor 0.7 0.72 0.74 } } geometry IndexedFaceSet { solid FALSE coord Coordinate { point [ 2.901575 -3.059055 1.181102,
2.901575 -3.059055 2.559055,
2.901575 -2.940945 1.181102,
2.901575 -2.940945 2.559055,
3.098425 -3.059055 2.559055,
3.098425 -3.059055 1.181102,
3.098425 -2.940945 1.181102,
3.098425 -2.940945 2.559055 ] } coordIndex [ 0 1 2 -1,
2 1 3 -1,
4 5 6 -1,
4 6 7 -1,
5 4 0 -1,
0 4 1 -1,
7 6 2 -1,
7 2 3 -1,
2 6 0 -1,
0 6 5 -1,
7 3 1 -1,
7 1 4 -1 ] } }
Shape { appearance Appearance { material Material { diffuseColor 0.7 0.72 0.74 } } geometry IndexedFaceSet { solid FALSE coord Coordinate { point [ 2.799213 -3.002944 2.500073,
2.799213 -3.000000 2.500000,
3.000000 -3.000000 2.500000,
3.000000 -3.002944 2.500073,
2.799213 -3.005880 2.500293,
3.000000 -3.005880 2.500293,
2.799213 -3.008802 2.500660,
3.000000 -3.008802 2.500660,
2.799213 -3.011702 2.501171,
3.000000 -3.011702 2.501171,
3.000000 -3.014572 2.501826,
2.799213 -3.014572 2.501826,
2.799213 -3.017407 2.502624,
3.000000 -3.017407 2.502624,
2.799213 -3.020198 2.503561,
3.000000 -3.020198 2.503561,
2.799213 -3.022939 2.504637,
3.000000 -3.022939 2.504637,
3.000000 -3.025623 2.505848,
2.799213 -3.025623 2.505848,
2.799213 -3.028243 2.507192,
3.000000 -3.028243 2.507192,
2.799213 -3.030793 2.508664,
3.000000 -3.030793 2.508664,
3.000000 -3.033267 2.510261,
2.799213 -3.033267 2.510261,
2.799213 -3.035658 2.511980,
3.000000 -3.035658 2.511980,
2.799213 -3.037960 2.513816,
3.000000 -3.037960 2.513816,
3.000000 -3.040168 2.515765,
2.799213 -3.040168 2.515765,
2.799213 -3.042276 2.517821,
3.000000 -3.042276 2.517821,
2.799213 -3.044278 2.519979,
3.000000 -3.044278 2.519979,
2.799213 -3.046171 2.522235,
3.000000 -3.046171 2.522235,
2.799213 -3.047949 2.524582,
3.000000 -3.047949 2.524582,
2.799213 -3.049608 2.527015,
3.000000 -3.049608 2.527015,
2.799213 -3.051143 2.529528,
3.000000 -3.051143 2.529528,
2.799213 -3.052551 2.532114,
3.000000 -3.052551 2.532114,
2.799213 -3.053829 2.534767,
3.000000 -3.053829 2.534767,
2.799213 -3.054973 2.537480,
3.000000 -3.054973 2.537480,
2.799213 -3.055980 2.540247,
3.000000 -3.055980 2.540247,
3.000000 -3.056848 2.543061,
2.799213 -3.056848 2.543061,
2.799213 -3.057574 2.545914,
3.000000 -3.057574 2.545914,
2.799213 -3.058158 2.548800,
3.000000 -3.058158 2.548800,
3.000000 -3.058597 2.551712,
2.799213 -3.058597 2.551712,
2.799213 -3.058890 2.554642,
3.000000 -3.058890 2.554642,
2.799213 -3.059037 2.557583,
3.000000 -3.059037 2.557583,
2.799213 -3.059037 2.560527,
3.000000 -3.059037 2.560527,
3.000000 -3.058890 2.563468,
2.799213 -3.058890 2.563468,
2.799213 -3.058597 2.566398,
3.000000 -3.058597 2.566398,
3.000000 -3.058158 2.569310,
2.799213 -3.058158 2.569310,
2.799213 -3.057574 2.572196,
3.000000 -3.057574 2.572196,
2.799213 -3.056848 2.575050,
3.000000 -3.056848 2.575050,
3.000000 -3.055980 2.577863,
2.799213 -3.055980 2.577863,
2.799213 -3.054973 2.580630,
3.000000 -3.054973 2.580630,
3.000000 -3.053829 2.583344,
2.799213 -3.053829 2.583344,
2.799213 -3.052551 2.585997,
3.000000 -3.052551 2.585997,
2.799213 -3.051143 2.588583,
3.000000 -3.051143 2.588583,
2.799213 -3.049608 2.591095,
3.000000 -3.049608 2.591095,
3.000000 -3.047949 2.593528,
2.799213 -3.047949 2.593528,
2.799213 -3.046171 2.595875,
3.000000 -3.046171 2.595875,
3.000000 -3.044278 2.598131,
2.799213 -3.044278 2.598131,
3.000000 -3.042276 2.600290,
2.799213 -3.042276 2.600290,
2.799213 -3.040168 2.602346,
3.000000 -3.040168 2.602346,
3.000000 -3.037960 2.604294,
2.799213 -3.037960 2.604294,
2.799213 -3.035658 2.606130,
3.000000 -3.035658 2.606130,
3.000000 -3.033267 2.607849,
2.799213 -3.033267 2.607849,
3.000000 -3.030793 2.609446,
2.799213 -3.030793 2.609446,
2.799213 -3.028243 2.610919,
3.000000 -3.028243 2.610919,
3.000000 -3.025623 2.612262,
2.799213 -3.025623 2.612262,
2.799213 -3.022939 2.613473,
3.000000 -3.022939 2.613473,
3.000000 -3.020198 2.614549,
2.799213 -3.020198 2.614549,
2.799213 -3.017407 2.615487,
3.000000 -3.017407 2.615487,
3.000000 -3.014572 2.616284,
2.799213 -3.014572 2.616284,
2.799213 -3.011702 2.616939,
3.000000 -3.011702 2.616939,
3.000000 -3.008802 2.617451,
2.799213 -3.008802 2.617451,
2.799213 -3.005880 2.617817,
3.000000 -3.005880 2.617817,
2.799213 -3.002944 2.618037,
3.000000 -3.002944 2.618037,
3.000000 -3.000000 2.618110,
2.799213 -3.000000 2.618110,
2.799213 -2.997056 2.618037,
3.000000 -2.997056 2.618037,
2.799213 -2.994120 2.617817,
3.000000 -2.994120 2.617817,
2.799213 -2.991198 2.617451,
3.000000 -2.991198 2.617451,
2.799213 -2.988298 2.616939,
3.000000 -2.988298 2.616939,
2.799213 -2.985428 2.616284,
3.000000 -2.985428 2.616284,
2.799213 -2.982593 2.615487,
3.000000 -2.982593 2.615487,
2.799213 -2.979802 2.614549,
3.000000 -2.979802 2.614549,
2.799213 -2.977061 2.613473,
3.000000 -2.977061 2.613473,
2.799213 -2.974377 2.612262,
3.000000 -2.974377 2.612262,
2.799213 -2.971757 2.610919,
3.000000 -2.971757 2.610919,
2.799213 -2.969207 2.609446,
3.000000 -2.969207 2.609446,
2.799213 -2.966733 2.607849,
3.000000 -2.966733 2.607849,
2.799213 -2.964342 2.606130,
3.000000 -2.964342 2.606130,
2.799213 -2.962040 2.604294,
3.000000 -2.962040 2.604294,
2.799213 -2.959832 2.602346,
3.000000 -2.959832 2.602346,
2.799213 -2.957724 2.600290,
3.000000 -2.957724 2.600290,
2.799213 -2.955722 2.598131,
3.000000 -2.955722 2.598131,
2.799213 -2.953829 2.595875,
3.000000 -2.953829 2.595875,
2.799213 -2.952051 2.593528,
3.000000 -2.952051 2.593528,
2.799213 -2.950392 2.591095,
3.000000 -2.950392 2.591095,
2.799213 -2.948857 2.588583,
3.000000 -2.948857 2.588583,
2.799213 -2.947449 2.585997,
3.000000 -2.947449 2.585997,
2.799213 -2.946171 2.583344,
3.000000 -2.946171 2.583344,
2.799213 -2.945027 2.580630,
3.000000 -2.945027 2.580630,
2.799213 -2.944020 2.577863,
3.000000 -2.944020 2.577863,
2.799213 -2.943152 2.575050,
3.000000 -2.943152 2.575050,
2.799213 -2.942426 2.572196,
3.000000 -2.942426 2.572196,
2.799213 -2.941842 2.569310,
3.000000 -2.941842 2.569310,
2.799213 -2.941403 2.566398,
3.000000 -2.941403 2.566398,
2.799213 -2.941110 2.563468,
3.000000 -2.941110 2.563468,
2.799213 -2.940963 2.560527,
3.000000 -2.940963 2.560527,
2.799213 -2.940963 2.557583,
3.000000 -2.940963 2.557583,
2.799213 -2.941110 2.554642,
3.000000 -2.941110 2.554642,
2.799213 -2.941403 2.551712,
3.000000 -2.941403 2.551712,
2.799213 -2.941842 2.548800,
3.000000 -2.941842 2.548800,
2.799213 -2.942426 2.545914,
3.000000 -2.942426 2.545914,
2.799213 -2.943152 2.543061,
3.000000 -2.943152 2.543061,
2.799213 -2.944020 2.540247,
3.000000 -2.944020 2.540247,
3.000000 -2.945027 2.537480,
2.799213 -2.945027 2.537480,
2.799213 -2.946171 2.534767,
3.000000 -2.946171 2.534767,
2.799213 -2.947449 2.532114,
3.000000 -2.947449 2.532114,
2.799213 -2.948857 2.529528,
3.000000 -2.948857 2.529528,
2.799213 -2.950392 2.527015,
3.000000 -2.950392 2.527015,
3.000000 -2.952051 2.524582,
2.799213 -2.952051 2.524582,
2.799213 -2.953829 2.522235,
3.000000 -2.953829 2.522235,
2.799213 -2.955722 2.519979,
3.000000 -2.955722 2.519979,
2.799213 -2.957724 2.517821,
3.000000 -2.957724 2.517821,
2.799213 -2.959832 2.515765,
3.000000 -2.959832 2.515765,
2.799213 -2.962040 2.513816,
3.000000 -2.962040 2.513816,
2.799213 -2.964342 2.511980,
3.000000 -2.964342 2.511980,
2.799213 -2.966733 2.510261,
3.000000 -2.966733 2.510261,
2.799213 -2.969207 2.508664,
3.000000 -2.969207 2.508664,
2.799213 -2.971757 2.507192,
3.000000 -2.971757 2.507192,
2.799213 -2.974377 2.505848,
3.000000 -2.974377 2.505848,
2.799213 -2.977061 2.504637,
3.000000 -2.977061 2.504637,
2.799213 -2.979802 2.503561,
3.000000 -2.979802 2.503561,
2.799213 -2.982593 2.502624,
3.000000 -2.982593 2.502624,
3.000000 -2.985428 2.501826,
2.799213 -2.985428 2.501826,
2.799213 -2.988298 2.501171,
3.000000 -2.988298 2.501171,
2.799213 -2.991198 2.500660,
3.000000 -2.991198 2.500660,
2.799213 -2.994120 2.500293,
3.000000 -2.994120 2.500293,
2.799213 -2.997056 2.500073,
3.000000 -2.997056 2.500073 ] } coordIndex [ 0 1 2 -1,
0 2 3 -1,
4 3 5 -1,
4 0 3 -1,
6 5 7 -1,
6 4 5 -1,
8 7 9 -1,
8 9 10 -1,
8 6 7 -1,
11 8 10 -1,
12 10 13 -1,
12 11 10 -1,
14 13 15 -1,
14 12 13 -1,
16 15 17 -1,
16 17 18 -1,
16 14 15 -1,
19 16 18 -1,
20 18 21 -1,
20 19 18 -1,
22 20 21 -1,
22 21 23 -1,
22 23 24 -1,
25 22 24 -1,
26 25 24 -1,
26 24 27 -1,
28 26 27 -1,
28 27 29 -1,
28 29 30 -1,
31 28 30 -1,
32 31 30 -1,
32 30 33 -1,
34 32 33 -1,
34 33 35 -1,
36 34 35 -1,
36 35 37 -1,
38 36 37 -1,
38 37 39 -1,
40 38 39 -1,
40 39 41 -1,
42 40 41 -1,
42 41 43 -1,
44 42 43 -1,
44 43 45 -1,
46 45 47 -1,
46 44 45 -1,
48 47 49 -1,
48 46 47 -1,
50 49 51 -1,
50 51 52 -1,
50 48 49 -1,
53 50 52 -1,
54 52 55 -1,
54 53 52 -1,
56 55 57 -1,
56 57 58 -1,
56 54 55 -1,
59 56 58 -1,
60 58 61 -1,
60 59 58 -1,
62 61 63 -1,
62 60 61 -1,
64 63 65 -1,
64 65 66 -1,
64 62 63 -1,
67 64 66 -1,
68 66 69 -1,
68 69 70 -1,
68 67 66 -1,
71 68 70 -1,
72 71 70 -1,
72 70 73 -1,
74 72 73 -1,
74 73 75 -1,
74 75 76 -1,
77 74 76 -1,
78 77 76 -1,
78 76 79 -1,
78 79 80 -1,
81 78 80 -1,
82 81 80 -1,
82 80 83 -1,
84 82 83 -1,
84 83 85 -1,
86 84 85 -1,
86 85 87 -1,
86 87 88 -1,
89 86 88 -1,
90 89 88 -1,
90 88 91 -1,
90 91 92 -1,
93 90 92 -1,
93 92 94 -1,
95 93 94 -1,
96 95 94 -1,
96 94 97 -1,
96 97 98 -1,
99 96 98 -1,
100 99 98 -1,
100 98 101 -1,
100 101 102 -1,
103 100 102 -1,
103 102 104 -1,
105 103 104 -1,
106 105 104 -1,
106 104 107 -1,
106 107 108 -1,
109 106 108 -1,
110 109 108 -1,
110 108 111 -1,
110 111 112 -1,
113 110 112 -1,
114 113 112 -1,
114 112 115 -1,
114 115 116 -1,
117 114 116 -1,
118 116 119 -1,
118 119 120 -1,
118 117 116 -1,
121 118 120 -1,
122 120 123 -1,
122 121 120 -1,
124 122 123 -1,
124 123 125 -1,
124 125 126 -1,
127 124 126 -1,
128 127 126 -1,
128 126 129 -1,
130 128 129 -1,
130 129 131 -1,
132 130 131 -1,
132 131 133 -1,
134 132 133 -1,
134 133 135 -1,
136 134 135 -1,
136 135 137 -1,
138 136 137 -1,
138 137 139 -1,
140 138 139 -1,
140 139 141 -1,
142 140 141 -1,
142 141 143 -1,
144 142 143 -1,
144 143 145 -1,
146 144 145 -1,
146 145 147 -1,
148 146 147 -1,
148 147 149 -1,
150 149 151 -1,
150 148 149 -1,
152 151 153 -1,
152 150 151 -1,
154 153 155 -1,
154 152 153 -1,
156 155 157 -1,
156 154 155 -1,
158 157 159 -1,
158 156 157 -1,
160 159 161 -1,
160 158 159 -1,
162 161 163 -1,
162 160 161 -1,
164 163 165 -1,
164 162 163 -1,
166 165 167 -1,
166 164 165 -1,
168 167 169 -1,
168 166 167 -1,
170 169 171 -1,
170 168 169 -1,
172 171 173 -1,
172 170 171 -1,
174 173 175 -1,
174 172 173 -1,
176 174 175 -1,
176 175 177 -1,
178 176 177 -1,
178 177 179 -1,
180 178 179 -1,
180 179 181 -1,
182 180 181 -1,
182 181 183 -1,
184 183 185 -1,
184 182 183 -1,
186 185 187 -1,
186 184 185 -1,
188 187 189 -1,
188 186 187 -1,
190 189 191 -1,
190 188 189 -1,
192 191 193 -1,
192 190 191 -1,
194 193 195 -1,
194 192 193 -1,
196 195 197 -1,
196 194 195 -1,
198 197 199 -1,
198 196 197 -1,
200 199 201 -1,
200 198 199 -1,
202 201 203 -1,
202 203 204 -1,
202 200 201 -1,
205 202 204 -1,
206 204 207 -1,
206 205 204 -1,
208 207 209 -1,
208 206 207 -1,
210 209 211 -1,
210 208 209 -1,
212 211 213 -1,
212 213 214 -1,
212 210 211 -1,
215 212 214 -1,
216 214 217 -1,
216 215 214 -1,
218 217 219 -1,
218 216 217 -1,
220 219 221 -1,
220 218 219 -1,
222 221 223 -1,
222 220 221 -1,
224 222 223 -1,
224 223 225 -1,
226 224 225 -1,
226 225 227 -1,
228 226 227 -1,
228 227 229 -1,
230 228 229 -1,
230 229 231 -1,
232 230 231 -1,
232 231 233 -1,
234 232 233 -1,
234 233 235 -1,
236 234 235 -1,
236 235 237 -1,
238 236 237 -1,
238 237 239 -1,
240 238 239 -1,
240 239 241 -1,
240 241 242 -1,
243 240 242 -1,
244 243 242 -1,
244 242 245 -1,
246 244 245 -1,
246 245 247 -1,
248 246 247 -1,
248 247 249 -1,
250 249 251 -1,
250 248 249 -1,
250 251 2 -1,
1 250 2 -1,
206 202 205 -1,
106 109 110 -1,
210 206 208 -1,
212 206 210 -1,
100 103 105 -1,
216 212 215 -1,
222 218 220 -1,
226 222 224 -1,
228 222 226 -1,
232 228 230 -1,
82 84 86 -1,
236 232 234 -1,
240 236 238 -1,
243 236 240 -1,
244 236 243 -1,
11 6 8 -1,
14 11 12 -1,
20 16 19 -1,
40 42 44 -1,
40 44 46 -1,
40 46 48 -1,
26 20 22 -1,
26 22 25 -1,
34 36 38 -1,
32 200 202 -1,
32 1 0 -1,
32 0 4 -1,
32 4 6 -1,
32 236 244 -1,
32 202 206 -1,
32 14 16 -1,
32 216 218 -1,
32 26 28 -1,
32 212 216 -1,
32 28 31 -1,
32 11 14 -1,
32 206 212 -1,
32 38 40 -1,
32 244 246 -1,
32 246 248 -1,
32 248 250 -1,
32 34 38 -1,
32 250 1 -1,
32 48 50 -1,
32 50 53 -1,
32 53 54 -1,
32 54 56 -1,
32 56 59 -1,
32 59 60 -1,
32 60 62 -1,
32 40 48 -1,
32 62 64 -1,
32 64 67 -1,
32 67 68 -1,
32 228 232 -1,
32 68 71 -1,
32 71 72 -1,
32 72 74 -1,
32 74 77 -1,
32 100 105 -1,
32 77 78 -1,
32 78 81 -1,
32 81 82 -1,
32 86 89 -1,
32 89 90 -1,
32 90 93 -1,
32 93 95 -1,
32 95 96 -1,
32 96 99 -1,
32 99 100 -1,
32 105 106 -1,
32 16 20 -1,
32 218 222 -1,
32 110 113 -1,
32 113 114 -1,
32 114 117 -1,
32 117 118 -1,
32 118 121 -1,
32 121 122 -1,
32 222 228 -1,
32 122 124 -1,
32 124 127 -1,
32 127 128 -1,
32 128 130 -1,
32 130 132 -1,
32 132 134 -1,
32 106 110 -1,
32 134 136 -1,
32 136 138 -1,
32 138 140 -1,
32 82 86 -1,
32 140 142 -1,
32 142 144 -1,
32 144 146 -1,
32 146 148 -1,
32 148 150 -1,
32 150 152 -1,
32 232 236 -1,
32 152 154 -1,
32 154 156 -1,
32 156 158 -1,
32 158 160 -1,
32 160 162 -1,
32 162 164 -1,
32 164 166 -1,
32 166 168 -1,
32 168 170 -1,
32 170 172 -1,
32 172 174 -1,
32 174 176 -1,
32 176 178 -1,
32 178 180 -1,
32 180 182 -1,
32 182 184 -1,
32 184 186 -1,
32 186 188 -1,
32 188 190 -1,
32 190 192 -1,
32 192 194 -1,
32 6 11 -1,
32 194 196 -1,
32 20 26 -1,
32 196 198 -1,
32 198 200 -1,
203 207 204 -1,
108 107 111 -1,
207 211 209 -1,
207 213 211 -1,
102 101 104 -1,
213 217 214 -1,
219 223 221 -1,
223 227 225 -1,
223 229 227 -1,
229 233 231 -1,
85 83 87 -1,
233 237 235 -1,
237 241 239 -1,
237 242 241 -1,
237 245 242 -1,
7 10 9 -1,
10 15 13 -1,
17 21 18 -1,
43 41 45 -1,
45 41 47 -1,
47 41 49 -1,
21 27 23 -1,
23 27 24 -1,
37 35 39 -1,
201 33 203 -1,
2 33 3 -1,
3 33 5 -1,
5 33 7 -1,
237 33 245 -1,
203 33 207 -1,
15 33 17 -1,
217 33 219 -1,
27 33 29 -1,
213 33 217 -1,
29 33 30 -1,
10 33 15 -1,
207 33 213 -1,
39 33 41 -1,
245 33 247 -1,
247 33 249 -1,
249 33 251 -1,
35 33 39 -1,
251 33 2 -1,
49 33 51 -1,
51 33 52 -1,
52 33 55 -1,
55 33 57 -1,
57 33 58 -1,
58 33 61 -1,
61 33 63 -1,
41 33 49 -1,
63 33 65 -1,
65 33 66 -1,
66 33 69 -1,
229 33 233 -1,
69 33 70 -1,
70 33 73 -1,
73 33 75 -1,
75 33 76 -1,
101 33 104 -1,
76 33 79 -1,
79 33 80 -1,
80 33 83 -1,
87 33 88 -1,
88 33 91 -1,
91 33 92 -1,
92 33 94 -1,
94 33 97 -1,
97 33 98 -1,
98 33 101 -1,
104 33 107 -1,
17 33 21 -1,
219 33 223 -1,
111 33 112 -1,
112 33 115 -1,
115 33 116 -1,
116 33 119 -1,
119 33 120 -1,
120 33 123 -1,
223 33 229 -1,
123 33 125 -1,
125 33 126 -1,
126 33 129 -1,
129 33 131 -1,
131 33 133 -1,
133 33 135 -1,
107 33 111 -1,
135 33 137 -1,
137 33 139 -1,
139 33 141 -1,
83 33 87 -1,
141 33 143 -1,
143 33 145 -1,
145 33 147 -1,
147 33 149 -1,
149 33 151 -1,
151 33 153 -1,
233 33 237 -1,
153 33 155 -1,
155 33 157 -1,
157 33 159 -1,
159 33 161 -1,
161 33 163 -1,
163 33 165 -1,
165 33 167 -1,
167 33 169 -1,
169 33 171 -1,
171 33 173 -1,
173 33 175 -1,
175 33 177 -1,
177 33 179 -1,
179 33 181 -1,
181 33 183 -1,
183 33 185 -1,
185 33 187 -1,
187 33 189 -1,
189 33 191 -1,
191 33 193 -1,
193 33 195 -1,
7 33 10 -1,
195 33 197 -1,
21 33 27 -1,
197 33 199 -1,
199 33 201 -1 ] } }
Shape { appearance Appearance { material Material { diffuseColor 0.7 0.72 0.74 } } geometry IndexedFaceSet { solid FALSE coord Coordinate { point [ 2.901575 -4.059055 -0.984252,
2.901575 -4.059055 0.000000,
2.901575 -3.940945 -0.984252,
2.901575 -3.940945 0.000000,
3.098425 -4.059055 0.000000,
3.098425 -4.059055 -0.984252,
3.098425 -3.940945 -0.984252,
3.098425 -3.940945 0.000000 ] } coordIndex [ 0 1 2 -1,
2 1 3 -1,
4 5 6 -1,
4 6 7 -1,
5 4 0 -1,
0 4 1 -1,
7 6 2 -1,
7 2 3 -1,
2 6 0 -1,
0 6 5 -1,
7 3 1 -1,
7 1 4 -1 ] } }
Shape { appearance Appearance { material Material { diffuseColor 0.7 0.72 0.74 } } geometry IndexedFaceSet { solid FALSE coord Coordinate { point [ 2.901575 -4.059055 1.181102,
2.901575 -4.059055 2.559055,
2.901575 -3.940945 1.181102,
2.901575 -3.940945 2.559055,
3.098425 -4.059055 2.559055,
3.098425 -4.059055 1.181102,
3.098425 -3.940945 1.181102,
3.098425 -3.940945 2.559055 ] } coordIndex [ 0 1 2 -1,
2 1 3 -1,
4 5 6 -1,
4 6 7 -1,
5 4 0 -1,
0 4 1 -1,
7 6 2 -1,
7 2 3 -1,
2 6 0 -1,
0 6 5 -1,
7 3 1 -1,
7 1 4 -1 ] } }
Shape { appearance Appearance { material Material { diffuseColor 0.7 0.72 0.74 } } geometry IndexedFaceSet { solid FALSE coord Coordinate { point [ 2.799213 -4.002944 2.500073,
2.799213 -4.000000 2.500000,
3.000000 -4.000000 2.500000,
3.000000 -4.002944 2.500073,
2.799213 -4.005880 2.500293,
3.000000 -4.005880 2.500293,
2.799213 -4.008802 2.500660,
3.000000 -4.008802 2.500660,
2.799213 -4.011702 2.501171,
3.000000 -4.011702 2.501171,
3.000000 -4.014572 2.501826,
2.799213 -4.014572 2.501826,
2.799213 -4.017407 2.502624,
3.000000 -4.017407 2.502624,
2.799213 -4.020198 2.503561,
3.000000 -4.020198 2.503561,
2.799213 -4.022939 2.504637,
3.000000 -4.022939 2.504637,
3.000000 -4.025623 2.505848,
2.799213 -4.025623 2.505848,
2.799213 -4.028243 2.507192,
3.000000 -4.028243 2.507192,
2.799213 -4.030793 2.508664,
3.000000 -4.030793 2.508664,
3.000000 -4.033267 2.510261,
2.799213 -4.033267 2.510261,
2.799213 -4.035658 2.511980,
3.000000 -4.035658 2.511980,
2.799213 -4.037960 2.513816,
3.000000 -4.037960 2.513816,
3.000000 -4.040168 2.515765,
2.799213 -4.040168 2.515765,
2.799213 -4.042276 2.517821,
3.000000 -4.042276 2.517821,
2.799213 -4.044278 2.519979,
3.000000 -4.044278 2.519979,
2.799213 -4.046171 2.522235,
3.000000 -4.046171 2.522235,
2.799213 -4.047949 2.524582,
3.000000 -4.047949 2.524582,
2.799213 -4.049608 2.527015,
3.000000 -4.049608 2.527015,
2.799213 -4.051143 2.529528,
3.000000 -4.051143 2.529528,
2.799213 -4.052551 2.532114,
3.000000 -4.052551 2.532114,
2.799213 -4.053829 2.534767,
3.000000 -4.053829 2.534767,
2.799213 -4.054973 2.537480,
3.000000 -4.054973 2.537480,
2.799213 -4.055980 2.540247,
3.000000 -4.055980 2.540247,
3.000000 -4.056848 2.543061,
2.799213 -4.056848 2.543061,
2.799213 -4.057574 2.545914,
3.000000 -4.057574 2.545914,
2.799213 -4.058158 2.548800,
3.000000 -4.058158 2.548800,
3.000000 -4.058597 2.551712,
2.799213 -4.058597 2.551712,
2.799213 -4.058890 2.554642,
3.000000 -4.058890 2.554642,
2.799213 -4.059037 2.557583,
3.000000 -4.059037 2.557583,
2.799213 -4.059037 2.560527,
3.000000 -4.059037 2.560527,
3.000000 -4.058890 2.563468,
2.799213 -4.058890 2.563468,
2.799213 -4.058597 2.566398,
3.000000 -4.058597 2.566398,
3.000000 -4.058158 2.569310,
2.799213 -4.058158 2.569310,
2.799213 -4.057574 2.572196,
3.000000 -4.057574 2.572196,
2.799213 -4.056848 2.575050,
3.000000 -4.056848 2.575050,
3.000000 -4.055980 2.577863,
2.799213 -4.055980 2.577863,
2.799213 -4.054973 2.580630,
3.000000 -4.054973 2.580630,
3.000000 -4.053829 2.583344,
2.799213 -4.053829 2.583344,
2.799213 -4.052551 2.585997,
3.000000 -4.052551 2.585997,
2.799213 -4.051143 2.588583,
3.000000 -4.051143 2.588583,
2.799213 -4.049608 2.591095,
3.000000 -4.049608 2.591095,
3.000000 -4.047949 2.593528,
2.799213 -4.047949 2.593528,
2.799213 -4.046171 2.595875,
3.000000 -4.046171 2.595875,
3.000000 -4.044278 2.598131,
2.799213 -4.044278 2.598131,
3.000000 -4.042276 2.600290,
2.799213 -4.042276 2.600290,
2.799213 -4.040168 2.602346,
3.000000 -4.040168 2.602346,
3.000000 -4.037960 2.604294,
2.799213 -4.037960 2.604294,
2.799213 -4.035658 2.606130,
3.000000 -4.035658 2.606130,
3.000000 -4.033267 2.607849,
2.799213 -4.033267 2.607849,
3.000000 -4.030793 2.609446,
2.799213 -4.030793 2.609446,
2.799213 -4.028243 2.610919,
3.000000 -4.028243 2.610919,
3.000000 -4.025623 2.612262,
2.799213 -4.025623 2.612262,
2.799213 -4.022939 2.613473,
3.000000 -4.022939 2.613473,
3.000000 -4.020198 2.614549,
2.799213 -4.020198 2.614549,
2.799213 -4.017407 2.615487,
3.000000 -4.017407 2.615487,
3.000000 -4.014572 2.616284,
2.799213 -4.014572 2.616284,
2.799213 -4.011702 2.616939,
3.000000 -4.011702 2.616939,
3.000000 -4.008802 2.617451,
2.799213 -4.008802 2.617451,
2.799213 -4.005880 2.617817,
3.000000 -4.005880 2.617817,
2.799213 -4.002944 2.618037,
3.000000 -4.002944 2.618037,
3.000000 -4.000000 2.618110,
2.799213 -4.000000 2.618110,
2.799213 -3.997056 2.618037,
3.000000 -3.997056 2.618037,
2.799213 -3.994120 2.617817,
3.000000 -3.994120 2.617817,
2.799213 -3.991198 2.617451,
3.000000 -3.991198 2.617451,
2.799213 -3.988298 2.616939,
3.000000 -3.988298 2.616939,
2.799213 -3.985428 2.616284,
3.000000 -3.985428 2.616284,
2.799213 -3.982593 2.615487,
3.000000 -3.982593 2.615487,
2.799213 -3.979802 2.614549,
3.000000 -3.979802 2.614549,
2.799213 -3.977061 2.613473,
3.000000 -3.977061 2.613473,
2.799213 -3.974377 2.612262,
3.000000 -3.974377 2.612262,
2.799213 -3.971757 2.610919,
3.000000 -3.971757 2.610919,
2.799213 -3.969207 2.609446,
3.000000 -3.969207 2.609446,
2.799213 -3.966733 2.607849,
3.000000 -3.966733 2.607849,
2.799213 -3.964342 2.606130,
3.000000 -3.964342 2.606130,
2.799213 -3.962040 2.604294,
3.000000 -3.962040 2.604294,
2.799213 -3.959832 2.602346,
3.000000 -3.959832 2.602346,
2.799213 -3.957724 2.600290,
3.000000 -3.957724 2.600290,
2.799213 -3.955722 2.598131,
3.000000 -3.955722 2.598131,
2.799213 -3.953829 2.595875,
3.000000 -3.953829 2.595875,
2.799213 -3.952051 2.593528,
3.000000 -3.952051 2.593528,
2.799213 -3.950392 2.591095,
3.000000 -3.950392 2.591095,
2.799213 -3.948857 2.588583,
3.000000 -3.948857 2.588583,
2.799213 -3.947449 2.585997,
3.000000 -3.947449 2.585997,
2.799213 -3.946171 2.583344,
3.000000 -3.946171 2.583344,
2.799213 -3.945027 2.580630,
3.000000 -3.945027 2.580630,
2.799213 -3.944020 2.577863,
3.000000 -3.944020 2.577863,
2.799213 -3.943152 2.575050,
3.000000 -3.943152 2.575050,
2.799213 -3.942426 2.572196,
3.000000 -3.942426 2.572196,
2.799213 -3.941842 2.569310,
3.000000 -3.941842 2.569310,
2.799213 -3.941403 2.566398,
3.000000 -3.941403 2.566398,
2.799213 -3.941110 2.563468,
3.000000 -3.941110 2.563468,
2.799213 -3.940963 2.560527,
3.000000 -3.940963 2.560527,
2.799213 -3.940963 2.557583,
3.000000 -3.940963 2.557583,
2.799213 -3.941110 2.554642,
3.000000 -3.941110 2.554642,
2.799213 -3.941403 2.551712,
3.000000 -3.941403 2.551712,
2.799213 -3.941842 2.548800,
3.000000 -3.941842 2.548800,
2.799213 -3.942426 2.545914,
3.000000 -3.942426 2.545914,
2.799213 -3.943152 2.543061,
3.000000 -3.943152 2.543061,
2.799213 -3.944020 2.540247,
3.000000 -3.944020 2.540247,
3.000000 -3.945027 2.537480,
2.799213 -3.945027 2.537480,
2.799213 -3.946171 2.534767,
3.000000 -3.946171 2.534767,
2.799213 -3.947449 2.532114,
3.000000 -3.947449 2.532114,
2.799213 -3.948857 2.529528,
3.000000 -3.948857 2.529528,
2.799213 -3.950392 2.527015,
3.000000 -3.950392 2.527015,
3.000000 -3.952051 2.524582,
2.799213 -3.952051 2.524582,
2.799213 -3.953829 2.522235,
3.000000 -3.953829 2.522235,
2.799213 -3.955722 2.519979,
3.000000 -3.955722 2.519979,
2.799213 -3.957724 2.517821,
3.000000 -3.957724 2.517821,
2.799213 -3.959832 2.515765,
3.000000 -3.959832 2.515765,
2.799213 -3.962040 2.513816,
3.000000 -3.962040 2.513816,
2.799213 -3.964342 2.511980,
3.000000 -3.964342 2.511980,
2.799213 -3.966733 2.510261,
3.000000 -3.966733 2.510261,
2.799213 -3.969207 2.508664,
3.000000 -3.969207 2.508664,
2.799213 -3.971757 2.507192,
3.000000 -3.971757 2.507192,
2.799213 -3.974377 2.505848,
3.000000 -3.974377 2.505848,
2.799213 -3.977061 2.504637,
3.000000 -3.977061 2.504637,
2.799213 -3.979802 2.503561,
3.000000 -3.979802 2.503561,
2.799213 -3.982593 2.502624,
3.000000 -3.982593 2.502624,
3.000000 -3.985428 2.501826,
2.799213 -3.985428 2.501826,
2.799213 -3.988298 2.501171,
3.000000 -3.988298 2.501171,
2.799213 -3.991198 2.500660,
3.000000 -3.991198 2.500660,
2.799213 -3.994120 2.500293,
3.000000 -3.994120 2.500293,
2.799213 -3.997056 2.500073,
3.000000 -3.997056 2.500073 ] } coordIndex [ 0 1 2 -1,
0 2 3 -1,
4 3 5 -1,
4 0 3 -1,
6 5 7 -1,
6 4 5 -1,
8 7 9 -1,
8 9 10 -1,
8 6 7 -1,
11 8 10 -1,
12 10 13 -1,
12 11 10 -1,
14 13 15 -1,
14 12 13 -1,
16 15 17 -1,
16 17 18 -1,
16 14 15 -1,
19 16 18 -1,
20 18 21 -1,
20 19 18 -1,
22 20 21 -1,
22 21 23 -1,
22 23 24 -1,
25 22 24 -1,
26 25 24 -1,
26 24 27 -1,
28 26 27 -1,
28 27 29 -1,
28 29 30 -1,
31 28 30 -1,
32 31 30 -1,
32 30 33 -1,
34 32 33 -1,
34 33 35 -1,
36 34 35 -1,
36 35 37 -1,
38 36 37 -1,
38 37 39 -1,
40 38 39 -1,
40 39 41 -1,
42 40 41 -1,
42 41 43 -1,
44 42 43 -1,
44 43 45 -1,
46 45 47 -1,
46 44 45 -1,
48 47 49 -1,
48 46 47 -1,
50 49 51 -1,
50 51 52 -1,
50 48 49 -1,
53 50 52 -1,
54 52 55 -1,
54 53 52 -1,
56 55 57 -1,
56 57 58 -1,
56 54 55 -1,
59 56 58 -1,
60 58 61 -1,
60 59 58 -1,
62 61 63 -1,
62 60 61 -1,
64 63 65 -1,
64 65 66 -1,
64 62 63 -1,
67 64 66 -1,
68 66 69 -1,
68 69 70 -1,
68 67 66 -1,
71 68 70 -1,
72 71 70 -1,
72 70 73 -1,
74 72 73 -1,
74 73 75 -1,
74 75 76 -1,
77 74 76 -1,
78 77 76 -1,
78 76 79 -1,
78 79 80 -1,
81 78 80 -1,
82 81 80 -1,
82 80 83 -1,
84 82 83 -1,
84 83 85 -1,
86 84 85 -1,
86 85 87 -1,
86 87 88 -1,
89 86 88 -1,
90 89 88 -1,
90 88 91 -1,
90 91 92 -1,
93 90 92 -1,
93 92 94 -1,
95 93 94 -1,
96 95 94 -1,
96 94 97 -1,
96 97 98 -1,
99 96 98 -1,
100 99 98 -1,
100 98 101 -1,
100 101 102 -1,
103 100 102 -1,
103 102 104 -1,
105 103 104 -1,
106 105 104 -1,
106 104 107 -1,
106 107 108 -1,
109 106 108 -1,
110 109 108 -1,
110 108 111 -1,
110 111 112 -1,
113 110 112 -1,
114 113 112 -1,
114 112 115 -1,
114 115 116 -1,
117 114 116 -1,
118 116 119 -1,
118 119 120 -1,
118 117 116 -1,
121 118 120 -1,
122 120 123 -1,
122 121 120 -1,
124 122 123 -1,
124 123 125 -1,
124 125 126 -1,
127 124 126 -1,
128 127 126 -1,
128 126 129 -1,
130 128 129 -1,
130 129 131 -1,
132 130 131 -1,
132 131 133 -1,
134 132 133 -1,
134 133 135 -1,
136 134 135 -1,
136 135 137 -1,
138 136 137 -1,
138 137 139 -1,
140 138 139 -1,
140 139 141 -1,
142 140 141 -1,
142 141 143 -1,
144 142 143 -1,
144 143 145 -1,
146 144 145 -1,
146 145 147 -1,
148 146 147 -1,
148 147 149 -1,
150 149 151 -1,
150 148 149 -1,
152 151 153 -1,
152 150 151 -1,
154 153 155 -1,
154 152 153 -1,
156 155 157 -1,
156 154 155 -1,
158 157 159 -1,
158 156 157 -1,
160 159 161 -1,
160 158 159 -1,
162 161 163 -1,
162 160 161 -1,
164 163 165 -1,
164 162 163 -1,
166 165 167 -1,
166 164 165 -1,
168 167 169 -1,
168 166 167 -1,
170 169 171 -1,
170 168 169 -1,
172 171 173 -1,
172 170 171 -1,
174 173 175 -1,
174 172 173 -1,
176 174 175 -1,
176 175 177 -1,
178 176 177 -1,
178 177 179 -1,
180 178 179 -1,
180 179 181 -1,
182 180 181 -1,
182 181 183 -1,
184 183 185 -1,
184 182 183 -1,
186 185 187 -1,
186 184 185 -1,
188 187 189 -1,
188 186 187 -1,
190 189 191 -1,
190 188 189 -1,
192 191 193 -1,
192 190 191 -1,
194 193 195 -1,
194 192 193 -1,
196 195 197 -1,
196 194 195 -1,
198 197 199 -1,
198 196 197 -1,
200 199 201 -1,
200 198 199 -1,
202 201 203 -1,
202 203 204 -1,
202 200 201 -1,
205 202 204 -1,
206 204 207 -1,
206 205 204 -1,
208 207 209 -1,
208 206 207 -1,
210 209 211 -1,
210 208 209 -1,
212 211 213 -1,
212 213 214 -1,
212 210 211 -1,
215 212 214 -1,
216 214 217 -1,
216 215 214 -1,
218 217 219 -1,
218 216 217 -1,
220 219 221 -1,
220 218 219 -1,
222 221 223 -1,
222 220 221 -1,
224 222 223 -1,
224 223 225 -1,
226 224 225 -1,
226 225 227 -1,
228 226 227 -1,
228 227 229 -1,
230 228 229 -1,
230 229 231 -1,
232 230 231 -1,
232 231 233 -1,
234 232 233 -1,
234 233 235 -1,
236 234 235 -1,
236 235 237 -1,
238 236 237 -1,
238 237 239 -1,
240 238 239 -1,
240 239 241 -1,
240 241 242 -1,
243 240 242 -1,
244 243 242 -1,
244 242 245 -1,
246 244 245 -1,
246 245 247 -1,
248 246 247 -1,
248 247 249 -1,
250 249 251 -1,
250 248 249 -1,
250 251 2 -1,
1 250 2 -1,
12 8 11 -1,
50 53 54 -1,
44 46 48 -1,
20 14 16 -1,
20 16 19 -1,
40 42 44 -1,
36 38 40 -1,
208 205 206 -1,
28 25 26 -1,
32 1 0 -1,
32 0 4 -1,
32 4 6 -1,
32 6 8 -1,
32 12 14 -1,
32 20 22 -1,
32 22 25 -1,
32 28 31 -1,
32 34 36 -1,
32 48 50 -1,
32 54 56 -1,
32 56 59 -1,
32 59 60 -1,
32 60 62 -1,
32 62 64 -1,
32 64 67 -1,
32 67 68 -1,
32 68 71 -1,
32 71 72 -1,
32 72 74 -1,
32 74 77 -1,
32 77 78 -1,
32 78 81 -1,
32 81 82 -1,
32 82 84 -1,
32 84 86 -1,
32 86 89 -1,
32 89 90 -1,
32 99 100 -1,
32 100 103 -1,
32 103 105 -1,
32 105 106 -1,
32 106 109 -1,
32 109 110 -1,
32 110 113 -1,
32 113 114 -1,
32 114 117 -1,
32 117 118 -1,
32 118 121 -1,
32 121 122 -1,
32 122 124 -1,
32 124 127 -1,
32 127 128 -1,
32 128 130 -1,
32 130 132 -1,
32 132 134 -1,
32 134 136 -1,
32 136 138 -1,
32 138 140 -1,
32 140 142 -1,
32 142 144 -1,
32 144 146 -1,
32 146 148 -1,
32 148 150 -1,
32 150 152 -1,
32 152 154 -1,
32 154 156 -1,
32 156 158 -1,
32 158 160 -1,
32 160 162 -1,
32 162 164 -1,
32 164 166 -1,
32 166 168 -1,
32 168 170 -1,
32 170 172 -1,
32 172 174 -1,
32 174 176 -1,
32 176 178 -1,
32 178 180 -1,
32 180 182 -1,
32 182 184 -1,
32 184 186 -1,
32 186 188 -1,
32 188 190 -1,
32 190 192 -1,
32 192 194 -1,
32 194 196 -1,
32 196 198 -1,
32 198 200 -1,
32 200 202 -1,
32 202 205 -1,
32 208 210 -1,
32 210 212 -1,
32 212 215 -1,
32 215 216 -1,
32 216 218 -1,
32 218 220 -1,
32 220 222 -1,
32 238 240 -1,
32 240 243 -1,
32 243 244 -1,
32 95 99 -1,
32 205 208 -1,
32 90 95 -1,
32 36 40 -1,
32 228 234 -1,
32 222 228 -1,
32 25 28 -1,
32 234 238 -1,
32 244 1 -1,
32 8 12 -1,
32 44 48 -1,
32 50 54 -1,
32 40 44 -1,
32 14 20 -1,
95 96 99 -1,
90 93 95 -1,
228 222 224 -1,
228 224 226 -1,
234 228 230 -1,
234 230 232 -1,
238 234 236 -1,
248 244 246 -1,
1 244 248 -1,
1 248 250 -1,
9 13 10 -1,
52 51 55 -1,
47 45 49 -1,
15 21 17 -1,
17 21 18 -1,
43 41 45 -1,
39 37 41 -1,
204 209 207 -1,
24 29 27 -1,
2 33 3 -1,
3 33 5 -1,
5 33 7 -1,
7 33 9 -1,
13 33 15 -1,
21 33 23 -1,
23 33 24 -1,
29 33 30 -1,
35 33 37 -1,
49 33 51 -1,
55 33 57 -1,
57 33 58 -1,
58 33 61 -1,
61 33 63 -1,
63 33 65 -1,
65 33 66 -1,
66 33 69 -1,
69 33 70 -1,
70 33 73 -1,
73 33 75 -1,
75 33 76 -1,
76 33 79 -1,
79 33 80 -1,
80 33 83 -1,
83 33 85 -1,
85 33 87 -1,
87 33 88 -1,
88 33 91 -1,
98 33 101 -1,
101 33 102 -1,
102 33 104 -1,
104 33 107 -1,
107 33 108 -1,
108 33 111 -1,
111 33 112 -1,
112 33 115 -1,
115 33 116 -1,
116 33 119 -1,
119 33 120 -1,
120 33 123 -1,
123 33 125 -1,
125 33 126 -1,
126 33 129 -1,
129 33 131 -1,
131 33 133 -1,
133 33 135 -1,
135 33 137 -1,
137 33 139 -1,
139 33 141 -1,
141 33 143 -1,
143 33 145 -1,
145 33 147 -1,
147 33 149 -1,
149 33 151 -1,
151 33 153 -1,
153 33 155 -1,
155 33 157 -1,
157 33 159 -1,
159 33 161 -1,
161 33 163 -1,
163 33 165 -1,
165 33 167 -1,
167 33 169 -1,
169 33 171 -1,
171 33 173 -1,
173 33 175 -1,
175 33 177 -1,
177 33 179 -1,
179 33 181 -1,
181 33 183 -1,
183 33 185 -1,
185 33 187 -1,
187 33 189 -1,
189 33 191 -1,
191 33 193 -1,
193 33 195 -1,
195 33 197 -1,
197 33 199 -1,
199 33 201 -1,
201 33 203 -1,
203 33 204 -1,
209 33 211 -1,
211 33 213 -1,
213 33 214 -1,
214 33 217 -1,
217 33 219 -1,
219 33 221 -1,
221 33 223 -1,
239 33 241 -1,
241 33 242 -1,
242 33 245 -1,
94 33 98 -1,
204 33 209 -1,
91 33 94 -1,
37 33 41 -1,
229 33 235 -1,
223 33 229 -1,
24 33 29 -1,
235 33 239 -1,
245 33 2 -1,
9 33 13 -1,
45 33 49 -1,
51 33 55 -1,
41 33 45 -1,
15 33 21 -1,
97 94 98 -1,
92 91 94 -1,
223 229 225 -1,
225 229 227 -1,
229 235 231 -1,
231 235 233 -1,
235 239 237 -1,
245 249 247 -1,
245 2 249 -1,
249 2 251 -1 ] } }
Shape { appearance Appearance { material Material { diffuseColor 0.7 0.72 0.74 } } geometry IndexedFaceSet { solid FALSE coord Coordinate { point [ 2.901575 -5.059055 -0.984252,
2.901575 -5.059055 0.000000,
2.901575 -4.940945 -0.984252,
2.901575 -4.940945 0.000000,
3.098425 -5.059055 0.000000,
3.098425 -5.059055 -0.984252,
3.098425 -4.940945 -0.984252,
3.098425 -4.940945 0.000000 ] } coordIndex [ 0 1 2 -1,
2 1 3 -1,
4 5 6 -1,
4 6 7 -1,
5 4 0 -1,
0 4 1 -1,
7 6 2 -1,
7 2 3 -1,
2 6 0 -1,
0 6 5 -1,
7 3 1 -1,
7 1 4 -1 ] } }
Shape { appearance Appearance { material Material { diffuseColor 0.7 0.72 0.74 } } geometry IndexedFaceSet { solid FALSE coord Coordinate { point [ 2.901575 -5.059055 1.181102,
2.901575 -5.059055 2.559055,
2.901575 -4.940945 1.181102,
2.901575 -4.940945 2.559055,
3.098425 -5.059055 2.559055,
3.098425 -5.059055 1.181102,
3.098425 -4.940945 1.181102,
3.098425 -4.940945 2.559055 ] } coordIndex [ 0 1 2 -1,
2 1 3 -1,
4 5 6 -1,
4 6 7 -1,
5 4 0 -1,
0 4 1 -1,
7 6 2 -1,
7 2 3 -1,
2 6 0 -1,
0 6 5 -1,
7 3 1 -1,
7 1 4 -1 ] } }
Shape { appearance Appearance { material Material { diffuseColor 0.7 0.72 0.74 } } geometry IndexedFaceSet { solid FALSE coord Coordinate { point [ 2.799213 -5.002944 2.500073,
2.799213 -5.000000 2.500000,
3.000000 -5.000000 2.500000,
3.000000 -5.002944 2.500073,
2.799213 -5.005880 2.500293,
3.000000 -5.005880 2.500293,
2.799213 -5.008802 2.500660,
3.000000 -5.008802 2.500660,
2.799213 -5.011702 2.501171,
3.000000 -5.011702 2.501171,
3.000000 -5.014572 2.501826,
2.799213 -5.014572 2.501826,
2.799213 -5.017407 2.502624,
3.000000 -5.017407 2.502624,
2.799213 -5.020198 2.503561,
3.000000 -5.020198 2.503561,
2.799213 -5.022939 2.504637,
3.000000 -5.022939 2.504637,
3.000000 -5.025623 2.505848,
2.799213 -5.025623 2.505848,
2.799213 -5.028243 2.507192,
3.000000 -5.028243 2.507192,
2.799213 -5.030793 2.508664,
3.000000 -5.030793 2.508664,
3.000000 -5.033267 2.510261,
2.799213 -5.033267 2.510261,
2.799213 -5.035658 2.511980,
3.000000 -5.035658 2.511980,
2.799213 -5.037960 2.513816,
3.000000 -5.037960 2.513816,
3.000000 -5.040168 2.515765,
2.799213 -5.040168 2.515765,
2.799213 -5.042276 2.517821,
3.000000 -5.042276 2.517821,
2.799213 -5.044278 2.519979,
3.000000 -5.044278 2.519979,
2.799213 -5.046171 2.522235,
3.000000 -5.046171 2.522235,
2.799213 -5.047949 2.524582,
3.000000 -5.047949 2.524582,
2.799213 -5.049608 2.527015,
3.000000 -5.049608 2.527015,
2.799213 -5.051143 2.529528,
3.000000 -5.051143 2.529528,
2.799213 -5.052551 2.532114,
3.000000 -5.052551 2.532114,
2.799213 -5.053829 2.534767,
3.000000 -5.053829 2.534767,
2.799213 -5.054973 2.537480,
3.000000 -5.054973 2.537480,
2.799213 -5.055980 2.540247,
3.000000 -5.055980 2.540247,
3.000000 -5.056848 2.543061,
2.799213 -5.056848 2.543061,
2.799213 -5.057574 2.545914,
3.000000 -5.057574 2.545914,
2.799213 -5.058158 2.548800,
3.000000 -5.058158 2.548800,
3.000000 -5.058597 2.551712,
2.799213 -5.058597 2.551712,
2.799213 -5.058890 2.554642,
3.000000 -5.058890 2.554642,
2.799213 -5.059037 2.557583,
3.000000 -5.059037 2.557583,
2.799213 -5.059037 2.560527,
3.000000 -5.059037 2.560527,
3.000000 -5.058890 2.563468,
2.799213 -5.058890 2.563468,
2.799213 -5.058597 2.566398,
3.000000 -5.058597 2.566398,
3.000000 -5.058158 2.569310,
2.799213 -5.058158 2.569310,
2.799213 -5.057574 2.572196,
3.000000 -5.057574 2.572196,
2.799213 -5.056848 2.575050,
3.000000 -5.056848 2.575050,
3.000000 -5.055980 2.577863,
2.799213 -5.055980 2.577863,
2.799213 -5.054973 2.580630,
3.000000 -5.054973 2.580630,
3.000000 -5.053829 2.583344,
2.799213 -5.053829 2.583344,
2.799213 -5.052551 2.585997,
3.000000 -5.052551 2.585997,
2.799213 -5.051143 2.588583,
3.000000 -5.051143 2.588583,
2.799213 -5.049608 2.591095,
3.000000 -5.049608 2.591095,
3.000000 -5.047949 2.593528,
2.799213 -5.047949 2.593528,
2.799213 -5.046171 2.595875,
3.000000 -5.046171 2.595875,
3.000000 -5.044278 2.598131,
2.799213 -5.044278 2.598131,
3.000000 -5.042276 2.600290,
2.799213 -5.042276 2.600290,
2.799213 -5.040168 2.602346,
3.000000 -5.040168 2.602346,
3.000000 -5.037960 2.604294,
2.799213 -5.037960 2.604294,
2.799213 -5.035658 2.606130,
3.000000 -5.035658 2.606130,
3.000000 -5.033267 2.607849,
2.799213 -5.033267 2.607849,
3.000000 -5.030793 2.609446,
2.799213 -5.030793 2.609446,
2.799213 -5.028243 2.610919,
3.000000 -5.028243 2.610919,
3.000000 -5.025623 2.612262,
2.799213 -5.025623 2.612262,
2.799213 -5.022939 2.613473,
3.000000 -5.022939 2.613473,
3.000000 -5.020198 2.614549,
2.799213 -5.020198 2.614549,
2.799213 -5.017407 2.615487,
3.000000 -5.017407 2.615487,
3.000000 -5.014572 2.616284,
2.799213 -5.014572 2.616284,
2.799213 -5.011702 2.616939,
3.000000 -5.011702 2.616939,
3.000000 -5.008802 2.617451,
2.799213 -5.008802 2.617451,
2.799213 -5.005880 2.617817,
3.000000 -5.005880 2.617817,
2.799213 -5.002944 2.618037,
3.000000 -5.002944 2.618037,
3.000000 -5.000000 2.618110,
2.799213 -5.000000 2.618110,
2.799213 -4.997056 2.618037,
3.000000 -4.997056 2.618037,
2.799213 -4.994120 2.617817,
3.000000 -4.994120 2.617817,
2.799213 -4.991198 2.617451,
3.000000 -4.991198 2.617451,
2.799213 -4.988298 2.616939,
3.000000 -4.988298 2.616939,
2.799213 -4.985428 2.616284,
3.000000 -4.985428 2.616284,
2.799213 -4.982593 2.615487,
3.000000 -4.982593 2.615487,
2.799213 -4.979802 2.614549,
3.000000 -4.979802 2.614549,
2.799213 -4.977061 2.613473,
3.000000 -4.977061 2.613473,
2.799213 -4.974377 2.612262,
3.000000 -4.974377 2.612262,
2.799213 -4.971757 2.610919,
3.000000 -4.971757 2.610919,
2.799213 -4.969207 2.609446,
3.000000 -4.969207 2.609446,
2.799213 -4.966733 2.607849,
3.000000 -4.966733 2.607849,
2.799213 -4.964342 2.606130,
3.000000 -4.964342 2.606130,
2.799213 -4.962040 2.604294,
3.000000 -4.962040 2.604294,
2.799213 -4.959832 2.602346,
3.000000 -4.959832 2.602346,
2.799213 -4.957724 2.600290,
3.000000 -4.957724 2.600290,
2.799213 -4.955722 2.598131,
3.000000 -4.955722 2.598131,
2.799213 -4.953829 2.595875,
3.000000 -4.953829 2.595875,
2.799213 -4.952051 2.593528,
3.000000 -4.952051 2.593528,
2.799213 -4.950392 2.591095,
3.000000 -4.950392 2.591095,
2.799213 -4.948857 2.588583,
3.000000 -4.948857 2.588583,
2.799213 -4.947449 2.585997,
3.000000 -4.947449 2.585997,
2.799213 -4.946171 2.583344,
3.000000 -4.946171 2.583344,
2.799213 -4.945027 2.580630,
3.000000 -4.945027 2.580630,
2.799213 -4.944020 2.577863,
3.000000 -4.944020 2.577863,
2.799213 -4.943152 2.575050,
3.000000 -4.943152 2.575050,
2.799213 -4.942426 2.572196,
3.000000 -4.942426 2.572196,
2.799213 -4.941842 2.569310,
3.000000 -4.941842 2.569310,
2.799213 -4.941403 2.566398,
3.000000 -4.941403 2.566398,
2.799213 -4.941110 2.563468,
3.000000 -4.941110 2.563468,
2.799213 -4.940963 2.560527,
3.000000 -4.940963 2.560527,
2.799213 -4.940963 2.557583,
3.000000 -4.940963 2.557583,
2.799213 -4.941110 2.554642,
3.000000 -4.941110 2.554642,
2.799213 -4.941403 2.551712,
3.000000 -4.941403 2.551712,
2.799213 -4.941842 2.548800,
3.000000 -4.941842 2.548800,
2.799213 -4.942426 2.545914,
3.000000 -4.942426 2.545914,
2.799213 -4.943152 2.543061,
3.000000 -4.943152 2.543061,
2.799213 -4.944020 2.540247,
3.000000 -4.944020 2.540247,
3.000000 -4.945027 2.537480,
2.799213 -4.945027 2.537480,
2.799213 -4.946171 2.534767,
3.000000 -4.946171 2.534767,
2.799213 -4.947449 2.532114,
3.000000 -4.947449 2.532114,
2.799213 -4.948857 2.529528,
3.000000 -4.948857 2.529528,
2.799213 -4.950392 2.527015,
3.000000 -4.950392 2.527015,
3.000000 -4.952051 2.524582,
2.799213 -4.952051 2.524582,
2.799213 -4.953829 2.522235,
3.000000 -4.953829 2.522235,
2.799213 -4.955722 2.519979,
3.000000 -4.955722 2.519979,
2.799213 -4.957724 2.517821,
3.000000 -4.957724 2.517821,
2.799213 -4.959832 2.515765,
3.000000 -4.959832 2.515765,
2.799213 -4.962040 2.513816,
3.000000 -4.962040 2.513816,
2.799213 -4.964342 2.511980,
3.000000 -4.964342 2.511980,
2.799213 -4.966733 2.510261,
3.000000 -4.966733 2.510261,
2.799213 -4.969207 2.508664,
3.000000 -4.969207 2.508664,
2.799213 -4.971757 2.507192,
3.000000 -4.971757 2.507192,
2.799213 -4.974377 2.505848,
3.000000 -4.974377 2.505848,
2.799213 -4.977061 2.504637,
3.000000 -4.977061 2.504637,
2.799213 -4.979802 2.503561,
3.000000 -4.979802 2.503561,
2.799213 -4.982593 2.502624,
3.000000 -4.982593 2.502624,
3.000000 -4.985428 2.501826,
2.799213 -4.985428 2.501826,
2.799213 -4.988298 2.501171,
3.000000 -4.988298 2.501171,
2.799213 -4.991198 2.500660,
3.000000 -4.991198 2.500660,
2.799213 -4.994120 2.500293,
3.000000 -4.994120 2.500293,
2.799213 -4.997056 2.500073,
3.000000 -4.997056 2.500073 ] } coordIndex [ 0 1 2 -1,
0 2 3 -1,
4 3 5 -1,
4 0 3 -1,
6 5 7 -1,
6 4 5 -1,
8 7 9 -1,
8 9 10 -1,
8 6 7 -1,
11 8 10 -1,
12 10 13 -1,
12 11 10 -1,
14 13 15 -1,
14 12 13 -1,
16 15 17 -1,
16 17 18 -1,
16 14 15 -1,
19 16 18 -1,
20 18 21 -1,
20 19 18 -1,
22 20 21 -1,
22 21 23 -1,
22 23 24 -1,
25 22 24 -1,
26 25 24 -1,
26 24 27 -1,
28 26 27 -1,
28 27 29 -1,
28 29 30 -1,
31 28 30 -1,
32 31 30 -1,
32 30 33 -1,
34 32 33 -1,
34 33 35 -1,
36 34 35 -1,
36 35 37 -1,
38 36 37 -1,
38 37 39 -1,
40 38 39 -1,
40 39 41 -1,
42 40 41 -1,
42 41 43 -1,
44 42 43 -1,
44 43 45 -1,
46 45 47 -1,
46 44 45 -1,
48 47 49 -1,
48 46 47 -1,
50 49 51 -1,
50 51 52 -1,
50 48 49 -1,
53 50 52 -1,
54 52 55 -1,
54 53 52 -1,
56 55 57 -1,
56 57 58 -1,
56 54 55 -1,
59 56 58 -1,
60 58 61 -1,
60 59 58 -1,
62 61 63 -1,
62 60 61 -1,
64 63 65 -1,
64 65 66 -1,
64 62 63 -1,
67 64 66 -1,
68 66 69 -1,
68 69 70 -1,
68 67 66 -1,
71 68 70 -1,
72 71 70 -1,
72 70 73 -1,
74 72 73 -1,
74 73 75 -1,
74 75 76 -1,
77 74 76 -1,
78 77 76 -1,
78 76 79 -1,
78 79 80 -1,
81 78 80 -1,
82 81 80 -1,
82 80 83 -1,
84 82 83 -1,
84 83 85 -1,
86 84 85 -1,
86 85 87 -1,
86 87 88 -1,
89 86 88 -1,
90 89 88 -1,
90 88 91 -1,
90 91 92 -1,
93 90 92 -1,
93 92 94 -1,
95 93 94 -1,
96 95 94 -1,
96 94 97 -1,
96 97 98 -1,
99 96 98 -1,
100 99 98 -1,
100 98 101 -1,
100 101 102 -1,
103 100 102 -1,
103 102 104 -1,
105 103 104 -1,
106 105 104 -1,
106 104 107 -1,
106 107 108 -1,
109 106 108 -1,
110 109 108 -1,
110 108 111 -1,
110 111 112 -1,
113 110 112 -1,
114 113 112 -1,
114 112 115 -1,
114 115 116 -1,
117 114 116 -1,
118 116 119 -1,
118 119 120 -1,
118 117 116 -1,
121 118 120 -1,
122 120 123 -1,
122 121 120 -1,
124 122 123 -1,
124 123 125 -1,
124 125 126 -1,
127 124 126 -1,
128 127 126 -1,
128 126 129 -1,
130 128 129 -1,
130 129 131 -1,
132 130 131 -1,
132 131 133 -1,
134 132 133 -1,
134 133 135 -1,
136 134 135 -1,
136 135 137 -1,
138 136 137 -1,
138 137 139 -1,
140 138 139 -1,
140 139 141 -1,
142 140 141 -1,
142 141 143 -1,
144 142 143 -1,
144 143 145 -1,
146 144 145 -1,
146 145 147 -1,
148 146 147 -1,
148 147 149 -1,
150 149 151 -1,
150 148 149 -1,
152 151 153 -1,
152 150 151 -1,
154 153 155 -1,
154 152 153 -1,
156 155 157 -1,
156 154 155 -1,
158 157 159 -1,
158 156 157 -1,
160 159 161 -1,
160 158 159 -1,
162 161 163 -1,
162 160 161 -1,
164 163 165 -1,
164 162 163 -1,
166 165 167 -1,
166 164 165 -1,
168 167 169 -1,
168 166 167 -1,
170 169 171 -1,
170 168 169 -1,
172 171 173 -1,
172 170 171 -1,
174 173 175 -1,
174 172 173 -1,
176 174 175 -1,
176 175 177 -1,
178 176 177 -1,
178 177 179 -1,
180 178 179 -1,
180 179 181 -1,
182 180 181 -1,
182 181 183 -1,
184 183 185 -1,
184 182 183 -1,
186 185 187 -1,
186 184 185 -1,
188 187 189 -1,
188 186 187 -1,
190 189 191 -1,
190 188 189 -1,
192 191 193 -1,
192 190 191 -1,
194 193 195 -1,
194 192 193 -1,
196 195 197 -1,
196 194 195 -1,
198 197 199 -1,
198 196 197 -1,
200 199 201 -1,
200 198 199 -1,
202 201 203 -1,
202 203 204 -1,
202 200 201 -1,
205 202 204 -1,
206 204 207 -1,
206 205 204 -1,
208 207 209 -1,
208 206 207 -1,
210 209 211 -1,
210 208 209 -1,
212 211 213 -1,
212 213 214 -1,
212 210 211 -1,
215 212 214 -1,
216 214 217 -1,
216 215 214 -1,
218 217 219 -1,
218 216 217 -1,
220 219 221 -1,
220 218 219 -1,
222 221 223 -1,
222 220 221 -1,
224 222 223 -1,
224 223 225 -1,
226 224 225 -1,
226 225 227 -1,
228 226 227 -1,
228 227 229 -1,
230 228 229 -1,
230 229 231 -1,
232 230 231 -1,
232 231 233 -1,
234 232 233 -1,
234 233 235 -1,
236 234 235 -1,
236 235 237 -1,
238 236 237 -1,
238 237 239 -1,
240 238 239 -1,
240 239 241 -1,
240 241 242 -1,
243 240 242 -1,
244 243 242 -1,
244 242 245 -1,
246 244 245 -1,
246 245 247 -1,
248 246 247 -1,
248 247 249 -1,
250 249 251 -1,
250 248 249 -1,
250 251 2 -1,
1 250 2 -1,
12 8 11 -1,
50 53 54 -1,
44 46 48 -1,
20 14 16 -1,
20 16 19 -1,
40 42 44 -1,
36 38 40 -1,
208 205 206 -1,
28 25 26 -1,
32 1 0 -1,
32 0 4 -1,
32 4 6 -1,
32 6 8 -1,
32 12 14 -1,
32 20 22 -1,
32 22 25 -1,
32 28 31 -1,
32 34 36 -1,
32 48 50 -1,
32 54 56 -1,
32 56 59 -1,
32 59 60 -1,
32 60 62 -1,
32 62 64 -1,
32 64 67 -1,
32 67 68 -1,
32 68 71 -1,
32 71 72 -1,
32 72 74 -1,
32 74 77 -1,
32 77 78 -1,
32 78 81 -1,
32 81 82 -1,
32 82 84 -1,
32 84 86 -1,
32 86 89 -1,
32 89 90 -1,
32 99 100 -1,
32 100 103 -1,
32 103 105 -1,
32 105 106 -1,
32 106 109 -1,
32 109 110 -1,
32 110 113 -1,
32 113 114 -1,
32 114 117 -1,
32 117 118 -1,
32 118 121 -1,
32 121 122 -1,
32 122 124 -1,
32 124 127 -1,
32 127 128 -1,
32 128 130 -1,
32 130 132 -1,
32 132 134 -1,
32 134 136 -1,
32 136 138 -1,
32 138 140 -1,
32 140 142 -1,
32 142 144 -1,
32 144 146 -1,
32 146 148 -1,
32 148 150 -1,
32 150 152 -1,
32 152 154 -1,
32 154 156 -1,
32 156 158 -1,
32 158 160 -1,
32 160 162 -1,
32 162 164 -1,
32 164 166 -1,
32 166 168 -1,
32 168 170 -1,
32 170 172 -1,
32 172 174 -1,
32 174 176 -1,
32 176 178 -1,
32 178 180 -1,
32 180 182 -1,
32 182 184 -1,
32 184 186 -1,
32 186 188 -1,
32 188 190 -1,
32 190 192 -1,
32 192 194 -1,
32 194 196 -1,
32 196 198 -1,
32 198 200 -1,
32 200 202 -1,
32 202 205 -1,
32 208 210 -1,
32 210 212 -1,
32 212 215 -1,
32 215 216 -1,
32 216 218 -1,
32 218 220 -1,
32 220 222 -1,
32 238 240 -1,
32 240 243 -1,
32 243 244 -1,
32 95 99 -1,
32 205 208 -1,
32 90 95 -1,
32 36 40 -1,
32 228 234 -1,
32 222 228 -1,
32 25 28 -1,
32 234 238 -1,
32 244 1 -1,
32 8 12 -1,
32 44 48 -1,
32 50 54 -1,
32 40 44 -1,
32 14 20 -1,
95 96 99 -1,
90 93 95 -1,
228 222 224 -1,
228 224 226 -1,
234 228 230 -1,
234 230 232 -1,
238 234 236 -1,
248 244 246 -1,
1 244 248 -1,
1 248 250 -1,
9 13 10 -1,
52 51 55 -1,
47 45 49 -1,
15 21 17 -1,
17 21 18 -1,
43 41 45 -1,
39 37 41 -1,
204 209 207 -1,
24 29 27 -1,
2 33 3 -1,
3 33 5 -1,
5 33 7 -1,
7 33 9 -1,
13 33 15 -1,
21 33 23 -1,
23 33 24 -1,
29 33 30 -1,
35 33 37 -1,
49 33 51 -1,
55 33 57 -1,
57 33 58 -1,
58 33 61 -1,
61 33 63 -1,
63 33 65 -1,
65 33 66 -1,
66 33 69 -1,
69 33 70 -1,
70 33 73 -1,
73 33 75 -1,
75 33 76 -1,
76 33 79 -1,
79 33 80 -1,
80 33 83 -1,
83 33 85 -1,
85 33 87 -1,
87 33 88 -1,
88 33 91 -1,
98 33 101 -1,
101 33 102 -1,
102 33 104 -1,
104 33 107 -1,
107 33 108 -1,
108 33 111 -1,
111 33 112 -1,
112 33 115 -1,
115 33 116 -1,
116 33 119 -1,
119 33 120 -1,
120 33 123 -1,
123 33 125 -1,
125 33 126 -1,
126 33 129 -1,
129 33 131 -1,
131 33 133 -1,
133 33 135 -1,
135 33 137 -1,
137 33 139 -1,
139 33 141 -1,
141 33 143 -1,
143 33 145 -1,
145 33 147 -1,
147 33 149 -1,
149 33 151 -1,
151 33 153 -1,
153 33 155 -1,
155 33 157 -1,
157 33 159 -1,
159 33 161 -1,
161 33 163 -1,
163 33 165 -1,
165 33 167 -1,
167 33 169 -1,
169 33 171 -1,
171 33 173 -1,
173 33 175 -1,
175 33 177 -1,
177 33 179 -1,
179 33 181 -1,
181 33 183 -1,
183 33 185 -1,
185 33 187 -1,
187 33 189 -1,
189 33 191 -1,
191 33 193 -1,
193 33 195 -1,
195 33 197 -1,
197 33 199 -1,
199 33 201 -1,
201 33 203 -1,
203 33 204 -1,
209 33 211 -1,
211 33 213 -1,
213 33 214 -1,
214 33 217 -1,
217 33 219 -1,
219 33 221 -1,
221 33 223 -1,
239 33 241 -1,
241 33 242 -1,
242 33 245 -1,
94 33 98 -1,
204 33 209 -1,
91 33 94 -1,
37 33 41 -1,
229 33 235 -1,
223 33 229 -1,
24 33 29 -1,
235 33 239 -1,
245 33 2 -1,
9 33 13 -1,
45 33 49 -1,
51 33 55 -1,
41 33 45 -1,
15 33 21 -1,
97 94 98 -1,
92 91 94 -1,
223 229 225 -1,
225 229 227 -1,
229 235 231 -1,
231 235 233 -1,
235 239 237 -1,
245 249 247 -1,
245 2 249 -1,
249 2 251 -1 ] } }
Shape { appearance Appearance { material Material { diffuseColor 0.7 0.72 0.74 } } geometry IndexedFaceSet { solid FALSE coord Coordinate { point [ 2.901575 -6.059055 -0.984252,
2.901575 -6.059055 0.000000,
2.901575 -5.940945 -0.984252,
2.901575 -5.940945 0.000000,
3.098425 -6.059055 0.000000,
3.098425 -6.059055 -0.984252,
3.098425 -5.940945 -0.984252,
3.098425 -5.940945 0.000000 ] } coordIndex [ 0 1 2 -1,
2 1 3 -1,
4 5 6 -1,
4 6 7 -1,
5 4 0 -1,
0 4 1 -1,
7 6 2 -1,
7 2 3 -1,
2 6 0 -1,
0 6 5 -1,
7 3 1 -1,
7 1 4 -1 ] } }
Shape { appearance Appearance { material Material { diffuseColor 0.7 0.72 0.74 } } geometry IndexedFaceSet { solid FALSE coord Coordinate { point [ 2.901575 -6.059055 1.181102,
2.901575 -6.059055 2.559055,
2.901575 -5.940945 1.181102,
2.901575 -5.940945 2.559055,
3.098425 -6.059055 2.559055,
3.098425 -6.059055 1.181102,
3.098425 -5.940945 1.181102,
3.098425 -5.940945 2.559055 ] } coordIndex [ 0 1 2 -1,
2 1 3 -1,
4 5 6 -1,
4 6 7 -1,
5 4 0 -1,
0 4 1 -1,
7 6 2 -1,
7 2 3 -1,
2 6 0 -1,
0 6 5 -1,
7 3 1 -1,
7 1 4 -1 ] } }
Shape { appearance Appearance { material Material { diffuseColor 0.7 0.72 0.74 } } geometry IndexedFaceSet { solid FALSE coord Coordinate { point [ 2.799213 -6.002944 2.500073,
2.799213 -6.000000 2.500000,
3.000000 -6.000000 2.500000,
3.000000 -6.002944 2.500073,
2.799213 -6.005880 2.500293,
3.000000 -6.005880 2.500293,
2.799213 -6.008802 2.500660,
3.000000 -6.008802 2.500660,
2.799213 -6.011702 2.501171,
3.000000 -6.011702 2.501171,
3.000000 -6.014572 2.501826,
2.799213 -6.014572 2.501826,
2.799213 -6.017407 2.502624,
3.000000 -6.017407 2.502624,
2.799213 -6.020198 2.503561,
3.000000 -6.020198 2.503561,
2.799213 -6.022939 2.504637,
3.000000 -6.022939 2.504637,
3.000000 -6.025623 2.505848,
2.799213 -6.025623 2.505848,
2.799213 -6.028243 2.507192,
3.000000 -6.028243 2.507192,
2.799213 -6.030793 2.508664,
3.000000 -6.030793 2.508664,
3.000000 -6.033267 2.510261,
2.799213 -6.033267 2.510261,
2.799213 -6.035658 2.511980,
3.000000 -6.035658 2.511980,
2.799213 -6.037960 2.513816,
3.000000 -6.037960 2.513816,
3.000000 -6.040168 2.515765,
2.799213 -6.040168 2.515765,
2.799213 -6.042276 2.517821,
3.000000 -6.042276 2.517821,
2.799213 -6.044278 2.519979,
3.000000 -6.044278 2.519979,
2.799213 -6.046171 2.522235,
3.000000 -6.046171 2.522235,
2.799213 -6.047949 2.524582,
3.000000 -6.047949 2.524582,
2.799213 -6.049608 2.527015,
3.000000 -6.049608 2.527015,
2.799213 -6.051143 2.529528,
3.000000 -6.051143 2.529528,
2.799213 -6.052551 2.532114,
3.000000 -6.052551 2.532114,
2.799213 -6.053829 2.534767,
3.000000 -6.053829 2.534767,
2.799213 -6.054973 2.537480,
3.000000 -6.054973 2.537480,
2.799213 -6.055980 2.540247,
3.000000 -6.055980 2.540247,
3.000000 -6.056848 2.543061,
2.799213 -6.056848 2.543061,
2.799213 -6.057574 2.545914,
3.000000 -6.057574 2.545914,
2.799213 -6.058158 2.548800,
3.000000 -6.058158 2.548800,
3.000000 -6.058597 2.551712,
2.799213 -6.058597 2.551712,
2.799213 -6.058890 2.554642,
3.000000 -6.058890 2.554642,
2.799213 -6.059037 2.557583,
3.000000 -6.059037 2.557583,
2.799213 -6.059037 2.560527,
3.000000 -6.059037 2.560527,
3.000000 -6.058890 2.563468,
2.799213 -6.058890 2.563468,
2.799213 -6.058597 2.566398,
3.000000 -6.058597 2.566398,
3.000000 -6.058158 2.569310,
2.799213 -6.058158 2.569310,
2.799213 -6.057574 2.572196,
3.000000 -6.057574 2.572196,
2.799213 -6.056848 2.575050,
3.000000 -6.056848 2.575050,
3.000000 -6.055980 2.577863,
2.799213 -6.055980 2.577863,
2.799213 -6.054973 2.580630,
3.000000 -6.054973 2.580630,
3.000000 -6.053829 2.583344,
2.799213 -6.053829 2.583344,
2.799213 -6.052551 2.585997,
3.000000 -6.052551 2.585997,
2.799213 -6.051143 2.588583,
3.000000 -6.051143 2.588583,
2.799213 -6.049608 2.591095,
3.000000 -6.049608 2.591095,
3.000000 -6.047949 2.593528,
2.799213 -6.047949 2.593528,
2.799213 -6.046171 2.595875,
3.000000 -6.046171 2.595875,
3.000000 -6.044278 2.598131,
2.799213 -6.044278 2.598131,
3.000000 -6.042276 2.600290,
2.799213 -6.042276 2.600290,
2.799213 -6.040168 2.602346,
3.000000 -6.040168 2.602346,
3.000000 -6.037960 2.604294,
2.799213 -6.037960 2.604294,
2.799213 -6.035658 2.606130,
3.000000 -6.035658 2.606130,
3.000000 -6.033267 2.607849,
2.799213 -6.033267 2.607849,
3.000000 -6.030793 2.609446,
2.799213 -6.030793 2.609446,
2.799213 -6.028243 2.610919,
3.000000 -6.028243 2.610919,
3.000000 -6.025623 2.612262,
2.799213 -6.025623 2.612262,
2.799213 -6.022939 2.613473,
3.000000 -6.022939 2.613473,
3.000000 -6.020198 2.614549,
2.799213 -6.020198 2.614549,
2.799213 -6.017407 2.615487,
3.000000 -6.017407 2.615487,
3.000000 -6.014572 2.616284,
2.799213 -6.014572 2.616284,
2.799213 -6.011702 2.616939,
3.000000 -6.011702 2.616939,
3.000000 -6.008802 2.617451,
2.799213 -6.008802 2.617451,
2.799213 -6.005880 2.617817,
3.000000 -6.005880 2.617817,
2.799213 -6.002944 2.618037,
3.000000 -6.002944 2.618037,
3.000000 -6.000000 2.618110,
2.799213 -6.000000 2.618110,
2.799213 -5.997056 2.618037,
3.000000 -5.997056 2.618037,
2.799213 -5.994120 2.617817,
3.000000 -5.994120 2.617817,
2.799213 -5.991198 2.617451,
3.000000 -5.991198 2.617451,
2.799213 -5.988298 2.616939,
3.000000 -5.988298 2.616939,
2.799213 -5.985428 2.616284,
3.000000 -5.985428 2.616284,
2.799213 -5.982593 2.615487,
3.000000 -5.982593 2.615487,
2.799213 -5.979802 2.614549,
3.000000 -5.979802 2.614549,
2.799213 -5.977061 2.613473,
3.000000 -5.977061 2.613473,
2.799213 -5.974377 2.612262,
3.000000 -5.974377 2.612262,
2.799213 -5.971757 2.610919,
3.000000 -5.971757 2.610919,
2.799213 -5.969207 2.609446,
3.000000 -5.969207 2.609446,
2.799213 -5.966733 2.607849,
3.000000 -5.966733 2.607849,
2.799213 -5.964342 2.606130,
3.000000 -5.964342 2.606130,
2.799213 -5.962040 2.604294,
3.000000 -5.962040 2.604294,
2.799213 -5.959832 2.602346,
3.000000 -5.959832 2.602346,
2.799213 -5.957724 2.600290,
3.000000 -5.957724 2.600290,
2.799213 -5.955722 2.598131,
3.000000 -5.955722 2.598131,
2.799213 -5.953829 2.595875,
3.000000 -5.953829 2.595875,
2.799213 -5.952051 2.593528,
3.000000 -5.952051 2.593528,
2.799213 -5.950392 2.591095,
3.000000 -5.950392 2.591095,
2.799213 -5.948857 2.588583,
3.000000 -5.948857 2.588583,
2.799213 -5.947449 2.585997,
3.000000 -5.947449 2.585997,
2.799213 -5.946171 2.583344,
3.000000 -5.946171 2.583344,
2.799213 -5.945027 2.580630,
3.000000 -5.945027 2.580630,
2.799213 -5.944020 2.577863,
3.000000 -5.944020 2.577863,
2.799213 -5.943152 2.575050,
3.000000 -5.943152 2.575050,
2.799213 -5.942426 2.572196,
3.000000 -5.942426 2.572196,
2.799213 -5.941842 2.569310,
3.000000 -5.941842 2.569310,
2.799213 -5.941403 2.566398,
3.000000 -5.941403 2.566398,
2.799213 -5.941110 2.563468,
3.000000 -5.941110 2.563468,
2.799213 -5.940963 2.560527,
3.000000 -5.940963 2.560527,
2.799213 -5.940963 2.557583,
3.000000 -5.940963 2.557583,
2.799213 -5.941110 2.554642,
3.000000 -5.941110 2.554642,
2.799213 -5.941403 2.551712,
3.000000 -5.941403 2.551712,
2.799213 -5.941842 2.548800,
3.000000 -5.941842 2.548800,
2.799213 -5.942426 2.545914,
3.000000 -5.942426 2.545914,
2.799213 -5.943152 2.543061,
3.000000 -5.943152 2.543061,
2.799213 -5.944020 2.540247,
3.000000 -5.944020 2.540247,
3.000000 -5.945027 2.537480,
2.799213 -5.945027 2.537480,
2.799213 -5.946171 2.534767,
3.000000 -5.946171 2.534767,
2.799213 -5.947449 2.532114,
3.000000 -5.947449 2.532114,
2.799213 -5.948857 2.529528,
3.000000 -5.948857 2.529528,
2.799213 -5.950392 2.527015,
3.000000 -5.950392 2.527015,
3.000000 -5.952051 2.524582,
2.799213 -5.952051 2.524582,
2.799213 -5.953829 2.522235,
3.000000 -5.953829 2.522235,
2.799213 -5.955722 2.519979,
3.000000 -5.955722 2.519979,
2.799213 -5.957724 2.517821,
3.000000 -5.957724 2.517821,
2.799213 -5.959832 2.515765,
3.000000 -5.959832 2.515765,
2.799213 -5.962040 2.513816,
3.000000 -5.962040 2.513816,
2.799213 -5.964342 2.511980,
3.000000 -5.964342 2.511980,
2.799213 -5.966733 2.510261,
3.000000 -5.966733 2.510261,
2.799213 -5.969207 2.508664,
3.000000 -5.969207 2.508664,
2.799213 -5.971757 2.507192,
3.000000 -5.971757 2.507192,
2.799213 -5.974377 2.505848,
3.000000 -5.974377 2.505848,
2.799213 -5.977061 2.504637,
3.000000 -5.977061 2.504637,
2.799213 -5.979802 2.503561,
3.000000 -5.979802 2.503561,
2.799213 -5.982593 2.502624,
3.000000 -5.982593 2.502624,
3.000000 -5.985428 2.501826,
2.799213 -5.985428 2.501826,
2.799213 -5.988298 2.501171,
3.000000 -5.988298 2.501171,
2.799213 -5.991198 2.500660,
3.000000 -5.991198 2.500660,
2.799213 -5.994120 2.500293,
3.000000 -5.994120 2.500293,
2.799213 -5.997056 2.500073,
3.000000 -5.997056 2.500073 ] } coordIndex [ 0 1 2 -1,
0 2 3 -1,
4 3 5 -1,
4 0 3 -1,
6 5 7 -1,
6 4 5 -1,
8 7 9 -1,
8 9 10 -1,
8 6 7 -1,
11 8 10 -1,
12 10 13 -1,
12 11 10 -1,
14 13 15 -1,
14 12 13 -1,
16 15 17 -1,
16 17 18 -1,
16 14 15 -1,
19 16 18 -1,
20 18 21 -1,
20 19 18 -1,
22 20 21 -1,
22 21 23 -1,
22 23 24 -1,
25 22 24 -1,
26 25 24 -1,
26 24 27 -1,
28 26 27 -1,
28 27 29 -1,
28 29 30 -1,
31 28 30 -1,
32 31 30 -1,
32 30 33 -1,
34 32 33 -1,
34 33 35 -1,
36 34 35 -1,
36 35 37 -1,
38 36 37 -1,
38 37 39 -1,
40 38 39 -1,
40 39 41 -1,
42 40 41 -1,
42 41 43 -1,
44 42 43 -1,
44 43 45 -1,
46 45 47 -1,
46 44 45 -1,
48 47 49 -1,
48 46 47 -1,
50 49 51 -1,
50 51 52 -1,
50 48 49 -1,
53 50 52 -1,
54 52 55 -1,
54 53 52 -1,
56 55 57 -1,
56 57 58 -1,
56 54 55 -1,
59 56 58 -1,
60 58 61 -1,
60 59 58 -1,
62 61 63 -1,
62 60 61 -1,
64 63 65 -1,
64 65 66 -1,
64 62 63 -1,
67 64 66 -1,
68 66 69 -1,
68 69 70 -1,
68 67 66 -1,
71 68 70 -1,
72 71 70 -1,
72 70 73 -1,
74 72 73 -1,
74 73 75 -1,
74 75 76 -1,
77 74 76 -1,
78 77 76 -1,
78 76 79 -1,
78 79 80 -1,
81 78 80 -1,
82 81 80 -1,
82 80 83 -1,
84 82 83 -1,
84 83 85 -1,
86 84 85 -1,
86 85 87 -1,
86 87 88 -1,
89 86 88 -1,
90 89 88 -1,
90 88 91 -1,
90 91 92 -1,
93 90 92 -1,
93 92 94 -1,
95 93 94 -1,
96 95 94 -1,
96 94 97 -1,
96 97 98 -1,
99 96 98 -1,
100 99 98 -1,
100 98 101 -1,
100 101 102 -1,
103 100 102 -1,
103 102 104 -1,
105 103 104 -1,
106 105 104 -1,
106 104 107 -1,
106 107 108 -1,
109 106 108 -1,
110 109 108 -1,
110 108 111 -1,
110 111 112 -1,
113 110 112 -1,
114 113 112 -1,
114 112 115 -1,
114 115 116 -1,
117 114 116 -1,
118 116 119 -1,
118 119 120 -1,
118 117 116 -1,
121 118 120 -1,
122 120 123 -1,
122 121 120 -1,
124 122 123 -1,
124 123 125 -1,
124 125 126 -1,
127 124 126 -1,
128 127 126 -1,
128 126 129 -1,
130 128 129 -1,
130 129 131 -1,
132 130 131 -1,
132 131 133 -1,
134 132 133 -1,
134 133 135 -1,
136 134 135 -1,
136 135 137 -1,
138 136 137 -1,
138 137 139 -1,
140 138 139 -1,
140 139 141 -1,
142 140 141 -1,
142 141 143 -1,
144 142 143 -1,
144 143 145 -1,
146 144 145 -1,
146 145 147 -1,
148 146 147 -1,
148 147 149 -1,
150 149 151 -1,
150 148 149 -1,
152 151 153 -1,
152 150 151 -1,
154 153 155 -1,
154 152 153 -1,
156 155 157 -1,
156 154 155 -1,
158 157 159 -1,
158 156 157 -1,
160 159 161 -1,
160 158 159 -1,
162 161 163 -1,
162 160 161 -1,
164 163 165 -1,
164 162 163 -1,
166 165 167 -1,
166 164 165 -1,
168 167 169 -1,
168 166 167 -1,
170 169 171 -1,
170 168 169 -1,
172 171 173 -1,
172 170 171 -1,
174 173 175 -1,
174 172 173 -1,
176 174 175 -1,
176 175 177 -1,
178 176 177 -1,
178 177 179 -1,
180 178 179 -1,
180 179 181 -1,
182 180 181 -1,
182 181 183 -1,
184 183 185 -1,
184 182 183 -1,
186 185 187 -1,
186 184 185 -1,
188 187 189 -1,
188 186 187 -1,
190 189 191 -1,
190 188 189 -1,
192 191 193 -1,
192 190 191 -1,
194 193 195 -1,
194 192 193 -1,
196 195 197 -1,
196 194 195 -1,
198 197 199 -1,
198 196 197 -1,
200 199 201 -1,
200 198 199 -1,
202 201 203 -1,
202 203 204 -1,
202 200 201 -1,
205 202 204 -1,
206 204 207 -1,
206 205 204 -1,
208 207 209 -1,
208 206 207 -1,
210 209 211 -1,
210 208 209 -1,
212 211 213 -1,
212 213 214 -1,
212 210 211 -1,
215 212 214 -1,
216 214 217 -1,
216 215 214 -1,
218 217 219 -1,
218 216 217 -1,
220 219 221 -1,
220 218 219 -1,
222 221 223 -1,
222 220 221 -1,
224 222 223 -1,
224 223 225 -1,
226 224 225 -1,
226 225 227 -1,
228 226 227 -1,
228 227 229 -1,
230 228 229 -1,
230 229 231 -1,
232 230 231 -1,
232 231 233 -1,
234 232 233 -1,
234 233 235 -1,
236 234 235 -1,
236 235 237 -1,
238 236 237 -1,
238 237 239 -1,
240 238 239 -1,
240 239 241 -1,
240 241 242 -1,
243 240 242 -1,
244 243 242 -1,
244 242 245 -1,
246 244 245 -1,
246 245 247 -1,
248 246 247 -1,
248 247 249 -1,
250 249 251 -1,
250 248 249 -1,
250 251 2 -1,
1 250 2 -1,
12 8 11 -1,
50 53 54 -1,
44 46 48 -1,
20 14 16 -1,
20 16 19 -1,
40 42 44 -1,
36 38 40 -1,
208 205 206 -1,
28 25 26 -1,
32 1 0 -1,
32 0 4 -1,
32 4 6 -1,
32 6 8 -1,
32 12 14 -1,
32 20 22 -1,
32 22 25 -1,
32 28 31 -1,
32 34 36 -1,
32 48 50 -1,
32 54 56 -1,
32 56 59 -1,
32 59 60 -1,
32 60 62 -1,
32 62 64 -1,
32 64 67 -1,
32 67 68 -1,
32 68 71 -1,
32 71 72 -1,
32 72 74 -1,
32 74 77 -1,
32 77 78 -1,
32 78 81 -1,
32 81 82 -1,
32 82 84 -1,
32 84 86 -1,
32 86 89 -1,
32 89 90 -1,
32 99 100 -1,
32 100 103 -1,
32 103 105 -1,
32 105 106 -1,
32 106 109 -1,
32 109 110 -1,
32 110 113 -1,
32 113 114 -1,
32 114 117 -1,
32 117 118 -1,
32 118 121 -1,
32 121 122 -1,
32 122 124 -1,
32 124 127 -1,
32 127 128 -1,
32 128 130 -1,
32 130 132 -1,
32 132 134 -1,
32 134 136 -1,
32 136 138 -1,
32 138 140 -1,
32 140 142 -1,
32 142 144 -1,
32 144 146 -1,
32 146 148 -1,
32 148 150 -1,
32 150 152 -1,
32 152 154 -1,
32 154 156 -1,
32 156 158 -1,
32 158 160 -1,
32 160 162 -1,
32 162 164 -1,
32 164 166 -1,
32 166 168 -1,
32 168 170 -1,
32 170 172 -1,
32 172 174 -1,
32 174 176 -1,
32 176 178 -1,
32 178 180 -1,
32 180 182 -1,
32 182 184 -1,
32 184 186 -1,
32 186 188 -1,
32 188 190 -1,
32 190 192 -1,
32 192 194 -1,
32 194 196 -1,
32 196 198 -1,
32 198 200 -1,
32 200 202 -1,
32 202 205 -1,
32 208 210 -1,
32 210 212 -1,
32 212 215 -1,
32 215 216 -1,
32 216 218 -1,
32 218 220 -1,
32 220 222 -1,
32 238 240 -1,
32 240 243 -1,
32 243 244 -1,
32 95 99 -1,
32 205 208 -1,
32 90 95 -1,
32 36 40 -1,
32 228 234 -1,
32 222 228 -1,
32 25 28 -1,
32 234 238 -1,
32 244 1 -1,
32 8 12 -1,
32 44 48 -1,
32 50 54 -1,
32 40 44 -1,
32 14 20 -1,
95 96 99 -1,
90 93 95 -1,
228 222 224 -1,
228 224 226 -1,
234 228 230 -1,
234 230 232 -1,
238 234 236 -1,
248 244 246 -1,
1 244 248 -1,
1 248 250 -1,
9 13 10 -1,
52 51 55 -1,
47 45 49 -1,
15 21 17 -1,
17 21 18 -1,
43 41 45 -1,
39 37 41 -1,
204 209 207 -1,
24 29 27 -1,
2 33 3 -1,
3 33 5 -1,
5 33 7 -1,
7 33 9 -1,
13 33 15 -1,
21 33 23 -1,
23 33 24 -1,
29 33 30 -1,
35 33 37 -1,
49 33 51 -1,
55 33 57 -1,
57 33 58 -1,
58 33 61 -1,
61 33 63 -1,
63 33 65 -1,
65 33 66 -1,
66 33 69 -1,
69 33 70 -1,
70 33 73 -1,
73 33 75 -1,
75 33 76 -1,
76 33 79 -1,
79 33 80 -1,
80 33 83 -1,
83 33 85 -1,
85 33 87 -1,
87 33 88 -1,
88 33 91 -1,
98 33 101 -1,
101 33 102 -1,
102 33 104 -1,
104 33 107 -1,
107 33 108 -1,
108 33 111 -1,
111 33 112 -1,
112 33 115 -1,
115 33 116 -1,
116 33 119 -1,
119 33 120 -1,
120 33 123 -1,
123 33 125 -1,
125 33 126 -1,
126 33 129 -1,
129 33 131 -1,
131 33 133 -1,
133 33 135 -1,
135 33 137 -1,
137 33 139 -1,
139 33 141 -1,
141 33 143 -1,
143 33 145 -1,
145 33 147 -1,
147 33 149 -1,
149 33 151 -1,
151 33 153 -1,
153 33 155 -1,
155 33 157 -1,
157 33 159 -1,
159 33 161 -1,
161 33 163 -1,
163 33 165 -1,
165 33 167 -1,
167 33 169 -1,
169 33 171 -1,
171 33 173 -1,
173 33 175 -1,
175 33 177 -1,
177 33 179 -1,
179 33 181 -1,
181 33 183 -1,
183 33 185 -1,
185 33 187 -1,
187 33 189 -1,
189 33 191 -1,
191 33 193 -1,
193 33 195 -1,
195 33 197 -1,
197 33 199 -1,
199 33 201 -1,
201 33 203 -1,
203 33 204 -1,
209 33 211 -1,
211 33 213 -1,
213 33 214 -1,
214 33 217 -1,
217 33 219 -1,
219 33 221 -1,
221 33 223 -1,
239 33 241 -1,
241 33 242 -1,
242 33 245 -1,
94 33 98 -1,
204 33 209 -1,
91 33 94 -1,
37 33 41 -1,
229 33 235 -1,
223 33 229 -1,
24 33 29 -1,
235 33 239 -1,
245 33 2 -1,
9 33 13 -1,
45 33 49 -1,
51 33 55 -1,
41 33 45 -1,
15 33 21 -1,
97 94 98 -1,
92 91 94 -1,
223 229 225 -1,
225 229 227 -1,
229 235 231 -1,
231 235 233 -1,
235 239 237 -1,
245 249 247 -1,
245 2 249 -1,
249 2 251 -1 ] } }
Shape { appearance Appearance { material Material { diffuseColor 0.7 0.72 0.74 } } geometry IndexedFaceSet { solid FALSE coord Coordinate { point [ 2.901575 -7.059055 -0.984252,
2.901575 -7.059055 0.000000,
2.901575 -6.940945 -0.984252,
2.901575 -6.940945 0.000000,
3.098425 -7.059055 0.000000,
3.098425 -7.059055 -0.984252,
3.098425 -6.940945 -0.984252,
3.098425 -6.940945 0.000000 ] } coordIndex [ 0 1 2 -1,
2 1 3 -1,
4 5 6 -1,
4 6 7 -1,
5 4 0 -1,
0 4 1 -1,
7 6 2 -1,
7 2 3 -1,
2 6 0 -1,
0 6 5 -1,
7 3 1 -1,
7 1 4 -1 ] } }
Shape { appearance Appearance { material Material { diffuseColor 0.7 0.72 0.74 } } geometry IndexedFaceSet { solid FALSE coord Coordinate { point [ 2.901575 -7.059055 1.181102,
2.901575 -7.059055 2.559055,
2.901575 -6.940945 1.181102,
2.901575 -6.940945 2.559055,
3.098425 -7.059055 2.559055,
3.098425 -7.059055 1.181102,
3.098425 -6.940945 1.181102,
3.098425 -6.940945 2.559055 ] } coordIndex [ 0 1 2 -1,
2 1 3 -1,
4 5 6 -1,
4 6 7 -1,
5 4 0 -1,
0 4 1 -1,
7 6 2 -1,
7 2 3 -1,
2 6 0 -1,
0 6 5 -1,
7 3 1 -1,
7 1 4 -1 ] } }
Shape { appearance Appearance { material Material { diffuseColor 0.7 0.72 0.74 } } geometry IndexedFaceSet { solid FALSE coord Coordinate { point [ 2.799213 -7.002944 2.500073,
2.799213 -7.000000 2.500000,
3.000000 -7.000000 2.500000,
3.000000 -7.002944 2.500073,
2.799213 -7.005880 2.500293,
3.000000 -7.005880 2.500293,
2.799213 -7.008802 2.500660,
3.000000 -7.008802 2.500660,
2.799213 -7.011702 2.501171,
3.000000 -7.011702 2.501171,
3.000000 -7.014572 2.501826,
2.799213 -7.014572 2.501826,
2.799213 -7.017407 2.502624,
3.000000 -7.017407 2.502624,
2.799213 -7.020198 2.503561,
3.000000 -7.020198 2.503561,
2.799213 -7.022939 2.504637,
3.000000 -7.022939 2.504637,
3.000000 -7.025623 2.505848,
2.799213 -7.025623 2.505848,
2.799213 -7.028243 2.507192,
3.000000 -7.028243 2.507192,
2.799213 -7.030793 2.508664,
3.000000 -7.030793 2.508664,
3.000000 -7.033267 2.510261,
2.799213 -7.033267 2.510261,
2.799213 -7.035658 2.511980,
3.000000 -7.035658 2.511980,
2.799213 -7.037960 2.513816,
3.000000 -7.037960 2.513816,
3.000000 -7.040168 2.515765,
2.799213 -7.040168 2.515765,
2.799213 -7.042276 2.517821,
3.000000 -7.042276 2.517821,
2.799213 -7.044278 2.519979,
3.000000 -7.044278 2.519979,
2.799213 -7.046171 2.522235,
3.000000 -7.046171 2.522235,
2.799213 -7.047949 2.524582,
3.000000 -7.047949 2.524582,
2.799213 -7.049608 2.527015,
3.000000 -7.049608 2.527015,
2.799213 -7.051143 2.529528,
3.000000 -7.051143 2.529528,
2.799213 -7.052551 2.532114,
3.000000 -7.052551 2.532114,
2.799213 -7.053829 2.534767,
3.000000 -7.053829 2.534767,
2.799213 -7.054973 2.537480,
3.000000 -7.054973 2.537480,
2.799213 -7.055980 2.540247,
3.000000 -7.055980 2.540247,
3.000000 -7.056848 2.543061,
2.799213 -7.056848 2.543061,
2.799213 -7.057574 2.545914,
3.000000 -7.057574 2.545914,
2.799213 -7.058158 2.548800,
3.000000 -7.058158 2.548800,
3.000000 -7.058597 2.551712,
2.799213 -7.058597 2.551712,
2.799213 -7.058890 2.554642,
3.000000 -7.058890 2.554642,
2.799213 -7.059037 2.557583,
3.000000 -7.059037 2.557583,
2.799213 -7.059037 2.560527,
3.000000 -7.059037 2.560527,
3.000000 -7.058890 2.563468,
2.799213 -7.058890 2.563468,
2.799213 -7.058597 2.566398,
3.000000 -7.058597 2.566398,
3.000000 -7.058158 2.569310,
2.799213 -7.058158 2.569310,
2.799213 -7.057574 2.572196,
3.000000 -7.057574 2.572196,
2.799213 -7.056848 2.575050,
3.000000 -7.056848 2.575050,
3.000000 -7.055980 2.577863,
2.799213 -7.055980 2.577863,
2.799213 -7.054973 2.580630,
3.000000 -7.054973 2.580630,
3.000000 -7.053829 2.583344,
2.799213 -7.053829 2.583344,
2.799213 -7.052551 2.585997,
3.000000 -7.052551 2.585997,
2.799213 -7.051143 2.588583,
3.000000 -7.051143 2.588583,
2.799213 -7.049608 2.591095,
3.000000 -7.049608 2.591095,
3.000000 -7.047949 2.593528,
2.799213 -7.047949 2.593528,
2.799213 -7.046171 2.595875,
3.000000 -7.046171 2.595875,
3.000000 -7.044278 2.598131,
2.799213 -7.044278 2.598131,
3.000000 -7.042276 2.600290,
2.799213 -7.042276 2.600290,
2.799213 -7.040168 2.602346,
3.000000 -7.040168 2.602346,
3.000000 -7.037960 2.604294,
2.799213 -7.037960 2.604294,
2.799213 -7.035658 2.606130,
3.000000 -7.035658 2.606130,
3.000000 -7.033267 2.607849,
2.799213 -7.033267 2.607849,
3.000000 -7.030793 2.609446,
2.799213 -7.030793 2.609446,
2.799213 -7.028243 2.610919,
3.000000 -7.028243 2.610919,
3.000000 -7.025623 2.612262,
2.799213 -7.025623 2.612262,
2.799213 -7.022939 2.613473,
3.000000 -7.022939 2.613473,
3.000000 -7.020198 2.614549,
2.799213 -7.020198 2.614549,
2.799213 -7.017407 2.615487,
3.000000 -7.017407 2.615487,
3.000000 -7.014572 2.616284,
2.799213 -7.014572 2.616284,
2.799213 -7.011702 2.616939,
3.000000 -7.011702 2.616939,
3.000000 -7.008802 2.617451,
2.799213 -7.008802 2.617451,
2.799213 -7.005880 2.617817,
3.000000 -7.005880 2.617817,
2.799213 -7.002944 2.618037,
3.000000 -7.002944 2.618037,
3.000000 -7.000000 2.618110,
2.799213 -7.000000 2.618110,
2.799213 -6.997056 2.618037,
3.000000 -6.997056 2.618037,
2.799213 -6.994120 2.617817,
3.000000 -6.994120 2.617817,
2.799213 -6.991198 2.617451,
3.000000 -6.991198 2.617451,
2.799213 -6.988298 2.616939,
3.000000 -6.988298 2.616939,
2.799213 -6.985428 2.616284,
3.000000 -6.985428 2.616284,
2.799213 -6.982593 2.615487,
3.000000 -6.982593 2.615487,
2.799213 -6.979802 2.614549,
3.000000 -6.979802 2.614549,
2.799213 -6.977061 2.613473,
3.000000 -6.977061 2.613473,
2.799213 -6.974377 2.612262,
3.000000 -6.974377 2.612262,
2.799213 -6.971757 2.610919,
3.000000 -6.971757 2.610919,
2.799213 -6.969207 2.609446,
3.000000 -6.969207 2.609446,
2.799213 -6.966733 2.607849,
3.000000 -6.966733 2.607849,
2.799213 -6.964342 2.606130,
3.000000 -6.964342 2.606130,
2.799213 -6.962040 2.604294,
3.000000 -6.962040 2.604294,
2.799213 -6.959832 2.602346,
3.000000 -6.959832 2.602346,
2.799213 -6.957724 2.600290,
3.000000 -6.957724 2.600290,
2.799213 -6.955722 2.598131,
3.000000 -6.955722 2.598131,
2.799213 -6.953829 2.595875,
3.000000 -6.953829 2.595875,
2.799213 -6.952051 2.593528,
3.000000 -6.952051 2.593528,
2.799213 -6.950392 2.591095,
3.000000 -6.950392 2.591095,
2.799213 -6.948857 2.588583,
3.000000 -6.948857 2.588583,
2.799213 -6.947449 2.585997,
3.000000 -6.947449 2.585997,
2.799213 -6.946171 2.583344,
3.000000 -6.946171 2.583344,
2.799213 -6.945027 2.580630,
3.000000 -6.945027 2.580630,
2.799213 -6.944020 2.577863,
3.000000 -6.944020 2.577863,
2.799213 -6.943152 2.575050,
3.000000 -6.943152 2.575050,
2.799213 -6.942426 2.572196,
3.000000 -6.942426 2.572196,
2.799213 -6.941842 2.569310,
3.000000 -6.941842 2.569310,
2.799213 -6.941403 2.566398,
3.000000 -6.941403 2.566398,
2.799213 -6.941110 2.563468,
3.000000 -6.941110 2.563468,
2.799213 -6.940963 2.560527,
3.000000 -6.940963 2.560527,
2.799213 -6.940963 2.557583,
3.000000 -6.940963 2.557583,
2.799213 -6.941110 2.554642,
3.000000 -6.941110 2.554642,
2.799213 -6.941403 2.551712,
3.000000 -6.941403 2.551712,
2.799213 -6.941842 2.548800,
3.000000 -6.941842 2.548800,
2.799213 -6.942426 2.545914,
3.000000 -6.942426 2.545914,
2.799213 -6.943152 2.543061,
3.000000 -6.943152 2.543061,
2.799213 -6.944020 2.540247,
3.000000 -6.944020 2.540247,
3.000000 -6.945027 2.537480,
2.799213 -6.945027 2.537480,
2.799213 -6.946171 2.534767,
3.000000 -6.946171 2.534767,
2.799213 -6.947449 2.532114,
3.000000 -6.947449 2.532114,
2.799213 -6.948857 2.529528,
3.000000 -6.948857 2.529528,
2.799213 -6.950392 2.527015,
3.000000 -6.950392 2.527015,
3.000000 -6.952051 2.524582,
2.799213 -6.952051 2.524582,
2.799213 -6.953829 2.522235,
3.000000 -6.953829 2.522235,
2.799213 -6.955722 2.519979,
3.000000 -6.955722 2.519979,
2.799213 -6.957724 2.517821,
3.000000 -6.957724 2.517821,
2.799213 -6.959832 2.515765,
3.000000 -6.959832 2.515765,
2.799213 -6.962040 2.513816,
3.000000 -6.962040 2.513816,
2.799213 -6.964342 2.511980,
3.000000 -6.964342 2.511980,
2.799213 -6.966733 2.510261,
3.000000 -6.966733 2.510261,
2.799213 -6.969207 2.508664,
3.000000 -6.969207 2.508664,
2.799213 -6.971757 2.507192,
3.000000 -6.971757 2.507192,
2.799213 -6.974377 2.505848,
3.000000 -6.974377 2.505848,
2.799213 -6.977061 2.504637,
3.000000 -6.977061 2.504637,
2.799213 -6.979802 2.503561,
3.000000 -6.979802 2.503561,
2.799213 -6.982593 2.502624,
3.000000 -6.982593 2.502624,
3.000000 -6.985428 2.501826,
2.799213 -6.985428 2.501826,
2.799213 -6.988298 2.501171,
3.000000 -6.988298 2.501171,
2.799213 -6.991198 2.500660,
3.000000 -6.991198 2.500660,
2.799213 -6.994120 2.500293,
3.000000 -6.994120 2.500293,
2.799213 -6.997056 2.500073,
3.000000 -6.997056 2.500073 ] } coordIndex [ 0 1 2 -1,
0 2 3 -1,
4 3 5 -1,
4 0 3 -1,
6 5 7 -1,
6 4 5 -1,
8 7 9 -1,
8 9 10 -1,
8 6 7 -1,
11 8 10 -1,
12 10 13 -1,
12 11 10 -1,
14 13 15 -1,
14 12 13 -1,
16 15 17 -1,
16 17 18 -1,
16 14 15 -1,
19 16 18 -1,
20 18 21 -1,
20 19 18 -1,
22 20 21 -1,
22 21 23 -1,
22 23 24 -1,
25 22 24 -1,
26 25 24 -1,
26 24 27 -1,
28 26 27 -1,
28 27 29 -1,
28 29 30 -1,
31 28 30 -1,
32 31 30 -1,
32 30 33 -1,
34 32 33 -1,
34 33 35 -1,
36 34 35 -1,
36 35 37 -1,
38 36 37 -1,
38 37 39 -1,
40 38 39 -1,
40 39 41 -1,
42 40 41 -1,
42 41 43 -1,
44 42 43 -1,
44 43 45 -1,
46 45 47 -1,
46 44 45 -1,
48 47 49 -1,
48 46 47 -1,
50 49 51 -1,
50 51 52 -1,
50 48 49 -1,
53 50 52 -1,
54 52 55 -1,
54 53 52 -1,
56 55 57 -1,
56 57 58 -1,
56 54 55 -1,
59 56 58 -1,
60 58 61 -1,
60 59 58 -1,
62 61 63 -1,
62 60 61 -1,
64 63 65 -1,
64 65 66 -1,
64 62 63 -1,
67 64 66 -1,
68 66 69 -1,
68 69 70 -1,
68 67 66 -1,
71 68 70 -1,
72 71 70 -1,
72 70 73 -1,
74 72 73 -1,
74 73 75 -1,
74 75 76 -1,
77 74 76 -1,
78 77 76 -1,
78 76 79 -1,
78 79 80 -1,
81 78 80 -1,
82 81 80 -1,
82 80 83 -1,
84 82 83 -1,
84 83 85 -1,
86 84 85 -1,
86 85 87 -1,
86 87 88 -1,
89 86 88 -1,
90 89 88 -1,
90 88 91 -1,
90 91 92 -1,
93 90 92 -1,
93 92 94 -1,
95 93 94 -1,
96 95 94 -1,
96 94 97 -1,
96 97 98 -1,
99 96 98 -1,
100 99 98 -1,
100 98 101 -1,
100 101 102 -1,
103 100 102 -1,
103 102 104 -1,
105 103 104 -1,
106 105 104 -1,
106 104 107 -1,
106 107 108 -1,
109 106 108 -1,
110 109 108 -1,
110 108 111 -1,
110 111 112 -1,
113 110 112 -1,
114 113 112 -1,
114 112 115 -1,
114 115 116 -1,
117 114 116 -1,
118 116 119 -1,
118 119 120 -1,
118 117 116 -1,
121 118 120 -1,
122 120 123 -1,
122 121 120 -1,
124 122 123 -1,
124 123 125 -1,
124 125 126 -1,
127 124 126 -1,
128 127 126 -1,
128 126 129 -1,
130 128 129 -1,
130 129 131 -1,
132 130 131 -1,
132 131 133 -1,
134 132 133 -1,
134 133 135 -1,
136 134 135 -1,
136 135 137 -1,
138 136 137 -1,
138 137 139 -1,
140 138 139 -1,
140 139 141 -1,
142 140 141 -1,
142 141 143 -1,
144 142 143 -1,
144 143 145 -1,
146 144 145 -1,
146 145 147 -1,
148 146 147 -1,
148 147 149 -1,
150 149 151 -1,
150 148 149 -1,
152 151 153 -1,
152 150 151 -1,
154 153 155 -1,
154 152 153 -1,
156 155 157 -1,
156 154 155 -1,
158 157 159 -1,
158 156 157 -1,
160 159 161 -1,
160 158 159 -1,
162 161 163 -1,
162 160 161 -1,
164 163 165 -1,
164 162 163 -1,
166 165 167 -1,
166 164 165 -1,
168 167 169 -1,
168 166 167 -1,
170 169 171 -1,
170 168 169 -1,
172 171 173 -1,
172 170 171 -1,
174 173 175 -1,
174 172 173 -1,
176 174 175 -1,
176 175 177 -1,
178 176 177 -1,
178 177 179 -1,
180 178 179 -1,
180 179 181 -1,
182 180 181 -1,
182 181 183 -1,
184 183 185 -1,
184 182 183 -1,
186 185 187 -1,
186 184 185 -1,
188 187 189 -1,
188 186 187 -1,
190 189 191 -1,
190 188 189 -1,
192 191 193 -1,
192 190 191 -1,
194 193 195 -1,
194 192 193 -1,
196 195 197 -1,
196 194 195 -1,
198 197 199 -1,
198 196 197 -1,
200 199 201 -1,
200 198 199 -1,
202 201 203 -1,
202 203 204 -1,
202 200 201 -1,
205 202 204 -1,
206 204 207 -1,
206 205 204 -1,
208 207 209 -1,
208 206 207 -1,
210 209 211 -1,
210 208 209 -1,
212 211 213 -1,
212 213 214 -1,
212 210 211 -1,
215 212 214 -1,
216 214 217 -1,
216 215 214 -1,
218 217 219 -1,
218 216 217 -1,
220 219 221 -1,
220 218 219 -1,
222 221 223 -1,
222 220 221 -1,
224 222 223 -1,
224 223 225 -1,
226 224 225 -1,
226 225 227 -1,
228 226 227 -1,
228 227 229 -1,
230 228 229 -1,
230 229 231 -1,
232 230 231 -1,
232 231 233 -1,
234 232 233 -1,
234 233 235 -1,
236 234 235 -1,
236 235 237 -1,
238 236 237 -1,
238 237 239 -1,
240 238 239 -1,
240 239 241 -1,
240 241 242 -1,
243 240 242 -1,
244 243 242 -1,
244 242 245 -1,
246 244 245 -1,
246 245 247 -1,
248 246 247 -1,
248 247 249 -1,
250 249 251 -1,
250 248 249 -1,
250 251 2 -1,
1 250 2 -1,
12 8 11 -1,
50 53 54 -1,
44 46 48 -1,
20 14 16 -1,
20 16 19 -1,
40 42 44 -1,
36 38 40 -1,
208 205 206 -1,
28 25 26 -1,
32 1 0 -1,
32 0 4 -1,
32 4 6 -1,
32 6 8 -1,
32 12 14 -1,
32 20 22 -1,
32 22 25 -1,
32 28 31 -1,
32 34 36 -1,
32 48 50 -1,
32 54 56 -1,
32 56 59 -1,
32 59 60 -1,
32 60 62 -1,
32 62 64 -1,
32 64 67 -1,
32 67 68 -1,
32 68 71 -1,
32 71 72 -1,
32 72 74 -1,
32 74 77 -1,
32 77 78 -1,
32 78 81 -1,
32 81 82 -1,
32 82 84 -1,
32 84 86 -1,
32 86 89 -1,
32 89 90 -1,
32 99 100 -1,
32 100 103 -1,
32 103 105 -1,
32 105 106 -1,
32 106 109 -1,
32 109 110 -1,
32 110 113 -1,
32 113 114 -1,
32 114 117 -1,
32 117 118 -1,
32 118 121 -1,
32 121 122 -1,
32 122 124 -1,
32 124 127 -1,
32 127 128 -1,
32 128 130 -1,
32 130 132 -1,
32 132 134 -1,
32 134 136 -1,
32 136 138 -1,
32 138 140 -1,
32 140 142 -1,
32 142 144 -1,
32 144 146 -1,
32 146 148 -1,
32 148 150 -1,
32 150 152 -1,
32 152 154 -1,
32 154 156 -1,
32 156 158 -1,
32 158 160 -1,
32 160 162 -1,
32 162 164 -1,
32 164 166 -1,
32 166 168 -1,
32 168 170 -1,
32 170 172 -1,
32 172 174 -1,
32 174 176 -1,
32 176 178 -1,
32 178 180 -1,
32 180 182 -1,
32 182 184 -1,
32 184 186 -1,
32 186 188 -1,
32 188 190 -1,
32 190 192 -1,
32 192 194 -1,
32 194 196 -1,
32 196 198 -1,
32 198 200 -1,
32 200 202 -1,
32 202 205 -1,
32 208 210 -1,
32 210 212 -1,
32 212 215 -1,
32 215 216 -1,
32 216 218 -1,
32 218 220 -1,
32 220 222 -1,
32 238 240 -1,
32 240 243 -1,
32 243 244 -1,
32 95 99 -1,
32 205 208 -1,
32 90 95 -1,
32 36 40 -1,
32 228 234 -1,
32 222 228 -1,
32 25 28 -1,
32 234 238 -1,
32 244 1 -1,
32 8 12 -1,
32 44 48 -1,
32 50 54 -1,
32 40 44 -1,
32 14 20 -1,
95 96 99 -1,
90 93 95 -1,
228 222 224 -1,
228 224 226 -1,
234 228 230 -1,
234 230 232 -1,
238 234 236 -1,
248 244 246 -1,
1 244 248 -1,
1 248 250 -1,
9 13 10 -1,
52 51 55 -1,
47 45 49 -1,
15 21 17 -1,
17 21 18 -1,
43 41 45 -1,
39 37 41 -1,
204 209 207 -1,
24 29 27 -1,
2 33 3 -1,
3 33 5 -1,
5 33 7 -1,
7 33 9 -1,
13 33 15 -1,
21 33 23 -1,
23 33 24 -1,
29 33 30 -1,
35 33 37 -1,
49 33 51 -1,
55 33 57 -1,
57 33 58 -1,
58 33 61 -1,
61 33 63 -1,
63 33 65 -1,
65 33 66 -1,
66 33 69 -1,
69 33 70 -1,
70 33 73 -1,
73 33 75 -1,
75 33 76 -1,
76 33 79 -1,
79 33 80 -1,
80 33 83 -1,
83 33 85 -1,
85 33 87 -1,
87 33 88 -1,
88 33 91 -1,
98 33 101 -1,
101 33 102 -1,
102 33 104 -1,
104 33 107 -1,
107 33 108 -1,
108 33 111 -1,
111 33 112 -1,
112 33 115 -1,
115 33 116 -1,
116 33 119 -1,
119 33 120 -1,
120 33 123 -1,
123 33 125 -1,
125 33 126 -1,
126 33 129 -1,
129 33 131 -1,
131 33 133 -1,
133 33 135 -1,
135 33 137 -1,
137 33 139 -1,
139 33 141 -1,
141 33 143 -1,
143 33 145 -1,
145 33 147 -1,
147 33 149 -1,
149 33 151 -1,
151 33 153 -1,
153 33 155 -1,
155 33 157 -1,
157 33 159 -1,
159 33 161 -1,
161 33 163 -1,
163 33 165 -1,
165 33 167 -1,
167 33 169 -1,
169 33 171 -1,
171 33 173 -1,
173 33 175 -1,
175 33 177 -1,
177 33 179 -1,
179 33 181 -1,
181 33 183 -1,
183 33 185 -1,
185 33 187 -1,
187 33 189 -1,
189 33 191 -1,
191 33 193 -1,
193 33 195 -1,
195 33 197 -1,
197 33 199 -1,
199 33 201 -1,
201 33 203 -1,
203 33 204 -1,
209 33 211 -1,
211 33 213 -1,
213 33 214 -1,
214 33 217 -1,
217 33 219 -1,
219 33 221 -1,
221 33 223 -1,
239 33 241 -1,
241 33 242 -1,
242 33 245 -1,
94 33 98 -1,
204 33 209 -1,
91 33 94 -1,
37 33 41 -1,
229 33 235 -1,
223 33 229 -1,
24 33 29 -1,
235 33 239 -1,
245 33 2 -1,
9 33 13 -1,
45 33 49 -1,
51 33 55 -1,
41 33 45 -1,
15 33 21 -1,
97 94 98 -1,
92 91 94 -1,
223 229 225 -1,
225 229 227 -1,
229 235 231 -1,
231 235 233 -1,
235 239 237 -1,
245 249 247 -1,
245 2 249 -1,
249 2 251 -1 ] } }
Shape { appearance Appearance { material Material { diffuseColor 0.7 0.72 0.74 } } geometry IndexedFaceSet { solid FALSE coord Coordinate { point [ 2.901575 -8.059055 -0.984252,
2.901575 -8.059055 0.000000,
2.901575 -7.940945 -0.984252,
2.901575 -7.940945 0.000000,
3.098425 -8.059055 0.000000,
3.098425 -8.059055 -0.984252,
3.098425 -7.940945 -0.984252,
3.098425 -7.940945 0.000000 ] } coordIndex [ 0 1 2 -1,
2 1 3 -1,
4 5 6 -1,
4 6 7 -1,
5 4 0 -1,
0 4 1 -1,
7 6 2 -1,
7 2 3 -1,
2 6 0 -1,
0 6 5 -1,
7 3 1 -1,
7 1 4 -1 ] } }
Shape { appearance Appearance { material Material { diffuseColor 0.7 0.72 0.74 } } geometry IndexedFaceSet { solid FALSE coord Coordinate { point [ 2.901575 -8.059055 1.181102,
2.901575 -8.059055 2.559055,
2.901575 -7.940945 1.181102,
2.901575 -7.940945 2.559055,
3.098425 -8.059055 2.559055,
3.098425 -8.059055 1.181102,
3.098425 -7.940945 1.181102,
3.098425 -7.940945 2.559055 ] } coordIndex [ 0 1 2 -1,
2 1 3 -1,
4 5 6 -1,
4 6 7 -1,
5 4 0 -1,
0 4 1 -1,
7 6 2 -1,
7 2 3 -1,
2 6 0 -1,
0 6 5 -1,
7 3 1 -1,
7 1 4 -1 ] } }
Shape { appearance Appearance { material Material { diffuseColor 0.7 0.72 0.74 } } geometry IndexedFaceSet { solid FALSE coord Coordinate { point [ 2.799213 -8.002944 2.500073,
2.799213 -8.000000 2.500000,
3.000000 -8.000000 2.500000,
3.000000 -8.002944 2.500073,
2.799213 -8.005880 2.500293,
3.000000 -8.005880 2.500293,
2.799213 -8.008802 2.500660,
3.000000 -8.008802 2.500660,
2.799213 -8.011702 2.501171,
3.000000 -8.011702 2.501171,
3.000000 -8.014572 2.501826,
2.799213 -8.014572 2.501826,
2.799213 -8.017407 2.502624,
3.000000 -8.017407 2.502624,
2.799213 -8.020198 2.503561,
3.000000 -8.020198 2.503561,
2.799213 -8.022939 2.504637,
3.000000 -8.022939 2.504637,
3.000000 -8.025623 2.505848,
2.799213 -8.025623 2.505848,
2.799213 -8.028243 2.507192,
3.000000 -8.028243 2.507192,
2.799213 -8.030793 2.508664,
3.000000 -8.030793 2.508664,
3.000000 -8.033267 2.510261,
2.799213 -8.033267 2.510261,
2.799213 -8.035658 2.511980,
3.000000 -8.035658 2.511980,
2.799213 -8.037960 2.513816,
3.000000 -8.037960 2.513816,
3.000000 -8.040168 2.515765,
2.799213 -8.040168 2.515765,
2.799213 -8.042276 2.517821,
3.000000 -8.042276 2.517821,
2.799213 -8.044278 2.519979,
3.000000 -8.044278 2.519979,
2.799213 -8.046171 2.522235,
3.000000 -8.046171 2.522235,
2.799213 -8.047949 2.524582,
3.000000 -8.047949 2.524582,
2.799213 -8.049608 2.527015,
3.000000 -8.049608 2.527015,
2.799213 -8.051143 2.529528,
3.000000 -8.051143 2.529528,
2.799213 -8.052551 2.532114,
3.000000 -8.052551 2.532114,
2.799213 -8.053829 2.534767,
3.000000 -8.053829 2.534767,
2.799213 -8.054973 2.537480,
3.000000 -8.054973 2.537480,
2.799213 -8.055980 2.540247,
3.000000 -8.055980 2.540247,
3.000000 -8.056848 2.543061,
2.799213 -8.056848 2.543061,
2.799213 -8.057574 2.545914,
3.000000 -8.057574 2.545914,
2.799213 -8.058158 2.548800,
3.000000 -8.058158 2.548800,
3.000000 -8.058597 2.551712,
2.799213 -8.058597 2.551712,
2.799213 -8.058890 2.554642,
3.000000 -8.058890 2.554642,
2.799213 -8.059037 2.557583,
3.000000 -8.059037 2.557583,
2.799213 -8.059037 2.560527,
3.000000 -8.059037 2.560527,
3.000000 -8.058890 2.563468,
2.799213 -8.058890 2.563468,
2.799213 -8.058597 2.566398,
3.000000 -8.058597 2.566398,
3.000000 -8.058158 2.569310,
2.799213 -8.058158 2.569310,
2.799213 -8.057574 2.572196,
3.000000 -8.057574 2.572196,
2.799213 -8.056848 2.575050,
3.000000 -8.056848 2.575050,
3.000000 -8.055980 2.577863,
2.799213 -8.055980 2.577863,
2.799213 -8.054973 2.580630,
3.000000 -8.054973 2.580630,
3.000000 -8.053829 2.583344,
2.799213 -8.053829 2.583344,
2.799213 -8.052551 2.585997,
3.000000 -8.052551 2.585997,
2.799213 -8.051143 2.588583,
3.000000 -8.051143 2.588583,
2.799213 -8.049608 2.591095,
3.000000 -8.049608 2.591095,
3.000000 -8.047949 2.593528,
2.799213 -8.047949 2.593528,
2.799213 -8.046171 2.595875,
3.000000 -8.046171 2.595875,
3.000000 -8.044278 2.598131,
2.799213 -8.044278 2.598131,
3.000000 -8.042276 2.600290,
2.799213 -8.042276 2.600290,
2.799213 -8.040168 2.602346,
3.000000 -8.040168 2.602346,
3.000000 -8.037960 2.604294,
2.799213 -8.037960 2.604294,
2.799213 -8.035658 2.606130,
3.000000 -8.035658 2.606130,
3.000000 -8.033267 2.607849,
2.799213 -8.033267 2.607849,
3.000000 -8.030793 2.609446,
2.799213 -8.030793 2.609446,
2.799213 -8.028243 2.610919,
3.000000 -8.028243 2.610919,
3.000000 -8.025623 2.612262,
2.799213 -8.025623 2.612262,
2.799213 -8.022939 2.613473,
3.000000 -8.022939 2.613473,
3.000000 -8.020198 2.614549,
2.799213 -8.020198 2.614549,
2.799213 -8.017407 2.615487,
3.000000 -8.017407 2.615487,
3.000000 -8.014572 2.616284,
2.799213 -8.014572 2.616284,
2.799213 -8.011702 2.616939,
3.000000 -8.011702 2.616939,
3.000000 -8.008802 2.617451,
2.799213 -8.008802 2.617451,
2.799213 -8.005880 2.617817,
3.000000 -8.005880 2.617817,
2.799213 -8.002944 2.618037,
3.000000 -8.002944 2.618037,
3.000000 -8.000000 2.618110,
2.799213 -8.000000 2.618110,
2.799213 -7.997056 2.618037,
3.000000 -7.997056 2.618037,
2.799213 -7.994120 2.617817,
3.000000 -7.994120 2.617817,
2.799213 -7.991198 2.617451,
3.000000 -7.991198 2.617451,
2.799213 -7.988298 2.616939,
3.000000 -7.988298 2.616939,
2.799213 -7.985428 2.616284,
3.000000 -7.985428 2.616284,
2.799213 -7.982593 2.615487,
3.000000 -7.982593 2.615487,
2.799213 -7.979802 2.614549,
3.000000 -7.979802 2.614549,
2.799213 -7.977061 2.613473,
3.000000 -7.977061 2.613473,
2.799213 -7.974377 2.612262,
3.000000 -7.974377 2.612262,
2.799213 -7.971757 2.610919,
3.000000 -7.971757 2.610919,
2.799213 -7.969207 2.609446,
3.000000 -7.969207 2.609446,
2.799213 -7.966733 2.607849,
3.000000 -7.966733 2.607849,
2.799213 -7.964342 2.606130,
3.000000 -7.964342 2.606130,
2.799213 -7.962040 2.604294,
3.000000 -7.962040 2.604294,
2.799213 -7.959832 2.602346,
3.000000 -7.959832 2.602346,
2.799213 -7.957724 2.600290,
3.000000 -7.957724 2.600290,
2.799213 -7.955722 2.598131,
3.000000 -7.955722 2.598131,
2.799213 -7.953829 2.595875,
3.000000 -7.953829 2.595875,
2.799213 -7.952051 2.593528,
3.000000 -7.952051 2.593528,
2.799213 -7.950392 2.591095,
3.000000 -7.950392 2.591095,
2.799213 -7.948857 2.588583,
3.000000 -7.948857 2.588583,
2.799213 -7.947449 2.585997,
3.000000 -7.947449 2.585997,
2.799213 -7.946171 2.583344,
3.000000 -7.946171 2.583344,
2.799213 -7.945027 2.580630,
3.000000 -7.945027 2.580630,
2.799213 -7.944020 2.577863,
3.000000 -7.944020 2.577863,
2.799213 -7.943152 2.575050,
3.000000 -7.943152 2.575050,
2.799213 -7.942426 2.572196,
3.000000 -7.942426 2.572196,
2.799213 -7.941842 2.569310,
3.000000 -7.941842 2.569310,
2.799213 -7.941403 2.566398,
3.000000 -7.941403 2.566398,
2.799213 -7.941110 2.563468,
3.000000 -7.941110 2.563468,
2.799213 -7.940963 2.560527,
3.000000 -7.940963 2.560527,
2.799213 -7.940963 2.557583,
3.000000 -7.940963 2.557583,
2.799213 -7.941110 2.554642,
3.000000 -7.941110 2.554642,
2.799213 -7.941403 2.551712,
3.000000 -7.941403 2.551712,
2.799213 -7.941842 2.548800,
3.000000 -7.941842 2.548800,
2.799213 -7.942426 2.545914,
3.000000 -7.942426 2.545914,
2.799213 -7.943152 2.543061,
3.000000 -7.943152 2.543061,
2.799213 -7.944020 2.540247,
3.000000 -7.944020 2.540247,
3.000000 -7.945027 2.537480,
2.799213 -7.945027 2.537480,
2.799213 -7.946171 2.534767,
3.000000 -7.946171 2.534767,
2.799213 -7.947449 2.532114,
3.000000 -7.947449 2.532114,
2.799213 -7.948857 2.529528,
3.000000 -7.948857 2.529528,
2.799213 -7.950392 2.527015,
3.000000 -7.950392 2.527015,
3.000000 -7.952051 2.524582,
2.799213 -7.952051 2.524582,
2.799213 -7.953829 2.522235,
3.000000 -7.953829 2.522235,
2.799213 -7.955722 2.519979,
3.000000 -7.955722 2.519979,
2.799213 -7.957724 2.517821,
3.000000 -7.957724 2.517821,
2.799213 -7.959832 2.515765,
3.000000 -7.959832 2.515765,
2.799213 -7.962040 2.513816,
3.000000 -7.962040 2.513816,
2.799213 -7.964342 2.511980,
3.000000 -7.964342 2.511980,
2.799213 -7.966733 2.510261,
3.000000 -7.966733 2.510261,
2.799213 -7.969207 2.508664,
3.000000 -7.969207 2.508664,
2.799213 -7.971757 2.507192,
3.000000 -7.971757 2.507192,
2.799213 -7.974377 2.505848,
3.000000 -7.974377 2.505848,
2.799213 -7.977061 2.504637,
3.000000 -7.977061 2.504637,
2.799213 -7.979802 2.503561,
3.000000 -7.979802 2.503561,
2.799213 -7.982593 2.502624,
3.000000 -7.982593 2.502624,
3.000000 -7.985428 2.501826,
2.799213 -7.985428 2.501826,
2.799213 -7.988298 2.501171,
3.000000 -7.988298 2.501171,
2.799213 -7.991198 2.500660,
3.000000 -7.991198 2.500660,
2.799213 -7.994120 2.500293,
3.000000 -7.994120 2.500293,
2.799213 -7.997056 2.500073,
3.000000 -7.997056 2.500073 ] } coordIndex [ 0 1 2 -1,
0 2 3 -1,
4 3 5 -1,
4 0 3 -1,
6 5 7 -1,
6 4 5 -1,
8 7 9 -1,
8 9 10 -1,
8 6 7 -1,
11 8 10 -1,
12 10 13 -1,
12 11 10 -1,
14 13 15 -1,
14 12 13 -1,
16 15 17 -1,
16 17 18 -1,
16 14 15 -1,
19 16 18 -1,
20 18 21 -1,
20 19 18 -1,
22 20 21 -1,
22 21 23 -1,
22 23 24 -1,
25 22 24 -1,
26 25 24 -1,
26 24 27 -1,
28 26 27 -1,
28 27 29 -1,
28 29 30 -1,
31 28 30 -1,
32 31 30 -1,
32 30 33 -1,
34 32 33 -1,
34 33 35 -1,
36 34 35 -1,
36 35 37 -1,
38 36 37 -1,
38 37 39 -1,
40 38 39 -1,
40 39 41 -1,
42 40 41 -1,
42 41 43 -1,
44 42 43 -1,
44 43 45 -1,
46 45 47 -1,
46 44 45 -1,
48 47 49 -1,
48 46 47 -1,
50 49 51 -1,
50 51 52 -1,
50 48 49 -1,
53 50 52 -1,
54 52 55 -1,
54 53 52 -1,
56 55 57 -1,
56 57 58 -1,
56 54 55 -1,
59 56 58 -1,
60 58 61 -1,
60 59 58 -1,
62 61 63 -1,
62 60 61 -1,
64 63 65 -1,
64 65 66 -1,
64 62 63 -1,
67 64 66 -1,
68 66 69 -1,
68 69 70 -1,
68 67 66 -1,
71 68 70 -1,
72 71 70 -1,
72 70 73 -1,
74 72 73 -1,
74 73 75 -1,
74 75 76 -1,
77 74 76 -1,
78 77 76 -1,
78 76 79 -1,
78 79 80 -1,
81 78 80 -1,
82 81 80 -1,
82 80 83 -1,
84 82 83 -1,
84 83 85 -1,
86 84 85 -1,
86 85 87 -1,
86 87 88 -1,
89 86 88 -1,
90 89 88 -1,
90 88 91 -1,
90 91 92 -1,
93 90 92 -1,
93 92 94 -1,
95 93 94 -1,
96 95 94 -1,
96 94 97 -1,
96 97 98 -1,
99 96 98 -1,
100 99 98 -1,
100 98 101 -1,
100 101 102 -1,
103 100 102 -1,
103 102 104 -1,
105 103 104 -1,
106 105 104 -1,
106 104 107 -1,
106 107 108 -1,
109 106 108 -1,
110 109 108 -1,
110 108 111 -1,
110 111 112 -1,
113 110 112 -1,
114 113 112 -1,
114 112 115 -1,
114 115 116 -1,
117 114 116 -1,
118 116 119 -1,
118 119 120 -1,
118 117 116 -1,
121 118 120 -1,
122 120 123 -1,
122 121 120 -1,
124 122 123 -1,
124 123 125 -1,
124 125 126 -1,
127 124 126 -1,
128 127 126 -1,
128 126 129 -1,
130 128 129 -1,
130 129 131 -1,
132 130 131 -1,
132 131 133 -1,
134 132 133 -1,
134 133 135 -1,
136 134 135 -1,
136 135 137 -1,
138 136 137 -1,
138 137 139 -1,
140 138 139 -1,
140 139 141 -1,
142 140 141 -1,
142 141 143 -1,
144 142 143 -1,
144 143 145 -1,
146 144 145 -1,
146 145 147 -1,
148 146 147 -1,
148 147 149 -1,
150 149 151 -1,
150 148 149 -1,
152 151 153 -1,
152 150 151 -1,
154 153 155 -1,
154 152 153 -1,
156 155 157 -1,
156 154 155 -1,
158 157 159 -1,
158 156 157 -1,
160 159 161 -1,
160 158 159 -1,
162 161 163 -1,
162 160 161 -1,
164 163 165 -1,
164 162 163 -1,
166 165 167 -1,
166 164 165 -1,
168 167 169 -1,
168 166 167 -1,
170 169 171 -1,
170 168 169 -1,
172 171 173 -1,
172 170 171 -1,
174 173 175 -1,
174 172 173 -1,
176 174 175 -1,
176 175 177 -1,
178 176 177 -1,
178 177 179 -1,
180 178 179 -1,
180 179 181 -1,
182 180 181 -1,
182 181 183 -1,
184 183 185 -1,
184 182 183 -1,
186 185 187 -1,
186 184 185 -1,
188 187 189 -1,
188 186 187 -1,
190 189 191 -1,
190 188 189 -1,
192 191 193 -1,
192 190 191 -1,
194 193 195 -1,
194 192 193 -1,
196 195 197 -1,
196 194 195 -1,
198 197 199 -1,
198 196 197 -1,
200 199 201 -1,
200 198 199 -1,
202 201 203 -1,
202 203 204 -1,
202 200 201 -1,
205 202 204 -1,
206 204 207 -1,
206 205 204 -1,
208 207 209 -1,
208 206 207 -1,
210 209 211 -1,
210 208 209 -1,
212 211 213 -1,
212 213 214 -1,
212 210 211 -1,
215 212 214 -1,
216 214 217 -1,
216 215 214 -1,
218 217 219 -1,
218 216 217 -1,
220 219 221 -1,
220 218 219 -1,
222 221 223 -1,
222 220 221 -1,
224 222 223 -1,
224 223 225 -1,
226 224 225 -1,
226 225 227 -1,
228 226 227 -1,
228 227 229 -1,
230 228 229 -1,
230 229 231 -1,
232 230 231 -1,
232 231 233 -1,
234 232 233 -1,
234 233 235 -1,
236 234 235 -1,
236 235 237 -1,
238 236 237 -1,
238 237 239 -1,
240 238 239 -1,
240 239 241 -1,
240 241 242 -1,
243 240 242 -1,
244 243 242 -1,
244 242 245 -1,
246 244 245 -1,
246 245 247 -1,
248 246 247 -1,
248 247 249 -1,
250 249 251 -1,
250 248 249 -1,
250 251 2 -1,
1 250 2 -1,
12 8 11 -1,
50 53 54 -1,
44 46 48 -1,
20 14 16 -1,
20 16 19 -1,
40 42 44 -1,
36 38 40 -1,
208 205 206 -1,
28 25 26 -1,
32 1 0 -1,
32 0 4 -1,
32 4 6 -1,
32 6 8 -1,
32 12 14 -1,
32 20 22 -1,
32 22 25 -1,
32 28 31 -1,
32 34 36 -1,
32 48 50 -1,
32 54 56 -1,
32 56 59 -1,
32 59 60 -1,
32 60 62 -1,
32 62 64 -1,
32 64 67 -1,
32 67 68 -1,
32 68 71 -1,
32 71 72 -1,
32 72 74 -1,
32 74 77 -1,
32 77 78 -1,
32 78 81 -1,
32 81 82 -1,
32 82 84 -1,
32 84 86 -1,
32 86 89 -1,
32 89 90 -1,
32 99 100 -1,
32 100 103 -1,
32 103 105 -1,
32 105 106 -1,
32 106 109 -1,
32 109 110 -1,
32 110 113 -1,
32 113 114 -1,
32 114 117 -1,
32 117 118 -1,
32 118 121 -1,
32 121 122 -1,
32 122 124 -1,
32 124 127 -1,
32 127 128 -1,
32 128 130 -1,
32 130 132 -1,
32 132 134 -1,
32 134 136 -1,
32 136 138 -1,
32 138 140 -1,
32 140 142 -1,
32 142 144 -1,
32 144 146 -1,
32 146 148 -1,
32 148 150 -1,
32 150 152 -1,
32 152 154 -1,
32 154 156 -1,
32 156 158 -1,
32 158 160 -1,
32 160 162 -1,
32 162 164 -1,
32 164 166 -1,
32 166 168 -1,
32 168 170 -1,
32 170 172 -1,
32 172 174 -1,
32 174 176 -1,
32 176 178 -1,
32 178 180 -1,
32 180 182 -1,
32 182 184 -1,
32 184 186 -1,
32 186 188 -1,
32 188 190 -1,
32 190 192 -1,
32 192 194 -1,
32 194 196 -1,
32 196 198 -1,
32 198 200 -1,
32 200 202 -1,
32 202 205 -1,
32 208 210 -1,
32 210 212 -1,
32 212 215 -1,
32 215 216 -1,
32 216 218 -1,
32 218 220 -1,
32 220 222 -1,
32 238 240 -1,
32 240 243 -1,
32 243 244 -1,
32 95 99 -1,
32 205 208 -1,
32 90 95 -1,
32 36 40 -1,
32 228 234 -1,
32 222 228 -1,
32 25 28 -1,
32 234 238 -1,
32 244 1 -1,
32 8 12 -1,
32 44 48 -1,
32 50 54 -1,
32 40 44 -1,
32 14 20 -1,
95 96 99 -1,
90 93 95 -1,
228 222 224 -1,
228 224 226 -1,
234 228 230 -1,
234 230 232 -1,
238 234 236 -1,
248 244 246 -1,
1 244 248 -1,
1 248 250 -1,
9 13 10 -1,
52 51 55 -1,
47 45 49 -1,
15 21 17 -1,
17 21 18 -1,
43 41 45 -1,
39 37 41 -1,
204 209 207 -1,
24 29 27 -1,
2 33 3 -1,
3 33 5 -1,
5 33 7 -1,
7 33 9 -1,
13 33 15 -1,
21 33 23 -1,
23 33 24 -1,
29 33 30 -1,
35 33 37 -1,
49 33 51 -1,
55 33 57 -1,
57 33 58 -1,
58 33 61 -1,
61 33 63 -1,
63 33 65 -1,
65 33 66 -1,
66 33 69 -1,
69 33 70 -1,
70 33 73 -1,
73 33 75 -1,
75 33 76 -1,
76 33 79 -1,
79 33 80 -1,
80 33 83 -1,
83 33 85 -1,
85 33 87 -1,
87 33 88 -1,
88 33 91 -1,
98 33 101 -1,
101 33 102 -1,
102 33 104 -1,
104 33 107 -1,
107 33 108 -1,
108 33 111 -1,
111 33 112 -1,
112 33 115 -1,
115 33 116 -1,
116 33 119 -1,
119 33 120 -1,
120 33 123 -1,
123 33 125 -1,
125 33 126 -1,
126 33 129 -1,
129 33 131 -1,
131 33 133 -1,
133 33 135 -1,
135 33 137 -1,
137 33 139 -1,
139 33 141 -1,
141 33 143 -1,
143 33 145 -1,
145 33 147 -1,
147 33 149 -1,
149 33 151 -1,
151 33 153 -1,
153 33 155 -1,
155 33 157 -1,
157 33 159 -1,
159 33 161 -1,
161 33 163 -1,
163 33 165 -1,
165 33 167 -1,
167 33 169 -1,
169 33 171 -1,
171 33 173 -1,
173 33 175 -1,
175 33 177 -1,
177 33 179 -1,
179 33 181 -1,
181 33 183 -1,
183 33 185 -1,
185 33 187 -1,
187 33 189 -1,
189 33 191 -1,
191 33 193 -1,
193 33 195 -1,
195 33 197 -1,
197 33 199 -1,
199 33 201 -1,
201 33 203 -1,
203 33 204 -1,
209 33 211 -1,
211 33 213 -1,
213 33 214 -1,
214 33 217 -1,
217 33 219 -1,
219 33 221 -1,
221 33 223 -1,
239 33 241 -1,
241 33 242 -1,
242 33 245 -1,
94 33 98 -1,
204 33 209 -1,
91 33 94 -1,
37 33 41 -1,
229 33 235 -1,
223 33 229 -1,
24 33 29 -1,
235 33 239 -1,
245 33 2 -1,
9 33 13 -1,
45 33 49 -1,
51 33 55 -1,
41 33 45 -1,
15 33 21 -1,
97 94 98 -1,
92 91 94 -1,
223 229 225 -1,
225 229 227 -1,
229 235 231 -1,
231 235 233 -1,
235 239 237 -1,
245 249 247 -1,
245 2 249 -1,
249 2 251 -1 ] } }
Shape { appearance Appearance { material Material { diffuseColor 0.7 0.72 0.74 } } geometry IndexedFaceSet { solid FALSE coord Coordinate { point [ 2.901575 -9.059055 -0.984252,
2.901575 -9.059055 0.000000,
2.901575 -8.940945 -0.984252,
2.901575 -8.940945 0.000000,
3.098425 -9.059055 0.000000,
3.098425 -9.059055 -0.984252,
3.098425 -8.940945 -0.984252,
3.098425 -8.940945 0.000000 ] } coordIndex [ 0 1 2 -1,
2 1 3 -1,
4 5 6 -1,
4 6 7 -1,
5 4 0 -1,
0 4 1 -1,
7 6 2 -1,
7 2 3 -1,
2 6 0 -1,
0 6 5 -1,
7 3 1 -1,
7 1 4 -1 ] } }
Shape { appearance Appearance { material Material { diffuseColor 0.7 0.72 0.74 } } geometry IndexedFaceSet { solid FALSE coord Coordinate { point [ 2.901575 -9.059055 1.181102,
2.901575 -9.059055 2.559055,
2.901575 -8.940945 1.181102,
2.901575 -8.940945 2.559055,
3.098425 -9.059055 2.559055,
3.098425 -9.059055 1.181102,
3.098425 -8.940945 1.181102,
3.098425 -8.940945 2.559055 ] } coordIndex [ 0 1 2 -1,
2 1 3 -1,
4 5 6 -1,
4 6 7 -1,
5 4 0 -1,
0 4 1 -1,
7 6 2 -1,
7 2 3 -1,
2 6 0 -1,
0 6 5 -1,
7 3 1 -1,
7 1 4 -1 ] } }
Shape { appearance Appearance { material Material { diffuseColor 0.7 0.72 0.74 } } geometry IndexedFaceSet { solid FALSE coord Coordinate { point [ 2.799213 -9.002944 2.500073,
2.799213 -9.000000 2.500000,
3.000000 -9.000000 2.500000,
3.000000 -9.002944 2.500073,
2.799213 -9.005880 2.500293,
3.000000 -9.005880 2.500293,
2.799213 -9.008802 2.500660,
3.000000 -9.008802 2.500660,
2.799213 -9.011702 2.501171,
3.000000 -9.011702 2.501171,
3.000000 -9.014572 2.501826,
2.799213 -9.014572 2.501826,
2.799213 -9.017407 2.502624,
3.000000 -9.017407 2.502624,
2.799213 -9.020198 2.503561,
3.000000 -9.020198 2.503561,
2.799213 -9.022939 2.504637,
3.000000 -9.022939 2.504637,
3.000000 -9.025623 2.505848,
2.799213 -9.025623 2.505848,
2.799213 -9.028243 2.507192,
3.000000 -9.028243 2.507192,
2.799213 -9.030793 2.508664,
3.000000 -9.030793 2.508664,
3.000000 -9.033267 2.510261,
2.799213 -9.033267 2.510261,
2.799213 -9.035658 2.511980,
3.000000 -9.035658 2.511980,
2.799213 -9.037960 2.513816,
3.000000 -9.037960 2.513816,
3.000000 -9.040168 2.515765,
2.799213 -9.040168 2.515765,
2.799213 -9.042276 2.517821,
3.000000 -9.042276 2.517821,
2.799213 -9.044278 2.519979,
3.000000 -9.044278 2.519979,
2.799213 -9.046171 2.522235,
3.000000 -9.046171 2.522235,
2.799213 -9.047949 2.524582,
3.000000 -9.047949 2.524582,
2.799213 -9.049608 2.527015,
3.000000 -9.049608 2.527015,
2.799213 -9.051143 2.529528,
3.000000 -9.051143 2.529528,
2.799213 -9.052551 2.532114,
3.000000 -9.052551 2.532114,
2.799213 -9.053829 2.534767,
3.000000 -9.053829 2.534767,
2.799213 -9.054973 2.537480,
3.000000 -9.054973 2.537480,
2.799213 -9.055980 2.540247,
3.000000 -9.055980 2.540247,
3.000000 -9.056848 2.543061,
2.799213 -9.056848 2.543061,
2.799213 -9.057574 2.545914,
3.000000 -9.057574 2.545914,
2.799213 -9.058158 2.548800,
3.000000 -9.058158 2.548800,
3.000000 -9.058597 2.551712,
2.799213 -9.058597 2.551712,
2.799213 -9.058890 2.554642,
3.000000 -9.058890 2.554642,
2.799213 -9.059037 2.557583,
3.000000 -9.059037 2.557583,
2.799213 -9.059037 2.560527,
3.000000 -9.059037 2.560527,
3.000000 -9.058890 2.563468,
2.799213 -9.058890 2.563468,
2.799213 -9.058597 2.566398,
3.000000 -9.058597 2.566398,
3.000000 -9.058158 2.569310,
2.799213 -9.058158 2.569310,
2.799213 -9.057574 2.572196,
3.000000 -9.057574 2.572196,
2.799213 -9.056848 2.575050,
3.000000 -9.056848 2.575050,
3.000000 -9.055980 2.577863,
2.799213 -9.055980 2.577863,
2.799213 -9.054973 2.580630,
3.000000 -9.054973 2.580630,
3.000000 -9.053829 2.583344,
2.799213 -9.053829 2.583344,
2.799213 -9.052551 2.585997,
3.000000 -9.052551 2.585997,
2.799213 -9.051143 2.588583,
3.000000 -9.051143 2.588583,
2.799213 -9.049608 2.591095,
3.000000 -9.049608 2.591095,
3.000000 -9.047949 2.593528,
2.799213 -9.047949 2.593528,
2.799213 -9.046171 2.595875,
3.000000 -9.046171 2.595875,
3.000000 -9.044278 2.598131,
2.799213 -9.044278 2.598131,
3.000000 -9.042276 2.600290,
2.799213 -9.042276 2.600290,
2.799213 -9.040168 2.602346,
3.000000 -9.040168 2.602346,
3.000000 -9.037960 2.604294,
2.799213 -9.037960 2.604294,
2.799213 -9.035658 2.606130,
3.000000 -9.035658 2.606130,
3.000000 -9.033267 2.607849,
2.799213 -9.033267 2.607849,
3.000000 -9.030793 2.609446,
2.799213 -9.030793 2.609446,
2.799213 -9.028243 2.610919,
3.000000 -9.028243 2.610919,
3.000000 -9.025623 2.612262,
2.799213 -9.025623 2.612262,
2.799213 -9.022939 2.613473,
3.000000 -9.022939 2.613473,
3.000000 -9.020198 2.614549,
2.799213 -9.020198 2.614549,
2.799213 -9.017407 2.615487,
3.000000 -9.017407 2.615487,
3.000000 -9.014572 2.616284,
2.799213 -9.014572 2.616284,
2.799213 -9.011702 2.616939,
3.000000 -9.011702 2.616939,
3.000000 -9.008802 2.617451,
2.799213 -9.008802 2.617451,
2.799213 -9.005880 2.617817,
3.000000 -9.005880 2.617817,
2.799213 -9.002944 2.618037,
3.000000 -9.002944 2.618037,
3.000000 -9.000000 2.618110,
2.799213 -9.000000 2.618110,
2.799213 -8.997056 2.618037,
3.000000 -8.997056 2.618037,
2.799213 -8.994120 2.617817,
3.000000 -8.994120 2.617817,
2.799213 -8.991198 2.617451,
3.000000 -8.991198 2.617451,
2.799213 -8.988298 2.616939,
3.000000 -8.988298 2.616939,
2.799213 -8.985428 2.616284,
3.000000 -8.985428 2.616284,
2.799213 -8.982593 2.615487,
3.000000 -8.982593 2.615487,
2.799213 -8.979802 2.614549,
3.000000 -8.979802 2.614549,
2.799213 -8.977061 2.613473,
3.000000 -8.977061 2.613473,
2.799213 -8.974377 2.612262,
3.000000 -8.974377 2.612262,
2.799213 -8.971757 2.610919,
3.000000 -8.971757 2.610919,
2.799213 -8.969207 2.609446,
3.000000 -8.969207 2.609446,
2.799213 -8.966733 2.607849,
3.000000 -8.966733 2.607849,
2.799213 -8.964342 2.606130,
3.000000 -8.964342 2.606130,
2.799213 -8.962040 2.604294,
3.000000 -8.962040 2.604294,
2.799213 -8.959832 2.602346,
3.000000 -8.959832 2.602346,
2.799213 -8.957724 2.600290,
3.000000 -8.957724 2.600290,
2.799213 -8.955722 2.598131,
3.000000 -8.955722 2.598131,
2.799213 -8.953829 2.595875,
3.000000 -8.953829 2.595875,
2.799213 -8.952051 2.593528,
3.000000 -8.952051 2.593528,
2.799213 -8.950392 2.591095,
3.000000 -8.950392 2.591095,
2.799213 -8.948857 2.588583,
3.000000 -8.948857 2.588583,
2.799213 -8.947449 2.585997,
3.000000 -8.947449 2.585997,
2.799213 -8.946171 2.583344,
3.000000 -8.946171 2.583344,
2.799213 -8.945027 2.580630,
3.000000 -8.945027 2.580630,
2.799213 -8.944020 2.577863,
3.000000 -8.944020 2.577863,
2.799213 -8.943152 2.575050,
3.000000 -8.943152 2.575050,
2.799213 -8.942426 2.572196,
3.000000 -8.942426 2.572196,
2.799213 -8.941842 2.569310,
3.000000 -8.941842 2.569310,
2.799213 -8.941403 2.566398,
3.000000 -8.941403 2.566398,
2.799213 -8.941110 2.563468,
3.000000 -8.941110 2.563468,
2.799213 -8.940963 2.560527,
3.000000 -8.940963 2.560527,
2.799213 -8.940963 2.557583,
3.000000 -8.940963 2.557583,
2.799213 -8.941110 2.554642,
3.000000 -8.941110 2.554642,
2.799213 -8.941403 2.551712,
3.000000 -8.941403 2.551712,
2.799213 -8.941842 2.548800,
3.000000 -8.941842 2.548800,
2.799213 -8.942426 2.545914,
3.000000 -8.942426 2.545914,
2.799213 -8.943152 2.543061,
3.000000 -8.943152 2.543061,
2.799213 -8.944020 2.540247,
3.000000 -8.944020 2.540247,
3.000000 -8.945027 2.537480,
2.799213 -8.945027 2.537480,
2.799213 -8.946171 2.534767,
3.000000 -8.946171 2.534767,
2.799213 -8.947449 2.532114,
3.000000 -8.947449 2.532114,
2.799213 -8.948857 2.529528,
3.000000 -8.948857 2.529528,
2.799213 -8.950392 2.527015,
3.000000 -8.950392 2.527015,
3.000000 -8.952051 2.524582,
2.799213 -8.952051 2.524582,
2.799213 -8.953829 2.522235,
3.000000 -8.953829 2.522235,
2.799213 -8.955722 2.519979,
3.000000 -8.955722 2.519979,
2.799213 -8.957724 2.517821,
3.000000 -8.957724 2.517821,
2.799213 -8.959832 2.515765,
3.000000 -8.959832 2.515765,
2.799213 -8.962040 2.513816,
3.000000 -8.962040 2.513816,
2.799213 -8.964342 2.511980,
3.000000 -8.964342 2.511980,
2.799213 -8.966733 2.510261,
3.000000 -8.966733 2.510261,
2.799213 -8.969207 2.508664,
3.000000 -8.969207 2.508664,
2.799213 -8.971757 2.507192,
3.000000 -8.971757 2.507192,
2.799213 -8.974377 2.505848,
3.000000 -8.974377 2.505848,
2.799213 -8.977061 2.504637,
3.000000 -8.977061 2.504637,
2.799213 -8.979802 2.503561,
3.000000 -8.979802 2.503561,
2.799213 -8.982593 2.502624,
3.000000 -8.982593 2.502624,
3.000000 -8.985428 2.501826,
2.799213 -8.985428 2.501826,
2.799213 -8.988298 2.501171,
3.000000 -8.988298 2.501171,
2.799213 -8.991198 2.500660,
3.000000 -8.991198 2.500660,
2.799213 -8.994120 2.500293,
3.000000 -8.994120 2.500293,
2.799213 -8.997056 2.500073,
3.000000 -8.997056 2.500073 ] } coordIndex [ 0 1 2 -1,
0 2 3 -1,
4 3 5 -1,
4 0 3 -1,
6 5 7 -1,
6 4 5 -1,
8 7 9 -1,
8 9 10 -1,
8 6 7 -1,
11 8 10 -1,
12 10 13 -1,
12 11 10 -1,
14 13 15 -1,
14 12 13 -1,
16 15 17 -1,
16 17 18 -1,
16 14 15 -1,
19 16 18 -1,
20 18 21 -1,
20 19 18 -1,
22 20 21 -1,
22 21 23 -1,
22 23 24 -1,
25 22 24 -1,
26 25 24 -1,
26 24 27 -1,
28 26 27 -1,
28 27 29 -1,
28 29 30 -1,
31 28 30 -1,
32 31 30 -1,
32 30 33 -1,
34 32 33 -1,
34 33 35 -1,
36 34 35 -1,
36 35 37 -1,
38 36 37 -1,
38 37 39 -1,
40 38 39 -1,
40 39 41 -1,
42 40 41 -1,
42 41 43 -1,
44 42 43 -1,
44 43 45 -1,
46 45 47 -1,
46 44 45 -1,
48 47 49 -1,
48 46 47 -1,
50 49 51 -1,
50 51 52 -1,
50 48 49 -1,
53 50 52 -1,
54 52 55 -1,
54 53 52 -1,
56 55 57 -1,
56 57 58 -1,
56 54 55 -1,
59 56 58 -1,
60 58 61 -1,
60 59 58 -1,
62 61 63 -1,
62 60 61 -1,
64 63 65 -1,
64 65 66 -1,
64 62 63 -1,
67 64 66 -1,
68 66 69 -1,
68 69 70 -1,
68 67 66 -1,
71 68 70 -1,
72 71 70 -1,
72 70 73 -1,
74 72 73 -1,
74 73 75 -1,
74 75 76 -1,
77 74 76 -1,
78 77 76 -1,
78 76 79 -1,
78 79 80 -1,
81 78 80 -1,
82 81 80 -1,
82 80 83 -1,
84 82 83 -1,
84 83 85 -1,
86 84 85 -1,
86 85 87 -1,
86 87 88 -1,
89 86 88 -1,
90 89 88 -1,
90 88 91 -1,
90 91 92 -1,
93 90 92 -1,
93 92 94 -1,
95 93 94 -1,
96 95 94 -1,
96 94 97 -1,
96 97 98 -1,
99 96 98 -1,
100 99 98 -1,
100 98 101 -1,
100 101 102 -1,
103 100 102 -1,
103 102 104 -1,
105 103 104 -1,
106 105 104 -1,
106 104 107 -1,
106 107 108 -1,
109 106 108 -1,
110 109 108 -1,
110 108 111 -1,
110 111 112 -1,
113 110 112 -1,
114 113 112 -1,
114 112 115 -1,
114 115 116 -1,
117 114 116 -1,
118 116 119 -1,
118 119 120 -1,
118 117 116 -1,
121 118 120 -1,
122 120 123 -1,
122 121 120 -1,
124 122 123 -1,
124 123 125 -1,
124 125 126 -1,
127 124 126 -1,
128 127 126 -1,
128 126 129 -1,
130 128 129 -1,
130 129 131 -1,
132 130 131 -1,
132 131 133 -1,
134 132 133 -1,
134 133 135 -1,
136 134 135 -1,
136 135 137 -1,
138 136 137 -1,
138 137 139 -1,
140 138 139 -1,
140 139 141 -1,
142 140 141 -1,
142 141 143 -1,
144 142 143 -1,
144 143 145 -1,
146 144 145 -1,
146 145 147 -1,
148 146 147 -1,
148 147 149 -1,
150 149 151 -1,
150 148 149 -1,
152 151 153 -1,
152 150 151 -1,
154 153 155 -1,
154 152 153 -1,
156 155 157 -1,
156 154 155 -1,
158 157 159 -1,
158 156 157 -1,
160 159 161 -1,
160 158 159 -1,
162 161 163 -1,
162 160 161 -1,
164 163 165 -1,
164 162 163 -1,
166 165 167 -1,
166 164 165 -1,
168 167 169 -1,
168 166 167 -1,
170 169 171 -1,
170 168 169 -1,
172 171 173 -1,
172 170 171 -1,
174 173 175 -1,
174 172 173 -1,
176 174 175 -1,
176 175 177 -1,
178 176 177 -1,
178 177 179 -1,
180 178 179 -1,
180 179 181 -1,
182 180 181 -1,
182 181 183 -1,
184 183 185 -1,
184 182 183 -1,
186 185 187 -1,
186 184 185 -1,
188 187 189 -1,
188 186 187 -1,
190 189 191 -1,
190 188 189 -1,
192 191 193 -1,
192 190 191 -1,
194 193 195 -1,
194 192 193 -1,
196 195 197 -1,
196 194 195 -1,
198 197 199 -1,
198 196 197 -1,
200 199 201 -1,
200 198 199 -1,
202 201 203 -1,
202 203 204 -1,
202 200 201 -1,
205 202 204 -1,
206 204 207 -1,
206 205 204 -1,
208 207 209 -1,
208 206 207 -1,
210 209 211 -1,
210 208 209 -1,
212 211 213 -1,
212 213 214 -1,
212 210 211 -1,
215 212 214 -1,
216 214 217 -1,
216 215 214 -1,
218 217 219 -1,
218 216 217 -1,
220 219 221 -1,
220 218 219 -1,
222 221 223 -1,
222 220 221 -1,
224 222 223 -1,
224 223 225 -1,
226 224 225 -1,
226 225 227 -1,
228 226 227 -1,
228 227 229 -1,
230 228 229 -1,
230 229 231 -1,
232 230 231 -1,
232 231 233 -1,
234 232 233 -1,
234 233 235 -1,
236 234 235 -1,
236 235 237 -1,
238 236 237 -1,
238 237 239 -1,
240 238 239 -1,
240 239 241 -1,
240 241 242 -1,
243 240 242 -1,
244 243 242 -1,
244 242 245 -1,
246 244 245 -1,
246 245 247 -1,
248 246 247 -1,
248 247 249 -1,
250 249 251 -1,
250 248 249 -1,
250 251 2 -1,
1 250 2 -1,
12 8 11 -1,
50 53 54 -1,
44 46 48 -1,
20 14 16 -1,
20 16 19 -1,
40 42 44 -1,
36 38 40 -1,
208 205 206 -1,
28 25 26 -1,
32 1 0 -1,
32 0 4 -1,
32 4 6 -1,
32 6 8 -1,
32 12 14 -1,
32 20 22 -1,
32 22 25 -1,
32 28 31 -1,
32 34 36 -1,
32 48 50 -1,
32 54 56 -1,
32 56 59 -1,
32 59 60 -1,
32 60 62 -1,
32 62 64 -1,
32 64 67 -1,
32 67 68 -1,
32 68 71 -1,
32 71 72 -1,
32 72 74 -1,
32 74 77 -1,
32 77 78 -1,
32 78 81 -1,
32 81 82 -1,
32 82 84 -1,
32 84 86 -1,
32 86 89 -1,
32 89 90 -1,
32 99 100 -1,
32 100 103 -1,
32 103 105 -1,
32 105 106 -1,
32 106 109 -1,
32 109 110 -1,
32 110 113 -1,
32 113 114 -1,
32 114 117 -1,
32 117 118 -1,
32 118 121 -1,
32 121 122 -1,
32 122 124 -1,
32 124 127 -1,
32 127 128 -1,
32 128 130 -1,
32 130 132 -1,
32 132 134 -1,
32 134 136 -1,
32 136 138 -1,
32 138 140 -1,
32 140 142 -1,
32 142 144 -1,
32 144 146 -1,
32 146 148 -1,
32 148 150 -1,
32 150 152 -1,
32 152 154 -1,
32 154 156 -1,
32 156 158 -1,
32 158 160 -1,
32 160 162 -1,
32 162 164 -1,
32 164 166 -1,
32 166 168 -1,
32 168 170 -1,
32 170 172 -1,
32 172 174 -1,
32 174 176 -1,
32 176 178 -1,
32 178 180 -1,
32 180 182 -1,
32 182 184 -1,
32 184 186 -1,
32 186 188 -1,
32 188 190 -1,
32 190 192 -1,
32 192 194 -1,
32 194 196 -1,
32 196 198 -1,
32 198 200 -1,
32 200 202 -1,
32 202 205 -1,
32 208 210 -1,
32 210 212 -1,
32 212 215 -1,
32 215 216 -1,
32 216 218 -1,
32 218 220 -1,
32 220 222 -1,
32 238 240 -1,
32 240 243 -1,
32 243 244 -1,
32 95 99 -1,
32 205 208 -1,
32 90 95 -1,
32 36 40 -1,
32 228 234 -1,
32 222 228 -1,
32 25 28 -1,
32 234 238 -1,
32 244 1 -1,
32 8 12 -1,
32 44 48 -1,
32 50 54 -1,
32 40 44 -1,
32 14 20 -1,
95 96 99 -1,
90 93 95 -1,
228 222 224 -1,
228 224 226 -1,
234 228 230 -1,
234 230 232 -1,
238 234 236 -1,
248 244 246 -1,
1 244 248 -1,
1 248 250 -1,
9 13 10 -1,
52 51 55 -1,
47 45 49 -1,
15 21 17 -1,
17 21 18 -1,
43 41 45 -1,
39 37 41 -1,
204 209 207 -1,
24 29 27 -1,
2 33 3 -1,
3 33 5 -1,
5 33 7 -1,
7 33 9 -1,
13 33 15 -1,
21 33 23 -1,
23 33 24 -1,
29 33 30 -1,
35 33 37 -1,
49 33 51 -1,
55 33 57 -1,
57 33 58 -1,
58 33 61 -1,
61 33 63 -1,
63 33 65 -1,
65 33 66 -1,
66 33 69 -1,
69 33 70 -1,
70 33 73 -1,
73 33 75 -1,
75 33 76 -1,
76 33 79 -1,
79 33 80 -1,
80 33 83 -1,
83 33 85 -1,
85 33 87 -1,
87 33 88 -1,
88 33 91 -1,
98 33 101 -1,
101 33 102 -1,
102 33 104 -1,
104 33 107 -1,
107 33 108 -1,
108 33 111 -1,
111 33 112 -1,
112 33 115 -1,
115 33 116 -1,
116 33 119 -1,
119 33 120 -1,
120 33 123 -1,
123 33 125 -1,
125 33 126 -1,
126 33 129 -1,
129 33 131 -1,
131 33 133 -1,
133 33 135 -1,
135 33 137 -1,
137 33 139 -1,
139 33 141 -1,
141 33 143 -1,
143 33 145 -1,
145 33 147 -1,
147 33 149 -1,
149 33 151 -1,
151 33 153 -1,
153 33 155 -1,
155 33 157 -1,
157 33 159 -1,
159 33 161 -1,
161 33 163 -1,
163 33 165 -1,
165 33 167 -1,
167 33 169 -1,
169 33 171 -1,
171 33 173 -1,
173 33 175 -1,
175 33 177 -1,
177 33 179 -1,
179 33 181 -1,
181 33 183 -1,
183 33 185 -1,
185 33 187 -1,
187 33 189 -1,
189 33 191 -1,
191 33 193 -1,
193 33 195 -1,
195 33 197 -1,
197 33 199 -1,
199 33 201 -1,
201 33 203 -1,
203 33 204 -1,
209 33 211 -1,
211 33 213 -1,
213 33 214 -1,
214 33 217 -1,
217 33 219 -1,
219 33 221 -1,
221 33 223 -1,
239 33 241 -1,
241 33 242 -1,
242 33 245 -1,
94 33 98 -1,
204 33 209 -1,
91 33 94 -1,
37 33 41 -1,
229 33 235 -1,
223 33 229 -1,
24 33 29 -1,
235 33 239 -1,
245 33 2 -1,
9 33 13 -1,
45 33 49 -1,
51 33 55 -1,
41 33 45 -1,
15 33 21 -1,
97 94 98 -1,
92 91 94 -1,
223 229 225 -1,
225 229 227 -1,
229 235 231 -1,
231 235 233 -1,
235 239 237 -1,
245 249 247 -1,
245 2 249 -1,
249 2 251 -1 ] } }
Shape { appearance Appearance { material Material { diffuseColor 0.7 0.72 0.74 } } geometry IndexedFaceSet { solid FALSE coord Coordinate { point [ 2.901575 -10.059055 -0.984252,
2.901575 -10.059055 0.000000,
2.901575 -9.940945 -0.984252,
2.901575 -9.940945 0.000000,
3.098425 -10.059055 0.000000,
3.098425 -10.059055 -0.984252,
3.098425 -9.940945 -0.984252,
3.098425 -9.940945 0.000000 ] } coordIndex [ 0 1 2 -1,
2 1 3 -1,
4 5 6 -1,
4 6 7 -1,
5 4 0 -1,
0 4 1 -1,
7 6 2 -1,
7 2 3 -1,
2 6 0 -1,
0 6 5 -1,
7 3 1 -1,
7 1 4 -1 ] } }
Shape { appearance Appearance { material Material { diffuseColor 0.7 0.72 0.74 } } geometry IndexedFaceSet { solid FALSE coord Coordinate { point [ 2.901575 -10.059055 1.181102,
2.901575 -10.059055 2.559055,
2.901575 -9.940945 1.181102,
2.901575 -9.940945 2.559055,
3.098425 -10.059055 2.559055,
3.098425 -10.059055 1.181102,
3.098425 -9.940945 1.181102,
3.098425 -9.940945 2.559055 ] } coordIndex [ 0 1 2 -1,
2 1 3 -1,
4 5 6 -1,
4 6 7 -1,
5 4 0 -1,
0 4 1 -1,
7 6 2 -1,
7 2 3 -1,
2 6 0 -1,
0 6 5 -1,
7 3 1 -1,
7 1 4 -1 ] } }
Shape { appearance Appearance { material Material { diffuseColor 0.7 0.72 0.74 } } geometry IndexedFaceSet { solid FALSE coord Coordinate { point [ 2.799213 -10.002944 2.500073,
2.799213 -10.000000 2.500000,
3.000000 -10.000000 2.500000,
3.000000 -10.002944 2.500073,
2.799213 -10.005880 2.500293,
3.000000 -10.005880 2.500293,
2.799213 -10.008802 2.500660,
3.000000 -10.008802 2.500660,
2.799213 -10.011702 2.501171,
3.000000 -10.011702 2.501171,
3.000000 -10.014572 2.501826,
2.799213 -10.014572 2.501826,
2.799213 -10.017407 2.502624,
3.000000 -10.017407 2.502624,
2.799213 -10.020198 2.503561,
3.000000 -10.020198 2.503561,
2.799213 -10.022939 2.504637,
3.000000 -10.022939 2.504637,
3.000000 -10.025623 2.505848,
2.799213 -10.025623 2.505848,
2.799213 -10.028243 2.507192,
3.000000 -10.028243 2.507192,
2.799213 -10.030793 2.508664,
3.000000 -10.030793 2.508664,
3.000000 -10.033267 2.510261,
2.799213 -10.033267 2.510261,
2.799213 -10.035658 2.511980,
3.000000 -10.035658 2.511980,
2.799213 -10.037960 2.513816,
3.000000 -10.037960 2.513816,
3.000000 -10.040168 2.515765,
2.799213 -10.040168 2.515765,
2.799213 -10.042276 2.517821,
3.000000 -10.042276 2.517821,
2.799213 -10.044278 2.519979,
3.000000 -10.044278 2.519979,
2.799213 -10.046171 2.522235,
3.000000 -10.046171 2.522235,
2.799213 -10.047949 2.524582,
3.000000 -10.047949 2.524582,
2.799213 -10.049608 2.527015,
3.000000 -10.049608 2.527015,
2.799213 -10.051143 2.529528,
3.000000 -10.051143 2.529528,
2.799213 -10.052551 2.532114,
3.000000 -10.052551 2.532114,
2.799213 -10.053829 2.534767,
3.000000 -10.053829 2.534767,
2.799213 -10.054973 2.537480,
3.000000 -10.054973 2.537480,
2.799213 -10.055980 2.540247,
3.000000 -10.055980 2.540247,
3.000000 -10.056848 2.543061,
2.799213 -10.056848 2.543061,
2.799213 -10.057574 2.545914,
3.000000 -10.057574 2.545914,
2.799213 -10.058158 2.548800,
3.000000 -10.058158 2.548800,
3.000000 -10.058597 2.551712,
2.799213 -10.058597 2.551712,
2.799213 -10.058890 2.554642,
3.000000 -10.058890 2.554642,
2.799213 -10.059037 2.557583,
3.000000 -10.059037 2.557583,
2.799213 -10.059037 2.560527,
3.000000 -10.059037 2.560527,
3.000000 -10.058890 2.563468,
2.799213 -10.058890 2.563468,
2.799213 -10.058597 2.566398,
3.000000 -10.058597 2.566398,
3.000000 -10.058158 2.569310,
2.799213 -10.058158 2.569310,
2.799213 -10.057574 2.572196,
3.000000 -10.057574 2.572196,
2.799213 -10.056848 2.575050,
3.000000 -10.056848 2.575050,
3.000000 -10.055980 2.577863,
2.799213 -10.055980 2.577863,
2.799213 -10.054973 2.580630,
3.000000 -10.054973 2.580630,
3.000000 -10.053829 2.583344,
2.799213 -10.053829 2.583344,
2.799213 -10.052551 2.585997,
3.000000 -10.052551 2.585997,
2.799213 -10.051143 2.588583,
3.000000 -10.051143 2.588583,
2.799213 -10.049608 2.591095,
3.000000 -10.049608 2.591095,
3.000000 -10.047949 2.593528,
2.799213 -10.047949 2.593528,
2.799213 -10.046171 2.595875,
3.000000 -10.046171 2.595875,
3.000000 -10.044278 2.598131,
2.799213 -10.044278 2.598131,
3.000000 -10.042276 2.600290,
2.799213 -10.042276 2.600290,
2.799213 -10.040168 2.602346,
3.000000 -10.040168 2.602346,
3.000000 -10.037960 2.604294,
2.799213 -10.037960 2.604294,
2.799213 -10.035658 2.606130,
3.000000 -10.035658 2.606130,
3.000000 -10.033267 2.607849,
2.799213 -10.033267 2.607849,
3.000000 -10.030793 2.609446,
2.799213 -10.030793 2.609446,
2.799213 -10.028243 2.610919,
3.000000 -10.028243 2.610919,
3.000000 -10.025623 2.612262,
2.799213 -10.025623 2.612262,
2.799213 -10.022939 2.613473,
3.000000 -10.022939 2.613473,
3.000000 -10.020198 2.614549,
2.799213 -10.020198 2.614549,
2.799213 -10.017407 2.615487,
3.000000 -10.017407 2.615487,
3.000000 -10.014572 2.616284,
2.799213 -10.014572 2.616284,
2.799213 -10.011702 2.616939,
3.000000 -10.011702 2.616939,
3.000000 -10.008802 2.617451,
2.799213 -10.008802 2.617451,
2.799213 -10.005880 2.617817,
3.000000 -10.005880 2.617817,
2.799213 -10.002944 2.618037,
3.000000 -10.002944 2.618037,
3.000000 -10.000000 2.618110,
2.799213 -10.000000 2.618110,
2.799213 -9.997056 2.618037,
3.000000 -9.997056 2.618037,
2.799213 -9.994120 2.617817,
3.000000 -9.994120 2.617817,
2.799213 -9.991198 2.617451,
3.000000 -9.991198 2.617451,
2.799213 -9.988298 2.616939,
3.000000 -9.988298 2.616939,
2.799213 -9.985428 2.616284,
3.000000 -9.985428 2.616284,
2.799213 -9.982593 2.615487,
3.000000 -9.982593 2.615487,
2.799213 -9.979802 2.614549,
3.000000 -9.979802 2.614549,
2.799213 -9.977061 2.613473,
3.000000 -9.977061 2.613473,
2.799213 -9.974377 2.612262,
3.000000 -9.974377 2.612262,
2.799213 -9.971757 2.610919,
3.000000 -9.971757 2.610919,
2.799213 -9.969207 2.609446,
3.000000 -9.969207 2.609446,
2.799213 -9.966733 2.607849,
3.000000 -9.966733 2.607849,
2.799213 -9.964342 2.606130,
3.000000 -9.964342 2.606130,
2.799213 -9.962040 2.604294,
3.000000 -9.962040 2.604294,
2.799213 -9.959832 2.602346,
3.000000 -9.959832 2.602346,
2.799213 -9.957724 2.600290,
3.000000 -9.957724 2.600290,
2.799213 -9.955722 2.598131,
3.000000 -9.955722 2.598131,
2.799213 -9.953829 2.595875,
3.000000 -9.953829 2.595875,
2.799213 -9.952051 2.593528,
3.000000 -9.952051 2.593528,
2.799213 -9.950392 2.591095,
3.000000 -9.950392 2.591095,
2.799213 -9.948857 2.588583,
3.000000 -9.948857 2.588583,
2.799213 -9.947449 2.585997,
3.000000 -9.947449 2.585997,
2.799213 -9.946171 2.583344,
3.000000 -9.946171 2.583344,
2.799213 -9.945027 2.580630,
3.000000 -9.945027 2.580630,
2.799213 -9.944020 2.577863,
3.000000 -9.944020 2.577863,
2.799213 -9.943152 2.575050,
3.000000 -9.943152 2.575050,
2.799213 -9.942426 2.572196,
3.000000 -9.942426 2.572196,
2.799213 -9.941842 2.569310,
3.000000 -9.941842 2.569310,
2.799213 -9.941403 2.566398,
3.000000 -9.941403 2.566398,
2.799213 -9.941110 2.563468,
3.000000 -9.941110 2.563468,
2.799213 -9.940963 2.560527,
3.000000 -9.940963 2.560527,
2.799213 -9.940963 2.557583,
3.000000 -9.940963 2.557583,
2.799213 -9.941110 2.554642,
3.000000 -9.941110 2.554642,
2.799213 -9.941403 2.551712,
3.000000 -9.941403 2.551712,
2.799213 -9.941842 2.548800,
3.000000 -9.941842 2.548800,
2.799213 -9.942426 2.545914,
3.000000 -9.942426 2.545914,
2.799213 -9.943152 2.543061,
3.000000 -9.943152 2.543061,
2.799213 -9.944020 2.540247,
3.000000 -9.944020 2.540247,
3.000000 -9.945027 2.537480,
2.799213 -9.945027 2.537480,
2.799213 -9.946171 2.534767,
3.000000 -9.946171 2.534767,
2.799213 -9.947449 2.532114,
3.000000 -9.947449 2.532114,
2.799213 -9.948857 2.529528,
3.000000 -9.948857 2.529528,
2.799213 -9.950392 2.527015,
3.000000 -9.950392 2.527015,
3.000000 -9.952051 2.524582,
2.799213 -9.952051 2.524582,
2.799213 -9.953829 2.522235,
3.000000 -9.953829 2.522235,
2.799213 -9.955722 2.519979,
3.000000 -9.955722 2.519979,
2.799213 -9.957724 2.517821,
3.000000 -9.957724 2.517821,
2.799213 -9.959832 2.515765,
3.000000 -9.959832 2.515765,
2.799213 -9.962040 2.513816,
3.000000 -9.962040 2.513816,
2.799213 -9.964342 2.511980,
3.000000 -9.964342 2.511980,
2.799213 -9.966733 2.510261,
3.000000 -9.966733 2.510261,
2.799213 -9.969207 2.508664,
3.000000 -9.969207 2.508664,
2.799213 -9.971757 2.507192,
3.000000 -9.971757 2.507192,
2.799213 -9.974377 2.505848,
3.000000 -9.974377 2.505848,
2.799213 -9.977061 2.504637,
3.000000 -9.977061 2.504637,
2.799213 -9.979802 2.503561,
3.000000 -9.979802 2.503561,
2.799213 -9.982593 2.502624,
3.000000 -9.982593 2.502624,
3.000000 -9.985428 2.501826,
2.799213 -9.985428 2.501826,
2.799213 -9.988298 2.501171,
3.000000 -9.988298 2.501171,
2.799213 -9.991198 2.500660,
3.000000 -9.991198 2.500660,
2.799213 -9.994120 2.500293,
3.000000 -9.994120 2.500293,
2.799213 -9.997056 2.500073,
3.000000 -9.997056 2.500073 ] } coordIndex [ 0 1 2 -1,
0 2 3 -1,
4 3 5 -1,
4 0 3 -1,
6 5 7 -1,
6 4 5 -1,
8 7 9 -1,
8 9 10 -1,
8 6 7 -1,
11 8 10 -1,
12 10 13 -1,
12 11 10 -1,
14 13 15 -1,
14 12 13 -1,
16 15 17 -1,
16 17 18 -1,
16 14 15 -1,
19 16 18 -1,
20 18 21 -1,
20 19 18 -1,
22 20 21 -1,
22 21 23 -1,
22 23 24 -1,
25 22 24 -1,
26 25 24 -1,
26 24 27 -1,
28 26 27 -1,
28 27 29 -1,
28 29 30 -1,
31 28 30 -1,
32 31 30 -1,
32 30 33 -1,
34 32 33 -1,
34 33 35 -1,
36 34 35 -1,
36 35 37 -1,
38 36 37 -1,
38 37 39 -1,
40 38 39 -1,
40 39 41 -1,
42 40 41 -1,
42 41 43 -1,
44 42 43 -1,
44 43 45 -1,
46 45 47 -1,
46 44 45 -1,
48 47 49 -1,
48 46 47 -1,
50 49 51 -1,
50 51 52 -1,
50 48 49 -1,
53 50 52 -1,
54 52 55 -1,
54 53 52 -1,
56 55 57 -1,
56 57 58 -1,
56 54 55 -1,
59 56 58 -1,
60 58 61 -1,
60 59 58 -1,
62 61 63 -1,
62 60 61 -1,
64 63 65 -1,
64 65 66 -1,
64 62 63 -1,
67 64 66 -1,
68 66 69 -1,
68 69 70 -1,
68 67 66 -1,
71 68 70 -1,
72 71 70 -1,
72 70 73 -1,
74 72 73 -1,
74 73 75 -1,
74 75 76 -1,
77 74 76 -1,
78 77 76 -1,
78 76 79 -1,
78 79 80 -1,
81 78 80 -1,
82 81 80 -1,
82 80 83 -1,
84 82 83 -1,
84 83 85 -1,
86 84 85 -1,
86 85 87 -1,
86 87 88 -1,
89 86 88 -1,
90 89 88 -1,
90 88 91 -1,
90 91 92 -1,
93 90 92 -1,
93 92 94 -1,
95 93 94 -1,
96 95 94 -1,
96 94 97 -1,
96 97 98 -1,
99 96 98 -1,
100 99 98 -1,
100 98 101 -1,
100 101 102 -1,
103 100 102 -1,
103 102 104 -1,
105 103 104 -1,
106 105 104 -1,
106 104 107 -1,
106 107 108 -1,
109 106 108 -1,
110 109 108 -1,
110 108 111 -1,
110 111 112 -1,
113 110 112 -1,
114 113 112 -1,
114 112 115 -1,
114 115 116 -1,
117 114 116 -1,
118 116 119 -1,
118 119 120 -1,
118 117 116 -1,
121 118 120 -1,
122 120 123 -1,
122 121 120 -1,
124 122 123 -1,
124 123 125 -1,
124 125 126 -1,
127 124 126 -1,
128 127 126 -1,
128 126 129 -1,
130 128 129 -1,
130 129 131 -1,
132 130 131 -1,
132 131 133 -1,
134 132 133 -1,
134 133 135 -1,
136 134 135 -1,
136 135 137 -1,
138 136 137 -1,
138 137 139 -1,
140 138 139 -1,
140 139 141 -1,
142 140 141 -1,
142 141 143 -1,
144 142 143 -1,
144 143 145 -1,
146 144 145 -1,
146 145 147 -1,
148 146 147 -1,
148 147 149 -1,
150 149 151 -1,
150 148 149 -1,
152 151 153 -1,
152 150 151 -1,
154 153 155 -1,
154 152 153 -1,
156 155 157 -1,
156 154 155 -1,
158 157 159 -1,
158 156 157 -1,
160 159 161 -1,
160 158 159 -1,
162 161 163 -1,
162 160 161 -1,
164 163 165 -1,
164 162 163 -1,
166 165 167 -1,
166 164 165 -1,
168 167 169 -1,
168 166 167 -1,
170 169 171 -1,
170 168 169 -1,
172 171 173 -1,
172 170 171 -1,
174 173 175 -1,
174 172 173 -1,
176 174 175 -1,
176 175 177 -1,
178 176 177 -1,
178 177 179 -1,
180 178 179 -1,
180 179 181 -1,
182 180 181 -1,
182 181 183 -1,
184 183 185 -1,
184 182 183 -1,
186 185 187 -1,
186 184 185 -1,
188 187 189 -1,
188 186 187 -1,
190 189 191 -1,
190 188 189 -1,
192 191 193 -1,
192 190 191 -1,
194 193 195 -1,
194 192 193 -1,
196 195 197 -1,
196 194 195 -1,
198 197 199 -1,
198 196 197 -1,
200 199 201 -1,
200 198 199 -1,
202 201 203 -1,
202 203 204 -1,
202 200 201 -1,
205 202 204 -1,
206 204 207 -1,
206 205 204 -1,
208 207 209 -1,
208 206 207 -1,
210 209 211 -1,
210 208 209 -1,
212 211 213 -1,
212 213 214 -1,
212 210 211 -1,
215 212 214 -1,
216 214 217 -1,
216 215 214 -1,
218 217 219 -1,
218 216 217 -1,
220 219 221 -1,
220 218 219 -1,
222 221 223 -1,
222 220 221 -1,
224 222 223 -1,
224 223 225 -1,
226 224 225 -1,
226 225 227 -1,
228 226 227 -1,
228 227 229 -1,
230 228 229 -1,
230 229 231 -1,
232 230 231 -1,
232 231 233 -1,
234 232 233 -1,
234 233 235 -1,
236 234 235 -1,
236 235 237 -1,
238 236 237 -1,
238 237 239 -1,
240 238 239 -1,
240 239 241 -1,
240 241 242 -1,
243 240 242 -1,
244 243 242 -1,
244 242 245 -1,
246 244 245 -1,
246 245 247 -1,
248 246 247 -1,
248 247 249 -1,
250 249 251 -1,
250 248 249 -1,
250 251 2 -1,
1 250 2 -1,
12 8 11 -1,
50 53 54 -1,
44 46 48 -1,
20 14 16 -1,
20 16 19 -1,
40 42 44 -1,
36 38 40 -1,
208 205 206 -1,
28 25 26 -1,
32 1 0 -1,
32 0 4 -1,
32 4 6 -1,
32 6 8 -1,
32 12 14 -1,
32 20 22 -1,
32 22 25 -1,
32 28 31 -1,
32 34 36 -1,
32 48 50 -1,
32 54 56 -1,
32 56 59 -1,
32 59 60 -1,
32 60 62 -1,
32 62 64 -1,
32 64 67 -1,
32 67 68 -1,
32 68 71 -1,
32 71 72 -1,
32 72 74 -1,
32 74 77 -1,
32 77 78 -1,
32 78 81 -1,
32 81 82 -1,
32 82 84 -1,
32 84 86 -1,
32 86 89 -1,
32 89 90 -1,
32 99 100 -1,
32 100 103 -1,
32 103 105 -1,
32 105 106 -1,
32 106 109 -1,
32 109 110 -1,
32 110 113 -1,
32 113 114 -1,
32 114 117 -1,
32 117 118 -1,
32 118 121 -1,
32 121 122 -1,
32 122 124 -1,
32 124 127 -1,
32 127 128 -1,
32 128 130 -1,
32 130 132 -1,
32 132 134 -1,
32 134 136 -1,
32 136 138 -1,
32 138 140 -1,
32 140 142 -1,
32 142 144 -1,
32 144 146 -1,
32 146 148 -1,
32 148 150 -1,
32 150 152 -1,
32 152 154 -1,
32 154 156 -1,
32 156 158 -1,
32 158 160 -1,
32 160 162 -1,
32 162 164 -1,
32 164 166 -1,
32 166 168 -1,
32 168 170 -1,
32 170 172 -1,
32 172 174 -1,
32 174 176 -1,
32 176 178 -1,
32 178 180 -1,
32 180 182 -1,
32 182 184 -1,
32 184 186 -1,
32 186 188 -1,
32 188 190 -1,
32 190 192 -1,
32 192 194 -1,
32 194 196 -1,
32 196 198 -1,
32 198 200 -1,
32 200 202 -1,
32 202 205 -1,
32 208 210 -1,
32 210 212 -1,
32 212 215 -1,
32 215 216 -1,
32 216 218 -1,
32 218 220 -1,
32 220 222 -1,
32 238 240 -1,
32 240 243 -1,
32 243 244 -1,
32 95 99 -1,
32 205 208 -1,
32 90 95 -1,
32 36 40 -1,
32 228 234 -1,
32 222 228 -1,
32 25 28 -1,
32 234 238 -1,
32 244 1 -1,
32 8 12 -1,
32 44 48 -1,
32 50 54 -1,
32 40 44 -1,
32 14 20 -1,
95 96 99 -1,
90 93 95 -1,
228 222 224 -1,
228 224 226 -1,
234 228 230 -1,
234 230 232 -1,
238 234 236 -1,
248 244 246 -1,
1 244 248 -1,
1 248 250 -1,
9 13 10 -1,
52 51 55 -1,
47 45 49 -1,
15 21 17 -1,
17 21 18 -1,
43 41 45 -1,
39 37 41 -1,
204 209 207 -1,
24 29 27 -1,
2 33 3 -1,
3 33 5 -1,
5 33 7 -1,
7 33 9 -1,
13 33 15 -1,
21 33 23 -1,
23 33 24 -1,
29 33 30 -1,
35 33 37 -1,
49 33 51 -1,
55 33 57 -1,
57 33 58 -1,
58 33 61 -1,
61 33 63 -1,
63 33 65 -1,
65 33 66 -1,
66 33 69 -1,
69 33 70 -1,
70 33 73 -1,
73 33 75 -1,
75 33 76 -1,
76 33 79 -1,
79 33 80 -1,
80 33 83 -1,
83 33 85 -1,
85 33 87 -1,
87 33 88 -1,
88 33 91 -1,
98 33 101 -1,
101 33 102 -1,
102 33 104 -1,
104 33 107 -1,
107 33 108 -1,
108 33 111 -1,
111 33 112 -1,
112 33 115 -1,
115 33 116 -1,
116 33 119 -1,
119 33 120 -1,
120 33 123 -1,
123 33 125 -1,
125 33 126 -1,
126 33 129 -1,
129 33 131 -1,
131 33 133 -1,
133 33 135 -1,
135 33 137 -1,
137 33 139 -1,
139 33 141 -1,
141 33 143 -1,
143 33 145 -1,
145 33 147 -1,
147 33 149 -1,
149 33 151 -1,
151 33 153 -1,
153 33 155 -1,
155 33 157 -1,
157 33 159 -1,
159 33 161 -1,
161 33 163 -1,
163 33 165 -1,
165 33 167 -1,
167 33 169 -1,
169 33 171 -1,
171 33 173 -1,
173 33 175 -1,
175 33 177 -1,
177 33 179 -1,
179 33 181 -1,
181 33 183 -1,
183 33 185 -1,
185 33 187 -1,
187 33 189 -1,
189 33 191 -1,
191 33 193 -1,
193 33 195 -1,
195 33 197 -1,
197 33 199 -1,
199 33 201 -1,
201 33 203 -1,
203 33 204 -1,
209 33 211 -1,
211 33 213 -1,
213 33 214 -1,
214 33 217 -1,
217 33 219 -1,
219 33 221 -1,
221 33 223 -1,
239 33 241 -1,
241 33 242 -1,
242 33 245 -1,
94 33 98 -1,
204 33 209 -1,
91 33 94 -1,
37 33 41 -1,
229 33 235 -1,
223 33 229 -1,
24 33 29 -1,
235 33 239 -1,
245 33 2 -1,
9 33 13 -1,
45 33 49 -1,
51 33 55 -1,
41 33 45 -1,
15 33 21 -1,
97 94 98 -1,
92 91 94 -1,
223 229 225 -1,
225 229 227 -1,
229 235 231 -1,
231 235 233 -1,
235 239 237 -1,
245 249 247 -1,
245 2 249 -1,
249 2 251 -1 ] } }
Shape { appearance Appearance { material Material { diffuseColor 0.7 0.72 0.74 } } geometry IndexedFaceSet { solid FALSE coord Coordinate { point [ 2.901575 -11.059055 -0.984252,
2.901575 -11.059055 0.000000,
2.901575 -10.940945 -0.984252,
2.901575 -10.940945 0.000000,
3.098425 -11.059055 0.000000,
3.098425 -11.059055 -0.984252,
3.098425 -10.940945 -0.984252,
3.098425 -10.940945 0.000000 ] } coordIndex [ 0 1 2 -1,
2 1 3 -1,
4 5 6 -1,
4 6 7 -1,
5 4 0 -1,
0 4 1 -1,
7 6 2 -1,
7 2 3 -1,
2 6 0 -1,
0 6 5 -1,
7 3 1 -1,
7 1 4 -1 ] } }
Shape { appearance Appearance { material Material { diffuseColor 0.7 0.72 0.74 } } geometry IndexedFaceSet { solid FALSE coord Coordinate { point [ 2.901575 -11.059055 1.181102,
2.901575 -11.059055 2.559055,
2.901575 -10.940945 1.181102,
2.901575 -10.940945 2.559055,
3.098425 -11.059055 2.559055,
3.098425 -11.059055 1.181102,
3.098425 -10.940945 1.181102,
3.098425 -10.940945 2.559055 ] } coordIndex [ 0 1 2 -1,
2 1 3 -1,
4 5 6 -1,
4 6 7 -1,
5 4 0 -1,
0 4 1 -1,
7 6 2 -1,
7 2 3 -1,
2 6 0 -1,
0 6 5 -1,
7 3 1 -1,
7 1 4 -1 ] } }
Shape { appearance Appearance { material Material { diffuseColor 0.7 0.72 0.74 } } geometry IndexedFaceSet { solid FALSE coord Coordinate { point [ 2.799213 -11.002944 2.500073,
2.799213 -11.000000 2.500000,
3.000000 -11.000000 2.500000,
3.000000 -11.002944 2.500073,
2.799213 -11.005880 2.500293,
3.000000 -11.005880 2.500293,
2.799213 -11.008802 2.500660,
3.000000 -11.008802 2.500660,
2.799213 -11.011702 2.501171,
3.000000 -11.011702 2.501171,
3.000000 -11.014572 2.501826,
2.799213 -11.014572 2.501826,
2.799213 -11.017407 2.502624,
3.000000 -11.017407 2.502624,
2.799213 -11.020198 2.503561,
3.000000 -11.020198 2.503561,
2.799213 -11.022939 2.504637,
3.000000 -11.022939 2.504637,
3.000000 -11.025623 2.505848,
2.799213 -11.025623 2.505848,
2.799213 -11.028243 2.507192,
3.000000 -11.028243 2.507192,
2.799213 -11.030793 2.508664,
3.000000 -11.030793 2.508664,
3.000000 -11.033267 2.510261,
2.799213 -11.033267 2.510261,
2.799213 -11.035658 2.511980,
3.000000 -11.035658 2.511980,
2.799213 -11.037960 2.513816,
3.000000 -11.037960 2.513816,
3.000000 -11.040168 2.515765,
2.799213 -11.040168 2.515765,
2.799213 -11.042276 2.517821,
3.000000 -11.042276 2.517821,
2.799213 -11.044278 2.519979,
3.000000 -11.044278 2.519979,
2.799213 -11.046171 2.522235,
3.000000 -11.046171 2.522235,
2.799213 -11.047949 2.524582,
3.000000 -11.047949 2.524582,
2.799213 -11.049608 2.527015,
3.000000 -11.049608 2.527015,
2.799213 -11.051143 2.529528,
3.000000 -11.051143 2.529528,
2.799213 -11.052551 2.532114,
3.000000 -11.052551 2.532114,
2.799213 -11.053829 2.534767,
3.000000 -11.053829 2.534767,
2.799213 -11.054973 2.537480,
3.000000 -11.054973 2.537480,
2.799213 -11.055980 2.540247,
3.000000 -11.055980 2.540247,
3.000000 -11.056848 2.543061,
2.799213 -11.056848 2.543061,
2.799213 -11.057574 2.545914,
3.000000 -11.057574 2.545914,
2.799213 -11.058158 2.548800,
3.000000 -11.058158 2.548800,
3.000000 -11.058597 2.551712,
2.799213 -11.058597 2.551712,
2.799213 -11.058890 2.554642,
3.000000 -11.058890 2.554642,
2.799213 -11.059037 2.557583,
3.000000 -11.059037 2.557583,
2.799213 -11.059037 2.560527,
3.000000 -11.059037 2.560527,
3.000000 -11.058890 2.563468,
2.799213 -11.058890 2.563468,
2.799213 -11.058597 2.566398,
3.000000 -11.058597 2.566398,
3.000000 -11.058158 2.569310,
2.799213 -11.058158 2.569310,
2.799213 -11.057574 2.572196,
3.000000 -11.057574 2.572196,
2.799213 -11.056848 2.575050,
3.000000 -11.056848 2.575050,
3.000000 -11.055980 2.577863,
2.799213 -11.055980 2.577863,
2.799213 -11.054973 2.580630,
3.000000 -11.054973 2.580630,
3.000000 -11.053829 2.583344,
2.799213 -11.053829 2.583344,
2.799213 -11.052551 2.585997,
3.000000 -11.052551 2.585997,
2.799213 -11.051143 2.588583,
3.000000 -11.051143 2.588583,
2.799213 -11.049608 2.591095,
3.000000 -11.049608 2.591095,
3.000000 -11.047949 2.593528,
2.799213 -11.047949 2.593528,
2.799213 -11.046171 2.595875,
3.000000 -11.046171 2.595875,
3.000000 -11.044278 2.598131,
2.799213 -11.044278 2.598131,
3.000000 -11.042276 2.600290,
2.799213 -11.042276 2.600290,
2.799213 -11.040168 2.602346,
3.000000 -11.040168 2.602346,
3.000000 -11.037960 2.604294,
2.799213 -11.037960 2.604294,
2.799213 -11.035658 2.606130,
3.000000 -11.035658 2.606130,
3.000000 -11.033267 2.607849,
2.799213 -11.033267 2.607849,
3.000000 -11.030793 2.609446,
2.799213 -11.030793 2.609446,
2.799213 -11.028243 2.610919,
3.000000 -11.028243 2.610919,
3.000000 -11.025623 2.612262,
2.799213 -11.025623 2.612262,
2.799213 -11.022939 2.613473,
3.000000 -11.022939 2.613473,
3.000000 -11.020198 2.614549,
2.799213 -11.020198 2.614549,
2.799213 -11.017407 2.615487,
3.000000 -11.017407 2.615487,
3.000000 -11.014572 2.616284,
2.799213 -11.014572 2.616284,
2.799213 -11.011702 2.616939,
3.000000 -11.011702 2.616939,
3.000000 -11.008802 2.617451,
2.799213 -11.008802 2.617451,
2.799213 -11.005880 2.617817,
3.000000 -11.005880 2.617817,
2.799213 -11.002944 2.618037,
3.000000 -11.002944 2.618037,
3.000000 -11.000000 2.618110,
2.799213 -11.000000 2.618110,
2.799213 -10.997056 2.618037,
3.000000 -10.997056 2.618037,
2.799213 -10.994120 2.617817,
3.000000 -10.994120 2.617817,
2.799213 -10.991198 2.617451,
3.000000 -10.991198 2.617451,
2.799213 -10.988298 2.616939,
3.000000 -10.988298 2.616939,
2.799213 -10.985428 2.616284,
3.000000 -10.985428 2.616284,
2.799213 -10.982593 2.615487,
3.000000 -10.982593 2.615487,
2.799213 -10.979802 2.614549,
3.000000 -10.979802 2.614549,
2.799213 -10.977061 2.613473,
3.000000 -10.977061 2.613473,
2.799213 -10.974377 2.612262,
3.000000 -10.974377 2.612262,
2.799213 -10.971757 2.610919,
3.000000 -10.971757 2.610919,
2.799213 -10.969207 2.609446,
3.000000 -10.969207 2.609446,
2.799213 -10.966733 2.607849,
3.000000 -10.966733 2.607849,
2.799213 -10.964342 2.606130,
3.000000 -10.964342 2.606130,
2.799213 -10.962040 2.604294,
3.000000 -10.962040 2.604294,
2.799213 -10.959832 2.602346,
3.000000 -10.959832 2.602346,
2.799213 -10.957724 2.600290,
3.000000 -10.957724 2.600290,
2.799213 -10.955722 2.598131,
3.000000 -10.955722 2.598131,
2.799213 -10.953829 2.595875,
3.000000 -10.953829 2.595875,
2.799213 -10.952051 2.593528,
3.000000 -10.952051 2.593528,
2.799213 -10.950392 2.591095,
3.000000 -10.950392 2.591095,
2.799213 -10.948857 2.588583,
3.000000 -10.948857 2.588583,
2.799213 -10.947449 2.585997,
3.000000 -10.947449 2.585997,
2.799213 -10.946171 2.583344,
3.000000 -10.946171 2.583344,
2.799213 -10.945027 2.580630,
3.000000 -10.945027 2.580630,
2.799213 -10.944020 2.577863,
3.000000 -10.944020 2.577863,
2.799213 -10.943152 2.575050,
3.000000 -10.943152 2.575050,
2.799213 -10.942426 2.572196,
3.000000 -10.942426 2.572196,
2.799213 -10.941842 2.569310,
3.000000 -10.941842 2.569310,
2.799213 -10.941403 2.566398,
3.000000 -10.941403 2.566398,
2.799213 -10.941110 2.563468,
3.000000 -10.941110 2.563468,
2.799213 -10.940963 2.560527,
3.000000 -10.940963 2.560527,
2.799213 -10.940963 2.557583,
3.000000 -10.940963 2.557583,
2.799213 -10.941110 2.554642,
3.000000 -10.941110 2.554642,
2.799213 -10.941403 2.551712,
3.000000 -10.941403 2.551712,
2.799213 -10.941842 2.548800,
3.000000 -10.941842 2.548800,
2.799213 -10.942426 2.545914,
3.000000 -10.942426 2.545914,
2.799213 -10.943152 2.543061,
3.000000 -10.943152 2.543061,
2.799213 -10.944020 2.540247,
3.000000 -10.944020 2.540247,
3.000000 -10.945027 2.537480,
2.799213 -10.945027 2.537480,
2.799213 -10.946171 2.534767,
3.000000 -10.946171 2.534767,
2.799213 -10.947449 2.532114,
3.000000 -10.947449 2.532114,
2.799213 -10.948857 2.529528,
3.000000 -10.948857 2.529528,
2.799213 -10.950392 2.527015,
3.000000 -10.950392 2.527015,
3.000000 -10.952051 2.524582,
2.799213 -10.952051 2.524582,
2.799213 -10.953829 2.522235,
3.000000 -10.953829 2.522235,
2.799213 -10.955722 2.519979,
3.000000 -10.955722 2.519979,
2.799213 -10.957724 2.517821,
3.000000 -10.957724 2.517821,
2.799213 -10.959832 2.515765,
3.000000 -10.959832 2.515765,
2.799213 -10.962040 2.513816,
3.000000 -10.962040 2.513816,
2.799213 -10.964342 2.511980,
3.000000 -10.964342 2.511980,
2.799213 -10.966733 2.510261,
3.000000 -10.966733 2.510261,
2.799213 -10.969207 2.508664,
3.000000 -10.969207 2.508664,
2.799213 -10.971757 2.507192,
3.000000 -10.971757 2.507192,
2.799213 -10.974377 2.505848,
3.000000 -10.974377 2.505848,
2.799213 -10.977061 2.504637,
3.000000 -10.977061 2.504637,
2.799213 -10.979802 2.503561,
3.000000 -10.979802 2.503561,
2.799213 -10.982593 2.502624,
3.000000 -10.982593 2.502624,
3.000000 -10.985428 2.501826,
2.799213 -10.985428 2.501826,
2.799213 -10.988298 2.501171,
3.000000 -10.988298 2.501171,
2.799213 -10.991198 2.500660,
3.000000 -10.991198 2.500660,
2.799213 -10.994120 2.500293,
3.000000 -10.994120 2.500293,
2.799213 -10.997056 2.500073,
3.000000 -10.997056 2.500073 ] } coordIndex [ 0 1 2 -1,
0 2 3 -1,
4 3 5 -1,
4 0 3 -1,
6 5 7 -1,
6 4 5 -1,
8 7 9 -1,
8 9 10 -1,
8 6 7 -1,
11 8 10 -1,
12 10 13 -1,
12 11 10 -1,
14 13 15 -1,
14 12 13 -1,
16 15 17 -1,
16 17 18 -1,
16 14 15 -1,
19 16 18 -1,
20 18 21 -1,
20 19 18 -1,
22 20 21 -1,
22 21 23 -1,
22 23 24 -1,
25 22 24 -1,
26 25 24 -1,
26 24 27 -1,
28 26 27 -1,
28 27 29 -1,
28 29 30 -1,
31 28 30 -1,
32 31 30 -1,
32 30 33 -1,
34 32 33 -1,
34 33 35 -1,
36 34 35 -1,
36 35 37 -1,
38 36 37 -1,
38 37 39 -1,
40 38 39 -1,
40 39 41 -1,
42 40 41 -1,
42 41 43 -1,
44 42 43 -1,
44 43 45 -1,
46 45 47 -1,
46 44 45 -1,
48 47 49 -1,
48 46 47 -1,
50 49 51 -1,
50 51 52 -1,
50 48 49 -1,
53 50 52 -1,
54 52 55 -1,
54 53 52 -1,
56 55 57 -1,
56 57 58 -1,
56 54 55 -1,
59 56 58 -1,
60 58 61 -1,
60 59 58 -1,
62 61 63 -1,
62 60 61 -1,
64 63 65 -1,
64 65 66 -1,
64 62 63 -1,
67 64 66 -1,
68 66 69 -1,
68 69 70 -1,
68 67 66 -1,
71 68 70 -1,
72 71 70 -1,
72 70 73 -1,
74 72 73 -1,
74 73 75 -1,
74 75 76 -1,
77 74 76 -1,
78 77 76 -1,
78 76 79 -1,
78 79 80 -1,
81 78 80 -1,
82 81 80 -1,
82 80 83 -1,
84 82 83 -1,
84 83 85 -1,
86 84 85 -1,
86 85 87 -1,
86 87 88 -1,
89 86 88 -1,
90 89 88 -1,
90 88 91 -1,
90 91 92 -1,
93 90 92 -1,
93 92 94 -1,
95 93 94 -1,
96 95 94 -1,
96 94 97 -1,
96 97 98 -1,
99 96 98 -1,
100 99 98 -1,
100 98 101 -1,
100 101 102 -1,
103 100 102 -1,
103 102 104 -1,
105 103 104 -1,
106 105 104 -1,
106 104 107 -1,
106 107 108 -1,
109 106 108 -1,
110 109 108 -1,
110 108 111 -1,
110 111 112 -1,
113 110 112 -1,
114 113 112 -1,
114 112 115 -1,
114 115 116 -1,
117 114 116 -1,
118 116 119 -1,
118 119 120 -1,
118 117 116 -1,
121 118 120 -1,
122 120 123 -1,
122 121 120 -1,
124 122 123 -1,
124 123 125 -1,
124 125 126 -1,
127 124 126 -1,
128 127 126 -1,
128 126 129 -1,
130 128 129 -1,
130 129 131 -1,
132 130 131 -1,
132 131 133 -1,
134 132 133 -1,
134 133 135 -1,
136 134 135 -1,
136 135 137 -1,
138 136 137 -1,
138 137 139 -1,
140 138 139 -1,
140 139 141 -1,
142 140 141 -1,
142 141 143 -1,
144 142 143 -1,
144 143 145 -1,
146 144 145 -1,
146 145 147 -1,
148 146 147 -1,
148 147 149 -1,
150 149 151 -1,
150 148 149 -1,
152 151 153 -1,
152 150 151 -1,
154 153 155 -1,
154 152 153 -1,
156 155 157 -1,
156 154 155 -1,
158 157 159 -1,
158 156 157 -1,
160 159 161 -1,
160 158 159 -1,
162 161 163 -1,
162 160 161 -1,
164 163 165 -1,
164 162 163 -1,
166 165 167 -1,
166 164 165 -1,
168 167 169 -1,
168 166 167 -1,
170 169 171 -1,
170 168 169 -1,
172 171 173 -1,
172 170 171 -1,
174 173 175 -1,
174 172 173 -1,
176 174 175 -1,
176 175 177 -1,
178 176 177 -1,
178 177 179 -1,
180 178 179 -1,
180 179 181 -1,
182 180 181 -1,
182 181 183 -1,
184 183 185 -1,
184 182 183 -1,
186 185 187 -1,
186 184 185 -1,
188 187 189 -1,
188 186 187 -1,
190 189 191 -1,
190 188 189 -1,
192 191 193 -1,
192 190 191 -1,
194 193 195 -1,
194 192 193 -1,
196 195 197 -1,
196 194 195 -1,
198 197 199 -1,
198 196 197 -1,
200 199 201 -1,
200 198 199 -1,
202 201 203 -1,
202 203 204 -1,
202 200 201 -1,
205 202 204 -1,
206 204 207 -1,
206 205 204 -1,
208 207 209 -1,
208 206 207 -1,
210 209 211 -1,
210 208 209 -1,
212 211 213 -1,
212 213 214 -1,
212 210 211 -1,
215 212 214 -1,
216 214 217 -1,
216 215 214 -1,
218 217 219 -1,
218 216 217 -1,
220 219 221 -1,
220 218 219 -1,
222 221 223 -1,
222 220 221 -1,
224 222 223 -1,
224 223 225 -1,
226 224 225 -1,
226 225 227 -1,
228 226 227 -1,
228 227 229 -1,
230 228 229 -1,
230 229 231 -1,
232 230 231 -1,
232 231 233 -1,
234 232 233 -1,
234 233 235 -1,
236 234 235 -1,
236 235 237 -1,
238 236 237 -1,
238 237 239 -1,
240 238 239 -1,
240 239 241 -1,
240 241 242 -1,
243 240 242 -1,
244 243 242 -1,
244 242 245 -1,
246 244 245 -1,
246 245 247 -1,
248 246 247 -1,
248 247 249 -1,
250 249 251 -1,
250 248 249 -1,
250 251 2 -1,
1 250 2 -1,
12 8 11 -1,
50 53 54 -1,
44 46 48 -1,
20 14 16 -1,
20 16 19 -1,
40 42 44 -1,
36 38 40 -1,
208 205 206 -1,
28 25 26 -1,
32 1 0 -1,
32 0 4 -1,
32 4 6 -1,
32 6 8 -1,
32 12 14 -1,
32 20 22 -1,
32 22 25 -1,
32 28 31 -1,
32 34 36 -1,
32 48 50 -1,
32 54 56 -1,
32 56 59 -1,
32 59 60 -1,
32 60 62 -1,
32 62 64 -1,
32 64 67 -1,
32 67 68 -1,
32 68 71 -1,
32 71 72 -1,
32 72 74 -1,
32 74 77 -1,
32 77 78 -1,
32 78 81 -1,
32 81 82 -1,
32 82 84 -1,
32 84 86 -1,
32 86 89 -1,
32 89 90 -1,
32 99 100 -1,
32 100 103 -1,
32 103 105 -1,
32 105 106 -1,
32 106 109 -1,
32 109 110 -1,
32 110 113 -1,
32 113 114 -1,
32 114 117 -1,
32 117 118 -1,
32 118 121 -1,
32 121 122 -1,
32 122 124 -1,
32 124 127 -1,
32 127 128 -1,
32 128 130 -1,
32 130 132 -1,
32 132 134 -1,
32 134 136 -1,
32 136 138 -1,
32 138 140 -1,
32 140 142 -1,
32 142 144 -1,
32 144 146 -1,
32 146 148 -1,
32 148 150 -1,
32 150 152 -1,
32 152 154 -1,
32 154 156 -1,
32 156 158 -1,
32 158 160 -1,
32 160 162 -1,
32 162 164 -1,
32 164 166 -1,
32 166 168 -1,
32 168 170 -1,
32 170 172 -1,
32 172 174 -1,
32 174 176 -1,
32 176 178 -1,
32 178 180 -1,
32 180 182 -1,
32 182 184 -1,
32 184 186 -1,
32 186 188 -1,
32 188 190 -1,
32 190 192 -1,
32 192 194 -1,
32 194 196 -1,
32 196 198 -1,
32 198 200 -1,
32 200 202 -1,
32 202 205 -1,
32 208 210 -1,
32 210 212 -1,
32 212 215 -1,
32 215 216 -1,
32 216 218 -1,
32 218 220 -1,
32 220 222 -1,
32 238 240 -1,
32 240 243 -1,
32 243 244 -1,
32 95 99 -1,
32 205 208 -1,
32 90 95 -1,
32 36 40 -1,
32 228 234 -1,
32 222 228 -1,
32 25 28 -1,
32 234 238 -1,
32 244 1 -1,
32 8 12 -1,
32 44 48 -1,
32 50 54 -1,
32 40 44 -1,
32 14 20 -1,
95 96 99 -1,
90 93 95 -1,
228 222 224 -1,
228 224 226 -1,
234 228 230 -1,
234 230 232 -1,
238 234 236 -1,
248 244 246 -1,
1 244 248 -1,
1 248 250 -1,
9 13 10 -1,
52 51 55 -1,
47 45 49 -1,
15 21 17 -1,
17 21 18 -1,
43 41 45 -1,
39 37 41 -1,
204 209 207 -1,
24 29 27 -1,
2 33 3 -1,
3 33 5 -1,
5 33 7 -1,
7 33 9 -1,
13 33 15 -1,
21 33 23 -1,
23 33 24 -1,
29 33 30 -1,
35 33 37 -1,
49 33 51 -1,
55 33 57 -1,
57 33 58 -1,
58 33 61 -1,
61 33 63 -1,
63 33 65 -1,
65 33 66 -1,
66 33 69 -1,
69 33 70 -1,
70 33 73 -1,
73 33 75 -1,
75 33 76 -1,
76 33 79 -1,
79 33 80 -1,
80 33 83 -1,
83 33 85 -1,
85 33 87 -1,
87 33 88 -1,
88 33 91 -1,
98 33 101 -1,
101 33 102 -1,
102 33 104 -1,
104 33 107 -1,
107 33 108 -1,
108 33 111 -1,
111 33 112 -1,
112 33 115 -1,
115 33 116 -1,
116 33 119 -1,
119 33 120 -1,
120 33 123 -1,
123 33 125 -1,
125 33 126 -1,
126 33 129 -1,
129 33 131 -1,
131 33 133 -1,
133 33 135 -1,
135 33 137 -1,
137 33 139 -1,
139 33 141 -1,
141 33 143 -1,
143 33 145 -1,
145 33 147 -1,
147 33 149 -1,
149 33 151 -1,
151 33 153 -1,
153 33 155 -1,
155 33 157 -1,
157 33 159 -1,
159 33 161 -1,
161 33 163 -1,
163 33 165 -1,
165 33 167 -1,
167 33 169 -1,
169 33 171 -1,
171 33 173 -1,
173 33 175 -1,
175 33 177 -1,
177 33 179 -1,
179 33 181 -1,
181 33 183 -1,
183 33 185 -1,
185 33 187 -1,
187 33 189 -1,
189 33 191 -1,
191 33 193 -1,
193 33 195 -1,
195 33 197 -1,
197 33 199 -1,
199 33 201 -1,
201 33 203 -1,
203 33 204 -1,
209 33 211 -1,
211 33 213 -1,
213 33 214 -1,
214 33 217 -1,
217 33 219 -1,
219 33 221 -1,
221 33 223 -1,
239 33 241 -1,
241 33 242 -1,
242 33 245 -1,
94 33 98 -1,
204 33 209 -1,
91 33 94 -1,
37 33 41 -1,
229 33 235 -1,
223 33 229 -1,
24 33 29 -1,
235 33 239 -1,
245 33 2 -1,
9 33 13 -1,
45 33 49 -1,
51 33 55 -1,
41 33 45 -1,
15 33 21 -1,
97 94 98 -1,
92 91 94 -1,
223 229 225 -1,
225 229 227 -1,
229 235 231 -1,
231 235 233 -1,
235 239 237 -1,
245 249 247 -1,
245 2 249 -1,
249 2 251 -1 ] } }
Shape { appearance Appearance { material Material { diffuseColor 0.7 0.72 0.74 } } geometry IndexedFaceSet { solid FALSE coord Coordinate { point [ 2.901575 -12.059055 -0.984252,
2.901575 -12.059055 0.000000,
2.901575 -11.940945 -0.984252,
2.901575 -11.940945 0.000000,
3.098425 -12.059055 0.000000,
3.098425 -12.059055 -0.984252,
3.098425 -11.940945 -0.984252,
3.098425 -11.940945 0.000000 ] } coordIndex [ 0 1 2 -1,
2 1 3 -1,
4 5 6 -1,
4 6 7 -1,
5 4 0 -1,
0 4 1 -1,
7 6 2 -1,
7 2 3 -1,
2 6 0 -1,
0 6 5 -1,
7 3 1 -1,
7 1 4 -1 ] } }
Shape { appearance Appearance { material Material { diffuseColor 0.7 0.72 0.74 } } geometry IndexedFaceSet { solid FALSE coord Coordinate { point [ 2.901575 -12.059055 1.181102,
2.901575 -12.059055 2.559055,
2.901575 -11.940945 1.181102,
2.901575 -11.940945 2.559055,
3.098425 -12.059055 2.559055,
3.098425 -12.059055 1.181102,
3.098425 -11.940945 1.181102,
3.098425 -11.940945 2.559055 ] } coordIndex [ 0 1 2 -1,
2 1 3 -1,
4 5 6 -1,
4 6 7 -1,
5 4 0 -1,
0 4 1 -1,
7 6 2 -1,
7 2 3 -1,
2 6 0 -1,
0 6 5 -1,
7 3 1 -1,
7 1 4 -1 ] } }
Shape { appearance Appearance { material Material { diffuseColor 0.7 0.72 0.74 } } geometry IndexedFaceSet { solid FALSE coord Coordinate { point [ 2.799213 -12.002944 2.500073,
2.799213 -12.000000 2.500000,
3.000000 -12.000000 2.500000,
3.000000 -12.002944 2.500073,
2.799213 -12.005880 2.500293,
3.000000 -12.005880 2.500293,
2.799213 -12.008802 2.500660,
3.000000 -12.008802 2.500660,
2.799213 -12.011702 2.501171,
3.000000 -12.011702 2.501171,
3.000000 -12.014572 2.501826,
2.799213 -12.014572 2.501826,
2.799213 -12.017407 2.502624,
3.000000 -12.017407 2.502624,
2.799213 -12.020198 2.503561,
3.000000 -12.020198 2.503561,
2.799213 -12.022939 2.504637,
3.000000 -12.022939 2.504637,
3.000000 -12.025623 2.505848,
2.799213 -12.025623 2.505848,
2.799213 -12.028243 2.507192,
3.000000 -12.028243 2.507192,
2.799213 -12.030793 2.508664,
3.000000 -12.030793 2.508664,
3.000000 -12.033267 2.510261,
2.799213 -12.033267 2.510261,
2.799213 -12.035658 2.511980,
3.000000 -12.035658 2.511980,
2.799213 -12.037960 2.513816,
3.000000 -12.037960 2.513816,
3.000000 -12.040168 2.515765,
2.799213 -12.040168 2.515765,
2.799213 -12.042276 2.517821,
3.000000 -12.042276 2.517821,
2.799213 -12.044278 2.519979,
3.000000 -12.044278 2.519979,
2.799213 -12.046171 2.522235,
3.000000 -12.046171 2.522235,
2.799213 -12.047949 2.524582,
3.000000 -12.047949 2.524582,
2.799213 -12.049608 2.527015,
3.000000 -12.049608 2.527015,
2.799213 -12.051143 2.529528,
3.000000 -12.051143 2.529528,
2.799213 -12.052551 2.532114,
3.000000 -12.052551 2.532114,
2.799213 -12.053829 2.534767,
3.000000 -12.053829 2.534767,
2.799213 -12.054973 2.537480,
3.000000 -12.054973 2.537480,
2.799213 -12.055980 2.540247,
3.000000 -12.055980 2.540247,
3.000000 -12.056848 2.543061,
2.799213 -12.056848 2.543061,
2.799213 -12.057574 2.545914,
3.000000 -12.057574 2.545914,
2.799213 -12.058158 2.548800,
3.000000 -12.058158 2.548800,
3.000000 -12.058597 2.551712,
2.799213 -12.058597 2.551712,
2.799213 -12.058890 2.554642,
3.000000 -12.058890 2.554642,
2.799213 -12.059037 2.557583,
3.000000 -12.059037 2.557583,
2.799213 -12.059037 2.560527,
3.000000 -12.059037 2.560527,
3.000000 -12.058890 2.563468,
2.799213 -12.058890 2.563468,
2.799213 -12.058597 2.566398,
3.000000 -12.058597 2.566398,
3.000000 -12.058158 2.569310,
2.799213 -12.058158 2.569310,
2.799213 -12.057574 2.572196,
3.000000 -12.057574 2.572196,
2.799213 -12.056848 2.575050,
3.000000 -12.056848 2.575050,
3.000000 -12.055980 2.577863,
2.799213 -12.055980 2.577863,
2.799213 -12.054973 2.580630,
3.000000 -12.054973 2.580630,
3.000000 -12.053829 2.583344,
2.799213 -12.053829 2.583344,
2.799213 -12.052551 2.585997,
3.000000 -12.052551 2.585997,
2.799213 -12.051143 2.588583,
3.000000 -12.051143 2.588583,
2.799213 -12.049608 2.591095,
3.000000 -12.049608 2.591095,
3.000000 -12.047949 2.593528,
2.799213 -12.047949 2.593528,
2.799213 -12.046171 2.595875,
3.000000 -12.046171 2.595875,
3.000000 -12.044278 2.598131,
2.799213 -12.044278 2.598131,
3.000000 -12.042276 2.600290,
2.799213 -12.042276 2.600290,
2.799213 -12.040168 2.602346,
3.000000 -12.040168 2.602346,
3.000000 -12.037960 2.604294,
2.799213 -12.037960 2.604294,
2.799213 -12.035658 2.606130,
3.000000 -12.035658 2.606130,
3.000000 -12.033267 2.607849,
2.799213 -12.033267 2.607849,
3.000000 -12.030793 2.609446,
2.799213 -12.030793 2.609446,
2.799213 -12.028243 2.610919,
3.000000 -12.028243 2.610919,
3.000000 -12.025623 2.612262,
2.799213 -12.025623 2.612262,
2.799213 -12.022939 2.613473,
3.000000 -12.022939 2.613473,
3.000000 -12.020198 2.614549,
2.799213 -12.020198 2.614549,
2.799213 -12.017407 2.615487,
3.000000 -12.017407 2.615487,
3.000000 -12.014572 2.616284,
2.799213 -12.014572 2.616284,
2.799213 -12.011702 2.616939,
3.000000 -12.011702 2.616939,
3.000000 -12.008802 2.617451,
2.799213 -12.008802 2.617451,
2.799213 -12.005880 2.617817,
3.000000 -12.005880 2.617817,
2.799213 -12.002944 2.618037,
3.000000 -12.002944 2.618037,
3.000000 -12.000000 2.618110,
2.799213 -12.000000 2.618110,
2.799213 -11.997056 2.618037,
3.000000 -11.997056 2.618037,
2.799213 -11.994120 2.617817,
3.000000 -11.994120 2.617817,
2.799213 -11.991198 2.617451,
3.000000 -11.991198 2.617451,
2.799213 -11.988298 2.616939,
3.000000 -11.988298 2.616939,
2.799213 -11.985428 2.616284,
3.000000 -11.985428 2.616284,
2.799213 -11.982593 2.615487,
3.000000 -11.982593 2.615487,
2.799213 -11.979802 2.614549,
3.000000 -11.979802 2.614549,
2.799213 -11.977061 2.613473,
3.000000 -11.977061 2.613473,
2.799213 -11.974377 2.612262,
3.000000 -11.974377 2.612262,
2.799213 -11.971757 2.610919,
3.000000 -11.971757 2.610919,
2.799213 -11.969207 2.609446,
3.000000 -11.969207 2.609446,
2.799213 -11.966733 2.607849,
3.000000 -11.966733 2.607849,
2.799213 -11.964342 2.606130,
3.000000 -11.964342 2.606130,
2.799213 -11.962040 2.604294,
3.000000 -11.962040 2.604294,
2.799213 -11.959832 2.602346,
3.000000 -11.959832 2.602346,
2.799213 -11.957724 2.600290,
3.000000 -11.957724 2.600290,
2.799213 -11.955722 2.598131,
3.000000 -11.955722 2.598131,
2.799213 -11.953829 2.595875,
3.000000 -11.953829 2.595875,
2.799213 -11.952051 2.593528,
3.000000 -11.952051 2.593528,
2.799213 -11.950392 2.591095,
3.000000 -11.950392 2.591095,
2.799213 -11.948857 2.588583,
3.000000 -11.948857 2.588583,
2.799213 -11.947449 2.585997,
3.000000 -11.947449 2.585997,
2.799213 -11.946171 2.583344,
3.000000 -11.946171 2.583344,
2.799213 -11.945027 2.580630,
3.000000 -11.945027 2.580630,
2.799213 -11.944020 2.577863,
3.000000 -11.944020 2.577863,
2.799213 -11.943152 2.575050,
3.000000 -11.943152 2.575050,
2.799213 -11.942426 2.572196,
3.000000 -11.942426 2.572196,
2.799213 -11.941842 2.569310,
3.000000 -11.941842 2.569310,
2.799213 -11.941403 2.566398,
3.000000 -11.941403 2.566398,
2.799213 -11.941110 2.563468,
3.000000 -11.941110 2.563468,
2.799213 -11.940963 2.560527,
3.000000 -11.940963 2.560527,
2.799213 -11.940963 2.557583,
3.000000 -11.940963 2.557583,
2.799213 -11.941110 2.554642,
3.000000 -11.941110 2.554642,
2.799213 -11.941403 2.551712,
3.000000 -11.941403 2.551712,
2.799213 -11.941842 2.548800,
3.000000 -11.941842 2.548800,
2.799213 -11.942426 2.545914,
3.000000 -11.942426 2.545914,
2.799213 -11.943152 2.543061,
3.000000 -11.943152 2.543061,
2.799213 -11.944020 2.540247,
3.000000 -11.944020 2.540247,
3.000000 -11.945027 2.537480,
2.799213 -11.945027 2.537480,
2.799213 -11.946171 2.534767,
3.000000 -11.946171 2.534767,
2.799213 -11.947449 2.532114,
3.000000 -11.947449 2.532114,
2.799213 -11.948857 2.529528,
3.000000 -11.948857 2.529528,
2.799213 -11.950392 2.527015,
3.000000 -11.950392 2.527015,
3.000000 -11.952051 2.524582,
2.799213 -11.952051 2.524582,
2.799213 -11.953829 2.522235,
3.000000 -11.953829 2.522235,
2.799213 -11.955722 2.519979,
3.000000 -11.955722 2.519979,
2.799213 -11.957724 2.517821,
3.000000 -11.957724 2.517821,
2.799213 -11.959832 2.515765,
3.000000 -11.959832 2.515765,
2.799213 -11.962040 2.513816,
3.000000 -11.962040 2.513816,
2.799213 -11.964342 2.511980,
3.000000 -11.964342 2.511980,
2.799213 -11.966733 2.510261,
3.000000 -11.966733 2.510261,
2.799213 -11.969207 2.508664,
3.000000 -11.969207 2.508664,
2.799213 -11.971757 2.507192,
3.000000 -11.971757 2.507192,
2.799213 -11.974377 2.505848,
3.000000 -11.974377 2.505848,
2.799213 -11.977061 2.504637,
3.000000 -11.977061 2.504637,
2.799213 -11.979802 2.503561,
3.000000 -11.979802 2.503561,
2.799213 -11.982593 2.502624,
3.000000 -11.982593 2.502624,
3.000000 -11.985428 2.501826,
2.799213 -11.985428 2.501826,
2.799213 -11.988298 2.501171,
3.000000 -11.988298 2.501171,
2.799213 -11.991198 2.500660,
3.000000 -11.991198 2.500660,
2.799213 -11.994120 2.500293,
3.000000 -11.994120 2.500293,
2.799213 -11.997056 2.500073,
3.000000 -11.997056 2.500073 ] } coordIndex [ 0 1 2 -1,
0 2 3 -1,
4 3 5 -1,
4 0 3 -1,
6 5 7 -1,
6 4 5 -1,
8 7 9 -1,
8 9 10 -1,
8 6 7 -1,
11 8 10 -1,
12 10 13 -1,
12 11 10 -1,
14 13 15 -1,
14 12 13 -1,
16 15 17 -1,
16 17 18 -1,
16 14 15 -1,
19 16 18 -1,
20 18 21 -1,
20 19 18 -1,
22 20 21 -1,
22 21 23 -1,
22 23 24 -1,
25 22 24 -1,
26 25 24 -1,
26 24 27 -1,
28 26 27 -1,
28 27 29 -1,
28 29 30 -1,
31 28 30 -1,
32 31 30 -1,
32 30 33 -1,
34 32 33 -1,
34 33 35 -1,
36 34 35 -1,
36 35 37 -1,
38 36 37 -1,
38 37 39 -1,
40 38 39 -1,
40 39 41 -1,
42 40 41 -1,
42 41 43 -1,
44 42 43 -1,
44 43 45 -1,
46 45 47 -1,
46 44 45 -1,
48 47 49 -1,
48 46 47 -1,
50 49 51 -1,
50 51 52 -1,
50 48 49 -1,
53 50 52 -1,
54 52 55 -1,
54 53 52 -1,
56 55 57 -1,
56 57 58 -1,
56 54 55 -1,
59 56 58 -1,
60 58 61 -1,
60 59 58 -1,
62 61 63 -1,
62 60 61 -1,
64 63 65 -1,
64 65 66 -1,
64 62 63 -1,
67 64 66 -1,
68 66 69 -1,
68 69 70 -1,
68 67 66 -1,
71 68 70 -1,
72 71 70 -1,
72 70 73 -1,
74 72 73 -1,
74 73 75 -1,
74 75 76 -1,
77 74 76 -1,
78 77 76 -1,
78 76 79 -1,
78 79 80 -1,
81 78 80 -1,
82 81 80 -1,
82 80 83 -1,
84 82 83 -1,
84 83 85 -1,
86 84 85 -1,
86 85 87 -1,
86 87 88 -1,
89 86 88 -1,
90 89 88 -1,
90 88 91 -1,
90 91 92 -1,
93 90 92 -1,
93 92 94 -1,
95 93 94 -1,
96 95 94 -1,
96 94 97 -1,
96 97 98 -1,
99 96 98 -1,
100 99 98 -1,
100 98 101 -1,
100 101 102 -1,
103 100 102 -1,
103 102 104 -1,
105 103 104 -1,
106 105 104 -1,
106 104 107 -1,
106 107 108 -1,
109 106 108 -1,
110 109 108 -1,
110 108 111 -1,
110 111 112 -1,
113 110 112 -1,
114 113 112 -1,
114 112 115 -1,
114 115 116 -1,
117 114 116 -1,
118 116 119 -1,
118 119 120 -1,
118 117 116 -1,
121 118 120 -1,
122 120 123 -1,
122 121 120 -1,
124 122 123 -1,
124 123 125 -1,
124 125 126 -1,
127 124 126 -1,
128 127 126 -1,
128 126 129 -1,
130 128 129 -1,
130 129 131 -1,
132 130 131 -1,
132 131 133 -1,
134 132 133 -1,
134 133 135 -1,
136 134 135 -1,
136 135 137 -1,
138 136 137 -1,
138 137 139 -1,
140 138 139 -1,
140 139 141 -1,
142 140 141 -1,
142 141 143 -1,
144 142 143 -1,
144 143 145 -1,
146 144 145 -1,
146 145 147 -1,
148 146 147 -1,
148 147 149 -1,
150 149 151 -1,
150 148 149 -1,
152 151 153 -1,
152 150 151 -1,
154 153 155 -1,
154 152 153 -1,
156 155 157 -1,
156 154 155 -1,
158 157 159 -1,
158 156 157 -1,
160 159 161 -1,
160 158 159 -1,
162 161 163 -1,
162 160 161 -1,
164 163 165 -1,
164 162 163 -1,
166 165 167 -1,
166 164 165 -1,
168 167 169 -1,
168 166 167 -1,
170 169 171 -1,
170 168 169 -1,
172 171 173 -1,
172 170 171 -1,
174 173 175 -1,
174 172 173 -1,
176 174 175 -1,
176 175 177 -1,
178 176 177 -1,
178 177 179 -1,
180 178 179 -1,
180 179 181 -1,
182 180 181 -1,
182 181 183 -1,
184 183 185 -1,
184 182 183 -1,
186 185 187 -1,
186 184 185 -1,
188 187 189 -1,
188 186 187 -1,
190 189 191 -1,
190 188 189 -1,
192 191 193 -1,
192 190 191 -1,
194 193 195 -1,
194 192 193 -1,
196 195 197 -1,
196 194 195 -1,
198 197 199 -1,
198 196 197 -1,
200 199 201 -1,
200 198 199 -1,
202 201 203 -1,
202 203 204 -1,
202 200 201 -1,
205 202 204 -1,
206 204 207 -1,
206 205 204 -1,
208 207 209 -1,
208 206 207 -1,
210 209 211 -1,
210 208 209 -1,
212 211 213 -1,
212 213 214 -1,
212 210 211 -1,
215 212 214 -1,
216 214 217 -1,
216 215 214 -1,
218 217 219 -1,
218 216 217 -1,
220 219 221 -1,
220 218 219 -1,
222 221 223 -1,
222 220 221 -1,
224 222 223 -1,
224 223 225 -1,
226 224 225 -1,
226 225 227 -1,
228 226 227 -1,
228 227 229 -1,
230 228 229 -1,
230 229 231 -1,
232 230 231 -1,
232 231 233 -1,
234 232 233 -1,
234 233 235 -1,
236 234 235 -1,
236 235 237 -1,
238 236 237 -1,
238 237 239 -1,
240 238 239 -1,
240 239 241 -1,
240 241 242 -1,
243 240 242 -1,
244 243 242 -1,
244 242 245 -1,
246 244 245 -1,
246 245 247 -1,
248 246 247 -1,
248 247 249 -1,
250 249 251 -1,
250 248 249 -1,
250 251 2 -1,
1 250 2 -1,
12 8 11 -1,
50 53 54 -1,
44 46 48 -1,
20 14 16 -1,
20 16 19 -1,
40 42 44 -1,
36 38 40 -1,
208 205 206 -1,
28 25 26 -1,
32 1 0 -1,
32 0 4 -1,
32 4 6 -1,
32 6 8 -1,
32 12 14 -1,
32 20 22 -1,
32 22 25 -1,
32 28 31 -1,
32 34 36 -1,
32 48 50 -1,
32 54 56 -1,
32 56 59 -1,
32 59 60 -1,
32 60 62 -1,
32 62 64 -1,
32 64 67 -1,
32 67 68 -1,
32 68 71 -1,
32 71 72 -1,
32 72 74 -1,
32 74 77 -1,
32 77 78 -1,
32 78 81 -1,
32 81 82 -1,
32 82 84 -1,
32 84 86 -1,
32 86 89 -1,
32 89 90 -1,
32 99 100 -1,
32 100 103 -1,
32 103 105 -1,
32 105 106 -1,
32 106 109 -1,
32 109 110 -1,
32 110 113 -1,
32 113 114 -1,
32 114 117 -1,
32 117 118 -1,
32 118 121 -1,
32 121 122 -1,
32 122 124 -1,
32 124 127 -1,
32 127 128 -1,
32 128 130 -1,
32 130 132 -1,
32 132 134 -1,
32 134 136 -1,
32 136 138 -1,
32 138 140 -1,
32 140 142 -1,
32 142 144 -1,
32 144 146 -1,
32 146 148 -1,
32 148 150 -1,
32 150 152 -1,
32 152 154 -1,
32 154 156 -1,
32 156 158 -1,
32 158 160 -1,
32 160 162 -1,
32 162 164 -1,
32 164 166 -1,
32 166 168 -1,
32 168 170 -1,
32 170 172 -1,
32 172 174 -1,
32 174 176 -1,
32 176 178 -1,
32 178 180 -1,
32 180 182 -1,
32 182 184 -1,
32 184 186 -1,
32 186 188 -1,
32 188 190 -1,
32 190 192 -1,
32 192 194 -1,
32 194 196 -1,
32 196 198 -1,
32 198 200 -1,
32 200 202 -1,
32 202 205 -1,
32 208 210 -1,
32 210 212 -1,
32 212 215 -1,
32 215 216 -1,
32 216 218 -1,
32 218 220 -1,
32 220 222 -1,
32 238 240 -1,
32 240 243 -1,
32 243 244 -1,
32 95 99 -1,
32 205 208 -1,
32 90 95 -1,
32 36 40 -1,
32 228 234 -1,
32 222 228 -1,
32 25 28 -1,
32 234 238 -1,
32 244 1 -1,
32 8 12 -1,
32 44 48 -1,
32 50 54 -1,
32 40 44 -1,
32 14 20 -1,
95 96 99 -1,
90 93 95 -1,
228 222 224 -1,
228 224 226 -1,
234 228 230 -1,
234 230 232 -1,
238 234 236 -1,
248 244 246 -1,
1 244 248 -1,
1 248 250 -1,
9 13 10 -1,
52 51 55 -1,
47 45 49 -1,
15 21 17 -1,
17 21 18 -1,
43 41 45 -1,
39 37 41 -1,
204 209 207 -1,
24 29 27 -1,
2 33 3 -1,
3 33 5 -1,
5 33 7 -1,
7 33 9 -1,
13 33 15 -1,
21 33 23 -1,
23 33 24 -1,
29 33 30 -1,
35 33 37 -1,
49 33 51 -1,
55 33 57 -1,
57 33 58 -1,
58 33 61 -1,
61 33 63 -1,
63 33 65 -1,
65 33 66 -1,
66 33 69 -1,
69 33 70 -1,
70 33 73 -1,
73 33 75 -1,
75 33 76 -1,
76 33 79 -1,
79 33 80 -1,
80 33 83 -1,
83 33 85 -1,
85 33 87 -1,
87 33 88 -1,
88 33 91 -1,
98 33 101 -1,
101 33 102 -1,
102 33 104 -1,
104 33 107 -1,
107 33 108 -1,
108 33 111 -1,
111 33 112 -1,
112 33 115 -1,
115 33 116 -1,
116 33 119 -1,
119 33 120 -1,
120 33 123 -1,
123 33 125 -1,
125 33 126 -1,
126 33 129 -1,
129 33 131 -1,
131 33 133 -1,
133 33 135 -1,
135 33 137 -1,
137 33 139 -1,
139 33 141 -1,
141 33 143 -1,
143 33 145 -1,
145 33 147 -1,
147 33 149 -1,
149 33 151 -1,
151 33 153 -1,
153 33 155 -1,
155 33 157 -1,
157 33 159 -1,
159 33 161 -1,
161 33 163 -1,
163 33 165 -1,
165 33 167 -1,
167 33 169 -1,
169 33 171 -1,
171 33 173 -1,
173 33 175 -1,
175 33 177 -1,
177 33 179 -1,
179 33 181 -1,
181 33 183 -1,
183 33 185 -1,
185 33 187 -1,
187 33 189 -1,
189 33 191 -1,
191 33 193 -1,
193 33 195 -1,
195 33 197 -1,
197 33 199 -1,
199 33 201 -1,
201 33 203 -1,
203 33 204 -1,
209 33 211 -1,
211 33 213 -1,
213 33 214 -1,
214 33 217 -1,
217 33 219 -1,
219 33 221 -1,
221 33 223 -1,
239 33 241 -1,
241 33 242 -1,
242 33 245 -1,
94 33 98 -1,
204 33 209 -1,
91 33 94 -1,
37 33 41 -1,
229 33 235 -1,
223 33 229 -1,
24 33 29 -1,
235 33 239 -1,
245 33 2 -1,
9 33 13 -1,
45 33 49 -1,
51 33 55 -1,
41 33 45 -1,
15 33 21 -1,
97 94 98 -1,
92 91 94 -1,
223 229 225 -1,
225 229 227 -1,
229 235 231 -1,
231 235 233 -1,
235 239 237 -1,
245 249 247 -1,
245 2 249 -1,
249 2 251 -1 ] } }
Shape { appearance Appearance { material Material { diffuseColor 0.7 0.72 0.74 } } geometry IndexedFaceSet { solid FALSE coord Coordinate { point [ 2.901575 -13.059055 -0.984252,
2.901575 -13.059055 0.000000,
2.901575 -12.940945 -0.984252,
2.901575 -12.940945 0.000000,
3.098425 -13.059055 0.000000,
3.098425 -13.059055 -0.984252,
3.098425 -12.940945 -0.984252,
3.098425 -12.940945 0.000000 ] } coordIndex [ 0 1 2 -1,
2 1 3 -1,
4 5 6 -1,
4 6 7 -1,
5 4 0 -1,
0 4 1 -1,
7 6 2 -1,
7 2 3 -1,
2 6 0 -1,
0 6 5 -1,
7 3 1 -1,
7 1 4 -1 ] } }
Shape { appearance Appearance { material Material { diffuseColor 0.7 0.72 0.74 } } geometry IndexedFaceSet { solid FALSE coord Coordinate { point [ 2.901575 -13.059055 1.181102,
2.901575 -13.059055 2.559055,
2.901575 -12.940945 1.181102,
2.901575 -12.940945 2.559055,
3.098425 -13.059055 2.559055,
3.098425 -13.059055 1.181102,
3.098425 -12.940945 1.181102,
3.098425 -12.940945 2.559055 ] } coordIndex [ 0 1 2 -1,
2 1 3 -1,
4 5 6 -1,
4 6 7 -1,
5 4 0 -1,
0 4 1 -1,
7 6 2 -1,
7 2 3 -1,
2 6 0 -1,
0 6 5 -1,
7 3 1 -1,
7 1 4 -1 ] } }
Shape { appearance Appearance { material Material { diffuseColor 0.7 0.72 0.74 } } geometry IndexedFaceSet { solid FALSE coord Coordinate { point [ 2.799213 -13.002944 2.500073,
2.799213 -13.000000 2.500000,
3.000000 -13.000000 2.500000,
3.000000 -13.002944 2.500073,
2.799213 -13.005880 2.500293,
3.000000 -13.005880 2.500293,
2.799213 -13.008802 2.500660,
3.000000 -13.008802 2.500660,
2.799213 -13.011702 2.501171,
3.000000 -13.011702 2.501171,
3.000000 -13.014572 2.501826,
2.799213 -13.014572 2.501826,
2.799213 -13.017407 2.502624,
3.000000 -13.017407 2.502624,
2.799213 -13.020198 2.503561,
3.000000 -13.020198 2.503561,
2.799213 -13.022939 2.504637,
3.000000 -13.022939 2.504637,
3.000000 -13.025623 2.505848,
2.799213 -13.025623 2.505848,
2.799213 -13.028243 2.507192,
3.000000 -13.028243 2.507192,
2.799213 -13.030793 2.508664,
3.000000 -13.030793 2.508664,
3.000000 -13.033267 2.510261,
2.799213 -13.033267 2.510261,
2.799213 -13.035658 2.511980,
3.000000 -13.035658 2.511980,
2.799213 -13.037960 2.513816,
3.000000 -13.037960 2.513816,
3.000000 -13.040168 2.515765,
2.799213 -13.040168 2.515765,
2.799213 -13.042276 2.517821,
3.000000 -13.042276 2.517821,
2.799213 -13.044278 2.519979,
3.000000 -13.044278 2.519979,
2.799213 -13.046171 2.522235,
3.000000 -13.046171 2.522235,
2.799213 -13.047949 2.524582,
3.000000 -13.047949 2.524582,
2.799213 -13.049608 2.527015,
3.000000 -13.049608 2.527015,
2.799213 -13.051143 2.529528,
3.000000 -13.051143 2.529528,
2.799213 -13.052551 2.532114,
3.000000 -13.052551 2.532114,
2.799213 -13.053829 2.534767,
3.000000 -13.053829 2.534767,
2.799213 -13.054973 2.537480,
3.000000 -13.054973 2.537480,
2.799213 -13.055980 2.540247,
3.000000 -13.055980 2.540247,
3.000000 -13.056848 2.543061,
2.799213 -13.056848 2.543061,
2.799213 -13.057574 2.545914,
3.000000 -13.057574 2.545914,
2.799213 -13.058158 2.548800,
3.000000 -13.058158 2.548800,
3.000000 -13.058597 2.551712,
2.799213 -13.058597 2.551712,
2.799213 -13.058890 2.554642,
3.000000 -13.058890 2.554642,
2.799213 -13.059037 2.557583,
3.000000 -13.059037 2.557583,
2.799213 -13.059037 2.560527,
3.000000 -13.059037 2.560527,
3.000000 -13.058890 2.563468,
2.799213 -13.058890 2.563468,
2.799213 -13.058597 2.566398,
3.000000 -13.058597 2.566398,
3.000000 -13.058158 2.569310,
2.799213 -13.058158 2.569310,
2.799213 -13.057574 2.572196,
3.000000 -13.057574 2.572196,
2.799213 -13.056848 2.575050,
3.000000 -13.056848 2.575050,
3.000000 -13.055980 2.577863,
2.799213 -13.055980 2.577863,
2.799213 -13.054973 2.580630,
3.000000 -13.054973 2.580630,
3.000000 -13.053829 2.583344,
2.799213 -13.053829 2.583344,
2.799213 -13.052551 2.585997,
3.000000 -13.052551 2.585997,
2.799213 -13.051143 2.588583,
3.000000 -13.051143 2.588583,
2.799213 -13.049608 2.591095,
3.000000 -13.049608 2.591095,
3.000000 -13.047949 2.593528,
2.799213 -13.047949 2.593528,
2.799213 -13.046171 2.595875,
3.000000 -13.046171 2.595875,
3.000000 -13.044278 2.598131,
2.799213 -13.044278 2.598131,
3.000000 -13.042276 2.600290,
2.799213 -13.042276 2.600290,
2.799213 -13.040168 2.602346,
3.000000 -13.040168 2.602346,
3.000000 -13.037960 2.604294,
2.799213 -13.037960 2.604294,
2.799213 -13.035658 2.606130,
3.000000 -13.035658 2.606130,
3.000000 -13.033267 2.607849,
2.799213 -13.033267 2.607849,
3.000000 -13.030793 2.609446,
2.799213 -13.030793 2.609446,
2.799213 -13.028243 2.610919,
3.000000 -13.028243 2.610919,
3.000000 -13.025623 2.612262,
2.799213 -13.025623 2.612262,
2.799213 -13.022939 2.613473,
3.000000 -13.022939 2.613473,
3.000000 -13.020198 2.614549,
2.799213 -13.020198 2.614549,
2.799213 -13.017407 2.615487,
3.000000 -13.017407 2.615487,
3.000000 -13.014572 2.616284,
2.799213 -13.014572 2.616284,
2.799213 -13.011702 2.616939,
3.000000 -13.011702 2.616939,
3.000000 -13.008802 2.617451,
2.799213 -13.008802 2.617451,
2.799213 -13.005880 2.617817,
3.000000 -13.005880 2.617817,
2.799213 -13.002944 2.618037,
3.000000 -13.002944 2.618037,
3.000000 -13.000000 2.618110,
2.799213 -13.000000 2.618110,
2.799213 -12.997056 2.618037,
3.000000 -12.997056 2.618037,
2.799213 -12.994120 2.617817,
3.000000 -12.994120 2.617817,
2.799213 -12.991198 2.617451,
3.000000 -12.991198 2.617451,
2.799213 -12.988298 2.616939,
3.000000 -12.988298 2.616939,
2.799213 -12.985428 2.616284,
3.000000 -12.985428 2.616284,
2.799213 -12.982593 2.615487,
3.000000 -12.982593 2.615487,
2.799213 -12.979802 2.614549,
3.000000 -12.979802 2.614549,
2.799213 -12.977061 2.613473,
3.000000 -12.977061 2.613473,
2.799213 -12.974377 2.612262,
3.000000 -12.974377 2.612262,
2.799213 -12.971757 2.610919,
3.000000 -12.971757 2.610919,
2.799213 -12.969207 2.609446,
3.000000 -12.969207 2.609446,
2.799213 -12.966733 2.607849,
3.000000 -12.966733 2.607849,
2.799213 -12.964342 2.606130,
3.000000 -12.964342 2.606130,
2.799213 -12.962040 2.604294,
3.000000 -12.962040 2.604294,
2.799213 -12.959832 2.602346,
3.000000 -12.959832 2.602346,
2.799213 -12.957724 2.600290,
3.000000 -12.957724 2.600290,
2.799213 -12.955722 2.598131,
3.000000 -12.955722 2.598131,
2.799213 -12.953829 2.595875,
3.000000 -12.953829 2.595875,
2.799213 -12.952051 2.593528,
3.000000 -12.952051 2.593528,
2.799213 -12.950392 2.591095,
3.000000 -12.950392 2.591095,
2.799213 -12.948857 2.588583,
3.000000 -12.948857 2.588583,
2.799213 -12.947449 2.585997,
3.000000 -12.947449 2.585997,
2.799213 -12.946171 2.583344,
3.000000 -12.946171 2.583344,
2.799213 -12.945027 2.580630,
3.000000 -12.945027 2.580630,
2.799213 -12.944020 2.577863,
3.000000 -12.944020 2.577863,
2.799213 -12.943152 2.575050,
3.000000 -12.943152 2.575050,
2.799213 -12.942426 2.572196,
3.000000 -12.942426 2.572196,
2.799213 -12.941842 2.569310,
3.000000 -12.941842 2.569310,
2.799213 -12.941403 2.566398,
3.000000 -12.941403 2.566398,
2.799213 -12.941110 2.563468,
3.000000 -12.941110 2.563468,
2.799213 -12.940963 2.560527,
3.000000 -12.940963 2.560527,
2.799213 -12.940963 2.557583,
3.000000 -12.940963 2.557583,
2.799213 -12.941110 2.554642,
3.000000 -12.941110 2.554642,
2.799213 -12.941403 2.551712,
3.000000 -12.941403 2.551712,
2.799213 -12.941842 2.548800,
3.000000 -12.941842 2.548800,
2.799213 -12.942426 2.545914,
3.000000 -12.942426 2.545914,
2.799213 -12.943152 2.543061,
3.000000 -12.943152 2.543061,
2.799213 -12.944020 2.540247,
3.000000 -12.944020 2.540247,
3.000000 -12.945027 2.537480,
2.799213 -12.945027 2.537480,
2.799213 -12.946171 2.534767,
3.000000 -12.946171 2.534767,
2.799213 -12.947449 2.532114,
3.000000 -12.947449 2.532114,
2.799213 -12.948857 2.529528,
3.000000 -12.948857 2.529528,
2.799213 -12.950392 2.527015,
3.000000 -12.950392 2.527015,
3.000000 -12.952051 2.524582,
2.799213 -12.952051 2.524582,
2.799213 -12.953829 2.522235,
3.000000 -12.953829 2.522235,
2.799213 -12.955722 2.519979,
3.000000 -12.955722 2.519979,
2.799213 -12.957724 2.517821,
3.000000 -12.957724 2.517821,
2.799213 -12.959832 2.515765,
3.000000 -12.959832 2.515765,
2.799213 -12.962040 2.513816,
3.000000 -12.962040 2.513816,
2.799213 -12.964342 2.511980,
3.000000 -12.964342 2.511980,
2.799213 -12.966733 2.510261,
3.000000 -12.966733 2.510261,
2.799213 -12.969207 2.508664,
3.000000 -12.969207 2.508664,
2.799213 -12.971757 2.507192,
3.000000 -12.971757 2.507192,
2.799213 -12.974377 2.505848,
3.000000 -12.974377 2.505848,
2.799213 -12.977061 2.504637,
3.000000 -12.977061 2.504637,
2.799213 -12.979802 2.503561,
3.000000 -12.979802 2.503561,
2.799213 -12.982593 2.502624,
3.000000 -12.982593 2.502624,
3.000000 -12.985428 2.501826,
2.799213 -12.985428 2.501826,
2.799213 -12.988298 2.501171,
3.000000 -12.988298 2.501171,
2.799213 -12.991198 2.500660,
3.000000 -12.991198 2.500660,
2.799213 -12.994120 2.500293,
3.000000 -12.994120 2.500293,
2.799213 -12.997056 2.500073,
3.000000 -12.997056 2.500073 ] } coordIndex [ 0 1 2 -1,
0 2 3 -1,
4 3 5 -1,
4 0 3 -1,
6 5 7 -1,
6 4 5 -1,
8 7 9 -1,
8 9 10 -1,
8 6 7 -1,
11 8 10 -1,
12 10 13 -1,
12 11 10 -1,
14 13 15 -1,
14 12 13 -1,
16 15 17 -1,
16 17 18 -1,
16 14 15 -1,
19 16 18 -1,
20 18 21 -1,
20 19 18 -1,
22 20 21 -1,
22 21 23 -1,
22 23 24 -1,
25 22 24 -1,
26 25 24 -1,
26 24 27 -1,
28 26 27 -1,
28 27 29 -1,
28 29 30 -1,
31 28 30 -1,
32 31 30 -1,
32 30 33 -1,
34 32 33 -1,
34 33 35 -1,
36 34 35 -1,
36 35 37 -1,
38 36 37 -1,
38 37 39 -1,
40 38 39 -1,
40 39 41 -1,
42 40 41 -1,
42 41 43 -1,
44 42 43 -1,
44 43 45 -1,
46 45 47 -1,
46 44 45 -1,
48 47 49 -1,
48 46 47 -1,
50 49 51 -1,
50 51 52 -1,
50 48 49 -1,
53 50 52 -1,
54 52 55 -1,
54 53 52 -1,
56 55 57 -1,
56 57 58 -1,
56 54 55 -1,
59 56 58 -1,
60 58 61 -1,
60 59 58 -1,
62 61 63 -1,
62 60 61 -1,
64 63 65 -1,
64 65 66 -1,
64 62 63 -1,
67 64 66 -1,
68 66 69 -1,
68 69 70 -1,
68 67 66 -1,
71 68 70 -1,
72 71 70 -1,
72 70 73 -1,
74 72 73 -1,
74 73 75 -1,
74 75 76 -1,
77 74 76 -1,
78 77 76 -1,
78 76 79 -1,
78 79 80 -1,
81 78 80 -1,
82 81 80 -1,
82 80 83 -1,
84 82 83 -1,
84 83 85 -1,
86 84 85 -1,
86 85 87 -1,
86 87 88 -1,
89 86 88 -1,
90 89 88 -1,
90 88 91 -1,
90 91 92 -1,
93 90 92 -1,
93 92 94 -1,
95 93 94 -1,
96 95 94 -1,
96 94 97 -1,
96 97 98 -1,
99 96 98 -1,
100 99 98 -1,
100 98 101 -1,
100 101 102 -1,
103 100 102 -1,
103 102 104 -1,
105 103 104 -1,
106 105 104 -1,
106 104 107 -1,
106 107 108 -1,
109 106 108 -1,
110 109 108 -1,
110 108 111 -1,
110 111 112 -1,
113 110 112 -1,
114 113 112 -1,
114 112 115 -1,
114 115 116 -1,
117 114 116 -1,
118 116 119 -1,
118 119 120 -1,
118 117 116 -1,
121 118 120 -1,
122 120 123 -1,
122 121 120 -1,
124 122 123 -1,
124 123 125 -1,
124 125 126 -1,
127 124 126 -1,
128 127 126 -1,
128 126 129 -1,
130 128 129 -1,
130 129 131 -1,
132 130 131 -1,
132 131 133 -1,
134 132 133 -1,
134 133 135 -1,
136 134 135 -1,
136 135 137 -1,
138 136 137 -1,
138 137 139 -1,
140 138 139 -1,
140 139 141 -1,
142 140 141 -1,
142 141 143 -1,
144 142 143 -1,
144 143 145 -1,
146 144 145 -1,
146 145 147 -1,
148 146 147 -1,
148 147 149 -1,
150 149 151 -1,
150 148 149 -1,
152 151 153 -1,
152 150 151 -1,
154 153 155 -1,
154 152 153 -1,
156 155 157 -1,
156 154 155 -1,
158 157 159 -1,
158 156 157 -1,
160 159 161 -1,
160 158 159 -1,
162 161 163 -1,
162 160 161 -1,
164 163 165 -1,
164 162 163 -1,
166 165 167 -1,
166 164 165 -1,
168 167 169 -1,
168 166 167 -1,
170 169 171 -1,
170 168 169 -1,
172 171 173 -1,
172 170 171 -1,
174 173 175 -1,
174 172 173 -1,
176 174 175 -1,
176 175 177 -1,
178 176 177 -1,
178 177 179 -1,
180 178 179 -1,
180 179 181 -1,
182 180 181 -1,
182 181 183 -1,
184 183 185 -1,
184 182 183 -1,
186 185 187 -1,
186 184 185 -1,
188 187 189 -1,
188 186 187 -1,
190 189 191 -1,
190 188 189 -1,
192 191 193 -1,
192 190 191 -1,
194 193 195 -1,
194 192 193 -1,
196 195 197 -1,
196 194 195 -1,
198 197 199 -1,
198 196 197 -1,
200 199 201 -1,
200 198 199 -1,
202 201 203 -1,
202 203 204 -1,
202 200 201 -1,
205 202 204 -1,
206 204 207 -1,
206 205 204 -1,
208 207 209 -1,
208 206 207 -1,
210 209 211 -1,
210 208 209 -1,
212 211 213 -1,
212 213 214 -1,
212 210 211 -1,
215 212 214 -1,
216 214 217 -1,
216 215 214 -1,
218 217 219 -1,
218 216 217 -1,
220 219 221 -1,
220 218 219 -1,
222 221 223 -1,
222 220 221 -1,
224 222 223 -1,
224 223 225 -1,
226 224 225 -1,
226 225 227 -1,
228 226 227 -1,
228 227 229 -1,
230 228 229 -1,
230 229 231 -1,
232 230 231 -1,
232 231 233 -1,
234 232 233 -1,
234 233 235 -1,
236 234 235 -1,
236 235 237 -1,
238 236 237 -1,
238 237 239 -1,
240 238 239 -1,
240 239 241 -1,
240 241 242 -1,
243 240 242 -1,
244 243 242 -1,
244 242 245 -1,
246 244 245 -1,
246 245 247 -1,
248 246 247 -1,
248 247 249 -1,
250 249 251 -1,
250 248 249 -1,
250 251 2 -1,
1 250 2 -1,
12 8 11 -1,
50 53 54 -1,
44 46 48 -1,
20 14 16 -1,
20 16 19 -1,
40 42 44 -1,
36 38 40 -1,
208 205 206 -1,
28 25 26 -1,
32 1 0 -1,
32 0 4 -1,
32 4 6 -1,
32 6 8 -1,
32 12 14 -1,
32 20 22 -1,
32 22 25 -1,
32 28 31 -1,
32 34 36 -1,
32 48 50 -1,
32 54 56 -1,
32 56 59 -1,
32 59 60 -1,
32 60 62 -1,
32 62 64 -1,
32 64 67 -1,
32 67 68 -1,
32 68 71 -1,
32 71 72 -1,
32 72 74 -1,
32 74 77 -1,
32 77 78 -1,
32 78 81 -1,
32 81 82 -1,
32 82 84 -1,
32 84 86 -1,
32 86 89 -1,
32 89 90 -1,
32 99 100 -1,
32 100 103 -1,
32 103 105 -1,
32 105 106 -1,
32 106 109 -1,
32 109 110 -1,
32 110 113 -1,
32 113 114 -1,
32 114 117 -1,
32 117 118 -1,
32 118 121 -1,
32 121 122 -1,
32 122 124 -1,
32 124 127 -1,
32 127 128 -1,
32 128 130 -1,
32 130 132 -1,
32 132 134 -1,
32 134 136 -1,
32 136 138 -1,
32 138 140 -1,
32 140 142 -1,
32 142 144 -1,
32 144 146 -1,
32 146 148 -1,
32 148 150 -1,
32 150 152 -1,
32 152 154 -1,
32 154 156 -1,
32 156 158 -1,
32 158 160 -1,
32 160 162 -1,
32 162 164 -1,
32 164 166 -1,
32 166 168 -1,
32 168 170 -1,
32 170 172 -1,
32 172 174 -1,
32 174 176 -1,
32 176 178 -1,
32 178 180 -1,
32 180 182 -1,
32 182 184 -1,
32 184 186 -1,
32 186 188 -1,
32 188 190 -1,
32 190 192 -1,
32 192 194 -1,
32 194 196 -1,
32 196 198 -1,
32 198 200 -1,
32 200 202 -1,
32 202 205 -1,
32 208 210 -1,
32 210 212 -1,
32 212 215 -1,
32 215 216 -1,
32 216 218 -1,
32 218 220 -1,
32 220 222 -1,
32 238 240 -1,
32 240 243 -1,
32 243 244 -1,
32 95 99 -1,
32 205 208 -1,
32 90 95 -1,
32 36 40 -1,
32 228 234 -1,
32 222 228 -1,
32 25 28 -1,
32 234 238 -1,
32 244 1 -1,
32 8 12 -1,
32 44 48 -1,
32 50 54 -1,
32 40 44 -1,
32 14 20 -1,
95 96 99 -1,
90 93 95 -1,
228 222 224 -1,
228 224 226 -1,
234 228 230 -1,
234 230 232 -1,
238 234 236 -1,
248 244 246 -1,
1 244 248 -1,
1 248 250 -1,
9 13 10 -1,
52 51 55 -1,
47 45 49 -1,
15 21 17 -1,
17 21 18 -1,
43 41 45 -1,
39 37 41 -1,
204 209 207 -1,
24 29 27 -1,
2 33 3 -1,
3 33 5 -1,
5 33 7 -1,
7 33 9 -1,
13 33 15 -1,
21 33 23 -1,
23 33 24 -1,
29 33 30 -1,
35 33 37 -1,
49 33 51 -1,
55 33 57 -1,
57 33 58 -1,
58 33 61 -1,
61 33 63 -1,
63 33 65 -1,
65 33 66 -1,
66 33 69 -1,
69 33 70 -1,
70 33 73 -1,
73 33 75 -1,
75 33 76 -1,
76 33 79 -1,
79 33 80 -1,
80 33 83 -1,
83 33 85 -1,
85 33 87 -1,
87 33 88 -1,
88 33 91 -1,
98 33 101 -1,
101 33 102 -1,
102 33 104 -1,
104 33 107 -1,
107 33 108 -1,
108 33 111 -1,
111 33 112 -1,
112 33 115 -1,
115 33 116 -1,
116 33 119 -1,
119 33 120 -1,
120 33 123 -1,
123 33 125 -1,
125 33 126 -1,
126 33 129 -1,
129 33 131 -1,
131 33 133 -1,
133 33 135 -1,
135 33 137 -1,
137 33 139 -1,
139 33 141 -1,
141 33 143 -1,
143 33 145 -1,
145 33 147 -1,
147 33 149 -1,
149 33 151 -1,
151 33 153 -1,
153 33 155 -1,
155 33 157 -1,
157 33 159 -1,
159 33 161 -1,
161 33 163 -1,
163 33 165 -1,
165 33 167 -1,
167 33 169 -1,
169 33 171 -1,
171 33 173 -1,
173 33 175 -1,
175 33 177 -1,
177 33 179 -1,
179 33 181 -1,
181 33 183 -1,
183 33 185 -1,
185 33 187 -1,
187 33 189 -1,
189 33 191 -1,
191 33 193 -1,
193 33 195 -1,
195 33 197 -1,
197 33 199 -1,
199 33 201 -1,
201 33 203 -1,
203 33 204 -1,
209 33 211 -1,
211 33 213 -1,
213 33 214 -1,
214 33 217 -1,
217 33 219 -1,
219 33 221 -1,
221 33 223 -1,
239 33 241 -1,
241 33 242 -1,
242 33 245 -1,
94 33 98 -1,
204 33 209 -1,
91 33 94 -1,
37 33 41 -1,
229 33 235 -1,
223 33 229 -1,
24 33 29 -1,
235 33 239 -1,
245 33 2 -1,
9 33 13 -1,
45 33 49 -1,
51 33 55 -1,
41 33 45 -1,
15 33 21 -1,
97 94 98 -1,
92 91 94 -1,
223 229 225 -1,
225 229 227 -1,
229 235 231 -1,
231 235 233 -1,
235 239 237 -1,
245 249 247 -1,
245 2 249 -1,
249 2 251 -1 ] } }
