#VRML V2.0 utf8
# Project-owned nominal model; units 0.1 inch for KiCad.
Shape { appearance Appearance { material Material { diffuseColor 0.055 0.06 0.065 } } geometry IndexedFaceSet { solid FALSE coord Coordinate { point [ -0.500000 0.500000 0.000000,
-0.500000 -7.500000 0.000000,
-0.500000 0.500000 2.047244,
-0.500000 -7.500000 2.047244,
3.500000 -7.500000 0.000000,
3.500000 -7.500000 2.047244,
3.026925 -0.214855 2.047244,
3.016182 -0.215930 2.047244,
3.016182 -0.784070 2.047244,
3.026925 -0.785145 2.047244,
-0.158732 -7.147281 2.047244,
-0.151193 -7.155011 2.047244,
-0.143278 -7.162354 2.047244,
-0.165876 -7.139186 2.047244,
-0.135008 -7.169294 2.047244,
-0.172607 -7.130745 2.047244,
2.785883 0.032273 2.047244,
2.566929 -0.118110 2.047244,
2.784541 0.021560 2.047244,
3.037601 -0.213246 2.047244,
-0.126401 -7.175813 2.047244,
-0.178910 -7.121979 2.047244,
-0.117480 -7.181895 2.047244,
-0.184768 -7.112909 2.047244,
3.037601 -0.786754 2.047244,
3.048184 -0.788894 2.047244,
2.787758 0.042906 2.047244,
-0.108268 -7.187525 2.047244,
-0.190166 -7.103559 2.047244,
-0.098786 -7.192689 2.047244,
-0.195092 -7.093951 2.047244,
-0.089058 -7.197373 2.047244,
3.048184 -0.211106 2.047244,
2.790160 0.053432 2.047244,
-0.199532 -7.084110 2.047244,
-0.079109 -7.201567 2.047244,
-0.203477 -7.074059 2.047244,
3.058647 -0.208442 2.047244,
-0.068964 -7.205260 2.047244,
-0.206915 -7.063825 2.047244,
3.058647 -0.791558 2.047244,
3.068964 -0.794740 2.047244,
2.793085 0.063825 2.047244,
3.068964 -0.205260 2.047244,
-0.058647 -7.208442 2.047244,
-0.209840 -7.053432 2.047244,
-0.048184 -7.211106 2.047244,
2.796523 0.074059 2.047244,
-0.212242 -7.042906 2.047244,
-0.037601 -7.213246 2.047244,
-0.214117 -7.032273 2.047244,
3.079109 -0.201567 2.047244,
3.079109 -0.798433 2.047244,
3.089058 -0.802627 2.047244,
2.800468 0.084110 2.047244,
-0.026925 -7.214855 2.047244,
-0.215459 -7.021560 2.047244,
-0.016182 -7.215930 2.047244,
3.089058 -0.197373 2.047244,
-0.216266 -7.010793 2.047244,
-0.005398 -7.216468 2.047244,
-0.216535 -7.000000 2.047244,
0.005398 -7.216468 2.047244,
2.804908 0.093951 2.047244,
3.098786 -0.192689 2.047244,
-0.216266 -6.989207 2.047244,
0.016182 -7.215930 2.047244,
-0.215459 -6.978440 2.047244,
3.098786 -0.807311 2.047244,
2.809834 0.103559 2.047244,
0.026925 -7.214855 2.047244,
-0.214117 -6.967727 2.047244,
0.037601 -7.213246 2.047244,
3.108268 -0.187525 2.047244,
-0.212242 -6.957094 2.047244,
0.048184 -7.211106 2.047244,
-0.209840 -6.946568 2.047244,
3.108268 -0.812475 2.047244,
2.815232 0.112909 2.047244,
0.058647 -7.208442 2.047244,
-0.206915 -6.936175 2.047244,
3.117480 -0.181895 2.047244,
3.117480 -0.818105 2.047244,
2.821090 0.121979 2.047244,
0.068964 -7.205260 2.047244,
0.079109 -7.201567 2.047244,
3.126401 -0.175813 2.047244,
3.126401 -0.824187 2.047244,
2.827393 0.130745 2.047244,
3.135008 -0.169294 2.047244,
3.135008 -0.830706 2.047244,
2.834124 0.139186 2.047244,
0.433071 -0.118110 2.047244,
0.165876 0.139186 2.047244,
3.143278 -0.162354 2.047244,
3.143278 -0.837646 2.047244,
2.841268 0.147281 2.047244,
0.158732 0.147281 2.047244,
0.151193 0.155011 2.047244,
3.151193 -0.155011 2.047244,
3.151193 -0.844989 2.047244,
2.848807 0.155011 2.047244,
0.143278 0.162354 2.047244,
3.158732 -0.147281 2.047244,
3.158732 -0.852719 2.047244,
3.165876 -0.860814 2.047244,
2.856722 0.162354 2.047244,
3.165876 -0.139186 2.047244,
2.864992 0.169294 2.047244,
0.135008 0.169294 2.047244,
0.126401 0.175813 2.047244,
3.172607 -0.130745 2.047244,
3.172607 -0.869255 2.047244,
3.178910 -0.878021 2.047244,
2.873599 0.175813 2.047244,
3.178910 -0.121979 2.047244,
2.882520 0.181895 2.047244,
0.117480 0.181895 2.047244,
3.184768 -0.112909 2.047244,
3.184768 -0.887091 2.047244,
2.891732 0.187525 2.047244,
0.108268 0.187525 2.047244,
0.098786 0.192689 2.047244,
3.190166 -0.103559 2.047244,
3.190166 -0.896441 2.047244,
2.901214 0.192689 2.047244,
3.195092 -0.093951 2.047244,
3.195092 -0.906049 2.047244,
2.910942 0.197373 2.047244,
0.089058 0.197373 2.047244,
3.199532 -0.084110 2.047244,
3.199532 -0.915890 2.047244,
3.203477 -0.925941 2.047244,
2.920891 0.201567 2.047244,
0.079109 0.201567 2.047244,
3.203477 -0.074059 2.047244,
3.206915 -0.936175 2.047244,
3.206915 -0.063825 2.047244,
0.433071 -6.881890 2.047244,
0.216266 -6.989207 2.047244,
0.216535 -7.000000 2.047244,
0.215459 -6.978440 2.047244,
0.214117 -6.967727 2.047244,
0.212242 -6.957094 2.047244,
0.209840 -6.946568 2.047244,
0.206915 -6.936175 2.047244,
0.203477 -6.925941 2.047244,
0.199532 -6.915890 2.047244,
0.195092 -6.906049 2.047244,
0.190166 -6.896441 2.047244,
0.184768 -6.887091 2.047244,
0.172607 -7.130745 2.047244,
0.165876 -7.139186 2.047244,
0.178910 -6.878021 2.047244,
0.178910 -7.121979 2.047244,
0.172607 -6.869255 2.047244,
0.184768 -7.112909 2.047244,
0.165876 -6.860814 2.047244,
0.190166 -7.103559 2.047244,
0.158732 -6.852719 2.047244,
0.195092 -7.093951 2.047244,
0.151193 -6.844989 2.047244,
0.199532 -7.084110 2.047244,
0.143278 -6.837646 2.047244,
0.203477 -7.074059 2.047244,
0.135008 -6.830706 2.047244,
0.206915 -7.063825 2.047244,
0.126401 -6.824187 2.047244,
0.209840 -7.053432 2.047244,
0.212242 -7.042906 2.047244,
0.214117 -7.032273 2.047244,
0.215459 -7.021560 2.047244,
0.216266 -7.010793 2.047244,
3.500000 0.500000 2.047244,
3.212242 -0.042906 2.047244,
3.209840 -0.053432 2.047244,
3.108268 0.187525 2.047244,
3.117480 0.181895 2.047244,
3.214117 -0.032273 2.047244,
3.098786 0.192689 2.047244,
-0.158732 -6.147281 2.047244,
-0.151193 -6.844989 2.047244,
-0.151193 -6.155011 2.047244,
-0.158732 -6.852719 2.047244,
-0.143278 -6.162354 2.047244,
3.215459 -0.021560 2.047244,
3.089058 0.197373 2.047244,
3.216266 -0.010793 2.047244,
3.079109 0.201567 2.047244,
3.216535 -0.000000 2.047244,
3.068964 0.205260 2.047244,
3.058647 0.208442 2.047244,
3.048184 0.211106 2.047244,
3.037601 0.213246 2.047244,
3.026925 0.214855 2.047244,
3.016182 0.215930 2.047244,
3.005398 0.216468 2.047244,
2.994602 0.216468 2.047244,
2.983818 0.215930 2.047244,
2.973075 0.214855 2.047244,
2.962399 0.213246 2.047244,
2.951816 0.211106 2.047244,
2.941353 0.208442 2.047244,
2.931036 0.205260 2.047244,
3.216266 -1.989207 2.047244,
3.216535 -2.000000 2.047244,
3.216266 -0.989207 2.047244,
3.216535 -1.000000 2.047244,
3.215459 -0.978440 2.047244,
3.214117 -0.967727 2.047244,
3.212242 -0.957094 2.047244,
3.209840 -0.946568 2.047244,
3.216266 -1.010793 2.047244,
-0.143278 -6.837646 2.047244,
-0.165876 -6.139186 2.047244,
-0.165876 -6.860814 2.047244,
3.216266 0.010793 2.047244,
3.215459 0.021560 2.047244,
3.214117 0.032273 2.047244,
3.212242 0.042906 2.047244,
3.209840 0.053432 2.047244,
3.206915 0.063825 2.047244,
3.203477 0.074059 2.047244,
3.199532 0.084110 2.047244,
3.195092 0.093951 2.047244,
3.190166 0.103559 2.047244,
3.184768 0.112909 2.047244,
3.178910 0.121979 2.047244,
3.172607 0.130745 2.047244,
3.165876 0.139186 2.047244,
3.158732 0.147281 2.047244,
3.151193 0.155011 2.047244,
3.143278 0.162354 2.047244,
3.135008 0.169294 2.047244,
3.126401 0.175813 2.047244,
-0.216535 -5.000000 2.047244,
-0.216266 -5.010793 2.047244,
-0.216266 -4.989207 2.047244,
-0.216266 -4.010793 2.047244,
-0.216535 -4.000000 2.047244,
-0.216266 -3.989207 2.047244,
-0.216266 -3.010793 2.047244,
-0.216535 -3.000000 2.047244,
-0.216266 -2.989207 2.047244,
-0.135008 -6.169294 2.047244,
-0.135008 -6.830706 2.047244,
-0.216266 -2.010793 2.047244,
-0.216535 -2.000000 2.047244,
3.216266 -2.010793 2.047244,
3.216266 -2.989207 2.047244,
3.216535 -3.000000 2.047244,
3.216266 -3.010793 2.047244,
3.216266 -3.989207 2.047244,
3.216535 -4.000000 2.047244,
3.216266 -4.010793 2.047244,
3.216266 -4.989207 2.047244,
3.216535 -5.000000 2.047244,
3.216266 -5.010793 2.047244,
0.216535 -1.000000 2.047244,
0.216266 -0.989207 2.047244,
0.215459 -0.978440 2.047244,
0.216266 -1.010793 2.047244,
0.215459 -1.021560 2.047244,
0.214117 -1.032273 2.047244,
0.212242 -1.042906 2.047244,
0.209840 -1.053432 2.047244,
0.206915 -1.063825 2.047244,
0.216266 -1.989207 2.047244,
0.215459 -1.978440 2.047244,
0.214117 -1.967727 2.047244,
0.212242 -1.957094 2.047244,
0.209840 -1.946568 2.047244,
0.206915 -1.936175 2.047244,
0.216535 -2.000000 2.047244,
0.216266 -2.010793 2.047244,
0.215459 -2.021560 2.047244,
0.214117 -2.032273 2.047244,
-0.172607 -6.130745 2.047244,
-0.172607 -6.869255 2.047244,
0.212242 -2.042906 2.047244,
0.209840 -2.053432 2.047244,
0.206915 -2.063825 2.047244,
0.216266 -2.989207 2.047244,
0.215459 -2.978440 2.047244,
0.214117 -2.967727 2.047244,
0.212242 -2.957094 2.047244,
0.209840 -2.946568 2.047244,
0.206915 -2.936175 2.047244,
0.216535 -3.000000 2.047244,
0.216266 -3.010793 2.047244,
0.215459 -3.021560 2.047244,
0.214117 -3.032273 2.047244,
0.212242 -3.042906 2.047244,
0.209840 -3.053432 2.047244,
0.206915 -3.063825 2.047244,
0.216266 -3.989207 2.047244,
0.215459 -3.978440 2.047244,
0.214117 -3.967727 2.047244,
0.212242 -3.957094 2.047244,
0.209840 -3.946568 2.047244,
0.206915 -3.936175 2.047244,
0.216535 -4.000000 2.047244,
0.216266 -4.010793 2.047244,
0.215459 -4.021560 2.047244,
0.214117 -4.032273 2.047244,
0.212242 -4.042906 2.047244,
0.209840 -4.053432 2.047244,
0.206915 -4.063825 2.047244,
0.215459 -4.978440 2.047244,
0.214117 -4.967727 2.047244,
0.212242 -4.957094 2.047244,
-0.126401 -6.175813 2.047244,
-0.126401 -6.824187 2.047244,
-0.178910 -6.121979 2.047244,
-0.178910 -6.878021 2.047244,
0.209840 -4.946568 2.047244,
0.206915 -4.936175 2.047244,
0.216266 -4.989207 2.047244,
0.216535 -5.000000 2.047244,
0.216266 -5.010793 2.047244,
0.215459 -5.021560 2.047244,
0.214117 -5.032273 2.047244,
0.212242 -5.042906 2.047244,
0.209840 -5.053432 2.047244,
0.206915 -5.063825 2.047244,
0.215459 -5.978440 2.047244,
0.214117 -5.967727 2.047244,
0.212242 -5.957094 2.047244,
0.209840 -5.946568 2.047244,
0.206915 -5.936175 2.047244,
0.216266 -5.989207 2.047244,
0.216535 -6.000000 2.047244,
0.216266 -6.010793 2.047244,
0.215459 -6.021560 2.047244,
2.566929 -6.881890 2.047244,
2.783465 -6.000000 2.047244,
2.783734 -6.010793 2.047244,
2.784541 -6.021560 2.047244,
2.783734 -5.989207 2.047244,
2.784541 -5.978440 2.047244,
2.785883 -5.967727 2.047244,
2.787758 -5.957094 2.047244,
2.790160 -5.946568 2.047244,
2.793085 -5.936175 2.047244,
2.783734 -5.010793 2.047244,
2.784541 -5.021560 2.047244,
2.785883 -5.032273 2.047244,
2.787758 -5.042906 2.047244,
-0.117480 -6.181895 2.047244,
-0.117480 -6.818105 2.047244,
-0.184768 -6.112909 2.047244,
-0.184768 -6.887091 2.047244,
2.790160 -5.053432 2.047244,
2.793085 -5.063825 2.047244,
2.783465 -5.000000 2.047244,
2.783734 -4.989207 2.047244,
2.784541 -4.978440 2.047244,
2.785883 -4.967727 2.047244,
2.787758 -4.957094 2.047244,
2.790160 -4.946568 2.047244,
2.793085 -4.936175 2.047244,
2.783734 -4.010793 2.047244,
2.784541 -4.021560 2.047244,
2.785883 -4.032273 2.047244,
2.787758 -4.042906 2.047244,
2.790160 -4.053432 2.047244,
2.793085 -4.063825 2.047244,
2.783465 -4.000000 2.047244,
2.783734 -3.989207 2.047244,
2.784541 -3.978440 2.047244,
2.785883 -3.967727 2.047244,
2.787758 -3.957094 2.047244,
2.790160 -3.946568 2.047244,
2.793085 -3.936175 2.047244,
2.783734 -3.010793 2.047244,
2.784541 -3.021560 2.047244,
2.785883 -3.032273 2.047244,
2.787758 -3.042906 2.047244,
2.790160 -3.053432 2.047244,
2.793085 -3.063825 2.047244,
2.783465 -3.000000 2.047244,
2.783734 -2.989207 2.047244,
2.784541 -2.978440 2.047244,
2.785883 -2.967727 2.047244,
-0.108268 -6.187525 2.047244,
-0.108268 -6.812475 2.047244,
2.787758 -2.957094 2.047244,
2.790160 -2.946568 2.047244,
2.793085 -2.936175 2.047244,
2.784541 -2.021560 2.047244,
2.785883 -2.032273 2.047244,
2.787758 -2.042906 2.047244,
2.790160 -2.053432 2.047244,
2.793085 -2.063825 2.047244,
2.783734 -2.010793 2.047244,
2.783465 -2.000000 2.047244,
2.783734 -1.989207 2.047244,
2.784541 -1.978440 2.047244,
2.785883 -1.967727 2.047244,
2.787758 -1.957094 2.047244,
2.790160 -1.946568 2.047244,
2.793085 -1.936175 2.047244,
2.784541 -1.021560 2.047244,
2.785883 -1.032273 2.047244,
2.787758 -1.042906 2.047244,
2.790160 -1.053432 2.047244,
2.793085 -1.063825 2.047244,
2.783734 -1.010793 2.047244,
2.783465 -1.000000 2.047244,
2.783734 -0.989207 2.047244,
2.784541 -0.978440 2.047244,
-0.190166 -6.103559 2.047244,
-0.190166 -6.896441 2.047244,
-0.098786 -6.192689 2.047244,
-0.098786 -6.807311 2.047244,
-0.195092 -6.093951 2.047244,
-0.195092 -6.906049 2.047244,
-0.089058 -6.197373 2.047244,
-0.089058 -6.802627 2.047244,
-0.199532 -6.084110 2.047244,
-0.199532 -6.915890 2.047244,
-0.079109 -6.201567 2.047244,
-0.079109 -6.798433 2.047244,
-0.203477 -6.074059 2.047244,
-0.203477 -6.925941 2.047244,
-0.068964 -6.205260 2.047244,
-0.068964 -6.794740 2.047244,
-0.206915 -6.063825 2.047244,
-0.058647 -6.208442 2.047244,
-0.058647 -6.791558 2.047244,
-0.209840 -6.053432 2.047244,
-0.048184 -6.211106 2.047244,
-0.048184 -6.788894 2.047244,
-0.212242 -6.042906 2.047244,
-0.037601 -6.213246 2.047244,
-0.037601 -6.786754 2.047244,
-0.214117 -6.032273 2.047244,
-0.026925 -6.214855 2.047244,
-0.026925 -6.785145 2.047244,
-0.215459 -6.021560 2.047244,
-0.016182 -6.215930 2.047244,
-0.016182 -6.784070 2.047244,
-0.216266 -6.010793 2.047244,
-0.005398 -6.216468 2.047244,
-0.005398 -6.783532 2.047244,
-0.216535 -6.000000 2.047244,
0.005398 -6.216468 2.047244,
0.005398 -6.783532 2.047244,
-0.216266 -5.989207 2.047244,
0.016182 -6.215930 2.047244,
0.016182 -6.784070 2.047244,
0.026925 -6.214855 2.047244,
0.026925 -6.785145 2.047244,
0.037601 -6.213246 2.047244,
0.037601 -6.786754 2.047244,
0.048184 -6.211106 2.047244,
0.048184 -6.788894 2.047244,
0.058647 -6.791558 2.047244,
0.058647 -6.208442 2.047244,
0.068964 -6.794740 2.047244,
0.068964 -6.205260 2.047244,
0.079109 -6.798433 2.047244,
0.079109 -6.201567 2.047244,
0.089058 -6.197373 2.047244,
0.089058 -6.802627 2.047244,
0.098786 -6.807311 2.047244,
0.098786 -6.192689 2.047244,
0.108268 -6.187525 2.047244,
0.108268 -6.812475 2.047244,
0.117480 -6.181895 2.047244,
0.117480 -6.818105 2.047244,
0.126401 -6.175813 2.047244,
0.135008 -6.169294 2.047244,
0.143278 -6.162354 2.047244,
0.151193 -6.155011 2.047244,
0.158732 -6.147281 2.047244,
0.165876 -6.139186 2.047244,
0.172607 -6.130745 2.047244,
0.178910 -6.121979 2.047244,
0.184768 -6.112909 2.047244,
0.190166 -6.103559 2.047244,
0.195092 -6.093951 2.047244,
0.199532 -6.084110 2.047244,
0.203477 -6.074059 2.047244,
0.206915 -6.063825 2.047244,
0.209840 -6.053432 2.047244,
0.212242 -6.042906 2.047244,
0.214117 -6.032273 2.047244,
-0.158732 -5.147281 2.047244,
-0.158732 -5.852719 2.047244,
-0.151193 -5.844989 2.047244,
-0.151193 -5.155011 2.047244,
-0.165876 -5.860814 2.047244,
-0.143278 -5.162354 2.047244,
-0.143278 -5.837646 2.047244,
-0.165876 -5.139186 2.047244,
-0.135008 -5.169294 2.047244,
-0.135008 -5.830706 2.047244,
-0.172607 -5.130745 2.047244,
-0.172607 -5.869255 2.047244,
-0.126401 -5.175813 2.047244,
-0.126401 -5.824187 2.047244,
-0.178910 -5.121979 2.047244,
-0.178910 -5.878021 2.047244,
-0.117480 -5.181895 2.047244,
-0.117480 -5.818105 2.047244,
-0.184768 -5.112909 2.047244,
-0.184768 -5.887091 2.047244,
-0.108268 -5.187525 2.047244,
-0.108268 -5.812475 2.047244,
-0.190166 -5.103559 2.047244,
-0.190166 -5.896441 2.047244,
-0.195092 -5.906049 2.047244,
-0.098786 -5.192689 2.047244,
-0.098786 -5.807311 2.047244,
-0.195092 -5.093951 2.047244,
-0.089058 -5.197373 2.047244,
-0.089058 -5.802627 2.047244,
-0.199532 -5.084110 2.047244,
-0.199532 -5.915890 2.047244,
-0.203477 -5.925941 2.047244,
-0.079109 -5.201567 2.047244,
-0.079109 -5.798433 2.047244,
-0.203477 -5.074059 2.047244,
-0.068964 -5.205260 2.047244,
-0.068964 -5.794740 2.047244,
-0.206915 -5.063825 2.047244,
-0.206915 -5.936175 2.047244,
-0.058647 -5.208442 2.047244,
-0.058647 -5.791558 2.047244,
-0.209840 -5.053432 2.047244,
-0.209840 -5.946568 2.047244,
-0.048184 -5.211106 2.047244,
-0.048184 -5.788894 2.047244,
-0.037601 -5.786754 2.047244,
-0.212242 -5.042906 2.047244,
-0.212242 -5.957094 2.047244,
-0.037601 -5.213246 2.047244,
-0.214117 -5.032273 2.047244,
-0.214117 -5.967727 2.047244,
-0.026925 -5.214855 2.047244,
-0.026925 -5.785145 2.047244,
-0.016182 -5.784070 2.047244,
-0.215459 -5.021560 2.047244,
-0.215459 -5.978440 2.047244,
-0.016182 -5.215930 2.047244,
-0.005398 -5.216468 2.047244,
-0.005398 -5.783532 2.047244,
0.005398 -5.216468 2.047244,
0.005398 -5.783532 2.047244,
0.016182 -5.215930 2.047244,
0.016182 -5.784070 2.047244,
0.026925 -5.214855 2.047244,
0.026925 -5.785145 2.047244,
0.037601 -5.213246 2.047244,
0.037601 -5.786754 2.047244,
0.048184 -5.788894 2.047244,
0.048184 -5.211106 2.047244,
0.058647 -5.208442 2.047244,
0.058647 -5.791558 2.047244,
0.068964 -5.205260 2.047244,
0.068964 -5.794740 2.047244,
0.079109 -5.798433 2.047244,
0.079109 -5.201567 2.047244,
0.089058 -5.197373 2.047244,
0.089058 -5.802627 2.047244,
0.098786 -5.807311 2.047244,
0.098786 -5.192689 2.047244,
0.108268 -5.812475 2.047244,
0.108268 -5.187525 2.047244,
0.117480 -5.181895 2.047244,
0.117480 -5.818105 2.047244,
0.126401 -5.824187 2.047244,
0.126401 -5.175813 2.047244,
0.135008 -5.169294 2.047244,
0.135008 -5.830706 2.047244,
0.143278 -5.837646 2.047244,
0.143278 -5.162354 2.047244,
0.151193 -5.155011 2.047244,
0.151193 -5.844989 2.047244,
0.158732 -5.852719 2.047244,
0.158732 -5.147281 2.047244,
0.165876 -5.860814 2.047244,
0.165876 -5.139186 2.047244,
0.172607 -5.130745 2.047244,
0.172607 -5.869255 2.047244,
0.178910 -5.121979 2.047244,
0.178910 -5.878021 2.047244,
0.184768 -5.887091 2.047244,
0.184768 -5.112909 2.047244,
0.190166 -5.896441 2.047244,
0.190166 -5.103559 2.047244,
0.195092 -5.093951 2.047244,
0.195092 -5.906049 2.047244,
0.199532 -5.915890 2.047244,
0.199532 -5.084110 2.047244,
0.203477 -5.925941 2.047244,
0.203477 -5.074059 2.047244,
-0.158732 -4.147281 2.047244,
-0.158732 -4.852719 2.047244,
-0.151193 -4.844989 2.047244,
-0.151193 -4.155011 2.047244,
2.841268 -7.147281 2.047244,
0.158732 -7.147281 2.047244,
0.151193 -7.155011 2.047244,
2.848807 -7.155011 2.047244,
2.856722 -7.162354 2.047244,
0.143278 -7.162354 2.047244,
-0.143278 -4.162354 2.047244,
-0.143278 -4.837646 2.047244,
2.834124 -7.139186 2.047244,
-0.165876 -4.139186 2.047244,
-0.165876 -4.860814 2.047244,
2.864992 -7.169294 2.047244,
0.135008 -7.169294 2.047244,
-0.135008 -4.169294 2.047244,
-0.135008 -4.830706 2.047244,
-0.126401 -4.824187 2.047244,
-0.172607 -4.130745 2.047244,
-0.172607 -4.869255 2.047244,
2.827393 -7.130745 2.047244,
2.873599 -7.175813 2.047244,
0.126401 -7.175813 2.047244,
0.117480 -7.181895 2.047244,
-0.126401 -4.175813 2.047244,
2.821090 -7.121979 2.047244,
-0.178910 -4.121979 2.047244,
-0.178910 -4.878021 2.047244,
-0.184768 -4.887091 2.047244,
2.882520 -7.181895 2.047244,
-0.117480 -4.181895 2.047244,
-0.117480 -4.818105 2.047244,
2.815232 -7.112909 2.047244,
-0.184768 -4.112909 2.047244,
2.891732 -7.187525 2.047244,
0.108268 -7.187525 2.047244,
-0.108268 -4.187525 2.047244,
-0.108268 -4.812475 2.047244,
-0.190166 -4.103559 2.047244,
-0.190166 -4.896441 2.047244,
2.809834 -7.103559 2.047244,
2.901214 -7.192689 2.047244,
0.098786 -7.192689 2.047244,
0.089058 -7.197373 2.047244,
-0.098786 -4.192689 2.047244,
-0.098786 -4.807311 2.047244,
2.804908 -7.093951 2.047244,
-0.195092 -4.093951 2.047244,
-0.195092 -4.906049 2.047244,
-0.199532 -4.915890 2.047244,
2.910942 -7.197373 2.047244,
-0.089058 -4.197373 2.047244,
-0.089058 -4.802627 2.047244,
2.800468 -7.084110 2.047244,
-0.199532 -4.084110 2.047244,
2.920891 -7.201567 2.047244,
-0.079109 -4.201567 2.047244,
-0.079109 -4.798433 2.047244,
-0.203477 -4.074059 2.047244,
-0.203477 -4.925941 2.047244,
2.796523 -7.074059 2.047244,
-0.068964 -4.205260 2.047244,
-0.068964 -4.794740 2.047244,
2.793085 -7.063825 2.047244,
-0.206915 -4.063825 2.047244,
-0.206915 -4.936175 2.047244,
-0.058647 -4.208442 2.047244,
-0.058647 -4.791558 2.047244,
-0.048184 -4.788894 2.047244,
2.790160 -7.053432 2.047244,
-0.209840 -4.053432 2.047244,
-0.209840 -4.946568 2.047244,
-0.048184 -4.211106 2.047244,
2.787758 -7.042906 2.047244,
-0.212242 -4.042906 2.047244,
-0.212242 -4.957094 2.047244,
-0.037601 -4.213246 2.047244,
-0.037601 -4.786754 2.047244,
2.785883 -7.032273 2.047244,
-0.214117 -4.032273 2.047244,
-0.214117 -4.967727 2.047244,
-0.215459 -4.978440 2.047244,
-0.026925 -4.214855 2.047244,
-0.026925 -4.785145 2.047244,
2.784541 -7.021560 2.047244,
-0.215459 -4.021560 2.047244,
-0.016182 -4.215930 2.047244,
-0.016182 -4.784070 2.047244,
2.783734 -7.010793 2.047244,
-0.005398 -4.216468 2.047244,
-0.005398 -4.783532 2.047244,
2.783465 -7.000000 2.047244,
0.005398 -4.216468 2.047244,
0.005398 -4.783532 2.047244,
2.783734 -6.989207 2.047244,
0.016182 -4.215930 2.047244,
0.016182 -4.784070 2.047244,
0.026925 -4.785145 2.047244,
2.784541 -6.978440 2.047244,
0.026925 -4.214855 2.047244,
2.785883 -6.967727 2.047244,
0.037601 -4.213246 2.047244,
0.037601 -4.786754 2.047244,
0.048184 -4.788894 2.047244,
2.787758 -6.957094 2.047244,
0.048184 -4.211106 2.047244,
2.790160 -6.946568 2.047244,
0.058647 -4.208442 2.047244,
0.058647 -4.791558 2.047244,
2.793085 -6.936175 2.047244,
0.068964 -4.205260 2.047244,
0.068964 -4.794740 2.047244,
2.796523 -6.925941 2.047244,
0.079109 -4.201567 2.047244,
0.079109 -4.798433 2.047244,
0.089058 -4.802627 2.047244,
2.800468 -6.915890 2.047244,
0.089058 -4.197373 2.047244,
2.804908 -6.906049 2.047244,
0.098786 -4.192689 2.047244,
0.098786 -4.807311 2.047244,
0.108268 -4.812475 2.047244,
2.809834 -6.896441 2.047244,
0.108268 -4.187525 2.047244,
2.815232 -6.887091 2.047244,
0.117480 -4.181895 2.047244,
0.117480 -4.818105 2.047244,
2.821090 -6.878021 2.047244,
0.126401 -4.175813 2.047244,
0.126401 -4.824187 2.047244,
2.827393 -6.869255 2.047244,
0.135008 -4.169294 2.047244,
0.135008 -4.830706 2.047244,
2.834124 -6.860814 2.047244,
0.143278 -4.162354 2.047244,
0.143278 -4.837646 2.047244,
2.841268 -6.852719 2.047244,
0.151193 -4.155011 2.047244,
0.151193 -4.844989 2.047244,
3.037601 -7.213246 2.047244,
3.026925 -7.214855 2.047244,
3.048184 -7.211106 2.047244,
3.058647 -7.208442 2.047244,
3.068964 -7.205260 2.047244,
3.079109 -7.201567 2.047244,
3.089058 -7.197373 2.047244,
3.098786 -7.192689 2.047244,
3.108268 -7.187525 2.047244,
3.117480 -7.181895 2.047244,
3.126401 -7.175813 2.047244,
3.135008 -7.169294 2.047244,
3.143278 -7.162354 2.047244,
3.151193 -7.155011 2.047244,
2.931036 -7.205260 2.047244,
2.941353 -7.208442 2.047244,
2.951816 -7.211106 2.047244,
2.962399 -7.213246 2.047244,
2.973075 -7.214855 2.047244,
2.983818 -7.215930 2.047244,
2.994602 -7.216468 2.047244,
3.005398 -7.216468 2.047244,
3.016182 -7.215930 2.047244,
2.848807 -6.844989 2.047244,
3.158732 -7.147281 2.047244,
0.158732 -4.147281 2.047244,
0.158732 -4.852719 2.047244,
2.856722 -6.837646 2.047244,
3.165876 -7.139186 2.047244,
0.165876 -4.139186 2.047244,
0.165876 -4.860814 2.047244,
2.864992 -6.830706 2.047244,
3.172607 -7.130745 2.047244,
0.172607 -4.130745 2.047244,
0.172607 -4.869255 2.047244,
0.178910 -4.878021 2.047244,
2.873599 -6.824187 2.047244,
0.178910 -4.121979 2.047244,
0.184768 -4.887091 2.047244,
3.178910 -7.121979 2.047244,
3.184768 -7.112909 2.047244,
0.184768 -4.112909 2.047244,
0.190166 -4.896441 2.047244,
3.190166 -7.103559 2.047244,
0.190166 -4.103559 2.047244,
3.195092 -7.093951 2.047244,
0.195092 -4.093951 2.047244,
0.195092 -4.906049 2.047244,
3.199532 -7.084110 2.047244,
0.199532 -4.084110 2.047244,
0.199532 -4.915890 2.047244,
3.203477 -7.074059 2.047244,
0.203477 -4.074059 2.047244,
0.203477 -4.925941 2.047244,
3.206915 -7.063825 2.047244,
3.209840 -7.053432 2.047244,
3.212242 -7.042906 2.047244,
3.214117 -7.032273 2.047244,
3.215459 -7.021560 2.047244,
3.216266 -7.010793 2.047244,
3.216535 -7.000000 2.047244,
3.216266 -6.989207 2.047244,
3.215459 -6.978440 2.047244,
3.214117 -6.967727 2.047244,
3.212242 -6.957094 2.047244,
3.209840 -6.946568 2.047244,
3.206915 -6.936175 2.047244,
2.841268 -6.147281 2.047244,
2.848807 -6.155011 2.047244,
-0.158732 -3.147281 2.047244,
-0.151193 -3.844989 2.047244,
-0.151193 -3.155011 2.047244,
-0.158732 -3.852719 2.047244,
-0.165876 -3.860814 2.047244,
-0.143278 -3.162354 2.047244,
-0.143278 -3.837646 2.047244,
2.856722 -6.162354 2.047244,
-0.165876 -3.139186 2.047244,
2.834124 -6.139186 2.047244,
-0.135008 -3.169294 2.047244,
-0.135008 -3.830706 2.047244,
2.864992 -6.169294 2.047244,
-0.172607 -3.130745 2.047244,
-0.172607 -3.869255 2.047244,
2.827393 -6.130745 2.047244,
2.873599 -6.175813 2.047244,
-0.126401 -3.175813 2.047244,
-0.126401 -3.824187 2.047244,
-0.117480 -3.818105 2.047244,
-0.178910 -3.121979 2.047244,
-0.178910 -3.878021 2.047244,
2.821090 -6.121979 2.047244,
-0.117480 -3.181895 2.047244,
2.882520 -6.181895 2.047244,
2.882520 -6.818105 2.047244,
-0.184768 -3.112909 2.047244,
-0.184768 -3.887091 2.047244,
2.815232 -6.112909 2.047244,
-0.108268 -3.187525 2.047244,
-0.108268 -3.812475 2.047244,
2.891732 -6.187525 2.047244,
2.891732 -6.812475 2.047244,
2.901214 -6.807311 2.047244,
-0.190166 -3.103559 2.047244,
-0.190166 -3.896441 2.047244,
2.809834 -6.103559 2.047244,
-0.098786 -3.192689 2.047244,
-0.098786 -3.807311 2.047244,
2.901214 -6.192689 2.047244,
-0.195092 -3.093951 2.047244,
-0.195092 -3.906049 2.047244,
2.804908 -6.093951 2.047244,
-0.089058 -3.197373 2.047244,
-0.089058 -3.802627 2.047244,
2.910942 -6.197373 2.047244,
2.910942 -6.802627 2.047244,
2.800468 -6.084110 2.047244,
-0.199532 -3.084110 2.047244,
-0.199532 -3.915890 2.047244,
-0.079109 -3.201567 2.047244,
-0.079109 -3.798433 2.047244,
2.920891 -6.201567 2.047244,
2.920891 -6.798433 2.047244,
-0.203477 -3.074059 2.047244,
-0.203477 -3.925941 2.047244,
2.796523 -6.074059 2.047244,
-0.068964 -3.205260 2.047244,
-0.068964 -3.794740 2.047244,
2.931036 -6.205260 2.047244,
2.931036 -6.794740 2.047244,
2.941353 -6.791558 2.047244,
-0.206915 -3.063825 2.047244,
-0.206915 -3.936175 2.047244,
2.793085 -6.063825 2.047244,
-0.058647 -3.208442 2.047244,
-0.058647 -3.791558 2.047244,
-0.048184 -3.788894 2.047244,
2.941353 -6.208442 2.047244,
-0.209840 -3.053432 2.047244,
-0.209840 -3.946568 2.047244,
2.790160 -6.053432 2.047244,
-0.048184 -3.211106 2.047244,
-0.037601 -3.786754 2.047244,
2.951816 -6.211106 2.047244,
2.951816 -6.788894 2.047244,
-0.212242 -3.042906 2.047244,
-0.212242 -3.957094 2.047244,
2.787758 -6.042906 2.047244,
-0.037601 -3.213246 2.047244,
-0.026925 -3.785145 2.047244,
2.962399 -6.213246 2.047244,
2.962399 -6.786754 2.047244,
-0.214117 -3.032273 2.047244,
-0.214117 -3.967727 2.047244,
2.785883 -6.032273 2.047244,
-0.026925 -3.214855 2.047244,
2.973075 -6.214855 2.047244,
2.973075 -6.785145 2.047244,
2.983818 -6.784070 2.047244,
-0.215459 -3.021560 2.047244,
-0.215459 -3.978440 2.047244,
-0.016182 -3.215930 2.047244,
-0.016182 -3.784070 2.047244,
2.983818 -6.215930 2.047244,
-0.005398 -3.216468 2.047244,
-0.005398 -3.783532 2.047244,
2.994602 -6.216468 2.047244,
2.994602 -6.783532 2.047244,
0.005398 -3.216468 2.047244,
0.005398 -3.783532 2.047244,
3.005398 -6.216468 2.047244,
3.005398 -6.783532 2.047244,
3.016182 -6.215930 2.047244,
3.016182 -6.784070 2.047244,
0.016182 -3.215930 2.047244,
0.016182 -3.784070 2.047244,
3.026925 -6.214855 2.047244,
3.026925 -6.785145 2.047244,
3.037601 -6.786754 2.047244,
0.026925 -3.214855 2.047244,
0.026925 -3.785145 2.047244,
0.037601 -3.213246 2.047244,
0.037601 -3.786754 2.047244,
3.037601 -6.213246 2.047244,
0.048184 -3.211106 2.047244,
0.048184 -3.788894 2.047244,
3.048184 -6.211106 2.047244,
3.048184 -6.788894 2.047244,
3.058647 -6.791558 2.047244,
0.058647 -3.208442 2.047244,
0.058647 -3.791558 2.047244,
3.058647 -6.208442 2.047244,
3.068964 -6.794740 2.047244,
0.068964 -3.205260 2.047244,
0.068964 -3.794740 2.047244,
3.068964 -6.205260 2.047244,
0.079109 -3.201567 2.047244,
0.079109 -3.798433 2.047244,
3.079109 -6.201567 2.047244,
3.079109 -6.798433 2.047244,
0.089058 -3.197373 2.047244,
0.089058 -3.802627 2.047244,
3.089058 -6.197373 2.047244,
3.089058 -6.802627 2.047244,
3.098786 -6.807311 2.047244,
0.098786 -3.192689 2.047244,
0.098786 -3.807311 2.047244,
0.108268 -3.812475 2.047244,
3.098786 -6.192689 2.047244,
0.108268 -3.187525 2.047244,
3.108268 -6.187525 2.047244,
3.108268 -6.812475 2.047244,
3.117480 -6.818105 2.047244,
0.117480 -3.181895 2.047244,
0.117480 -3.818105 2.047244,
0.126401 -3.824187 2.047244,
3.117480 -6.181895 2.047244,
0.126401 -3.175813 2.047244,
3.126401 -6.175813 2.047244,
3.126401 -6.824187 2.047244,
0.135008 -3.169294 2.047244,
0.135008 -3.830706 2.047244,
0.143278 -3.837646 2.047244,
3.135008 -6.169294 2.047244,
3.135008 -6.830706 2.047244,
3.143278 -6.837646 2.047244,
0.143278 -3.162354 2.047244,
3.143278 -6.162354 2.047244,
0.151193 -3.155011 2.047244,
0.151193 -3.844989 2.047244,
3.151193 -6.155011 2.047244,
3.151193 -6.844989 2.047244,
0.158732 -3.147281 2.047244,
0.158732 -3.852719 2.047244,
3.158732 -6.147281 2.047244,
3.158732 -6.852719 2.047244,
0.165876 -3.139186 2.047244,
0.165876 -3.860814 2.047244,
3.165876 -6.139186 2.047244,
3.165876 -6.860814 2.047244,
0.172607 -3.130745 2.047244,
0.172607 -3.869255 2.047244,
0.178910 -3.878021 2.047244,
3.172607 -6.130745 2.047244,
3.172607 -6.869255 2.047244,
0.178910 -3.121979 2.047244,
3.178910 -6.121979 2.047244,
3.178910 -6.878021 2.047244,
0.184768 -3.112909 2.047244,
0.184768 -3.887091 2.047244,
0.190166 -3.896441 2.047244,
3.184768 -6.112909 2.047244,
3.184768 -6.887091 2.047244,
3.190166 -6.896441 2.047244,
0.190166 -3.103559 2.047244,
3.190166 -6.103559 2.047244,
0.195092 -3.093951 2.047244,
0.195092 -3.906049 2.047244,
0.199532 -3.915890 2.047244,
3.195092 -6.093951 2.047244,
3.195092 -6.906049 2.047244,
0.199532 -3.084110 2.047244,
3.199532 -6.084110 2.047244,
3.199532 -6.915890 2.047244,
3.203477 -6.925941 2.047244,
0.203477 -3.074059 2.047244,
0.203477 -3.925941 2.047244,
3.203477 -6.074059 2.047244,
3.206915 -6.063825 2.047244,
3.209840 -6.053432 2.047244,
3.212242 -6.042906 2.047244,
3.214117 -6.032273 2.047244,
3.215459 -6.021560 2.047244,
3.216266 -6.010793 2.047244,
3.216535 -6.000000 2.047244,
3.216266 -5.989207 2.047244,
-0.158732 -2.147281 2.047244,
-0.151193 -2.844989 2.047244,
-0.151193 -2.155011 2.047244,
-0.158732 -2.852719 2.047244,
2.841268 -5.147281 2.047244,
2.848807 -5.844989 2.047244,
2.848807 -5.155011 2.047244,
2.841268 -5.852719 2.047244,
-0.143278 -2.162354 2.047244,
-0.143278 -2.837646 2.047244,
-0.135008 -2.830706 2.047244,
2.856722 -5.162354 2.047244,
2.856722 -5.837646 2.047244,
-0.165876 -2.139186 2.047244,
-0.165876 -2.860814 2.047244,
2.834124 -5.139186 2.047244,
2.834124 -5.860814 2.047244,
2.827393 -5.869255 2.047244,
-0.135008 -2.169294 2.047244,
2.864992 -5.169294 2.047244,
2.864992 -5.830706 2.047244,
-0.172607 -2.130745 2.047244,
-0.172607 -2.869255 2.047244,
2.827393 -5.130745 2.047244,
-0.126401 -2.175813 2.047244,
-0.126401 -2.824187 2.047244,
2.873599 -5.175813 2.047244,
2.873599 -5.824187 2.047244,
-0.178910 -2.121979 2.047244,
-0.178910 -2.878021 2.047244,
2.821090 -5.121979 2.047244,
2.821090 -5.878021 2.047244,
-0.117480 -2.181895 2.047244,
-0.117480 -2.818105 2.047244,
2.882520 -5.181895 2.047244,
2.882520 -5.818105 2.047244,
2.891732 -5.812475 2.047244,
-0.184768 -2.112909 2.047244,
-0.184768 -2.887091 2.047244,
2.815232 -5.112909 2.047244,
2.815232 -5.887091 2.047244,
2.809834 -5.896441 2.047244,
-0.108268 -2.187525 2.047244,
-0.108268 -2.812475 2.047244,
2.891732 -5.187525 2.047244,
2.901214 -5.807311 2.047244,
-0.190166 -2.103559 2.047244,
-0.190166 -2.896441 2.047244,
2.809834 -5.103559 2.047244,
-0.098786 -2.192689 2.047244,
-0.098786 -2.807311 2.047244,
2.901214 -5.192689 2.047244,
-0.195092 -2.093951 2.047244,
-0.195092 -2.906049 2.047244,
-0.199532 -2.915890 2.047244,
2.804908 -5.093951 2.047244,
2.804908 -5.906049 2.047244,
-0.089058 -2.197373 2.047244,
-0.089058 -2.802627 2.047244,
2.910942 -5.197373 2.047244,
2.910942 -5.802627 2.047244,
2.800468 -5.084110 2.047244,
2.800468 -5.915890 2.047244,
2.796523 -5.925941 2.047244,
-0.199532 -2.084110 2.047244,
-0.079109 -2.201567 2.047244,
-0.079109 -2.798433 2.047244,
-0.068964 -2.794740 2.047244,
2.920891 -5.201567 2.047244,
2.920891 -5.798433 2.047244,
-0.203477 -2.074059 2.047244,
-0.203477 -2.925941 2.047244,
2.796523 -5.074059 2.047244,
-0.068964 -2.205260 2.047244,
2.931036 -5.205260 2.047244,
2.931036 -5.794740 2.047244,
-0.206915 -2.063825 2.047244,
-0.206915 -2.936175 2.047244,
-0.058647 -2.208442 2.047244,
-0.058647 -2.791558 2.047244,
2.941353 -5.208442 2.047244,
2.941353 -5.791558 2.047244,
-0.209840 -2.053432 2.047244,
-0.209840 -2.946568 2.047244,
-0.048184 -2.211106 2.047244,
-0.048184 -2.788894 2.047244,
2.951816 -5.211106 2.047244,
2.951816 -5.788894 2.047244,
2.962399 -5.786754 2.047244,
-0.212242 -2.042906 2.047244,
-0.212242 -2.957094 2.047244,
-0.037601 -2.213246 2.047244,
-0.037601 -2.786754 2.047244,
2.962399 -5.213246 2.047244,
-0.214117 -2.032273 2.047244,
-0.214117 -2.967727 2.047244,
-0.215459 -2.978440 2.047244,
-0.026925 -2.214855 2.047244,
-0.026925 -2.785145 2.047244,
2.973075 -5.214855 2.047244,
2.973075 -5.785145 2.047244,
-0.215459 -2.021560 2.047244,
-0.016182 -2.215930 2.047244,
-0.016182 -2.784070 2.047244,
2.983818 -5.215930 2.047244,
2.983818 -5.784070 2.047244,
-0.005398 -2.216468 2.047244,
-0.005398 -2.783532 2.047244,
0.005398 -2.783532 2.047244,
2.994602 -5.216468 2.047244,
2.994602 -5.783532 2.047244,
0.005398 -2.216468 2.047244,
3.005398 -5.216468 2.047244,
3.005398 -5.783532 2.047244,
0.016182 -2.215930 2.047244,
0.016182 -2.784070 2.047244,
0.026925 -2.785145 2.047244,
3.016182 -5.215930 2.047244,
3.016182 -5.784070 2.047244,
3.026925 -5.214855 2.047244,
3.026925 -5.785145 2.047244,
0.026925 -2.214855 2.047244,
0.037601 -2.213246 2.047244,
0.037601 -2.786754 2.047244,
0.048184 -2.788894 2.047244,
3.037601 -5.213246 2.047244,
3.037601 -5.786754 2.047244,
0.048184 -2.211106 2.047244,
3.048184 -5.211106 2.047244,
3.048184 -5.788894 2.047244,
3.058647 -5.791558 2.047244,
0.058647 -2.208442 2.047244,
0.058647 -2.791558 2.047244,
3.058647 -5.208442 2.047244,
3.068964 -5.794740 2.047244,
0.068964 -2.205260 2.047244,
0.068964 -2.794740 2.047244,
3.068964 -5.205260 2.047244,
0.079109 -2.201567 2.047244,
0.079109 -2.798433 2.047244,
3.079109 -5.201567 2.047244,
3.079109 -5.798433 2.047244,
0.089058 -2.197373 2.047244,
0.089058 -2.802627 2.047244,
0.098786 -2.807311 2.047244,
3.089058 -5.197373 2.047244,
3.089058 -5.802627 2.047244,
0.098786 -2.192689 2.047244,
0.108268 -2.812475 2.047244,
3.098786 -5.192689 2.047244,
3.098786 -5.807311 2.047244,
0.108268 -2.187525 2.047244,
3.108268 -5.187525 2.047244,
3.108268 -5.812475 2.047244,
0.117480 -2.181895 2.047244,
0.117480 -2.818105 2.047244,
3.117480 -5.181895 2.047244,
3.117480 -5.818105 2.047244,
0.126401 -2.175813 2.047244,
0.126401 -2.824187 2.047244,
0.135008 -2.830706 2.047244,
3.126401 -5.175813 2.047244,
3.126401 -5.824187 2.047244,
0.135008 -2.169294 2.047244,
3.135008 -5.169294 2.047244,
3.135008 -5.830706 2.047244,
0.143278 -2.162354 2.047244,
0.143278 -2.837646 2.047244,
3.143278 -5.162354 2.047244,
3.143278 -5.837646 2.047244,
3.151193 -5.844989 2.047244,
0.151193 -2.155011 2.047244,
0.151193 -2.844989 2.047244,
3.151193 -5.155011 2.047244,
0.158732 -2.147281 2.047244,
0.158732 -2.852719 2.047244,
3.158732 -5.147281 2.047244,
3.158732 -5.852719 2.047244,
0.165876 -2.139186 2.047244,
0.165876 -2.860814 2.047244,
3.165876 -5.139186 2.047244,
3.165876 -5.860814 2.047244,
3.172607 -5.869255 2.047244,
0.172607 -2.130745 2.047244,
0.172607 -2.869255 2.047244,
0.178910 -2.878021 2.047244,
3.172607 -5.130745 2.047244,
0.178910 -2.121979 2.047244,
3.178910 -5.121979 2.047244,
3.178910 -5.878021 2.047244,
0.184768 -2.112909 2.047244,
0.184768 -2.887091 2.047244,
0.190166 -2.896441 2.047244,
3.184768 -5.112909 2.047244,
3.184768 -5.887091 2.047244,
3.190166 -5.896441 2.047244,
0.190166 -2.103559 2.047244,
3.190166 -5.103559 2.047244,
0.195092 -2.093951 2.047244,
0.195092 -2.906049 2.047244,
3.195092 -5.093951 2.047244,
3.195092 -5.906049 2.047244,
3.199532 -5.915890 2.047244,
0.199532 -2.084110 2.047244,
0.199532 -2.915890 2.047244,
3.199532 -5.084110 2.047244,
3.203477 -5.925941 2.047244,
0.203477 -2.074059 2.047244,
0.203477 -2.925941 2.047244,
3.203477 -5.074059 2.047244,
3.206915 -5.936175 2.047244,
3.206915 -5.063825 2.047244,
3.209840 -5.053432 2.047244,
3.209840 -5.946568 2.047244,
3.212242 -5.957094 2.047244,
3.212242 -5.042906 2.047244,
3.214117 -5.967727 2.047244,
3.214117 -5.032273 2.047244,
3.215459 -5.021560 2.047244,
3.215459 -5.978440 2.047244,
-0.151193 -1.155011 2.047244,
-0.151193 -1.844989 2.047244,
-0.143278 -1.837646 2.047244,
-0.158732 -1.147281 2.047244,
-0.158732 -1.852719 2.047244,
2.841268 -4.147281 2.047244,
2.841268 -4.852719 2.047244,
2.848807 -4.844989 2.047244,
2.848807 -4.155011 2.047244,
-0.143278 -1.162354 2.047244,
2.856722 -4.162354 2.047244,
2.856722 -4.837646 2.047244,
2.864992 -4.830706 2.047244,
2.834124 -4.139186 2.047244,
2.834124 -4.860814 2.047244,
-0.165876 -1.139186 2.047244,
-0.165876 -1.860814 2.047244,
-0.172607 -1.869255 2.047244,
-0.135008 -1.169294 2.047244,
-0.135008 -1.830706 2.047244,
2.864992 -4.169294 2.047244,
-0.172607 -1.130745 2.047244,
-0.178910 -1.878021 2.047244,
2.827393 -4.130745 2.047244,
2.827393 -4.869255 2.047244,
-0.126401 -1.175813 2.047244,
-0.126401 -1.824187 2.047244,
2.873599 -4.175813 2.047244,
2.873599 -4.824187 2.047244,
-0.178910 -1.121979 2.047244,
2.821090 -4.121979 2.047244,
2.821090 -4.878021 2.047244,
2.815232 -4.887091 2.047244,
-0.117480 -1.181895 2.047244,
-0.117480 -1.818105 2.047244,
2.882520 -4.181895 2.047244,
2.882520 -4.818105 2.047244,
-0.184768 -1.112909 2.047244,
-0.184768 -1.887091 2.047244,
2.815232 -4.112909 2.047244,
2.809834 -4.896441 2.047244,
2.891732 -4.187525 2.047244,
2.891732 -4.812475 2.047244,
2.901214 -4.807311 2.047244,
-0.108268 -1.187525 2.047244,
-0.108268 -1.812475 2.047244,
-0.098786 -1.807311 2.047244,
-0.190166 -1.103559 2.047244,
-0.190166 -1.896441 2.047244,
2.809834 -4.103559 2.047244,
-0.098786 -1.192689 2.047244,
2.901214 -4.192689 2.047244,
-0.195092 -1.093951 2.047244,
-0.195092 -1.906049 2.047244,
-0.199532 -1.915890 2.047244,
2.804908 -4.093951 2.047244,
2.804908 -4.906049 2.047244,
-0.089058 -1.197373 2.047244,
-0.089058 -1.802627 2.047244,
2.910942 -4.197373 2.047244,
2.910942 -4.802627 2.047244,
-0.199532 -1.084110 2.047244,
-0.203477 -1.925941 2.047244,
2.800468 -4.084110 2.047244,
2.800468 -4.915890 2.047244,
2.796523 -4.925941 2.047244,
-0.079109 -1.201567 2.047244,
-0.079109 -1.798433 2.047244,
2.920891 -4.201567 2.047244,
2.920891 -4.798433 2.047244,
-0.203477 -1.074059 2.047244,
2.796523 -4.074059 2.047244,
2.931036 -4.205260 2.047244,
2.931036 -4.794740 2.047244,
-0.068964 -1.205260 2.047244,
-0.068964 -1.794740 2.047244,
-0.206915 -1.063825 2.047244,
-0.206915 -1.936175 2.047244,
-0.058647 -1.208442 2.047244,
-0.058647 -1.791558 2.047244,
-0.048184 -1.788894 2.047244,
2.941353 -4.208442 2.047244,
2.941353 -4.791558 2.047244,
-0.209840 -1.053432 2.047244,
-0.209840 -1.946568 2.047244,
-0.048184 -1.211106 2.047244,
2.951816 -4.211106 2.047244,
2.951816 -4.788894 2.047244,
2.962399 -4.786754 2.047244,
-0.212242 -1.042906 2.047244,
-0.212242 -1.957094 2.047244,
-0.037601 -1.213246 2.047244,
-0.037601 -1.786754 2.047244,
2.962399 -4.213246 2.047244,
-0.214117 -1.032273 2.047244,
-0.214117 -1.967727 2.047244,
-0.215459 -1.978440 2.047244,
-0.026925 -1.214855 2.047244,
-0.026925 -1.785145 2.047244,
-0.016182 -1.784070 2.047244,
2.973075 -4.214855 2.047244,
2.973075 -4.785145 2.047244,
-0.215459 -1.021560 2.047244,
-0.216266 -1.989207 2.047244,
-0.016182 -1.215930 2.047244,
2.983818 -4.215930 2.047244,
2.983818 -4.784070 2.047244,
-0.216266 -1.010793 2.047244,
-0.005398 -1.216468 2.047244,
-0.005398 -1.783532 2.047244,
2.994602 -4.216468 2.047244,
2.994602 -4.783532 2.047244,
0.005398 -1.216468 2.047244,
0.005398 -1.783532 2.047244,
3.005398 -4.216468 2.047244,
3.005398 -4.783532 2.047244,
3.016182 -4.784070 2.047244,
0.016182 -1.215930 2.047244,
0.016182 -1.784070 2.047244,
0.026925 -1.785145 2.047244,
3.016182 -4.215930 2.047244,
0.026925 -1.214855 2.047244,
3.026925 -4.214855 2.047244,
3.026925 -4.785145 2.047244,
0.037601 -1.213246 2.047244,
0.037601 -1.786754 2.047244,
0.048184 -1.788894 2.047244,
3.037601 -4.213246 2.047244,
3.037601 -4.786754 2.047244,
3.048184 -4.788894 2.047244,
0.048184 -1.211106 2.047244,
3.048184 -4.211106 2.047244,
3.058647 -4.791558 2.047244,
0.058647 -1.208442 2.047244,
0.058647 -1.791558 2.047244,
3.058647 -4.208442 2.047244,
3.068964 -4.794740 2.047244,
0.068964 -1.205260 2.047244,
0.068964 -1.794740 2.047244,
0.079109 -1.798433 2.047244,
3.068964 -4.205260 2.047244,
3.079109 -4.798433 2.047244,
0.079109 -1.201567 2.047244,
3.079109 -4.201567 2.047244,
3.089058 -4.802627 2.047244,
3.089058 -4.197373 2.047244,
0.089058 -1.197373 2.047244,
0.089058 -1.802627 2.047244,
0.098786 -1.807311 2.047244,
0.098786 -1.192689 2.047244,
3.098786 -4.192689 2.047244,
3.098786 -4.807311 2.047244,
0.108268 -1.187525 2.047244,
0.108268 -1.812475 2.047244,
3.108268 -4.187525 2.047244,
3.108268 -4.812475 2.047244,
0.117480 -1.181895 2.047244,
0.117480 -1.818105 2.047244,
3.117480 -4.181895 2.047244,
3.117480 -4.818105 2.047244,
3.126401 -4.824187 2.047244,
0.126401 -1.175813 2.047244,
0.126401 -1.824187 2.047244,
3.126401 -4.175813 2.047244,
3.135008 -4.169294 2.047244,
3.135008 -4.830706 2.047244,
0.135008 -1.169294 2.047244,
0.135008 -1.830706 2.047244,
0.143278 -1.837646 2.047244,
0.143278 -1.162354 2.047244,
0.151193 -1.844989 2.047244,
3.143278 -4.162354 2.047244,
3.143278 -4.837646 2.047244,
3.151193 -4.844989 2.047244,
0.151193 -1.155011 2.047244,
0.158732 -1.852719 2.047244,
3.151193 -4.155011 2.047244,
0.158732 -1.147281 2.047244,
3.158732 -4.147281 2.047244,
3.158732 -4.852719 2.047244,
0.165876 -1.139186 2.047244,
0.165876 -1.860814 2.047244,
3.165876 -4.139186 2.047244,
3.165876 -4.860814 2.047244,
3.172607 -4.869255 2.047244,
0.172607 -1.130745 2.047244,
0.172607 -1.869255 2.047244,
3.172607 -4.130745 2.047244,
3.178910 -4.878021 2.047244,
0.178910 -1.121979 2.047244,
0.178910 -1.878021 2.047244,
3.178910 -4.121979 2.047244,
0.184768 -1.112909 2.047244,
0.184768 -1.887091 2.047244,
0.190166 -1.896441 2.047244,
3.184768 -4.112909 2.047244,
3.184768 -4.887091 2.047244,
0.190166 -1.103559 2.047244,
3.190166 -4.103559 2.047244,
3.190166 -4.896441 2.047244,
3.195092 -4.906049 2.047244,
3.195092 -4.093951 2.047244,
0.195092 -1.093951 2.047244,
0.195092 -1.906049 2.047244,
0.199532 -1.915890 2.047244,
0.199532 -1.084110 2.047244,
3.199532 -4.084110 2.047244,
3.199532 -4.915890 2.047244,
3.203477 -4.074059 2.047244,
3.203477 -4.925941 2.047244,
3.206915 -4.936175 2.047244,
0.203477 -1.074059 2.047244,
0.203477 -1.925941 2.047244,
3.206915 -4.063825 2.047244,
3.209840 -4.946568 2.047244,
3.209840 -4.053432 2.047244,
3.212242 -4.042906 2.047244,
3.212242 -4.957094 2.047244,
3.214117 -4.032273 2.047244,
3.214117 -4.967727 2.047244,
3.215459 -4.021560 2.047244,
3.215459 -4.978440 2.047244,
2.848807 -3.155011 2.047244,
2.848807 -3.844989 2.047244,
2.856722 -3.837646 2.047244,
2.841268 -3.852719 2.047244,
2.841268 -3.147281 2.047244,
2.834124 -3.860814 2.047244,
-0.158732 -0.147281 2.047244,
-0.151193 -0.844989 2.047244,
-0.151193 -0.155011 2.047244,
-0.158732 -0.852719 2.047244,
-0.143278 -0.162354 2.047244,
-0.143278 -0.837646 2.047244,
2.856722 -3.162354 2.047244,
2.864992 -3.830706 2.047244,
2.834124 -3.139186 2.047244,
-0.165876 -0.139186 2.047244,
-0.165876 -0.860814 2.047244,
-0.135008 -0.169294 2.047244,
-0.135008 -0.830706 2.047244,
2.864992 -3.169294 2.047244,
-0.172607 -0.130745 2.047244,
-0.172607 -0.869255 2.047244,
2.827393 -3.130745 2.047244,
2.827393 -3.869255 2.047244,
2.821090 -3.878021 2.047244,
-0.126401 -0.175813 2.047244,
-0.126401 -0.824187 2.047244,
-0.117480 -0.818105 2.047244,
2.873599 -3.175813 2.047244,
2.873599 -3.824187 2.047244,
-0.178910 -0.121979 2.047244,
-0.178910 -0.878021 2.047244,
2.821090 -3.121979 2.047244,
-0.117480 -0.181895 2.047244,
2.882520 -3.181895 2.047244,
2.882520 -3.818105 2.047244,
-0.184768 -0.112909 2.047244,
-0.184768 -0.887091 2.047244,
2.815232 -3.112909 2.047244,
2.815232 -3.887091 2.047244,
2.891732 -3.187525 2.047244,
2.891732 -3.812475 2.047244,
-0.108268 -0.187525 2.047244,
-0.108268 -0.812475 2.047244,
-0.190166 -0.103559 2.047244,
-0.190166 -0.896441 2.047244,
2.809834 -3.103559 2.047244,
2.809834 -3.896441 2.047244,
2.804908 -3.906049 2.047244,
-0.098786 -0.192689 2.047244,
-0.098786 -0.807311 2.047244,
2.901214 -3.192689 2.047244,
2.901214 -3.807311 2.047244,
-0.195092 -0.093951 2.047244,
-0.195092 -0.906049 2.047244,
2.804908 -3.093951 2.047244,
-0.089058 -0.197373 2.047244,
-0.089058 -0.802627 2.047244,
2.910942 -3.197373 2.047244,
2.910942 -3.802627 2.047244,
-0.199532 -0.084110 2.047244,
-0.199532 -0.915890 2.047244,
2.800468 -3.084110 2.047244,
2.800468 -3.915890 2.047244,
2.796523 -3.925941 2.047244,
-0.079109 -0.201567 2.047244,
-0.079109 -0.798433 2.047244,
2.920891 -3.201567 2.047244,
2.920891 -3.798433 2.047244,
-0.203477 -0.074059 2.047244,
-0.203477 -0.925941 2.047244,
2.796523 -3.074059 2.047244,
2.931036 -3.205260 2.047244,
2.931036 -3.794740 2.047244,
-0.068964 -0.205260 2.047244,
-0.068964 -0.794740 2.047244,
-0.206915 -0.063825 2.047244,
-0.206915 -0.936175 2.047244,
2.941353 -3.208442 2.047244,
2.941353 -3.791558 2.047244,
-0.058647 -0.208442 2.047244,
-0.058647 -0.791558 2.047244,
-0.048184 -0.211106 2.047244,
-0.048184 -0.788894 2.047244,
-0.037601 -0.786754 2.047244,
2.951816 -3.211106 2.047244,
2.951816 -3.788894 2.047244,
-0.037601 -0.213246 2.047244,
-0.026925 -0.785145 2.047244,
2.962399 -3.213246 2.047244,
2.962399 -3.786754 2.047244,
2.973075 -3.785145 2.047244,
-0.026925 -0.214855 2.047244,
2.973075 -3.214855 2.047244,
-0.016182 -0.215930 2.047244,
-0.016182 -0.784070 2.047244,
2.983818 -3.215930 2.047244,
2.983818 -3.784070 2.047244,
-0.005398 -0.216468 2.047244,
-0.005398 -0.783532 2.047244,
0.005398 -0.783532 2.047244,
2.994602 -3.216468 2.047244,
2.994602 -3.783532 2.047244,
0.005398 -0.216468 2.047244,
3.005398 -3.216468 2.047244,
3.005398 -3.783532 2.047244,
3.016182 -3.784070 2.047244,
0.016182 -0.215930 2.047244,
0.016182 -0.784070 2.047244,
3.016182 -3.215930 2.047244,
0.026925 -0.214855 2.047244,
0.026925 -0.785145 2.047244,
0.037601 -0.786754 2.047244,
3.026925 -3.214855 2.047244,
3.026925 -3.785145 2.047244,
3.037601 -3.786754 2.047244,
3.037601 -3.213246 2.047244,
3.048184 -3.788894 2.047244,
0.037601 -0.213246 2.047244,
0.048184 -0.211106 2.047244,
0.048184 -0.788894 2.047244,
3.048184 -3.211106 2.047244,
3.058647 -3.791558 2.047244,
0.058647 -0.208442 2.047244,
0.058647 -0.791558 2.047244,
0.068964 -0.794740 2.047244,
3.058647 -3.208442 2.047244,
3.068964 -3.794740 2.047244,
0.068964 -0.205260 2.047244,
3.068964 -3.205260 2.047244,
3.079109 -3.798433 2.047244,
0.079109 -0.201567 2.047244,
0.079109 -0.798433 2.047244,
0.089058 -0.802627 2.047244,
3.079109 -3.201567 2.047244,
3.089058 -3.197373 2.047244,
3.089058 -3.802627 2.047244,
0.089058 -0.197373 2.047244,
0.098786 -0.192689 2.047244,
0.098786 -0.807311 2.047244,
0.108268 -0.812475 2.047244,
3.098786 -3.192689 2.047244,
3.098786 -3.807311 2.047244,
0.108268 -0.187525 2.047244,
0.117480 -0.818105 2.047244,
3.108268 -3.187525 2.047244,
3.108268 -3.812475 2.047244,
3.117480 -3.818105 2.047244,
0.117480 -0.181895 2.047244,
3.117480 -3.181895 2.047244,
0.126401 -0.175813 2.047244,
0.126401 -0.824187 2.047244,
3.126401 -3.175813 2.047244,
3.126401 -3.824187 2.047244,
3.135008 -3.169294 2.047244,
3.135008 -3.830706 2.047244,
3.143278 -3.837646 2.047244,
3.143278 -3.162354 2.047244,
3.151193 -3.844989 2.047244,
3.151193 -3.155011 2.047244,
-0.209840 -0.946568 2.047244,
-0.212242 -0.957094 2.047244,
-0.214117 -0.967727 2.047244,
-0.215459 -0.978440 2.047244,
-0.216266 -0.989207 2.047244,
-0.216535 -1.000000 2.047244,
-0.165876 0.139186 2.047244,
-0.158732 0.147281 2.047244,
-0.172607 0.130745 2.047244,
-0.178910 0.121979 2.047244,
-0.184768 0.112909 2.047244,
-0.190166 0.103559 2.047244,
-0.195092 0.093951 2.047244,
-0.199532 0.084110 2.047244,
-0.203477 0.074059 2.047244,
-0.206915 0.063825 2.047244,
-0.209840 0.053432 2.047244,
-0.212242 0.042906 2.047244,
-0.214117 0.032273 2.047244,
-0.215459 0.021560 2.047244,
-0.216266 0.010793 2.047244,
-0.216535 -0.000000 2.047244,
-0.216266 -0.010793 2.047244,
-0.215459 -0.021560 2.047244,
-0.214117 -0.032273 2.047244,
-0.212242 -0.042906 2.047244,
-0.209840 -0.053432 2.047244,
-0.151193 0.155011 2.047244,
3.158732 -3.147281 2.047244,
3.158732 -3.852719 2.047244,
-0.143278 0.162354 2.047244,
3.165876 -3.139186 2.047244,
3.165876 -3.860814 2.047244,
-0.135008 0.169294 2.047244,
3.172607 -3.130745 2.047244,
3.172607 -3.869255 2.047244,
3.178910 -3.878021 2.047244,
-0.126401 0.175813 2.047244,
3.178910 -3.121979 2.047244,
-0.117480 0.181895 2.047244,
3.184768 -3.112909 2.047244,
3.184768 -3.887091 2.047244,
3.190166 -3.896441 2.047244,
-0.108268 0.187525 2.047244,
3.190166 -3.103559 2.047244,
-0.098786 0.192689 2.047244,
3.195092 -3.093951 2.047244,
3.195092 -3.906049 2.047244,
-0.089058 0.197373 2.047244,
3.199532 -3.084110 2.047244,
3.199532 -3.915890 2.047244,
-0.079109 0.201567 2.047244,
3.203477 -3.074059 2.047244,
3.203477 -3.925941 2.047244,
3.206915 -3.936175 2.047244,
-0.068964 0.205260 2.047244,
3.206915 -3.063825 2.047244,
3.209840 -3.946568 2.047244,
-0.058647 0.208442 2.047244,
3.209840 -3.053432 2.047244,
-0.048184 0.211106 2.047244,
3.212242 -3.042906 2.047244,
3.212242 -3.957094 2.047244,
3.214117 -3.967727 2.047244,
-0.037601 0.213246 2.047244,
3.214117 -3.032273 2.047244,
-0.026925 0.214855 2.047244,
3.215459 -3.021560 2.047244,
3.215459 -3.978440 2.047244,
-0.016182 0.215930 2.047244,
-0.005398 0.216468 2.047244,
0.005398 0.216468 2.047244,
0.016182 0.215930 2.047244,
0.026925 0.214855 2.047244,
0.037601 0.213246 2.047244,
0.048184 0.211106 2.047244,
0.058647 0.208442 2.047244,
0.068964 0.205260 2.047244,
0.216266 -0.010793 2.047244,
0.215459 -0.021560 2.047244,
0.216535 -0.000000 2.047244,
0.214117 -0.967727 2.047244,
0.212242 -0.957094 2.047244,
0.209840 -0.946568 2.047244,
0.206915 -0.936175 2.047244,
0.203477 -0.925941 2.047244,
0.199532 -0.915890 2.047244,
0.195092 -0.906049 2.047244,
0.190166 -0.896441 2.047244,
0.184768 -0.887091 2.047244,
0.178910 -0.878021 2.047244,
0.172607 -0.869255 2.047244,
0.165876 -0.860814 2.047244,
0.158732 -0.852719 2.047244,
0.151193 -0.844989 2.047244,
0.143278 -0.837646 2.047244,
0.135008 -0.830706 2.047244,
0.216266 0.010793 2.047244,
0.215459 0.021560 2.047244,
0.214117 0.032273 2.047244,
0.212242 0.042906 2.047244,
0.209840 0.053432 2.047244,
0.206915 0.063825 2.047244,
0.135008 -0.169294 2.047244,
0.203477 0.074059 2.047244,
0.143278 -0.162354 2.047244,
0.199532 0.084110 2.047244,
0.151193 -0.155011 2.047244,
0.195092 0.093951 2.047244,
0.158732 -0.147281 2.047244,
0.190166 0.103559 2.047244,
0.165876 -0.139186 2.047244,
0.184768 0.112909 2.047244,
0.172607 -0.130745 2.047244,
0.178910 0.121979 2.047244,
0.178910 -0.121979 2.047244,
0.172607 0.130745 2.047244,
0.184768 -0.112909 2.047244,
0.190166 -0.103559 2.047244,
0.195092 -0.093951 2.047244,
0.199532 -0.084110 2.047244,
0.203477 -0.074059 2.047244,
0.206915 -0.063825 2.047244,
0.209840 -0.053432 2.047244,
0.212242 -0.042906 2.047244,
0.214117 -0.032273 2.047244,
2.848807 -2.155011 2.047244,
2.848807 -2.844989 2.047244,
2.856722 -2.837646 2.047244,
2.841268 -2.147281 2.047244,
2.841268 -2.852719 2.047244,
2.856722 -2.162354 2.047244,
2.834124 -2.139186 2.047244,
2.834124 -2.860814 2.047244,
2.827393 -2.869255 2.047244,
2.864992 -2.169294 2.047244,
2.864992 -2.830706 2.047244,
2.827393 -2.130745 2.047244,
2.873599 -2.175813 2.047244,
2.873599 -2.824187 2.047244,
2.821090 -2.121979 2.047244,
2.821090 -2.878021 2.047244,
2.815232 -2.887091 2.047244,
2.882520 -2.181895 2.047244,
2.882520 -2.818105 2.047244,
2.891732 -2.812475 2.047244,
2.815232 -2.112909 2.047244,
2.891732 -2.187525 2.047244,
2.809834 -2.103559 2.047244,
2.809834 -2.896441 2.047244,
2.804908 -2.906049 2.047244,
2.901214 -2.192689 2.047244,
2.901214 -2.807311 2.047244,
2.804908 -2.093951 2.047244,
2.910942 -2.197373 2.047244,
2.910942 -2.802627 2.047244,
2.800468 -2.084110 2.047244,
2.800468 -2.915890 2.047244,
2.796523 -2.925941 2.047244,
2.920891 -2.201567 2.047244,
2.920891 -2.798433 2.047244,
2.796523 -2.074059 2.047244,
2.931036 -2.205260 2.047244,
2.931036 -2.794740 2.047244,
2.941353 -2.208442 2.047244,
2.941353 -2.791558 2.047244,
2.951816 -2.211106 2.047244,
2.951816 -2.788894 2.047244,
2.962399 -2.213246 2.047244,
2.962399 -2.786754 2.047244,
2.973075 -2.214855 2.047244,
2.973075 -2.785145 2.047244,
2.983818 -2.215930 2.047244,
2.983818 -2.784070 2.047244,
2.994602 -2.216468 2.047244,
2.994602 -2.783532 2.047244,
3.005398 -2.216468 2.047244,
3.005398 -2.783532 2.047244,
3.016182 -2.784070 2.047244,
3.016182 -2.215930 2.047244,
3.026925 -2.214855 2.047244,
3.026925 -2.785145 2.047244,
3.037601 -2.213246 2.047244,
3.037601 -2.786754 2.047244,
3.048184 -2.788894 2.047244,
3.048184 -2.211106 2.047244,
3.058647 -2.208442 2.047244,
3.058647 -2.791558 2.047244,
3.068964 -2.794740 2.047244,
3.068964 -2.205260 2.047244,
3.079109 -2.798433 2.047244,
3.079109 -2.201567 2.047244,
3.089058 -2.802627 2.047244,
3.089058 -2.197373 2.047244,
3.098786 -2.807311 2.047244,
3.098786 -2.192689 2.047244,
3.108268 -2.187525 2.047244,
3.108268 -2.812475 2.047244,
3.117480 -2.818105 2.047244,
3.117480 -2.181895 2.047244,
3.126401 -2.824187 2.047244,
3.126401 -2.175813 2.047244,
3.135008 -2.169294 2.047244,
3.135008 -2.830706 2.047244,
3.143278 -2.837646 2.047244,
3.143278 -2.162354 2.047244,
3.151193 -2.844989 2.047244,
3.151193 -2.155011 2.047244,
3.158732 -2.147281 2.047244,
3.158732 -2.852719 2.047244,
3.165876 -2.139186 2.047244,
3.165876 -2.860814 2.047244,
3.172607 -2.869255 2.047244,
3.172607 -2.130745 2.047244,
3.178910 -2.878021 2.047244,
3.178910 -2.121979 2.047244,
3.184768 -2.112909 2.047244,
3.184768 -2.887091 2.047244,
3.190166 -2.896441 2.047244,
3.190166 -2.103559 2.047244,
3.195092 -2.093951 2.047244,
3.195092 -2.906049 2.047244,
3.199532 -2.084110 2.047244,
3.199532 -2.915890 2.047244,
3.203477 -2.074059 2.047244,
3.203477 -2.925941 2.047244,
3.206915 -2.936175 2.047244,
3.206915 -2.063825 2.047244,
3.209840 -2.946568 2.047244,
3.209840 -2.053432 2.047244,
3.212242 -2.042906 2.047244,
3.212242 -2.957094 2.047244,
3.214117 -2.967727 2.047244,
3.214117 -2.032273 2.047244,
3.215459 -2.021560 2.047244,
3.215459 -2.978440 2.047244,
2.841268 -1.147281 2.047244,
2.848807 -1.844989 2.047244,
2.848807 -1.155011 2.047244,
2.841268 -1.852719 2.047244,
2.856722 -1.162354 2.047244,
2.856722 -1.837646 2.047244,
2.834124 -1.139186 2.047244,
2.834124 -1.860814 2.047244,
2.864992 -1.169294 2.047244,
2.864992 -1.830706 2.047244,
2.827393 -1.130745 2.047244,
2.827393 -1.869255 2.047244,
2.821090 -1.878021 2.047244,
2.873599 -1.175813 2.047244,
2.873599 -1.824187 2.047244,
2.821090 -1.121979 2.047244,
2.815232 -1.887091 2.047244,
2.882520 -1.181895 2.047244,
2.882520 -1.818105 2.047244,
2.891732 -1.812475 2.047244,
2.815232 -1.112909 2.047244,
2.809834 -1.896441 2.047244,
2.891732 -1.187525 2.047244,
2.809834 -1.103559 2.047244,
2.804908 -1.906049 2.047244,
2.901214 -1.192689 2.047244,
2.901214 -1.807311 2.047244,
2.804908 -1.093951 2.047244,
2.910942 -1.197373 2.047244,
2.910942 -1.802627 2.047244,
2.800468 -1.084110 2.047244,
2.800468 -1.915890 2.047244,
2.920891 -1.201567 2.047244,
2.920891 -1.798433 2.047244,
2.796523 -1.074059 2.047244,
2.796523 -1.925941 2.047244,
2.931036 -1.205260 2.047244,
2.931036 -1.794740 2.047244,
2.941353 -1.208442 2.047244,
2.941353 -1.791558 2.047244,
2.951816 -1.211106 2.047244,
2.951816 -1.788894 2.047244,
2.962399 -1.213246 2.047244,
2.962399 -1.786754 2.047244,
2.973075 -1.214855 2.047244,
2.973075 -1.785145 2.047244,
2.983818 -1.215930 2.047244,
2.983818 -1.784070 2.047244,
2.994602 -1.216468 2.047244,
2.994602 -1.783532 2.047244,
3.005398 -1.783532 2.047244,
3.005398 -1.216468 2.047244,
3.016182 -1.784070 2.047244,
3.016182 -1.215930 2.047244,
3.026925 -1.214855 2.047244,
3.026925 -1.785145 2.047244,
3.037601 -1.213246 2.047244,
3.037601 -1.786754 2.047244,
3.048184 -1.788894 2.047244,
3.048184 -1.211106 2.047244,
3.058647 -1.208442 2.047244,
3.058647 -1.791558 2.047244,
3.068964 -1.794740 2.047244,
3.068964 -1.205260 2.047244,
3.079109 -1.798433 2.047244,
3.079109 -1.201567 2.047244,
3.089058 -1.197373 2.047244,
3.089058 -1.802627 2.047244,
3.098786 -1.192689 2.047244,
3.098786 -1.807311 2.047244,
3.108268 -1.812475 2.047244,
3.108268 -1.187525 2.047244,
3.117480 -1.818105 2.047244,
3.117480 -1.181895 2.047244,
3.126401 -1.175813 2.047244,
3.126401 -1.824187 2.047244,
3.135008 -1.169294 2.047244,
3.135008 -1.830706 2.047244,
3.143278 -1.837646 2.047244,
3.143278 -1.162354 2.047244,
3.151193 -1.844989 2.047244,
3.151193 -1.155011 2.047244,
3.158732 -1.147281 2.047244,
3.158732 -1.852719 2.047244,
3.165876 -1.860814 2.047244,
3.165876 -1.139186 2.047244,
3.172607 -1.130745 2.047244,
3.172607 -1.869255 2.047244,
3.178910 -1.121979 2.047244,
3.178910 -1.878021 2.047244,
3.184768 -1.112909 2.047244,
3.184768 -1.887091 2.047244,
3.190166 -1.103559 2.047244,
3.190166 -1.896441 2.047244,
3.195092 -1.093951 2.047244,
3.195092 -1.906049 2.047244,
3.199532 -1.084110 2.047244,
3.199532 -1.915890 2.047244,
3.203477 -1.074059 2.047244,
3.203477 -1.925941 2.047244,
3.206915 -1.936175 2.047244,
3.206915 -1.063825 2.047244,
3.209840 -1.946568 2.047244,
3.209840 -1.053432 2.047244,
3.212242 -1.042906 2.047244,
3.212242 -1.957094 2.047244,
3.214117 -1.032273 2.047244,
3.214117 -1.967727 2.047244,
3.215459 -1.021560 2.047244,
3.215459 -1.978440 2.047244,
2.856722 -0.837646 2.047244,
2.864992 -0.830706 2.047244,
2.848807 -0.844989 2.047244,
2.841268 -0.852719 2.047244,
2.834124 -0.860814 2.047244,
2.827393 -0.869255 2.047244,
2.821090 -0.878021 2.047244,
2.815232 -0.887091 2.047244,
2.809834 -0.896441 2.047244,
2.804908 -0.906049 2.047244,
2.800468 -0.915890 2.047244,
2.796523 -0.925941 2.047244,
2.793085 -0.936175 2.047244,
2.790160 -0.946568 2.047244,
2.787758 -0.957094 2.047244,
2.785883 -0.967727 2.047244,
2.873599 -0.824187 2.047244,
2.841268 -0.147281 2.047244,
2.848807 -0.155011 2.047244,
2.856722 -0.162354 2.047244,
2.834124 -0.139186 2.047244,
2.864992 -0.169294 2.047244,
2.827393 -0.130745 2.047244,
2.873599 -0.175813 2.047244,
2.821090 -0.121979 2.047244,
2.882520 -0.181895 2.047244,
2.882520 -0.818105 2.047244,
2.891732 -0.812475 2.047244,
2.815232 -0.112909 2.047244,
2.891732 -0.187525 2.047244,
2.809834 -0.103559 2.047244,
2.901214 -0.192689 2.047244,
2.901214 -0.807311 2.047244,
2.804908 -0.093951 2.047244,
2.910942 -0.197373 2.047244,
2.910942 -0.802627 2.047244,
2.800468 -0.084110 2.047244,
2.920891 -0.201567 2.047244,
2.920891 -0.798433 2.047244,
2.796523 -0.074059 2.047244,
2.931036 -0.205260 2.047244,
2.931036 -0.794740 2.047244,
2.793085 -0.063825 2.047244,
2.941353 -0.208442 2.047244,
2.941353 -0.791558 2.047244,
2.790160 -0.053432 2.047244,
2.951816 -0.211106 2.047244,
2.951816 -0.788894 2.047244,
2.787758 -0.042906 2.047244,
2.962399 -0.213246 2.047244,
2.962399 -0.786754 2.047244,
2.785883 -0.032273 2.047244,
2.973075 -0.214855 2.047244,
2.973075 -0.785145 2.047244,
2.784541 -0.021560 2.047244,
2.983818 -0.215930 2.047244,
2.983818 -0.784070 2.047244,
2.783734 -0.010793 2.047244,
2.994602 -0.216468 2.047244,
2.994602 -0.783532 2.047244,
3.005398 -0.783532 2.047244,
2.783465 -0.000000 2.047244,
3.005398 -0.216468 2.047244,
2.783734 0.010793 2.047244,
3.500000 0.500000 0.000000,
0.433071 -6.881890 0.000000,
2.566929 -6.881890 0.000000,
0.433071 -0.118110 0.000000,
2.566929 -0.118110 0.000000,
0.216535 -7.000000 1.614173,
0.216266 -6.989207 1.614173,
0.215459 -6.978440 1.614173,
0.214117 -6.967727 1.614173,
0.212242 -6.957094 1.614173,
0.209840 -6.946568 1.614173,
0.206915 -6.936175 1.614173,
0.203477 -6.925941 1.614173,
0.199532 -6.915890 1.614173,
0.195092 -6.906049 1.614173,
0.190166 -6.896441 1.614173,
0.184768 -6.887091 1.614173,
0.178910 -6.878021 1.614173,
0.172607 -6.869255 1.614173,
0.165876 -6.860814 1.614173,
0.158732 -6.852719 1.614173,
0.151193 -6.844989 1.614173,
0.143278 -6.837646 1.614173,
0.135008 -6.830706 1.614173,
0.126401 -6.824187 1.614173,
0.117480 -6.818105 1.614173,
0.108268 -6.812475 1.614173,
0.098786 -6.807311 1.614173,
0.089058 -6.802627 1.614173,
0.079109 -6.798433 1.614173,
0.068964 -6.794740 1.614173,
0.058647 -6.791558 1.614173,
0.048184 -6.788894 1.614173,
0.037601 -6.786754 1.614173,
0.026925 -6.785145 1.614173,
0.016182 -6.784070 1.614173,
0.005398 -6.783532 1.614173,
-0.005398 -6.783532 1.614173,
-0.016182 -6.784070 1.614173,
-0.026925 -6.785145 1.614173,
-0.037601 -6.786754 1.614173,
-0.048184 -6.788894 1.614173,
-0.058647 -6.791558 1.614173,
-0.068964 -6.794740 1.614173,
-0.079109 -6.798433 1.614173,
-0.089058 -6.802627 1.614173,
-0.098786 -6.807311 1.614173,
-0.108268 -6.812475 1.614173,
-0.117480 -6.818105 1.614173,
-0.126401 -6.824187 1.614173,
-0.135008 -6.830706 1.614173,
-0.143278 -6.837646 1.614173,
-0.151193 -6.844989 1.614173,
-0.158732 -6.852719 1.614173,
-0.165876 -6.860814 1.614173,
-0.172607 -6.869255 1.614173,
-0.178910 -6.878021 1.614173,
-0.184768 -6.887091 1.614173,
-0.190166 -6.896441 1.614173,
-0.195092 -6.906049 1.614173,
-0.199532 -6.915890 1.614173,
-0.203477 -6.925941 1.614173,
-0.206915 -6.936175 1.614173,
-0.209840 -6.946568 1.614173,
-0.212242 -6.957094 1.614173,
-0.214117 -6.967727 1.614173,
-0.215459 -6.978440 1.614173,
-0.216266 -6.989207 1.614173,
-0.216535 -7.000000 1.614173,
-0.216266 -7.010793 1.614173,
-0.215459 -7.021560 1.614173,
-0.214117 -7.032273 1.614173,
-0.212242 -7.042906 1.614173,
-0.209840 -7.053432 1.614173,
-0.206915 -7.063825 1.614173,
-0.203477 -7.074059 1.614173,
-0.199532 -7.084110 1.614173,
-0.195092 -7.093951 1.614173,
-0.190166 -7.103559 1.614173,
-0.184768 -7.112909 1.614173,
-0.178910 -7.121979 1.614173,
-0.172607 -7.130745 1.614173,
-0.165876 -7.139186 1.614173,
-0.158732 -7.147281 1.614173,
-0.151193 -7.155011 1.614173,
-0.143278 -7.162354 1.614173,
-0.135008 -7.169294 1.614173,
-0.126401 -7.175813 1.614173,
-0.117480 -7.181895 1.614173,
-0.108268 -7.187525 1.614173,
-0.098786 -7.192689 1.614173,
-0.089058 -7.197373 1.614173,
-0.079109 -7.201567 1.614173,
-0.068964 -7.205260 1.614173,
-0.058647 -7.208442 1.614173,
-0.048184 -7.211106 1.614173,
-0.037601 -7.213246 1.614173,
-0.026925 -7.214855 1.614173,
-0.016182 -7.215930 1.614173,
-0.005398 -7.216468 1.614173,
0.005398 -7.216468 1.614173,
0.016182 -7.215930 1.614173,
0.026925 -7.214855 1.614173,
0.037601 -7.213246 1.614173,
0.048184 -7.211106 1.614173,
0.058647 -7.208442 1.614173,
0.068964 -7.205260 1.614173,
0.079109 -7.201567 1.614173,
0.089058 -7.197373 1.614173,
0.098786 -7.192689 1.614173,
0.108268 -7.187525 1.614173,
0.117480 -7.181895 1.614173,
0.126401 -7.175813 1.614173,
0.135008 -7.169294 1.614173,
0.143278 -7.162354 1.614173,
0.151193 -7.155011 1.614173,
0.158732 -7.147281 1.614173,
0.165876 -7.139186 1.614173,
0.172607 -7.130745 1.614173,
0.178910 -7.121979 1.614173,
0.184768 -7.112909 1.614173,
0.190166 -7.103559 1.614173,
0.195092 -7.093951 1.614173,
0.199532 -7.084110 1.614173,
0.203477 -7.074059 1.614173,
0.206915 -7.063825 1.614173,
0.209840 -7.053432 1.614173,
0.212242 -7.042906 1.614173,
0.214117 -7.032273 1.614173,
0.215459 -7.021560 1.614173,
0.216266 -7.010793 1.614173,
0.216535 -6.000000 1.614173,
0.216266 -5.989207 1.614173,
0.215459 -5.978440 1.614173,
0.214117 -5.967727 1.614173,
0.212242 -5.957094 1.614173,
0.209840 -5.946568 1.614173,
0.206915 -5.936175 1.614173,
0.203477 -5.925941 1.614173,
0.199532 -5.915890 1.614173,
0.195092 -5.906049 1.614173,
0.190166 -5.896441 1.614173,
0.184768 -5.887091 1.614173,
0.178910 -5.878021 1.614173,
0.172607 -5.869255 1.614173,
0.165876 -5.860814 1.614173,
0.158732 -5.852719 1.614173,
0.151193 -5.844989 1.614173,
0.143278 -5.837646 1.614173,
0.135008 -5.830706 1.614173,
0.126401 -5.824187 1.614173,
0.117480 -5.818105 1.614173,
0.108268 -5.812475 1.614173,
0.098786 -5.807311 1.614173,
0.089058 -5.802627 1.614173,
0.079109 -5.798433 1.614173,
0.068964 -5.794740 1.614173,
0.058647 -5.791558 1.614173,
0.048184 -5.788894 1.614173,
0.037601 -5.786754 1.614173,
0.026925 -5.785145 1.614173,
0.016182 -5.784070 1.614173,
0.005398 -5.783532 1.614173,
-0.005398 -5.783532 1.614173,
-0.016182 -5.784070 1.614173,
-0.026925 -5.785145 1.614173,
-0.037601 -5.786754 1.614173,
-0.048184 -5.788894 1.614173,
-0.058647 -5.791558 1.614173,
-0.068964 -5.794740 1.614173,
-0.079109 -5.798433 1.614173,
-0.089058 -5.802627 1.614173,
-0.098786 -5.807311 1.614173,
-0.108268 -5.812475 1.614173,
-0.117480 -5.818105 1.614173,
-0.126401 -5.824187 1.614173,
-0.135008 -5.830706 1.614173,
-0.143278 -5.837646 1.614173,
-0.151193 -5.844989 1.614173,
-0.158732 -5.852719 1.614173,
-0.165876 -5.860814 1.614173,
-0.172607 -5.869255 1.614173,
-0.178910 -5.878021 1.614173,
-0.184768 -5.887091 1.614173,
-0.190166 -5.896441 1.614173,
-0.195092 -5.906049 1.614173,
-0.199532 -5.915890 1.614173,
-0.203477 -5.925941 1.614173,
-0.206915 -5.936175 1.614173,
-0.209840 -5.946568 1.614173,
-0.212242 -5.957094 1.614173,
-0.214117 -5.967727 1.614173,
-0.215459 -5.978440 1.614173,
-0.216266 -5.989207 1.614173,
-0.216535 -6.000000 1.614173,
-0.216266 -6.010793 1.614173,
-0.215459 -6.021560 1.614173,
-0.214117 -6.032273 1.614173,
-0.212242 -6.042906 1.614173,
-0.209840 -6.053432 1.614173,
-0.206915 -6.063825 1.614173,
-0.203477 -6.074059 1.614173,
-0.199532 -6.084110 1.614173,
-0.195092 -6.093951 1.614173,
-0.190166 -6.103559 1.614173,
-0.184768 -6.112909 1.614173,
-0.178910 -6.121979 1.614173,
-0.172607 -6.130745 1.614173,
-0.165876 -6.139186 1.614173,
-0.158732 -6.147281 1.614173,
-0.151193 -6.155011 1.614173,
-0.143278 -6.162354 1.614173,
-0.135008 -6.169294 1.614173,
-0.126401 -6.175813 1.614173,
-0.117480 -6.181895 1.614173,
-0.108268 -6.187525 1.614173,
-0.098786 -6.192689 1.614173,
-0.089058 -6.197373 1.614173,
-0.079109 -6.201567 1.614173,
-0.068964 -6.205260 1.614173,
-0.058647 -6.208442 1.614173,
-0.048184 -6.211106 1.614173,
-0.037601 -6.213246 1.614173,
-0.026925 -6.214855 1.614173,
-0.016182 -6.215930 1.614173,
-0.005398 -6.216468 1.614173,
0.005398 -6.216468 1.614173,
0.016182 -6.215930 1.614173,
0.026925 -6.214855 1.614173,
0.037601 -6.213246 1.614173,
0.048184 -6.211106 1.614173,
0.058647 -6.208442 1.614173,
0.068964 -6.205260 1.614173,
0.079109 -6.201567 1.614173,
0.089058 -6.197373 1.614173,
0.098786 -6.192689 1.614173,
0.108268 -6.187525 1.614173,
0.117480 -6.181895 1.614173,
0.126401 -6.175813 1.614173,
0.135008 -6.169294 1.614173,
0.143278 -6.162354 1.614173,
0.151193 -6.155011 1.614173,
0.158732 -6.147281 1.614173,
0.165876 -6.139186 1.614173,
0.172607 -6.130745 1.614173,
0.178910 -6.121979 1.614173,
0.184768 -6.112909 1.614173,
0.190166 -6.103559 1.614173,
0.195092 -6.093951 1.614173,
0.199532 -6.084110 1.614173,
0.203477 -6.074059 1.614173,
0.206915 -6.063825 1.614173,
0.209840 -6.053432 1.614173,
0.212242 -6.042906 1.614173,
0.214117 -6.032273 1.614173,
0.215459 -6.021560 1.614173,
0.216266 -6.010793 1.614173,
0.216535 -5.000000 1.614173,
0.216266 -4.989207 1.614173,
0.215459 -4.978440 1.614173,
0.214117 -4.967727 1.614173,
0.212242 -4.957094 1.614173,
0.209840 -4.946568 1.614173,
0.206915 -4.936175 1.614173,
0.203477 -4.925941 1.614173,
0.199532 -4.915890 1.614173,
0.195092 -4.906049 1.614173,
0.190166 -4.896441 1.614173,
0.184768 -4.887091 1.614173,
0.178910 -4.878021 1.614173,
0.172607 -4.869255 1.614173,
0.165876 -4.860814 1.614173,
0.158732 -4.852719 1.614173,
0.151193 -4.844989 1.614173,
0.143278 -4.837646 1.614173,
0.135008 -4.830706 1.614173,
0.126401 -4.824187 1.614173,
0.117480 -4.818105 1.614173,
0.108268 -4.812475 1.614173,
0.098786 -4.807311 1.614173,
0.089058 -4.802627 1.614173,
0.079109 -4.798433 1.614173,
0.068964 -4.794740 1.614173,
0.058647 -4.791558 1.614173,
0.048184 -4.788894 1.614173,
0.037601 -4.786754 1.614173,
0.026925 -4.785145 1.614173,
0.016182 -4.784070 1.614173,
0.005398 -4.783532 1.614173,
-0.005398 -4.783532 1.614173,
-0.016182 -4.784070 1.614173,
-0.026925 -4.785145 1.614173,
-0.037601 -4.786754 1.614173,
-0.048184 -4.788894 1.614173,
-0.058647 -4.791558 1.614173,
-0.068964 -4.794740 1.614173,
-0.079109 -4.798433 1.614173,
-0.089058 -4.802627 1.614173,
-0.098786 -4.807311 1.614173,
-0.108268 -4.812475 1.614173,
-0.117480 -4.818105 1.614173,
-0.126401 -4.824187 1.614173,
-0.135008 -4.830706 1.614173,
-0.143278 -4.837646 1.614173,
-0.151193 -4.844989 1.614173,
-0.158732 -4.852719 1.614173,
-0.165876 -4.860814 1.614173,
-0.172607 -4.869255 1.614173,
-0.178910 -4.878021 1.614173,
-0.184768 -4.887091 1.614173,
-0.190166 -4.896441 1.614173,
-0.195092 -4.906049 1.614173,
-0.199532 -4.915890 1.614173,
-0.203477 -4.925941 1.614173,
-0.206915 -4.936175 1.614173,
-0.209840 -4.946568 1.614173,
-0.212242 -4.957094 1.614173,
-0.214117 -4.967727 1.614173,
-0.215459 -4.978440 1.614173,
-0.216266 -4.989207 1.614173,
-0.216535 -5.000000 1.614173,
-0.216266 -5.010793 1.614173,
-0.215459 -5.021560 1.614173,
-0.214117 -5.032273 1.614173,
-0.212242 -5.042906 1.614173,
-0.209840 -5.053432 1.614173,
-0.206915 -5.063825 1.614173,
-0.203477 -5.074059 1.614173,
-0.199532 -5.084110 1.614173,
-0.195092 -5.093951 1.614173,
-0.190166 -5.103559 1.614173,
-0.184768 -5.112909 1.614173,
-0.178910 -5.121979 1.614173,
-0.172607 -5.130745 1.614173,
-0.165876 -5.139186 1.614173,
-0.158732 -5.147281 1.614173,
-0.151193 -5.155011 1.614173,
-0.143278 -5.162354 1.614173,
-0.135008 -5.169294 1.614173,
-0.126401 -5.175813 1.614173,
-0.117480 -5.181895 1.614173,
-0.108268 -5.187525 1.614173,
-0.098786 -5.192689 1.614173,
-0.089058 -5.197373 1.614173,
-0.079109 -5.201567 1.614173,
-0.068964 -5.205260 1.614173,
-0.058647 -5.208442 1.614173,
-0.048184 -5.211106 1.614173,
-0.037601 -5.213246 1.614173,
-0.026925 -5.214855 1.614173,
-0.016182 -5.215930 1.614173,
-0.005398 -5.216468 1.614173,
0.005398 -5.216468 1.614173,
0.016182 -5.215930 1.614173,
0.026925 -5.214855 1.614173,
0.037601 -5.213246 1.614173,
0.048184 -5.211106 1.614173,
0.058647 -5.208442 1.614173,
0.068964 -5.205260 1.614173,
0.079109 -5.201567 1.614173,
0.089058 -5.197373 1.614173,
0.098786 -5.192689 1.614173,
0.108268 -5.187525 1.614173,
0.117480 -5.181895 1.614173,
0.126401 -5.175813 1.614173,
0.135008 -5.169294 1.614173,
0.143278 -5.162354 1.614173,
0.151193 -5.155011 1.614173,
0.158732 -5.147281 1.614173,
0.165876 -5.139186 1.614173,
0.172607 -5.130745 1.614173,
0.178910 -5.121979 1.614173,
0.184768 -5.112909 1.614173,
0.190166 -5.103559 1.614173,
0.195092 -5.093951 1.614173,
0.199532 -5.084110 1.614173,
0.203477 -5.074059 1.614173,
0.206915 -5.063825 1.614173,
0.209840 -5.053432 1.614173,
0.212242 -5.042906 1.614173,
0.214117 -5.032273 1.614173,
0.215459 -5.021560 1.614173,
0.216266 -5.010793 1.614173,
0.216535 -4.000000 1.614173,
0.216266 -3.989207 1.614173,
0.215459 -3.978440 1.614173,
0.214117 -3.967727 1.614173,
0.212242 -3.957094 1.614173,
0.209840 -3.946568 1.614173,
0.206915 -3.936175 1.614173,
0.203477 -3.925941 1.614173,
0.199532 -3.915890 1.614173,
0.195092 -3.906049 1.614173,
0.190166 -3.896441 1.614173,
0.184768 -3.887091 1.614173,
0.178910 -3.878021 1.614173,
0.172607 -3.869255 1.614173,
0.165876 -3.860814 1.614173,
0.158732 -3.852719 1.614173,
0.151193 -3.844989 1.614173,
0.143278 -3.837646 1.614173,
0.135008 -3.830706 1.614173,
0.126401 -3.824187 1.614173,
0.117480 -3.818105 1.614173,
0.108268 -3.812475 1.614173,
0.098786 -3.807311 1.614173,
0.089058 -3.802627 1.614173,
0.079109 -3.798433 1.614173,
0.068964 -3.794740 1.614173,
0.058647 -3.791558 1.614173,
0.048184 -3.788894 1.614173,
0.037601 -3.786754 1.614173,
0.026925 -3.785145 1.614173,
0.016182 -3.784070 1.614173,
0.005398 -3.783532 1.614173,
-0.005398 -3.783532 1.614173,
-0.016182 -3.784070 1.614173,
-0.026925 -3.785145 1.614173,
-0.037601 -3.786754 1.614173,
-0.048184 -3.788894 1.614173,
-0.058647 -3.791558 1.614173,
-0.068964 -3.794740 1.614173,
-0.079109 -3.798433 1.614173,
-0.089058 -3.802627 1.614173,
-0.098786 -3.807311 1.614173,
-0.108268 -3.812475 1.614173,
-0.117480 -3.818105 1.614173,
-0.126401 -3.824187 1.614173,
-0.135008 -3.830706 1.614173,
-0.143278 -3.837646 1.614173,
-0.151193 -3.844989 1.614173,
-0.158732 -3.852719 1.614173,
-0.165876 -3.860814 1.614173,
-0.172607 -3.869255 1.614173,
-0.178910 -3.878021 1.614173,
-0.184768 -3.887091 1.614173,
-0.190166 -3.896441 1.614173,
-0.195092 -3.906049 1.614173,
-0.199532 -3.915890 1.614173,
-0.203477 -3.925941 1.614173,
-0.206915 -3.936175 1.614173,
-0.209840 -3.946568 1.614173,
-0.212242 -3.957094 1.614173,
-0.214117 -3.967727 1.614173,
-0.215459 -3.978440 1.614173,
-0.216266 -3.989207 1.614173,
-0.216535 -4.000000 1.614173,
-0.216266 -4.010793 1.614173,
-0.215459 -4.021560 1.614173,
-0.214117 -4.032273 1.614173,
-0.212242 -4.042906 1.614173,
-0.209840 -4.053432 1.614173,
-0.206915 -4.063825 1.614173,
-0.203477 -4.074059 1.614173,
-0.199532 -4.084110 1.614173,
-0.195092 -4.093951 1.614173,
-0.190166 -4.103559 1.614173,
-0.184768 -4.112909 1.614173,
-0.178910 -4.121979 1.614173,
-0.172607 -4.130745 1.614173,
-0.165876 -4.139186 1.614173,
-0.158732 -4.147281 1.614173,
-0.151193 -4.155011 1.614173,
-0.143278 -4.162354 1.614173,
-0.135008 -4.169294 1.614173,
-0.126401 -4.175813 1.614173,
-0.117480 -4.181895 1.614173,
-0.108268 -4.187525 1.614173,
-0.098786 -4.192689 1.614173,
-0.089058 -4.197373 1.614173,
-0.079109 -4.201567 1.614173,
-0.068964 -4.205260 1.614173,
-0.058647 -4.208442 1.614173,
-0.048184 -4.211106 1.614173,
-0.037601 -4.213246 1.614173,
-0.026925 -4.214855 1.614173,
-0.016182 -4.215930 1.614173,
-0.005398 -4.216468 1.614173,
0.005398 -4.216468 1.614173,
0.016182 -4.215930 1.614173,
0.026925 -4.214855 1.614173,
0.037601 -4.213246 1.614173,
0.048184 -4.211106 1.614173,
0.058647 -4.208442 1.614173,
0.068964 -4.205260 1.614173,
0.079109 -4.201567 1.614173,
0.089058 -4.197373 1.614173,
0.098786 -4.192689 1.614173,
0.108268 -4.187525 1.614173,
0.117480 -4.181895 1.614173,
0.126401 -4.175813 1.614173,
0.135008 -4.169294 1.614173,
0.143278 -4.162354 1.614173,
0.151193 -4.155011 1.614173,
0.158732 -4.147281 1.614173,
0.165876 -4.139186 1.614173,
0.172607 -4.130745 1.614173,
0.178910 -4.121979 1.614173,
0.184768 -4.112909 1.614173,
0.190166 -4.103559 1.614173,
0.195092 -4.093951 1.614173,
0.199532 -4.084110 1.614173,
0.203477 -4.074059 1.614173,
0.206915 -4.063825 1.614173,
0.209840 -4.053432 1.614173,
0.212242 -4.042906 1.614173,
0.214117 -4.032273 1.614173,
0.215459 -4.021560 1.614173,
0.216266 -4.010793 1.614173,
3.216535 -7.000000 1.614173,
3.216266 -6.989207 1.614173,
3.215459 -6.978440 1.614173,
3.214117 -6.967727 1.614173,
3.212242 -6.957094 1.614173,
3.209840 -6.946568 1.614173,
3.206915 -6.936175 1.614173,
3.203477 -6.925941 1.614173,
3.199532 -6.915890 1.614173,
3.195092 -6.906049 1.614173,
3.190166 -6.896441 1.614173,
3.184768 -6.887091 1.614173,
3.178910 -6.878021 1.614173,
3.172607 -6.869255 1.614173,
3.165876 -6.860814 1.614173,
3.158732 -6.852719 1.614173,
3.151193 -6.844989 1.614173,
3.143278 -6.837646 1.614173,
3.135008 -6.830706 1.614173,
3.126401 -6.824187 1.614173,
3.117480 -6.818105 1.614173,
3.108268 -6.812475 1.614173,
3.098786 -6.807311 1.614173,
3.089058 -6.802627 1.614173,
3.079109 -6.798433 1.614173,
3.068964 -6.794740 1.614173,
3.058647 -6.791558 1.614173,
3.048184 -6.788894 1.614173,
3.037601 -6.786754 1.614173,
3.026925 -6.785145 1.614173,
3.016182 -6.784070 1.614173,
3.005398 -6.783532 1.614173,
2.994602 -6.783532 1.614173,
2.983818 -6.784070 1.614173,
2.973075 -6.785145 1.614173,
2.962399 -6.786754 1.614173,
2.951816 -6.788894 1.614173,
2.941353 -6.791558 1.614173,
2.931036 -6.794740 1.614173,
2.920891 -6.798433 1.614173,
2.910942 -6.802627 1.614173,
2.901214 -6.807311 1.614173,
2.891732 -6.812475 1.614173,
2.882520 -6.818105 1.614173,
2.873599 -6.824187 1.614173,
2.864992 -6.830706 1.614173,
2.856722 -6.837646 1.614173,
2.848807 -6.844989 1.614173,
2.841268 -6.852719 1.614173,
2.834124 -6.860814 1.614173,
2.827393 -6.869255 1.614173,
2.821090 -6.878021 1.614173,
2.815232 -6.887091 1.614173,
2.809834 -6.896441 1.614173,
2.804908 -6.906049 1.614173,
2.800468 -6.915890 1.614173,
2.796523 -6.925941 1.614173,
2.793085 -6.936175 1.614173,
2.790160 -6.946568 1.614173,
2.787758 -6.957094 1.614173,
2.785883 -6.967727 1.614173,
2.784541 -6.978440 1.614173,
2.783734 -6.989207 1.614173,
2.783465 -7.000000 1.614173,
2.783734 -7.010793 1.614173,
2.784541 -7.021560 1.614173,
2.785883 -7.032273 1.614173,
2.787758 -7.042906 1.614173,
2.790160 -7.053432 1.614173,
2.793085 -7.063825 1.614173,
2.796523 -7.074059 1.614173,
2.800468 -7.084110 1.614173,
2.804908 -7.093951 1.614173,
2.809834 -7.103559 1.614173,
2.815232 -7.112909 1.614173,
2.821090 -7.121979 1.614173,
2.827393 -7.130745 1.614173,
2.834124 -7.139186 1.614173,
2.841268 -7.147281 1.614173,
2.848807 -7.155011 1.614173,
2.856722 -7.162354 1.614173,
2.864992 -7.169294 1.614173,
2.873599 -7.175813 1.614173,
2.882520 -7.181895 1.614173,
2.891732 -7.187525 1.614173,
2.901214 -7.192689 1.614173,
2.910942 -7.197373 1.614173,
2.920891 -7.201567 1.614173,
2.931036 -7.205260 1.614173,
2.941353 -7.208442 1.614173,
2.951816 -7.211106 1.614173,
2.962399 -7.213246 1.614173,
2.973075 -7.214855 1.614173,
2.983818 -7.215930 1.614173,
2.994602 -7.216468 1.614173,
3.005398 -7.216468 1.614173,
3.016182 -7.215930 1.614173,
3.026925 -7.214855 1.614173,
3.037601 -7.213246 1.614173,
3.048184 -7.211106 1.614173,
3.058647 -7.208442 1.614173,
3.068964 -7.205260 1.614173,
3.079109 -7.201567 1.614173,
3.089058 -7.197373 1.614173,
3.098786 -7.192689 1.614173,
3.108268 -7.187525 1.614173,
3.117480 -7.181895 1.614173,
3.126401 -7.175813 1.614173,
3.135008 -7.169294 1.614173,
3.143278 -7.162354 1.614173,
3.151193 -7.155011 1.614173,
3.158732 -7.147281 1.614173,
3.165876 -7.139186 1.614173,
3.172607 -7.130745 1.614173,
3.178910 -7.121979 1.614173,
3.184768 -7.112909 1.614173,
3.190166 -7.103559 1.614173,
3.195092 -7.093951 1.614173,
3.199532 -7.084110 1.614173,
3.203477 -7.074059 1.614173,
3.206915 -7.063825 1.614173,
3.209840 -7.053432 1.614173,
3.212242 -7.042906 1.614173,
3.214117 -7.032273 1.614173,
3.215459 -7.021560 1.614173,
3.216266 -7.010793 1.614173,
3.216535 -6.000000 1.614173,
3.216266 -5.989207 1.614173,
3.215459 -5.978440 1.614173,
3.214117 -5.967727 1.614173,
3.212242 -5.957094 1.614173,
3.209840 -5.946568 1.614173,
3.206915 -5.936175 1.614173,
3.203477 -5.925941 1.614173,
3.199532 -5.915890 1.614173,
3.195092 -5.906049 1.614173,
3.190166 -5.896441 1.614173,
3.184768 -5.887091 1.614173,
3.178910 -5.878021 1.614173,
3.172607 -5.869255 1.614173,
3.165876 -5.860814 1.614173,
3.158732 -5.852719 1.614173,
3.151193 -5.844989 1.614173,
3.143278 -5.837646 1.614173,
3.135008 -5.830706 1.614173,
3.126401 -5.824187 1.614173,
3.117480 -5.818105 1.614173,
3.108268 -5.812475 1.614173,
3.098786 -5.807311 1.614173,
3.089058 -5.802627 1.614173,
3.079109 -5.798433 1.614173,
3.068964 -5.794740 1.614173,
3.058647 -5.791558 1.614173,
3.048184 -5.788894 1.614173,
3.037601 -5.786754 1.614173,
3.026925 -5.785145 1.614173,
3.016182 -5.784070 1.614173,
3.005398 -5.783532 1.614173,
2.994602 -5.783532 1.614173,
2.983818 -5.784070 1.614173,
2.973075 -5.785145 1.614173,
2.962399 -5.786754 1.614173,
2.951816 -5.788894 1.614173,
2.941353 -5.791558 1.614173,
2.931036 -5.794740 1.614173,
2.920891 -5.798433 1.614173,
2.910942 -5.802627 1.614173,
2.901214 -5.807311 1.614173,
2.891732 -5.812475 1.614173,
2.882520 -5.818105 1.614173,
2.873599 -5.824187 1.614173,
2.864992 -5.830706 1.614173,
2.856722 -5.837646 1.614173,
2.848807 -5.844989 1.614173,
2.841268 -5.852719 1.614173,
2.834124 -5.860814 1.614173,
2.827393 -5.869255 1.614173,
2.821090 -5.878021 1.614173,
2.815232 -5.887091 1.614173,
2.809834 -5.896441 1.614173,
2.804908 -5.906049 1.614173,
2.800468 -5.915890 1.614173,
2.796523 -5.925941 1.614173,
2.793085 -5.936175 1.614173,
2.790160 -5.946568 1.614173,
2.787758 -5.957094 1.614173,
2.785883 -5.967727 1.614173,
2.784541 -5.978440 1.614173,
2.783734 -5.989207 1.614173,
2.783465 -6.000000 1.614173,
2.783734 -6.010793 1.614173,
2.784541 -6.021560 1.614173,
2.785883 -6.032273 1.614173,
2.787758 -6.042906 1.614173,
2.790160 -6.053432 1.614173,
2.793085 -6.063825 1.614173,
2.796523 -6.074059 1.614173,
2.800468 -6.084110 1.614173,
2.804908 -6.093951 1.614173,
2.809834 -6.103559 1.614173,
2.815232 -6.112909 1.614173,
2.821090 -6.121979 1.614173,
2.827393 -6.130745 1.614173,
2.834124 -6.139186 1.614173,
2.841268 -6.147281 1.614173,
2.848807 -6.155011 1.614173,
2.856722 -6.162354 1.614173,
2.864992 -6.169294 1.614173,
2.873599 -6.175813 1.614173,
2.882520 -6.181895 1.614173,
2.891732 -6.187525 1.614173,
2.901214 -6.192689 1.614173,
2.910942 -6.197373 1.614173,
2.920891 -6.201567 1.614173,
2.931036 -6.205260 1.614173,
2.941353 -6.208442 1.614173,
2.951816 -6.211106 1.614173,
2.962399 -6.213246 1.614173,
2.973075 -6.214855 1.614173,
2.983818 -6.215930 1.614173,
2.994602 -6.216468 1.614173,
3.005398 -6.216468 1.614173,
3.016182 -6.215930 1.614173,
3.026925 -6.214855 1.614173,
3.037601 -6.213246 1.614173,
3.048184 -6.211106 1.614173,
3.058647 -6.208442 1.614173,
3.068964 -6.205260 1.614173,
3.079109 -6.201567 1.614173,
3.089058 -6.197373 1.614173,
3.098786 -6.192689 1.614173,
3.108268 -6.187525 1.614173,
3.117480 -6.181895 1.614173,
3.126401 -6.175813 1.614173,
3.135008 -6.169294 1.614173,
3.143278 -6.162354 1.614173,
3.151193 -6.155011 1.614173,
3.158732 -6.147281 1.614173,
3.165876 -6.139186 1.614173,
3.172607 -6.130745 1.614173,
3.178910 -6.121979 1.614173,
3.184768 -6.112909 1.614173,
3.190166 -6.103559 1.614173,
3.195092 -6.093951 1.614173,
3.199532 -6.084110 1.614173,
3.203477 -6.074059 1.614173,
3.206915 -6.063825 1.614173,
3.209840 -6.053432 1.614173,
3.212242 -6.042906 1.614173,
3.214117 -6.032273 1.614173,
3.215459 -6.021560 1.614173,
3.216266 -6.010793 1.614173,
3.216535 -5.000000 1.614173,
3.216266 -4.989207 1.614173,
3.215459 -4.978440 1.614173,
3.214117 -4.967727 1.614173,
3.212242 -4.957094 1.614173,
3.209840 -4.946568 1.614173,
3.206915 -4.936175 1.614173,
3.203477 -4.925941 1.614173,
3.199532 -4.915890 1.614173,
3.195092 -4.906049 1.614173,
3.190166 -4.896441 1.614173,
3.184768 -4.887091 1.614173,
3.178910 -4.878021 1.614173,
3.172607 -4.869255 1.614173,
3.165876 -4.860814 1.614173,
3.158732 -4.852719 1.614173,
3.151193 -4.844989 1.614173,
3.143278 -4.837646 1.614173,
3.135008 -4.830706 1.614173,
3.126401 -4.824187 1.614173,
3.117480 -4.818105 1.614173,
3.108268 -4.812475 1.614173,
3.098786 -4.807311 1.614173,
3.089058 -4.802627 1.614173,
3.079109 -4.798433 1.614173,
3.068964 -4.794740 1.614173,
3.058647 -4.791558 1.614173,
3.048184 -4.788894 1.614173,
3.037601 -4.786754 1.614173,
3.026925 -4.785145 1.614173,
3.016182 -4.784070 1.614173,
3.005398 -4.783532 1.614173,
2.994602 -4.783532 1.614173,
2.983818 -4.784070 1.614173,
2.973075 -4.785145 1.614173,
2.962399 -4.786754 1.614173,
2.951816 -4.788894 1.614173,
2.941353 -4.791558 1.614173,
2.931036 -4.794740 1.614173,
2.920891 -4.798433 1.614173,
2.910942 -4.802627 1.614173,
2.901214 -4.807311 1.614173,
2.891732 -4.812475 1.614173,
2.882520 -4.818105 1.614173,
2.873599 -4.824187 1.614173,
2.864992 -4.830706 1.614173,
2.856722 -4.837646 1.614173,
2.848807 -4.844989 1.614173,
2.841268 -4.852719 1.614173,
2.834124 -4.860814 1.614173,
2.827393 -4.869255 1.614173,
2.821090 -4.878021 1.614173,
2.815232 -4.887091 1.614173,
2.809834 -4.896441 1.614173,
2.804908 -4.906049 1.614173,
2.800468 -4.915890 1.614173,
2.796523 -4.925941 1.614173,
2.793085 -4.936175 1.614173,
2.790160 -4.946568 1.614173,
2.787758 -4.957094 1.614173,
2.785883 -4.967727 1.614173,
2.784541 -4.978440 1.614173,
2.783734 -4.989207 1.614173,
2.783465 -5.000000 1.614173,
2.783734 -5.010793 1.614173,
2.784541 -5.021560 1.614173,
2.785883 -5.032273 1.614173,
2.787758 -5.042906 1.614173,
2.790160 -5.053432 1.614173,
2.793085 -5.063825 1.614173,
2.796523 -5.074059 1.614173,
2.800468 -5.084110 1.614173,
2.804908 -5.093951 1.614173,
2.809834 -5.103559 1.614173,
2.815232 -5.112909 1.614173,
2.821090 -5.121979 1.614173,
2.827393 -5.130745 1.614173,
2.834124 -5.139186 1.614173,
2.841268 -5.147281 1.614173,
2.848807 -5.155011 1.614173,
2.856722 -5.162354 1.614173,
2.864992 -5.169294 1.614173,
2.873599 -5.175813 1.614173,
2.882520 -5.181895 1.614173,
2.891732 -5.187525 1.614173,
2.901214 -5.192689 1.614173,
2.910942 -5.197373 1.614173,
2.920891 -5.201567 1.614173,
2.931036 -5.205260 1.614173,
2.941353 -5.208442 1.614173,
2.951816 -5.211106 1.614173,
2.962399 -5.213246 1.614173,
2.973075 -5.214855 1.614173,
2.983818 -5.215930 1.614173,
2.994602 -5.216468 1.614173,
3.005398 -5.216468 1.614173,
3.016182 -5.215930 1.614173,
3.026925 -5.214855 1.614173,
3.037601 -5.213246 1.614173,
3.048184 -5.211106 1.614173,
3.058647 -5.208442 1.614173,
3.068964 -5.205260 1.614173,
3.079109 -5.201567 1.614173,
3.089058 -5.197373 1.614173,
3.098786 -5.192689 1.614173,
3.108268 -5.187525 1.614173,
3.117480 -5.181895 1.614173,
3.126401 -5.175813 1.614173,
3.135008 -5.169294 1.614173,
3.143278 -5.162354 1.614173,
3.151193 -5.155011 1.614173,
3.158732 -5.147281 1.614173,
3.165876 -5.139186 1.614173,
3.172607 -5.130745 1.614173,
3.178910 -5.121979 1.614173,
3.184768 -5.112909 1.614173,
3.190166 -5.103559 1.614173,
3.195092 -5.093951 1.614173,
3.199532 -5.084110 1.614173,
3.203477 -5.074059 1.614173,
3.206915 -5.063825 1.614173,
3.209840 -5.053432 1.614173,
3.212242 -5.042906 1.614173,
3.214117 -5.032273 1.614173,
3.215459 -5.021560 1.614173,
3.216266 -5.010793 1.614173,
3.216535 -4.000000 1.614173,
3.216266 -3.989207 1.614173,
3.215459 -3.978440 1.614173,
3.214117 -3.967727 1.614173,
3.212242 -3.957094 1.614173,
3.209840 -3.946568 1.614173,
3.206915 -3.936175 1.614173,
3.203477 -3.925941 1.614173,
3.199532 -3.915890 1.614173,
3.195092 -3.906049 1.614173,
3.190166 -3.896441 1.614173,
3.184768 -3.887091 1.614173,
3.178910 -3.878021 1.614173,
3.172607 -3.869255 1.614173,
3.165876 -3.860814 1.614173,
3.158732 -3.852719 1.614173,
3.151193 -3.844989 1.614173,
3.143278 -3.837646 1.614173,
3.135008 -3.830706 1.614173,
3.126401 -3.824187 1.614173,
3.117480 -3.818105 1.614173,
3.108268 -3.812475 1.614173,
3.098786 -3.807311 1.614173,
3.089058 -3.802627 1.614173,
3.079109 -3.798433 1.614173,
3.068964 -3.794740 1.614173,
3.058647 -3.791558 1.614173,
3.048184 -3.788894 1.614173,
3.037601 -3.786754 1.614173,
3.026925 -3.785145 1.614173,
3.016182 -3.784070 1.614173,
3.005398 -3.783532 1.614173,
2.994602 -3.783532 1.614173,
2.983818 -3.784070 1.614173,
2.973075 -3.785145 1.614173,
2.962399 -3.786754 1.614173,
2.951816 -3.788894 1.614173,
2.941353 -3.791558 1.614173,
2.931036 -3.794740 1.614173,
2.920891 -3.798433 1.614173,
2.910942 -3.802627 1.614173,
2.901214 -3.807311 1.614173,
2.891732 -3.812475 1.614173,
2.882520 -3.818105 1.614173,
2.873599 -3.824187 1.614173,
2.864992 -3.830706 1.614173,
2.856722 -3.837646 1.614173,
2.848807 -3.844989 1.614173,
2.841268 -3.852719 1.614173,
2.834124 -3.860814 1.614173,
2.827393 -3.869255 1.614173,
2.821090 -3.878021 1.614173,
2.815232 -3.887091 1.614173,
2.809834 -3.896441 1.614173,
2.804908 -3.906049 1.614173,
2.800468 -3.915890 1.614173,
2.796523 -3.925941 1.614173,
2.793085 -3.936175 1.614173,
2.790160 -3.946568 1.614173,
2.787758 -3.957094 1.614173,
2.785883 -3.967727 1.614173,
2.784541 -3.978440 1.614173,
2.783734 -3.989207 1.614173,
2.783465 -4.000000 1.614173,
2.783734 -4.010793 1.614173,
2.784541 -4.021560 1.614173,
2.785883 -4.032273 1.614173,
2.787758 -4.042906 1.614173,
2.790160 -4.053432 1.614173,
2.793085 -4.063825 1.614173,
2.796523 -4.074059 1.614173,
2.800468 -4.084110 1.614173,
2.804908 -4.093951 1.614173,
2.809834 -4.103559 1.614173,
2.815232 -4.112909 1.614173,
2.821090 -4.121979 1.614173,
2.827393 -4.130745 1.614173,
2.834124 -4.139186 1.614173,
2.841268 -4.147281 1.614173,
2.848807 -4.155011 1.614173,
2.856722 -4.162354 1.614173,
2.864992 -4.169294 1.614173,
2.873599 -4.175813 1.614173,
2.882520 -4.181895 1.614173,
2.891732 -4.187525 1.614173,
2.901214 -4.192689 1.614173,
2.910942 -4.197373 1.614173,
2.920891 -4.201567 1.614173,
2.931036 -4.205260 1.614173,
2.941353 -4.208442 1.614173,
2.951816 -4.211106 1.614173,
2.962399 -4.213246 1.614173,
2.973075 -4.214855 1.614173,
2.983818 -4.215930 1.614173,
2.994602 -4.216468 1.614173,
3.005398 -4.216468 1.614173,
3.016182 -4.215930 1.614173,
3.026925 -4.214855 1.614173,
3.037601 -4.213246 1.614173,
3.048184 -4.211106 1.614173,
3.058647 -4.208442 1.614173,
3.068964 -4.205260 1.614173,
3.079109 -4.201567 1.614173,
3.089058 -4.197373 1.614173,
3.098786 -4.192689 1.614173,
3.108268 -4.187525 1.614173,
3.117480 -4.181895 1.614173,
3.126401 -4.175813 1.614173,
3.135008 -4.169294 1.614173,
3.143278 -4.162354 1.614173,
3.151193 -4.155011 1.614173,
3.158732 -4.147281 1.614173,
3.165876 -4.139186 1.614173,
3.172607 -4.130745 1.614173,
3.178910 -4.121979 1.614173,
3.184768 -4.112909 1.614173,
3.190166 -4.103559 1.614173,
3.195092 -4.093951 1.614173,
3.199532 -4.084110 1.614173,
3.203477 -4.074059 1.614173,
3.206915 -4.063825 1.614173,
3.209840 -4.053432 1.614173,
3.212242 -4.042906 1.614173,
3.214117 -4.032273 1.614173,
3.215459 -4.021560 1.614173,
3.216266 -4.010793 1.614173,
0.216535 -3.000000 1.614173,
0.216266 -2.989207 1.614173,
0.215459 -2.978440 1.614173,
0.214117 -2.967727 1.614173,
0.212242 -2.957094 1.614173,
0.209840 -2.946568 1.614173,
0.206915 -2.936175 1.614173,
0.203477 -2.925941 1.614173,
0.199532 -2.915890 1.614173,
0.195092 -2.906049 1.614173,
0.190166 -2.896441 1.614173,
0.184768 -2.887091 1.614173,
0.178910 -2.878021 1.614173,
0.172607 -2.869255 1.614173,
0.165876 -2.860814 1.614173,
0.158732 -2.852719 1.614173,
0.151193 -2.844989 1.614173,
0.143278 -2.837646 1.614173,
0.135008 -2.830706 1.614173,
0.126401 -2.824187 1.614173,
0.117480 -2.818105 1.614173,
0.108268 -2.812475 1.614173,
0.098786 -2.807311 1.614173,
0.089058 -2.802627 1.614173,
0.079109 -2.798433 1.614173,
0.068964 -2.794740 1.614173,
0.058647 -2.791558 1.614173,
0.048184 -2.788894 1.614173,
0.037601 -2.786754 1.614173,
0.026925 -2.785145 1.614173,
0.016182 -2.784070 1.614173,
0.005398 -2.783532 1.614173,
-0.005398 -2.783532 1.614173,
-0.016182 -2.784070 1.614173,
-0.026925 -2.785145 1.614173,
-0.037601 -2.786754 1.614173,
-0.048184 -2.788894 1.614173,
-0.058647 -2.791558 1.614173,
-0.068964 -2.794740 1.614173,
-0.079109 -2.798433 1.614173,
-0.089058 -2.802627 1.614173,
-0.098786 -2.807311 1.614173,
-0.108268 -2.812475 1.614173,
-0.117480 -2.818105 1.614173,
-0.126401 -2.824187 1.614173,
-0.135008 -2.830706 1.614173,
-0.143278 -2.837646 1.614173,
-0.151193 -2.844989 1.614173,
-0.158732 -2.852719 1.614173,
-0.165876 -2.860814 1.614173,
-0.172607 -2.869255 1.614173,
-0.178910 -2.878021 1.614173,
-0.184768 -2.887091 1.614173,
-0.190166 -2.896441 1.614173,
-0.195092 -2.906049 1.614173,
-0.199532 -2.915890 1.614173,
-0.203477 -2.925941 1.614173,
-0.206915 -2.936175 1.614173,
-0.209840 -2.946568 1.614173,
-0.212242 -2.957094 1.614173,
-0.214117 -2.967727 1.614173,
-0.215459 -2.978440 1.614173,
-0.216266 -2.989207 1.614173,
-0.216535 -3.000000 1.614173,
-0.216266 -3.010793 1.614173,
-0.215459 -3.021560 1.614173,
-0.214117 -3.032273 1.614173,
-0.212242 -3.042906 1.614173,
-0.209840 -3.053432 1.614173,
-0.206915 -3.063825 1.614173,
-0.203477 -3.074059 1.614173,
-0.199532 -3.084110 1.614173,
-0.195092 -3.093951 1.614173,
-0.190166 -3.103559 1.614173,
-0.184768 -3.112909 1.614173,
-0.178910 -3.121979 1.614173,
-0.172607 -3.130745 1.614173,
-0.165876 -3.139186 1.614173,
-0.158732 -3.147281 1.614173,
-0.151193 -3.155011 1.614173,
-0.143278 -3.162354 1.614173,
-0.135008 -3.169294 1.614173,
-0.126401 -3.175813 1.614173,
-0.117480 -3.181895 1.614173,
-0.108268 -3.187525 1.614173,
-0.098786 -3.192689 1.614173,
-0.089058 -3.197373 1.614173,
-0.079109 -3.201567 1.614173,
-0.068964 -3.205260 1.614173,
-0.058647 -3.208442 1.614173,
-0.048184 -3.211106 1.614173,
-0.037601 -3.213246 1.614173,
-0.026925 -3.214855 1.614173,
-0.016182 -3.215930 1.614173,
-0.005398 -3.216468 1.614173,
0.005398 -3.216468 1.614173,
0.016182 -3.215930 1.614173,
0.026925 -3.214855 1.614173,
0.037601 -3.213246 1.614173,
0.048184 -3.211106 1.614173,
0.058647 -3.208442 1.614173,
0.068964 -3.205260 1.614173,
0.079109 -3.201567 1.614173,
0.089058 -3.197373 1.614173,
0.098786 -3.192689 1.614173,
0.108268 -3.187525 1.614173,
0.117480 -3.181895 1.614173,
0.126401 -3.175813 1.614173,
0.135008 -3.169294 1.614173,
0.143278 -3.162354 1.614173,
0.151193 -3.155011 1.614173,
0.158732 -3.147281 1.614173,
0.165876 -3.139186 1.614173,
0.172607 -3.130745 1.614173,
0.178910 -3.121979 1.614173,
0.184768 -3.112909 1.614173,
0.190166 -3.103559 1.614173,
0.195092 -3.093951 1.614173,
0.199532 -3.084110 1.614173,
0.203477 -3.074059 1.614173,
0.206915 -3.063825 1.614173,
0.209840 -3.053432 1.614173,
0.212242 -3.042906 1.614173,
0.214117 -3.032273 1.614173,
0.215459 -3.021560 1.614173,
0.216266 -3.010793 1.614173,
0.216535 -2.000000 1.614173,
0.216266 -1.989207 1.614173,
0.215459 -1.978440 1.614173,
0.214117 -1.967727 1.614173,
0.212242 -1.957094 1.614173,
0.209840 -1.946568 1.614173,
0.206915 -1.936175 1.614173,
0.203477 -1.925941 1.614173,
0.199532 -1.915890 1.614173,
0.195092 -1.906049 1.614173,
0.190166 -1.896441 1.614173,
0.184768 -1.887091 1.614173,
0.178910 -1.878021 1.614173,
0.172607 -1.869255 1.614173,
0.165876 -1.860814 1.614173,
0.158732 -1.852719 1.614173,
0.151193 -1.844989 1.614173,
0.143278 -1.837646 1.614173,
0.135008 -1.830706 1.614173,
0.126401 -1.824187 1.614173,
0.117480 -1.818105 1.614173,
0.108268 -1.812475 1.614173,
0.098786 -1.807311 1.614173,
0.089058 -1.802627 1.614173,
0.079109 -1.798433 1.614173,
0.068964 -1.794740 1.614173,
0.058647 -1.791558 1.614173,
0.048184 -1.788894 1.614173,
0.037601 -1.786754 1.614173,
0.026925 -1.785145 1.614173,
0.016182 -1.784070 1.614173,
0.005398 -1.783532 1.614173,
-0.005398 -1.783532 1.614173,
-0.016182 -1.784070 1.614173,
-0.026925 -1.785145 1.614173,
-0.037601 -1.786754 1.614173,
-0.048184 -1.788894 1.614173,
-0.058647 -1.791558 1.614173,
-0.068964 -1.794740 1.614173,
-0.079109 -1.798433 1.614173,
-0.089058 -1.802627 1.614173,
-0.098786 -1.807311 1.614173,
-0.108268 -1.812475 1.614173,
-0.117480 -1.818105 1.614173,
-0.126401 -1.824187 1.614173,
-0.135008 -1.830706 1.614173,
-0.143278 -1.837646 1.614173,
-0.151193 -1.844989 1.614173,
-0.158732 -1.852719 1.614173,
-0.165876 -1.860814 1.614173,
-0.172607 -1.869255 1.614173,
-0.178910 -1.878021 1.614173,
-0.184768 -1.887091 1.614173,
-0.190166 -1.896441 1.614173,
-0.195092 -1.906049 1.614173,
-0.199532 -1.915890 1.614173,
-0.203477 -1.925941 1.614173,
-0.206915 -1.936175 1.614173,
-0.209840 -1.946568 1.614173,
-0.212242 -1.957094 1.614173,
-0.214117 -1.967727 1.614173,
-0.215459 -1.978440 1.614173,
-0.216266 -1.989207 1.614173,
-0.216535 -2.000000 1.614173,
-0.216266 -2.010793 1.614173,
-0.215459 -2.021560 1.614173,
-0.214117 -2.032273 1.614173,
-0.212242 -2.042906 1.614173,
-0.209840 -2.053432 1.614173,
-0.206915 -2.063825 1.614173,
-0.203477 -2.074059 1.614173,
-0.199532 -2.084110 1.614173,
-0.195092 -2.093951 1.614173,
-0.190166 -2.103559 1.614173,
-0.184768 -2.112909 1.614173,
-0.178910 -2.121979 1.614173,
-0.172607 -2.130745 1.614173,
-0.165876 -2.139186 1.614173,
-0.158732 -2.147281 1.614173,
-0.151193 -2.155011 1.614173,
-0.143278 -2.162354 1.614173,
-0.135008 -2.169294 1.614173,
-0.126401 -2.175813 1.614173,
-0.117480 -2.181895 1.614173,
-0.108268 -2.187525 1.614173,
-0.098786 -2.192689 1.614173,
-0.089058 -2.197373 1.614173,
-0.079109 -2.201567 1.614173,
-0.068964 -2.205260 1.614173,
-0.058647 -2.208442 1.614173,
-0.048184 -2.211106 1.614173,
-0.037601 -2.213246 1.614173,
-0.026925 -2.214855 1.614173,
-0.016182 -2.215930 1.614173,
-0.005398 -2.216468 1.614173,
0.005398 -2.216468 1.614173,
0.016182 -2.215930 1.614173,
0.026925 -2.214855 1.614173,
0.037601 -2.213246 1.614173,
0.048184 -2.211106 1.614173,
0.058647 -2.208442 1.614173,
0.068964 -2.205260 1.614173,
0.079109 -2.201567 1.614173,
0.089058 -2.197373 1.614173,
0.098786 -2.192689 1.614173,
0.108268 -2.187525 1.614173,
0.117480 -2.181895 1.614173,
0.126401 -2.175813 1.614173,
0.135008 -2.169294 1.614173,
0.143278 -2.162354 1.614173,
0.151193 -2.155011 1.614173,
0.158732 -2.147281 1.614173,
0.165876 -2.139186 1.614173,
0.172607 -2.130745 1.614173,
0.178910 -2.121979 1.614173,
0.184768 -2.112909 1.614173,
0.190166 -2.103559 1.614173,
0.195092 -2.093951 1.614173,
0.199532 -2.084110 1.614173,
0.203477 -2.074059 1.614173,
0.206915 -2.063825 1.614173,
0.209840 -2.053432 1.614173,
0.212242 -2.042906 1.614173,
0.214117 -2.032273 1.614173,
0.215459 -2.021560 1.614173,
0.216266 -2.010793 1.614173,
0.216535 -1.000000 1.614173,
0.216266 -0.989207 1.614173,
0.215459 -0.978440 1.614173,
0.214117 -0.967727 1.614173,
0.212242 -0.957094 1.614173,
0.209840 -0.946568 1.614173,
0.206915 -0.936175 1.614173,
0.203477 -0.925941 1.614173,
0.199532 -0.915890 1.614173,
0.195092 -0.906049 1.614173,
0.190166 -0.896441 1.614173,
0.184768 -0.887091 1.614173,
0.178910 -0.878021 1.614173,
0.172607 -0.869255 1.614173,
0.165876 -0.860814 1.614173,
0.158732 -0.852719 1.614173,
0.151193 -0.844989 1.614173,
0.143278 -0.837646 1.614173,
0.135008 -0.830706 1.614173,
0.126401 -0.824187 1.614173,
0.117480 -0.818105 1.614173,
0.108268 -0.812475 1.614173,
0.098786 -0.807311 1.614173,
0.089058 -0.802627 1.614173,
0.079109 -0.798433 1.614173,
0.068964 -0.794740 1.614173,
0.058647 -0.791558 1.614173,
0.048184 -0.788894 1.614173,
0.037601 -0.786754 1.614173,
0.026925 -0.785145 1.614173,
0.016182 -0.784070 1.614173,
0.005398 -0.783532 1.614173,
-0.005398 -0.783532 1.614173,
-0.016182 -0.784070 1.614173,
-0.026925 -0.785145 1.614173,
-0.037601 -0.786754 1.614173,
-0.048184 -0.788894 1.614173,
-0.058647 -0.791558 1.614173,
-0.068964 -0.794740 1.614173,
-0.079109 -0.798433 1.614173,
-0.089058 -0.802627 1.614173,
-0.098786 -0.807311 1.614173,
-0.108268 -0.812475 1.614173,
-0.117480 -0.818105 1.614173,
-0.126401 -0.824187 1.614173,
-0.135008 -0.830706 1.614173,
-0.143278 -0.837646 1.614173,
-0.151193 -0.844989 1.614173,
-0.158732 -0.852719 1.614173,
-0.165876 -0.860814 1.614173,
-0.172607 -0.869255 1.614173,
-0.178910 -0.878021 1.614173,
-0.184768 -0.887091 1.614173,
-0.190166 -0.896441 1.614173,
-0.195092 -0.906049 1.614173,
-0.199532 -0.915890 1.614173,
-0.203477 -0.925941 1.614173,
-0.206915 -0.936175 1.614173,
-0.209840 -0.946568 1.614173,
-0.212242 -0.957094 1.614173,
-0.214117 -0.967727 1.614173,
-0.215459 -0.978440 1.614173,
-0.216266 -0.989207 1.614173,
-0.216535 -1.000000 1.614173,
-0.216266 -1.010793 1.614173,
-0.215459 -1.021560 1.614173,
-0.214117 -1.032273 1.614173,
-0.212242 -1.042906 1.614173,
-0.209840 -1.053432 1.614173,
-0.206915 -1.063825 1.614173,
-0.203477 -1.074059 1.614173,
-0.199532 -1.084110 1.614173,
-0.195092 -1.093951 1.614173,
-0.190166 -1.103559 1.614173,
-0.184768 -1.112909 1.614173,
-0.178910 -1.121979 1.614173,
-0.172607 -1.130745 1.614173,
-0.165876 -1.139186 1.614173,
-0.158732 -1.147281 1.614173,
-0.151193 -1.155011 1.614173,
-0.143278 -1.162354 1.614173,
-0.135008 -1.169294 1.614173,
-0.126401 -1.175813 1.614173,
-0.117480 -1.181895 1.614173,
-0.108268 -1.187525 1.614173,
-0.098786 -1.192689 1.614173,
-0.089058 -1.197373 1.614173,
-0.079109 -1.201567 1.614173,
-0.068964 -1.205260 1.614173,
-0.058647 -1.208442 1.614173,
-0.048184 -1.211106 1.614173,
-0.037601 -1.213246 1.614173,
-0.026925 -1.214855 1.614173,
-0.016182 -1.215930 1.614173,
-0.005398 -1.216468 1.614173,
0.005398 -1.216468 1.614173,
0.016182 -1.215930 1.614173,
0.026925 -1.214855 1.614173,
0.037601 -1.213246 1.614173,
0.048184 -1.211106 1.614173,
0.058647 -1.208442 1.614173,
0.068964 -1.205260 1.614173,
0.079109 -1.201567 1.614173,
0.089058 -1.197373 1.614173,
0.098786 -1.192689 1.614173,
0.108268 -1.187525 1.614173,
0.117480 -1.181895 1.614173,
0.126401 -1.175813 1.614173,
0.135008 -1.169294 1.614173,
0.143278 -1.162354 1.614173,
0.151193 -1.155011 1.614173,
0.158732 -1.147281 1.614173,
0.165876 -1.139186 1.614173,
0.172607 -1.130745 1.614173,
0.178910 -1.121979 1.614173,
0.184768 -1.112909 1.614173,
0.190166 -1.103559 1.614173,
0.195092 -1.093951 1.614173,
0.199532 -1.084110 1.614173,
0.203477 -1.074059 1.614173,
0.206915 -1.063825 1.614173,
0.209840 -1.053432 1.614173,
0.212242 -1.042906 1.614173,
0.214117 -1.032273 1.614173,
0.215459 -1.021560 1.614173,
0.216266 -1.010793 1.614173,
0.216535 -0.000000 1.614173,
0.216266 0.010793 1.614173,
0.215459 0.021560 1.614173,
0.214117 0.032273 1.614173,
0.212242 0.042906 1.614173,
0.209840 0.053432 1.614173,
0.206915 0.063825 1.614173,
0.203477 0.074059 1.614173,
0.199532 0.084110 1.614173,
0.195092 0.093951 1.614173,
0.190166 0.103559 1.614173,
0.184768 0.112909 1.614173,
0.178910 0.121979 1.614173,
0.172607 0.130745 1.614173,
0.165876 0.139186 1.614173,
0.158732 0.147281 1.614173,
0.151193 0.155011 1.614173,
0.143278 0.162354 1.614173,
0.135008 0.169294 1.614173,
0.126401 0.175813 1.614173,
0.117480 0.181895 1.614173,
0.108268 0.187525 1.614173,
0.098786 0.192689 1.614173,
0.089058 0.197373 1.614173,
0.079109 0.201567 1.614173,
0.068964 0.205260 1.614173,
0.058647 0.208442 1.614173,
0.048184 0.211106 1.614173,
0.037601 0.213246 1.614173,
0.026925 0.214855 1.614173,
0.016182 0.215930 1.614173,
0.005398 0.216468 1.614173,
-0.005398 0.216468 1.614173,
-0.016182 0.215930 1.614173,
-0.026925 0.214855 1.614173,
-0.037601 0.213246 1.614173,
-0.048184 0.211106 1.614173,
-0.058647 0.208442 1.614173,
-0.068964 0.205260 1.614173,
-0.079109 0.201567 1.614173,
-0.089058 0.197373 1.614173,
-0.098786 0.192689 1.614173,
-0.108268 0.187525 1.614173,
-0.117480 0.181895 1.614173,
-0.126401 0.175813 1.614173,
-0.135008 0.169294 1.614173,
-0.143278 0.162354 1.614173,
-0.151193 0.155011 1.614173,
-0.158732 0.147281 1.614173,
-0.165876 0.139186 1.614173,
-0.172607 0.130745 1.614173,
-0.178910 0.121979 1.614173,
-0.184768 0.112909 1.614173,
-0.190166 0.103559 1.614173,
-0.195092 0.093951 1.614173,
-0.199532 0.084110 1.614173,
-0.203477 0.074059 1.614173,
-0.206915 0.063825 1.614173,
-0.209840 0.053432 1.614173,
-0.212242 0.042906 1.614173,
-0.214117 0.032273 1.614173,
-0.215459 0.021560 1.614173,
-0.216266 0.010793 1.614173,
-0.216535 -0.000000 1.614173,
-0.216266 -0.010793 1.614173,
-0.215459 -0.021560 1.614173,
-0.214117 -0.032273 1.614173,
-0.212242 -0.042906 1.614173,
-0.209840 -0.053432 1.614173,
-0.206915 -0.063825 1.614173,
-0.203477 -0.074059 1.614173,
-0.199532 -0.084110 1.614173,
-0.195092 -0.093951 1.614173,
-0.190166 -0.103559 1.614173,
-0.184768 -0.112909 1.614173,
-0.178910 -0.121979 1.614173,
-0.172607 -0.130745 1.614173,
-0.165876 -0.139186 1.614173,
-0.158732 -0.147281 1.614173,
-0.151193 -0.155011 1.614173,
-0.143278 -0.162354 1.614173,
-0.135008 -0.169294 1.614173,
-0.126401 -0.175813 1.614173,
-0.117480 -0.181895 1.614173,
-0.108268 -0.187525 1.614173,
-0.098786 -0.192689 1.614173,
-0.089058 -0.197373 1.614173,
-0.079109 -0.201567 1.614173,
-0.068964 -0.205260 1.614173,
-0.058647 -0.208442 1.614173,
-0.048184 -0.211106 1.614173,
-0.037601 -0.213246 1.614173,
-0.026925 -0.214855 1.614173,
-0.016182 -0.215930 1.614173,
-0.005398 -0.216468 1.614173,
0.005398 -0.216468 1.614173,
0.016182 -0.215930 1.614173,
0.026925 -0.214855 1.614173,
0.037601 -0.213246 1.614173,
0.048184 -0.211106 1.614173,
0.058647 -0.208442 1.614173,
0.068964 -0.205260 1.614173,
0.079109 -0.201567 1.614173,
0.089058 -0.197373 1.614173,
0.098786 -0.192689 1.614173,
0.108268 -0.187525 1.614173,
0.117480 -0.181895 1.614173,
0.126401 -0.175813 1.614173,
0.135008 -0.169294 1.614173,
0.143278 -0.162354 1.614173,
0.151193 -0.155011 1.614173,
0.158732 -0.147281 1.614173,
0.165876 -0.139186 1.614173,
0.172607 -0.130745 1.614173,
0.178910 -0.121979 1.614173,
0.184768 -0.112909 1.614173,
0.190166 -0.103559 1.614173,
0.195092 -0.093951 1.614173,
0.199532 -0.084110 1.614173,
0.203477 -0.074059 1.614173,
0.206915 -0.063825 1.614173,
0.209840 -0.053432 1.614173,
0.212242 -0.042906 1.614173,
0.214117 -0.032273 1.614173,
0.215459 -0.021560 1.614173,
0.216266 -0.010793 1.614173,
3.216535 -3.000000 1.614173,
3.216266 -2.989207 1.614173,
3.215459 -2.978440 1.614173,
3.214117 -2.967727 1.614173,
3.212242 -2.957094 1.614173,
3.209840 -2.946568 1.614173,
3.206915 -2.936175 1.614173,
3.203477 -2.925941 1.614173,
3.199532 -2.915890 1.614173,
3.195092 -2.906049 1.614173,
3.190166 -2.896441 1.614173,
3.184768 -2.887091 1.614173,
3.178910 -2.878021 1.614173,
3.172607 -2.869255 1.614173,
3.165876 -2.860814 1.614173,
3.158732 -2.852719 1.614173,
3.151193 -2.844989 1.614173,
3.143278 -2.837646 1.614173,
3.135008 -2.830706 1.614173,
3.126401 -2.824187 1.614173,
3.117480 -2.818105 1.614173,
3.108268 -2.812475 1.614173,
3.098786 -2.807311 1.614173,
3.089058 -2.802627 1.614173,
3.079109 -2.798433 1.614173,
3.068964 -2.794740 1.614173,
3.058647 -2.791558 1.614173,
3.048184 -2.788894 1.614173,
3.037601 -2.786754 1.614173,
3.026925 -2.785145 1.614173,
3.016182 -2.784070 1.614173,
3.005398 -2.783532 1.614173,
2.994602 -2.783532 1.614173,
2.983818 -2.784070 1.614173,
2.973075 -2.785145 1.614173,
2.962399 -2.786754 1.614173,
2.951816 -2.788894 1.614173,
2.941353 -2.791558 1.614173,
2.931036 -2.794740 1.614173,
2.920891 -2.798433 1.614173,
2.910942 -2.802627 1.614173,
2.901214 -2.807311 1.614173,
2.891732 -2.812475 1.614173,
2.882520 -2.818105 1.614173,
2.873599 -2.824187 1.614173,
2.864992 -2.830706 1.614173,
2.856722 -2.837646 1.614173,
2.848807 -2.844989 1.614173,
2.841268 -2.852719 1.614173,
2.834124 -2.860814 1.614173,
2.827393 -2.869255 1.614173,
2.821090 -2.878021 1.614173,
2.815232 -2.887091 1.614173,
2.809834 -2.896441 1.614173,
2.804908 -2.906049 1.614173,
2.800468 -2.915890 1.614173,
2.796523 -2.925941 1.614173,
2.793085 -2.936175 1.614173,
2.790160 -2.946568 1.614173,
2.787758 -2.957094 1.614173,
2.785883 -2.967727 1.614173,
2.784541 -2.978440 1.614173,
2.783734 -2.989207 1.614173,
2.783465 -3.000000 1.614173,
2.783734 -3.010793 1.614173,
2.784541 -3.021560 1.614173,
2.785883 -3.032273 1.614173,
2.787758 -3.042906 1.614173,
2.790160 -3.053432 1.614173,
2.793085 -3.063825 1.614173,
2.796523 -3.074059 1.614173,
2.800468 -3.084110 1.614173,
2.804908 -3.093951 1.614173,
2.809834 -3.103559 1.614173,
2.815232 -3.112909 1.614173,
2.821090 -3.121979 1.614173,
2.827393 -3.130745 1.614173,
2.834124 -3.139186 1.614173,
2.841268 -3.147281 1.614173,
2.848807 -3.155011 1.614173,
2.856722 -3.162354 1.614173,
2.864992 -3.169294 1.614173,
2.873599 -3.175813 1.614173,
2.882520 -3.181895 1.614173,
2.891732 -3.187525 1.614173,
2.901214 -3.192689 1.614173,
2.910942 -3.197373 1.614173,
2.920891 -3.201567 1.614173,
2.931036 -3.205260 1.614173,
2.941353 -3.208442 1.614173,
2.951816 -3.211106 1.614173,
2.962399 -3.213246 1.614173,
2.973075 -3.214855 1.614173,
2.983818 -3.215930 1.614173,
2.994602 -3.216468 1.614173,
3.005398 -3.216468 1.614173,
3.016182 -3.215930 1.614173,
3.026925 -3.214855 1.614173,
3.037601 -3.213246 1.614173,
3.048184 -3.211106 1.614173,
3.058647 -3.208442 1.614173,
3.068964 -3.205260 1.614173,
3.079109 -3.201567 1.614173,
3.089058 -3.197373 1.614173,
3.098786 -3.192689 1.614173,
3.108268 -3.187525 1.614173,
3.117480 -3.181895 1.614173,
3.126401 -3.175813 1.614173,
3.135008 -3.169294 1.614173,
3.143278 -3.162354 1.614173,
3.151193 -3.155011 1.614173,
3.158732 -3.147281 1.614173,
3.165876 -3.139186 1.614173,
3.172607 -3.130745 1.614173,
3.178910 -3.121979 1.614173,
3.184768 -3.112909 1.614173,
3.190166 -3.103559 1.614173,
3.195092 -3.093951 1.614173,
3.199532 -3.084110 1.614173,
3.203477 -3.074059 1.614173,
3.206915 -3.063825 1.614173,
3.209840 -3.053432 1.614173,
3.212242 -3.042906 1.614173,
3.214117 -3.032273 1.614173,
3.215459 -3.021560 1.614173,
3.216266 -3.010793 1.614173,
3.216535 -2.000000 1.614173,
3.216266 -1.989207 1.614173,
3.215459 -1.978440 1.614173,
3.214117 -1.967727 1.614173,
3.212242 -1.957094 1.614173,
3.209840 -1.946568 1.614173,
3.206915 -1.936175 1.614173,
3.203477 -1.925941 1.614173,
3.199532 -1.915890 1.614173,
3.195092 -1.906049 1.614173,
3.190166 -1.896441 1.614173,
3.184768 -1.887091 1.614173,
3.178910 -1.878021 1.614173,
3.172607 -1.869255 1.614173,
3.165876 -1.860814 1.614173,
3.158732 -1.852719 1.614173,
3.151193 -1.844989 1.614173,
3.143278 -1.837646 1.614173,
3.135008 -1.830706 1.614173,
3.126401 -1.824187 1.614173,
3.117480 -1.818105 1.614173,
3.108268 -1.812475 1.614173,
3.098786 -1.807311 1.614173,
3.089058 -1.802627 1.614173,
3.079109 -1.798433 1.614173,
3.068964 -1.794740 1.614173,
3.058647 -1.791558 1.614173,
3.048184 -1.788894 1.614173,
3.037601 -1.786754 1.614173,
3.026925 -1.785145 1.614173,
3.016182 -1.784070 1.614173,
3.005398 -1.783532 1.614173,
2.994602 -1.783532 1.614173,
2.983818 -1.784070 1.614173,
2.973075 -1.785145 1.614173,
2.962399 -1.786754 1.614173,
2.951816 -1.788894 1.614173,
2.941353 -1.791558 1.614173,
2.931036 -1.794740 1.614173,
2.920891 -1.798433 1.614173,
2.910942 -1.802627 1.614173,
2.901214 -1.807311 1.614173,
2.891732 -1.812475 1.614173,
2.882520 -1.818105 1.614173,
2.873599 -1.824187 1.614173,
2.864992 -1.830706 1.614173,
2.856722 -1.837646 1.614173,
2.848807 -1.844989 1.614173,
2.841268 -1.852719 1.614173,
2.834124 -1.860814 1.614173,
2.827393 -1.869255 1.614173,
2.821090 -1.878021 1.614173,
2.815232 -1.887091 1.614173,
2.809834 -1.896441 1.614173,
2.804908 -1.906049 1.614173,
2.800468 -1.915890 1.614173,
2.796523 -1.925941 1.614173,
2.793085 -1.936175 1.614173,
2.790160 -1.946568 1.614173,
2.787758 -1.957094 1.614173,
2.785883 -1.967727 1.614173,
2.784541 -1.978440 1.614173,
2.783734 -1.989207 1.614173,
2.783465 -2.000000 1.614173,
2.783734 -2.010793 1.614173,
2.784541 -2.021560 1.614173,
2.785883 -2.032273 1.614173,
2.787758 -2.042906 1.614173,
2.790160 -2.053432 1.614173,
2.793085 -2.063825 1.614173,
2.796523 -2.074059 1.614173,
2.800468 -2.084110 1.614173,
2.804908 -2.093951 1.614173,
2.809834 -2.103559 1.614173,
2.815232 -2.112909 1.614173,
2.821090 -2.121979 1.614173,
2.827393 -2.130745 1.614173,
2.834124 -2.139186 1.614173,
2.841268 -2.147281 1.614173,
2.848807 -2.155011 1.614173,
2.856722 -2.162354 1.614173,
2.864992 -2.169294 1.614173,
2.873599 -2.175813 1.614173,
2.882520 -2.181895 1.614173,
2.891732 -2.187525 1.614173,
2.901214 -2.192689 1.614173,
2.910942 -2.197373 1.614173,
2.920891 -2.201567 1.614173,
2.931036 -2.205260 1.614173,
2.941353 -2.208442 1.614173,
2.951816 -2.211106 1.614173,
2.962399 -2.213246 1.614173,
2.973075 -2.214855 1.614173,
2.983818 -2.215930 1.614173,
2.994602 -2.216468 1.614173,
3.005398 -2.216468 1.614173,
3.016182 -2.215930 1.614173,
3.026925 -2.214855 1.614173,
3.037601 -2.213246 1.614173,
3.048184 -2.211106 1.614173,
3.058647 -2.208442 1.614173,
3.068964 -2.205260 1.614173,
3.079109 -2.201567 1.614173,
3.089058 -2.197373 1.614173,
3.098786 -2.192689 1.614173,
3.108268 -2.187525 1.614173,
3.117480 -2.181895 1.614173,
3.126401 -2.175813 1.614173,
3.135008 -2.169294 1.614173,
3.143278 -2.162354 1.614173,
3.151193 -2.155011 1.614173,
3.158732 -2.147281 1.614173,
3.165876 -2.139186 1.614173,
3.172607 -2.130745 1.614173,
3.178910 -2.121979 1.614173,
3.184768 -2.112909 1.614173,
3.190166 -2.103559 1.614173,
3.195092 -2.093951 1.614173,
3.199532 -2.084110 1.614173,
3.203477 -2.074059 1.614173,
3.206915 -2.063825 1.614173,
3.209840 -2.053432 1.614173,
3.212242 -2.042906 1.614173,
3.214117 -2.032273 1.614173,
3.215459 -2.021560 1.614173,
3.216266 -2.010793 1.614173,
3.216535 -1.000000 1.614173,
3.216266 -0.989207 1.614173,
3.215459 -0.978440 1.614173,
3.214117 -0.967727 1.614173,
3.212242 -0.957094 1.614173,
3.209840 -0.946568 1.614173,
3.206915 -0.936175 1.614173,
3.203477 -0.925941 1.614173,
3.199532 -0.915890 1.614173,
3.195092 -0.906049 1.614173,
3.190166 -0.896441 1.614173,
3.184768 -0.887091 1.614173,
3.178910 -0.878021 1.614173,
3.172607 -0.869255 1.614173,
3.165876 -0.860814 1.614173,
3.158732 -0.852719 1.614173,
3.151193 -0.844989 1.614173,
3.143278 -0.837646 1.614173,
3.135008 -0.830706 1.614173,
3.126401 -0.824187 1.614173,
3.117480 -0.818105 1.614173,
3.108268 -0.812475 1.614173,
3.098786 -0.807311 1.614173,
3.089058 -0.802627 1.614173,
3.079109 -0.798433 1.614173,
3.068964 -0.794740 1.614173,
3.058647 -0.791558 1.614173,
3.048184 -0.788894 1.614173,
3.037601 -0.786754 1.614173,
3.026925 -0.785145 1.614173,
3.016182 -0.784070 1.614173,
3.005398 -0.783532 1.614173,
2.994602 -0.783532 1.614173,
2.983818 -0.784070 1.614173,
2.973075 -0.785145 1.614173,
2.962399 -0.786754 1.614173,
2.951816 -0.788894 1.614173,
2.941353 -0.791558 1.614173,
2.931036 -0.794740 1.614173,
2.920891 -0.798433 1.614173,
2.910942 -0.802627 1.614173,
2.901214 -0.807311 1.614173,
2.891732 -0.812475 1.614173,
2.882520 -0.818105 1.614173,
2.873599 -0.824187 1.614173,
2.864992 -0.830706 1.614173,
2.856722 -0.837646 1.614173,
2.848807 -0.844989 1.614173,
2.841268 -0.852719 1.614173,
2.834124 -0.860814 1.614173,
2.827393 -0.869255 1.614173,
2.821090 -0.878021 1.614173,
2.815232 -0.887091 1.614173,
2.809834 -0.896441 1.614173,
2.804908 -0.906049 1.614173,
2.800468 -0.915890 1.614173,
2.796523 -0.925941 1.614173,
2.793085 -0.936175 1.614173,
2.790160 -0.946568 1.614173,
2.787758 -0.957094 1.614173,
2.785883 -0.967727 1.614173,
2.784541 -0.978440 1.614173,
2.783734 -0.989207 1.614173,
2.783465 -1.000000 1.614173,
2.783734 -1.010793 1.614173,
2.784541 -1.021560 1.614173,
2.785883 -1.032273 1.614173,
2.787758 -1.042906 1.614173,
2.790160 -1.053432 1.614173,
2.793085 -1.063825 1.614173,
2.796523 -1.074059 1.614173,
2.800468 -1.084110 1.614173,
2.804908 -1.093951 1.614173,
2.809834 -1.103559 1.614173,
2.815232 -1.112909 1.614173,
2.821090 -1.121979 1.614173,
2.827393 -1.130745 1.614173,
2.834124 -1.139186 1.614173,
2.841268 -1.147281 1.614173,
2.848807 -1.155011 1.614173,
2.856722 -1.162354 1.614173,
2.864992 -1.169294 1.614173,
2.873599 -1.175813 1.614173,
2.882520 -1.181895 1.614173,
2.891732 -1.187525 1.614173,
2.901214 -1.192689 1.614173,
2.910942 -1.197373 1.614173,
2.920891 -1.201567 1.614173,
2.931036 -1.205260 1.614173,
2.941353 -1.208442 1.614173,
2.951816 -1.211106 1.614173,
2.962399 -1.213246 1.614173,
2.973075 -1.214855 1.614173,
2.983818 -1.215930 1.614173,
2.994602 -1.216468 1.614173,
3.005398 -1.216468 1.614173,
3.016182 -1.215930 1.614173,
3.026925 -1.214855 1.614173,
3.037601 -1.213246 1.614173,
3.048184 -1.211106 1.614173,
3.058647 -1.208442 1.614173,
3.068964 -1.205260 1.614173,
3.079109 -1.201567 1.614173,
3.089058 -1.197373 1.614173,
3.098786 -1.192689 1.614173,
3.108268 -1.187525 1.614173,
3.117480 -1.181895 1.614173,
3.126401 -1.175813 1.614173,
3.135008 -1.169294 1.614173,
3.143278 -1.162354 1.614173,
3.151193 -1.155011 1.614173,
3.158732 -1.147281 1.614173,
3.165876 -1.139186 1.614173,
3.172607 -1.130745 1.614173,
3.178910 -1.121979 1.614173,
3.184768 -1.112909 1.614173,
3.190166 -1.103559 1.614173,
3.195092 -1.093951 1.614173,
3.199532 -1.084110 1.614173,
3.203477 -1.074059 1.614173,
3.206915 -1.063825 1.614173,
3.209840 -1.053432 1.614173,
3.212242 -1.042906 1.614173,
3.214117 -1.032273 1.614173,
3.215459 -1.021560 1.614173,
3.216266 -1.010793 1.614173,
3.216535 -0.000000 1.614173,
3.216266 0.010793 1.614173,
3.215459 0.021560 1.614173,
3.214117 0.032273 1.614173,
3.212242 0.042906 1.614173,
3.209840 0.053432 1.614173,
3.206915 0.063825 1.614173,
3.203477 0.074059 1.614173,
3.199532 0.084110 1.614173,
3.195092 0.093951 1.614173,
3.190166 0.103559 1.614173,
3.184768 0.112909 1.614173,
3.178910 0.121979 1.614173,
3.172607 0.130745 1.614173,
3.165876 0.139186 1.614173,
3.158732 0.147281 1.614173,
3.151193 0.155011 1.614173,
3.143278 0.162354 1.614173,
3.135008 0.169294 1.614173,
3.126401 0.175813 1.614173,
3.117480 0.181895 1.614173,
3.108268 0.187525 1.614173,
3.098786 0.192689 1.614173,
3.089058 0.197373 1.614173,
3.079109 0.201567 1.614173,
3.068964 0.205260 1.614173,
3.058647 0.208442 1.614173,
3.048184 0.211106 1.614173,
3.037601 0.213246 1.614173,
3.026925 0.214855 1.614173,
3.016182 0.215930 1.614173,
3.005398 0.216468 1.614173,
2.994602 0.216468 1.614173,
2.983818 0.215930 1.614173,
2.973075 0.214855 1.614173,
2.962399 0.213246 1.614173,
2.951816 0.211106 1.614173,
2.941353 0.208442 1.614173,
2.931036 0.205260 1.614173,
2.920891 0.201567 1.614173,
2.910942 0.197373 1.614173,
2.901214 0.192689 1.614173,
2.891732 0.187525 1.614173,
2.882520 0.181895 1.614173,
2.873599 0.175813 1.614173,
2.864992 0.169294 1.614173,
2.856722 0.162354 1.614173,
2.848807 0.155011 1.614173,
2.841268 0.147281 1.614173,
2.834124 0.139186 1.614173,
2.827393 0.130745 1.614173,
2.821090 0.121979 1.614173,
2.815232 0.112909 1.614173,
2.809834 0.103559 1.614173,
2.804908 0.093951 1.614173,
2.800468 0.084110 1.614173,
2.796523 0.074059 1.614173,
2.793085 0.063825 1.614173,
2.790160 0.053432 1.614173,
2.787758 0.042906 1.614173,
2.785883 0.032273 1.614173,
2.784541 0.021560 1.614173,
2.783734 0.010793 1.614173,
2.783465 -0.000000 1.614173,
2.783734 -0.010793 1.614173,
2.784541 -0.021560 1.614173,
2.785883 -0.032273 1.614173,
2.787758 -0.042906 1.614173,
2.790160 -0.053432 1.614173,
2.793085 -0.063825 1.614173,
2.796523 -0.074059 1.614173,
2.800468 -0.084110 1.614173,
2.804908 -0.093951 1.614173,
2.809834 -0.103559 1.614173,
2.815232 -0.112909 1.614173,
2.821090 -0.121979 1.614173,
2.827393 -0.130745 1.614173,
2.834124 -0.139186 1.614173,
2.841268 -0.147281 1.614173,
2.848807 -0.155011 1.614173,
2.856722 -0.162354 1.614173,
2.864992 -0.169294 1.614173,
2.873599 -0.175813 1.614173,
2.882520 -0.181895 1.614173,
2.891732 -0.187525 1.614173,
2.901214 -0.192689 1.614173,
2.910942 -0.197373 1.614173,
2.920891 -0.201567 1.614173,
2.931036 -0.205260 1.614173,
2.941353 -0.208442 1.614173,
2.951816 -0.211106 1.614173,
2.962399 -0.213246 1.614173,
2.973075 -0.214855 1.614173,
2.983818 -0.215930 1.614173,
2.994602 -0.216468 1.614173,
3.005398 -0.216468 1.614173,
3.016182 -0.215930 1.614173,
3.026925 -0.214855 1.614173,
3.037601 -0.213246 1.614173,
3.048184 -0.211106 1.614173,
3.058647 -0.208442 1.614173,
3.068964 -0.205260 1.614173,
3.079109 -0.201567 1.614173,
3.089058 -0.197373 1.614173,
3.098786 -0.192689 1.614173,
3.108268 -0.187525 1.614173,
3.117480 -0.181895 1.614173,
3.126401 -0.175813 1.614173,
3.135008 -0.169294 1.614173,
3.143278 -0.162354 1.614173,
3.151193 -0.155011 1.614173,
3.158732 -0.147281 1.614173,
3.165876 -0.139186 1.614173,
3.172607 -0.130745 1.614173,
3.178910 -0.121979 1.614173,
3.184768 -0.112909 1.614173,
3.190166 -0.103559 1.614173,
3.195092 -0.093951 1.614173,
3.199532 -0.084110 1.614173,
3.203477 -0.074059 1.614173,
3.206915 -0.063825 1.614173,
3.209840 -0.053432 1.614173,
3.212242 -0.042906 1.614173,
3.214117 -0.032273 1.614173,
3.215459 -0.021560 1.614173,
3.216266 -0.010793 1.614173 ] } coordIndex [ 0 1 2 -1,
1 3 2 -1,
4 5 1 -1,
1 5 3 -1,
6 7 8 -1,
6 8 9 -1,
10 3 11 -1,
12 11 3 -1,
13 3 10 -1,
14 12 3 -1,
15 3 13 -1,
16 17 18 -1,
19 6 9 -1,
20 14 3 -1,
21 3 15 -1,
22 20 3 -1,
23 3 21 -1,
19 24 25 -1,
19 9 24 -1,
26 17 16 -1,
27 22 3 -1,
28 3 23 -1,
29 27 3 -1,
30 3 28 -1,
31 29 3 -1,
32 19 25 -1,
33 17 26 -1,
34 3 30 -1,
35 31 3 -1,
36 3 34 -1,
37 32 25 -1,
38 35 3 -1,
39 3 36 -1,
37 40 41 -1,
37 25 40 -1,
42 17 33 -1,
43 37 41 -1,
44 38 3 -1,
45 3 39 -1,
46 44 3 -1,
47 17 42 -1,
48 3 45 -1,
49 46 3 -1,
50 3 48 -1,
51 52 53 -1,
51 41 52 -1,
51 43 41 -1,
54 17 47 -1,
55 49 3 -1,
56 3 50 -1,
57 55 3 -1,
58 51 53 -1,
59 3 56 -1,
60 57 3 -1,
61 3 59 -1,
62 60 3 -1,
63 17 54 -1,
64 58 53 -1,
65 3 61 -1,
66 62 3 -1,
67 3 65 -1,
64 53 68 -1,
69 17 63 -1,
70 66 3 -1,
71 3 67 -1,
72 70 3 -1,
73 64 68 -1,
74 3 71 -1,
75 72 3 -1,
76 3 74 -1,
73 68 77 -1,
78 17 69 -1,
79 75 3 -1,
80 3 76 -1,
81 73 77 -1,
81 77 82 -1,
83 17 78 -1,
84 79 3 -1,
85 84 3 -1,
86 82 87 -1,
86 81 82 -1,
88 17 83 -1,
89 86 87 -1,
89 87 90 -1,
91 92 17 -1,
91 17 88 -1,
91 93 92 -1,
94 90 95 -1,
94 89 90 -1,
96 93 91 -1,
96 97 93 -1,
96 98 97 -1,
99 95 100 -1,
99 94 95 -1,
101 98 96 -1,
101 102 98 -1,
103 104 105 -1,
103 100 104 -1,
103 99 100 -1,
106 102 101 -1,
107 103 105 -1,
108 102 106 -1,
108 109 102 -1,
108 110 109 -1,
111 112 113 -1,
111 105 112 -1,
111 107 105 -1,
114 110 108 -1,
115 111 113 -1,
116 110 114 -1,
116 117 110 -1,
118 115 113 -1,
118 113 119 -1,
120 117 116 -1,
120 121 117 -1,
120 122 121 -1,
123 118 119 -1,
123 119 124 -1,
125 122 120 -1,
126 123 124 -1,
126 124 127 -1,
128 122 125 -1,
128 129 122 -1,
130 126 127 -1,
130 131 132 -1,
130 127 131 -1,
133 134 129 -1,
133 2 134 -1,
133 129 128 -1,
135 130 132 -1,
135 132 136 -1,
137 135 136 -1,
138 139 140 -1,
138 141 139 -1,
138 142 141 -1,
138 143 142 -1,
138 144 143 -1,
138 145 144 -1,
138 146 145 -1,
138 147 146 -1,
138 148 147 -1,
138 149 148 -1,
138 150 149 -1,
138 151 152 -1,
138 153 150 -1,
138 154 151 -1,
138 155 153 -1,
138 156 154 -1,
138 157 155 -1,
138 158 156 -1,
138 159 157 -1,
138 160 158 -1,
138 161 159 -1,
138 162 160 -1,
138 163 161 -1,
138 164 162 -1,
138 165 163 -1,
138 166 164 -1,
138 167 165 -1,
138 168 166 -1,
138 169 168 -1,
138 170 169 -1,
138 171 170 -1,
138 172 171 -1,
138 140 172 -1,
173 174 175 -1,
173 176 177 -1,
173 178 174 -1,
173 179 176 -1,
180 181 182 -1,
180 183 181 -1,
184 182 181 -1,
173 185 178 -1,
173 186 179 -1,
173 187 185 -1,
173 188 186 -1,
173 189 187 -1,
173 190 188 -1,
173 191 190 -1,
173 192 191 -1,
173 193 192 -1,
173 194 193 -1,
173 195 194 -1,
173 196 195 -1,
173 197 196 -1,
173 198 197 -1,
173 199 198 -1,
173 200 199 -1,
173 201 200 -1,
173 202 201 -1,
173 203 202 -1,
173 133 203 -1,
173 2 133 -1,
173 204 205 -1,
173 137 136 -1,
173 206 207 -1,
173 208 206 -1,
173 209 208 -1,
173 210 209 -1,
173 211 210 -1,
173 136 211 -1,
173 207 212 -1,
184 181 213 -1,
214 215 183 -1,
214 183 180 -1,
173 216 189 -1,
173 217 216 -1,
173 218 217 -1,
173 219 218 -1,
173 220 219 -1,
173 221 220 -1,
173 222 221 -1,
173 223 222 -1,
173 224 223 -1,
173 225 224 -1,
173 226 225 -1,
173 227 226 -1,
173 228 227 -1,
173 212 204 -1,
173 229 228 -1,
173 230 229 -1,
173 231 230 -1,
173 232 231 -1,
173 233 232 -1,
173 234 233 -1,
173 175 137 -1,
173 177 234 -1,
2 3 235 -1,
235 3 236 -1,
2 235 237 -1,
2 237 238 -1,
2 238 239 -1,
2 239 240 -1,
2 240 241 -1,
2 241 242 -1,
2 242 243 -1,
244 213 245 -1,
244 184 213 -1,
2 243 246 -1,
2 246 247 -1,
5 173 205 -1,
5 205 248 -1,
5 248 249 -1,
5 249 250 -1,
5 250 251 -1,
5 251 252 -1,
5 252 253 -1,
5 253 254 -1,
5 254 255 -1,
5 255 256 -1,
5 256 257 -1,
138 92 258 -1,
258 92 259 -1,
259 92 260 -1,
138 258 261 -1,
138 261 262 -1,
138 262 263 -1,
138 263 264 -1,
138 264 265 -1,
138 265 266 -1,
138 266 267 -1,
267 266 268 -1,
268 266 269 -1,
269 266 270 -1,
270 266 271 -1,
271 266 272 -1,
138 267 273 -1,
138 273 274 -1,
138 274 275 -1,
138 275 276 -1,
277 278 215 -1,
277 215 214 -1,
138 276 279 -1,
138 279 280 -1,
138 280 281 -1,
138 281 282 -1,
282 281 283 -1,
283 281 284 -1,
284 281 285 -1,
285 281 286 -1,
286 281 287 -1,
138 282 288 -1,
138 288 289 -1,
138 289 290 -1,
138 290 291 -1,
138 291 292 -1,
138 292 293 -1,
138 293 294 -1,
138 294 295 -1,
295 294 296 -1,
296 294 297 -1,
297 294 298 -1,
298 294 299 -1,
299 294 300 -1,
138 295 301 -1,
138 301 302 -1,
138 302 303 -1,
138 303 304 -1,
138 304 305 -1,
138 305 306 -1,
138 306 307 -1,
138 307 308 -1,
308 307 309 -1,
309 307 310 -1,
311 245 312 -1,
311 244 245 -1,
313 314 278 -1,
313 278 277 -1,
310 307 315 -1,
315 307 316 -1,
138 308 317 -1,
138 317 318 -1,
138 318 319 -1,
138 319 320 -1,
138 320 321 -1,
138 321 322 -1,
138 322 323 -1,
138 323 324 -1,
138 324 325 -1,
325 324 326 -1,
326 324 327 -1,
327 324 328 -1,
328 324 329 -1,
138 325 330 -1,
138 330 331 -1,
138 331 332 -1,
138 332 333 -1,
17 334 335 -1,
335 334 336 -1,
336 334 337 -1,
17 335 338 -1,
17 338 339 -1,
17 339 340 -1,
17 340 341 -1,
17 341 342 -1,
17 342 343 -1,
17 343 344 -1,
344 343 345 -1,
345 343 346 -1,
346 343 347 -1,
348 312 349 -1,
348 311 312 -1,
350 314 313 -1,
350 351 314 -1,
347 343 352 -1,
352 343 353 -1,
17 344 354 -1,
17 354 355 -1,
17 355 356 -1,
17 356 357 -1,
17 357 358 -1,
17 358 359 -1,
17 359 360 -1,
17 360 361 -1,
361 360 362 -1,
362 360 363 -1,
363 360 364 -1,
364 360 365 -1,
365 360 366 -1,
17 361 367 -1,
17 367 368 -1,
17 368 369 -1,
17 369 370 -1,
17 370 371 -1,
17 371 372 -1,
17 372 373 -1,
17 373 374 -1,
374 373 375 -1,
375 373 376 -1,
376 373 377 -1,
377 373 378 -1,
378 373 379 -1,
17 374 380 -1,
17 380 381 -1,
17 381 382 -1,
17 382 383 -1,
384 348 349 -1,
384 349 385 -1,
17 383 386 -1,
17 386 387 -1,
17 387 388 -1,
17 388 389 -1,
389 388 390 -1,
390 388 391 -1,
391 388 392 -1,
392 388 393 -1,
17 389 394 -1,
17 394 395 -1,
17 395 396 -1,
17 396 397 -1,
17 397 398 -1,
17 398 399 -1,
17 399 400 -1,
17 400 401 -1,
17 401 402 -1,
402 401 403 -1,
403 401 404 -1,
404 401 405 -1,
405 401 406 -1,
17 402 407 -1,
17 407 408 -1,
17 408 409 -1,
17 409 410 -1,
411 412 351 -1,
411 351 350 -1,
413 384 385 -1,
413 385 414 -1,
415 416 412 -1,
415 412 411 -1,
417 413 414 -1,
417 414 418 -1,
419 420 416 -1,
419 416 415 -1,
421 418 422 -1,
421 417 418 -1,
423 424 420 -1,
423 420 419 -1,
425 422 426 -1,
425 421 422 -1,
427 80 424 -1,
427 3 80 -1,
427 424 423 -1,
428 425 426 -1,
428 426 429 -1,
430 3 427 -1,
431 428 429 -1,
431 429 432 -1,
433 3 430 -1,
434 431 432 -1,
434 432 435 -1,
436 3 433 -1,
437 435 438 -1,
437 434 435 -1,
439 3 436 -1,
440 438 441 -1,
440 437 438 -1,
442 3 439 -1,
443 440 441 -1,
443 441 444 -1,
445 3 442 -1,
446 443 444 -1,
446 444 447 -1,
448 3 445 -1,
449 447 450 -1,
449 446 447 -1,
451 450 452 -1,
451 449 450 -1,
453 451 452 -1,
453 452 454 -1,
455 456 457 -1,
455 454 456 -1,
455 453 454 -1,
458 457 459 -1,
458 455 457 -1,
460 458 459 -1,
460 459 461 -1,
462 460 461 -1,
463 464 465 -1,
463 461 464 -1,
463 462 461 -1,
466 463 465 -1,
467 465 468 -1,
467 466 465 -1,
469 468 470 -1,
469 467 468 -1,
471 470 167 -1,
471 167 138 -1,
471 469 470 -1,
472 471 138 -1,
473 472 138 -1,
474 473 138 -1,
475 474 138 -1,
476 475 138 -1,
477 476 138 -1,
478 477 138 -1,
479 478 138 -1,
480 479 138 -1,
481 480 138 -1,
482 481 138 -1,
483 482 138 -1,
484 483 138 -1,
485 484 138 -1,
486 485 138 -1,
487 486 138 -1,
333 487 138 -1,
488 489 490 -1,
488 490 491 -1,
488 492 489 -1,
493 490 494 -1,
493 491 490 -1,
495 492 488 -1,
496 493 494 -1,
496 494 497 -1,
498 492 495 -1,
498 499 492 -1,
500 496 497 -1,
500 497 501 -1,
502 499 498 -1,
502 503 499 -1,
504 500 501 -1,
504 501 505 -1,
506 503 502 -1,
506 507 503 -1,
508 504 505 -1,
508 505 509 -1,
510 507 506 -1,
510 511 507 -1,
510 512 511 -1,
513 508 509 -1,
513 509 514 -1,
515 512 510 -1,
516 513 514 -1,
516 514 517 -1,
518 512 515 -1,
518 519 512 -1,
518 520 519 -1,
521 516 517 -1,
521 517 522 -1,
523 520 518 -1,
524 521 522 -1,
524 522 525 -1,
526 520 523 -1,
526 527 520 -1,
528 524 525 -1,
528 525 529 -1,
530 527 526 -1,
530 531 527 -1,
532 528 529 -1,
532 533 534 -1,
532 529 533 -1,
535 536 531 -1,
535 531 530 -1,
537 532 534 -1,
538 536 535 -1,
538 539 536 -1,
540 537 534 -1,
540 541 542 -1,
540 534 541 -1,
543 539 538 -1,
543 544 539 -1,
545 540 542 -1,
236 3 448 -1,
236 544 543 -1,
236 448 544 -1,
546 542 547 -1,
546 545 542 -1,
548 547 549 -1,
548 546 547 -1,
550 549 551 -1,
550 548 549 -1,
552 551 553 -1,
552 550 551 -1,
554 555 556 -1,
554 553 555 -1,
554 552 553 -1,
557 554 556 -1,
558 556 559 -1,
558 557 556 -1,
560 561 562 -1,
560 559 561 -1,
560 558 559 -1,
563 560 562 -1,
564 565 566 -1,
564 562 565 -1,
564 563 562 -1,
567 564 566 -1,
567 566 568 -1,
569 567 568 -1,
570 571 572 -1,
570 568 571 -1,
570 569 568 -1,
573 570 572 -1,
574 573 572 -1,
574 575 576 -1,
574 572 575 -1,
577 574 576 -1,
578 577 576 -1,
578 579 580 -1,
578 576 579 -1,
581 580 582 -1,
581 578 580 -1,
583 581 582 -1,
584 583 582 -1,
584 582 585 -1,
586 587 588 -1,
586 585 587 -1,
586 584 585 -1,
589 586 588 -1,
589 588 590 -1,
591 589 590 -1,
592 593 594 -1,
592 590 593 -1,
592 591 590 -1,
595 594 596 -1,
595 592 594 -1,
597 595 596 -1,
324 596 329 -1,
324 597 596 -1,
598 599 600 -1,
598 600 601 -1,
602 603 604 -1,
602 604 605 -1,
606 604 607 -1,
606 605 604 -1,
608 600 609 -1,
608 601 600 -1,
610 334 138 -1,
610 152 603 -1,
610 138 152 -1,
610 603 602 -1,
611 612 599 -1,
611 599 598 -1,
613 607 614 -1,
613 606 607 -1,
615 608 609 -1,
615 616 617 -1,
615 609 616 -1,
618 619 612 -1,
618 612 611 -1,
620 334 610 -1,
621 622 623 -1,
621 614 622 -1,
621 613 614 -1,
624 615 617 -1,
625 334 620 -1,
626 627 619 -1,
626 628 627 -1,
626 619 618 -1,
629 621 623 -1,
630 617 631 -1,
630 624 617 -1,
632 334 625 -1,
633 628 626 -1,
634 623 635 -1,
634 629 623 -1,
636 630 631 -1,
636 631 637 -1,
638 639 628 -1,
638 628 633 -1,
640 334 632 -1,
641 634 635 -1,
641 642 643 -1,
641 635 642 -1,
644 636 637 -1,
644 637 645 -1,
646 334 640 -1,
647 648 639 -1,
647 649 648 -1,
647 639 638 -1,
650 643 85 -1,
650 641 643 -1,
651 644 645 -1,
651 645 652 -1,
653 334 646 -1,
654 649 647 -1,
655 650 85 -1,
656 651 652 -1,
656 652 657 -1,
658 659 649 -1,
658 649 654 -1,
660 334 653 -1,
661 656 657 -1,
661 657 662 -1,
663 334 660 -1,
664 665 659 -1,
664 659 658 -1,
666 661 662 -1,
666 667 668 -1,
666 662 667 -1,
669 334 663 -1,
670 671 665 -1,
670 665 664 -1,
672 666 668 -1,
673 334 669 -1,
674 675 671 -1,
674 671 670 -1,
676 672 668 -1,
676 668 677 -1,
678 334 673 -1,
679 680 675 -1,
679 681 680 -1,
679 675 674 -1,
682 676 677 -1,
682 677 683 -1,
684 334 678 -1,
685 681 679 -1,
685 237 681 -1,
686 682 683 -1,
686 683 687 -1,
688 334 684 -1,
238 237 685 -1,
689 686 687 -1,
689 687 690 -1,
691 334 688 -1,
692 690 693 -1,
692 689 690 -1,
694 334 691 -1,
695 696 697 -1,
695 693 696 -1,
695 692 693 -1,
698 334 694 -1,
699 695 697 -1,
700 334 698 -1,
701 699 697 -1,
701 702 703 -1,
701 697 702 -1,
704 334 700 -1,
705 701 703 -1,
706 334 704 -1,
707 705 703 -1,
707 703 708 -1,
709 334 706 -1,
710 707 708 -1,
710 708 711 -1,
712 334 709 -1,
713 710 711 -1,
713 714 715 -1,
713 711 714 -1,
716 334 712 -1,
717 713 715 -1,
718 334 716 -1,
719 717 715 -1,
719 720 721 -1,
719 715 720 -1,
722 334 718 -1,
723 719 721 -1,
724 334 722 -1,
725 721 726 -1,
725 723 721 -1,
727 334 724 -1,
728 726 729 -1,
728 725 726 -1,
730 334 727 -1,
731 729 732 -1,
731 728 729 -1,
733 334 730 -1,
734 731 732 -1,
734 732 735 -1,
736 334 733 -1,
737 734 735 -1,
737 735 738 -1,
5 739 740 -1,
5 741 739 -1,
5 742 741 -1,
5 743 742 -1,
5 744 743 -1,
5 745 744 -1,
5 746 745 -1,
5 747 746 -1,
5 748 747 -1,
5 749 748 -1,
5 750 749 -1,
5 751 750 -1,
5 752 751 -1,
5 655 85 -1,
5 85 3 -1,
5 753 655 -1,
5 754 753 -1,
5 755 754 -1,
5 756 755 -1,
5 757 756 -1,
5 758 757 -1,
5 759 758 -1,
5 760 759 -1,
5 761 760 -1,
5 740 761 -1,
762 334 736 -1,
763 752 5 -1,
764 737 738 -1,
764 738 765 -1,
766 334 762 -1,
767 763 5 -1,
768 765 769 -1,
768 764 765 -1,
770 334 766 -1,
771 767 5 -1,
772 768 769 -1,
772 773 774 -1,
772 769 773 -1,
775 334 770 -1,
776 772 774 -1,
776 774 777 -1,
778 771 5 -1,
779 778 5 -1,
780 777 781 -1,
780 776 777 -1,
782 779 5 -1,
783 780 781 -1,
784 782 5 -1,
785 781 786 -1,
785 783 781 -1,
787 784 5 -1,
788 786 789 -1,
788 785 786 -1,
790 787 5 -1,
791 789 792 -1,
791 788 789 -1,
793 790 5 -1,
307 792 316 -1,
307 791 792 -1,
794 793 5 -1,
795 794 5 -1,
796 795 5 -1,
797 796 5 -1,
798 797 5 -1,
799 798 5 -1,
800 799 5 -1,
801 800 5 -1,
802 801 5 -1,
803 802 5 -1,
804 803 5 -1,
805 804 5 -1,
806 334 807 -1,
808 809 810 -1,
808 811 809 -1,
808 812 811 -1,
813 810 809 -1,
813 809 814 -1,
815 807 334 -1,
816 812 808 -1,
817 334 806 -1,
818 813 814 -1,
818 814 819 -1,
820 815 334 -1,
821 812 816 -1,
821 822 812 -1,
823 334 817 -1,
824 334 775 -1,
824 820 334 -1,
825 826 827 -1,
825 819 826 -1,
825 818 819 -1,
828 829 822 -1,
828 822 821 -1,
830 334 823 -1,
831 825 827 -1,
832 824 775 -1,
832 775 833 -1,
834 835 829 -1,
834 829 828 -1,
836 334 830 -1,
837 827 838 -1,
837 831 827 -1,
839 832 833 -1,
839 840 841 -1,
839 833 840 -1,
842 835 834 -1,
842 843 835 -1,
844 334 836 -1,
845 838 846 -1,
845 837 838 -1,
847 839 841 -1,
848 849 843 -1,
848 843 842 -1,
850 334 844 -1,
851 846 852 -1,
851 845 846 -1,
853 847 841 -1,
853 841 854 -1,
855 334 850 -1,
856 857 849 -1,
856 849 848 -1,
858 851 852 -1,
858 852 859 -1,
860 853 854 -1,
860 854 861 -1,
862 857 856 -1,
862 863 857 -1,
864 334 855 -1,
865 859 866 -1,
865 858 859 -1,
867 860 861 -1,
867 868 869 -1,
867 861 868 -1,
870 863 862 -1,
870 871 863 -1,
872 334 864 -1,
873 865 866 -1,
873 874 875 -1,
873 866 874 -1,
876 867 869 -1,
877 871 870 -1,
877 878 871 -1,
879 334 872 -1,
880 875 881 -1,
880 873 875 -1,
882 869 883 -1,
882 876 869 -1,
884 878 877 -1,
884 885 878 -1,
886 334 879 -1,
887 881 888 -1,
887 880 881 -1,
889 883 890 -1,
889 882 883 -1,
891 892 885 -1,
891 885 884 -1,
893 334 886 -1,
894 887 888 -1,
895 896 897 -1,
895 890 896 -1,
895 889 890 -1,
898 899 892 -1,
898 240 899 -1,
898 892 891 -1,
337 334 893 -1,
900 888 901 -1,
900 894 888 -1,
902 895 897 -1,
241 240 898 -1,
903 901 904 -1,
903 900 901 -1,
905 897 906 -1,
905 902 897 -1,
907 904 908 -1,
907 903 904 -1,
909 906 910 -1,
909 905 906 -1,
911 910 912 -1,
911 909 910 -1,
913 908 914 -1,
913 907 908 -1,
915 916 917 -1,
915 912 916 -1,
915 911 912 -1,
918 914 919 -1,
918 913 914 -1,
920 919 921 -1,
920 918 919 -1,
922 915 917 -1,
923 920 921 -1,
923 921 924 -1,
925 922 917 -1,
925 926 927 -1,
925 917 926 -1,
928 924 929 -1,
928 923 924 -1,
930 927 931 -1,
930 925 927 -1,
932 929 933 -1,
932 928 929 -1,
934 930 931 -1,
935 933 936 -1,
935 932 933 -1,
937 931 938 -1,
937 934 931 -1,
939 936 940 -1,
939 935 936 -1,
941 942 943 -1,
941 938 942 -1,
941 937 938 -1,
944 945 946 -1,
944 940 945 -1,
944 939 940 -1,
947 941 943 -1,
948 944 946 -1,
949 950 951 -1,
949 943 950 -1,
949 947 943 -1,
952 948 946 -1,
952 953 954 -1,
952 946 953 -1,
955 949 951 -1,
956 952 954 -1,
957 955 951 -1,
957 951 958 -1,
959 956 954 -1,
959 960 961 -1,
959 954 960 -1,
962 963 964 -1,
962 958 963 -1,
962 957 958 -1,
965 959 961 -1,
966 962 964 -1,
967 965 961 -1,
967 961 968 -1,
969 966 964 -1,
969 964 970 -1,
971 967 968 -1,
971 968 972 -1,
973 969 970 -1,
973 970 974 -1,
975 971 972 -1,
975 972 976 -1,
977 974 978 -1,
977 973 974 -1,
979 975 976 -1,
979 980 981 -1,
979 976 980 -1,
982 978 983 -1,
982 977 978 -1,
984 979 981 -1,
985 983 986 -1,
985 982 983 -1,
987 984 981 -1,
987 988 989 -1,
987 981 988 -1,
990 991 992 -1,
990 986 991 -1,
990 985 986 -1,
993 987 989 -1,
994 990 992 -1,
995 993 989 -1,
995 996 997 -1,
995 989 996 -1,
998 992 999 -1,
998 994 992 -1,
1000 995 997 -1,
1001 1002 1003 -1,
1001 999 1002 -1,
1001 998 999 -1,
1004 1000 997 -1,
1004 997 1005 -1,
1006 1003 805 -1,
1006 1001 1003 -1,
294 1005 300 -1,
294 1004 1005 -1,
1007 1006 805 -1,
1007 805 5 -1,
1008 1007 5 -1,
1009 1008 5 -1,
1010 1009 5 -1,
1011 1010 5 -1,
1012 1011 5 -1,
1013 1012 5 -1,
1014 1013 5 -1,
1015 1016 1017 -1,
1015 1018 1016 -1,
1019 1020 1021 -1,
1019 1022 1020 -1,
1023 1017 1016 -1,
1023 1024 1025 -1,
1023 1016 1024 -1,
1026 1021 1020 -1,
1026 1020 1027 -1,
1028 1029 1018 -1,
1028 1018 1015 -1,
1030 1031 1022 -1,
1030 1032 1031 -1,
1030 1022 1019 -1,
1033 1023 1025 -1,
1034 1027 1035 -1,
1034 1026 1027 -1,
1036 1037 1029 -1,
1036 1029 1028 -1,
1038 1032 1030 -1,
1039 1025 1040 -1,
1039 1033 1025 -1,
1041 1035 1042 -1,
1041 1034 1035 -1,
1043 1044 1037 -1,
1043 1037 1036 -1,
1045 1032 1038 -1,
1045 1046 1032 -1,
1047 1040 1048 -1,
1047 1039 1040 -1,
1049 1050 1051 -1,
1049 1042 1050 -1,
1049 1041 1042 -1,
1052 1044 1043 -1,
1052 1053 1044 -1,
1054 1046 1045 -1,
1054 1055 1046 -1,
1054 1056 1055 -1,
1057 1048 1058 -1,
1057 1047 1048 -1,
1059 1049 1051 -1,
1059 1051 1060 -1,
1061 1062 1053 -1,
1061 1053 1052 -1,
1063 1056 1054 -1,
1064 1057 1058 -1,
1064 1058 1065 -1,
1066 1059 1060 -1,
1067 1068 1062 -1,
1067 1069 1068 -1,
1067 1062 1061 -1,
1070 1056 1063 -1,
1070 1071 1056 -1,
1072 1064 1065 -1,
1072 1065 1073 -1,
1074 1066 1060 -1,
1074 1060 1075 -1,
1076 1077 1071 -1,
1076 1078 1077 -1,
1076 1071 1070 -1,
1079 1069 1067 -1,
1080 1072 1073 -1,
1080 1081 1082 -1,
1080 1073 1081 -1,
1083 1074 1075 -1,
1083 1075 1084 -1,
1085 1069 1079 -1,
1085 1086 1069 -1,
1087 1078 1076 -1,
1087 343 1078 -1,
1088 1080 1082 -1,
1089 1083 1084 -1,
1089 1084 1090 -1,
1091 1086 1085 -1,
1091 1092 1086 -1,
353 343 1087 -1,
1093 1082 1094 -1,
1093 1088 1082 -1,
1095 1089 1090 -1,
1095 1090 1096 -1,
1097 1092 1091 -1,
1097 1098 1092 -1,
1099 1094 1100 -1,
1099 1093 1094 -1,
1101 1095 1096 -1,
1101 1102 1103 -1,
1101 1096 1102 -1,
1104 1098 1097 -1,
1104 1105 1098 -1,
1106 1100 1107 -1,
1106 1099 1100 -1,
1108 1101 1103 -1,
1109 1110 1105 -1,
1109 1111 1110 -1,
1109 1105 1104 -1,
1112 1107 1113 -1,
1112 1106 1107 -1,
1114 1108 1103 -1,
1114 1103 1115 -1,
1116 243 1111 -1,
1116 1111 1109 -1,
1117 1112 1113 -1,
1117 1113 1118 -1,
1119 1115 1120 -1,
1119 1114 1115 -1,
246 243 1116 -1,
1121 1122 1123 -1,
1121 1118 1122 -1,
1121 1117 1118 -1,
1124 1120 1125 -1,
1124 1119 1120 -1,
1126 1121 1123 -1,
1127 1125 1128 -1,
1127 1124 1125 -1,
1129 1130 1131 -1,
1129 1123 1130 -1,
1129 1126 1123 -1,
1132 1128 1133 -1,
1132 1127 1128 -1,
1134 1132 1133 -1,
1134 1133 1135 -1,
1136 1129 1131 -1,
1137 1138 1139 -1,
1137 1131 1138 -1,
1137 1136 1131 -1,
1140 1134 1135 -1,
1140 1135 1141 -1,
1142 1137 1139 -1,
1143 1140 1141 -1,
1143 1144 1145 -1,
1143 1141 1144 -1,
1146 1139 1147 -1,
1146 1142 1139 -1,
1148 1143 1145 -1,
1148 1145 1149 -1,
1150 1147 1151 -1,
1150 1146 1147 -1,
1152 1148 1149 -1,
1153 1151 1154 -1,
1153 1150 1151 -1,
1155 1149 1156 -1,
1155 1152 1149 -1,
1157 1153 1154 -1,
1157 1158 1159 -1,
1157 1154 1158 -1,
1160 1155 1156 -1,
1160 1156 1161 -1,
1162 1159 1163 -1,
1162 1157 1159 -1,
1164 1161 1165 -1,
1164 1160 1161 -1,
1166 1162 1163 -1,
1167 1165 1168 -1,
1167 1164 1165 -1,
1169 1163 1170 -1,
1169 1166 1163 -1,
1171 1168 1172 -1,
1171 1167 1168 -1,
1173 1174 1175 -1,
1173 1170 1174 -1,
1173 1169 1170 -1,
1176 1172 1177 -1,
1176 1171 1172 -1,
1178 1173 1175 -1,
1179 1177 1180 -1,
1179 1176 1177 -1,
1181 1175 1182 -1,
1181 1178 1175 -1,
1183 1184 1185 -1,
1183 1180 1184 -1,
1183 1179 1180 -1,
1186 1181 1182 -1,
1186 1182 1187 -1,
1188 1183 1185 -1,
1189 1187 1190 -1,
1189 1186 1187 -1,
1191 1188 1185 -1,
1191 1185 1192 -1,
1193 1190 1194 -1,
1193 1189 1190 -1,
1195 1191 1192 -1,
1195 1196 1197 -1,
1195 1192 1196 -1,
1198 1199 1200 -1,
1198 1194 1199 -1,
1198 1193 1194 -1,
1201 1195 1197 -1,
1202 1198 1200 -1,
1203 1197 1204 -1,
1203 1201 1197 -1,
1205 1206 1207 -1,
1205 1200 1206 -1,
1205 1202 1200 -1,
1208 1209 1210 -1,
1208 1204 1209 -1,
1208 1203 1204 -1,
1211 1205 1207 -1,
1212 1208 1210 -1,
1213 1207 1214 -1,
1213 1211 1207 -1,
1215 1212 1210 -1,
1215 1216 1217 -1,
1215 1210 1216 -1,
1218 1214 1219 -1,
1218 1213 1214 -1,
1220 1217 1221 -1,
1220 1215 1217 -1,
1222 1219 1223 -1,
1222 1218 1219 -1,
1224 1220 1221 -1,
1224 1221 1225 -1,
281 1223 287 -1,
281 1222 1223 -1,
1226 1224 1225 -1,
1227 1228 1229 -1,
1227 1225 1228 -1,
1227 1226 1225 -1,
1230 1227 1229 -1,
1230 1229 1231 -1,
1232 1230 1231 -1,
1233 1232 1231 -1,
1233 1234 1014 -1,
1233 1231 1234 -1,
257 1233 1014 -1,
257 1014 5 -1,
1235 1236 1237 -1,
1238 1236 1235 -1,
1238 1239 1236 -1,
1240 1241 1242 -1,
1240 1242 1243 -1,
1244 1235 1237 -1,
1245 1243 1242 -1,
1245 1246 1247 -1,
1245 1242 1246 -1,
1248 1249 1241 -1,
1248 1241 1240 -1,
1250 1239 1238 -1,
1250 1251 1239 -1,
1250 1252 1251 -1,
1253 1244 1237 -1,
1253 1237 1254 -1,
1255 1245 1247 -1,
1256 1257 1252 -1,
1256 1252 1250 -1,
1258 1259 1249 -1,
1258 1249 1248 -1,
1260 1254 1261 -1,
1260 1253 1254 -1,
1262 1255 1247 -1,
1262 1247 1263 -1,
1264 1257 1256 -1,
1265 1266 1259 -1,
1265 1267 1266 -1,
1265 1259 1258 -1,
1268 1261 1269 -1,
1268 1260 1261 -1,
1270 1262 1263 -1,
1270 1263 1271 -1,
1272 1257 1264 -1,
1272 1273 1257 -1,
1274 1267 1265 -1,
1274 1275 1267 -1,
1276 1270 1271 -1,
1276 1277 1278 -1,
1276 1271 1277 -1,
1279 1280 1281 -1,
1279 1269 1280 -1,
1279 1268 1269 -1,
1282 1273 1272 -1,
1282 1283 1273 -1,
1284 1275 1274 -1,
1285 1279 1281 -1,
1286 1276 1278 -1,
1287 1283 1282 -1,
1287 1288 1283 -1,
1287 1289 1288 -1,
1290 1291 1275 -1,
1290 1275 1284 -1,
1292 1285 1281 -1,
1292 1281 1293 -1,
1294 1286 1278 -1,
1294 1278 1295 -1,
1296 1289 1287 -1,
1296 1297 1289 -1,
1298 1291 1290 -1,
1298 1299 1291 -1,
1298 1300 1299 -1,
1301 1292 1293 -1,
1301 1293 1302 -1,
1303 1294 1295 -1,
1303 1295 1304 -1,
1305 1297 1296 -1,
1306 360 1300 -1,
1306 1300 1298 -1,
1307 1303 1304 -1,
1307 1304 1308 -1,
1309 1301 1302 -1,
1309 1302 1310 -1,
1311 1312 1297 -1,
1311 1297 1305 -1,
366 360 1306 -1,
1313 1309 1310 -1,
1313 1314 1315 -1,
1313 1310 1314 -1,
1316 1307 1308 -1,
1316 1308 1317 -1,
1318 1312 1311 -1,
1318 1319 1312 -1,
1320 1313 1315 -1,
1321 1316 1317 -1,
1321 1322 1323 -1,
1321 1317 1322 -1,
1324 1319 1318 -1,
1324 1325 1319 -1,
1326 1320 1315 -1,
1326 1315 1327 -1,
1328 1321 1323 -1,
1329 1325 1324 -1,
1329 1330 1325 -1,
1329 1331 1330 -1,
1332 1333 1334 -1,
1332 1327 1333 -1,
1332 1326 1327 -1,
1335 1328 1323 -1,
1335 1323 1336 -1,
1337 1331 1329 -1,
1337 1338 1331 -1,
1339 1332 1334 -1,
1340 1335 1336 -1,
1340 1336 1341 -1,
1342 1338 1337 -1,
1343 1339 1334 -1,
1343 1334 1344 -1,
1345 1340 1341 -1,
1345 1341 1346 -1,
1347 1344 1348 -1,
1347 1343 1344 -1,
1349 1350 1351 -1,
1349 1346 1350 -1,
1349 1345 1346 -1,
1352 1353 1354 -1,
1352 1348 1353 -1,
1352 1347 1348 -1,
1355 1349 1351 -1,
1356 1352 1354 -1,
1357 1355 1351 -1,
1357 1351 1358 -1,
1359 1356 1354 -1,
1359 1360 1361 -1,
1359 1354 1360 -1,
1362 1357 1358 -1,
1362 1363 1364 -1,
1362 1358 1363 -1,
1365 1359 1361 -1,
1366 1362 1364 -1,
1366 1364 1367 -1,
1368 1365 1361 -1,
1368 1361 1369 -1,
1370 1366 1367 -1,
1370 1367 1371 -1,
1372 1368 1369 -1,
1372 1373 1374 -1,
1372 1369 1373 -1,
1375 1370 1371 -1,
1375 1371 1376 -1,
1377 1372 1374 -1,
1378 1375 1376 -1,
1378 1376 1379 -1,
1380 1378 1379 -1,
1381 1382 1383 -1,
1381 1374 1382 -1,
1381 1377 1374 -1,
1384 1381 1383 -1,
1385 1380 1379 -1,
1385 1379 1386 -1,
1387 1383 1388 -1,
1387 1384 1383 -1,
1389 1385 1386 -1,
1389 1386 1390 -1,
1391 1387 1388 -1,
1391 1388 1392 -1,
1393 1394 1395 -1,
1393 1390 1394 -1,
1393 1389 1390 -1,
1396 1391 1392 -1,
1396 1392 1397 -1,
1398 1393 1395 -1,
1399 1398 1395 -1,
1399 1395 1400 -1,
1401 1402 1403 -1,
1401 1397 1402 -1,
1401 1396 1397 -1,
1404 1403 1405 -1,
1404 1401 1403 -1,
1406 1407 1408 -1,
1406 1400 1407 -1,
1406 1399 1400 -1,
1409 1405 1410 -1,
1409 1404 1405 -1,
1411 1406 1408 -1,
1412 1409 1410 -1,
1413 1411 1408 -1,
1413 1408 1414 -1,
1415 1412 1410 -1,
1415 1410 1416 -1,
1417 1413 1414 -1,
1417 1418 1419 -1,
1417 1414 1418 -1,
1420 1416 1421 -1,
1420 1415 1416 -1,
1422 1417 1419 -1,
1422 1419 1423 -1,
1424 1420 1421 -1,
1424 1421 1425 -1,
1426 1422 1423 -1,
1427 1428 1429 -1,
1427 1425 1428 -1,
1427 1424 1425 -1,
1430 1426 1423 -1,
1430 1423 1431 -1,
1432 1427 1429 -1,
1433 1430 1431 -1,
1433 1434 1435 -1,
1433 1431 1434 -1,
1436 1433 1435 -1,
1437 1432 1429 -1,
1437 1438 1439 -1,
1437 1429 1438 -1,
1440 1437 1439 -1,
1441 1436 1435 -1,
1441 1435 1442 -1,
1443 1444 1445 -1,
1443 1442 1444 -1,
1443 1441 1442 -1,
1446 1447 272 -1,
1446 1439 1447 -1,
1446 1440 1439 -1,
266 1446 272 -1,
1448 1445 1449 -1,
1448 1443 1445 -1,
1450 1448 1449 -1,
1451 1450 1449 -1,
1451 1449 1452 -1,
1453 1451 1452 -1,
1453 1452 1454 -1,
1455 1453 1454 -1,
1455 1454 1456 -1,
254 1455 1456 -1,
254 1456 255 -1,
1457 1458 1459 -1,
1457 1460 1458 -1,
1461 1462 1460 -1,
1461 1460 1457 -1,
1463 1464 1465 -1,
1463 1466 1464 -1,
1467 1465 1464 -1,
1467 1464 1468 -1,
1469 1459 1470 -1,
1469 1457 1459 -1,
1471 1462 1461 -1,
1472 1473 1466 -1,
1472 1466 1463 -1,
1474 1467 1468 -1,
1474 1468 1475 -1,
1476 1469 1470 -1,
1477 1478 1473 -1,
1477 1473 1472 -1,
1479 1462 1471 -1,
1479 1480 1462 -1,
1479 1481 1480 -1,
1482 1474 1475 -1,
1482 1483 1484 -1,
1482 1475 1483 -1,
1485 1470 1486 -1,
1485 1476 1470 -1,
1487 1478 1477 -1,
1487 1488 1478 -1,
1489 1481 1479 -1,
1490 1482 1484 -1,
1491 1486 1492 -1,
1491 1485 1486 -1,
1493 1494 1488 -1,
1493 1488 1487 -1,
1495 1496 1481 -1,
1495 1481 1489 -1,
1497 1492 1498 -1,
1497 1491 1492 -1,
1499 1490 1484 -1,
1499 1484 1500 -1,
1501 1502 1494 -1,
1501 1494 1493 -1,
1503 1504 1496 -1,
1503 1505 1504 -1,
1503 1496 1495 -1,
1506 1499 1500 -1,
1506 1500 1507 -1,
1508 1498 1509 -1,
1508 1497 1498 -1,
1510 1511 1502 -1,
1510 1502 1501 -1,
1512 1505 1503 -1,
1513 1506 1507 -1,
1513 1507 1514 -1,
1515 1509 1516 -1,
1515 1508 1509 -1,
1517 1518 1511 -1,
1517 1511 1510 -1,
1519 1505 1512 -1,
1519 1520 1505 -1,
1519 1521 1520 -1,
1522 1513 1514 -1,
1522 1514 1523 -1,
1524 1516 1525 -1,
1524 1515 1516 -1,
1526 1527 1518 -1,
1526 1518 1517 -1,
1528 1521 1519 -1,
1528 373 1521 -1,
1529 1525 1530 -1,
1529 1524 1525 -1,
1531 1522 1523 -1,
1531 1523 1532 -1,
1533 1534 1527 -1,
1533 1527 1526 -1,
379 373 1528 -1,
1535 1530 1536 -1,
1535 1529 1530 -1,
1537 1531 1532 -1,
1537 1532 1538 -1,
1539 1537 1538 -1,
1539 1540 1541 -1,
1539 1538 1540 -1,
1542 1536 1543 -1,
1542 1535 1536 -1,
1544 1539 1541 -1,
1544 1541 1545 -1,
1546 1547 1548 -1,
1546 1543 1547 -1,
1546 1542 1543 -1,
1549 1544 1545 -1,
1550 1546 1548 -1,
1551 1549 1545 -1,
1551 1545 1552 -1,
1553 1548 1554 -1,
1553 1550 1548 -1,
1555 1551 1552 -1,
1555 1556 1557 -1,
1555 1552 1556 -1,
1558 1554 1559 -1,
1558 1553 1554 -1,
1560 1555 1557 -1,
1561 1562 1563 -1,
1561 1559 1562 -1,
1561 1558 1559 -1,
1564 1560 1557 -1,
1564 1557 1565 -1,
1566 1561 1563 -1,
1567 1568 1569 -1,
1567 1565 1568 -1,
1567 1564 1565 -1,
1570 1571 1572 -1,
1570 1563 1571 -1,
1570 1566 1563 -1,
1573 1572 1574 -1,
1573 1570 1572 -1,
1575 1567 1569 -1,
1576 1575 1569 -1,
1576 1569 1577 -1,
1578 1574 1579 -1,
1578 1573 1574 -1,
1580 1576 1577 -1,
1580 1581 1582 -1,
1580 1577 1581 -1,
1583 1579 1584 -1,
1583 1578 1579 -1,
1585 1580 1582 -1,
1586 1584 1587 -1,
1586 1583 1584 -1,
1588 1585 1582 -1,
1588 1589 1590 -1,
1588 1582 1589 -1,
1591 1586 1587 -1,
1592 1587 1593 -1,
1592 1591 1587 -1,
1594 1588 1590 -1,
1595 1594 1590 -1,
1595 1596 1597 -1,
1595 1590 1596 -1,
1598 1593 1599 -1,
1598 1592 1593 -1,
1600 1595 1597 -1,
1600 1597 1601 -1,
1602 1598 1599 -1,
1602 1603 1604 -1,
1602 1599 1603 -1,
1605 1600 1601 -1,
1606 1602 1604 -1,
1607 1605 1601 -1,
1607 1601 1608 -1,
1609 1606 1604 -1,
1609 1604 1610 -1,
1611 1609 1610 -1,
1611 1612 1613 -1,
1611 1610 1612 -1,
1614 1613 1615 -1,
1614 1611 1613 -1,
1616 1614 1615 -1,
2 1534 1533 -1,
2 1617 1534 -1,
2 1618 1617 -1,
2 1619 1618 -1,
2 1620 1619 -1,
2 1621 1620 -1,
2 1622 1621 -1,
2 1342 1622 -1,
2 1623 1624 -1,
2 1625 1623 -1,
2 1626 1625 -1,
2 1627 1626 -1,
2 1628 1627 -1,
2 1629 1628 -1,
2 1630 1629 -1,
2 1631 1630 -1,
2 1632 1631 -1,
2 1633 1632 -1,
2 1634 1633 -1,
2 1635 1634 -1,
2 1636 1635 -1,
2 1637 1636 -1,
2 1638 1637 -1,
2 1639 1638 -1,
2 1640 1639 -1,
2 1641 1640 -1,
2 1642 1641 -1,
2 1643 1642 -1,
2 1533 1643 -1,
2 1338 1342 -1,
2 247 1338 -1,
1644 2 1624 -1,
1645 1616 1615 -1,
1645 1615 1646 -1,
1647 2 1644 -1,
1648 1645 1646 -1,
1648 1646 1649 -1,
1650 2 1647 -1,
1651 1648 1649 -1,
1651 1652 1653 -1,
1651 1649 1652 -1,
1654 2 1650 -1,
1655 1651 1653 -1,
1656 2 1654 -1,
1657 1655 1653 -1,
1657 1658 1659 -1,
1657 1653 1658 -1,
1660 2 1656 -1,
1661 1657 1659 -1,
1662 2 1660 -1,
1663 1661 1659 -1,
1663 1659 1664 -1,
1665 2 1662 -1,
1666 1663 1664 -1,
1666 1664 1667 -1,
1668 2 1665 -1,
1669 1666 1667 -1,
1669 1670 1671 -1,
1669 1667 1670 -1,
1672 2 1668 -1,
1673 1671 1674 -1,
1673 1669 1671 -1,
1675 2 1672 -1,
1676 1673 1674 -1,
1677 2 1675 -1,
1678 1676 1674 -1,
1678 1679 1680 -1,
1678 1674 1679 -1,
1681 2 1677 -1,
1682 1678 1680 -1,
1683 2 1681 -1,
1684 1682 1680 -1,
1684 1680 1685 -1,
1686 2 1683 -1,
251 1684 1685 -1,
251 1685 252 -1,
1687 2 1686 -1,
1688 2 1687 -1,
1689 2 1688 -1,
1690 2 1689 -1,
1691 2 1690 -1,
1692 2 1691 -1,
1693 2 1692 -1,
1694 2 1693 -1,
134 2 1694 -1,
92 1695 1696 -1,
92 1697 1695 -1,
92 1698 260 -1,
92 1699 1698 -1,
92 1700 1699 -1,
92 1701 1700 -1,
92 1702 1701 -1,
92 1703 1702 -1,
92 1704 1703 -1,
92 1705 1704 -1,
92 1706 1705 -1,
92 1707 1706 -1,
92 1708 1707 -1,
92 1709 1708 -1,
92 1710 1709 -1,
92 1711 1710 -1,
92 1712 1711 -1,
92 1713 1712 -1,
92 1608 1713 -1,
92 1714 1697 -1,
92 1715 1714 -1,
92 1716 1715 -1,
92 1717 1716 -1,
92 1718 1717 -1,
92 1719 1718 -1,
92 1720 1607 -1,
92 1721 1719 -1,
92 1722 1720 -1,
92 1723 1721 -1,
92 1724 1722 -1,
92 1725 1723 -1,
92 1607 1608 -1,
92 1726 1724 -1,
92 1727 1725 -1,
92 1728 1726 -1,
92 1729 1727 -1,
92 1730 1728 -1,
92 1731 1729 -1,
92 1732 1730 -1,
92 1733 1731 -1,
92 1734 1732 -1,
92 93 1733 -1,
92 1735 1734 -1,
92 1736 1735 -1,
92 1737 1736 -1,
92 1738 1737 -1,
92 1739 1738 -1,
92 1740 1739 -1,
92 1741 1740 -1,
92 1742 1741 -1,
92 1696 1742 -1,
1743 1744 1745 -1,
1746 1747 1744 -1,
1746 1744 1743 -1,
1748 1743 1745 -1,
1749 1747 1746 -1,
1749 1750 1747 -1,
1749 1751 1750 -1,
1752 1745 1753 -1,
1752 1748 1745 -1,
1754 1751 1749 -1,
1755 1753 1756 -1,
1755 1752 1753 -1,
1757 1758 1751 -1,
1757 1759 1758 -1,
1757 1751 1754 -1,
1760 1761 1762 -1,
1760 1756 1761 -1,
1760 1755 1756 -1,
1763 1759 1757 -1,
1764 1760 1762 -1,
1765 1766 1759 -1,
1765 1767 1766 -1,
1765 1759 1763 -1,
1768 1762 1769 -1,
1768 1764 1762 -1,
1770 1767 1765 -1,
1771 1769 1772 -1,
1771 1768 1769 -1,
1773 1774 1767 -1,
1773 1775 1774 -1,
1773 1767 1770 -1,
1776 1772 1777 -1,
1776 1771 1772 -1,
1778 388 1775 -1,
1778 1775 1773 -1,
1779 1776 1777 -1,
1779 1777 1780 -1,
393 388 1778 -1,
1781 1779 1780 -1,
1781 1780 1782 -1,
1783 1781 1782 -1,
1783 1782 1784 -1,
1785 1783 1784 -1,
1785 1784 1786 -1,
1787 1785 1786 -1,
1787 1786 1788 -1,
1789 1787 1788 -1,
1789 1788 1790 -1,
1791 1789 1790 -1,
1791 1790 1792 -1,
1793 1791 1792 -1,
1793 1794 1795 -1,
1793 1792 1794 -1,
1796 1793 1795 -1,
1797 1795 1798 -1,
1797 1796 1795 -1,
1799 1800 1801 -1,
1799 1798 1800 -1,
1799 1797 1798 -1,
1802 1799 1801 -1,
1803 1802 1801 -1,
1803 1804 1805 -1,
1803 1801 1804 -1,
1806 1803 1805 -1,
1806 1805 1807 -1,
1808 1807 1809 -1,
1808 1806 1807 -1,
1810 1809 1811 -1,
1810 1808 1809 -1,
1812 1810 1811 -1,
1813 1814 1815 -1,
1813 1811 1814 -1,
1813 1812 1811 -1,
1816 1813 1815 -1,
1816 1815 1817 -1,
1818 1816 1817 -1,
1819 1818 1817 -1,
1819 1820 1821 -1,
1819 1817 1820 -1,
1822 1821 1823 -1,
1822 1819 1821 -1,
1824 1822 1823 -1,
1825 1823 1826 -1,
1825 1824 1823 -1,
1827 1828 1829 -1,
1827 1826 1828 -1,
1827 1825 1826 -1,
1830 1829 1831 -1,
1830 1827 1829 -1,
1832 1830 1831 -1,
1833 1834 1835 -1,
1833 1831 1834 -1,
1833 1832 1831 -1,
1836 1833 1835 -1,
1837 1836 1835 -1,
1837 1835 1838 -1,
1839 1838 1840 -1,
1839 1837 1838 -1,
1841 1842 1843 -1,
1841 1840 1842 -1,
1841 1839 1840 -1,
1844 1843 1845 -1,
1844 1841 1843 -1,
1846 1844 1845 -1,
1847 1848 1849 -1,
1847 1845 1848 -1,
1847 1846 1845 -1,
1850 1847 1849 -1,
1851 1849 1852 -1,
1851 1850 1849 -1,
248 1852 249 -1,
248 1851 1852 -1,
1853 1854 1855 -1,
1853 1856 1854 -1,
1857 1855 1854 -1,
1857 1854 1858 -1,
1859 1856 1853 -1,
1859 1860 1856 -1,
1861 1857 1858 -1,
1861 1858 1862 -1,
1863 1860 1859 -1,
1863 1864 1860 -1,
1863 1865 1864 -1,
1866 1861 1862 -1,
1866 1862 1867 -1,
1868 1865 1863 -1,
1868 1869 1865 -1,
1870 1866 1867 -1,
1870 1871 1872 -1,
1870 1867 1871 -1,
1873 1869 1868 -1,
1873 1874 1869 -1,
1875 1870 1872 -1,
1876 1874 1873 -1,
1876 1877 1874 -1,
1878 1875 1872 -1,
1878 1872 1879 -1,
1880 1877 1876 -1,
1881 1878 1879 -1,
1881 1879 1882 -1,
1883 1877 1880 -1,
1883 1884 1877 -1,
1885 1881 1882 -1,
1885 1882 1886 -1,
1887 1884 1883 -1,
1887 1888 1884 -1,
1887 401 1888 -1,
1889 1885 1886 -1,
1889 1886 1890 -1,
406 401 1887 -1,
1891 1889 1890 -1,
1891 1890 1892 -1,
1893 1891 1892 -1,
1893 1892 1894 -1,
1895 1893 1894 -1,
1895 1894 1896 -1,
1897 1896 1898 -1,
1897 1895 1896 -1,
1899 1898 1900 -1,
1899 1897 1898 -1,
1901 1902 1903 -1,
1901 1900 1902 -1,
1901 1899 1900 -1,
1904 1903 1905 -1,
1904 1901 1903 -1,
1906 1904 1905 -1,
1907 1905 1908 -1,
1907 1906 1905 -1,
1909 1910 1911 -1,
1909 1908 1910 -1,
1909 1907 1908 -1,
1912 1909 1911 -1,
1913 1914 1915 -1,
1913 1911 1914 -1,
1913 1912 1911 -1,
1916 1915 1917 -1,
1916 1913 1915 -1,
1918 1916 1917 -1,
1919 1918 1917 -1,
1919 1917 1920 -1,
1921 1919 1920 -1,
1921 1922 1923 -1,
1921 1920 1922 -1,
1924 1921 1923 -1,
1924 1923 1925 -1,
1926 1924 1925 -1,
1927 1925 1928 -1,
1927 1926 1925 -1,
1929 1927 1928 -1,
1929 1930 1931 -1,
1929 1928 1930 -1,
1932 1929 1931 -1,
1932 1931 1933 -1,
1934 1932 1933 -1,
1935 1934 1933 -1,
1935 1936 1937 -1,
1935 1933 1936 -1,
1938 1935 1937 -1,
1939 1938 1937 -1,
1939 1937 1940 -1,
1941 1940 1942 -1,
1941 1939 1940 -1,
1943 1942 1944 -1,
1943 1941 1942 -1,
1945 1944 1946 -1,
1945 1943 1944 -1,
1947 1946 1948 -1,
1947 1945 1946 -1,
1949 1947 1948 -1,
1949 1948 1950 -1,
1951 1952 1953 -1,
1951 1950 1952 -1,
1951 1949 1950 -1,
1954 1953 1955 -1,
1954 1951 1953 -1,
1956 1954 1955 -1,
1957 1955 1958 -1,
1957 1956 1955 -1,
1959 1958 1960 -1,
1959 1957 1958 -1,
1961 1960 1962 -1,
1961 1959 1960 -1,
212 1962 204 -1,
212 1961 1962 -1,
17 1963 1964 -1,
17 1965 1963 -1,
17 1966 1965 -1,
17 1967 1966 -1,
17 1968 1967 -1,
17 1969 1968 -1,
17 1970 1969 -1,
17 1971 1970 -1,
17 1972 1971 -1,
17 1973 1972 -1,
17 1974 1973 -1,
17 1975 1974 -1,
17 1976 1975 -1,
17 1977 1976 -1,
17 1978 1977 -1,
17 410 1978 -1,
17 1964 1979 -1,
1980 17 1981 -1,
1982 1981 17 -1,
1983 17 1980 -1,
1984 1982 17 -1,
1985 17 1983 -1,
1986 1984 17 -1,
1986 17 1979 -1,
1987 17 1985 -1,
1988 1986 1979 -1,
1988 1989 1990 -1,
1988 1979 1989 -1,
1991 17 1987 -1,
1992 1988 1990 -1,
1993 17 1991 -1,
1994 1992 1990 -1,
1994 1990 1995 -1,
1996 17 1993 -1,
1997 1994 1995 -1,
1997 1995 1998 -1,
1999 17 1996 -1,
2000 1998 2001 -1,
2000 1997 1998 -1,
2002 17 1999 -1,
2003 2000 2001 -1,
2003 2001 2004 -1,
2005 17 2002 -1,
2006 2003 2004 -1,
2006 2004 2007 -1,
2008 17 2005 -1,
2009 2006 2007 -1,
2009 2007 2010 -1,
2011 17 2008 -1,
2012 2009 2010 -1,
2012 2010 2013 -1,
2014 17 2011 -1,
2015 2012 2013 -1,
2015 2013 2016 -1,
2017 17 2014 -1,
2018 2015 2016 -1,
2018 2016 2019 -1,
2020 17 2017 -1,
2021 2018 2019 -1,
2021 2022 2023 -1,
2021 2019 2022 -1,
2024 17 2020 -1,
2025 2021 2023 -1,
2025 2023 8 -1,
2026 17 2024 -1,
7 2025 8 -1,
18 17 2026 -1,
173 2027 0 -1,
173 0 2 -1,
2028 2029 1 -1,
2029 4 1 -1,
0 2030 1 -1,
1 2030 2028 -1,
2030 2027 2031 -1,
2031 2027 2029 -1,
2029 2027 4 -1,
0 2027 2030 -1,
4 2027 173 -1,
5 4 173 -1,
140 139 2032 -1,
2032 139 2033 -1,
2033 141 2034 -1,
139 141 2033 -1,
2034 142 2035 -1,
141 142 2034 -1,
2035 143 2036 -1,
142 143 2035 -1,
2036 144 2037 -1,
2037 144 2038 -1,
143 144 2036 -1,
2038 145 2039 -1,
144 145 2038 -1,
145 146 2039 -1,
2039 147 2040 -1,
146 147 2039 -1,
2040 148 2041 -1,
147 148 2040 -1,
2041 149 2042 -1,
148 149 2041 -1,
149 150 2042 -1,
2042 150 2043 -1,
150 153 2043 -1,
2043 153 2044 -1,
153 155 2044 -1,
2044 155 2045 -1,
155 157 2045 -1,
2045 157 2046 -1,
157 159 2046 -1,
2046 159 2047 -1,
159 161 2047 -1,
2047 161 2048 -1,
161 163 2048 -1,
2048 163 2049 -1,
163 165 2049 -1,
2049 165 2050 -1,
165 167 2050 -1,
2050 167 2051 -1,
167 470 2051 -1,
2051 470 2052 -1,
2052 470 2053 -1,
470 468 2053 -1,
468 465 2053 -1,
2053 465 2054 -1,
2054 464 2055 -1,
465 464 2054 -1,
2055 461 2056 -1,
464 461 2055 -1,
2056 461 2057 -1,
461 459 2057 -1,
2057 457 2058 -1,
459 457 2057 -1,
2058 456 2059 -1,
457 456 2058 -1,
2059 454 2060 -1,
456 454 2059 -1,
2060 452 2061 -1,
454 452 2060 -1,
2061 450 2062 -1,
2062 450 2063 -1,
452 450 2061 -1,
450 447 2063 -1,
2063 444 2064 -1,
2064 444 2065 -1,
447 444 2063 -1,
444 441 2065 -1,
2065 438 2066 -1,
441 438 2065 -1,
2066 435 2067 -1,
438 435 2066 -1,
2067 432 2068 -1,
435 432 2067 -1,
432 429 2068 -1,
2068 429 2069 -1,
429 426 2069 -1,
2069 426 2070 -1,
426 422 2070 -1,
2070 422 2071 -1,
2071 422 2072 -1,
422 418 2072 -1,
418 414 2072 -1,
2072 414 2073 -1,
414 385 2073 -1,
2073 385 2074 -1,
385 349 2074 -1,
2074 349 2075 -1,
2075 349 2076 -1,
349 312 2076 -1,
312 245 2076 -1,
2076 245 2077 -1,
245 213 2077 -1,
2077 213 2078 -1,
213 181 2078 -1,
2078 181 2079 -1,
181 183 2079 -1,
2079 183 2080 -1,
183 215 2080 -1,
2080 215 2081 -1,
215 278 2081 -1,
2081 278 2082 -1,
278 314 2082 -1,
2082 314 2083 -1,
314 351 2083 -1,
2083 351 2084 -1,
2084 351 2085 -1,
351 412 2085 -1,
412 416 2085 -1,
2085 416 2086 -1,
416 420 2086 -1,
2086 420 2087 -1,
2087 420 2088 -1,
420 424 2088 -1,
424 80 2088 -1,
2088 80 2089 -1,
2089 76 2090 -1,
80 76 2089 -1,
2090 74 2091 -1,
76 74 2090 -1,
2091 71 2092 -1,
74 71 2091 -1,
2092 67 2093 -1,
71 67 2092 -1,
67 65 2093 -1,
2093 65 2094 -1,
65 61 2094 -1,
2094 61 2095 -1,
61 59 2095 -1,
2095 59 2096 -1,
59 56 2096 -1,
2096 56 2097 -1,
56 50 2097 -1,
2097 50 2098 -1,
50 48 2098 -1,
2098 48 2099 -1,
48 45 2099 -1,
2099 45 2100 -1,
45 39 2100 -1,
2100 39 2101 -1,
39 36 2101 -1,
2101 36 2102 -1,
36 34 2102 -1,
2102 34 2103 -1,
34 30 2103 -1,
2103 30 2104 -1,
30 28 2104 -1,
2104 28 2105 -1,
2105 28 2106 -1,
28 23 2106 -1,
2106 21 2107 -1,
23 21 2106 -1,
2107 15 2108 -1,
21 15 2107 -1,
2108 13 2109 -1,
2109 13 2110 -1,
15 13 2108 -1,
13 10 2110 -1,
2110 11 2111 -1,
10 11 2110 -1,
2111 12 2112 -1,
2112 12 2113 -1,
11 12 2111 -1,
12 14 2113 -1,
2113 20 2114 -1,
14 20 2113 -1,
2114 22 2115 -1,
2115 22 2116 -1,
20 22 2114 -1,
22 27 2116 -1,
2116 29 2117 -1,
27 29 2116 -1,
2117 31 2118 -1,
29 31 2117 -1,
2118 35 2119 -1,
31 35 2118 -1,
35 38 2119 -1,
2119 38 2120 -1,
38 44 2120 -1,
2120 44 2121 -1,
44 46 2121 -1,
2121 46 2122 -1,
46 49 2122 -1,
2122 49 2123 -1,
2123 55 2124 -1,
49 55 2123 -1,
2124 57 2125 -1,
55 57 2124 -1,
2125 60 2126 -1,
57 60 2125 -1,
2126 62 2127 -1,
60 62 2126 -1,
2127 66 2128 -1,
2128 66 2129 -1,
62 66 2127 -1,
66 70 2129 -1,
2129 72 2130 -1,
2130 72 2131 -1,
70 72 2129 -1,
72 75 2131 -1,
2131 79 2132 -1,
75 79 2131 -1,
2132 84 2133 -1,
79 84 2132 -1,
2133 85 2134 -1,
84 85 2133 -1,
2134 643 2135 -1,
2135 643 2136 -1,
85 643 2134 -1,
643 642 2136 -1,
2136 635 2137 -1,
642 635 2136 -1,
2137 623 2138 -1,
2138 623 2139 -1,
635 623 2137 -1,
623 622 2139 -1,
2139 614 2140 -1,
2140 614 2141 -1,
622 614 2139 -1,
614 607 2141 -1,
2141 604 2142 -1,
607 604 2141 -1,
2142 603 2143 -1,
604 603 2142 -1,
603 152 2143 -1,
2143 152 2144 -1,
152 151 2144 -1,
2144 151 2145 -1,
151 154 2145 -1,
2145 154 2146 -1,
154 156 2146 -1,
2146 156 2147 -1,
156 158 2147 -1,
2147 158 2148 -1,
158 160 2148 -1,
2148 160 2149 -1,
160 162 2149 -1,
2149 162 2150 -1,
2150 162 2151 -1,
162 164 2151 -1,
164 166 2151 -1,
2151 166 2152 -1,
2152 166 2153 -1,
166 168 2153 -1,
168 169 2153 -1,
2153 169 2154 -1,
169 170 2154 -1,
2154 170 2155 -1,
2155 170 2156 -1,
170 171 2156 -1,
2156 172 2157 -1,
171 172 2156 -1,
2157 140 2032 -1,
172 140 2157 -1,
331 330 2158 -1,
2158 330 2159 -1,
2159 325 2160 -1,
330 325 2159 -1,
2160 326 2161 -1,
325 326 2160 -1,
2161 327 2162 -1,
326 327 2161 -1,
2162 328 2163 -1,
2163 328 2164 -1,
327 328 2162 -1,
2164 329 2165 -1,
328 329 2164 -1,
329 596 2165 -1,
2165 594 2166 -1,
596 594 2165 -1,
2166 593 2167 -1,
594 593 2166 -1,
2167 590 2168 -1,
593 590 2167 -1,
590 588 2168 -1,
2168 588 2169 -1,
588 587 2169 -1,
2169 587 2170 -1,
587 585 2170 -1,
2170 585 2171 -1,
585 582 2171 -1,
2171 582 2172 -1,
582 580 2172 -1,
2172 580 2173 -1,
580 579 2173 -1,
2173 579 2174 -1,
579 576 2174 -1,
2174 576 2175 -1,
576 575 2175 -1,
2175 575 2176 -1,
575 572 2176 -1,
2176 572 2177 -1,
572 571 2177 -1,
2177 571 2178 -1,
2178 571 2179 -1,
571 568 2179 -1,
568 566 2179 -1,
2179 566 2180 -1,
2180 565 2181 -1,
566 565 2180 -1,
2181 562 2182 -1,
565 562 2181 -1,
2182 562 2183 -1,
562 561 2183 -1,
2183 559 2184 -1,
561 559 2183 -1,
2184 556 2185 -1,
559 556 2184 -1,
2185 555 2186 -1,
556 555 2185 -1,
2186 553 2187 -1,
555 553 2186 -1,
2187 551 2188 -1,
2188 551 2189 -1,
553 551 2187 -1,
551 549 2189 -1,
2189 547 2190 -1,
2190 547 2191 -1,
549 547 2189 -1,
547 542 2191 -1,
2191 541 2192 -1,
542 541 2191 -1,
2192 534 2193 -1,
541 534 2192 -1,
2193 533 2194 -1,
534 533 2193 -1,
533 529 2194 -1,
2194 529 2195 -1,
529 525 2195 -1,
2195 525 2196 -1,
525 522 2196 -1,
2196 522 2197 -1,
2197 522 2198 -1,
522 517 2198 -1,
517 514 2198 -1,
2198 514 2199 -1,
514 509 2199 -1,
2199 509 2200 -1,
509 505 2200 -1,
2200 505 2201 -1,
2201 505 2202 -1,
505 501 2202 -1,
501 497 2202 -1,
2202 497 2203 -1,
497 494 2203 -1,
2203 494 2204 -1,
494 490 2204 -1,
2204 490 2205 -1,
490 489 2205 -1,
2205 489 2206 -1,
489 492 2206 -1,
2206 492 2207 -1,
492 499 2207 -1,
2207 499 2208 -1,
499 503 2208 -1,
2208 503 2209 -1,
503 507 2209 -1,
2209 507 2210 -1,
2210 507 2211 -1,
507 511 2211 -1,
511 512 2211 -1,
2211 512 2212 -1,
512 519 2212 -1,
2212 519 2213 -1,
2213 519 2214 -1,
519 520 2214 -1,
520 527 2214 -1,
2214 527 2215 -1,
2215 531 2216 -1,
527 531 2215 -1,
2216 536 2217 -1,
531 536 2216 -1,
2217 539 2218 -1,
536 539 2217 -1,
2218 544 2219 -1,
539 544 2218 -1,
544 448 2219 -1,
2219 448 2220 -1,
448 445 2220 -1,
2220 445 2221 -1,
445 442 2221 -1,
2221 442 2222 -1,
442 439 2222 -1,
2222 439 2223 -1,
439 436 2223 -1,
2223 436 2224 -1,
436 433 2224 -1,
2224 433 2225 -1,
433 430 2225 -1,
2225 430 2226 -1,
430 427 2226 -1,
2226 427 2227 -1,
427 423 2227 -1,
2227 423 2228 -1,
423 419 2228 -1,
2228 419 2229 -1,
419 415 2229 -1,
2229 415 2230 -1,
415 411 2230 -1,
2230 411 2231 -1,
2231 411 2232 -1,
411 350 2232 -1,
2232 313 2233 -1,
350 313 2232 -1,
2233 277 2234 -1,
313 277 2233 -1,
2234 214 2235 -1,
2235 214 2236 -1,
277 214 2234 -1,
214 180 2236 -1,
2236 182 2237 -1,
180 182 2236 -1,
2237 184 2238 -1,
2238 184 2239 -1,
182 184 2237 -1,
184 244 2239 -1,
2239 311 2240 -1,
244 311 2239 -1,
2240 348 2241 -1,
2241 348 2242 -1,
311 348 2240 -1,
348 384 2242 -1,
2242 413 2243 -1,
384 413 2242 -1,
2243 417 2244 -1,
413 417 2243 -1,
2244 421 2245 -1,
417 421 2244 -1,
421 425 2245 -1,
2245 425 2246 -1,
425 428 2246 -1,
2246 428 2247 -1,
428 431 2247 -1,
2247 431 2248 -1,
431 434 2248 -1,
2248 434 2249 -1,
2249 437 2250 -1,
434 437 2249 -1,
2250 440 2251 -1,
437 440 2250 -1,
2251 443 2252 -1,
440 443 2251 -1,
2252 446 2253 -1,
443 446 2252 -1,
2253 449 2254 -1,
2254 449 2255 -1,
446 449 2253 -1,
449 451 2255 -1,
2255 453 2256 -1,
2256 453 2257 -1,
451 453 2255 -1,
453 455 2257 -1,
2257 458 2258 -1,
455 458 2257 -1,
2258 460 2259 -1,
458 460 2258 -1,
2259 462 2260 -1,
460 462 2259 -1,
2260 463 2261 -1,
2261 463 2262 -1,
462 463 2260 -1,
463 466 2262 -1,
2262 467 2263 -1,
466 467 2262 -1,
2263 469 2264 -1,
2264 469 2265 -1,
467 469 2263 -1,
469 471 2265 -1,
2265 472 2266 -1,
2266 472 2267 -1,
471 472 2265 -1,
472 473 2267 -1,
2267 474 2268 -1,
473 474 2267 -1,
2268 475 2269 -1,
474 475 2268 -1,
475 476 2269 -1,
2269 476 2270 -1,
476 477 2270 -1,
2270 477 2271 -1,
477 478 2271 -1,
2271 478 2272 -1,
478 479 2272 -1,
2272 479 2273 -1,
479 480 2273 -1,
2273 480 2274 -1,
480 481 2274 -1,
2274 481 2275 -1,
481 482 2275 -1,
2275 482 2276 -1,
2276 482 2277 -1,
482 483 2277 -1,
483 484 2277 -1,
2277 484 2278 -1,
2278 484 2279 -1,
484 485 2279 -1,
485 486 2279 -1,
2279 486 2280 -1,
486 487 2280 -1,
2280 487 2281 -1,
2281 487 2282 -1,
487 333 2282 -1,
2282 332 2283 -1,
333 332 2282 -1,
2283 331 2158 -1,
332 331 2283 -1,
318 317 2284 -1,
2284 317 2285 -1,
2285 308 2286 -1,
317 308 2285 -1,
2286 309 2287 -1,
308 309 2286 -1,
2287 310 2288 -1,
309 310 2287 -1,
2288 315 2289 -1,
2289 315 2290 -1,
310 315 2288 -1,
2290 316 2291 -1,
315 316 2290 -1,
316 792 2291 -1,
2291 789 2292 -1,
792 789 2291 -1,
2292 786 2293 -1,
789 786 2292 -1,
2293 781 2294 -1,
786 781 2293 -1,
781 777 2294 -1,
2294 777 2295 -1,
777 774 2295 -1,
2295 774 2296 -1,
774 773 2296 -1,
2296 773 2297 -1,
773 769 2297 -1,
2297 769 2298 -1,
769 765 2298 -1,
2298 765 2299 -1,
765 738 2299 -1,
2299 738 2300 -1,
738 735 2300 -1,
2300 735 2301 -1,
735 732 2301 -1,
2301 732 2302 -1,
732 729 2302 -1,
2302 729 2303 -1,
729 726 2303 -1,
2303 726 2304 -1,
2304 726 2305 -1,
726 721 2305 -1,
721 720 2305 -1,
2305 720 2306 -1,
2306 715 2307 -1,
720 715 2306 -1,
2307 714 2308 -1,
715 714 2307 -1,
2308 714 2309 -1,
714 711 2309 -1,
2309 708 2310 -1,
711 708 2309 -1,
2310 703 2311 -1,
708 703 2310 -1,
2311 702 2312 -1,
703 702 2311 -1,
2312 697 2313 -1,
702 697 2312 -1,
2313 696 2314 -1,
2314 696 2315 -1,
697 696 2313 -1,
696 693 2315 -1,
2315 690 2316 -1,
2316 690 2317 -1,
693 690 2315 -1,
690 687 2317 -1,
2317 683 2318 -1,
687 683 2317 -1,
2318 677 2319 -1,
683 677 2318 -1,
2319 668 2320 -1,
677 668 2319 -1,
668 667 2320 -1,
2320 667 2321 -1,
667 662 2321 -1,
2321 662 2322 -1,
662 657 2322 -1,
2322 657 2323 -1,
2323 657 2324 -1,
657 652 2324 -1,
652 645 2324 -1,
2324 645 2325 -1,
645 637 2325 -1,
2325 637 2326 -1,
637 631 2326 -1,
2326 631 2327 -1,
2327 631 2328 -1,
631 617 2328 -1,
617 616 2328 -1,
2328 616 2329 -1,
616 609 2329 -1,
2329 609 2330 -1,
609 600 2330 -1,
2330 600 2331 -1,
600 599 2331 -1,
2331 599 2332 -1,
599 612 2332 -1,
2332 612 2333 -1,
612 619 2333 -1,
2333 619 2334 -1,
619 627 2334 -1,
2334 627 2335 -1,
627 628 2335 -1,
2335 628 2336 -1,
2336 628 2337 -1,
628 639 2337 -1,
639 648 2337 -1,
2337 648 2338 -1,
648 649 2338 -1,
2338 649 2339 -1,
2339 649 2340 -1,
649 659 2340 -1,
659 665 2340 -1,
2340 665 2341 -1,
2341 671 2342 -1,
665 671 2341 -1,
2342 675 2343 -1,
671 675 2342 -1,
2343 680 2344 -1,
675 680 2343 -1,
2344 681 2345 -1,
680 681 2344 -1,
681 237 2345 -1,
2345 237 2346 -1,
237 235 2346 -1,
2346 235 2347 -1,
235 236 2347 -1,
2347 236 2348 -1,
236 543 2348 -1,
2348 543 2349 -1,
543 538 2349 -1,
2349 538 2350 -1,
538 535 2350 -1,
2350 535 2351 -1,
535 530 2351 -1,
2351 530 2352 -1,
530 526 2352 -1,
2352 526 2353 -1,
526 523 2353 -1,
2353 523 2354 -1,
523 518 2354 -1,
2354 518 2355 -1,
518 515 2355 -1,
2355 515 2356 -1,
515 510 2356 -1,
2356 510 2357 -1,
2357 510 2358 -1,
510 506 2358 -1,
2358 502 2359 -1,
506 502 2358 -1,
2359 498 2360 -1,
502 498 2359 -1,
2360 495 2361 -1,
2361 495 2362 -1,
498 495 2360 -1,
495 488 2362 -1,
2362 491 2363 -1,
488 491 2362 -1,
2363 493 2364 -1,
2364 493 2365 -1,
491 493 2363 -1,
493 496 2365 -1,
2365 500 2366 -1,
496 500 2365 -1,
2366 504 2367 -1,
2367 504 2368 -1,
500 504 2366 -1,
504 508 2368 -1,
2368 513 2369 -1,
508 513 2368 -1,
2369 516 2370 -1,
513 516 2369 -1,
2370 521 2371 -1,
516 521 2370 -1,
521 524 2371 -1,
2371 524 2372 -1,
524 528 2372 -1,
2372 528 2373 -1,
528 532 2373 -1,
2373 532 2374 -1,
532 537 2374 -1,
2374 537 2375 -1,
2375 540 2376 -1,
537 540 2375 -1,
2376 545 2377 -1,
540 545 2376 -1,
2377 546 2378 -1,
545 546 2377 -1,
2378 548 2379 -1,
546 548 2378 -1,
2379 550 2380 -1,
2380 550 2381 -1,
548 550 2379 -1,
550 552 2381 -1,
2381 554 2382 -1,
2382 554 2383 -1,
552 554 2381 -1,
554 557 2383 -1,
2383 558 2384 -1,
557 558 2383 -1,
2384 560 2385 -1,
558 560 2384 -1,
2385 563 2386 -1,
560 563 2385 -1,
2386 564 2387 -1,
2387 564 2388 -1,
563 564 2386 -1,
564 567 2388 -1,
2388 569 2389 -1,
567 569 2388 -1,
2389 570 2390 -1,
2390 570 2391 -1,
569 570 2389 -1,
570 573 2391 -1,
2391 574 2392 -1,
2392 574 2393 -1,
573 574 2391 -1,
574 577 2393 -1,
2393 578 2394 -1,
577 578 2393 -1,
2394 581 2395 -1,
578 581 2394 -1,
581 583 2395 -1,
2395 583 2396 -1,
583 584 2396 -1,
2396 584 2397 -1,
584 586 2397 -1,
2397 586 2398 -1,
586 589 2398 -1,
2398 589 2399 -1,
589 591 2399 -1,
2399 591 2400 -1,
591 592 2400 -1,
2400 592 2401 -1,
592 595 2401 -1,
2401 595 2402 -1,
2402 595 2403 -1,
595 597 2403 -1,
597 324 2403 -1,
2403 324 2404 -1,
2404 324 2405 -1,
324 323 2405 -1,
323 322 2405 -1,
2405 322 2406 -1,
322 321 2406 -1,
2406 321 2407 -1,
2407 321 2408 -1,
321 320 2408 -1,
2408 319 2409 -1,
320 319 2408 -1,
2409 318 2284 -1,
319 318 2409 -1,
301 295 2410 -1,
2410 295 2411 -1,
2411 296 2412 -1,
295 296 2411 -1,
2412 297 2413 -1,
296 297 2412 -1,
2413 298 2414 -1,
297 298 2413 -1,
2414 299 2415 -1,
2415 299 2416 -1,
298 299 2414 -1,
2416 300 2417 -1,
299 300 2416 -1,
300 1005 2417 -1,
2417 997 2418 -1,
1005 997 2417 -1,
2418 996 2419 -1,
997 996 2418 -1,
2419 989 2420 -1,
996 989 2419 -1,
989 988 2420 -1,
2420 988 2421 -1,
988 981 2421 -1,
2421 981 2422 -1,
981 980 2422 -1,
2422 980 2423 -1,
980 976 2423 -1,
2423 976 2424 -1,
976 972 2424 -1,
2424 972 2425 -1,
972 968 2425 -1,
2425 968 2426 -1,
968 961 2426 -1,
2426 961 2427 -1,
961 960 2427 -1,
2427 960 2428 -1,
960 954 2428 -1,
2428 954 2429 -1,
954 953 2429 -1,
2429 953 2430 -1,
2430 953 2431 -1,
953 946 2431 -1,
946 945 2431 -1,
2431 945 2432 -1,
2432 940 2433 -1,
945 940 2432 -1,
2433 936 2434 -1,
940 936 2433 -1,
2434 936 2435 -1,
936 933 2435 -1,
2435 929 2436 -1,
933 929 2435 -1,
2436 924 2437 -1,
929 924 2436 -1,
2437 921 2438 -1,
924 921 2437 -1,
2438 919 2439 -1,
921 919 2438 -1,
2439 914 2440 -1,
2440 914 2441 -1,
919 914 2439 -1,
914 908 2441 -1,
2441 904 2442 -1,
2442 904 2443 -1,
908 904 2441 -1,
904 901 2443 -1,
2443 888 2444 -1,
901 888 2443 -1,
2444 881 2445 -1,
888 881 2444 -1,
2445 875 2446 -1,
881 875 2445 -1,
875 874 2446 -1,
2446 874 2447 -1,
874 866 2447 -1,
2447 866 2448 -1,
866 859 2448 -1,
2448 859 2449 -1,
2449 859 2450 -1,
859 852 2450 -1,
852 846 2450 -1,
2450 846 2451 -1,
846 838 2451 -1,
2451 838 2452 -1,
838 827 2452 -1,
2452 827 2453 -1,
2453 827 2454 -1,
827 826 2454 -1,
826 819 2454 -1,
2454 819 2455 -1,
819 814 2455 -1,
2455 814 2456 -1,
814 809 2456 -1,
2456 809 2457 -1,
809 811 2457 -1,
2457 811 2458 -1,
811 812 2458 -1,
2458 812 2459 -1,
812 822 2459 -1,
2459 822 2460 -1,
822 829 2460 -1,
2460 829 2461 -1,
829 835 2461 -1,
2461 835 2462 -1,
2462 835 2463 -1,
835 843 2463 -1,
843 849 2463 -1,
2463 849 2464 -1,
849 857 2464 -1,
2464 857 2465 -1,
2465 857 2466 -1,
857 863 2466 -1,
863 871 2466 -1,
2466 871 2467 -1,
2467 878 2468 -1,
871 878 2467 -1,
2468 885 2469 -1,
878 885 2468 -1,
2469 892 2470 -1,
885 892 2469 -1,
2470 899 2471 -1,
892 899 2470 -1,
899 240 2471 -1,
2471 240 2472 -1,
240 239 2472 -1,
2472 239 2473 -1,
239 238 2473 -1,
2473 238 2474 -1,
238 685 2474 -1,
2474 685 2475 -1,
685 679 2475 -1,
2475 679 2476 -1,
679 674 2476 -1,
2476 674 2477 -1,
674 670 2477 -1,
2477 670 2478 -1,
670 664 2478 -1,
2478 664 2479 -1,
664 658 2479 -1,
2479 658 2480 -1,
658 654 2480 -1,
2480 654 2481 -1,
654 647 2481 -1,
2481 647 2482 -1,
647 638 2482 -1,
2482 638 2483 -1,
2483 638 2484 -1,
638 633 2484 -1,
2484 626 2485 -1,
633 626 2484 -1,
2485 618 2486 -1,
626 618 2485 -1,
2486 611 2487 -1,
2487 611 2488 -1,
618 611 2486 -1,
611 598 2488 -1,
2488 601 2489 -1,
598 601 2488 -1,
2489 608 2490 -1,
2490 608 2491 -1,
601 608 2489 -1,
608 615 2491 -1,
2491 624 2492 -1,
615 624 2491 -1,
2492 630 2493 -1,
2493 630 2494 -1,
624 630 2492 -1,
630 636 2494 -1,
2494 644 2495 -1,
636 644 2494 -1,
2495 651 2496 -1,
644 651 2495 -1,
2496 656 2497 -1,
651 656 2496 -1,
656 661 2497 -1,
2497 661 2498 -1,
661 666 2498 -1,
2498 666 2499 -1,
666 672 2499 -1,
2499 672 2500 -1,
672 676 2500 -1,
2500 676 2501 -1,
2501 682 2502 -1,
676 682 2501 -1,
2502 686 2503 -1,
682 686 2502 -1,
2503 689 2504 -1,
686 689 2503 -1,
2504 692 2505 -1,
689 692 2504 -1,
2505 695 2506 -1,
2506 695 2507 -1,
692 695 2505 -1,
695 699 2507 -1,
2507 701 2508 -1,
2508 701 2509 -1,
699 701 2507 -1,
701 705 2509 -1,
2509 707 2510 -1,
705 707 2509 -1,
2510 710 2511 -1,
707 710 2510 -1,
2511 713 2512 -1,
710 713 2511 -1,
2512 717 2513 -1,
2513 717 2514 -1,
713 717 2512 -1,
717 719 2514 -1,
2514 723 2515 -1,
719 723 2514 -1,
2515 725 2516 -1,
2516 725 2517 -1,
723 725 2515 -1,
725 728 2517 -1,
2517 731 2518 -1,
2518 731 2519 -1,
728 731 2517 -1,
731 734 2519 -1,
2519 737 2520 -1,
734 737 2519 -1,
2520 764 2521 -1,
737 764 2520 -1,
764 768 2521 -1,
2521 768 2522 -1,
768 772 2522 -1,
2522 772 2523 -1,
772 776 2523 -1,
2523 776 2524 -1,
776 780 2524 -1,
2524 780 2525 -1,
780 783 2525 -1,
2525 783 2526 -1,
783 785 2526 -1,
2526 785 2527 -1,
785 788 2527 -1,
2527 788 2528 -1,
2528 788 2529 -1,
788 791 2529 -1,
791 307 2529 -1,
2529 307 2530 -1,
2530 307 2531 -1,
307 306 2531 -1,
306 305 2531 -1,
2531 305 2532 -1,
305 304 2532 -1,
2532 304 2533 -1,
2533 304 2534 -1,
304 303 2534 -1,
2534 302 2535 -1,
303 302 2534 -1,
2535 301 2410 -1,
302 301 2535 -1,
799 800 2536 -1,
2536 800 2537 -1,
2537 801 2538 -1,
800 801 2537 -1,
2538 802 2539 -1,
801 802 2538 -1,
2539 803 2540 -1,
802 803 2539 -1,
2540 804 2541 -1,
2541 804 2542 -1,
803 804 2540 -1,
2542 805 2543 -1,
804 805 2542 -1,
805 1003 2543 -1,
2543 1002 2544 -1,
1003 1002 2543 -1,
2544 999 2545 -1,
1002 999 2544 -1,
2545 992 2546 -1,
999 992 2545 -1,
992 991 2546 -1,
2546 991 2547 -1,
991 986 2547 -1,
2547 986 2548 -1,
986 983 2548 -1,
2548 983 2549 -1,
983 978 2549 -1,
2549 978 2550 -1,
978 974 2550 -1,
2550 974 2551 -1,
974 970 2551 -1,
2551 970 2552 -1,
970 964 2552 -1,
2552 964 2553 -1,
964 963 2553 -1,
2553 963 2554 -1,
963 958 2554 -1,
2554 958 2555 -1,
958 951 2555 -1,
2555 951 2556 -1,
2556 951 2557 -1,
951 950 2557 -1,
950 943 2557 -1,
2557 943 2558 -1,
2558 942 2559 -1,
943 942 2558 -1,
2559 938 2560 -1,
942 938 2559 -1,
2560 938 2561 -1,
938 931 2561 -1,
2561 927 2562 -1,
931 927 2561 -1,
2562 926 2563 -1,
927 926 2562 -1,
2563 917 2564 -1,
926 917 2563 -1,
2564 916 2565 -1,
917 916 2564 -1,
2565 912 2566 -1,
2566 912 2567 -1,
916 912 2565 -1,
912 910 2567 -1,
2567 906 2568 -1,
2568 906 2569 -1,
910 906 2567 -1,
906 897 2569 -1,
2569 896 2570 -1,
897 896 2569 -1,
2570 890 2571 -1,
896 890 2570 -1,
2571 883 2572 -1,
890 883 2571 -1,
883 869 2572 -1,
2572 869 2573 -1,
869 868 2573 -1,
2573 868 2574 -1,
868 861 2574 -1,
2574 861 2575 -1,
2575 861 2576 -1,
861 854 2576 -1,
854 841 2576 -1,
2576 841 2577 -1,
841 840 2577 -1,
2577 840 2578 -1,
840 833 2578 -1,
2578 833 2579 -1,
2579 833 2580 -1,
833 775 2580 -1,
775 770 2580 -1,
2580 770 2581 -1,
770 766 2581 -1,
2581 766 2582 -1,
766 762 2582 -1,
2582 762 2583 -1,
762 736 2583 -1,
2583 736 2584 -1,
736 733 2584 -1,
2584 733 2585 -1,
733 730 2585 -1,
2585 730 2586 -1,
730 727 2586 -1,
2586 727 2587 -1,
727 724 2587 -1,
2587 724 2588 -1,
2588 724 2589 -1,
724 722 2589 -1,
722 718 2589 -1,
2589 718 2590 -1,
718 716 2590 -1,
2590 716 2591 -1,
2591 716 2592 -1,
716 712 2592 -1,
712 709 2592 -1,
2592 709 2593 -1,
2593 706 2594 -1,
709 706 2593 -1,
2594 704 2595 -1,
706 704 2594 -1,
2595 700 2596 -1,
704 700 2595 -1,
2596 698 2597 -1,
700 698 2596 -1,
698 694 2597 -1,
2597 694 2598 -1,
694 691 2598 -1,
2598 691 2599 -1,
691 688 2599 -1,
2599 688 2600 -1,
688 684 2600 -1,
2600 684 2601 -1,
684 678 2601 -1,
2601 678 2602 -1,
678 673 2602 -1,
2602 673 2603 -1,
673 669 2603 -1,
2603 669 2604 -1,
669 663 2604 -1,
2604 663 2605 -1,
663 660 2605 -1,
2605 660 2606 -1,
660 653 2606 -1,
2606 653 2607 -1,
653 646 2607 -1,
2607 646 2608 -1,
646 640 2608 -1,
2608 640 2609 -1,
2609 640 2610 -1,
640 632 2610 -1,
2610 625 2611 -1,
632 625 2610 -1,
2611 620 2612 -1,
625 620 2611 -1,
2612 610 2613 -1,
2613 610 2614 -1,
620 610 2612 -1,
610 602 2614 -1,
2614 605 2615 -1,
602 605 2614 -1,
2615 606 2616 -1,
2616 606 2617 -1,
605 606 2615 -1,
606 613 2617 -1,
2617 621 2618 -1,
613 621 2617 -1,
2618 629 2619 -1,
2619 629 2620 -1,
621 629 2618 -1,
629 634 2620 -1,
2620 641 2621 -1,
634 641 2620 -1,
2621 650 2622 -1,
641 650 2621 -1,
2622 655 2623 -1,
650 655 2622 -1,
655 753 2623 -1,
2623 753 2624 -1,
753 754 2624 -1,
2624 754 2625 -1,
754 755 2625 -1,
2625 755 2626 -1,
755 756 2626 -1,
2626 756 2627 -1,
2627 757 2628 -1,
756 757 2627 -1,
2628 758 2629 -1,
757 758 2628 -1,
2629 759 2630 -1,
758 759 2629 -1,
2630 760 2631 -1,
759 760 2630 -1,
2631 761 2632 -1,
2632 761 2633 -1,
760 761 2631 -1,
761 740 2633 -1,
2633 739 2634 -1,
2634 739 2635 -1,
740 739 2633 -1,
739 741 2635 -1,
2635 742 2636 -1,
741 742 2635 -1,
2636 743 2637 -1,
742 743 2636 -1,
2637 744 2638 -1,
743 744 2637 -1,
2638 745 2639 -1,
2639 745 2640 -1,
744 745 2638 -1,
745 746 2640 -1,
2640 747 2641 -1,
746 747 2640 -1,
2641 748 2642 -1,
2642 748 2643 -1,
747 748 2641 -1,
748 749 2643 -1,
2643 750 2644 -1,
2644 750 2645 -1,
749 750 2643 -1,
750 751 2645 -1,
2645 752 2646 -1,
751 752 2645 -1,
2646 763 2647 -1,
752 763 2646 -1,
763 767 2647 -1,
2647 767 2648 -1,
767 771 2648 -1,
2648 771 2649 -1,
771 778 2649 -1,
2649 778 2650 -1,
778 779 2650 -1,
2650 779 2651 -1,
779 782 2651 -1,
2651 782 2652 -1,
782 784 2652 -1,
2652 784 2653 -1,
784 787 2653 -1,
2653 787 2654 -1,
2654 787 2655 -1,
787 790 2655 -1,
790 793 2655 -1,
2655 793 2656 -1,
2656 793 2657 -1,
793 794 2657 -1,
794 795 2657 -1,
2657 795 2658 -1,
795 796 2658 -1,
2658 796 2659 -1,
2659 796 2660 -1,
796 797 2660 -1,
2660 798 2661 -1,
797 798 2660 -1,
2661 799 2536 -1,
798 799 2661 -1,
1013 1014 2662 -1,
2662 1014 2663 -1,
2663 1234 2664 -1,
1014 1234 2663 -1,
2664 1231 2665 -1,
1234 1231 2664 -1,
2665 1229 2666 -1,
1231 1229 2665 -1,
2666 1228 2667 -1,
2667 1228 2668 -1,
1229 1228 2666 -1,
2668 1225 2669 -1,
1228 1225 2668 -1,
1225 1221 2669 -1,
2669 1217 2670 -1,
1221 1217 2669 -1,
2670 1216 2671 -1,
1217 1216 2670 -1,
2671 1210 2672 -1,
1216 1210 2671 -1,
1210 1209 2672 -1,
2672 1209 2673 -1,
1209 1204 2673 -1,
2673 1204 2674 -1,
1204 1197 2674 -1,
2674 1197 2675 -1,
1197 1196 2675 -1,
2675 1196 2676 -1,
1196 1192 2676 -1,
2676 1192 2677 -1,
1192 1185 2677 -1,
2677 1185 2678 -1,
1185 1184 2678 -1,
2678 1184 2679 -1,
1184 1180 2679 -1,
2679 1180 2680 -1,
1180 1177 2680 -1,
2680 1177 2681 -1,
1177 1172 2681 -1,
2681 1172 2682 -1,
2682 1172 2683 -1,
1172 1168 2683 -1,
1168 1165 2683 -1,
2683 1165 2684 -1,
2684 1161 2685 -1,
1165 1161 2684 -1,
2685 1156 2686 -1,
1161 1156 2685 -1,
2686 1156 2687 -1,
1156 1149 2687 -1,
2687 1145 2688 -1,
1149 1145 2687 -1,
2688 1144 2689 -1,
1145 1144 2688 -1,
2689 1141 2690 -1,
1144 1141 2689 -1,
2690 1135 2691 -1,
1141 1135 2690 -1,
2691 1133 2692 -1,
2692 1133 2693 -1,
1135 1133 2691 -1,
1133 1128 2693 -1,
2693 1125 2694 -1,
2694 1125 2695 -1,
1128 1125 2693 -1,
1125 1120 2695 -1,
2695 1115 2696 -1,
1120 1115 2695 -1,
2696 1103 2697 -1,
1115 1103 2696 -1,
2697 1102 2698 -1,
1103 1102 2697 -1,
1102 1096 2698 -1,
2698 1096 2699 -1,
1096 1090 2699 -1,
2699 1090 2700 -1,
1090 1084 2700 -1,
2700 1084 2701 -1,
2701 1084 2702 -1,
1084 1075 2702 -1,
1075 1060 2702 -1,
2702 1060 2703 -1,
1060 1051 2703 -1,
2703 1051 2704 -1,
1051 1050 2704 -1,
2704 1050 2705 -1,
2705 1050 2706 -1,
1050 1042 2706 -1,
1042 1035 2706 -1,
2706 1035 2707 -1,
1035 1027 2707 -1,
2707 1027 2708 -1,
1027 1020 2708 -1,
2708 1020 2709 -1,
1020 1022 2709 -1,
2709 1022 2710 -1,
1022 1031 2710 -1,
2710 1031 2711 -1,
1031 1032 2711 -1,
2711 1032 2712 -1,
1032 1046 2712 -1,
2712 1046 2713 -1,
1046 1055 2713 -1,
2713 1055 2714 -1,
2714 1055 2715 -1,
1055 1056 2715 -1,
1056 1071 2715 -1,
2715 1071 2716 -1,
1071 1077 2716 -1,
2716 1077 2717 -1,
2717 1077 2718 -1,
1077 1078 2718 -1,
1078 343 2718 -1,
2718 343 2719 -1,
2719 342 2720 -1,
343 342 2719 -1,
2720 341 2721 -1,
342 341 2720 -1,
2721 340 2722 -1,
341 340 2721 -1,
2722 339 2723 -1,
340 339 2722 -1,
339 338 2723 -1,
2723 338 2724 -1,
338 335 2724 -1,
2724 335 2725 -1,
335 336 2725 -1,
2725 336 2726 -1,
336 337 2726 -1,
2726 337 2727 -1,
337 893 2727 -1,
2727 893 2728 -1,
893 886 2728 -1,
2728 886 2729 -1,
886 879 2729 -1,
2729 879 2730 -1,
879 872 2730 -1,
2730 872 2731 -1,
872 864 2731 -1,
2731 864 2732 -1,
864 855 2732 -1,
2732 855 2733 -1,
855 850 2733 -1,
2733 850 2734 -1,
850 844 2734 -1,
2734 844 2735 -1,
2735 844 2736 -1,
844 836 2736 -1,
2736 830 2737 -1,
836 830 2736 -1,
2737 823 2738 -1,
830 823 2737 -1,
2738 817 2739 -1,
2739 817 2740 -1,
823 817 2738 -1,
817 806 2740 -1,
2740 807 2741 -1,
806 807 2740 -1,
2741 815 2742 -1,
2742 815 2743 -1,
807 815 2741 -1,
815 820 2743 -1,
2743 824 2744 -1,
820 824 2743 -1,
2744 832 2745 -1,
2745 832 2746 -1,
824 832 2744 -1,
832 839 2746 -1,
2746 847 2747 -1,
839 847 2746 -1,
2747 853 2748 -1,
847 853 2747 -1,
2748 860 2749 -1,
853 860 2748 -1,
860 867 2749 -1,
2749 867 2750 -1,
867 876 2750 -1,
2750 876 2751 -1,
876 882 2751 -1,
2751 882 2752 -1,
882 889 2752 -1,
2752 889 2753 -1,
2753 895 2754 -1,
889 895 2753 -1,
2754 902 2755 -1,
895 902 2754 -1,
2755 905 2756 -1,
902 905 2755 -1,
2756 909 2757 -1,
905 909 2756 -1,
2757 911 2758 -1,
2758 911 2759 -1,
909 911 2757 -1,
911 915 2759 -1,
2759 922 2760 -1,
2760 922 2761 -1,
915 922 2759 -1,
922 925 2761 -1,
2761 930 2762 -1,
925 930 2761 -1,
2762 934 2763 -1,
930 934 2762 -1,
2763 937 2764 -1,
934 937 2763 -1,
2764 941 2765 -1,
2765 941 2766 -1,
937 941 2764 -1,
941 947 2766 -1,
2766 949 2767 -1,
947 949 2766 -1,
2767 955 2768 -1,
2768 955 2769 -1,
949 955 2767 -1,
955 957 2769 -1,
2769 962 2770 -1,
2770 962 2771 -1,
957 962 2769 -1,
962 966 2771 -1,
2771 969 2772 -1,
966 969 2771 -1,
2772 973 2773 -1,
969 973 2772 -1,
973 977 2773 -1,
2773 977 2774 -1,
977 982 2774 -1,
2774 982 2775 -1,
982 985 2775 -1,
2775 985 2776 -1,
985 990 2776 -1,
2776 990 2777 -1,
990 994 2777 -1,
2777 994 2778 -1,
994 998 2778 -1,
2778 998 2779 -1,
998 1001 2779 -1,
2779 1001 2780 -1,
2780 1001 2781 -1,
1001 1006 2781 -1,
1006 1007 2781 -1,
2781 1007 2782 -1,
2782 1007 2783 -1,
1007 1008 2783 -1,
1008 1009 2783 -1,
2783 1009 2784 -1,
1009 1010 2784 -1,
2784 1010 2785 -1,
2785 1010 2786 -1,
1010 1011 2786 -1,
2786 1012 2787 -1,
1011 1012 2786 -1,
2787 1013 2662 -1,
1012 1013 2787 -1,
256 255 2788 -1,
2788 255 2789 -1,
2789 1456 2790 -1,
255 1456 2789 -1,
2790 1454 2791 -1,
1456 1454 2790 -1,
2791 1452 2792 -1,
1454 1452 2791 -1,
2792 1449 2793 -1,
2793 1449 2794 -1,
1452 1449 2792 -1,
2794 1445 2795 -1,
1449 1445 2794 -1,
1445 1444 2795 -1,
2795 1442 2796 -1,
1444 1442 2795 -1,
2796 1435 2797 -1,
1442 1435 2796 -1,
2797 1434 2798 -1,
1435 1434 2797 -1,
1434 1431 2798 -1,
2798 1431 2799 -1,
1431 1423 2799 -1,
2799 1423 2800 -1,
1423 1419 2800 -1,
2800 1419 2801 -1,
1419 1418 2801 -1,
2801 1418 2802 -1,
1418 1414 2802 -1,
2802 1414 2803 -1,
1414 1408 2803 -1,
2803 1408 2804 -1,
1408 1407 2804 -1,
2804 1407 2805 -1,
1407 1400 2805 -1,
2805 1400 2806 -1,
1400 1395 2806 -1,
2806 1395 2807 -1,
1395 1394 2807 -1,
2807 1394 2808 -1,
2808 1394 2809 -1,
1394 1390 2809 -1,
1390 1386 2809 -1,
2809 1386 2810 -1,
2810 1379 2811 -1,
1386 1379 2810 -1,
2811 1376 2812 -1,
1379 1376 2811 -1,
2812 1376 2813 -1,
1376 1371 2813 -1,
2813 1367 2814 -1,
1371 1367 2813 -1,
2814 1364 2815 -1,
1367 1364 2814 -1,
2815 1363 2816 -1,
1364 1363 2815 -1,
2816 1358 2817 -1,
1363 1358 2816 -1,
2817 1351 2818 -1,
2818 1351 2819 -1,
1358 1351 2817 -1,
1351 1350 2819 -1,
2819 1346 2820 -1,
2820 1346 2821 -1,
1350 1346 2819 -1,
1346 1341 2821 -1,
2821 1336 2822 -1,
1341 1336 2821 -1,
2822 1323 2823 -1,
1336 1323 2822 -1,
2823 1322 2824 -1,
1323 1322 2823 -1,
1322 1317 2824 -1,
2824 1317 2825 -1,
1317 1308 2825 -1,
2825 1308 2826 -1,
1308 1304 2826 -1,
2826 1304 2827 -1,
2827 1304 2828 -1,
1304 1295 2828 -1,
1295 1278 2828 -1,
2828 1278 2829 -1,
1278 1277 2829 -1,
2829 1277 2830 -1,
1277 1271 2830 -1,
2830 1271 2831 -1,
2831 1271 2832 -1,
1271 1263 2832 -1,
1263 1247 2832 -1,
2832 1247 2833 -1,
1247 1246 2833 -1,
2833 1246 2834 -1,
1246 1242 2834 -1,
2834 1242 2835 -1,
1242 1241 2835 -1,
2835 1241 2836 -1,
1241 1249 2836 -1,
2836 1249 2837 -1,
1249 1259 2837 -1,
2837 1259 2838 -1,
1259 1266 2838 -1,
2838 1266 2839 -1,
1266 1267 2839 -1,
2839 1267 2840 -1,
2840 1267 2841 -1,
1267 1275 2841 -1,
1275 1291 2841 -1,
2841 1291 2842 -1,
1291 1299 2842 -1,
2842 1299 2843 -1,
2843 1299 2844 -1,
1299 1300 2844 -1,
1300 360 2844 -1,
2844 360 2845 -1,
2845 359 2846 -1,
360 359 2845 -1,
2846 358 2847 -1,
359 358 2846 -1,
2847 357 2848 -1,
358 357 2847 -1,
2848 356 2849 -1,
357 356 2848 -1,
356 355 2849 -1,
2849 355 2850 -1,
355 354 2850 -1,
2850 354 2851 -1,
354 344 2851 -1,
2851 344 2852 -1,
344 345 2852 -1,
2852 345 2853 -1,
345 346 2853 -1,
2853 346 2854 -1,
346 347 2854 -1,
2854 347 2855 -1,
347 352 2855 -1,
2855 352 2856 -1,
352 353 2856 -1,
2856 353 2857 -1,
353 1087 2857 -1,
2857 1087 2858 -1,
1087 1076 2858 -1,
2858 1076 2859 -1,
1076 1070 2859 -1,
2859 1070 2860 -1,
1070 1063 2860 -1,
2860 1063 2861 -1,
2861 1063 2862 -1,
1063 1054 2862 -1,
2862 1045 2863 -1,
1054 1045 2862 -1,
2863 1038 2864 -1,
1045 1038 2863 -1,
2864 1030 2865 -1,
2865 1030 2866 -1,
1038 1030 2864 -1,
1030 1019 2866 -1,
2866 1021 2867 -1,
1019 1021 2866 -1,
2867 1026 2868 -1,
2868 1026 2869 -1,
1021 1026 2867 -1,
1026 1034 2869 -1,
2869 1041 2870 -1,
1034 1041 2869 -1,
2870 1049 2871 -1,
2871 1049 2872 -1,
1041 1049 2870 -1,
1049 1059 2872 -1,
2872 1066 2873 -1,
1059 1066 2872 -1,
2873 1074 2874 -1,
1066 1074 2873 -1,
2874 1083 2875 -1,
1074 1083 2874 -1,
1083 1089 2875 -1,
2875 1089 2876 -1,
1089 1095 2876 -1,
2876 1095 2877 -1,
1095 1101 2877 -1,
2877 1101 2878 -1,
1101 1108 2878 -1,
2878 1108 2879 -1,
2879 1114 2880 -1,
1108 1114 2879 -1,
2880 1119 2881 -1,
1114 1119 2880 -1,
2881 1124 2882 -1,
1119 1124 2881 -1,
2882 1127 2883 -1,
1124 1127 2882 -1,
2883 1132 2884 -1,
2884 1132 2885 -1,
1127 1132 2883 -1,
1132 1134 2885 -1,
2885 1140 2886 -1,
2886 1140 2887 -1,
1134 1140 2885 -1,
1140 1143 2887 -1,
2887 1148 2888 -1,
1143 1148 2887 -1,
2888 1152 2889 -1,
1148 1152 2888 -1,
2889 1155 2890 -1,
1152 1155 2889 -1,
2890 1160 2891 -1,
2891 1160 2892 -1,
1155 1160 2890 -1,
1160 1164 2892 -1,
2892 1167 2893 -1,
1164 1167 2892 -1,
2893 1171 2894 -1,
2894 1171 2895 -1,
1167 1171 2893 -1,
1171 1176 2895 -1,
2895 1179 2896 -1,
2896 1179 2897 -1,
1176 1179 2895 -1,
1179 1183 2897 -1,
2897 1188 2898 -1,
1183 1188 2897 -1,
2898 1191 2899 -1,
1188 1191 2898 -1,
1191 1195 2899 -1,
2899 1195 2900 -1,
1195 1201 2900 -1,
2900 1201 2901 -1,
1201 1203 2901 -1,
2901 1203 2902 -1,
1203 1208 2902 -1,
2902 1208 2903 -1,
1208 1212 2903 -1,
2903 1212 2904 -1,
1212 1215 2904 -1,
2904 1215 2905 -1,
1215 1220 2905 -1,
2905 1220 2906 -1,
2906 1220 2907 -1,
1220 1224 2907 -1,
1224 1226 2907 -1,
2907 1226 2908 -1,
2908 1226 2909 -1,
1226 1227 2909 -1,
1227 1230 2909 -1,
2909 1230 2910 -1,
1230 1232 2910 -1,
2910 1232 2911 -1,
2911 1232 2912 -1,
1232 1233 2912 -1,
2912 257 2913 -1,
1233 257 2912 -1,
2913 256 2788 -1,
257 256 2913 -1,
253 252 2914 -1,
2914 252 2915 -1,
2915 1685 2916 -1,
252 1685 2915 -1,
2916 1680 2917 -1,
1685 1680 2916 -1,
2917 1679 2918 -1,
1680 1679 2917 -1,
2918 1674 2919 -1,
2919 1674 2920 -1,
1679 1674 2918 -1,
2920 1671 2921 -1,
1674 1671 2920 -1,
1671 1670 2921 -1,
2921 1667 2922 -1,
1670 1667 2921 -1,
2922 1664 2923 -1,
1667 1664 2922 -1,
2923 1659 2924 -1,
1664 1659 2923 -1,
1659 1658 2924 -1,
2924 1658 2925 -1,
1658 1653 2925 -1,
2925 1653 2926 -1,
1653 1652 2926 -1,
2926 1652 2927 -1,
1652 1649 2927 -1,
2927 1649 2928 -1,
1649 1646 2928 -1,
2928 1646 2929 -1,
1646 1615 2929 -1,
2929 1615 2930 -1,
1615 1613 2930 -1,
2930 1613 2931 -1,
1613 1612 2931 -1,
2931 1612 2932 -1,
1612 1610 2932 -1,
2932 1610 2933 -1,
1610 1604 2933 -1,
2933 1604 2934 -1,
2934 1604 2935 -1,
1604 1603 2935 -1,
1603 1599 2935 -1,
2935 1599 2936 -1,
2936 1593 2937 -1,
1599 1593 2936 -1,
2937 1587 2938 -1,
1593 1587 2937 -1,
2938 1587 2939 -1,
1587 1584 2939 -1,
2939 1579 2940 -1,
1584 1579 2939 -1,
2940 1574 2941 -1,
1579 1574 2940 -1,
2941 1572 2942 -1,
1574 1572 2941 -1,
2942 1571 2943 -1,
1572 1571 2942 -1,
2943 1563 2944 -1,
2944 1563 2945 -1,
1571 1563 2943 -1,
1563 1562 2945 -1,
2945 1559 2946 -1,
2946 1559 2947 -1,
1562 1559 2945 -1,
1559 1554 2947 -1,
2947 1548 2948 -1,
1554 1548 2947 -1,
2948 1547 2949 -1,
1548 1547 2948 -1,
2949 1543 2950 -1,
1547 1543 2949 -1,
1543 1536 2950 -1,
2950 1536 2951 -1,
1536 1530 2951 -1,
2951 1530 2952 -1,
1530 1525 2952 -1,
2952 1525 2953 -1,
2953 1525 2954 -1,
1525 1516 2954 -1,
1516 1509 2954 -1,
2954 1509 2955 -1,
1509 1498 2955 -1,
2955 1498 2956 -1,
1498 1492 2956 -1,
2956 1492 2957 -1,
2957 1492 2958 -1,
1492 1486 2958 -1,
1486 1470 2958 -1,
2958 1470 2959 -1,
1470 1459 2959 -1,
2959 1459 2960 -1,
1459 1458 2960 -1,
2960 1458 2961 -1,
1458 1460 2961 -1,
2961 1460 2962 -1,
1460 1462 2962 -1,
2962 1462 2963 -1,
1462 1480 2963 -1,
2963 1480 2964 -1,
1480 1481 2964 -1,
2964 1481 2965 -1,
1481 1496 2965 -1,
2965 1496 2966 -1,
2966 1496 2967 -1,
1496 1504 2967 -1,
1504 1505 2967 -1,
2967 1505 2968 -1,
1505 1520 2968 -1,
2968 1520 2969 -1,
2969 1520 2970 -1,
1520 1521 2970 -1,
1521 373 2970 -1,
2970 373 2971 -1,
2971 372 2972 -1,
373 372 2971 -1,
2972 371 2973 -1,
372 371 2972 -1,
2973 370 2974 -1,
371 370 2973 -1,
2974 369 2975 -1,
370 369 2974 -1,
369 368 2975 -1,
2975 368 2976 -1,
368 367 2976 -1,
2976 367 2977 -1,
367 361 2977 -1,
2977 361 2978 -1,
361 362 2978 -1,
2978 362 2979 -1,
362 363 2979 -1,
2979 363 2980 -1,
363 364 2980 -1,
2980 364 2981 -1,
364 365 2981 -1,
2981 365 2982 -1,
365 366 2982 -1,
2982 366 2983 -1,
366 1306 2983 -1,
2983 1306 2984 -1,
1306 1298 2984 -1,
2984 1298 2985 -1,
1298 1290 2985 -1,
2985 1290 2986 -1,
1290 1284 2986 -1,
2986 1284 2987 -1,
2987 1284 2988 -1,
1284 1274 2988 -1,
2988 1265 2989 -1,
1274 1265 2988 -1,
2989 1258 2990 -1,
1265 1258 2989 -1,
2990 1248 2991 -1,
2991 1248 2992 -1,
1258 1248 2990 -1,
1248 1240 2992 -1,
2992 1243 2993 -1,
1240 1243 2992 -1,
2993 1245 2994 -1,
2994 1245 2995 -1,
1243 1245 2993 -1,
1245 1255 2995 -1,
2995 1262 2996 -1,
1255 1262 2995 -1,
2996 1270 2997 -1,
2997 1270 2998 -1,
1262 1270 2996 -1,
1270 1276 2998 -1,
2998 1286 2999 -1,
1276 1286 2998 -1,
2999 1294 3000 -1,
1286 1294 2999 -1,
3000 1303 3001 -1,
1294 1303 3000 -1,
1303 1307 3001 -1,
3001 1307 3002 -1,
1307 1316 3002 -1,
3002 1316 3003 -1,
1316 1321 3003 -1,
3003 1321 3004 -1,
1321 1328 3004 -1,
3004 1328 3005 -1,
3005 1335 3006 -1,
1328 1335 3005 -1,
3006 1340 3007 -1,
1335 1340 3006 -1,
3007 1345 3008 -1,
1340 1345 3007 -1,
3008 1349 3009 -1,
1345 1349 3008 -1,
3009 1355 3010 -1,
3010 1355 3011 -1,
1349 1355 3009 -1,
1355 1357 3011 -1,
3011 1362 3012 -1,
3012 1362 3013 -1,
1357 1362 3011 -1,
1362 1366 3013 -1,
3013 1370 3014 -1,
1366 1370 3013 -1,
3014 1375 3015 -1,
1370 1375 3014 -1,
3015 1378 3016 -1,
1375 1378 3015 -1,
3016 1380 3017 -1,
3017 1380 3018 -1,
1378 1380 3016 -1,
1380 1385 3018 -1,
3018 1389 3019 -1,
1385 1389 3018 -1,
3019 1393 3020 -1,
3020 1393 3021 -1,
1389 1393 3019 -1,
1393 1398 3021 -1,
3021 1399 3022 -1,
3022 1399 3023 -1,
1398 1399 3021 -1,
1399 1406 3023 -1,
3023 1411 3024 -1,
1406 1411 3023 -1,
3024 1413 3025 -1,
1411 1413 3024 -1,
1413 1417 3025 -1,
3025 1417 3026 -1,
1417 1422 3026 -1,
3026 1422 3027 -1,
1422 1426 3027 -1,
3027 1426 3028 -1,
1426 1430 3028 -1,
3028 1430 3029 -1,
1430 1433 3029 -1,
3029 1433 3030 -1,
1433 1436 3030 -1,
3030 1436 3031 -1,
1436 1441 3031 -1,
3031 1441 3032 -1,
3032 1441 3033 -1,
1441 1443 3033 -1,
1443 1448 3033 -1,
3033 1448 3034 -1,
3034 1448 3035 -1,
1448 1450 3035 -1,
1450 1451 3035 -1,
3035 1451 3036 -1,
1451 1453 3036 -1,
3036 1453 3037 -1,
3037 1453 3038 -1,
1453 1455 3038 -1,
3038 254 3039 -1,
1455 254 3038 -1,
3039 253 2914 -1,
254 253 3039 -1,
288 282 3040 -1,
3040 282 3041 -1,
3041 283 3042 -1,
282 283 3041 -1,
3042 284 3043 -1,
283 284 3042 -1,
3043 285 3044 -1,
284 285 3043 -1,
3044 286 3045 -1,
3045 286 3046 -1,
285 286 3044 -1,
3046 287 3047 -1,
286 287 3046 -1,
287 1223 3047 -1,
3047 1219 3048 -1,
1223 1219 3047 -1,
3048 1214 3049 -1,
1219 1214 3048 -1,
3049 1207 3050 -1,
1214 1207 3049 -1,
1207 1206 3050 -1,
3050 1206 3051 -1,
1206 1200 3051 -1,
3051 1200 3052 -1,
1200 1199 3052 -1,
3052 1199 3053 -1,
1199 1194 3053 -1,
3053 1194 3054 -1,
1194 1190 3054 -1,
3054 1190 3055 -1,
1190 1187 3055 -1,
3055 1187 3056 -1,
1187 1182 3056 -1,
3056 1182 3057 -1,
1182 1175 3057 -1,
3057 1175 3058 -1,
1175 1174 3058 -1,
3058 1174 3059 -1,
1174 1170 3059 -1,
3059 1170 3060 -1,
3060 1170 3061 -1,
1170 1163 3061 -1,
1163 1159 3061 -1,
3061 1159 3062 -1,
3062 1158 3063 -1,
1159 1158 3062 -1,
3063 1154 3064 -1,
1158 1154 3063 -1,
3064 1154 3065 -1,
1154 1151 3065 -1,
3065 1147 3066 -1,
1151 1147 3065 -1,
3066 1139 3067 -1,
1147 1139 3066 -1,
3067 1138 3068 -1,
1139 1138 3067 -1,
3068 1131 3069 -1,
1138 1131 3068 -1,
3069 1130 3070 -1,
3070 1130 3071 -1,
1131 1130 3069 -1,
1130 1123 3071 -1,
3071 1122 3072 -1,
3072 1122 3073 -1,
1123 1122 3071 -1,
1122 1118 3073 -1,
3073 1113 3074 -1,
1118 1113 3073 -1,
3074 1107 3075 -1,
1113 1107 3074 -1,
3075 1100 3076 -1,
1107 1100 3075 -1,
1100 1094 3076 -1,
3076 1094 3077 -1,
1094 1082 3077 -1,
3077 1082 3078 -1,
1082 1081 3078 -1,
3078 1081 3079 -1,
3079 1081 3080 -1,
1081 1073 3080 -1,
1073 1065 3080 -1,
3080 1065 3081 -1,
1065 1058 3081 -1,
3081 1058 3082 -1,
1058 1048 3082 -1,
3082 1048 3083 -1,
3083 1048 3084 -1,
1048 1040 3084 -1,
1040 1025 3084 -1,
3084 1025 3085 -1,
1025 1024 3085 -1,
3085 1024 3086 -1,
1024 1016 3086 -1,
3086 1016 3087 -1,
1016 1018 3087 -1,
3087 1018 3088 -1,
1018 1029 3088 -1,
3088 1029 3089 -1,
1029 1037 3089 -1,
3089 1037 3090 -1,
1037 1044 3090 -1,
3090 1044 3091 -1,
1044 1053 3091 -1,
3091 1053 3092 -1,
3092 1053 3093 -1,
1053 1062 3093 -1,
1062 1068 3093 -1,
3093 1068 3094 -1,
1068 1069 3094 -1,
3094 1069 3095 -1,
3095 1069 3096 -1,
1069 1086 3096 -1,
1086 1092 3096 -1,
3096 1092 3097 -1,
3097 1098 3098 -1,
1092 1098 3097 -1,
3098 1105 3099 -1,
1098 1105 3098 -1,
3099 1110 3100 -1,
1105 1110 3099 -1,
3100 1111 3101 -1,
1110 1111 3100 -1,
1111 243 3101 -1,
3101 243 3102 -1,
243 242 3102 -1,
3102 242 3103 -1,
242 241 3103 -1,
3103 241 3104 -1,
241 898 3104 -1,
3104 898 3105 -1,
898 891 3105 -1,
3105 891 3106 -1,
891 884 3106 -1,
3106 884 3107 -1,
884 877 3107 -1,
3107 877 3108 -1,
877 870 3108 -1,
3108 870 3109 -1,
870 862 3109 -1,
3109 862 3110 -1,
862 856 3110 -1,
3110 856 3111 -1,
856 848 3111 -1,
3111 848 3112 -1,
848 842 3112 -1,
3112 842 3113 -1,
3113 842 3114 -1,
842 834 3114 -1,
3114 828 3115 -1,
834 828 3114 -1,
3115 821 3116 -1,
828 821 3115 -1,
3116 816 3117 -1,
3117 816 3118 -1,
821 816 3116 -1,
816 808 3118 -1,
3118 810 3119 -1,
808 810 3118 -1,
3119 813 3120 -1,
3120 813 3121 -1,
810 813 3119 -1,
813 818 3121 -1,
3121 825 3122 -1,
818 825 3121 -1,
3122 831 3123 -1,
3123 831 3124 -1,
825 831 3122 -1,
831 837 3124 -1,
3124 845 3125 -1,
837 845 3124 -1,
3125 851 3126 -1,
845 851 3125 -1,
3126 858 3127 -1,
851 858 3126 -1,
858 865 3127 -1,
3127 865 3128 -1,
865 873 3128 -1,
3128 873 3129 -1,
873 880 3129 -1,
3129 880 3130 -1,
880 887 3130 -1,
3130 887 3131 -1,
3131 894 3132 -1,
887 894 3131 -1,
3132 900 3133 -1,
894 900 3132 -1,
3133 903 3134 -1,
900 903 3133 -1,
3134 907 3135 -1,
903 907 3134 -1,
3135 913 3136 -1,
3136 913 3137 -1,
907 913 3135 -1,
913 918 3137 -1,
3137 920 3138 -1,
3138 920 3139 -1,
918 920 3137 -1,
920 923 3139 -1,
3139 928 3140 -1,
923 928 3139 -1,
3140 932 3141 -1,
928 932 3140 -1,
3141 935 3142 -1,
932 935 3141 -1,
3142 939 3143 -1,
3143 939 3144 -1,
935 939 3142 -1,
939 944 3144 -1,
3144 948 3145 -1,
944 948 3144 -1,
3145 952 3146 -1,
3146 952 3147 -1,
948 952 3145 -1,
952 956 3147 -1,
3147 959 3148 -1,
3148 959 3149 -1,
956 959 3147 -1,
959 965 3149 -1,
3149 967 3150 -1,
965 967 3149 -1,
3150 971 3151 -1,
967 971 3150 -1,
971 975 3151 -1,
3151 975 3152 -1,
975 979 3152 -1,
3152 979 3153 -1,
979 984 3153 -1,
3153 984 3154 -1,
984 987 3154 -1,
3154 987 3155 -1,
987 993 3155 -1,
3155 993 3156 -1,
993 995 3156 -1,
3156 995 3157 -1,
995 1000 3157 -1,
3157 1000 3158 -1,
3158 1000 3159 -1,
1000 1004 3159 -1,
1004 294 3159 -1,
3159 294 3160 -1,
3160 294 3161 -1,
294 293 3161 -1,
293 292 3161 -1,
3161 292 3162 -1,
292 291 3162 -1,
3162 291 3163 -1,
3163 291 3164 -1,
291 290 3164 -1,
3164 289 3165 -1,
290 289 3164 -1,
3165 288 3040 -1,
289 288 3165 -1,
273 267 3166 -1,
3166 267 3167 -1,
3167 268 3168 -1,
267 268 3167 -1,
3168 269 3169 -1,
268 269 3168 -1,
3169 270 3170 -1,
269 270 3169 -1,
3170 271 3171 -1,
3171 271 3172 -1,
270 271 3170 -1,
3172 272 3173 -1,
271 272 3172 -1,
272 1447 3173 -1,
3173 1439 3174 -1,
1447 1439 3173 -1,
3174 1438 3175 -1,
1439 1438 3174 -1,
3175 1429 3176 -1,
1438 1429 3175 -1,
1429 1428 3176 -1,
3176 1428 3177 -1,
1428 1425 3177 -1,
3177 1425 3178 -1,
1425 1421 3178 -1,
3178 1421 3179 -1,
1421 1416 3179 -1,
3179 1416 3180 -1,
1416 1410 3180 -1,
3180 1410 3181 -1,
1410 1405 3181 -1,
3181 1405 3182 -1,
1405 1403 3182 -1,
3182 1403 3183 -1,
1403 1402 3183 -1,
3183 1402 3184 -1,
1402 1397 3184 -1,
3184 1397 3185 -1,
1397 1392 3185 -1,
3185 1392 3186 -1,
3186 1392 3187 -1,
1392 1388 3187 -1,
1388 1383 3187 -1,
3187 1383 3188 -1,
3188 1382 3189 -1,
1383 1382 3188 -1,
3189 1374 3190 -1,
1382 1374 3189 -1,
3190 1374 3191 -1,
1374 1373 3191 -1,
3191 1369 3192 -1,
1373 1369 3191 -1,
3192 1361 3193 -1,
1369 1361 3192 -1,
3193 1360 3194 -1,
1361 1360 3193 -1,
3194 1354 3195 -1,
1360 1354 3194 -1,
3195 1353 3196 -1,
3196 1353 3197 -1,
1354 1353 3195 -1,
1353 1348 3197 -1,
3197 1344 3198 -1,
3198 1344 3199 -1,
1348 1344 3197 -1,
1344 1334 3199 -1,
3199 1333 3200 -1,
1334 1333 3199 -1,
3200 1327 3201 -1,
1333 1327 3200 -1,
3201 1315 3202 -1,
1327 1315 3201 -1,
1315 1314 3202 -1,
3202 1314 3203 -1,
1314 1310 3203 -1,
3203 1310 3204 -1,
1310 1302 3204 -1,
3204 1302 3205 -1,
3205 1302 3206 -1,
1302 1293 3206 -1,
1293 1281 3206 -1,
3206 1281 3207 -1,
1281 1280 3207 -1,
3207 1280 3208 -1,
1280 1269 3208 -1,
3208 1269 3209 -1,
3209 1269 3210 -1,
1269 1261 3210 -1,
1261 1254 3210 -1,
3210 1254 3211 -1,
1254 1237 3211 -1,
3211 1237 3212 -1,
1237 1236 3212 -1,
3212 1236 3213 -1,
1236 1239 3213 -1,
3213 1239 3214 -1,
1239 1251 3214 -1,
3214 1251 3215 -1,
1251 1252 3215 -1,
3215 1252 3216 -1,
1252 1257 3216 -1,
3216 1257 3217 -1,
1257 1273 3217 -1,
3217 1273 3218 -1,
3218 1273 3219 -1,
1273 1283 3219 -1,
1283 1288 3219 -1,
3219 1288 3220 -1,
1288 1289 3220 -1,
3220 1289 3221 -1,
3221 1289 3222 -1,
1289 1297 3222 -1,
1297 1312 3222 -1,
3222 1312 3223 -1,
3223 1319 3224 -1,
1312 1319 3223 -1,
3224 1325 3225 -1,
1319 1325 3224 -1,
3225 1330 3226 -1,
1325 1330 3225 -1,
3226 1331 3227 -1,
1330 1331 3226 -1,
1331 1338 3227 -1,
3227 1338 3228 -1,
1338 247 3228 -1,
3228 247 3229 -1,
247 246 3229 -1,
3229 246 3230 -1,
246 1116 3230 -1,
3230 1116 3231 -1,
1116 1109 3231 -1,
3231 1109 3232 -1,
1109 1104 3232 -1,
3232 1104 3233 -1,
1104 1097 3233 -1,
3233 1097 3234 -1,
1097 1091 3234 -1,
3234 1091 3235 -1,
1091 1085 3235 -1,
3235 1085 3236 -1,
1085 1079 3236 -1,
3236 1079 3237 -1,
1079 1067 3237 -1,
3237 1067 3238 -1,
1067 1061 3238 -1,
3238 1061 3239 -1,
3239 1061 3240 -1,
1061 1052 3240 -1,
3240 1043 3241 -1,
1052 1043 3240 -1,
3241 1036 3242 -1,
1043 1036 3241 -1,
3242 1028 3243 -1,
3243 1028 3244 -1,
1036 1028 3242 -1,
1028 1015 3244 -1,
3244 1017 3245 -1,
1015 1017 3244 -1,
3245 1023 3246 -1,
3246 1023 3247 -1,
1017 1023 3245 -1,
1023 1033 3247 -1,
3247 1039 3248 -1,
1033 1039 3247 -1,
3248 1047 3249 -1,
3249 1047 3250 -1,
1039 1047 3248 -1,
1047 1057 3250 -1,
3250 1064 3251 -1,
1057 1064 3250 -1,
3251 1072 3252 -1,
1064 1072 3251 -1,
3252 1080 3253 -1,
1072 1080 3252 -1,
1080 1088 3253 -1,
3253 1088 3254 -1,
1088 1093 3254 -1,
3254 1093 3255 -1,
1093 1099 3255 -1,
3255 1099 3256 -1,
1099 1106 3256 -1,
3256 1106 3257 -1,
3257 1112 3258 -1,
1106 1112 3257 -1,
3258 1117 3259 -1,
1112 1117 3258 -1,
3259 1121 3260 -1,
1117 1121 3259 -1,
3260 1126 3261 -1,
1121 1126 3260 -1,
3261 1129 3262 -1,
3262 1129 3263 -1,
1126 1129 3261 -1,
1129 1136 3263 -1,
3263 1137 3264 -1,
3264 1137 3265 -1,
1136 1137 3263 -1,
1137 1142 3265 -1,
3265 1146 3266 -1,
1142 1146 3265 -1,
3266 1150 3267 -1,
1146 1150 3266 -1,
3267 1153 3268 -1,
1150 1153 3267 -1,
3268 1157 3269 -1,
3269 1157 3270 -1,
1153 1157 3268 -1,
1157 1162 3270 -1,
3270 1166 3271 -1,
1162 1166 3270 -1,
3271 1169 3272 -1,
3272 1169 3273 -1,
1166 1169 3271 -1,
1169 1173 3273 -1,
3273 1178 3274 -1,
3274 1178 3275 -1,
1173 1178 3273 -1,
1178 1181 3275 -1,
3275 1186 3276 -1,
1181 1186 3275 -1,
3276 1189 3277 -1,
1186 1189 3276 -1,
1189 1193 3277 -1,
3277 1193 3278 -1,
1193 1198 3278 -1,
3278 1198 3279 -1,
1198 1202 3279 -1,
3279 1202 3280 -1,
1202 1205 3280 -1,
3280 1205 3281 -1,
1205 1211 3281 -1,
3281 1211 3282 -1,
1211 1213 3282 -1,
3282 1213 3283 -1,
1213 1218 3283 -1,
3283 1218 3284 -1,
3284 1218 3285 -1,
1218 1222 3285 -1,
1222 281 3285 -1,
3285 281 3286 -1,
3286 281 3287 -1,
281 280 3287 -1,
280 279 3287 -1,
3287 279 3288 -1,
279 276 3288 -1,
3288 276 3289 -1,
3289 276 3290 -1,
276 275 3290 -1,
3290 274 3291 -1,
275 274 3290 -1,
3291 273 3166 -1,
274 273 3291 -1,
258 259 3292 -1,
3292 259 3293 -1,
3293 260 3294 -1,
259 260 3293 -1,
3294 1698 3295 -1,
260 1698 3294 -1,
3295 1699 3296 -1,
1698 1699 3295 -1,
3296 1700 3297 -1,
3297 1700 3298 -1,
1699 1700 3296 -1,
3298 1701 3299 -1,
1700 1701 3298 -1,
1701 1702 3299 -1,
3299 1703 3300 -1,
1702 1703 3299 -1,
3300 1704 3301 -1,
1703 1704 3300 -1,
3301 1705 3302 -1,
1704 1705 3301 -1,
1705 1706 3302 -1,
3302 1706 3303 -1,
1706 1707 3303 -1,
3303 1707 3304 -1,
1707 1708 3304 -1,
3304 1708 3305 -1,
1708 1709 3305 -1,
3305 1709 3306 -1,
1709 1710 3306 -1,
3306 1710 3307 -1,
1710 1711 3307 -1,
3307 1711 3308 -1,
1711 1712 3308 -1,
3308 1712 3309 -1,
1712 1713 3309 -1,
3309 1713 3310 -1,
1713 1608 3310 -1,
3310 1608 3311 -1,
1608 1601 3311 -1,
3311 1601 3312 -1,
3312 1601 3313 -1,
1601 1597 3313 -1,
1597 1596 3313 -1,
3313 1596 3314 -1,
3314 1590 3315 -1,
1596 1590 3314 -1,
3315 1589 3316 -1,
1590 1589 3315 -1,
3316 1589 3317 -1,
1589 1582 3317 -1,
3317 1581 3318 -1,
1582 1581 3317 -1,
3318 1577 3319 -1,
1581 1577 3318 -1,
3319 1569 3320 -1,
1577 1569 3319 -1,
3320 1568 3321 -1,
1569 1568 3320 -1,
3321 1565 3322 -1,
3322 1565 3323 -1,
1568 1565 3321 -1,
1565 1557 3323 -1,
3323 1556 3324 -1,
3324 1556 3325 -1,
1557 1556 3323 -1,
1556 1552 3325 -1,
3325 1545 3326 -1,
1552 1545 3325 -1,
3326 1541 3327 -1,
1545 1541 3326 -1,
3327 1540 3328 -1,
1541 1540 3327 -1,
1540 1538 3328 -1,
3328 1538 3329 -1,
1538 1532 3329 -1,
3329 1532 3330 -1,
1532 1523 3330 -1,
3330 1523 3331 -1,
3331 1523 3332 -1,
1523 1514 3332 -1,
1514 1507 3332 -1,
3332 1507 3333 -1,
1507 1500 3333 -1,
3333 1500 3334 -1,
1500 1484 3334 -1,
3334 1484 3335 -1,
3335 1484 3336 -1,
1484 1483 3336 -1,
1483 1475 3336 -1,
3336 1475 3337 -1,
1475 1468 3337 -1,
3337 1468 3338 -1,
1468 1464 3338 -1,
3338 1464 3339 -1,
1464 1466 3339 -1,
3339 1466 3340 -1,
1466 1473 3340 -1,
3340 1473 3341 -1,
1473 1478 3341 -1,
3341 1478 3342 -1,
1478 1488 3342 -1,
3342 1488 3343 -1,
1488 1494 3343 -1,
3343 1494 3344 -1,
3344 1494 3345 -1,
1494 1502 3345 -1,
1502 1511 3345 -1,
3345 1511 3346 -1,
1511 1518 3346 -1,
3346 1518 3347 -1,
3347 1518 3348 -1,
1518 1527 3348 -1,
1527 1534 3348 -1,
3348 1534 3349 -1,
3349 1617 3350 -1,
1534 1617 3349 -1,
3350 1618 3351 -1,
1617 1618 3350 -1,
3351 1619 3352 -1,
1618 1619 3351 -1,
3352 1620 3353 -1,
1619 1620 3352 -1,
1620 1621 3353 -1,
3353 1621 3354 -1,
1621 1622 3354 -1,
3354 1622 3355 -1,
1622 1342 3355 -1,
3355 1342 3356 -1,
1342 1337 3356 -1,
3356 1337 3357 -1,
1337 1329 3357 -1,
3357 1329 3358 -1,
1329 1324 3358 -1,
3358 1324 3359 -1,
1324 1318 3359 -1,
3359 1318 3360 -1,
1318 1311 3360 -1,
3360 1311 3361 -1,
1311 1305 3361 -1,
3361 1305 3362 -1,
1305 1296 3362 -1,
3362 1296 3363 -1,
1296 1287 3363 -1,
3363 1287 3364 -1,
1287 1282 3364 -1,
3364 1282 3365 -1,
3365 1282 3366 -1,
1282 1272 3366 -1,
3366 1264 3367 -1,
1272 1264 3366 -1,
3367 1256 3368 -1,
1264 1256 3367 -1,
3368 1250 3369 -1,
3369 1250 3370 -1,
1256 1250 3368 -1,
1250 1238 3370 -1,
3370 1235 3371 -1,
1238 1235 3370 -1,
3371 1244 3372 -1,
3372 1244 3373 -1,
1235 1244 3371 -1,
1244 1253 3373 -1,
3373 1260 3374 -1,
1253 1260 3373 -1,
3374 1268 3375 -1,
3375 1268 3376 -1,
1260 1268 3374 -1,
1268 1279 3376 -1,
3376 1285 3377 -1,
1279 1285 3376 -1,
3377 1292 3378 -1,
1285 1292 3377 -1,
3378 1301 3379 -1,
1292 1301 3378 -1,
1301 1309 3379 -1,
3379 1309 3380 -1,
1309 1313 3380 -1,
3380 1313 3381 -1,
1313 1320 3381 -1,
3381 1320 3382 -1,
1320 1326 3382 -1,
3382 1326 3383 -1,
3383 1332 3384 -1,
1326 1332 3383 -1,
3384 1339 3385 -1,
1332 1339 3384 -1,
3385 1343 3386 -1,
1339 1343 3385 -1,
3386 1347 3387 -1,
1343 1347 3386 -1,
3387 1352 3388 -1,
3388 1352 3389 -1,
1347 1352 3387 -1,
1352 1356 3389 -1,
3389 1359 3390 -1,
3390 1359 3391 -1,
1356 1359 3389 -1,
1359 1365 3391 -1,
3391 1368 3392 -1,
1365 1368 3391 -1,
3392 1372 3393 -1,
1368 1372 3392 -1,
3393 1377 3394 -1,
1372 1377 3393 -1,
3394 1381 3395 -1,
3395 1381 3396 -1,
1377 1381 3394 -1,
1381 1384 3396 -1,
3396 1387 3397 -1,
1384 1387 3396 -1,
3397 1391 3398 -1,
3398 1391 3399 -1,
1387 1391 3397 -1,
1391 1396 3399 -1,
3399 1401 3400 -1,
3400 1401 3401 -1,
1396 1401 3399 -1,
1401 1404 3401 -1,
3401 1409 3402 -1,
1404 1409 3401 -1,
3402 1412 3403 -1,
1409 1412 3402 -1,
1412 1415 3403 -1,
3403 1415 3404 -1,
1415 1420 3404 -1,
3404 1420 3405 -1,
1420 1424 3405 -1,
3405 1424 3406 -1,
1424 1427 3406 -1,
3406 1427 3407 -1,
1427 1432 3407 -1,
3407 1432 3408 -1,
1432 1437 3408 -1,
3408 1437 3409 -1,
1437 1440 3409 -1,
3409 1440 3410 -1,
3410 1440 3411 -1,
1440 1446 3411 -1,
1446 266 3411 -1,
3411 266 3412 -1,
3412 266 3413 -1,
266 265 3413 -1,
265 264 3413 -1,
3413 264 3414 -1,
264 263 3414 -1,
3414 263 3415 -1,
3415 263 3416 -1,
263 262 3416 -1,
3416 261 3417 -1,
262 261 3416 -1,
3417 258 3292 -1,
261 258 3417 -1,
1697 1714 3418 -1,
3418 1714 3419 -1,
3419 1715 3420 -1,
1714 1715 3419 -1,
3420 1716 3421 -1,
1715 1716 3420 -1,
3421 1717 3422 -1,
1716 1717 3421 -1,
3422 1718 3423 -1,
3423 1718 3424 -1,
1717 1718 3422 -1,
3424 1719 3425 -1,
1718 1719 3424 -1,
1719 1721 3425 -1,
3425 1723 3426 -1,
1721 1723 3425 -1,
3426 1725 3427 -1,
1723 1725 3426 -1,
3427 1727 3428 -1,
1725 1727 3427 -1,
1727 1729 3428 -1,
3428 1729 3429 -1,
1729 1731 3429 -1,
3429 1731 3430 -1,
1731 1733 3430 -1,
3430 1733 3431 -1,
1733 93 3431 -1,
3431 93 3432 -1,
93 97 3432 -1,
3432 97 3433 -1,
97 98 3433 -1,
3433 98 3434 -1,
98 102 3434 -1,
3434 102 3435 -1,
102 109 3435 -1,
3435 109 3436 -1,
109 110 3436 -1,
3436 110 3437 -1,
110 117 3437 -1,
3437 117 3438 -1,
3438 117 3439 -1,
117 121 3439 -1,
121 122 3439 -1,
3439 122 3440 -1,
3440 129 3441 -1,
122 129 3440 -1,
3441 134 3442 -1,
129 134 3441 -1,
3442 134 3443 -1,
134 1694 3443 -1,
3443 1693 3444 -1,
1694 1693 3443 -1,
3444 1692 3445 -1,
1693 1692 3444 -1,
3445 1691 3446 -1,
1692 1691 3445 -1,
3446 1690 3447 -1,
1691 1690 3446 -1,
3447 1689 3448 -1,
3448 1689 3449 -1,
1690 1689 3447 -1,
1689 1688 3449 -1,
3449 1687 3450 -1,
3450 1687 3451 -1,
1688 1687 3449 -1,
1687 1686 3451 -1,
3451 1683 3452 -1,
1686 1683 3451 -1,
3452 1681 3453 -1,
1683 1681 3452 -1,
3453 1677 3454 -1,
1681 1677 3453 -1,
1677 1675 3454 -1,
3454 1675 3455 -1,
1675 1672 3455 -1,
3455 1672 3456 -1,
1672 1668 3456 -1,
3456 1668 3457 -1,
3457 1668 3458 -1,
1668 1665 3458 -1,
1665 1662 3458 -1,
3458 1662 3459 -1,
1662 1660 3459 -1,
3459 1660 3460 -1,
1660 1656 3460 -1,
3460 1656 3461 -1,
3461 1656 3462 -1,
1656 1654 3462 -1,
1654 1650 3462 -1,
3462 1650 3463 -1,
1650 1647 3463 -1,
3463 1647 3464 -1,
1647 1644 3464 -1,
3464 1644 3465 -1,
1644 1624 3465 -1,
3465 1624 3466 -1,
1624 1623 3466 -1,
3466 1623 3467 -1,
1623 1625 3467 -1,
3467 1625 3468 -1,
1625 1626 3468 -1,
3468 1626 3469 -1,
1626 1627 3469 -1,
3469 1627 3470 -1,
3470 1627 3471 -1,
1627 1628 3471 -1,
1628 1629 3471 -1,
3471 1629 3472 -1,
1629 1630 3472 -1,
3472 1630 3473 -1,
3473 1630 3474 -1,
1630 1631 3474 -1,
1631 1632 3474 -1,
3474 1632 3475 -1,
3475 1633 3476 -1,
1632 1633 3475 -1,
3476 1634 3477 -1,
1633 1634 3476 -1,
3477 1635 3478 -1,
1634 1635 3477 -1,
3478 1636 3479 -1,
1635 1636 3478 -1,
1636 1637 3479 -1,
3479 1637 3480 -1,
1637 1638 3480 -1,
3480 1638 3481 -1,
1638 1639 3481 -1,
3481 1639 3482 -1,
1639 1640 3482 -1,
3482 1640 3483 -1,
1640 1641 3483 -1,
3483 1641 3484 -1,
1641 1642 3484 -1,
3484 1642 3485 -1,
1642 1643 3485 -1,
3485 1643 3486 -1,
1643 1533 3486 -1,
3486 1533 3487 -1,
1533 1526 3487 -1,
3487 1526 3488 -1,
1526 1517 3488 -1,
3488 1517 3489 -1,
1517 1510 3489 -1,
3489 1510 3490 -1,
1510 1501 3490 -1,
3490 1501 3491 -1,
3491 1501 3492 -1,
1501 1493 3492 -1,
3492 1487 3493 -1,
1493 1487 3492 -1,
3493 1477 3494 -1,
1487 1477 3493 -1,
3494 1472 3495 -1,
3495 1472 3496 -1,
1477 1472 3494 -1,
1472 1463 3496 -1,
3496 1465 3497 -1,
1463 1465 3496 -1,
3497 1467 3498 -1,
3498 1467 3499 -1,
1465 1467 3497 -1,
1467 1474 3499 -1,
3499 1482 3500 -1,
1474 1482 3499 -1,
3500 1490 3501 -1,
3501 1490 3502 -1,
1482 1490 3500 -1,
1490 1499 3502 -1,
3502 1506 3503 -1,
1499 1506 3502 -1,
3503 1513 3504 -1,
1506 1513 3503 -1,
3504 1522 3505 -1,
1513 1522 3504 -1,
1522 1531 3505 -1,
3505 1531 3506 -1,
1531 1537 3506 -1,
3506 1537 3507 -1,
1537 1539 3507 -1,
3507 1539 3508 -1,
1539 1544 3508 -1,
3508 1544 3509 -1,
3509 1549 3510 -1,
1544 1549 3509 -1,
3510 1551 3511 -1,
1549 1551 3510 -1,
3511 1555 3512 -1,
1551 1555 3511 -1,
3512 1560 3513 -1,
1555 1560 3512 -1,
3513 1564 3514 -1,
3514 1564 3515 -1,
1560 1564 3513 -1,
1564 1567 3515 -1,
3515 1575 3516 -1,
3516 1575 3517 -1,
1567 1575 3515 -1,
1575 1576 3517 -1,
3517 1580 3518 -1,
1576 1580 3517 -1,
3518 1585 3519 -1,
1580 1585 3518 -1,
3519 1588 3520 -1,
1585 1588 3519 -1,
3520 1594 3521 -1,
3521 1594 3522 -1,
1588 1594 3520 -1,
1594 1595 3522 -1,
3522 1600 3523 -1,
1595 1600 3522 -1,
3523 1605 3524 -1,
3524 1605 3525 -1,
1600 1605 3523 -1,
1605 1607 3525 -1,
3525 1720 3526 -1,
3526 1720 3527 -1,
1607 1720 3525 -1,
1720 1722 3527 -1,
3527 1724 3528 -1,
1722 1724 3527 -1,
3528 1726 3529 -1,
1724 1726 3528 -1,
1726 1728 3529 -1,
3529 1728 3530 -1,
1728 1730 3530 -1,
3530 1730 3531 -1,
1730 1732 3531 -1,
3531 1732 3532 -1,
1732 1734 3532 -1,
3532 1734 3533 -1,
1734 1735 3533 -1,
3533 1735 3534 -1,
1735 1736 3534 -1,
3534 1736 3535 -1,
1736 1737 3535 -1,
3535 1737 3536 -1,
3536 1737 3537 -1,
1737 1738 3537 -1,
1738 1739 3537 -1,
3537 1739 3538 -1,
3538 1739 3539 -1,
1739 1740 3539 -1,
1740 1741 3539 -1,
3539 1741 3540 -1,
1741 1742 3540 -1,
3540 1742 3541 -1,
3541 1742 3542 -1,
1742 1696 3542 -1,
3542 1695 3543 -1,
1696 1695 3542 -1,
3543 1697 3418 -1,
1695 1697 3543 -1,
334 2029 2028 -1,
334 2028 138 -1,
2029 334 2031 -1,
2031 334 17 -1,
138 2028 2030 -1,
138 2030 92 -1,
2031 17 2030 -1,
2030 17 92 -1,
250 249 3544 -1,
3544 249 3545 -1,
3545 1852 3546 -1,
249 1852 3545 -1,
3546 1849 3547 -1,
1852 1849 3546 -1,
3547 1848 3548 -1,
1849 1848 3547 -1,
3548 1845 3549 -1,
3549 1845 3550 -1,
1848 1845 3548 -1,
3550 1843 3551 -1,
1845 1843 3550 -1,
1843 1842 3551 -1,
3551 1840 3552 -1,
1842 1840 3551 -1,
3552 1838 3553 -1,
1840 1838 3552 -1,
3553 1835 3554 -1,
1838 1835 3553 -1,
1835 1834 3554 -1,
3554 1834 3555 -1,
1834 1831 3555 -1,
3555 1831 3556 -1,
1831 1829 3556 -1,
3556 1829 3557 -1,
1829 1828 3557 -1,
3557 1828 3558 -1,
1828 1826 3558 -1,
3558 1826 3559 -1,
1826 1823 3559 -1,
3559 1823 3560 -1,
1823 1821 3560 -1,
3560 1821 3561 -1,
1821 1820 3561 -1,
3561 1820 3562 -1,
1820 1817 3562 -1,
3562 1817 3563 -1,
1817 1815 3563 -1,
3563 1815 3564 -1,
3564 1815 3565 -1,
1815 1814 3565 -1,
1814 1811 3565 -1,
3565 1811 3566 -1,
3566 1809 3567 -1,
1811 1809 3566 -1,
3567 1807 3568 -1,
1809 1807 3567 -1,
3568 1807 3569 -1,
1807 1805 3569 -1,
3569 1804 3570 -1,
1805 1804 3569 -1,
3570 1801 3571 -1,
1804 1801 3570 -1,
3571 1800 3572 -1,
1801 1800 3571 -1,
3572 1798 3573 -1,
1800 1798 3572 -1,
3573 1795 3574 -1,
3574 1795 3575 -1,
1798 1795 3573 -1,
1795 1794 3575 -1,
3575 1792 3576 -1,
3576 1792 3577 -1,
1794 1792 3575 -1,
1792 1790 3577 -1,
3577 1788 3578 -1,
1790 1788 3577 -1,
3578 1786 3579 -1,
1788 1786 3578 -1,
3579 1784 3580 -1,
1786 1784 3579 -1,
1784 1782 3580 -1,
3580 1782 3581 -1,
1782 1780 3581 -1,
3581 1780 3582 -1,
1780 1777 3582 -1,
3582 1777 3583 -1,
3583 1777 3584 -1,
1777 1772 3584 -1,
1772 1769 3584 -1,
3584 1769 3585 -1,
1769 1762 3585 -1,
3585 1762 3586 -1,
1762 1761 3586 -1,
3586 1761 3587 -1,
3587 1761 3588 -1,
1761 1756 3588 -1,
1756 1753 3588 -1,
3588 1753 3589 -1,
1753 1745 3589 -1,
3589 1745 3590 -1,
1745 1744 3590 -1,
3590 1744 3591 -1,
1744 1747 3591 -1,
3591 1747 3592 -1,
1747 1750 3592 -1,
3592 1750 3593 -1,
1750 1751 3593 -1,
3593 1751 3594 -1,
1751 1758 3594 -1,
3594 1758 3595 -1,
1758 1759 3595 -1,
3595 1759 3596 -1,
3596 1759 3597 -1,
1759 1766 3597 -1,
1766 1767 3597 -1,
3597 1767 3598 -1,
1767 1774 3598 -1,
3598 1774 3599 -1,
3599 1774 3600 -1,
1774 1775 3600 -1,
1775 388 3600 -1,
3600 388 3601 -1,
3601 387 3602 -1,
388 387 3601 -1,
3602 386 3603 -1,
387 386 3602 -1,
3603 383 3604 -1,
386 383 3603 -1,
3604 382 3605 -1,
383 382 3604 -1,
382 381 3605 -1,
3605 381 3606 -1,
381 380 3606 -1,
3606 380 3607 -1,
380 374 3607 -1,
3607 374 3608 -1,
374 375 3608 -1,
3608 375 3609 -1,
375 376 3609 -1,
3609 376 3610 -1,
376 377 3610 -1,
3610 377 3611 -1,
377 378 3611 -1,
3611 378 3612 -1,
378 379 3612 -1,
3612 379 3613 -1,
379 1528 3613 -1,
3613 1528 3614 -1,
1528 1519 3614 -1,
3614 1519 3615 -1,
1519 1512 3615 -1,
3615 1512 3616 -1,
1512 1503 3616 -1,
3616 1503 3617 -1,
3617 1503 3618 -1,
1503 1495 3618 -1,
3618 1489 3619 -1,
1495 1489 3618 -1,
3619 1479 3620 -1,
1489 1479 3619 -1,
3620 1471 3621 -1,
3621 1471 3622 -1,
1479 1471 3620 -1,
1471 1461 3622 -1,
3622 1457 3623 -1,
1461 1457 3622 -1,
3623 1469 3624 -1,
3624 1469 3625 -1,
1457 1469 3623 -1,
1469 1476 3625 -1,
3625 1485 3626 -1,
1476 1485 3625 -1,
3626 1491 3627 -1,
3627 1491 3628 -1,
1485 1491 3626 -1,
1491 1497 3628 -1,
3628 1508 3629 -1,
1497 1508 3628 -1,
3629 1515 3630 -1,
1508 1515 3629 -1,
3630 1524 3631 -1,
1515 1524 3630 -1,
1524 1529 3631 -1,
3631 1529 3632 -1,
1529 1535 3632 -1,
3632 1535 3633 -1,
1535 1542 3633 -1,
3633 1542 3634 -1,
1542 1546 3634 -1,
3634 1546 3635 -1,
3635 1550 3636 -1,
1546 1550 3635 -1,
3636 1553 3637 -1,
1550 1553 3636 -1,
3637 1558 3638 -1,
1553 1558 3637 -1,
3638 1561 3639 -1,
1558 1561 3638 -1,
3639 1566 3640 -1,
3640 1566 3641 -1,
1561 1566 3639 -1,
1566 1570 3641 -1,
3641 1573 3642 -1,
3642 1573 3643 -1,
1570 1573 3641 -1,
1573 1578 3643 -1,
3643 1583 3644 -1,
1578 1583 3643 -1,
3644 1586 3645 -1,
1583 1586 3644 -1,
3645 1591 3646 -1,
1586 1591 3645 -1,
3646 1592 3647 -1,
3647 1592 3648 -1,
1591 1592 3646 -1,
1592 1598 3648 -1,
3648 1602 3649 -1,
1598 1602 3648 -1,
3649 1606 3650 -1,
3650 1606 3651 -1,
1602 1606 3649 -1,
1606 1609 3651 -1,
3651 1611 3652 -1,
3652 1611 3653 -1,
1609 1611 3651 -1,
1611 1614 3653 -1,
3653 1616 3654 -1,
1614 1616 3653 -1,
3654 1645 3655 -1,
1616 1645 3654 -1,
1645 1648 3655 -1,
3655 1648 3656 -1,
1648 1651 3656 -1,
3656 1651 3657 -1,
1651 1655 3657 -1,
3657 1655 3658 -1,
1655 1657 3658 -1,
3658 1657 3659 -1,
1657 1661 3659 -1,
3659 1661 3660 -1,
1661 1663 3660 -1,
3660 1663 3661 -1,
1663 1666 3661 -1,
3661 1666 3662 -1,
3662 1666 3663 -1,
1666 1669 3663 -1,
1669 1673 3663 -1,
3663 1673 3664 -1,
3664 1673 3665 -1,
1673 1676 3665 -1,
1676 1678 3665 -1,
3665 1678 3666 -1,
1678 1682 3666 -1,
3666 1682 3667 -1,
3667 1682 3668 -1,
1682 1684 3668 -1,
3668 251 3669 -1,
1684 251 3668 -1,
3669 250 3544 -1,
251 250 3669 -1,
205 204 3670 -1,
3670 204 3671 -1,
3671 1962 3672 -1,
204 1962 3671 -1,
3672 1960 3673 -1,
1962 1960 3672 -1,
3673 1958 3674 -1,
1960 1958 3673 -1,
3674 1955 3675 -1,
3675 1955 3676 -1,
1958 1955 3674 -1,
3676 1953 3677 -1,
1955 1953 3676 -1,
1953 1952 3677 -1,
3677 1950 3678 -1,
1952 1950 3677 -1,
3678 1948 3679 -1,
1950 1948 3678 -1,
3679 1946 3680 -1,
1948 1946 3679 -1,
1946 1944 3680 -1,
3680 1944 3681 -1,
1944 1942 3681 -1,
3681 1942 3682 -1,
1942 1940 3682 -1,
3682 1940 3683 -1,
1940 1937 3683 -1,
3683 1937 3684 -1,
1937 1936 3684 -1,
3684 1936 3685 -1,
1936 1933 3685 -1,
3685 1933 3686 -1,
1933 1931 3686 -1,
3686 1931 3687 -1,
1931 1930 3687 -1,
3687 1930 3688 -1,
1930 1928 3688 -1,
3688 1928 3689 -1,
1928 1925 3689 -1,
3689 1925 3690 -1,
3690 1925 3691 -1,
1925 1923 3691 -1,
1923 1922 3691 -1,
3691 1922 3692 -1,
3692 1920 3693 -1,
1922 1920 3692 -1,
3693 1917 3694 -1,
1920 1917 3693 -1,
3694 1917 3695 -1,
1917 1915 3695 -1,
3695 1914 3696 -1,
1915 1914 3695 -1,
3696 1911 3697 -1,
1914 1911 3696 -1,
3697 1910 3698 -1,
1911 1910 3697 -1,
3698 1908 3699 -1,
1910 1908 3698 -1,
3699 1905 3700 -1,
3700 1905 3701 -1,
1908 1905 3699 -1,
1905 1903 3701 -1,
3701 1902 3702 -1,
3702 1902 3703 -1,
1903 1902 3701 -1,
1902 1900 3703 -1,
3703 1898 3704 -1,
1900 1898 3703 -1,
3704 1896 3705 -1,
1898 1896 3704 -1,
3705 1894 3706 -1,
1896 1894 3705 -1,
1894 1892 3706 -1,
3706 1892 3707 -1,
1892 1890 3707 -1,
3707 1890 3708 -1,
1890 1886 3708 -1,
3708 1886 3709 -1,
3709 1886 3710 -1,
1886 1882 3710 -1,
1882 1879 3710 -1,
3710 1879 3711 -1,
1879 1872 3711 -1,
3711 1872 3712 -1,
1872 1871 3712 -1,
3712 1871 3713 -1,
3713 1871 3714 -1,
1871 1867 3714 -1,
1867 1862 3714 -1,
3714 1862 3715 -1,
1862 1858 3715 -1,
3715 1858 3716 -1,
1858 1854 3716 -1,
3716 1854 3717 -1,
1854 1856 3717 -1,
3717 1856 3718 -1,
1856 1860 3718 -1,
3718 1860 3719 -1,
1860 1864 3719 -1,
3719 1864 3720 -1,
1864 1865 3720 -1,
3720 1865 3721 -1,
1865 1869 3721 -1,
3721 1869 3722 -1,
3722 1869 3723 -1,
1869 1874 3723 -1,
1874 1877 3723 -1,
3723 1877 3724 -1,
1877 1884 3724 -1,
3724 1884 3725 -1,
3725 1884 3726 -1,
1884 1888 3726 -1,
1888 401 3726 -1,
3726 401 3727 -1,
3727 400 3728 -1,
401 400 3727 -1,
3728 399 3729 -1,
400 399 3728 -1,
3729 398 3730 -1,
399 398 3729 -1,
3730 397 3731 -1,
398 397 3730 -1,
397 396 3731 -1,
3731 396 3732 -1,
396 395 3732 -1,
3732 395 3733 -1,
395 394 3733 -1,
3733 394 3734 -1,
394 389 3734 -1,
3734 389 3735 -1,
389 390 3735 -1,
3735 390 3736 -1,
390 391 3736 -1,
3736 391 3737 -1,
391 392 3737 -1,
3737 392 3738 -1,
392 393 3738 -1,
3738 393 3739 -1,
393 1778 3739 -1,
3739 1778 3740 -1,
1778 1773 3740 -1,
3740 1773 3741 -1,
1773 1770 3741 -1,
3741 1770 3742 -1,
1770 1765 3742 -1,
3742 1765 3743 -1,
3743 1765 3744 -1,
1765 1763 3744 -1,
3744 1757 3745 -1,
1763 1757 3744 -1,
3745 1754 3746 -1,
1757 1754 3745 -1,
3746 1749 3747 -1,
3747 1749 3748 -1,
1754 1749 3746 -1,
1749 1746 3748 -1,
3748 1743 3749 -1,
1746 1743 3748 -1,
3749 1748 3750 -1,
3750 1748 3751 -1,
1743 1748 3749 -1,
1748 1752 3751 -1,
3751 1755 3752 -1,
1752 1755 3751 -1,
3752 1760 3753 -1,
3753 1760 3754 -1,
1755 1760 3752 -1,
1760 1764 3754 -1,
3754 1768 3755 -1,
1764 1768 3754 -1,
3755 1771 3756 -1,
1768 1771 3755 -1,
3756 1776 3757 -1,
1771 1776 3756 -1,
1776 1779 3757 -1,
3757 1779 3758 -1,
1779 1781 3758 -1,
3758 1781 3759 -1,
1781 1783 3759 -1,
3759 1783 3760 -1,
1783 1785 3760 -1,
3760 1785 3761 -1,
3761 1787 3762 -1,
1785 1787 3761 -1,
3762 1789 3763 -1,
1787 1789 3762 -1,
3763 1791 3764 -1,
1789 1791 3763 -1,
3764 1793 3765 -1,
1791 1793 3764 -1,
3765 1796 3766 -1,
3766 1796 3767 -1,
1793 1796 3765 -1,
1796 1797 3767 -1,
3767 1799 3768 -1,
3768 1799 3769 -1,
1797 1799 3767 -1,
1799 1802 3769 -1,
3769 1803 3770 -1,
1802 1803 3769 -1,
3770 1806 3771 -1,
1803 1806 3770 -1,
3771 1808 3772 -1,
1806 1808 3771 -1,
3772 1810 3773 -1,
3773 1810 3774 -1,
1808 1810 3772 -1,
1810 1812 3774 -1,
3774 1813 3775 -1,
1812 1813 3774 -1,
3775 1816 3776 -1,
3776 1816 3777 -1,
1813 1816 3775 -1,
1816 1818 3777 -1,
3777 1819 3778 -1,
3778 1819 3779 -1,
1818 1819 3777 -1,
1819 1822 3779 -1,
3779 1824 3780 -1,
1822 1824 3779 -1,
3780 1825 3781 -1,
1824 1825 3780 -1,
1825 1827 3781 -1,
3781 1827 3782 -1,
1827 1830 3782 -1,
3782 1830 3783 -1,
1830 1832 3783 -1,
3783 1832 3784 -1,
1832 1833 3784 -1,
3784 1833 3785 -1,
1833 1836 3785 -1,
3785 1836 3786 -1,
1836 1837 3786 -1,
3786 1837 3787 -1,
1837 1839 3787 -1,
3787 1839 3788 -1,
3788 1839 3789 -1,
1839 1841 3789 -1,
1841 1844 3789 -1,
3789 1844 3790 -1,
3790 1844 3791 -1,
1844 1846 3791 -1,
1846 1847 3791 -1,
3791 1847 3792 -1,
1847 1850 3792 -1,
3792 1850 3793 -1,
3793 1850 3794 -1,
1850 1851 3794 -1,
3794 248 3795 -1,
1851 248 3794 -1,
3795 205 3670 -1,
248 205 3795 -1,
207 206 3796 -1,
3796 206 3797 -1,
3797 208 3798 -1,
206 208 3797 -1,
3798 209 3799 -1,
208 209 3798 -1,
3799 210 3800 -1,
209 210 3799 -1,
3800 211 3801 -1,
3801 211 3802 -1,
210 211 3800 -1,
3802 136 3803 -1,
211 136 3802 -1,
136 132 3803 -1,
3803 131 3804 -1,
132 131 3803 -1,
3804 127 3805 -1,
131 127 3804 -1,
3805 124 3806 -1,
127 124 3805 -1,
124 119 3806 -1,
3806 119 3807 -1,
119 113 3807 -1,
3807 113 3808 -1,
113 112 3808 -1,
3808 112 3809 -1,
112 105 3809 -1,
3809 105 3810 -1,
105 104 3810 -1,
3810 104 3811 -1,
104 100 3811 -1,
3811 100 3812 -1,
100 95 3812 -1,
3812 95 3813 -1,
95 90 3813 -1,
3813 90 3814 -1,
90 87 3814 -1,
3814 87 3815 -1,
87 82 3815 -1,
3815 82 3816 -1,
3816 82 3817 -1,
82 77 3817 -1,
77 68 3817 -1,
3817 68 3818 -1,
3818 53 3819 -1,
68 53 3818 -1,
3819 52 3820 -1,
53 52 3819 -1,
3820 52 3821 -1,
52 41 3821 -1,
3821 40 3822 -1,
41 40 3821 -1,
3822 25 3823 -1,
40 25 3822 -1,
3823 24 3824 -1,
25 24 3823 -1,
3824 9 3825 -1,
24 9 3824 -1,
3825 8 3826 -1,
3826 8 3827 -1,
9 8 3825 -1,
8 2023 3827 -1,
3827 2022 3828 -1,
3828 2022 3829 -1,
2023 2022 3827 -1,
2022 2019 3829 -1,
3829 2016 3830 -1,
2019 2016 3829 -1,
3830 2013 3831 -1,
2016 2013 3830 -1,
3831 2010 3832 -1,
2013 2010 3831 -1,
2010 2007 3832 -1,
3832 2007 3833 -1,
2007 2004 3833 -1,
3833 2004 3834 -1,
2004 2001 3834 -1,
3834 2001 3835 -1,
3835 2001 3836 -1,
2001 1998 3836 -1,
1998 1995 3836 -1,
3836 1995 3837 -1,
1995 1990 3837 -1,
3837 1990 3838 -1,
1990 1989 3838 -1,
3838 1989 3839 -1,
3839 1989 3840 -1,
1989 1979 3840 -1,
1979 1964 3840 -1,
3840 1964 3841 -1,
1964 1963 3841 -1,
3841 1963 3842 -1,
1963 1965 3842 -1,
3842 1965 3843 -1,
1965 1966 3843 -1,
3843 1966 3844 -1,
1966 1967 3844 -1,
3844 1967 3845 -1,
1967 1968 3845 -1,
3845 1968 3846 -1,
1968 1969 3846 -1,
3846 1969 3847 -1,
1969 1970 3847 -1,
3847 1970 3848 -1,
3848 1970 3849 -1,
1970 1971 3849 -1,
1971 1972 3849 -1,
3849 1972 3850 -1,
1972 1973 3850 -1,
3850 1973 3851 -1,
3851 1973 3852 -1,
1973 1974 3852 -1,
1974 1975 3852 -1,
3852 1975 3853 -1,
3853 1976 3854 -1,
1975 1976 3853 -1,
3854 1977 3855 -1,
1976 1977 3854 -1,
3855 1978 3856 -1,
1977 1978 3855 -1,
3856 410 3857 -1,
1978 410 3856 -1,
410 409 3857 -1,
3857 409 3858 -1,
409 408 3858 -1,
3858 408 3859 -1,
408 407 3859 -1,
3859 407 3860 -1,
407 402 3860 -1,
3860 402 3861 -1,
402 403 3861 -1,
3861 403 3862 -1,
403 404 3862 -1,
3862 404 3863 -1,
404 405 3863 -1,
3863 405 3864 -1,
405 406 3864 -1,
3864 406 3865 -1,
406 1887 3865 -1,
3865 1887 3866 -1,
1887 1883 3866 -1,
3866 1883 3867 -1,
1883 1880 3867 -1,
3867 1880 3868 -1,
1880 1876 3868 -1,
3868 1876 3869 -1,
3869 1876 3870 -1,
1876 1873 3870 -1,
3870 1868 3871 -1,
1873 1868 3870 -1,
3871 1863 3872 -1,
1868 1863 3871 -1,
3872 1859 3873 -1,
3873 1859 3874 -1,
1863 1859 3872 -1,
1859 1853 3874 -1,
3874 1855 3875 -1,
1853 1855 3874 -1,
3875 1857 3876 -1,
3876 1857 3877 -1,
1855 1857 3875 -1,
1857 1861 3877 -1,
3877 1866 3878 -1,
1861 1866 3877 -1,
3878 1870 3879 -1,
3879 1870 3880 -1,
1866 1870 3878 -1,
1870 1875 3880 -1,
3880 1878 3881 -1,
1875 1878 3880 -1,
3881 1881 3882 -1,
1878 1881 3881 -1,
3882 1885 3883 -1,
1881 1885 3882 -1,
1885 1889 3883 -1,
3883 1889 3884 -1,
1889 1891 3884 -1,
3884 1891 3885 -1,
1891 1893 3885 -1,
3885 1893 3886 -1,
1893 1895 3886 -1,
3886 1895 3887 -1,
3887 1897 3888 -1,
1895 1897 3887 -1,
3888 1899 3889 -1,
1897 1899 3888 -1,
3889 1901 3890 -1,
1899 1901 3889 -1,
3890 1904 3891 -1,
1901 1904 3890 -1,
3891 1906 3892 -1,
3892 1906 3893 -1,
1904 1906 3891 -1,
1906 1907 3893 -1,
3893 1909 3894 -1,
3894 1909 3895 -1,
1907 1909 3893 -1,
1909 1912 3895 -1,
3895 1913 3896 -1,
1912 1913 3895 -1,
3896 1916 3897 -1,
1913 1916 3896 -1,
3897 1918 3898 -1,
1916 1918 3897 -1,
3898 1919 3899 -1,
3899 1919 3900 -1,
1918 1919 3898 -1,
1919 1921 3900 -1,
3900 1924 3901 -1,
1921 1924 3900 -1,
3901 1926 3902 -1,
3902 1926 3903 -1,
1924 1926 3901 -1,
1926 1927 3903 -1,
3903 1929 3904 -1,
3904 1929 3905 -1,
1927 1929 3903 -1,
1929 1932 3905 -1,
3905 1934 3906 -1,
1932 1934 3905 -1,
3906 1935 3907 -1,
1934 1935 3906 -1,
1935 1938 3907 -1,
3907 1938 3908 -1,
1938 1939 3908 -1,
3908 1939 3909 -1,
1939 1941 3909 -1,
3909 1941 3910 -1,
1941 1943 3910 -1,
3910 1943 3911 -1,
1943 1945 3911 -1,
3911 1945 3912 -1,
1945 1947 3912 -1,
3912 1947 3913 -1,
1947 1949 3913 -1,
3913 1949 3914 -1,
3914 1949 3915 -1,
1949 1951 3915 -1,
1951 1954 3915 -1,
3915 1954 3916 -1,
3916 1954 3917 -1,
1954 1956 3917 -1,
1956 1957 3917 -1,
3917 1957 3918 -1,
1957 1959 3918 -1,
3918 1959 3919 -1,
3919 1959 3920 -1,
1959 1961 3920 -1,
3920 212 3921 -1,
1961 212 3920 -1,
3921 207 3796 -1,
212 207 3921 -1,
189 216 3922 -1,
3922 216 3923 -1,
3923 217 3924 -1,
216 217 3923 -1,
3924 218 3925 -1,
217 218 3924 -1,
3925 219 3926 -1,
218 219 3925 -1,
3926 220 3927 -1,
3927 220 3928 -1,
219 220 3926 -1,
3928 221 3929 -1,
220 221 3928 -1,
221 222 3929 -1,
3929 223 3930 -1,
222 223 3929 -1,
3930 224 3931 -1,
223 224 3930 -1,
3931 225 3932 -1,
224 225 3931 -1,
225 226 3932 -1,
3932 226 3933 -1,
226 227 3933 -1,
3933 227 3934 -1,
227 228 3934 -1,
3934 228 3935 -1,
228 229 3935 -1,
3935 229 3936 -1,
229 230 3936 -1,
3936 230 3937 -1,
230 231 3937 -1,
3937 231 3938 -1,
231 232 3938 -1,
3938 232 3939 -1,
232 233 3939 -1,
3939 233 3940 -1,
233 234 3940 -1,
3940 234 3941 -1,
234 177 3941 -1,
3941 177 3942 -1,
3942 177 3943 -1,
177 176 3943 -1,
176 179 3943 -1,
3943 179 3944 -1,
3944 186 3945 -1,
179 186 3944 -1,
3945 188 3946 -1,
186 188 3945 -1,
3946 188 3947 -1,
188 190 3947 -1,
3947 191 3948 -1,
190 191 3947 -1,
3948 192 3949 -1,
191 192 3948 -1,
3949 193 3950 -1,
192 193 3949 -1,
3950 194 3951 -1,
193 194 3950 -1,
3951 195 3952 -1,
3952 195 3953 -1,
194 195 3951 -1,
195 196 3953 -1,
3953 197 3954 -1,
3954 197 3955 -1,
196 197 3953 -1,
197 198 3955 -1,
3955 199 3956 -1,
198 199 3955 -1,
3956 200 3957 -1,
199 200 3956 -1,
3957 201 3958 -1,
200 201 3957 -1,
201 202 3958 -1,
3958 202 3959 -1,
202 203 3959 -1,
3959 203 3960 -1,
203 133 3960 -1,
3960 133 3961 -1,
3961 133 3962 -1,
133 128 3962 -1,
128 125 3962 -1,
3962 125 3963 -1,
125 120 3963 -1,
3963 120 3964 -1,
120 116 3964 -1,
3964 116 3965 -1,
3965 116 3966 -1,
116 114 3966 -1,
114 108 3966 -1,
3966 108 3967 -1,
108 106 3967 -1,
3967 106 3968 -1,
106 101 3968 -1,
3968 101 3969 -1,
101 96 3969 -1,
3969 96 3970 -1,
96 91 3970 -1,
3970 91 3971 -1,
91 88 3971 -1,
3971 88 3972 -1,
88 83 3972 -1,
3972 83 3973 -1,
83 78 3973 -1,
3973 78 3974 -1,
3974 78 3975 -1,
78 69 3975 -1,
69 63 3975 -1,
3975 63 3976 -1,
63 54 3976 -1,
3976 54 3977 -1,
3977 54 3978 -1,
54 47 3978 -1,
47 42 3978 -1,
3978 42 3979 -1,
3979 33 3980 -1,
42 33 3979 -1,
3980 26 3981 -1,
33 26 3980 -1,
3981 16 3982 -1,
26 16 3981 -1,
3982 18 3983 -1,
16 18 3982 -1,
18 2026 3983 -1,
3983 2026 3984 -1,
2026 2024 3984 -1,
3984 2024 3985 -1,
2024 2020 3985 -1,
3985 2020 3986 -1,
2020 2017 3986 -1,
3986 2017 3987 -1,
2017 2014 3987 -1,
3987 2014 3988 -1,
2014 2011 3988 -1,
3988 2011 3989 -1,
2011 2008 3989 -1,
3989 2008 3990 -1,
2008 2005 3990 -1,
3990 2005 3991 -1,
2005 2002 3991 -1,
3991 2002 3992 -1,
2002 1999 3992 -1,
3992 1999 3993 -1,
1999 1996 3993 -1,
3993 1996 3994 -1,
1996 1993 3994 -1,
3994 1993 3995 -1,
3995 1993 3996 -1,
1993 1991 3996 -1,
3996 1987 3997 -1,
1991 1987 3996 -1,
3997 1985 3998 -1,
1987 1985 3997 -1,
3998 1983 3999 -1,
3999 1983 4000 -1,
1985 1983 3998 -1,
1983 1980 4000 -1,
4000 1981 4001 -1,
1980 1981 4000 -1,
4001 1982 4002 -1,
4002 1982 4003 -1,
1981 1982 4001 -1,
1982 1984 4003 -1,
4003 1986 4004 -1,
1984 1986 4003 -1,
4004 1988 4005 -1,
4005 1988 4006 -1,
1986 1988 4004 -1,
1988 1992 4006 -1,
4006 1994 4007 -1,
1992 1994 4006 -1,
4007 1997 4008 -1,
1994 1997 4007 -1,
4008 2000 4009 -1,
1997 2000 4008 -1,
2000 2003 4009 -1,
4009 2003 4010 -1,
2003 2006 4010 -1,
4010 2006 4011 -1,
2006 2009 4011 -1,
4011 2009 4012 -1,
2009 2012 4012 -1,
4012 2012 4013 -1,
4013 2015 4014 -1,
2012 2015 4013 -1,
4014 2018 4015 -1,
2015 2018 4014 -1,
4015 2021 4016 -1,
2018 2021 4015 -1,
4016 2025 4017 -1,
2021 2025 4016 -1,
4017 7 4018 -1,
4018 7 4019 -1,
2025 7 4017 -1,
7 6 4019 -1,
4019 19 4020 -1,
4020 19 4021 -1,
6 19 4019 -1,
19 32 4021 -1,
4021 37 4022 -1,
32 37 4021 -1,
4022 43 4023 -1,
37 43 4022 -1,
4023 51 4024 -1,
43 51 4023 -1,
4024 58 4025 -1,
4025 58 4026 -1,
51 58 4024 -1,
58 64 4026 -1,
4026 73 4027 -1,
64 73 4026 -1,
4027 81 4028 -1,
4028 81 4029 -1,
73 81 4027 -1,
81 86 4029 -1,
4029 89 4030 -1,
4030 89 4031 -1,
86 89 4029 -1,
89 94 4031 -1,
4031 99 4032 -1,
94 99 4031 -1,
4032 103 4033 -1,
99 103 4032 -1,
103 107 4033 -1,
4033 107 4034 -1,
107 111 4034 -1,
4034 111 4035 -1,
111 115 4035 -1,
4035 115 4036 -1,
115 118 4036 -1,
4036 118 4037 -1,
118 123 4037 -1,
4037 123 4038 -1,
123 126 4038 -1,
4038 126 4039 -1,
126 130 4039 -1,
4039 130 4040 -1,
4040 130 4041 -1,
130 135 4041 -1,
135 137 4041 -1,
4041 137 4042 -1,
4042 137 4043 -1,
137 175 4043 -1,
175 174 4043 -1,
4043 174 4044 -1,
174 178 4044 -1,
4044 178 4045 -1,
4045 178 4046 -1,
178 185 4046 -1,
4046 187 4047 -1,
185 187 4046 -1,
4047 189 3922 -1,
187 189 4047 -1,
2049 2050 2051 -1,
2048 2090 2092 -1,
2048 2045 2046 -1,
2048 2046 2047 -1,
2048 2137 2145 -1,
2048 2056 2067 -1,
2048 2051 2056 -1,
2048 2145 2157 -1,
2048 2132 2137 -1,
2048 2067 2076 -1,
2048 2035 2040 -1,
2048 2083 2084 -1,
2048 2087 2088 -1,
2048 2049 2051 -1,
2048 2088 2089 -1,
2048 2089 2090 -1,
2048 2092 2093 -1,
2048 2093 2094 -1,
2048 2094 2095 -1,
2048 2095 2096 -1,
2048 2096 2097 -1,
2048 2097 2098 -1,
2048 2118 2120 -1,
2048 2098 2099 -1,
2048 2040 2045 -1,
2048 2099 2100 -1,
2048 2100 2101 -1,
2048 2101 2102 -1,
2048 2076 2078 -1,
2048 2102 2103 -1,
2048 2103 2104 -1,
2048 2104 2105 -1,
2048 2105 2106 -1,
2048 2106 2107 -1,
2048 2107 2108 -1,
2048 2108 2109 -1,
2048 2109 2110 -1,
2048 2110 2111 -1,
2048 2111 2112 -1,
2048 2112 2113 -1,
2048 2113 2114 -1,
2048 2114 2115 -1,
2048 2115 2116 -1,
2048 2116 2117 -1,
2048 2117 2118 -1,
2048 2081 2083 -1,
2048 2120 2121 -1,
2048 2121 2122 -1,
2048 2084 2087 -1,
2048 2122 2123 -1,
2048 2123 2124 -1,
2048 2124 2125 -1,
2048 2125 2126 -1,
2048 2126 2127 -1,
2120 2118 2119 -1,
2048 2127 2128 -1,
2048 2128 2129 -1,
2048 2129 2130 -1,
2048 2078 2081 -1,
2048 2157 2035 -1,
2048 2130 2131 -1,
2048 2131 2132 -1,
2090 2091 2092 -1,
2136 2133 2134 -1,
2136 2134 2135 -1,
2137 2132 2133 -1,
2137 2133 2136 -1,
2084 2085 2086 -1,
2084 2086 2087 -1,
2140 2137 2138 -1,
2140 2138 2139 -1,
2081 2082 2083 -1,
2141 2137 2140 -1,
2078 2079 2080 -1,
2078 2080 2081 -1,
2144 2142 2143 -1,
2145 2141 2142 -1,
2145 2137 2141 -1,
2145 2142 2144 -1,
2076 2077 2078 -1,
2148 2145 2146 -1,
2148 2146 2147 -1,
2151 2148 2149 -1,
2151 2149 2150 -1,
2151 2145 2148 -1,
2070 2071 2072 -1,
2070 2072 2073 -1,
2153 2151 2152 -1,
2068 2069 2070 -1,
2067 2068 2070 -1,
2067 2070 2073 -1,
2067 2073 2074 -1,
2067 2074 2075 -1,
2067 2075 2076 -1,
2155 2153 2154 -1,
2155 2145 2151 -1,
2155 2151 2153 -1,
2157 2155 2156 -1,
2157 2145 2155 -1,
2034 2032 2033 -1,
2034 2157 2032 -1,
2035 2157 2034 -1,
2059 2060 2061 -1,
2059 2061 2062 -1,
2038 2035 2036 -1,
2038 2036 2037 -1,
2057 2058 2059 -1,
2056 2057 2059 -1,
2056 2059 2062 -1,
2056 2062 2063 -1,
2056 2063 2064 -1,
2056 2064 2065 -1,
2056 2065 2066 -1,
2056 2066 2067 -1,
2040 2038 2039 -1,
2040 2035 2038 -1,
2042 2040 2041 -1,
2052 2053 2054 -1,
2052 2054 2055 -1,
2044 2042 2043 -1,
2044 2040 2042 -1,
2051 2052 2055 -1,
2051 2055 2056 -1,
2045 2040 2044 -1,
2175 2176 2177 -1,
2174 2216 2218 -1,
2174 2171 2172 -1,
2174 2172 2173 -1,
2174 2263 2271 -1,
2174 2182 2193 -1,
2174 2177 2182 -1,
2174 2271 2283 -1,
2174 2258 2263 -1,
2174 2193 2202 -1,
2174 2161 2166 -1,
2174 2209 2210 -1,
2174 2213 2214 -1,
2174 2175 2177 -1,
2174 2214 2215 -1,
2174 2215 2216 -1,
2174 2218 2219 -1,
2174 2219 2220 -1,
2174 2220 2221 -1,
2174 2221 2222 -1,
2174 2222 2223 -1,
2174 2223 2224 -1,
2174 2244 2246 -1,
2174 2224 2225 -1,
2174 2166 2171 -1,
2174 2225 2226 -1,
2174 2226 2227 -1,
2174 2227 2228 -1,
2174 2202 2204 -1,
2174 2228 2229 -1,
2174 2229 2230 -1,
2174 2230 2231 -1,
2174 2231 2232 -1,
2174 2232 2233 -1,
2174 2233 2234 -1,
2174 2234 2235 -1,
2174 2235 2236 -1,
2174 2236 2237 -1,
2174 2237 2238 -1,
2174 2238 2239 -1,
2174 2239 2240 -1,
2174 2240 2241 -1,
2174 2241 2242 -1,
2174 2242 2243 -1,
2174 2243 2244 -1,
2174 2207 2209 -1,
2174 2246 2247 -1,
2174 2247 2248 -1,
2174 2210 2213 -1,
2174 2248 2249 -1,
2174 2249 2250 -1,
2174 2250 2251 -1,
2174 2251 2252 -1,
2174 2252 2253 -1,
2246 2244 2245 -1,
2174 2253 2254 -1,
2174 2254 2255 -1,
2174 2255 2256 -1,
2174 2204 2207 -1,
2174 2283 2161 -1,
2174 2256 2257 -1,
2174 2257 2258 -1,
2216 2217 2218 -1,
2262 2259 2260 -1,
2262 2260 2261 -1,
2263 2258 2259 -1,
2263 2259 2262 -1,
2210 2211 2212 -1,
2210 2212 2213 -1,
2266 2263 2264 -1,
2266 2264 2265 -1,
2207 2208 2209 -1,
2267 2263 2266 -1,
2204 2205 2206 -1,
2204 2206 2207 -1,
2270 2268 2269 -1,
2271 2267 2268 -1,
2271 2263 2267 -1,
2271 2268 2270 -1,
2202 2203 2204 -1,
2274 2271 2272 -1,
2274 2272 2273 -1,
2277 2274 2275 -1,
2277 2275 2276 -1,
2277 2271 2274 -1,
2196 2197 2198 -1,
2196 2198 2199 -1,
2279 2277 2278 -1,
2194 2195 2196 -1,
2193 2194 2196 -1,
2193 2196 2199 -1,
2193 2199 2200 -1,
2193 2200 2201 -1,
2193 2201 2202 -1,
2281 2279 2280 -1,
2281 2271 2277 -1,
2281 2277 2279 -1,
2283 2281 2282 -1,
2283 2271 2281 -1,
2160 2158 2159 -1,
2160 2283 2158 -1,
2161 2283 2160 -1,
2185 2186 2187 -1,
2185 2187 2188 -1,
2164 2161 2162 -1,
2164 2162 2163 -1,
2183 2184 2185 -1,
2182 2183 2185 -1,
2182 2185 2188 -1,
2182 2188 2189 -1,
2182 2189 2190 -1,
2182 2190 2191 -1,
2182 2191 2192 -1,
2182 2192 2193 -1,
2166 2164 2165 -1,
2166 2161 2164 -1,
2168 2166 2167 -1,
2178 2179 2180 -1,
2178 2180 2181 -1,
2170 2168 2169 -1,
2170 2166 2168 -1,
2177 2178 2181 -1,
2177 2181 2182 -1,
2171 2166 2170 -1,
2301 2302 2303 -1,
2300 2342 2344 -1,
2300 2297 2298 -1,
2300 2298 2299 -1,
2300 2389 2397 -1,
2300 2308 2319 -1,
2300 2303 2308 -1,
2300 2397 2409 -1,
2300 2384 2389 -1,
2300 2319 2328 -1,
2300 2287 2292 -1,
2300 2335 2336 -1,
2300 2339 2340 -1,
2300 2301 2303 -1,
2300 2340 2341 -1,
2300 2341 2342 -1,
2300 2344 2345 -1,
2300 2345 2346 -1,
2300 2346 2347 -1,
2300 2347 2348 -1,
2300 2348 2349 -1,
2300 2349 2350 -1,
2300 2370 2372 -1,
2300 2350 2351 -1,
2300 2292 2297 -1,
2300 2351 2352 -1,
2300 2352 2353 -1,
2300 2353 2354 -1,
2300 2328 2330 -1,
2300 2354 2355 -1,
2300 2355 2356 -1,
2300 2356 2357 -1,
2300 2357 2358 -1,
2300 2358 2359 -1,
2300 2359 2360 -1,
2300 2360 2361 -1,
2300 2361 2362 -1,
2300 2362 2363 -1,
2300 2363 2364 -1,
2300 2364 2365 -1,
2300 2365 2366 -1,
2300 2366 2367 -1,
2300 2367 2368 -1,
2300 2368 2369 -1,
2300 2369 2370 -1,
2300 2333 2335 -1,
2300 2372 2373 -1,
2300 2373 2374 -1,
2300 2336 2339 -1,
2300 2374 2375 -1,
2300 2375 2376 -1,
2300 2376 2377 -1,
2300 2377 2378 -1,
2300 2378 2379 -1,
2372 2370 2371 -1,
2300 2379 2380 -1,
2300 2380 2381 -1,
2300 2381 2382 -1,
2300 2330 2333 -1,
2300 2409 2287 -1,
2300 2382 2383 -1,
2300 2383 2384 -1,
2342 2343 2344 -1,
2388 2385 2386 -1,
2388 2386 2387 -1,
2389 2384 2385 -1,
2389 2385 2388 -1,
2336 2337 2338 -1,
2336 2338 2339 -1,
2392 2389 2390 -1,
2392 2390 2391 -1,
2333 2334 2335 -1,
2393 2389 2392 -1,
2330 2331 2332 -1,
2330 2332 2333 -1,
2396 2394 2395 -1,
2397 2393 2394 -1,
2397 2389 2393 -1,
2397 2394 2396 -1,
2328 2329 2330 -1,
2400 2397 2398 -1,
2400 2398 2399 -1,
2403 2400 2401 -1,
2403 2401 2402 -1,
2403 2397 2400 -1,
2322 2323 2324 -1,
2322 2324 2325 -1,
2405 2403 2404 -1,
2320 2321 2322 -1,
2319 2320 2322 -1,
2319 2322 2325 -1,
2319 2325 2326 -1,
2319 2326 2327 -1,
2319 2327 2328 -1,
2407 2405 2406 -1,
2407 2397 2403 -1,
2407 2403 2405 -1,
2409 2407 2408 -1,
2409 2397 2407 -1,
2286 2284 2285 -1,
2286 2409 2284 -1,
2287 2409 2286 -1,
2311 2312 2313 -1,
2311 2313 2314 -1,
2290 2287 2288 -1,
2290 2288 2289 -1,
2309 2310 2311 -1,
2308 2309 2311 -1,
2308 2311 2314 -1,
2308 2314 2315 -1,
2308 2315 2316 -1,
2308 2316 2317 -1,
2308 2317 2318 -1,
2308 2318 2319 -1,
2292 2290 2291 -1,
2292 2287 2290 -1,
2294 2292 2293 -1,
2304 2305 2306 -1,
2304 2306 2307 -1,
2296 2294 2295 -1,
2296 2292 2294 -1,
2303 2304 2307 -1,
2303 2307 2308 -1,
2297 2292 2296 -1,
2427 2428 2429 -1,
2426 2468 2470 -1,
2426 2423 2424 -1,
2426 2424 2425 -1,
2426 2515 2523 -1,
2426 2434 2445 -1,
2426 2429 2434 -1,
2426 2523 2535 -1,
2426 2510 2515 -1,
2426 2445 2454 -1,
2426 2413 2418 -1,
2426 2461 2462 -1,
2426 2465 2466 -1,
2426 2427 2429 -1,
2426 2466 2467 -1,
2426 2467 2468 -1,
2426 2470 2471 -1,
2426 2471 2472 -1,
2426 2472 2473 -1,
2426 2473 2474 -1,
2426 2474 2475 -1,
2426 2475 2476 -1,
2426 2496 2498 -1,
2426 2476 2477 -1,
2426 2418 2423 -1,
2426 2477 2478 -1,
2426 2478 2479 -1,
2426 2479 2480 -1,
2426 2454 2456 -1,
2426 2480 2481 -1,
2426 2481 2482 -1,
2426 2482 2483 -1,
2426 2483 2484 -1,
2426 2484 2485 -1,
2426 2485 2486 -1,
2426 2486 2487 -1,
2426 2487 2488 -1,
2426 2488 2489 -1,
2426 2489 2490 -1,
2426 2490 2491 -1,
2426 2491 2492 -1,
2426 2492 2493 -1,
2426 2493 2494 -1,
2426 2494 2495 -1,
2426 2495 2496 -1,
2426 2459 2461 -1,
2426 2498 2499 -1,
2426 2499 2500 -1,
2426 2462 2465 -1,
2426 2500 2501 -1,
2426 2501 2502 -1,
2426 2502 2503 -1,
2426 2503 2504 -1,
2426 2504 2505 -1,
2498 2496 2497 -1,
2426 2505 2506 -1,
2426 2506 2507 -1,
2426 2507 2508 -1,
2426 2456 2459 -1,
2426 2535 2413 -1,
2426 2508 2509 -1,
2426 2509 2510 -1,
2468 2469 2470 -1,
2514 2511 2512 -1,
2514 2512 2513 -1,
2515 2510 2511 -1,
2515 2511 2514 -1,
2462 2463 2464 -1,
2462 2464 2465 -1,
2518 2515 2516 -1,
2518 2516 2517 -1,
2459 2460 2461 -1,
2519 2515 2518 -1,
2456 2457 2458 -1,
2456 2458 2459 -1,
2522 2520 2521 -1,
2523 2519 2520 -1,
2523 2515 2519 -1,
2523 2520 2522 -1,
2454 2455 2456 -1,
2526 2523 2524 -1,
2526 2524 2525 -1,
2529 2526 2527 -1,
2529 2527 2528 -1,
2529 2523 2526 -1,
2448 2449 2450 -1,
2448 2450 2451 -1,
2531 2529 2530 -1,
2446 2447 2448 -1,
2445 2446 2448 -1,
2445 2448 2451 -1,
2445 2451 2452 -1,
2445 2452 2453 -1,
2445 2453 2454 -1,
2533 2531 2532 -1,
2533 2523 2529 -1,
2533 2529 2531 -1,
2535 2533 2534 -1,
2535 2523 2533 -1,
2412 2410 2411 -1,
2412 2535 2410 -1,
2413 2535 2412 -1,
2437 2438 2439 -1,
2437 2439 2440 -1,
2416 2413 2414 -1,
2416 2414 2415 -1,
2435 2436 2437 -1,
2434 2435 2437 -1,
2434 2437 2440 -1,
2434 2440 2441 -1,
2434 2441 2442 -1,
2434 2442 2443 -1,
2434 2443 2444 -1,
2434 2444 2445 -1,
2418 2416 2417 -1,
2418 2413 2416 -1,
2420 2418 2419 -1,
2430 2431 2432 -1,
2430 2432 2433 -1,
2422 2420 2421 -1,
2422 2418 2420 -1,
2429 2430 2433 -1,
2429 2433 2434 -1,
2423 2418 2422 -1,
2551 2544 2550 -1,
2552 2637 2638 -1,
2552 2638 2639 -1,
2552 2554 2560 -1,
2552 2634 2637 -1,
2552 2553 2554 -1,
2552 2591 2593 -1,
2552 2639 2645 -1,
2552 2645 2652 -1,
2552 2577 2579 -1,
2552 2582 2584 -1,
2552 2567 2568 -1,
2552 2537 2542 -1,
2552 2652 2659 -1,
2552 2579 2580 -1,
2552 2586 2587 -1,
2552 2587 2588 -1,
2552 2560 2567 -1,
2552 2593 2594 -1,
2552 2594 2595 -1,
2552 2595 2596 -1,
2552 2584 2586 -1,
2552 2596 2597 -1,
2552 2597 2598 -1,
2552 2588 2591 -1,
2552 2544 2551 -1,
2552 2598 2599 -1,
2552 2599 2600 -1,
2552 2580 2582 -1,
2552 2600 2601 -1,
2552 2601 2602 -1,
2552 2602 2603 -1,
2552 2603 2604 -1,
2552 2604 2605 -1,
2552 2605 2606 -1,
2552 2606 2607 -1,
2552 2607 2608 -1,
2552 2608 2609 -1,
2552 2609 2610 -1,
2552 2610 2611 -1,
2552 2611 2612 -1,
2552 2571 2577 -1,
2552 2612 2613 -1,
2552 2613 2614 -1,
2552 2659 2537 -1,
2552 2614 2615 -1,
2552 2615 2616 -1,
2552 2616 2617 -1,
2552 2617 2618 -1,
2552 2618 2619 -1,
2552 2619 2620 -1,
2552 2620 2621 -1,
2552 2621 2622 -1,
2552 2622 2623 -1,
2552 2623 2624 -1,
2552 2624 2625 -1,
2552 2568 2571 -1,
2552 2625 2626 -1,
2552 2626 2627 -1,
2552 2627 2628 -1,
2552 2628 2629 -1,
2552 2629 2630 -1,
2552 2630 2631 -1,
2552 2542 2544 -1,
2552 2631 2632 -1,
2552 2632 2633 -1,
2552 2633 2634 -1,
2637 2634 2635 -1,
2637 2635 2636 -1,
2591 2592 2593 -1,
2588 2589 2590 -1,
2588 2590 2591 -1,
2643 2640 2641 -1,
2643 2641 2642 -1,
2645 2639 2640 -1,
2645 2643 2644 -1,
2645 2640 2643 -1,
2584 2585 2586 -1,
2582 2583 2584 -1,
2648 2646 2647 -1,
2580 2581 2582 -1,
2650 2648 2649 -1,
2650 2646 2648 -1,
2651 2645 2646 -1,
2651 2646 2650 -1,
2652 2645 2651 -1,
2577 2578 2579 -1,
2573 2574 2575 -1,
2573 2575 2576 -1,
2573 2576 2577 -1,
2657 2655 2656 -1,
2658 2655 2657 -1,
2571 2572 2573 -1,
2571 2573 2577 -1,
2659 2652 2653 -1,
2659 2653 2654 -1,
2659 2654 2655 -1,
2659 2655 2658 -1,
2568 2569 2570 -1,
2568 2570 2571 -1,
2537 2659 2660 -1,
2537 2660 2661 -1,
2537 2661 2536 -1,
2540 2537 2538 -1,
2540 2538 2539 -1,
2562 2563 2564 -1,
2542 2540 2541 -1,
2542 2537 2540 -1,
2561 2562 2564 -1,
2560 2561 2564 -1,
2560 2564 2565 -1,
2560 2565 2566 -1,
2560 2566 2567 -1,
2544 2542 2543 -1,
2556 2557 2558 -1,
2556 2558 2559 -1,
2548 2546 2547 -1,
2555 2559 2560 -1,
2555 2556 2559 -1,
2549 2544 2545 -1,
2549 2545 2546 -1,
2549 2546 2548 -1,
2554 2555 2560 -1,
2550 2544 2549 -1,
2677 2670 2676 -1,
2678 2763 2764 -1,
2678 2764 2765 -1,
2678 2680 2686 -1,
2678 2760 2763 -1,
2678 2679 2680 -1,
2678 2717 2719 -1,
2678 2765 2771 -1,
2678 2771 2778 -1,
2678 2703 2705 -1,
2678 2708 2710 -1,
2678 2693 2694 -1,
2678 2663 2668 -1,
2678 2778 2785 -1,
2678 2705 2706 -1,
2678 2712 2713 -1,
2678 2713 2714 -1,
2678 2686 2693 -1,
2678 2719 2720 -1,
2678 2720 2721 -1,
2678 2721 2722 -1,
2678 2710 2712 -1,
2678 2722 2723 -1,
2678 2723 2724 -1,
2678 2714 2717 -1,
2678 2670 2677 -1,
2678 2724 2725 -1,
2678 2725 2726 -1,
2678 2706 2708 -1,
2678 2726 2727 -1,
2678 2727 2728 -1,
2678 2728 2729 -1,
2678 2729 2730 -1,
2678 2730 2731 -1,
2678 2731 2732 -1,
2678 2732 2733 -1,
2678 2733 2734 -1,
2678 2734 2735 -1,
2678 2735 2736 -1,
2678 2736 2737 -1,
2678 2737 2738 -1,
2678 2697 2703 -1,
2678 2738 2739 -1,
2678 2739 2740 -1,
2678 2785 2663 -1,
2678 2740 2741 -1,
2678 2741 2742 -1,
2678 2742 2743 -1,
2678 2743 2744 -1,
2678 2744 2745 -1,
2678 2745 2746 -1,
2678 2746 2747 -1,
2678 2747 2748 -1,
2678 2748 2749 -1,
2678 2749 2750 -1,
2678 2750 2751 -1,
2678 2694 2697 -1,
2678 2751 2752 -1,
2678 2752 2753 -1,
2678 2753 2754 -1,
2678 2754 2755 -1,
2678 2755 2756 -1,
2678 2756 2757 -1,
2678 2668 2670 -1,
2678 2757 2758 -1,
2678 2758 2759 -1,
2678 2759 2760 -1,
2763 2760 2761 -1,
2763 2761 2762 -1,
2717 2718 2719 -1,
2714 2715 2716 -1,
2714 2716 2717 -1,
2769 2766 2767 -1,
2769 2767 2768 -1,
2771 2765 2766 -1,
2771 2769 2770 -1,
2771 2766 2769 -1,
2710 2711 2712 -1,
2708 2709 2710 -1,
2774 2772 2773 -1,
2706 2707 2708 -1,
2776 2774 2775 -1,
2776 2772 2774 -1,
2777 2771 2772 -1,
2777 2772 2776 -1,
2778 2771 2777 -1,
2703 2704 2705 -1,
2699 2700 2701 -1,
2699 2701 2702 -1,
2699 2702 2703 -1,
2783 2781 2782 -1,
2784 2781 2783 -1,
2697 2698 2699 -1,
2697 2699 2703 -1,
2785 2778 2779 -1,
2785 2779 2780 -1,
2785 2780 2781 -1,
2785 2781 2784 -1,
2694 2695 2696 -1,
2694 2696 2697 -1,
2663 2785 2786 -1,
2663 2786 2787 -1,
2663 2787 2662 -1,
2666 2663 2664 -1,
2666 2664 2665 -1,
2688 2689 2690 -1,
2668 2666 2667 -1,
2668 2663 2666 -1,
2687 2688 2690 -1,
2686 2687 2690 -1,
2686 2690 2691 -1,
2686 2691 2692 -1,
2686 2692 2693 -1,
2670 2668 2669 -1,
2682 2683 2684 -1,
2682 2684 2685 -1,
2674 2672 2673 -1,
2681 2685 2686 -1,
2681 2682 2685 -1,
2675 2670 2671 -1,
2675 2671 2672 -1,
2675 2672 2674 -1,
2680 2681 2686 -1,
2676 2670 2675 -1,
2803 2796 2802 -1,
2804 2889 2890 -1,
2804 2890 2891 -1,
2804 2806 2812 -1,
2804 2886 2889 -1,
2804 2805 2806 -1,
2804 2843 2845 -1,
2804 2891 2897 -1,
2804 2897 2904 -1,
2804 2829 2831 -1,
2804 2834 2836 -1,
2804 2819 2820 -1,
2804 2789 2794 -1,
2804 2904 2911 -1,
2804 2831 2832 -1,
2804 2838 2839 -1,
2804 2839 2840 -1,
2804 2812 2819 -1,
2804 2845 2846 -1,
2804 2846 2847 -1,
2804 2847 2848 -1,
2804 2836 2838 -1,
2804 2848 2849 -1,
2804 2849 2850 -1,
2804 2840 2843 -1,
2804 2796 2803 -1,
2804 2850 2851 -1,
2804 2851 2852 -1,
2804 2832 2834 -1,
2804 2852 2853 -1,
2804 2853 2854 -1,
2804 2854 2855 -1,
2804 2855 2856 -1,
2804 2856 2857 -1,
2804 2857 2858 -1,
2804 2858 2859 -1,
2804 2859 2860 -1,
2804 2860 2861 -1,
2804 2861 2862 -1,
2804 2862 2863 -1,
2804 2863 2864 -1,
2804 2823 2829 -1,
2804 2864 2865 -1,
2804 2865 2866 -1,
2804 2911 2789 -1,
2804 2866 2867 -1,
2804 2867 2868 -1,
2804 2868 2869 -1,
2804 2869 2870 -1,
2804 2870 2871 -1,
2804 2871 2872 -1,
2804 2872 2873 -1,
2804 2873 2874 -1,
2804 2874 2875 -1,
2804 2875 2876 -1,
2804 2876 2877 -1,
2804 2820 2823 -1,
2804 2877 2878 -1,
2804 2878 2879 -1,
2804 2879 2880 -1,
2804 2880 2881 -1,
2804 2881 2882 -1,
2804 2882 2883 -1,
2804 2794 2796 -1,
2804 2883 2884 -1,
2804 2884 2885 -1,
2804 2885 2886 -1,
2889 2886 2887 -1,
2889 2887 2888 -1,
2843 2844 2845 -1,
2840 2841 2842 -1,
2840 2842 2843 -1,
2895 2892 2893 -1,
2895 2893 2894 -1,
2897 2891 2892 -1,
2897 2895 2896 -1,
2897 2892 2895 -1,
2836 2837 2838 -1,
2834 2835 2836 -1,
2900 2898 2899 -1,
2832 2833 2834 -1,
2902 2900 2901 -1,
2902 2898 2900 -1,
2903 2897 2898 -1,
2903 2898 2902 -1,
2904 2897 2903 -1,
2829 2830 2831 -1,
2825 2826 2827 -1,
2825 2827 2828 -1,
2825 2828 2829 -1,
2909 2907 2908 -1,
2910 2907 2909 -1,
2823 2824 2825 -1,
2823 2825 2829 -1,
2911 2904 2905 -1,
2911 2905 2906 -1,
2911 2906 2907 -1,
2911 2907 2910 -1,
2820 2821 2822 -1,
2820 2822 2823 -1,
2789 2911 2912 -1,
2789 2912 2913 -1,
2789 2913 2788 -1,
2792 2789 2790 -1,
2792 2790 2791 -1,
2814 2815 2816 -1,
2794 2792 2793 -1,
2794 2789 2792 -1,
2813 2814 2816 -1,
2812 2813 2816 -1,
2812 2816 2817 -1,
2812 2817 2818 -1,
2812 2818 2819 -1,
2796 2794 2795 -1,
2808 2809 2810 -1,
2808 2810 2811 -1,
2800 2798 2799 -1,
2807 2811 2812 -1,
2807 2808 2811 -1,
2801 2796 2797 -1,
2801 2797 2798 -1,
2801 2798 2800 -1,
2806 2807 2812 -1,
2802 2796 2801 -1,
2929 2922 2928 -1,
2930 3015 3016 -1,
2930 3016 3017 -1,
2930 2932 2938 -1,
2930 3012 3015 -1,
2930 2931 2932 -1,
2930 2969 2971 -1,
2930 3017 3023 -1,
2930 3023 3030 -1,
2930 2955 2957 -1,
2930 2960 2962 -1,
2930 2945 2946 -1,
2930 2915 2920 -1,
2930 3030 3037 -1,
2930 2957 2958 -1,
2930 2964 2965 -1,
2930 2965 2966 -1,
2930 2938 2945 -1,
2930 2971 2972 -1,
2930 2972 2973 -1,
2930 2973 2974 -1,
2930 2962 2964 -1,
2930 2974 2975 -1,
2930 2975 2976 -1,
2930 2966 2969 -1,
2930 2922 2929 -1,
2930 2976 2977 -1,
2930 2977 2978 -1,
2930 2958 2960 -1,
2930 2978 2979 -1,
2930 2979 2980 -1,
2930 2980 2981 -1,
2930 2981 2982 -1,
2930 2982 2983 -1,
2930 2983 2984 -1,
2930 2984 2985 -1,
2930 2985 2986 -1,
2930 2986 2987 -1,
2930 2987 2988 -1,
2930 2988 2989 -1,
2930 2989 2990 -1,
2930 2949 2955 -1,
2930 2990 2991 -1,
2930 2991 2992 -1,
2930 3037 2915 -1,
2930 2992 2993 -1,
2930 2993 2994 -1,
2930 2994 2995 -1,
2930 2995 2996 -1,
2930 2996 2997 -1,
2930 2997 2998 -1,
2930 2998 2999 -1,
2930 2999 3000 -1,
2930 3000 3001 -1,
2930 3001 3002 -1,
2930 3002 3003 -1,
2930 2946 2949 -1,
2930 3003 3004 -1,
2930 3004 3005 -1,
2930 3005 3006 -1,
2930 3006 3007 -1,
2930 3007 3008 -1,
2930 3008 3009 -1,
2930 2920 2922 -1,
2930 3009 3010 -1,
2930 3010 3011 -1,
2930 3011 3012 -1,
3015 3012 3013 -1,
3015 3013 3014 -1,
2969 2970 2971 -1,
2966 2967 2968 -1,
2966 2968 2969 -1,
3021 3018 3019 -1,
3021 3019 3020 -1,
3023 3017 3018 -1,
3023 3021 3022 -1,
3023 3018 3021 -1,
2962 2963 2964 -1,
2960 2961 2962 -1,
3026 3024 3025 -1,
2958 2959 2960 -1,
3028 3026 3027 -1,
3028 3024 3026 -1,
3029 3023 3024 -1,
3029 3024 3028 -1,
3030 3023 3029 -1,
2955 2956 2957 -1,
2951 2952 2953 -1,
2951 2953 2954 -1,
2951 2954 2955 -1,
3035 3033 3034 -1,
3036 3033 3035 -1,
2949 2950 2951 -1,
2949 2951 2955 -1,
3037 3030 3031 -1,
3037 3031 3032 -1,
3037 3032 3033 -1,
3037 3033 3036 -1,
2946 2947 2948 -1,
2946 2948 2949 -1,
2915 3037 3038 -1,
2915 3038 3039 -1,
2915 3039 2914 -1,
2918 2915 2916 -1,
2918 2916 2917 -1,
2940 2941 2942 -1,
2920 2918 2919 -1,
2920 2915 2918 -1,
2939 2940 2942 -1,
2938 2939 2942 -1,
2938 2942 2943 -1,
2938 2943 2944 -1,
2938 2944 2945 -1,
2922 2920 2921 -1,
2934 2935 2936 -1,
2934 2936 2937 -1,
2926 2924 2925 -1,
2933 2937 2938 -1,
2933 2934 2937 -1,
2927 2922 2923 -1,
2927 2923 2924 -1,
2927 2924 2926 -1,
2932 2933 2938 -1,
2928 2922 2927 -1,
3056 3084 3088 -1,
3056 3142 3154 -1,
3056 3068 3071 -1,
3056 3159 3041 -1,
3056 3054 3055 -1,
3056 3137 3142 -1,
3056 3057 3058 -1,
3056 3058 3059 -1,
3056 3048 3054 -1,
3056 3093 3096 -1,
3056 3071 3072 -1,
3056 3059 3063 -1,
3056 3041 3048 -1,
3056 3092 3093 -1,
3056 3154 3159 -1,
3056 3096 3097 -1,
3056 3097 3098 -1,
3056 3098 3099 -1,
3056 3099 3100 -1,
3056 3100 3101 -1,
3056 3101 3102 -1,
3056 3102 3103 -1,
3056 3103 3104 -1,
3056 3104 3105 -1,
3056 3105 3106 -1,
3056 3106 3107 -1,
3056 3107 3108 -1,
3056 3108 3109 -1,
3056 3109 3110 -1,
3056 3110 3111 -1,
3056 3111 3112 -1,
3056 3075 3084 -1,
3056 3112 3113 -1,
3056 3113 3114 -1,
3056 3114 3115 -1,
3056 3115 3116 -1,
3056 3116 3117 -1,
3056 3117 3118 -1,
3056 3118 3119 -1,
3056 3119 3120 -1,
3056 3120 3121 -1,
3056 3121 3122 -1,
3056 3122 3123 -1,
3056 3123 3124 -1,
3056 3124 3125 -1,
3056 3125 3126 -1,
3056 3126 3127 -1,
3056 3063 3068 -1,
3056 3127 3128 -1,
3056 3128 3129 -1,
3056 3129 3130 -1,
3056 3130 3131 -1,
3056 3131 3132 -1,
3056 3132 3133 -1,
3056 3133 3134 -1,
3056 3134 3135 -1,
3056 3135 3136 -1,
3056 3136 3137 -1,
3056 3088 3092 -1,
3142 3140 3141 -1,
3142 3137 3138 -1,
3142 3138 3139 -1,
3142 3139 3140 -1,
3093 3094 3095 -1,
3093 3095 3096 -1,
3089 3090 3091 -1,
3088 3089 3091 -1,
3088 3091 3092 -1,
3150 3143 3144 -1,
3150 3144 3145 -1,
3150 3145 3146 -1,
3150 3146 3147 -1,
3150 3147 3148 -1,
3150 3148 3149 -1,
3151 3143 3150 -1,
3153 3151 3152 -1,
3084 3085 3086 -1,
3084 3086 3087 -1,
3084 3087 3088 -1,
3154 3142 3143 -1,
3154 3143 3151 -1,
3154 3151 3153 -1,
3156 3154 3155 -1,
3157 3154 3156 -1,
3080 3081 3082 -1,
3159 3157 3158 -1,
3159 3154 3157 -1,
3161 3159 3160 -1,
3076 3077 3078 -1,
3075 3078 3079 -1,
3075 3079 3080 -1,
3075 3082 3083 -1,
3075 3083 3084 -1,
3075 3080 3082 -1,
3075 3076 3078 -1,
3164 3162 3163 -1,
3072 3073 3074 -1,
3072 3074 3075 -1,
3040 3161 3162 -1,
3040 3164 3165 -1,
3040 3162 3164 -1,
3041 3159 3161 -1,
3041 3161 3040 -1,
3069 3070 3071 -1,
3043 3041 3042 -1,
3068 3069 3071 -1,
3044 3041 3043 -1,
3046 3044 3045 -1,
3065 3066 3067 -1,
3064 3065 3067 -1,
3048 3046 3047 -1,
3048 3041 3044 -1,
3048 3044 3046 -1,
3063 3064 3067 -1,
3063 3067 3068 -1,
3051 3049 3050 -1,
3059 3060 3061 -1,
3059 3061 3062 -1,
3059 3062 3063 -1,
3054 3048 3049 -1,
3054 3051 3052 -1,
3054 3052 3053 -1,
3054 3049 3051 -1,
3056 3072 3075 -1,
3183 3184 3185 -1,
3182 3224 3226 -1,
3182 3179 3180 -1,
3182 3180 3181 -1,
3182 3271 3279 -1,
3182 3190 3201 -1,
3182 3185 3190 -1,
3182 3279 3291 -1,
3182 3266 3271 -1,
3182 3201 3210 -1,
3182 3169 3174 -1,
3182 3217 3218 -1,
3182 3221 3222 -1,
3182 3183 3185 -1,
3182 3222 3223 -1,
3182 3223 3224 -1,
3182 3226 3227 -1,
3182 3227 3228 -1,
3182 3228 3229 -1,
3182 3229 3230 -1,
3182 3230 3231 -1,
3182 3231 3232 -1,
3182 3252 3254 -1,
3182 3232 3233 -1,
3182 3174 3179 -1,
3182 3233 3234 -1,
3182 3234 3235 -1,
3182 3235 3236 -1,
3182 3210 3212 -1,
3182 3236 3237 -1,
3182 3237 3238 -1,
3182 3238 3239 -1,
3182 3239 3240 -1,
3182 3240 3241 -1,
3182 3241 3242 -1,
3182 3242 3243 -1,
3182 3243 3244 -1,
3182 3244 3245 -1,
3182 3245 3246 -1,
3182 3246 3247 -1,
3182 3247 3248 -1,
3182 3248 3249 -1,
3182 3249 3250 -1,
3182 3250 3251 -1,
3182 3251 3252 -1,
3182 3215 3217 -1,
3182 3254 3255 -1,
3182 3255 3256 -1,
3182 3218 3221 -1,
3182 3256 3257 -1,
3182 3257 3258 -1,
3182 3258 3259 -1,
3182 3259 3260 -1,
3182 3260 3261 -1,
3254 3252 3253 -1,
3182 3261 3262 -1,
3182 3262 3263 -1,
3182 3263 3264 -1,
3182 3212 3215 -1,
3182 3291 3169 -1,
3182 3264 3265 -1,
3182 3265 3266 -1,
3224 3225 3226 -1,
3270 3267 3268 -1,
3270 3268 3269 -1,
3271 3266 3267 -1,
3271 3267 3270 -1,
3218 3219 3220 -1,
3218 3220 3221 -1,
3274 3271 3272 -1,
3274 3272 3273 -1,
3215 3216 3217 -1,
3275 3271 3274 -1,
3212 3213 3214 -1,
3212 3214 3215 -1,
3278 3276 3277 -1,
3279 3275 3276 -1,
3279 3271 3275 -1,
3279 3276 3278 -1,
3210 3211 3212 -1,
3282 3279 3280 -1,
3282 3280 3281 -1,
3285 3282 3283 -1,
3285 3283 3284 -1,
3285 3279 3282 -1,
3204 3205 3206 -1,
3204 3206 3207 -1,
3287 3285 3286 -1,
3202 3203 3204 -1,
3201 3202 3204 -1,
3201 3204 3207 -1,
3201 3207 3208 -1,
3201 3208 3209 -1,
3201 3209 3210 -1,
3289 3287 3288 -1,
3289 3279 3285 -1,
3289 3285 3287 -1,
3291 3289 3290 -1,
3291 3279 3289 -1,
3168 3166 3167 -1,
3168 3291 3166 -1,
3169 3291 3168 -1,
3193 3194 3195 -1,
3193 3195 3196 -1,
3172 3169 3170 -1,
3172 3170 3171 -1,
3191 3192 3193 -1,
3190 3191 3193 -1,
3190 3193 3196 -1,
3190 3196 3197 -1,
3190 3197 3198 -1,
3190 3198 3199 -1,
3190 3199 3200 -1,
3190 3200 3201 -1,
3174 3172 3173 -1,
3174 3169 3172 -1,
3176 3174 3175 -1,
3186 3187 3188 -1,
3186 3188 3189 -1,
3178 3176 3177 -1,
3178 3174 3176 -1,
3185 3186 3189 -1,
3185 3189 3190 -1,
3179 3174 3178 -1,
3308 3405 3408 -1,
3308 3346 3348 -1,
3308 3330 3333 -1,
3308 3317 3327 -1,
3308 3389 3393 -1,
3308 3309 3310 -1,
3308 3310 3317 -1,
3308 3338 3346 -1,
3308 3393 3400 -1,
3308 3299 3302 -1,
3308 3400 3405 -1,
3308 3348 3349 -1,
3308 3302 3307 -1,
3308 3349 3350 -1,
3308 3350 3351 -1,
3308 3351 3352 -1,
3308 3352 3353 -1,
3308 3353 3354 -1,
3308 3354 3355 -1,
3308 3355 3356 -1,
3308 3356 3357 -1,
3308 3357 3358 -1,
3308 3358 3359 -1,
3308 3359 3360 -1,
3308 3360 3361 -1,
3308 3361 3362 -1,
3308 3362 3363 -1,
3308 3408 3411 -1,
3308 3363 3364 -1,
3308 3364 3365 -1,
3308 3365 3366 -1,
3308 3366 3367 -1,
3308 3367 3368 -1,
3308 3333 3338 -1,
3308 3368 3369 -1,
3308 3369 3370 -1,
3308 3381 3383 -1,
3308 3370 3371 -1,
3308 3371 3372 -1,
3308 3372 3373 -1,
3308 3373 3374 -1,
3308 3374 3375 -1,
3308 3375 3376 -1,
3308 3376 3377 -1,
3308 3377 3378 -1,
3308 3378 3379 -1,
3308 3379 3380 -1,
3308 3380 3381 -1,
3308 3327 3330 -1,
3308 3383 3384 -1,
3308 3295 3299 -1,
3308 3384 3385 -1,
3308 3411 3417 -1,
3308 3385 3386 -1,
3308 3417 3295 -1,
3308 3386 3387 -1,
3308 3387 3388 -1,
3308 3388 3389 -1,
3383 3381 3382 -1,
3393 3389 3390 -1,
3393 3390 3391 -1,
3393 3391 3392 -1,
3346 3347 3348 -1,
3397 3395 3396 -1,
3398 3395 3397 -1,
3399 3393 3394 -1,
3399 3394 3395 -1,
3399 3395 3398 -1,
3400 3393 3399 -1,
3341 3342 3343 -1,
3403 3400 3401 -1,
3403 3401 3402 -1,
3338 3339 3340 -1,
3338 3340 3341 -1,
3338 3343 3344 -1,
3338 3344 3345 -1,
3338 3345 3346 -1,
3338 3341 3343 -1,
3404 3400 3403 -1,
3405 3400 3404 -1,
3334 3335 3336 -1,
3334 3336 3337 -1,
3334 3337 3338 -1,
3408 3405 3406 -1,
3408 3406 3407 -1,
3333 3334 3338 -1,
3331 3332 3333 -1,
3411 3408 3409 -1,
3411 3409 3410 -1,
3330 3331 3333 -1,
3413 3411 3412 -1,
3414 3411 3413 -1,
3327 3328 3329 -1,
3327 3329 3330 -1,
3417 3414 3415 -1,
3417 3415 3416 -1,
3417 3411 3414 -1,
3294 3292 3293 -1,
3294 3417 3292 -1,
3295 3417 3294 -1,
3319 3320 3321 -1,
3319 3321 3322 -1,
3319 3322 3323 -1,
3319 3323 3324 -1,
3297 3295 3296 -1,
3317 3319 3324 -1,
3317 3318 3319 -1,
3317 3324 3325 -1,
3317 3325 3326 -1,
3317 3326 3327 -1,
3299 3295 3297 -1,
3299 3297 3298 -1,
3315 3316 3317 -1,
3302 3299 3300 -1,
3302 3300 3301 -1,
3313 3314 3315 -1,
3313 3315 3317 -1,
3304 3302 3303 -1,
3311 3313 3317 -1,
3311 3312 3313 -1,
3310 3311 3317 -1,
3306 3304 3305 -1,
3307 3302 3304 -1,
3307 3304 3306 -1,
3434 3531 3534 -1,
3434 3472 3474 -1,
3434 3456 3459 -1,
3434 3443 3453 -1,
3434 3515 3519 -1,
3434 3435 3436 -1,
3434 3436 3443 -1,
3434 3464 3472 -1,
3434 3519 3526 -1,
3434 3425 3428 -1,
3434 3526 3531 -1,
3434 3474 3475 -1,
3434 3428 3433 -1,
3434 3475 3476 -1,
3434 3476 3477 -1,
3434 3477 3478 -1,
3434 3478 3479 -1,
3434 3479 3480 -1,
3434 3480 3481 -1,
3434 3481 3482 -1,
3434 3482 3483 -1,
3434 3483 3484 -1,
3434 3484 3485 -1,
3434 3485 3486 -1,
3434 3486 3487 -1,
3434 3487 3488 -1,
3434 3488 3489 -1,
3434 3534 3537 -1,
3434 3489 3490 -1,
3434 3490 3491 -1,
3434 3491 3492 -1,
3434 3492 3493 -1,
3434 3493 3494 -1,
3434 3459 3464 -1,
3434 3494 3495 -1,
3434 3495 3496 -1,
3434 3507 3509 -1,
3434 3496 3497 -1,
3434 3497 3498 -1,
3434 3498 3499 -1,
3434 3499 3500 -1,
3434 3500 3501 -1,
3434 3501 3502 -1,
3434 3502 3503 -1,
3434 3503 3504 -1,
3434 3504 3505 -1,
3434 3505 3506 -1,
3434 3506 3507 -1,
3434 3453 3456 -1,
3434 3509 3510 -1,
3434 3421 3425 -1,
3434 3510 3511 -1,
3434 3537 3543 -1,
3434 3511 3512 -1,
3434 3543 3421 -1,
3434 3512 3513 -1,
3434 3513 3514 -1,
3434 3514 3515 -1,
3509 3507 3508 -1,
3519 3515 3516 -1,
3519 3516 3517 -1,
3519 3517 3518 -1,
3472 3473 3474 -1,
3523 3521 3522 -1,
3524 3521 3523 -1,
3525 3519 3520 -1,
3525 3520 3521 -1,
3525 3521 3524 -1,
3526 3519 3525 -1,
3467 3468 3469 -1,
3529 3526 3527 -1,
3529 3527 3528 -1,
3464 3465 3466 -1,
3464 3466 3467 -1,
3464 3469 3470 -1,
3464 3470 3471 -1,
3464 3471 3472 -1,
3464 3467 3469 -1,
3530 3526 3529 -1,
3531 3526 3530 -1,
3460 3461 3462 -1,
3460 3462 3463 -1,
3460 3463 3464 -1,
3534 3531 3532 -1,
3534 3532 3533 -1,
3459 3460 3464 -1,
3457 3458 3459 -1,
3537 3534 3535 -1,
3537 3535 3536 -1,
3456 3457 3459 -1,
3539 3537 3538 -1,
3540 3537 3539 -1,
3453 3454 3455 -1,
3453 3455 3456 -1,
3543 3540 3541 -1,
3543 3541 3542 -1,
3543 3537 3540 -1,
3420 3418 3419 -1,
3420 3543 3418 -1,
3421 3543 3420 -1,
3445 3446 3447 -1,
3445 3447 3448 -1,
3445 3448 3449 -1,
3445 3449 3450 -1,
3423 3421 3422 -1,
3443 3445 3450 -1,
3443 3444 3445 -1,
3443 3450 3451 -1,
3443 3451 3452 -1,
3443 3452 3453 -1,
3425 3421 3423 -1,
3425 3423 3424 -1,
3441 3442 3443 -1,
3428 3425 3426 -1,
3428 3426 3427 -1,
3439 3440 3441 -1,
3439 3441 3443 -1,
3430 3428 3429 -1,
3437 3439 3443 -1,
3437 3438 3439 -1,
3436 3437 3443 -1,
3432 3430 3431 -1,
3433 3428 3430 -1,
3433 3430 3432 -1,
3629 3627 3628 -1,
3633 3630 3631 -1,
3633 3631 3632 -1,
3635 3633 3634 -1,
3602 3603 3604 -1,
3602 3604 3605 -1,
3645 3642 3643 -1,
3645 3643 3644 -1,
3646 3642 3645 -1,
3598 3599 3600 -1,
3598 3600 3601 -1,
3651 3648 3649 -1,
3651 3649 3650 -1,
3652 3646 3647 -1,
3652 3647 3648 -1,
3652 3648 3651 -1,
3593 3594 3595 -1,
3592 3593 3595 -1,
3654 3652 3653 -1,
3655 3652 3654 -1,
3656 3652 3655 -1,
3657 3652 3656 -1,
3588 3589 3590 -1,
3588 3590 3591 -1,
3588 3592 3595 -1,
3588 3591 3592 -1,
3588 3595 3596 -1,
3588 3596 3597 -1,
3588 3597 3598 -1,
3658 3652 3657 -1,
3660 3658 3659 -1,
3585 3586 3587 -1,
3662 3660 3661 -1,
3662 3658 3660 -1,
3583 3585 3587 -1,
3583 3584 3585 -1,
3663 3658 3662 -1,
3581 3582 3583 -1,
3665 3663 3664 -1,
3665 3658 3663 -1,
3580 3581 3583 -1,
3667 3665 3666 -1,
3667 3658 3665 -1,
3577 3578 3579 -1,
3669 3667 3668 -1,
3545 3669 3544 -1,
3572 3573 3574 -1,
3571 3574 3575 -1,
3571 3575 3576 -1,
3571 3572 3574 -1,
3549 3546 3547 -1,
3549 3547 3548 -1,
3550 3545 3546 -1,
3550 3546 3549 -1,
3568 3569 3570 -1,
3568 3570 3571 -1,
3552 3550 3551 -1,
3553 3550 3552 -1,
3564 3565 3566 -1,
3564 3566 3567 -1,
3556 3553 3554 -1,
3556 3554 3555 -1,
3563 3564 3567 -1,
3563 3567 3568 -1,
3558 3556 3557 -1,
3558 3550 3553 -1,
3558 3553 3556 -1,
3561 3562 3563 -1,
3561 3563 3568 -1,
3560 3545 3550 -1,
3560 3646 3652 -1,
3560 3558 3559 -1,
3560 3642 3646 -1,
3560 3550 3558 -1,
3560 3576 3577 -1,
3560 3658 3667 -1,
3560 3579 3580 -1,
3560 3561 3568 -1,
3560 3602 3605 -1,
3560 3587 3588 -1,
3560 3627 3629 -1,
3560 3633 3635 -1,
3560 3601 3602 -1,
3560 3588 3598 -1,
3560 3605 3606 -1,
3560 3577 3579 -1,
3560 3606 3607 -1,
3560 3571 3576 -1,
3560 3652 3658 -1,
3560 3607 3608 -1,
3560 3608 3609 -1,
3560 3609 3610 -1,
3560 3610 3611 -1,
3560 3611 3612 -1,
3560 3612 3613 -1,
3560 3630 3633 -1,
3560 3613 3614 -1,
3560 3614 3615 -1,
3560 3615 3616 -1,
3560 3616 3617 -1,
3560 3617 3618 -1,
3560 3618 3619 -1,
3560 3598 3601 -1,
3560 3619 3620 -1,
3560 3620 3621 -1,
3560 3621 3622 -1,
3560 3622 3623 -1,
3560 3623 3624 -1,
3560 3624 3625 -1,
3560 3625 3626 -1,
3560 3626 3627 -1,
3560 3583 3587 -1,
3560 3629 3630 -1,
3560 3669 3545 -1,
3560 3635 3636 -1,
3560 3636 3637 -1,
3560 3637 3638 -1,
3560 3638 3639 -1,
3560 3639 3640 -1,
3560 3568 3571 -1,
3560 3667 3669 -1,
3560 3640 3641 -1,
3560 3641 3642 -1,
3560 3580 3583 -1,
3685 3678 3684 -1,
3686 3771 3772 -1,
3686 3772 3773 -1,
3686 3688 3694 -1,
3686 3768 3771 -1,
3686 3687 3688 -1,
3686 3725 3727 -1,
3686 3773 3779 -1,
3686 3779 3786 -1,
3686 3711 3713 -1,
3686 3716 3718 -1,
3686 3701 3702 -1,
3686 3671 3676 -1,
3686 3786 3793 -1,
3686 3713 3714 -1,
3686 3720 3721 -1,
3686 3721 3722 -1,
3686 3694 3701 -1,
3686 3727 3728 -1,
3686 3728 3729 -1,
3686 3729 3730 -1,
3686 3718 3720 -1,
3686 3730 3731 -1,
3686 3731 3732 -1,
3686 3722 3725 -1,
3686 3678 3685 -1,
3686 3732 3733 -1,
3686 3733 3734 -1,
3686 3714 3716 -1,
3686 3734 3735 -1,
3686 3735 3736 -1,
3686 3736 3737 -1,
3686 3737 3738 -1,
3686 3738 3739 -1,
3686 3739 3740 -1,
3686 3740 3741 -1,
3686 3741 3742 -1,
3686 3742 3743 -1,
3686 3743 3744 -1,
3686 3744 3745 -1,
3686 3745 3746 -1,
3686 3705 3711 -1,
3686 3746 3747 -1,
3686 3747 3748 -1,
3686 3793 3671 -1,
3686 3748 3749 -1,
3686 3749 3750 -1,
3686 3750 3751 -1,
3686 3751 3752 -1,
3686 3752 3753 -1,
3686 3753 3754 -1,
3686 3754 3755 -1,
3686 3755 3756 -1,
3686 3756 3757 -1,
3686 3757 3758 -1,
3686 3758 3759 -1,
3686 3702 3705 -1,
3686 3759 3760 -1,
3686 3760 3761 -1,
3686 3761 3762 -1,
3686 3762 3763 -1,
3686 3763 3764 -1,
3686 3764 3765 -1,
3686 3676 3678 -1,
3686 3765 3766 -1,
3686 3766 3767 -1,
3686 3767 3768 -1,
3771 3768 3769 -1,
3771 3769 3770 -1,
3725 3726 3727 -1,
3722 3723 3724 -1,
3722 3724 3725 -1,
3777 3774 3775 -1,
3777 3775 3776 -1,
3779 3773 3774 -1,
3779 3777 3778 -1,
3779 3774 3777 -1,
3718 3719 3720 -1,
3716 3717 3718 -1,
3782 3780 3781 -1,
3714 3715 3716 -1,
3784 3782 3783 -1,
3784 3780 3782 -1,
3785 3779 3780 -1,
3785 3780 3784 -1,
3786 3779 3785 -1,
3711 3712 3713 -1,
3707 3708 3709 -1,
3707 3709 3710 -1,
3707 3710 3711 -1,
3791 3789 3790 -1,
3792 3789 3791 -1,
3705 3706 3707 -1,
3705 3707 3711 -1,
3793 3786 3787 -1,
3793 3787 3788 -1,
3793 3788 3789 -1,
3793 3789 3792 -1,
3702 3703 3704 -1,
3702 3704 3705 -1,
3671 3793 3794 -1,
3671 3794 3795 -1,
3671 3795 3670 -1,
3674 3671 3672 -1,
3674 3672 3673 -1,
3696 3697 3698 -1,
3676 3674 3675 -1,
3676 3671 3674 -1,
3695 3696 3698 -1,
3694 3695 3698 -1,
3694 3698 3699 -1,
3694 3699 3700 -1,
3694 3700 3701 -1,
3678 3676 3677 -1,
3690 3691 3692 -1,
3690 3692 3693 -1,
3682 3680 3681 -1,
3689 3693 3694 -1,
3689 3690 3693 -1,
3683 3678 3679 -1,
3683 3679 3680 -1,
3683 3680 3682 -1,
3688 3689 3694 -1,
3684 3678 3683 -1,
3811 3808 3810 -1,
3812 3897 3898 -1,
3812 3919 3797 -1,
3812 3816 3820 -1,
3812 3893 3897 -1,
3812 3808 3811 -1,
3812 3850 3852 -1,
3812 3827 3828 -1,
3812 3898 3904 -1,
3812 3845 3849 -1,
3812 3843 3845 -1,
3812 3839 3840 -1,
3812 3820 3824 -1,
3812 3904 3912 -1,
3812 3828 3831 -1,
3812 3849 3850 -1,
3812 3813 3816 -1,
3812 3852 3853 -1,
3812 3853 3854 -1,
3812 3854 3855 -1,
3812 3855 3856 -1,
3812 3856 3857 -1,
3812 3857 3858 -1,
3812 3802 3808 -1,
3812 3858 3859 -1,
3812 3859 3860 -1,
3812 3860 3861 -1,
3812 3861 3862 -1,
3812 3882 3884 -1,
3812 3862 3863 -1,
3812 3863 3864 -1,
3812 3797 3802 -1,
3812 3864 3865 -1,
3812 3865 3866 -1,
3812 3866 3867 -1,
3812 3867 3868 -1,
3812 3868 3869 -1,
3812 3869 3870 -1,
3812 3831 3839 -1,
3812 3870 3871 -1,
3812 3871 3872 -1,
3812 3872 3873 -1,
3812 3916 3919 -1,
3812 3873 3874 -1,
3812 3885 3887 -1,
3812 3874 3875 -1,
3812 3875 3876 -1,
3812 3876 3877 -1,
3812 3877 3878 -1,
3812 3878 3879 -1,
3812 3879 3880 -1,
3812 3880 3881 -1,
3812 3881 3882 -1,
3812 3884 3885 -1,
3812 3840 3843 -1,
3812 3912 3916 -1,
3812 3887 3888 -1,
3812 3888 3889 -1,
3812 3889 3890 -1,
3812 3890 3891 -1,
3812 3891 3892 -1,
3812 3824 3827 -1,
3812 3892 3893 -1,
3884 3882 3883 -1,
3887 3885 3886 -1,
3897 3893 3894 -1,
3897 3894 3895 -1,
3897 3895 3896 -1,
3850 3851 3852 -1,
3903 3900 3901 -1,
3903 3901 3902 -1,
3904 3898 3899 -1,
3904 3899 3900 -1,
3904 3900 3903 -1,
3845 3846 3847 -1,
3845 3847 3848 -1,
3845 3848 3849 -1,
3906 3904 3905 -1,
3843 3844 3845 -1,
3909 3906 3907 -1,
3909 3907 3908 -1,
3840 3841 3842 -1,
3840 3842 3843 -1,
3910 3906 3909 -1,
3910 3904 3906 -1,
3912 3910 3911 -1,
3912 3904 3910 -1,
3836 3837 3838 -1,
3916 3912 3913 -1,
3916 3913 3914 -1,
3916 3914 3915 -1,
3833 3834 3835 -1,
3832 3833 3835 -1,
3918 3916 3917 -1,
3831 3835 3836 -1,
3831 3838 3839 -1,
3831 3836 3838 -1,
3831 3832 3835 -1,
3919 3916 3918 -1,
3828 3829 3830 -1,
3828 3830 3831 -1,
3797 3919 3920 -1,
3797 3920 3921 -1,
3797 3921 3796 -1,
3824 3825 3826 -1,
3824 3826 3827 -1,
3801 3797 3798 -1,
3801 3798 3799 -1,
3801 3799 3800 -1,
3802 3797 3801 -1,
3821 3822 3823 -1,
3821 3823 3824 -1,
3820 3821 3824 -1,
3806 3803 3804 -1,
3806 3804 3805 -1,
3807 3803 3806 -1,
3816 3817 3818 -1,
3816 3818 3819 -1,
3816 3819 3820 -1,
3808 3802 3803 -1,
3808 3803 3807 -1,
3810 3808 3809 -1,
3813 3814 3815 -1,
3813 3815 3816 -1,
3937 3934 3936 -1,
3938 4023 4024 -1,
3938 4045 3923 -1,
3938 3942 3946 -1,
3938 4019 4023 -1,
3938 3934 3937 -1,
3938 3976 3978 -1,
3938 3953 3954 -1,
3938 4024 4030 -1,
3938 3971 3975 -1,
3938 3969 3971 -1,
3938 3965 3966 -1,
3938 3946 3950 -1,
3938 4030 4038 -1,
3938 3954 3957 -1,
3938 3975 3976 -1,
3938 3939 3942 -1,
3938 3978 3979 -1,
3938 3979 3980 -1,
3938 3980 3981 -1,
3938 3981 3982 -1,
3938 3982 3983 -1,
3938 3983 3984 -1,
3938 3928 3934 -1,
3938 3984 3985 -1,
3938 3985 3986 -1,
3938 3986 3987 -1,
3938 3987 3988 -1,
3938 4008 4010 -1,
3938 3988 3989 -1,
3938 3989 3990 -1,
3938 3923 3928 -1,
3938 3990 3991 -1,
3938 3991 3992 -1,
3938 3992 3993 -1,
3938 3993 3994 -1,
3938 3994 3995 -1,
3938 3995 3996 -1,
3938 3957 3965 -1,
3938 3996 3997 -1,
3938 3997 3998 -1,
3938 3998 3999 -1,
3938 4042 4045 -1,
3938 3999 4000 -1,
3938 4011 4013 -1,
3938 4000 4001 -1,
3938 4001 4002 -1,
3938 4002 4003 -1,
3938 4003 4004 -1,
3938 4004 4005 -1,
3938 4005 4006 -1,
3938 4006 4007 -1,
3938 4007 4008 -1,
3938 4010 4011 -1,
3938 3966 3969 -1,
3938 4038 4042 -1,
3938 4013 4014 -1,
3938 4014 4015 -1,
3938 4015 4016 -1,
3938 4016 4017 -1,
3938 4017 4018 -1,
3938 3950 3953 -1,
3938 4018 4019 -1,
4010 4008 4009 -1,
4013 4011 4012 -1,
4023 4019 4020 -1,
4023 4020 4021 -1,
4023 4021 4022 -1,
3976 3977 3978 -1,
4029 4026 4027 -1,
4029 4027 4028 -1,
4030 4024 4025 -1,
4030 4025 4026 -1,
4030 4026 4029 -1,
3971 3972 3973 -1,
3971 3973 3974 -1,
3971 3974 3975 -1,
4032 4030 4031 -1,
3969 3970 3971 -1,
4035 4032 4033 -1,
4035 4033 4034 -1,
3966 3967 3968 -1,
3966 3968 3969 -1,
4036 4032 4035 -1,
4036 4030 4032 -1,
4038 4036 4037 -1,
4038 4030 4036 -1,
3962 3963 3964 -1,
4042 4038 4039 -1,
4042 4039 4040 -1,
4042 4040 4041 -1,
3959 3960 3961 -1,
3958 3959 3961 -1,
4044 4042 4043 -1,
3957 3961 3962 -1,
3957 3964 3965 -1,
3957 3962 3964 -1,
3957 3958 3961 -1,
4045 4042 4044 -1,
3954 3955 3956 -1,
3954 3956 3957 -1,
3923 4045 4046 -1,
3923 4046 4047 -1,
3923 4047 3922 -1,
3950 3951 3952 -1,
3950 3952 3953 -1,
3927 3923 3924 -1,
3927 3924 3925 -1,
3927 3925 3926 -1,
3928 3923 3927 -1,
3947 3948 3949 -1,
3947 3949 3950 -1,
3946 3947 3950 -1,
3932 3929 3930 -1,
3932 3930 3931 -1,
3933 3929 3932 -1,
3942 3943 3944 -1,
3942 3944 3945 -1,
3942 3945 3946 -1,
3934 3928 3929 -1,
3934 3929 3933 -1,
3936 3934 3935 -1,
3939 3940 3941 -1,
3939 3941 3942 -1 ] } }
Shape { appearance Appearance { material Material { diffuseColor 0.1 0.105 0.11 } } geometry IndexedFaceSet { solid FALSE coord Coordinate { point [ 0.200787 -7.375984 2.244094,
0.200787 -7.375984 3.543307,
0.200787 0.375984 2.244094,
0.200787 0.375984 3.543307,
2.799213 -7.375984 2.244094,
2.799213 -7.375984 3.543307,
1.211095 0.204982 3.543307,
1.224805 0.190895 3.543307,
1.239201 0.177510 3.543307,
1.198105 0.219736 3.543307,
1.254247 0.164860 3.543307,
1.185868 0.235120 3.543307,
1.269906 0.152977 3.543307,
1.174414 0.251096 3.543307,
1.286139 0.141890 3.543307,
1.163771 0.267623 3.543307,
1.302905 0.131628 3.543307,
1.153967 0.284661 3.543307,
1.320162 0.122215 3.543307,
1.145025 0.302167 3.543307,
1.337867 0.113675 3.543307,
1.136969 0.320097 3.543307,
1.355977 0.106029 3.543307,
1.129817 0.338408 3.543307,
1.374446 0.099297 3.543307,
1.123588 0.357052 3.543307,
1.393227 0.093495 3.543307,
1.118298 0.375984 3.543307,
1.412275 0.088638 3.543307,
1.431542 0.084738 3.543307,
1.450979 0.081804 3.543307,
1.470538 0.079844 3.543307,
1.490171 0.078863 3.543307,
1.509829 0.078863 3.543307,
1.529462 0.079844 3.543307,
1.549021 0.081804 3.543307,
1.568458 0.084738 3.543307,
1.587725 0.088638 3.543307,
1.606773 0.093495 3.543307,
1.625554 0.099297 3.543307,
1.644023 0.106029 3.543307,
2.799213 0.375984 3.543307,
1.662133 0.113675 3.543307,
1.679838 0.122215 3.543307,
1.697095 0.131628 3.543307,
1.713861 0.141890 3.543307,
1.730094 0.152977 3.543307,
1.745753 0.164860 3.543307,
1.760799 0.177510 3.543307,
1.775195 0.190895 3.543307,
1.788905 0.204982 3.543307,
1.801895 0.219736 3.543307,
1.814132 0.235120 3.543307,
1.825586 0.251096 3.543307,
1.836229 0.267623 3.543307,
1.846033 0.284661 3.543307,
1.854975 0.302167 3.543307,
1.863031 0.320097 3.543307,
1.870183 0.338408 3.543307,
1.876412 0.357052 3.543307,
1.881702 0.375984 3.543307,
1.118298 0.375984 3.346457,
1.881702 0.375984 3.346457,
2.799213 0.375984 2.244094,
1.123588 0.357052 3.346457,
1.129817 0.338408 3.346457,
1.136969 0.320097 3.346457,
1.145025 0.302167 3.346457,
1.153967 0.284661 3.346457,
1.163771 0.267623 3.346457,
1.174414 0.251096 3.346457,
1.185868 0.235120 3.346457,
1.198105 0.219736 3.346457,
1.211095 0.204982 3.346457,
1.224805 0.190895 3.346457,
1.239201 0.177510 3.346457,
1.254247 0.164860 3.346457,
1.269906 0.152977 3.346457,
1.286139 0.141890 3.346457,
1.302905 0.131628 3.346457,
1.320162 0.122215 3.346457,
1.337867 0.113675 3.346457,
1.355977 0.106029 3.346457,
1.374446 0.099297 3.346457,
1.393227 0.093495 3.346457,
1.412275 0.088638 3.346457,
1.431542 0.084738 3.346457,
1.450979 0.081804 3.346457,
1.470538 0.079844 3.346457,
1.490171 0.078863 3.346457,
1.509829 0.078863 3.346457,
1.529462 0.079844 3.346457,
1.549021 0.081804 3.346457,
1.568458 0.084738 3.346457,
1.587725 0.088638 3.346457,
1.606773 0.093495 3.346457,
1.625554 0.099297 3.346457,
1.644023 0.106029 3.346457,
1.662133 0.113675 3.346457,
1.679838 0.122215 3.346457,
1.697095 0.131628 3.346457,
1.713861 0.141890 3.346457,
1.730094 0.152977 3.346457,
1.745753 0.164860 3.346457,
1.760799 0.177510 3.346457,
1.775195 0.190895 3.346457,
1.788905 0.204982 3.346457,
1.801895 0.219736 3.346457,
1.814132 0.235120 3.346457,
1.825586 0.251096 3.346457,
1.836229 0.267623 3.346457,
1.846033 0.284661 3.346457,
1.854975 0.302167 3.346457,
1.863031 0.320097 3.346457,
1.870183 0.338408 3.346457,
1.876412 0.357052 3.346457 ] } coordIndex [ 0 1 2 -1,
2 1 3 -1,
4 5 0 -1,
0 5 1 -1,
6 3 7 -1,
8 7 3 -1,
9 3 6 -1,
10 8 3 -1,
11 3 9 -1,
12 10 3 -1,
13 3 11 -1,
14 12 3 -1,
15 3 13 -1,
16 14 3 -1,
17 3 15 -1,
18 16 3 -1,
19 3 17 -1,
20 18 3 -1,
21 3 19 -1,
22 3 1 -1,
22 20 3 -1,
23 3 21 -1,
24 22 1 -1,
25 3 23 -1,
26 24 1 -1,
27 3 25 -1,
28 26 1 -1,
29 28 1 -1,
30 29 1 -1,
31 30 1 -1,
32 1 5 -1,
32 31 1 -1,
33 32 5 -1,
34 33 5 -1,
35 34 5 -1,
36 35 5 -1,
37 36 5 -1,
38 37 5 -1,
39 38 5 -1,
40 39 5 -1,
41 40 5 -1,
41 42 40 -1,
41 43 42 -1,
41 44 43 -1,
41 45 44 -1,
41 46 45 -1,
41 47 46 -1,
41 48 47 -1,
41 49 48 -1,
41 50 49 -1,
41 51 50 -1,
41 52 51 -1,
41 53 52 -1,
41 54 53 -1,
41 55 54 -1,
41 56 55 -1,
41 57 56 -1,
41 58 57 -1,
41 59 58 -1,
41 60 59 -1,
61 2 3 -1,
27 61 3 -1,
62 63 2 -1,
62 2 61 -1,
41 62 60 -1,
41 63 62 -1,
2 63 0 -1,
0 63 4 -1,
5 4 63 -1,
5 63 41 -1,
27 25 61 -1,
61 25 64 -1,
64 23 65 -1,
25 23 64 -1,
65 21 66 -1,
23 21 65 -1,
66 19 67 -1,
21 19 66 -1,
67 17 68 -1,
19 17 67 -1,
68 15 69 -1,
17 15 68 -1,
69 13 70 -1,
15 13 69 -1,
70 11 71 -1,
13 11 70 -1,
71 9 72 -1,
11 9 71 -1,
72 6 73 -1,
9 6 72 -1,
73 7 74 -1,
6 7 73 -1,
74 8 75 -1,
7 8 74 -1,
75 10 76 -1,
8 10 75 -1,
76 12 77 -1,
10 12 76 -1,
77 14 78 -1,
12 14 77 -1,
78 16 79 -1,
14 16 78 -1,
79 18 80 -1,
16 18 79 -1,
80 20 81 -1,
18 20 80 -1,
81 22 82 -1,
20 22 81 -1,
82 24 83 -1,
22 24 82 -1,
83 26 84 -1,
24 26 83 -1,
84 28 85 -1,
26 28 84 -1,
28 29 85 -1,
85 29 86 -1,
29 30 86 -1,
86 30 87 -1,
30 31 87 -1,
87 31 88 -1,
31 32 88 -1,
88 32 89 -1,
32 33 89 -1,
89 33 90 -1,
33 34 90 -1,
90 34 91 -1,
34 35 91 -1,
91 35 92 -1,
35 36 92 -1,
92 36 93 -1,
93 37 94 -1,
36 37 93 -1,
94 38 95 -1,
37 38 94 -1,
95 39 96 -1,
38 39 95 -1,
96 40 97 -1,
39 40 96 -1,
97 42 98 -1,
40 42 97 -1,
98 43 99 -1,
42 43 98 -1,
99 44 100 -1,
100 44 101 -1,
43 44 99 -1,
44 45 101 -1,
101 46 102 -1,
45 46 101 -1,
102 47 103 -1,
103 47 104 -1,
46 47 102 -1,
47 48 104 -1,
104 49 105 -1,
48 49 104 -1,
105 50 106 -1,
49 50 105 -1,
106 51 107 -1,
50 51 106 -1,
107 52 108 -1,
51 52 107 -1,
108 53 109 -1,
52 53 108 -1,
109 54 110 -1,
53 54 109 -1,
54 55 110 -1,
110 55 111 -1,
111 55 112 -1,
55 56 112 -1,
56 57 112 -1,
112 57 113 -1,
57 58 113 -1,
113 58 114 -1,
58 59 114 -1,
114 59 115 -1,
59 60 115 -1,
115 60 62 -1,
79 77 78 -1,
81 79 80 -1,
61 64 65 -1,
61 65 66 -1,
61 66 67 -1,
61 67 68 -1,
61 68 69 -1,
61 69 70 -1,
61 70 71 -1,
61 71 72 -1,
61 72 73 -1,
61 73 74 -1,
61 74 75 -1,
61 75 76 -1,
86 83 84 -1,
86 84 85 -1,
95 91 92 -1,
95 92 93 -1,
95 93 94 -1,
97 91 95 -1,
97 90 91 -1,
97 95 96 -1,
99 97 98 -1,
100 97 99 -1,
102 97 100 -1,
102 100 101 -1,
103 97 102 -1,
104 97 103 -1,
107 104 105 -1,
107 105 106 -1,
108 97 104 -1,
108 104 107 -1,
112 108 109 -1,
112 109 110 -1,
112 110 111 -1,
114 112 113 -1,
115 76 77 -1,
115 90 97 -1,
115 81 82 -1,
115 82 83 -1,
115 86 87 -1,
115 87 88 -1,
115 88 89 -1,
115 89 90 -1,
115 108 112 -1,
115 97 108 -1,
115 112 114 -1,
115 83 86 -1,
115 61 76 -1,
115 77 79 -1,
115 79 81 -1,
62 61 115 -1 ] } }
Shape { appearance Appearance { material Material { diffuseColor 0.45 0.47 0.48 } } geometry IndexedFaceSet { solid FALSE coord Coordinate { point [ 0.669120 0.046239 3.551181,
0.669291 0.039370 3.551181,
0.669291 0.039370 3.535433,
0.669120 0.046239 3.535433,
0.668607 0.053090 3.551181,
0.668607 0.053090 3.535433,
0.667752 0.059907 3.551181,
0.667752 0.059907 3.535433,
0.666559 0.066674 3.551181,
0.666559 0.066674 3.535433,
0.665030 0.073372 3.551181,
0.665030 0.073372 3.535433,
0.663169 0.079986 3.551181,
0.663169 0.079986 3.535433,
0.660981 0.086499 3.551181,
0.660981 0.086499 3.535433,
0.658471 0.092895 3.551181,
0.658471 0.092895 3.535433,
0.655645 0.099157 3.551181,
0.655645 0.099157 3.535433,
0.652511 0.105271 3.551181,
0.652511 0.105271 3.535433,
0.649076 0.111221 3.551181,
0.649076 0.111221 3.535433,
0.645348 0.116993 3.551181,
0.645348 0.116993 3.535433,
0.641337 0.122571 3.551181,
0.641337 0.122571 3.535433,
0.637053 0.127943 3.551181,
0.637053 0.127943 3.535433,
0.632507 0.133095 3.551181,
0.632507 0.133095 3.535433,
0.627710 0.138013 3.551181,
0.627710 0.138013 3.535433,
0.622673 0.142686 3.551181,
0.622673 0.142686 3.535433,
0.617410 0.147103 3.551181,
0.617410 0.147103 3.535433,
0.611933 0.151251 3.551181,
0.611933 0.151251 3.535433,
0.606256 0.155122 3.551181,
0.606256 0.155122 3.535433,
0.600394 0.158704 3.535433,
0.600394 0.158704 3.551181,
0.594360 0.161990 3.551181,
0.594360 0.161990 3.535433,
0.588169 0.164971 3.551181,
0.588169 0.164971 3.535433,
0.581838 0.167640 3.551181,
0.581838 0.167640 3.535433,
0.575382 0.169990 3.551181,
0.575382 0.169990 3.535433,
0.568817 0.172015 3.551181,
0.568817 0.172015 3.535433,
0.562158 0.173711 3.551181,
0.562158 0.173711 3.535433,
0.555424 0.175072 3.551181,
0.555424 0.175072 3.535433,
0.548630 0.176096 3.551181,
0.548630 0.176096 3.535433,
0.541794 0.176780 3.535433,
0.541794 0.176780 3.551181,
0.534931 0.177123 3.551181,
0.534931 0.177123 3.535433,
0.528061 0.177123 3.551181,
0.528061 0.177123 3.535433,
0.521199 0.176780 3.551181,
0.521199 0.176780 3.535433,
0.514362 0.176096 3.551181,
0.514362 0.176096 3.535433,
0.507568 0.175072 3.551181,
0.507568 0.175072 3.535433,
0.500834 0.173711 3.551181,
0.500834 0.173711 3.535433,
0.494176 0.172015 3.551181,
0.494176 0.172015 3.535433,
0.487610 0.169990 3.551181,
0.487610 0.169990 3.535433,
0.481154 0.167640 3.551181,
0.481154 0.167640 3.535433,
0.474823 0.164971 3.551181,
0.474823 0.164971 3.535433,
0.468632 0.161990 3.551181,
0.468632 0.161990 3.535433,
0.462598 0.158704 3.551181,
0.462598 0.158704 3.535433,
0.456736 0.155122 3.551181,
0.456736 0.155122 3.535433,
0.451059 0.151251 3.551181,
0.451059 0.151251 3.535433,
0.445582 0.147103 3.551181,
0.445582 0.147103 3.535433,
0.440319 0.142686 3.551181,
0.440319 0.142686 3.535433,
0.435282 0.138013 3.551181,
0.435282 0.138013 3.535433,
0.430485 0.133095 3.551181,
0.430485 0.133095 3.535433,
0.425939 0.127943 3.551181,
0.425939 0.127943 3.535433,
0.421655 0.122571 3.551181,
0.421655 0.122571 3.535433,
0.417644 0.116993 3.551181,
0.417644 0.116993 3.535433,
0.413917 0.111221 3.551181,
0.413917 0.111221 3.535433,
0.410481 0.105271 3.551181,
0.410481 0.105271 3.535433,
0.407347 0.099157 3.551181,
0.407347 0.099157 3.535433,
0.404521 0.092895 3.551181,
0.404521 0.092895 3.535433,
0.402011 0.086499 3.551181,
0.402011 0.086499 3.535433,
0.399823 0.079986 3.551181,
0.399823 0.079986 3.535433,
0.397962 0.073372 3.551181,
0.397962 0.073372 3.535433,
0.396433 0.066674 3.551181,
0.396433 0.066674 3.535433,
0.395240 0.059907 3.551181,
0.395240 0.059907 3.535433,
0.394386 0.053090 3.551181,
0.394386 0.053090 3.535433,
0.393872 0.046239 3.551181,
0.393872 0.046239 3.535433,
0.393701 0.039370 3.551181,
0.393701 0.039370 3.535433,
0.393872 0.032502 3.551181,
0.393872 0.032502 3.535433,
0.394386 0.025650 3.551181,
0.394386 0.025650 3.535433,
0.395240 0.018833 3.551181,
0.395240 0.018833 3.535433,
0.396433 0.012066 3.551181,
0.396433 0.012066 3.535433,
0.397962 0.005368 3.551181,
0.397962 0.005368 3.535433,
0.399823 -0.001246 3.551181,
0.399823 -0.001246 3.535433,
0.402011 -0.007759 3.551181,
0.402011 -0.007759 3.535433,
0.404521 -0.014154 3.551181,
0.404521 -0.014154 3.535433,
0.407347 -0.020417 3.535433,
0.407347 -0.020417 3.551181,
0.410481 -0.026531 3.551181,
0.410481 -0.026531 3.535433,
0.413917 -0.032481 3.535433,
0.413917 -0.032481 3.551181,
0.417644 -0.038253 3.551181,
0.417644 -0.038253 3.535433,
0.421655 -0.043831 3.535433,
0.421655 -0.043831 3.551181,
0.425939 -0.049203 3.551181,
0.425939 -0.049203 3.535433,
0.430485 -0.054355 3.551181,
0.430485 -0.054355 3.535433,
0.435282 -0.059273 3.535433,
0.435282 -0.059273 3.551181,
0.440319 -0.063946 3.551181,
0.440319 -0.063946 3.535433,
0.445582 -0.068363 3.551181,
0.445582 -0.068363 3.535433,
0.451059 -0.072511 3.551181,
0.451059 -0.072511 3.535433,
0.456736 -0.076382 3.551181,
0.456736 -0.076382 3.535433,
0.462598 -0.079964 3.551181,
0.462598 -0.079964 3.535433,
0.468632 -0.083250 3.551181,
0.468632 -0.083250 3.535433,
0.474823 -0.086231 3.551181,
0.474823 -0.086231 3.535433,
0.481154 -0.088900 3.551181,
0.481154 -0.088900 3.535433,
0.487610 -0.091250 3.551181,
0.487610 -0.091250 3.535433,
0.494176 -0.093275 3.551181,
0.494176 -0.093275 3.535433,
0.500834 -0.094970 3.551181,
0.500834 -0.094970 3.535433,
0.507568 -0.096332 3.551181,
0.507568 -0.096332 3.535433,
0.514362 -0.097356 3.551181,
0.514362 -0.097356 3.535433,
0.521199 -0.098040 3.551181,
0.521199 -0.098040 3.535433,
0.528061 -0.098382 3.535433,
0.528061 -0.098382 3.551181,
0.534931 -0.098382 3.551181,
0.534931 -0.098382 3.535433,
0.541794 -0.098040 3.551181,
0.541794 -0.098040 3.535433,
0.548630 -0.097356 3.535433,
0.548630 -0.097356 3.551181,
0.555424 -0.096332 3.551181,
0.555424 -0.096332 3.535433,
0.562158 -0.094970 3.535433,
0.562158 -0.094970 3.551181,
0.568817 -0.093275 3.551181,
0.568817 -0.093275 3.535433,
0.575382 -0.091250 3.551181,
0.575382 -0.091250 3.535433,
0.581838 -0.088900 3.535433,
0.581838 -0.088900 3.551181,
0.588169 -0.086231 3.535433,
0.588169 -0.086231 3.551181,
0.594360 -0.083250 3.551181,
0.594360 -0.083250 3.535433,
0.600394 -0.079964 3.551181,
0.600394 -0.079964 3.535433,
0.606256 -0.076382 3.535433,
0.606256 -0.076382 3.551181,
0.611933 -0.072511 3.551181,
0.611933 -0.072511 3.535433,
0.617410 -0.068363 3.551181,
0.617410 -0.068363 3.535433,
0.622673 -0.063946 3.551181,
0.622673 -0.063946 3.535433,
0.627710 -0.059273 3.551181,
0.627710 -0.059273 3.535433,
0.632507 -0.054355 3.535433,
0.632507 -0.054355 3.551181,
0.637053 -0.049203 3.551181,
0.637053 -0.049203 3.535433,
0.641337 -0.043831 3.551181,
0.641337 -0.043831 3.535433,
0.645348 -0.038253 3.551181,
0.645348 -0.038253 3.535433,
0.649076 -0.032481 3.551181,
0.649076 -0.032481 3.535433,
0.652511 -0.026531 3.551181,
0.652511 -0.026531 3.535433,
0.655645 -0.020417 3.551181,
0.655645 -0.020417 3.535433,
0.658471 -0.014154 3.535433,
0.658471 -0.014154 3.551181,
0.660981 -0.007759 3.551181,
0.660981 -0.007759 3.535433,
0.663169 -0.001246 3.551181,
0.663169 -0.001246 3.535433,
0.665030 0.005368 3.551181,
0.665030 0.005368 3.535433,
0.666559 0.012066 3.535433,
0.666559 0.012066 3.551181,
0.667752 0.018833 3.551181,
0.667752 0.018833 3.535433,
0.668607 0.025650 3.535433,
0.668607 0.025650 3.551181,
0.669120 0.032502 3.551181,
0.669120 0.032502 3.535433 ] } coordIndex [ 0 1 2 -1,
0 2 3 -1,
4 3 5 -1,
4 0 3 -1,
6 5 7 -1,
6 4 5 -1,
8 7 9 -1,
8 6 7 -1,
10 9 11 -1,
10 8 9 -1,
12 11 13 -1,
12 10 11 -1,
14 13 15 -1,
14 12 13 -1,
16 15 17 -1,
16 14 15 -1,
18 17 19 -1,
18 16 17 -1,
20 19 21 -1,
20 18 19 -1,
22 20 21 -1,
22 21 23 -1,
24 22 23 -1,
24 23 25 -1,
26 24 25 -1,
26 25 27 -1,
28 26 27 -1,
28 27 29 -1,
30 28 29 -1,
30 29 31 -1,
32 30 31 -1,
32 31 33 -1,
34 32 33 -1,
34 33 35 -1,
36 34 35 -1,
36 35 37 -1,
38 36 37 -1,
38 37 39 -1,
40 38 39 -1,
40 39 41 -1,
40 41 42 -1,
43 40 42 -1,
44 43 42 -1,
44 42 45 -1,
46 45 47 -1,
46 44 45 -1,
48 47 49 -1,
48 46 47 -1,
50 49 51 -1,
50 48 49 -1,
52 51 53 -1,
52 50 51 -1,
54 53 55 -1,
54 52 53 -1,
56 55 57 -1,
56 54 55 -1,
58 57 59 -1,
58 59 60 -1,
58 56 57 -1,
61 58 60 -1,
62 60 63 -1,
62 61 60 -1,
64 63 65 -1,
64 62 63 -1,
66 65 67 -1,
66 64 65 -1,
68 67 69 -1,
68 66 67 -1,
70 69 71 -1,
70 68 69 -1,
72 71 73 -1,
72 70 71 -1,
74 72 73 -1,
74 73 75 -1,
76 74 75 -1,
76 75 77 -1,
78 76 77 -1,
78 77 79 -1,
80 78 79 -1,
80 79 81 -1,
82 80 81 -1,
82 81 83 -1,
84 82 83 -1,
84 83 85 -1,
86 84 85 -1,
86 85 87 -1,
88 86 87 -1,
88 87 89 -1,
90 88 89 -1,
90 89 91 -1,
92 90 91 -1,
92 91 93 -1,
94 92 93 -1,
94 93 95 -1,
96 94 95 -1,
96 95 97 -1,
98 96 97 -1,
98 97 99 -1,
100 98 99 -1,
100 99 101 -1,
102 100 101 -1,
102 101 103 -1,
104 102 103 -1,
104 103 105 -1,
106 104 105 -1,
106 105 107 -1,
108 106 107 -1,
108 107 109 -1,
110 108 109 -1,
110 109 111 -1,
112 110 111 -1,
112 111 113 -1,
114 112 113 -1,
114 113 115 -1,
116 115 117 -1,
116 114 115 -1,
118 117 119 -1,
118 116 117 -1,
120 119 121 -1,
120 118 119 -1,
122 121 123 -1,
122 120 121 -1,
124 122 123 -1,
124 123 125 -1,
126 124 125 -1,
126 125 127 -1,
128 126 127 -1,
128 127 129 -1,
130 128 129 -1,
130 129 131 -1,
132 130 131 -1,
132 131 133 -1,
134 132 133 -1,
134 133 135 -1,
136 134 135 -1,
136 135 137 -1,
138 136 137 -1,
138 137 139 -1,
140 138 139 -1,
140 139 141 -1,
142 140 141 -1,
142 141 143 -1,
142 143 144 -1,
145 142 144 -1,
146 145 144 -1,
146 144 147 -1,
146 147 148 -1,
149 146 148 -1,
150 148 151 -1,
150 151 152 -1,
150 149 148 -1,
153 150 152 -1,
154 152 155 -1,
154 153 152 -1,
156 155 157 -1,
156 157 158 -1,
156 154 155 -1,
159 156 158 -1,
160 158 161 -1,
160 159 158 -1,
162 161 163 -1,
162 160 161 -1,
164 163 165 -1,
164 162 163 -1,
166 165 167 -1,
166 164 165 -1,
168 167 169 -1,
168 166 167 -1,
170 169 171 -1,
170 168 169 -1,
172 171 173 -1,
172 170 171 -1,
174 173 175 -1,
174 172 173 -1,
176 174 175 -1,
176 175 177 -1,
178 176 177 -1,
178 177 179 -1,
180 178 179 -1,
180 179 181 -1,
182 180 181 -1,
182 181 183 -1,
184 183 185 -1,
184 182 183 -1,
186 185 187 -1,
186 187 188 -1,
186 184 185 -1,
189 186 188 -1,
190 188 191 -1,
190 189 188 -1,
192 191 193 -1,
192 193 194 -1,
192 190 191 -1,
195 192 194 -1,
196 194 197 -1,
196 197 198 -1,
196 195 194 -1,
199 196 198 -1,
200 198 201 -1,
200 199 198 -1,
202 201 203 -1,
202 203 204 -1,
202 200 201 -1,
205 204 206 -1,
205 202 204 -1,
207 205 206 -1,
208 206 209 -1,
208 207 206 -1,
210 209 211 -1,
210 211 212 -1,
210 208 209 -1,
213 210 212 -1,
214 212 215 -1,
214 213 212 -1,
216 215 217 -1,
216 214 215 -1,
218 217 219 -1,
218 216 217 -1,
220 219 221 -1,
220 221 222 -1,
220 218 219 -1,
223 220 222 -1,
224 222 225 -1,
224 223 222 -1,
226 224 225 -1,
226 225 227 -1,
228 226 227 -1,
228 227 229 -1,
230 228 229 -1,
230 229 231 -1,
232 230 231 -1,
232 231 233 -1,
234 232 233 -1,
234 233 235 -1,
234 235 236 -1,
237 234 236 -1,
238 237 236 -1,
238 236 239 -1,
240 238 239 -1,
240 239 241 -1,
242 240 241 -1,
242 241 243 -1,
242 243 244 -1,
245 242 244 -1,
246 245 244 -1,
246 244 247 -1,
246 247 248 -1,
249 246 248 -1,
250 248 251 -1,
250 251 2 -1,
250 249 248 -1,
1 250 2 -1,
38 40 43 -1,
38 43 44 -1,
38 44 46 -1,
26 20 22 -1,
26 22 24 -1,
182 178 180 -1,
32 200 202 -1,
32 208 210 -1,
32 92 98 -1,
32 26 28 -1,
32 28 30 -1,
32 34 36 -1,
32 36 38 -1,
32 106 110 -1,
32 250 12 -1,
32 68 70 -1,
32 70 72 -1,
32 210 216 -1,
32 78 80 -1,
32 80 82 -1,
32 82 84 -1,
32 88 90 -1,
32 90 92 -1,
32 98 100 -1,
32 100 102 -1,
32 102 104 -1,
32 104 106 -1,
32 110 112 -1,
32 112 114 -1,
32 114 116 -1,
32 116 118 -1,
32 118 120 -1,
32 120 122 -1,
32 122 124 -1,
32 124 126 -1,
32 126 128 -1,
32 84 88 -1,
32 128 130 -1,
32 234 238 -1,
32 130 132 -1,
32 132 134 -1,
32 134 136 -1,
32 136 138 -1,
32 138 140 -1,
32 140 142 -1,
32 142 145 -1,
32 226 234 -1,
32 145 146 -1,
32 146 149 -1,
32 149 150 -1,
32 150 153 -1,
32 153 154 -1,
32 154 156 -1,
32 178 182 -1,
32 156 159 -1,
32 159 160 -1,
32 72 78 -1,
32 160 162 -1,
32 162 164 -1,
32 164 166 -1,
32 166 168 -1,
32 168 170 -1,
32 12 20 -1,
32 216 226 -1,
32 170 172 -1,
32 20 26 -1,
32 172 174 -1,
32 174 176 -1,
32 176 178 -1,
32 64 68 -1,
32 182 184 -1,
32 184 186 -1,
32 186 189 -1,
32 189 190 -1,
32 190 192 -1,
32 38 46 -1,
32 192 195 -1,
32 238 250 -1,
32 195 196 -1,
32 202 208 -1,
32 196 199 -1,
32 46 64 -1,
32 199 200 -1,
208 202 205 -1,
208 205 207 -1,
106 108 110 -1,
216 210 213 -1,
216 213 214 -1,
223 218 220 -1,
92 94 96 -1,
92 96 98 -1,
226 216 218 -1,
226 223 224 -1,
226 218 223 -1,
230 226 228 -1,
84 86 88 -1,
232 226 230 -1,
234 226 232 -1,
238 234 237 -1,
74 76 78 -1,
72 74 78 -1,
245 238 240 -1,
245 240 242 -1,
249 245 246 -1,
249 238 245 -1,
250 238 249 -1,
64 66 68 -1,
8 0 4 -1,
8 4 6 -1,
12 1 0 -1,
12 8 10 -1,
12 250 1 -1,
12 0 8 -1,
48 50 52 -1,
46 52 54 -1,
46 54 56 -1,
46 56 58 -1,
46 58 61 -1,
46 61 62 -1,
46 62 64 -1,
46 48 52 -1,
20 12 14 -1,
20 14 16 -1,
20 16 18 -1,
41 39 42 -1,
42 39 45 -1,
45 39 47 -1,
21 27 23 -1,
23 27 25 -1,
179 183 181 -1,
201 33 203 -1,
209 33 211 -1,
93 33 99 -1,
27 33 29 -1,
29 33 31 -1,
35 33 37 -1,
37 33 39 -1,
107 33 111 -1,
251 33 13 -1,
69 33 71 -1,
71 33 73 -1,
211 33 217 -1,
79 33 81 -1,
81 33 83 -1,
83 33 85 -1,
89 33 91 -1,
91 33 93 -1,
99 33 101 -1,
101 33 103 -1,
103 33 105 -1,
105 33 107 -1,
111 33 113 -1,
113 33 115 -1,
115 33 117 -1,
117 33 119 -1,
119 33 121 -1,
121 33 123 -1,
123 33 125 -1,
125 33 127 -1,
127 33 129 -1,
85 33 89 -1,
129 33 131 -1,
235 33 239 -1,
131 33 133 -1,
133 33 135 -1,
135 33 137 -1,
137 33 139 -1,
139 33 141 -1,
141 33 143 -1,
143 33 144 -1,
227 33 235 -1,
144 33 147 -1,
147 33 148 -1,
148 33 151 -1,
151 33 152 -1,
152 33 155 -1,
155 33 157 -1,
179 33 183 -1,
157 33 158 -1,
158 33 161 -1,
73 33 79 -1,
161 33 163 -1,
163 33 165 -1,
165 33 167 -1,
167 33 169 -1,
169 33 171 -1,
13 33 21 -1,
217 33 227 -1,
171 33 173 -1,
21 33 27 -1,
173 33 175 -1,
175 33 177 -1,
177 33 179 -1,
65 33 69 -1,
183 33 185 -1,
185 33 187 -1,
187 33 188 -1,
188 33 191 -1,
191 33 193 -1,
39 33 47 -1,
193 33 194 -1,
239 33 251 -1,
194 33 197 -1,
203 33 209 -1,
197 33 198 -1,
47 33 65 -1,
198 33 201 -1,
203 209 204 -1,
204 209 206 -1,
109 107 111 -1,
211 217 212 -1,
212 217 215 -1,
219 222 221 -1,
95 93 97 -1,
97 93 99 -1,
217 227 219 -1,
222 227 225 -1,
219 227 222 -1,
227 231 229 -1,
87 85 89 -1,
227 233 231 -1,
227 235 233 -1,
235 239 236 -1,
77 75 79 -1,
75 73 79 -1,
239 244 241 -1,
241 244 243 -1,
244 248 247 -1,
239 248 244 -1,
239 251 248 -1,
67 65 69 -1,
3 9 5 -1,
5 9 7 -1,
2 13 3 -1,
9 13 11 -1,
251 13 2 -1,
3 13 9 -1,
51 49 53 -1,
53 47 55 -1,
55 47 57 -1,
57 47 59 -1,
59 47 60 -1,
60 47 63 -1,
63 47 65 -1,
49 47 53 -1,
13 21 15 -1,
15 21 17 -1,
17 21 19 -1 ] } }
Shape { appearance Appearance { material Material { diffuseColor 0.7 0.72 0.74 } } geometry IndexedFaceSet { solid FALSE coord Coordinate { point [ -0.098425 -0.059055 -0.984252,
-0.098425 -0.059055 0.000000,
-0.098425 0.059055 -0.984252,
-0.098425 0.059055 0.000000,
0.098425 -0.059055 0.000000,
0.098425 -0.059055 -0.984252,
0.098425 0.059055 -0.984252,
0.098425 0.059055 0.000000 ] } coordIndex [ 0 1 2 -1,
2 1 3 -1,
4 5 6 -1,
4 6 7 -1,
5 4 0 -1,
0 4 1 -1,
7 6 2 -1,
7 2 3 -1,
2 6 0 -1,
0 6 5 -1,
7 3 1 -1,
7 1 4 -1 ] } }
Shape { appearance Appearance { material Material { diffuseColor 0.7 0.72 0.74 } } geometry IndexedFaceSet { solid FALSE coord Coordinate { point [ -0.098425 -0.059055 1.181102,
-0.098425 -0.059055 2.559055,
-0.098425 0.059055 1.181102,
-0.098425 0.059055 2.559055,
0.098425 -0.059055 2.559055,
0.098425 -0.059055 1.181102,
0.098425 0.059055 1.181102,
0.098425 0.059055 2.559055 ] } coordIndex [ 0 1 2 -1,
2 1 3 -1,
4 5 6 -1,
4 6 7 -1,
5 4 0 -1,
0 4 1 -1,
7 6 2 -1,
7 2 3 -1,
2 6 0 -1,
0 6 5 -1,
7 3 1 -1,
7 1 4 -1 ] } }
Shape { appearance Appearance { material Material { diffuseColor 0.7 0.72 0.74 } } geometry IndexedFaceSet { solid FALSE coord Coordinate { point [ 0.200787 -0.002944 2.618037,
0.200787 0.000000 2.618110,
0.000000 0.000000 2.618110,
0.000000 -0.002944 2.618037,
0.200787 -0.005880 2.617817,
0.000000 -0.005880 2.617817,
0.200787 -0.008802 2.617451,
0.000000 -0.008802 2.617451,
0.200787 -0.011702 2.616939,
0.000000 -0.011702 2.616939,
0.200787 -0.014572 2.616284,
0.000000 -0.014572 2.616284,
0.200787 -0.017407 2.615487,
0.000000 -0.017407 2.615487,
0.200787 -0.020198 2.614549,
0.000000 -0.020198 2.614549,
0.200787 -0.022939 2.613473,
0.000000 -0.022939 2.613473,
0.200787 -0.025623 2.612262,
0.000000 -0.025623 2.612262,
0.200787 -0.028243 2.610919,
0.000000 -0.028243 2.610919,
0.200787 -0.030793 2.609446,
0.000000 -0.030793 2.609446,
0.200787 -0.033267 2.607849,
0.000000 -0.033267 2.607849,
0.000000 -0.035658 2.606130,
0.200787 -0.035658 2.606130,
0.200787 -0.037960 2.604294,
0.000000 -0.037960 2.604294,
0.200787 -0.040168 2.602346,
0.000000 -0.040168 2.602346,
0.200787 -0.042276 2.600290,
0.000000 -0.042276 2.600290,
0.200787 -0.044278 2.598131,
0.000000 -0.044278 2.598131,
0.200787 -0.046171 2.595875,
0.000000 -0.046171 2.595875,
0.200787 -0.047949 2.593528,
0.000000 -0.047949 2.593528,
0.200787 -0.049608 2.591095,
0.000000 -0.049608 2.591095,
0.200787 -0.051143 2.588583,
0.000000 -0.051143 2.588583,
0.200787 -0.052551 2.585997,
0.000000 -0.052551 2.585997,
0.200787 -0.053829 2.583344,
0.000000 -0.053829 2.583344,
0.200787 -0.054973 2.580630,
0.000000 -0.054973 2.580630,
0.200787 -0.055980 2.577863,
0.000000 -0.055980 2.577863,
0.000000 -0.056848 2.575050,
0.200787 -0.056848 2.575050,
0.200787 -0.057574 2.572196,
0.000000 -0.057574 2.572196,
0.200787 -0.058158 2.569310,
0.000000 -0.058158 2.569310,
0.200787 -0.058597 2.566398,
0.000000 -0.058597 2.566398,
0.000000 -0.058890 2.563468,
0.200787 -0.058890 2.563468,
0.200787 -0.059037 2.560527,
0.000000 -0.059037 2.560527,
0.200787 -0.059037 2.557583,
0.000000 -0.059037 2.557583,
0.000000 -0.058890 2.554642,
0.200787 -0.058890 2.554642,
0.000000 -0.058597 2.551712,
0.200787 -0.058597 2.551712,
0.200787 -0.058158 2.548800,
0.000000 -0.058158 2.548800,
0.000000 -0.057574 2.545914,
0.200787 -0.057574 2.545914,
0.200787 -0.056848 2.543061,
0.000000 -0.056848 2.543061,
0.200787 -0.055980 2.540247,
0.000000 -0.055980 2.540247,
0.000000 -0.054973 2.537480,
0.200787 -0.054973 2.537480,
0.200787 -0.053829 2.534767,
0.000000 -0.053829 2.534767,
0.000000 -0.052551 2.532114,
0.200787 -0.052551 2.532114,
0.000000 -0.051143 2.529528,
0.200787 -0.051143 2.529528,
0.200787 -0.049608 2.527015,
0.000000 -0.049608 2.527015,
0.000000 -0.047949 2.524582,
0.200787 -0.047949 2.524582,
0.200787 -0.046171 2.522235,
0.000000 -0.046171 2.522235,
0.000000 -0.044278 2.519979,
0.200787 -0.044278 2.519979,
0.000000 -0.042276 2.517821,
0.200787 -0.042276 2.517821,
0.200787 -0.040168 2.515765,
0.000000 -0.040168 2.515765,
0.000000 -0.037960 2.513816,
0.200787 -0.037960 2.513816,
0.000000 -0.035658 2.511980,
0.200787 -0.035658 2.511980,
0.200787 -0.033267 2.510261,
0.000000 -0.033267 2.510261,
0.000000 -0.030793 2.508664,
0.200787 -0.030793 2.508664,
0.200787 -0.028243 2.507192,
0.000000 -0.028243 2.507192,
0.000000 -0.025623 2.505848,
0.200787 -0.025623 2.505848,
0.000000 -0.022939 2.504637,
0.200787 -0.022939 2.504637,
0.200787 -0.020198 2.503561,
0.000000 -0.020198 2.503561,
0.000000 -0.017407 2.502624,
0.200787 -0.017407 2.502624,
0.000000 -0.014572 2.501826,
0.200787 -0.014572 2.501826,
0.200787 -0.011702 2.501171,
0.000000 -0.011702 2.501171,
0.000000 -0.008802 2.500660,
0.200787 -0.008802 2.500660,
0.200787 -0.005880 2.500293,
0.000000 -0.005880 2.500293,
0.200787 -0.002944 2.500073,
0.000000 -0.002944 2.500073,
0.000000 0.000000 2.500000,
0.200787 0.000000 2.500000,
0.200787 0.002944 2.500073,
0.000000 0.002944 2.500073,
0.200787 0.005880 2.500293,
0.000000 0.005880 2.500293,
0.200787 0.008802 2.500660,
0.000000 0.008802 2.500660,
0.200787 0.011702 2.501171,
0.000000 0.011702 2.501171,
0.200787 0.014572 2.501826,
0.000000 0.014572 2.501826,
0.200787 0.017407 2.502624,
0.000000 0.017407 2.502624,
0.200787 0.020198 2.503561,
0.000000 0.020198 2.503561,
0.200787 0.022939 2.504637,
0.000000 0.022939 2.504637,
0.200787 0.025623 2.505848,
0.000000 0.025623 2.505848,
0.200787 0.028243 2.507192,
0.000000 0.028243 2.507192,
0.200787 0.030793 2.508664,
0.000000 0.030793 2.508664,
0.200787 0.033267 2.510261,
0.000000 0.033267 2.510261,
0.200787 0.035658 2.511980,
0.000000 0.035658 2.511980,
0.200787 0.037960 2.513816,
0.000000 0.037960 2.513816,
0.200787 0.040168 2.515765,
0.000000 0.040168 2.515765,
0.200787 0.042276 2.517821,
0.000000 0.042276 2.517821,
0.200787 0.044278 2.519979,
0.000000 0.044278 2.519979,
0.200787 0.046171 2.522235,
0.000000 0.046171 2.522235,
0.200787 0.047949 2.524582,
0.000000 0.047949 2.524582,
0.200787 0.049608 2.527015,
0.000000 0.049608 2.527015,
0.200787 0.051143 2.529528,
0.000000 0.051143 2.529528,
0.200787 0.052551 2.532114,
0.000000 0.052551 2.532114,
0.200787 0.053829 2.534767,
0.000000 0.053829 2.534767,
0.200787 0.054973 2.537480,
0.000000 0.054973 2.537480,
0.200787 0.055980 2.540247,
0.000000 0.055980 2.540247,
0.200787 0.056848 2.543061,
0.000000 0.056848 2.543061,
0.200787 0.057574 2.545914,
0.000000 0.057574 2.545914,
0.200787 0.058158 2.548800,
0.000000 0.058158 2.548800,
0.200787 0.058597 2.551712,
0.000000 0.058597 2.551712,
0.200787 0.058890 2.554642,
0.000000 0.058890 2.554642,
0.200787 0.059037 2.557583,
0.000000 0.059037 2.557583,
0.200787 0.059037 2.560527,
0.000000 0.059037 2.560527,
0.000000 0.058890 2.563468,
0.200787 0.058890 2.563468,
0.200787 0.058597 2.566398,
0.000000 0.058597 2.566398,
0.200787 0.058158 2.569310,
0.000000 0.058158 2.569310,
0.200787 0.057574 2.572196,
0.000000 0.057574 2.572196,
0.200787 0.056848 2.575050,
0.000000 0.056848 2.575050,
0.200787 0.055980 2.577863,
0.000000 0.055980 2.577863,
0.200787 0.054973 2.580630,
0.000000 0.054973 2.580630,
0.200787 0.053829 2.583344,
0.000000 0.053829 2.583344,
0.200787 0.052551 2.585997,
0.000000 0.052551 2.585997,
0.000000 0.051143 2.588583,
0.200787 0.051143 2.588583,
0.200787 0.049608 2.591095,
0.000000 0.049608 2.591095,
0.200787 0.047949 2.593528,
0.000000 0.047949 2.593528,
0.200787 0.046171 2.595875,
0.000000 0.046171 2.595875,
0.000000 0.044278 2.598131,
0.200787 0.044278 2.598131,
0.200787 0.042276 2.600290,
0.000000 0.042276 2.600290,
0.200787 0.040168 2.602346,
0.000000 0.040168 2.602346,
0.000000 0.037960 2.604294,
0.200787 0.037960 2.604294,
0.200787 0.035658 2.606130,
0.000000 0.035658 2.606130,
0.200787 0.033267 2.607849,
0.000000 0.033267 2.607849,
0.200787 0.030793 2.609446,
0.000000 0.030793 2.609446,
0.200787 0.028243 2.610919,
0.000000 0.028243 2.610919,
0.200787 0.025623 2.612262,
0.000000 0.025623 2.612262,
0.200787 0.022939 2.613473,
0.000000 0.022939 2.613473,
0.200787 0.020198 2.614549,
0.000000 0.020198 2.614549,
0.200787 0.017407 2.615487,
0.000000 0.017407 2.615487,
0.000000 0.014572 2.616284,
0.200787 0.014572 2.616284,
0.200787 0.011702 2.616939,
0.000000 0.011702 2.616939,
0.200787 0.008802 2.617451,
0.000000 0.008802 2.617451,
0.200787 0.005880 2.617817,
0.000000 0.005880 2.617817,
0.200787 0.002944 2.618037,
0.000000 0.002944 2.618037 ] } coordIndex [ 0 1 2 -1,
0 2 3 -1,
4 3 5 -1,
4 0 3 -1,
6 5 7 -1,
6 4 5 -1,
8 7 9 -1,
8 6 7 -1,
10 9 11 -1,
10 8 9 -1,
12 11 13 -1,
12 10 11 -1,
14 13 15 -1,
14 12 13 -1,
16 15 17 -1,
16 14 15 -1,
18 17 19 -1,
18 16 17 -1,
20 19 21 -1,
20 18 19 -1,
22 20 21 -1,
22 21 23 -1,
24 22 23 -1,
24 23 25 -1,
24 25 26 -1,
27 24 26 -1,
28 27 26 -1,
28 26 29 -1,
30 28 29 -1,
30 29 31 -1,
32 30 31 -1,
32 31 33 -1,
34 32 33 -1,
34 33 35 -1,
36 34 35 -1,
36 35 37 -1,
38 36 37 -1,
38 37 39 -1,
40 38 39 -1,
40 39 41 -1,
42 40 41 -1,
42 41 43 -1,
44 42 43 -1,
44 43 45 -1,
46 45 47 -1,
46 44 45 -1,
48 47 49 -1,
48 46 47 -1,
50 49 51 -1,
50 51 52 -1,
50 48 49 -1,
53 50 52 -1,
54 52 55 -1,
54 53 52 -1,
56 55 57 -1,
56 54 55 -1,
58 57 59 -1,
58 59 60 -1,
58 56 57 -1,
61 58 60 -1,
62 60 63 -1,
62 61 60 -1,
64 63 65 -1,
64 65 66 -1,
64 62 63 -1,
67 66 68 -1,
67 64 66 -1,
69 67 68 -1,
70 68 71 -1,
70 71 72 -1,
70 69 68 -1,
73 70 72 -1,
74 73 72 -1,
74 72 75 -1,
76 74 75 -1,
76 75 77 -1,
76 77 78 -1,
79 76 78 -1,
80 79 78 -1,
80 78 81 -1,
80 81 82 -1,
83 80 82 -1,
83 82 84 -1,
85 83 84 -1,
86 85 84 -1,
86 84 87 -1,
86 87 88 -1,
89 86 88 -1,
90 89 88 -1,
90 88 91 -1,
90 91 92 -1,
93 90 92 -1,
93 92 94 -1,
95 93 94 -1,
96 95 94 -1,
96 94 97 -1,
96 97 98 -1,
99 96 98 -1,
99 98 100 -1,
101 99 100 -1,
102 101 100 -1,
102 100 103 -1,
102 103 104 -1,
105 102 104 -1,
106 105 104 -1,
106 104 107 -1,
106 107 108 -1,
109 106 108 -1,
109 108 110 -1,
111 109 110 -1,
112 111 110 -1,
112 110 113 -1,
112 113 114 -1,
115 114 116 -1,
115 112 114 -1,
117 115 116 -1,
118 116 119 -1,
118 119 120 -1,
118 117 116 -1,
121 118 120 -1,
122 120 123 -1,
122 121 120 -1,
124 122 123 -1,
124 123 125 -1,
124 125 126 -1,
127 124 126 -1,
128 127 126 -1,
128 126 129 -1,
130 128 129 -1,
130 129 131 -1,
132 130 131 -1,
132 131 133 -1,
134 132 133 -1,
134 133 135 -1,
136 134 135 -1,
136 135 137 -1,
138 136 137 -1,
138 137 139 -1,
140 138 139 -1,
140 139 141 -1,
142 140 141 -1,
142 141 143 -1,
144 142 143 -1,
144 143 145 -1,
146 144 145 -1,
146 145 147 -1,
148 146 147 -1,
148 147 149 -1,
150 149 151 -1,
150 148 149 -1,
152 151 153 -1,
152 150 151 -1,
154 153 155 -1,
154 152 153 -1,
156 155 157 -1,
156 154 155 -1,
158 157 159 -1,
158 156 157 -1,
160 159 161 -1,
160 158 159 -1,
162 161 163 -1,
162 160 161 -1,
164 163 165 -1,
164 162 163 -1,
166 165 167 -1,
166 164 165 -1,
168 167 169 -1,
168 166 167 -1,
170 169 171 -1,
170 168 169 -1,
172 171 173 -1,
172 170 171 -1,
174 173 175 -1,
174 172 173 -1,
176 174 175 -1,
176 175 177 -1,
178 176 177 -1,
178 177 179 -1,
180 178 179 -1,
180 179 181 -1,
182 180 181 -1,
182 181 183 -1,
184 183 185 -1,
184 182 183 -1,
186 185 187 -1,
186 184 185 -1,
188 187 189 -1,
188 186 187 -1,
190 189 191 -1,
190 191 192 -1,
190 188 189 -1,
193 190 192 -1,
194 192 195 -1,
194 193 192 -1,
196 195 197 -1,
196 194 195 -1,
198 197 199 -1,
198 196 197 -1,
200 199 201 -1,
200 198 199 -1,
202 201 203 -1,
202 200 201 -1,
204 203 205 -1,
204 202 203 -1,
206 205 207 -1,
206 204 205 -1,
208 207 209 -1,
208 209 210 -1,
208 206 207 -1,
211 208 210 -1,
212 210 213 -1,
212 211 210 -1,
214 213 215 -1,
214 212 213 -1,
216 215 217 -1,
216 217 218 -1,
216 214 215 -1,
219 216 218 -1,
220 218 221 -1,
220 219 218 -1,
222 221 223 -1,
222 223 224 -1,
222 220 221 -1,
225 222 224 -1,
226 225 224 -1,
226 224 227 -1,
228 226 227 -1,
228 227 229 -1,
230 228 229 -1,
230 229 231 -1,
232 230 231 -1,
232 231 233 -1,
234 232 233 -1,
234 233 235 -1,
236 234 235 -1,
236 235 237 -1,
238 236 237 -1,
238 237 239 -1,
240 238 239 -1,
240 239 241 -1,
240 241 242 -1,
243 240 242 -1,
244 243 242 -1,
244 242 245 -1,
246 244 245 -1,
246 245 247 -1,
248 246 247 -1,
248 247 249 -1,
250 249 251 -1,
250 248 249 -1,
250 251 2 -1,
1 250 2 -1,
44 46 48 -1,
40 42 44 -1,
208 204 206 -1,
216 212 214 -1,
95 96 99 -1,
32 1 0 -1,
32 0 4 -1,
32 4 6 -1,
32 6 8 -1,
32 8 10 -1,
32 10 12 -1,
32 12 14 -1,
32 14 16 -1,
32 16 18 -1,
32 18 20 -1,
32 20 22 -1,
32 22 24 -1,
32 24 27 -1,
32 27 28 -1,
32 28 30 -1,
32 34 36 -1,
32 36 38 -1,
32 38 40 -1,
32 48 50 -1,
32 50 53 -1,
32 53 54 -1,
32 54 56 -1,
32 56 58 -1,
32 58 61 -1,
32 61 62 -1,
32 62 64 -1,
32 64 67 -1,
32 67 69 -1,
32 69 70 -1,
32 70 73 -1,
32 73 74 -1,
32 74 76 -1,
32 76 79 -1,
32 79 80 -1,
32 80 83 -1,
32 86 89 -1,
32 89 90 -1,
32 90 93 -1,
32 93 95 -1,
32 99 101 -1,
32 101 102 -1,
32 102 105 -1,
32 105 106 -1,
32 106 109 -1,
32 109 111 -1,
32 111 112 -1,
32 112 115 -1,
32 115 117 -1,
32 117 118 -1,
32 118 121 -1,
32 121 122 -1,
32 122 124 -1,
32 124 127 -1,
32 127 128 -1,
32 128 130 -1,
32 130 132 -1,
32 132 134 -1,
32 134 136 -1,
32 136 138 -1,
32 138 140 -1,
32 140 142 -1,
32 142 144 -1,
32 144 146 -1,
32 146 148 -1,
32 148 150 -1,
32 150 152 -1,
32 152 154 -1,
32 154 156 -1,
32 156 158 -1,
32 158 160 -1,
32 160 162 -1,
32 162 164 -1,
32 164 166 -1,
32 166 168 -1,
32 168 170 -1,
32 170 172 -1,
32 172 174 -1,
32 174 176 -1,
32 176 178 -1,
32 178 180 -1,
32 180 182 -1,
32 182 184 -1,
32 184 186 -1,
32 186 188 -1,
32 188 190 -1,
32 190 193 -1,
32 193 194 -1,
32 194 196 -1,
32 196 198 -1,
32 198 200 -1,
32 200 202 -1,
32 202 204 -1,
32 208 211 -1,
32 211 212 -1,
32 216 219 -1,
32 219 220 -1,
32 220 222 -1,
32 222 225 -1,
32 232 234 -1,
32 234 236 -1,
32 236 238 -1,
32 238 240 -1,
32 250 1 -1,
32 240 250 -1,
32 95 99 -1,
32 204 208 -1,
32 212 216 -1,
32 228 232 -1,
32 83 86 -1,
32 225 228 -1,
32 44 48 -1,
32 40 44 -1,
228 225 226 -1,
232 228 230 -1,
83 85 86 -1,
250 240 243 -1,
250 243 244 -1,
250 244 246 -1,
250 246 248 -1,
47 45 49 -1,
43 41 45 -1,
205 209 207 -1,
213 217 215 -1,
97 94 98 -1,
2 33 3 -1,
3 33 5 -1,
5 33 7 -1,
7 33 9 -1,
9 33 11 -1,
11 33 13 -1,
13 33 15 -1,
15 33 17 -1,
17 33 19 -1,
19 33 21 -1,
21 33 23 -1,
23 33 25 -1,
25 33 26 -1,
26 33 29 -1,
29 33 31 -1,
35 33 37 -1,
37 33 39 -1,
39 33 41 -1,
49 33 51 -1,
51 33 52 -1,
52 33 55 -1,
55 33 57 -1,
57 33 59 -1,
59 33 60 -1,
60 33 63 -1,
63 33 65 -1,
65 33 66 -1,
66 33 68 -1,
68 33 71 -1,
71 33 72 -1,
72 33 75 -1,
75 33 77 -1,
77 33 78 -1,
78 33 81 -1,
81 33 82 -1,
87 33 88 -1,
88 33 91 -1,
91 33 92 -1,
92 33 94 -1,
98 33 100 -1,
100 33 103 -1,
103 33 104 -1,
104 33 107 -1,
107 33 108 -1,
108 33 110 -1,
110 33 113 -1,
113 33 114 -1,
114 33 116 -1,
116 33 119 -1,
119 33 120 -1,
120 33 123 -1,
123 33 125 -1,
125 33 126 -1,
126 33 129 -1,
129 33 131 -1,
131 33 133 -1,
133 33 135 -1,
135 33 137 -1,
137 33 139 -1,
139 33 141 -1,
141 33 143 -1,
143 33 145 -1,
145 33 147 -1,
147 33 149 -1,
149 33 151 -1,
151 33 153 -1,
153 33 155 -1,
155 33 157 -1,
157 33 159 -1,
159 33 161 -1,
161 33 163 -1,
163 33 165 -1,
165 33 167 -1,
167 33 169 -1,
169 33 171 -1,
171 33 173 -1,
173 33 175 -1,
175 33 177 -1,
177 33 179 -1,
179 33 181 -1,
181 33 183 -1,
183 33 185 -1,
185 33 187 -1,
187 33 189 -1,
189 33 191 -1,
191 33 192 -1,
192 33 195 -1,
195 33 197 -1,
197 33 199 -1,
199 33 201 -1,
201 33 203 -1,
203 33 205 -1,
209 33 210 -1,
210 33 213 -1,
217 33 218 -1,
218 33 221 -1,
221 33 223 -1,
223 33 224 -1,
233 33 235 -1,
235 33 237 -1,
237 33 239 -1,
239 33 241 -1,
251 33 2 -1,
241 33 251 -1,
94 33 98 -1,
205 33 209 -1,
213 33 217 -1,
229 33 233 -1,
82 33 87 -1,
224 33 229 -1,
45 33 49 -1,
41 33 45 -1,
224 229 227 -1,
229 233 231 -1,
84 82 87 -1,
241 251 242 -1,
242 251 245 -1,
245 251 247 -1,
247 251 249 -1 ] } }
Shape { appearance Appearance { material Material { diffuseColor 0.7 0.72 0.74 } } geometry IndexedFaceSet { solid FALSE coord Coordinate { point [ -0.098425 -1.059055 -0.984252,
-0.098425 -1.059055 0.000000,
-0.098425 -0.940945 -0.984252,
-0.098425 -0.940945 0.000000,
0.098425 -1.059055 0.000000,
0.098425 -1.059055 -0.984252,
0.098425 -0.940945 -0.984252,
0.098425 -0.940945 0.000000 ] } coordIndex [ 0 1 2 -1,
2 1 3 -1,
4 5 6 -1,
4 6 7 -1,
5 4 0 -1,
0 4 1 -1,
7 6 2 -1,
7 2 3 -1,
2 6 0 -1,
0 6 5 -1,
7 3 1 -1,
7 1 4 -1 ] } }
Shape { appearance Appearance { material Material { diffuseColor 0.7 0.72 0.74 } } geometry IndexedFaceSet { solid FALSE coord Coordinate { point [ -0.098425 -1.059055 1.181102,
-0.098425 -1.059055 2.559055,
-0.098425 -0.940945 1.181102,
-0.098425 -0.940945 2.559055,
0.098425 -1.059055 2.559055,
0.098425 -1.059055 1.181102,
0.098425 -0.940945 1.181102,
0.098425 -0.940945 2.559055 ] } coordIndex [ 0 1 2 -1,
2 1 3 -1,
4 5 6 -1,
4 6 7 -1,
5 4 0 -1,
0 4 1 -1,
7 6 2 -1,
7 2 3 -1,
2 6 0 -1,
0 6 5 -1,
7 3 1 -1,
7 1 4 -1 ] } }
Shape { appearance Appearance { material Material { diffuseColor 0.7 0.72 0.74 } } geometry IndexedFaceSet { solid FALSE coord Coordinate { point [ 0.200787 -1.002944 2.618037,
0.200787 -1.000000 2.618110,
0.000000 -1.000000 2.618110,
0.000000 -1.002944 2.618037,
0.200787 -1.005880 2.617817,
0.000000 -1.005880 2.617817,
0.200787 -1.008802 2.617451,
0.000000 -1.008802 2.617451,
0.200787 -1.011702 2.616939,
0.000000 -1.011702 2.616939,
0.200787 -1.014572 2.616284,
0.000000 -1.014572 2.616284,
0.200787 -1.017407 2.615487,
0.000000 -1.017407 2.615487,
0.200787 -1.020198 2.614549,
0.000000 -1.020198 2.614549,
0.200787 -1.022939 2.613473,
0.000000 -1.022939 2.613473,
0.200787 -1.025623 2.612262,
0.000000 -1.025623 2.612262,
0.200787 -1.028243 2.610919,
0.000000 -1.028243 2.610919,
0.200787 -1.030793 2.609446,
0.000000 -1.030793 2.609446,
0.200787 -1.033267 2.607849,
0.000000 -1.033267 2.607849,
0.000000 -1.035658 2.606130,
0.200787 -1.035658 2.606130,
0.200787 -1.037960 2.604294,
0.000000 -1.037960 2.604294,
0.200787 -1.040168 2.602346,
0.000000 -1.040168 2.602346,
0.200787 -1.042276 2.600290,
0.000000 -1.042276 2.600290,
0.200787 -1.044278 2.598131,
0.000000 -1.044278 2.598131,
0.200787 -1.046171 2.595875,
0.000000 -1.046171 2.595875,
0.200787 -1.047949 2.593528,
0.000000 -1.047949 2.593528,
0.200787 -1.049608 2.591095,
0.000000 -1.049608 2.591095,
0.200787 -1.051143 2.588583,
0.000000 -1.051143 2.588583,
0.200787 -1.052551 2.585997,
0.000000 -1.052551 2.585997,
0.200787 -1.053829 2.583344,
0.000000 -1.053829 2.583344,
0.200787 -1.054973 2.580630,
0.000000 -1.054973 2.580630,
0.200787 -1.055980 2.577863,
0.000000 -1.055980 2.577863,
0.000000 -1.056848 2.575050,
0.200787 -1.056848 2.575050,
0.200787 -1.057574 2.572196,
0.000000 -1.057574 2.572196,
0.200787 -1.058158 2.569310,
0.000000 -1.058158 2.569310,
0.200787 -1.058597 2.566398,
0.000000 -1.058597 2.566398,
0.000000 -1.058890 2.563468,
0.200787 -1.058890 2.563468,
0.200787 -1.059037 2.560527,
0.000000 -1.059037 2.560527,
0.200787 -1.059037 2.557583,
0.000000 -1.059037 2.557583,
0.000000 -1.058890 2.554642,
0.200787 -1.058890 2.554642,
0.000000 -1.058597 2.551712,
0.200787 -1.058597 2.551712,
0.200787 -1.058158 2.548800,
0.000000 -1.058158 2.548800,
0.000000 -1.057574 2.545914,
0.200787 -1.057574 2.545914,
0.200787 -1.056848 2.543061,
0.000000 -1.056848 2.543061,
0.200787 -1.055980 2.540247,
0.000000 -1.055980 2.540247,
0.000000 -1.054973 2.537480,
0.200787 -1.054973 2.537480,
0.200787 -1.053829 2.534767,
0.000000 -1.053829 2.534767,
0.000000 -1.052551 2.532114,
0.200787 -1.052551 2.532114,
0.000000 -1.051143 2.529528,
0.200787 -1.051143 2.529528,
0.200787 -1.049608 2.527015,
0.000000 -1.049608 2.527015,
0.000000 -1.047949 2.524582,
0.200787 -1.047949 2.524582,
0.200787 -1.046171 2.522235,
0.000000 -1.046171 2.522235,
0.000000 -1.044278 2.519979,
0.200787 -1.044278 2.519979,
0.000000 -1.042276 2.517821,
0.200787 -1.042276 2.517821,
0.200787 -1.040168 2.515765,
0.000000 -1.040168 2.515765,
0.000000 -1.037960 2.513816,
0.200787 -1.037960 2.513816,
0.000000 -1.035658 2.511980,
0.200787 -1.035658 2.511980,
0.200787 -1.033267 2.510261,
0.000000 -1.033267 2.510261,
0.000000 -1.030793 2.508664,
0.200787 -1.030793 2.508664,
0.200787 -1.028243 2.507192,
0.000000 -1.028243 2.507192,
0.000000 -1.025623 2.505848,
0.200787 -1.025623 2.505848,
0.000000 -1.022939 2.504637,
0.200787 -1.022939 2.504637,
0.200787 -1.020198 2.503561,
0.000000 -1.020198 2.503561,
0.000000 -1.017407 2.502624,
0.200787 -1.017407 2.502624,
0.000000 -1.014572 2.501826,
0.200787 -1.014572 2.501826,
0.200787 -1.011702 2.501171,
0.000000 -1.011702 2.501171,
0.000000 -1.008802 2.500660,
0.200787 -1.008802 2.500660,
0.200787 -1.005880 2.500293,
0.000000 -1.005880 2.500293,
0.200787 -1.002944 2.500073,
0.000000 -1.002944 2.500073,
0.000000 -1.000000 2.500000,
0.200787 -1.000000 2.500000,
0.200787 -0.997056 2.500073,
0.000000 -0.997056 2.500073,
0.200787 -0.994120 2.500293,
0.000000 -0.994120 2.500293,
0.200787 -0.991198 2.500660,
0.000000 -0.991198 2.500660,
0.200787 -0.988298 2.501171,
0.000000 -0.988298 2.501171,
0.200787 -0.985428 2.501826,
0.000000 -0.985428 2.501826,
0.200787 -0.982593 2.502624,
0.000000 -0.982593 2.502624,
0.200787 -0.979802 2.503561,
0.000000 -0.979802 2.503561,
0.200787 -0.977061 2.504637,
0.000000 -0.977061 2.504637,
0.200787 -0.974377 2.505848,
0.000000 -0.974377 2.505848,
0.200787 -0.971757 2.507192,
0.000000 -0.971757 2.507192,
0.200787 -0.969207 2.508664,
0.000000 -0.969207 2.508664,
0.200787 -0.966733 2.510261,
0.000000 -0.966733 2.510261,
0.200787 -0.964342 2.511980,
0.000000 -0.964342 2.511980,
0.200787 -0.962040 2.513816,
0.000000 -0.962040 2.513816,
0.200787 -0.959832 2.515765,
0.000000 -0.959832 2.515765,
0.200787 -0.957724 2.517821,
0.000000 -0.957724 2.517821,
0.200787 -0.955722 2.519979,
0.000000 -0.955722 2.519979,
0.200787 -0.953829 2.522235,
0.000000 -0.953829 2.522235,
0.200787 -0.952051 2.524582,
0.000000 -0.952051 2.524582,
0.200787 -0.950392 2.527015,
0.000000 -0.950392 2.527015,
0.200787 -0.948857 2.529528,
0.000000 -0.948857 2.529528,
0.200787 -0.947449 2.532114,
0.000000 -0.947449 2.532114,
0.200787 -0.946171 2.534767,
0.000000 -0.946171 2.534767,
0.200787 -0.945027 2.537480,
0.000000 -0.945027 2.537480,
0.200787 -0.944020 2.540247,
0.000000 -0.944020 2.540247,
0.200787 -0.943152 2.543061,
0.000000 -0.943152 2.543061,
0.200787 -0.942426 2.545914,
0.000000 -0.942426 2.545914,
0.200787 -0.941842 2.548800,
0.000000 -0.941842 2.548800,
0.200787 -0.941403 2.551712,
0.000000 -0.941403 2.551712,
0.200787 -0.941110 2.554642,
0.000000 -0.941110 2.554642,
0.200787 -0.940963 2.557583,
0.000000 -0.940963 2.557583,
0.200787 -0.940963 2.560527,
0.000000 -0.940963 2.560527,
0.000000 -0.941110 2.563468,
0.200787 -0.941110 2.563468,
0.200787 -0.941403 2.566398,
0.000000 -0.941403 2.566398,
0.200787 -0.941842 2.569310,
0.000000 -0.941842 2.569310,
0.200787 -0.942426 2.572196,
0.000000 -0.942426 2.572196,
0.200787 -0.943152 2.575050,
0.000000 -0.943152 2.575050,
0.200787 -0.944020 2.577863,
0.000000 -0.944020 2.577863,
0.200787 -0.945027 2.580630,
0.000000 -0.945027 2.580630,
0.200787 -0.946171 2.583344,
0.000000 -0.946171 2.583344,
0.200787 -0.947449 2.585997,
0.000000 -0.947449 2.585997,
0.000000 -0.948857 2.588583,
0.200787 -0.948857 2.588583,
0.200787 -0.950392 2.591095,
0.000000 -0.950392 2.591095,
0.200787 -0.952051 2.593528,
0.000000 -0.952051 2.593528,
0.200787 -0.953829 2.595875,
0.000000 -0.953829 2.595875,
0.000000 -0.955722 2.598131,
0.200787 -0.955722 2.598131,
0.200787 -0.957724 2.600290,
0.000000 -0.957724 2.600290,
0.200787 -0.959832 2.602346,
0.000000 -0.959832 2.602346,
0.000000 -0.962040 2.604294,
0.200787 -0.962040 2.604294,
0.200787 -0.964342 2.606130,
0.000000 -0.964342 2.606130,
0.200787 -0.966733 2.607849,
0.000000 -0.966733 2.607849,
0.200787 -0.969207 2.609446,
0.000000 -0.969207 2.609446,
0.200787 -0.971757 2.610919,
0.000000 -0.971757 2.610919,
0.200787 -0.974377 2.612262,
0.000000 -0.974377 2.612262,
0.200787 -0.977061 2.613473,
0.000000 -0.977061 2.613473,
0.200787 -0.979802 2.614549,
0.000000 -0.979802 2.614549,
0.200787 -0.982593 2.615487,
0.000000 -0.982593 2.615487,
0.000000 -0.985428 2.616284,
0.200787 -0.985428 2.616284,
0.200787 -0.988298 2.616939,
0.000000 -0.988298 2.616939,
0.200787 -0.991198 2.617451,
0.000000 -0.991198 2.617451,
0.200787 -0.994120 2.617817,
0.000000 -0.994120 2.617817,
0.200787 -0.997056 2.618037,
0.000000 -0.997056 2.618037 ] } coordIndex [ 0 1 2 -1,
0 2 3 -1,
4 3 5 -1,
4 0 3 -1,
6 5 7 -1,
6 4 5 -1,
8 7 9 -1,
8 6 7 -1,
10 9 11 -1,
10 8 9 -1,
12 11 13 -1,
12 10 11 -1,
14 13 15 -1,
14 12 13 -1,
16 15 17 -1,
16 14 15 -1,
18 17 19 -1,
18 16 17 -1,
20 19 21 -1,
20 18 19 -1,
22 20 21 -1,
22 21 23 -1,
24 22 23 -1,
24 23 25 -1,
24 25 26 -1,
27 24 26 -1,
28 27 26 -1,
28 26 29 -1,
30 28 29 -1,
30 29 31 -1,
32 30 31 -1,
32 31 33 -1,
34 32 33 -1,
34 33 35 -1,
36 34 35 -1,
36 35 37 -1,
38 36 37 -1,
38 37 39 -1,
40 38 39 -1,
40 39 41 -1,
42 40 41 -1,
42 41 43 -1,
44 42 43 -1,
44 43 45 -1,
46 45 47 -1,
46 44 45 -1,
48 47 49 -1,
48 46 47 -1,
50 49 51 -1,
50 51 52 -1,
50 48 49 -1,
53 50 52 -1,
54 52 55 -1,
54 53 52 -1,
56 55 57 -1,
56 54 55 -1,
58 57 59 -1,
58 59 60 -1,
58 56 57 -1,
61 58 60 -1,
62 60 63 -1,
62 61 60 -1,
64 63 65 -1,
64 65 66 -1,
64 62 63 -1,
67 66 68 -1,
67 64 66 -1,
69 67 68 -1,
70 68 71 -1,
70 71 72 -1,
70 69 68 -1,
73 70 72 -1,
74 73 72 -1,
74 72 75 -1,
76 74 75 -1,
76 75 77 -1,
76 77 78 -1,
79 76 78 -1,
80 79 78 -1,
80 78 81 -1,
80 81 82 -1,
83 80 82 -1,
83 82 84 -1,
85 83 84 -1,
86 85 84 -1,
86 84 87 -1,
86 87 88 -1,
89 86 88 -1,
90 89 88 -1,
90 88 91 -1,
90 91 92 -1,
93 90 92 -1,
93 92 94 -1,
95 93 94 -1,
96 95 94 -1,
96 94 97 -1,
96 97 98 -1,
99 96 98 -1,
99 98 100 -1,
101 99 100 -1,
102 101 100 -1,
102 100 103 -1,
102 103 104 -1,
105 102 104 -1,
106 105 104 -1,
106 104 107 -1,
106 107 108 -1,
109 106 108 -1,
109 108 110 -1,
111 109 110 -1,
112 111 110 -1,
112 110 113 -1,
112 113 114 -1,
115 114 116 -1,
115 112 114 -1,
117 115 116 -1,
118 116 119 -1,
118 119 120 -1,
118 117 116 -1,
121 118 120 -1,
122 120 123 -1,
122 121 120 -1,
124 122 123 -1,
124 123 125 -1,
124 125 126 -1,
127 124 126 -1,
128 127 126 -1,
128 126 129 -1,
130 128 129 -1,
130 129 131 -1,
132 130 131 -1,
132 131 133 -1,
134 132 133 -1,
134 133 135 -1,
136 134 135 -1,
136 135 137 -1,
138 136 137 -1,
138 137 139 -1,
140 138 139 -1,
140 139 141 -1,
142 140 141 -1,
142 141 143 -1,
144 142 143 -1,
144 143 145 -1,
146 144 145 -1,
146 145 147 -1,
148 146 147 -1,
148 147 149 -1,
150 149 151 -1,
150 148 149 -1,
152 151 153 -1,
152 150 151 -1,
154 153 155 -1,
154 152 153 -1,
156 155 157 -1,
156 154 155 -1,
158 157 159 -1,
158 156 157 -1,
160 159 161 -1,
160 158 159 -1,
162 161 163 -1,
162 160 161 -1,
164 163 165 -1,
164 162 163 -1,
166 165 167 -1,
166 164 165 -1,
168 167 169 -1,
168 166 167 -1,
170 169 171 -1,
170 168 169 -1,
172 171 173 -1,
172 170 171 -1,
174 173 175 -1,
174 172 173 -1,
176 174 175 -1,
176 175 177 -1,
178 176 177 -1,
178 177 179 -1,
180 178 179 -1,
180 179 181 -1,
182 180 181 -1,
182 181 183 -1,
184 183 185 -1,
184 182 183 -1,
186 185 187 -1,
186 184 185 -1,
188 187 189 -1,
188 186 187 -1,
190 189 191 -1,
190 191 192 -1,
190 188 189 -1,
193 190 192 -1,
194 192 195 -1,
194 193 192 -1,
196 195 197 -1,
196 194 195 -1,
198 197 199 -1,
198 196 197 -1,
200 199 201 -1,
200 198 199 -1,
202 201 203 -1,
202 200 201 -1,
204 203 205 -1,
204 202 203 -1,
206 205 207 -1,
206 204 205 -1,
208 207 209 -1,
208 209 210 -1,
208 206 207 -1,
211 208 210 -1,
212 210 213 -1,
212 211 210 -1,
214 213 215 -1,
214 212 213 -1,
216 215 217 -1,
216 217 218 -1,
216 214 215 -1,
219 216 218 -1,
220 218 221 -1,
220 219 218 -1,
222 221 223 -1,
222 223 224 -1,
222 220 221 -1,
225 222 224 -1,
226 225 224 -1,
226 224 227 -1,
228 226 227 -1,
228 227 229 -1,
230 228 229 -1,
230 229 231 -1,
232 230 231 -1,
232 231 233 -1,
234 232 233 -1,
234 233 235 -1,
236 234 235 -1,
236 235 237 -1,
238 236 237 -1,
238 237 239 -1,
240 238 239 -1,
240 239 241 -1,
240 241 242 -1,
243 240 242 -1,
244 243 242 -1,
244 242 245 -1,
246 244 245 -1,
246 245 247 -1,
248 246 247 -1,
248 247 249 -1,
250 249 251 -1,
250 248 249 -1,
250 251 2 -1,
1 250 2 -1,
14 10 12 -1,
48 50 53 -1,
44 46 48 -1,
38 40 42 -1,
38 42 44 -1,
206 202 204 -1,
30 27 28 -1,
32 1 0 -1,
32 0 4 -1,
32 4 6 -1,
32 6 8 -1,
32 8 10 -1,
32 14 16 -1,
32 16 18 -1,
32 18 20 -1,
32 20 22 -1,
32 22 24 -1,
32 24 27 -1,
32 34 36 -1,
32 36 38 -1,
32 53 54 -1,
32 54 56 -1,
32 56 58 -1,
32 58 61 -1,
32 61 62 -1,
32 62 64 -1,
32 64 67 -1,
32 67 69 -1,
32 69 70 -1,
32 70 73 -1,
32 73 74 -1,
32 74 76 -1,
32 76 79 -1,
32 79 80 -1,
32 80 83 -1,
32 83 85 -1,
32 95 96 -1,
32 96 99 -1,
32 99 101 -1,
32 101 102 -1,
32 102 105 -1,
32 105 106 -1,
32 106 109 -1,
32 109 111 -1,
32 111 112 -1,
32 112 115 -1,
32 115 117 -1,
32 117 118 -1,
32 118 121 -1,
32 121 122 -1,
32 122 124 -1,
32 124 127 -1,
32 127 128 -1,
32 128 130 -1,
32 130 132 -1,
32 132 134 -1,
32 134 136 -1,
32 136 138 -1,
32 138 140 -1,
32 140 142 -1,
32 142 144 -1,
32 144 146 -1,
32 146 148 -1,
32 148 150 -1,
32 150 152 -1,
32 152 154 -1,
32 154 156 -1,
32 156 158 -1,
32 158 160 -1,
32 160 162 -1,
32 162 164 -1,
32 164 166 -1,
32 166 168 -1,
32 168 170 -1,
32 170 172 -1,
32 172 174 -1,
32 174 176 -1,
32 176 178 -1,
32 178 180 -1,
32 180 182 -1,
32 182 184 -1,
32 184 186 -1,
32 186 188 -1,
32 188 190 -1,
32 190 193 -1,
32 193 194 -1,
32 194 196 -1,
32 196 198 -1,
32 198 200 -1,
32 200 202 -1,
32 206 208 -1,
32 208 211 -1,
32 211 212 -1,
32 212 214 -1,
32 214 216 -1,
32 216 219 -1,
32 219 220 -1,
32 220 222 -1,
32 222 225 -1,
32 232 234 -1,
32 234 236 -1,
32 202 206 -1,
32 90 95 -1,
32 240 246 -1,
32 225 228 -1,
32 228 232 -1,
32 236 240 -1,
32 85 90 -1,
32 27 30 -1,
32 44 48 -1,
32 246 1 -1,
32 10 14 -1,
32 48 53 -1,
32 38 44 -1,
90 93 95 -1,
228 225 226 -1,
85 86 89 -1,
85 89 90 -1,
232 228 230 -1,
240 236 238 -1,
246 240 243 -1,
246 243 244 -1,
1 246 248 -1,
1 248 250 -1,
11 15 13 -1,
51 49 52 -1,
47 45 49 -1,
41 39 43 -1,
43 39 45 -1,
203 207 205 -1,
26 31 29 -1,
2 33 3 -1,
3 33 5 -1,
5 33 7 -1,
7 33 9 -1,
9 33 11 -1,
15 33 17 -1,
17 33 19 -1,
19 33 21 -1,
21 33 23 -1,
23 33 25 -1,
25 33 26 -1,
35 33 37 -1,
37 33 39 -1,
52 33 55 -1,
55 33 57 -1,
57 33 59 -1,
59 33 60 -1,
60 33 63 -1,
63 33 65 -1,
65 33 66 -1,
66 33 68 -1,
68 33 71 -1,
71 33 72 -1,
72 33 75 -1,
75 33 77 -1,
77 33 78 -1,
78 33 81 -1,
81 33 82 -1,
82 33 84 -1,
94 33 97 -1,
97 33 98 -1,
98 33 100 -1,
100 33 103 -1,
103 33 104 -1,
104 33 107 -1,
107 33 108 -1,
108 33 110 -1,
110 33 113 -1,
113 33 114 -1,
114 33 116 -1,
116 33 119 -1,
119 33 120 -1,
120 33 123 -1,
123 33 125 -1,
125 33 126 -1,
126 33 129 -1,
129 33 131 -1,
131 33 133 -1,
133 33 135 -1,
135 33 137 -1,
137 33 139 -1,
139 33 141 -1,
141 33 143 -1,
143 33 145 -1,
145 33 147 -1,
147 33 149 -1,
149 33 151 -1,
151 33 153 -1,
153 33 155 -1,
155 33 157 -1,
157 33 159 -1,
159 33 161 -1,
161 33 163 -1,
163 33 165 -1,
165 33 167 -1,
167 33 169 -1,
169 33 171 -1,
171 33 173 -1,
173 33 175 -1,
175 33 177 -1,
177 33 179 -1,
179 33 181 -1,
181 33 183 -1,
183 33 185 -1,
185 33 187 -1,
187 33 189 -1,
189 33 191 -1,
191 33 192 -1,
192 33 195 -1,
195 33 197 -1,
197 33 199 -1,
199 33 201 -1,
201 33 203 -1,
207 33 209 -1,
209 33 210 -1,
210 33 213 -1,
213 33 215 -1,
215 33 217 -1,
217 33 218 -1,
218 33 221 -1,
221 33 223 -1,
223 33 224 -1,
233 33 235 -1,
235 33 237 -1,
203 33 207 -1,
91 33 94 -1,
241 33 247 -1,
224 33 229 -1,
229 33 233 -1,
237 33 241 -1,
84 33 91 -1,
26 33 31 -1,
45 33 49 -1,
247 33 2 -1,
11 33 15 -1,
49 33 52 -1,
39 33 45 -1,
92 91 94 -1,
224 229 227 -1,
87 84 88 -1,
88 84 91 -1,
229 233 231 -1,
237 241 239 -1,
241 247 242 -1,
242 247 245 -1,
247 2 249 -1,
249 2 251 -1 ] } }
Shape { appearance Appearance { material Material { diffuseColor 0.7 0.72 0.74 } } geometry IndexedFaceSet { solid FALSE coord Coordinate { point [ -0.098425 -2.059055 -0.984252,
-0.098425 -2.059055 0.000000,
-0.098425 -1.940945 -0.984252,
-0.098425 -1.940945 0.000000,
0.098425 -2.059055 0.000000,
0.098425 -2.059055 -0.984252,
0.098425 -1.940945 -0.984252,
0.098425 -1.940945 0.000000 ] } coordIndex [ 0 1 2 -1,
2 1 3 -1,
4 5 6 -1,
4 6 7 -1,
5 4 0 -1,
0 4 1 -1,
7 6 2 -1,
7 2 3 -1,
2 6 0 -1,
0 6 5 -1,
7 3 1 -1,
7 1 4 -1 ] } }
Shape { appearance Appearance { material Material { diffuseColor 0.7 0.72 0.74 } } geometry IndexedFaceSet { solid FALSE coord Coordinate { point [ -0.098425 -2.059055 1.181102,
-0.098425 -2.059055 2.559055,
-0.098425 -1.940945 1.181102,
-0.098425 -1.940945 2.559055,
0.098425 -2.059055 2.559055,
0.098425 -2.059055 1.181102,
0.098425 -1.940945 1.181102,
0.098425 -1.940945 2.559055 ] } coordIndex [ 0 1 2 -1,
2 1 3 -1,
4 5 6 -1,
4 6 7 -1,
5 4 0 -1,
0 4 1 -1,
7 6 2 -1,
7 2 3 -1,
2 6 0 -1,
0 6 5 -1,
7 3 1 -1,
7 1 4 -1 ] } }
Shape { appearance Appearance { material Material { diffuseColor 0.7 0.72 0.74 } } geometry IndexedFaceSet { solid FALSE coord Coordinate { point [ 0.200787 -2.002944 2.618037,
0.200787 -2.000000 2.618110,
0.000000 -2.000000 2.618110,
0.000000 -2.002944 2.618037,
0.200787 -2.005880 2.617817,
0.000000 -2.005880 2.617817,
0.200787 -2.008802 2.617451,
0.000000 -2.008802 2.617451,
0.200787 -2.011702 2.616939,
0.000000 -2.011702 2.616939,
0.200787 -2.014572 2.616284,
0.000000 -2.014572 2.616284,
0.200787 -2.017407 2.615487,
0.000000 -2.017407 2.615487,
0.200787 -2.020198 2.614549,
0.000000 -2.020198 2.614549,
0.200787 -2.022939 2.613473,
0.000000 -2.022939 2.613473,
0.200787 -2.025623 2.612262,
0.000000 -2.025623 2.612262,
0.200787 -2.028243 2.610919,
0.000000 -2.028243 2.610919,
0.200787 -2.030793 2.609446,
0.000000 -2.030793 2.609446,
0.200787 -2.033267 2.607849,
0.000000 -2.033267 2.607849,
0.000000 -2.035658 2.606130,
0.200787 -2.035658 2.606130,
0.200787 -2.037960 2.604294,
0.000000 -2.037960 2.604294,
0.200787 -2.040168 2.602346,
0.000000 -2.040168 2.602346,
0.200787 -2.042276 2.600290,
0.000000 -2.042276 2.600290,
0.200787 -2.044278 2.598131,
0.000000 -2.044278 2.598131,
0.200787 -2.046171 2.595875,
0.000000 -2.046171 2.595875,
0.200787 -2.047949 2.593528,
0.000000 -2.047949 2.593528,
0.200787 -2.049608 2.591095,
0.000000 -2.049608 2.591095,
0.200787 -2.051143 2.588583,
0.000000 -2.051143 2.588583,
0.200787 -2.052551 2.585997,
0.000000 -2.052551 2.585997,
0.200787 -2.053829 2.583344,
0.000000 -2.053829 2.583344,
0.200787 -2.054973 2.580630,
0.000000 -2.054973 2.580630,
0.200787 -2.055980 2.577863,
0.000000 -2.055980 2.577863,
0.000000 -2.056848 2.575050,
0.200787 -2.056848 2.575050,
0.200787 -2.057574 2.572196,
0.000000 -2.057574 2.572196,
0.200787 -2.058158 2.569310,
0.000000 -2.058158 2.569310,
0.200787 -2.058597 2.566398,
0.000000 -2.058597 2.566398,
0.000000 -2.058890 2.563468,
0.200787 -2.058890 2.563468,
0.200787 -2.059037 2.560527,
0.000000 -2.059037 2.560527,
0.200787 -2.059037 2.557583,
0.000000 -2.059037 2.557583,
0.000000 -2.058890 2.554642,
0.200787 -2.058890 2.554642,
0.000000 -2.058597 2.551712,
0.200787 -2.058597 2.551712,
0.200787 -2.058158 2.548800,
0.000000 -2.058158 2.548800,
0.000000 -2.057574 2.545914,
0.200787 -2.057574 2.545914,
0.200787 -2.056848 2.543061,
0.000000 -2.056848 2.543061,
0.200787 -2.055980 2.540247,
0.000000 -2.055980 2.540247,
0.000000 -2.054973 2.537480,
0.200787 -2.054973 2.537480,
0.200787 -2.053829 2.534767,
0.000000 -2.053829 2.534767,
0.000000 -2.052551 2.532114,
0.200787 -2.052551 2.532114,
0.000000 -2.051143 2.529528,
0.200787 -2.051143 2.529528,
0.200787 -2.049608 2.527015,
0.000000 -2.049608 2.527015,
0.000000 -2.047949 2.524582,
0.200787 -2.047949 2.524582,
0.200787 -2.046171 2.522235,
0.000000 -2.046171 2.522235,
0.000000 -2.044278 2.519979,
0.200787 -2.044278 2.519979,
0.000000 -2.042276 2.517821,
0.200787 -2.042276 2.517821,
0.200787 -2.040168 2.515765,
0.000000 -2.040168 2.515765,
0.000000 -2.037960 2.513816,
0.200787 -2.037960 2.513816,
0.000000 -2.035658 2.511980,
0.200787 -2.035658 2.511980,
0.200787 -2.033267 2.510261,
0.000000 -2.033267 2.510261,
0.000000 -2.030793 2.508664,
0.200787 -2.030793 2.508664,
0.200787 -2.028243 2.507192,
0.000000 -2.028243 2.507192,
0.000000 -2.025623 2.505848,
0.200787 -2.025623 2.505848,
0.000000 -2.022939 2.504637,
0.200787 -2.022939 2.504637,
0.200787 -2.020198 2.503561,
0.000000 -2.020198 2.503561,
0.000000 -2.017407 2.502624,
0.200787 -2.017407 2.502624,
0.000000 -2.014572 2.501826,
0.200787 -2.014572 2.501826,
0.200787 -2.011702 2.501171,
0.000000 -2.011702 2.501171,
0.000000 -2.008802 2.500660,
0.200787 -2.008802 2.500660,
0.200787 -2.005880 2.500293,
0.000000 -2.005880 2.500293,
0.200787 -2.002944 2.500073,
0.000000 -2.002944 2.500073,
0.000000 -2.000000 2.500000,
0.200787 -2.000000 2.500000,
0.200787 -1.997056 2.500073,
0.000000 -1.997056 2.500073,
0.200787 -1.994120 2.500293,
0.000000 -1.994120 2.500293,
0.200787 -1.991198 2.500660,
0.000000 -1.991198 2.500660,
0.200787 -1.988298 2.501171,
0.000000 -1.988298 2.501171,
0.200787 -1.985428 2.501826,
0.000000 -1.985428 2.501826,
0.200787 -1.982593 2.502624,
0.000000 -1.982593 2.502624,
0.200787 -1.979802 2.503561,
0.000000 -1.979802 2.503561,
0.200787 -1.977061 2.504637,
0.000000 -1.977061 2.504637,
0.200787 -1.974377 2.505848,
0.000000 -1.974377 2.505848,
0.200787 -1.971757 2.507192,
0.000000 -1.971757 2.507192,
0.200787 -1.969207 2.508664,
0.000000 -1.969207 2.508664,
0.200787 -1.966733 2.510261,
0.000000 -1.966733 2.510261,
0.200787 -1.964342 2.511980,
0.000000 -1.964342 2.511980,
0.200787 -1.962040 2.513816,
0.000000 -1.962040 2.513816,
0.200787 -1.959832 2.515765,
0.000000 -1.959832 2.515765,
0.200787 -1.957724 2.517821,
0.000000 -1.957724 2.517821,
0.200787 -1.955722 2.519979,
0.000000 -1.955722 2.519979,
0.200787 -1.953829 2.522235,
0.000000 -1.953829 2.522235,
0.200787 -1.952051 2.524582,
0.000000 -1.952051 2.524582,
0.200787 -1.950392 2.527015,
0.000000 -1.950392 2.527015,
0.200787 -1.948857 2.529528,
0.000000 -1.948857 2.529528,
0.200787 -1.947449 2.532114,
0.000000 -1.947449 2.532114,
0.200787 -1.946171 2.534767,
0.000000 -1.946171 2.534767,
0.200787 -1.945027 2.537480,
0.000000 -1.945027 2.537480,
0.200787 -1.944020 2.540247,
0.000000 -1.944020 2.540247,
0.200787 -1.943152 2.543061,
0.000000 -1.943152 2.543061,
0.200787 -1.942426 2.545914,
0.000000 -1.942426 2.545914,
0.200787 -1.941842 2.548800,
0.000000 -1.941842 2.548800,
0.200787 -1.941403 2.551712,
0.000000 -1.941403 2.551712,
0.200787 -1.941110 2.554642,
0.000000 -1.941110 2.554642,
0.200787 -1.940963 2.557583,
0.000000 -1.940963 2.557583,
0.200787 -1.940963 2.560527,
0.000000 -1.940963 2.560527,
0.000000 -1.941110 2.563468,
0.200787 -1.941110 2.563468,
0.200787 -1.941403 2.566398,
0.000000 -1.941403 2.566398,
0.200787 -1.941842 2.569310,
0.000000 -1.941842 2.569310,
0.200787 -1.942426 2.572196,
0.000000 -1.942426 2.572196,
0.200787 -1.943152 2.575050,
0.000000 -1.943152 2.575050,
0.200787 -1.944020 2.577863,
0.000000 -1.944020 2.577863,
0.200787 -1.945027 2.580630,
0.000000 -1.945027 2.580630,
0.200787 -1.946171 2.583344,
0.000000 -1.946171 2.583344,
0.200787 -1.947449 2.585997,
0.000000 -1.947449 2.585997,
0.000000 -1.948857 2.588583,
0.200787 -1.948857 2.588583,
0.200787 -1.950392 2.591095,
0.000000 -1.950392 2.591095,
0.200787 -1.952051 2.593528,
0.000000 -1.952051 2.593528,
0.200787 -1.953829 2.595875,
0.000000 -1.953829 2.595875,
0.000000 -1.955722 2.598131,
0.200787 -1.955722 2.598131,
0.200787 -1.957724 2.600290,
0.000000 -1.957724 2.600290,
0.200787 -1.959832 2.602346,
0.000000 -1.959832 2.602346,
0.000000 -1.962040 2.604294,
0.200787 -1.962040 2.604294,
0.200787 -1.964342 2.606130,
0.000000 -1.964342 2.606130,
0.200787 -1.966733 2.607849,
0.000000 -1.966733 2.607849,
0.200787 -1.969207 2.609446,
0.000000 -1.969207 2.609446,
0.200787 -1.971757 2.610919,
0.000000 -1.971757 2.610919,
0.200787 -1.974377 2.612262,
0.000000 -1.974377 2.612262,
0.200787 -1.977061 2.613473,
0.000000 -1.977061 2.613473,
0.200787 -1.979802 2.614549,
0.000000 -1.979802 2.614549,
0.200787 -1.982593 2.615487,
0.000000 -1.982593 2.615487,
0.000000 -1.985428 2.616284,
0.200787 -1.985428 2.616284,
0.200787 -1.988298 2.616939,
0.000000 -1.988298 2.616939,
0.200787 -1.991198 2.617451,
0.000000 -1.991198 2.617451,
0.200787 -1.994120 2.617817,
0.000000 -1.994120 2.617817,
0.200787 -1.997056 2.618037,
0.000000 -1.997056 2.618037 ] } coordIndex [ 0 1 2 -1,
0 2 3 -1,
4 3 5 -1,
4 0 3 -1,
6 5 7 -1,
6 4 5 -1,
8 7 9 -1,
8 6 7 -1,
10 9 11 -1,
10 8 9 -1,
12 11 13 -1,
12 10 11 -1,
14 13 15 -1,
14 12 13 -1,
16 15 17 -1,
16 14 15 -1,
18 17 19 -1,
18 16 17 -1,
20 19 21 -1,
20 18 19 -1,
22 20 21 -1,
22 21 23 -1,
24 22 23 -1,
24 23 25 -1,
24 25 26 -1,
27 24 26 -1,
28 27 26 -1,
28 26 29 -1,
30 28 29 -1,
30 29 31 -1,
32 30 31 -1,
32 31 33 -1,
34 32 33 -1,
34 33 35 -1,
36 34 35 -1,
36 35 37 -1,
38 36 37 -1,
38 37 39 -1,
40 38 39 -1,
40 39 41 -1,
42 40 41 -1,
42 41 43 -1,
44 42 43 -1,
44 43 45 -1,
46 45 47 -1,
46 44 45 -1,
48 47 49 -1,
48 46 47 -1,
50 49 51 -1,
50 51 52 -1,
50 48 49 -1,
53 50 52 -1,
54 52 55 -1,
54 53 52 -1,
56 55 57 -1,
56 54 55 -1,
58 57 59 -1,
58 59 60 -1,
58 56 57 -1,
61 58 60 -1,
62 60 63 -1,
62 61 60 -1,
64 63 65 -1,
64 65 66 -1,
64 62 63 -1,
67 66 68 -1,
67 64 66 -1,
69 67 68 -1,
70 68 71 -1,
70 71 72 -1,
70 69 68 -1,
73 70 72 -1,
74 73 72 -1,
74 72 75 -1,
76 74 75 -1,
76 75 77 -1,
76 77 78 -1,
79 76 78 -1,
80 79 78 -1,
80 78 81 -1,
80 81 82 -1,
83 80 82 -1,
83 82 84 -1,
85 83 84 -1,
86 85 84 -1,
86 84 87 -1,
86 87 88 -1,
89 86 88 -1,
90 89 88 -1,
90 88 91 -1,
90 91 92 -1,
93 90 92 -1,
93 92 94 -1,
95 93 94 -1,
96 95 94 -1,
96 94 97 -1,
96 97 98 -1,
99 96 98 -1,
99 98 100 -1,
101 99 100 -1,
102 101 100 -1,
102 100 103 -1,
102 103 104 -1,
105 102 104 -1,
106 105 104 -1,
106 104 107 -1,
106 107 108 -1,
109 106 108 -1,
109 108 110 -1,
111 109 110 -1,
112 111 110 -1,
112 110 113 -1,
112 113 114 -1,
115 114 116 -1,
115 112 114 -1,
117 115 116 -1,
118 116 119 -1,
118 119 120 -1,
118 117 116 -1,
121 118 120 -1,
122 120 123 -1,
122 121 120 -1,
124 122 123 -1,
124 123 125 -1,
124 125 126 -1,
127 124 126 -1,
128 127 126 -1,
128 126 129 -1,
130 128 129 -1,
130 129 131 -1,
132 130 131 -1,
132 131 133 -1,
134 132 133 -1,
134 133 135 -1,
136 134 135 -1,
136 135 137 -1,
138 136 137 -1,
138 137 139 -1,
140 138 139 -1,
140 139 141 -1,
142 140 141 -1,
142 141 143 -1,
144 142 143 -1,
144 143 145 -1,
146 144 145 -1,
146 145 147 -1,
148 146 147 -1,
148 147 149 -1,
150 149 151 -1,
150 148 149 -1,
152 151 153 -1,
152 150 151 -1,
154 153 155 -1,
154 152 153 -1,
156 155 157 -1,
156 154 155 -1,
158 157 159 -1,
158 156 157 -1,
160 159 161 -1,
160 158 159 -1,
162 161 163 -1,
162 160 161 -1,
164 163 165 -1,
164 162 163 -1,
166 165 167 -1,
166 164 165 -1,
168 167 169 -1,
168 166 167 -1,
170 169 171 -1,
170 168 169 -1,
172 171 173 -1,
172 170 171 -1,
174 173 175 -1,
174 172 173 -1,
176 174 175 -1,
176 175 177 -1,
178 176 177 -1,
178 177 179 -1,
180 178 179 -1,
180 179 181 -1,
182 180 181 -1,
182 181 183 -1,
184 183 185 -1,
184 182 183 -1,
186 185 187 -1,
186 184 185 -1,
188 187 189 -1,
188 186 187 -1,
190 189 191 -1,
190 191 192 -1,
190 188 189 -1,
193 190 192 -1,
194 192 195 -1,
194 193 192 -1,
196 195 197 -1,
196 194 195 -1,
198 197 199 -1,
198 196 197 -1,
200 199 201 -1,
200 198 199 -1,
202 201 203 -1,
202 200 201 -1,
204 203 205 -1,
204 202 203 -1,
206 205 207 -1,
206 204 205 -1,
208 207 209 -1,
208 209 210 -1,
208 206 207 -1,
211 208 210 -1,
212 210 213 -1,
212 211 210 -1,
214 213 215 -1,
214 212 213 -1,
216 215 217 -1,
216 217 218 -1,
216 214 215 -1,
219 216 218 -1,
220 218 221 -1,
220 219 218 -1,
222 221 223 -1,
222 223 224 -1,
222 220 221 -1,
225 222 224 -1,
226 225 224 -1,
226 224 227 -1,
228 226 227 -1,
228 227 229 -1,
230 228 229 -1,
230 229 231 -1,
232 230 231 -1,
232 231 233 -1,
234 232 233 -1,
234 233 235 -1,
236 234 235 -1,
236 235 237 -1,
238 236 237 -1,
238 237 239 -1,
240 238 239 -1,
240 239 241 -1,
240 241 242 -1,
243 240 242 -1,
244 243 242 -1,
244 242 245 -1,
246 244 245 -1,
246 245 247 -1,
248 246 247 -1,
248 247 249 -1,
250 249 251 -1,
250 248 249 -1,
250 251 2 -1,
1 250 2 -1,
206 202 204 -1,
106 109 111 -1,
211 206 208 -1,
212 206 211 -1,
101 102 105 -1,
216 212 214 -1,
222 219 220 -1,
226 222 225 -1,
228 222 226 -1,
232 228 230 -1,
83 85 86 -1,
236 232 234 -1,
240 236 238 -1,
243 236 240 -1,
244 236 243 -1,
10 6 8 -1,
14 10 12 -1,
20 16 18 -1,
40 42 44 -1,
40 44 46 -1,
40 46 48 -1,
27 20 22 -1,
27 22 24 -1,
34 36 38 -1,
32 200 202 -1,
32 1 0 -1,
32 0 4 -1,
32 4 6 -1,
32 236 244 -1,
32 202 206 -1,
32 14 16 -1,
32 216 219 -1,
32 27 28 -1,
32 212 216 -1,
32 28 30 -1,
32 10 14 -1,
32 206 212 -1,
32 38 40 -1,
32 244 246 -1,
32 246 248 -1,
32 248 250 -1,
32 34 38 -1,
32 250 1 -1,
32 48 50 -1,
32 50 53 -1,
32 53 54 -1,
32 54 56 -1,
32 56 58 -1,
32 58 61 -1,
32 61 62 -1,
32 40 48 -1,
32 62 64 -1,
32 64 67 -1,
32 67 69 -1,
32 228 232 -1,
32 69 70 -1,
32 70 73 -1,
32 73 74 -1,
32 74 76 -1,
32 101 105 -1,
32 76 79 -1,
32 79 80 -1,
32 80 83 -1,
32 86 89 -1,
32 89 90 -1,
32 90 93 -1,
32 93 95 -1,
32 95 96 -1,
32 96 99 -1,
32 99 101 -1,
32 105 106 -1,
32 16 20 -1,
32 219 222 -1,
32 111 112 -1,
32 112 115 -1,
32 115 117 -1,
32 117 118 -1,
32 118 121 -1,
32 121 122 -1,
32 222 228 -1,
32 122 124 -1,
32 124 127 -1,
32 127 128 -1,
32 128 130 -1,
32 130 132 -1,
32 132 134 -1,
32 106 111 -1,
32 134 136 -1,
32 136 138 -1,
32 138 140 -1,
32 83 86 -1,
32 140 142 -1,
32 142 144 -1,
32 144 146 -1,
32 146 148 -1,
32 148 150 -1,
32 150 152 -1,
32 232 236 -1,
32 152 154 -1,
32 154 156 -1,
32 156 158 -1,
32 158 160 -1,
32 160 162 -1,
32 162 164 -1,
32 164 166 -1,
32 166 168 -1,
32 168 170 -1,
32 170 172 -1,
32 172 174 -1,
32 174 176 -1,
32 176 178 -1,
32 178 180 -1,
32 180 182 -1,
32 182 184 -1,
32 184 186 -1,
32 186 188 -1,
32 188 190 -1,
32 190 193 -1,
32 193 194 -1,
32 6 10 -1,
32 194 196 -1,
32 20 27 -1,
32 196 198 -1,
32 198 200 -1,
203 207 205 -1,
108 107 110 -1,
207 210 209 -1,
207 213 210 -1,
103 100 104 -1,
213 217 215 -1,
218 223 221 -1,
223 227 224 -1,
223 229 227 -1,
229 233 231 -1,
84 82 87 -1,
233 237 235 -1,
237 241 239 -1,
237 242 241 -1,
237 245 242 -1,
7 11 9 -1,
11 15 13 -1,
17 21 19 -1,
43 41 45 -1,
45 41 47 -1,
47 41 49 -1,
21 26 23 -1,
23 26 25 -1,
37 35 39 -1,
201 33 203 -1,
2 33 3 -1,
3 33 5 -1,
5 33 7 -1,
237 33 245 -1,
203 33 207 -1,
15 33 17 -1,
217 33 218 -1,
26 33 29 -1,
213 33 217 -1,
29 33 31 -1,
11 33 15 -1,
207 33 213 -1,
39 33 41 -1,
245 33 247 -1,
247 33 249 -1,
249 33 251 -1,
35 33 39 -1,
251 33 2 -1,
49 33 51 -1,
51 33 52 -1,
52 33 55 -1,
55 33 57 -1,
57 33 59 -1,
59 33 60 -1,
60 33 63 -1,
41 33 49 -1,
63 33 65 -1,
65 33 66 -1,
66 33 68 -1,
229 33 233 -1,
68 33 71 -1,
71 33 72 -1,
72 33 75 -1,
75 33 77 -1,
100 33 104 -1,
77 33 78 -1,
78 33 81 -1,
81 33 82 -1,
87 33 88 -1,
88 33 91 -1,
91 33 92 -1,
92 33 94 -1,
94 33 97 -1,
97 33 98 -1,
98 33 100 -1,
104 33 107 -1,
17 33 21 -1,
218 33 223 -1,
110 33 113 -1,
113 33 114 -1,
114 33 116 -1,
116 33 119 -1,
119 33 120 -1,
120 33 123 -1,
223 33 229 -1,
123 33 125 -1,
125 33 126 -1,
126 33 129 -1,
129 33 131 -1,
131 33 133 -1,
133 33 135 -1,
107 33 110 -1,
135 33 137 -1,
137 33 139 -1,
139 33 141 -1,
82 33 87 -1,
141 33 143 -1,
143 33 145 -1,
145 33 147 -1,
147 33 149 -1,
149 33 151 -1,
151 33 153 -1,
233 33 237 -1,
153 33 155 -1,
155 33 157 -1,
157 33 159 -1,
159 33 161 -1,
161 33 163 -1,
163 33 165 -1,
165 33 167 -1,
167 33 169 -1,
169 33 171 -1,
171 33 173 -1,
173 33 175 -1,
175 33 177 -1,
177 33 179 -1,
179 33 181 -1,
181 33 183 -1,
183 33 185 -1,
185 33 187 -1,
187 33 189 -1,
189 33 191 -1,
191 33 192 -1,
192 33 195 -1,
7 33 11 -1,
195 33 197 -1,
21 33 26 -1,
197 33 199 -1,
199 33 201 -1 ] } }
Shape { appearance Appearance { material Material { diffuseColor 0.7 0.72 0.74 } } geometry IndexedFaceSet { solid FALSE coord Coordinate { point [ -0.098425 -3.059055 -0.984252,
-0.098425 -3.059055 0.000000,
-0.098425 -2.940945 -0.984252,
-0.098425 -2.940945 0.000000,
0.098425 -3.059055 0.000000,
0.098425 -3.059055 -0.984252,
0.098425 -2.940945 -0.984252,
0.098425 -2.940945 0.000000 ] } coordIndex [ 0 1 2 -1,
2 1 3 -1,
4 5 6 -1,
4 6 7 -1,
5 4 0 -1,
0 4 1 -1,
7 6 2 -1,
7 2 3 -1,
2 6 0 -1,
0 6 5 -1,
7 3 1 -1,
7 1 4 -1 ] } }
Shape { appearance Appearance { material Material { diffuseColor 0.7 0.72 0.74 } } geometry IndexedFaceSet { solid FALSE coord Coordinate { point [ -0.098425 -3.059055 1.181102,
-0.098425 -3.059055 2.559055,
-0.098425 -2.940945 1.181102,
-0.098425 -2.940945 2.559055,
0.098425 -3.059055 2.559055,
0.098425 -3.059055 1.181102,
0.098425 -2.940945 1.181102,
0.098425 -2.940945 2.559055 ] } coordIndex [ 0 1 2 -1,
2 1 3 -1,
4 5 6 -1,
4 6 7 -1,
5 4 0 -1,
0 4 1 -1,
7 6 2 -1,
7 2 3 -1,
2 6 0 -1,
0 6 5 -1,
7 3 1 -1,
7 1 4 -1 ] } }
Shape { appearance Appearance { material Material { diffuseColor 0.7 0.72 0.74 } } geometry IndexedFaceSet { solid FALSE coord Coordinate { point [ 0.200787 -3.002944 2.618037,
0.200787 -3.000000 2.618110,
0.000000 -3.000000 2.618110,
0.000000 -3.002944 2.618037,
0.200787 -3.005880 2.617817,
0.000000 -3.005880 2.617817,
0.200787 -3.008802 2.617451,
0.000000 -3.008802 2.617451,
0.200787 -3.011702 2.616939,
0.000000 -3.011702 2.616939,
0.200787 -3.014572 2.616284,
0.000000 -3.014572 2.616284,
0.200787 -3.017407 2.615487,
0.000000 -3.017407 2.615487,
0.200787 -3.020198 2.614549,
0.000000 -3.020198 2.614549,
0.200787 -3.022939 2.613473,
0.000000 -3.022939 2.613473,
0.200787 -3.025623 2.612262,
0.000000 -3.025623 2.612262,
0.200787 -3.028243 2.610919,
0.000000 -3.028243 2.610919,
0.200787 -3.030793 2.609446,
0.000000 -3.030793 2.609446,
0.200787 -3.033267 2.607849,
0.000000 -3.033267 2.607849,
0.000000 -3.035658 2.606130,
0.200787 -3.035658 2.606130,
0.200787 -3.037960 2.604294,
0.000000 -3.037960 2.604294,
0.200787 -3.040168 2.602346,
0.000000 -3.040168 2.602346,
0.200787 -3.042276 2.600290,
0.000000 -3.042276 2.600290,
0.200787 -3.044278 2.598131,
0.000000 -3.044278 2.598131,
0.200787 -3.046171 2.595875,
0.000000 -3.046171 2.595875,
0.200787 -3.047949 2.593528,
0.000000 -3.047949 2.593528,
0.200787 -3.049608 2.591095,
0.000000 -3.049608 2.591095,
0.200787 -3.051143 2.588583,
0.000000 -3.051143 2.588583,
0.200787 -3.052551 2.585997,
0.000000 -3.052551 2.585997,
0.200787 -3.053829 2.583344,
0.000000 -3.053829 2.583344,
0.200787 -3.054973 2.580630,
0.000000 -3.054973 2.580630,
0.200787 -3.055980 2.577863,
0.000000 -3.055980 2.577863,
0.000000 -3.056848 2.575050,
0.200787 -3.056848 2.575050,
0.200787 -3.057574 2.572196,
0.000000 -3.057574 2.572196,
0.200787 -3.058158 2.569310,
0.000000 -3.058158 2.569310,
0.200787 -3.058597 2.566398,
0.000000 -3.058597 2.566398,
0.000000 -3.058890 2.563468,
0.200787 -3.058890 2.563468,
0.200787 -3.059037 2.560527,
0.000000 -3.059037 2.560527,
0.200787 -3.059037 2.557583,
0.000000 -3.059037 2.557583,
0.000000 -3.058890 2.554642,
0.200787 -3.058890 2.554642,
0.000000 -3.058597 2.551712,
0.200787 -3.058597 2.551712,
0.200787 -3.058158 2.548800,
0.000000 -3.058158 2.548800,
0.000000 -3.057574 2.545914,
0.200787 -3.057574 2.545914,
0.200787 -3.056848 2.543061,
0.000000 -3.056848 2.543061,
0.200787 -3.055980 2.540247,
0.000000 -3.055980 2.540247,
0.000000 -3.054973 2.537480,
0.200787 -3.054973 2.537480,
0.200787 -3.053829 2.534767,
0.000000 -3.053829 2.534767,
0.000000 -3.052551 2.532114,
0.200787 -3.052551 2.532114,
0.000000 -3.051143 2.529528,
0.200787 -3.051143 2.529528,
0.200787 -3.049608 2.527015,
0.000000 -3.049608 2.527015,
0.000000 -3.047949 2.524582,
0.200787 -3.047949 2.524582,
0.200787 -3.046171 2.522235,
0.000000 -3.046171 2.522235,
0.000000 -3.044278 2.519979,
0.200787 -3.044278 2.519979,
0.000000 -3.042276 2.517821,
0.200787 -3.042276 2.517821,
0.200787 -3.040168 2.515765,
0.000000 -3.040168 2.515765,
0.000000 -3.037960 2.513816,
0.200787 -3.037960 2.513816,
0.000000 -3.035658 2.511980,
0.200787 -3.035658 2.511980,
0.200787 -3.033267 2.510261,
0.000000 -3.033267 2.510261,
0.000000 -3.030793 2.508664,
0.200787 -3.030793 2.508664,
0.200787 -3.028243 2.507192,
0.000000 -3.028243 2.507192,
0.000000 -3.025623 2.505848,
0.200787 -3.025623 2.505848,
0.000000 -3.022939 2.504637,
0.200787 -3.022939 2.504637,
0.200787 -3.020198 2.503561,
0.000000 -3.020198 2.503561,
0.000000 -3.017407 2.502624,
0.200787 -3.017407 2.502624,
0.000000 -3.014572 2.501826,
0.200787 -3.014572 2.501826,
0.200787 -3.011702 2.501171,
0.000000 -3.011702 2.501171,
0.000000 -3.008802 2.500660,
0.200787 -3.008802 2.500660,
0.200787 -3.005880 2.500293,
0.000000 -3.005880 2.500293,
0.200787 -3.002944 2.500073,
0.000000 -3.002944 2.500073,
0.000000 -3.000000 2.500000,
0.200787 -3.000000 2.500000,
0.200787 -2.997056 2.500073,
0.000000 -2.997056 2.500073,
0.200787 -2.994120 2.500293,
0.000000 -2.994120 2.500293,
0.200787 -2.991198 2.500660,
0.000000 -2.991198 2.500660,
0.200787 -2.988298 2.501171,
0.000000 -2.988298 2.501171,
0.200787 -2.985428 2.501826,
0.000000 -2.985428 2.501826,
0.200787 -2.982593 2.502624,
0.000000 -2.982593 2.502624,
0.200787 -2.979802 2.503561,
0.000000 -2.979802 2.503561,
0.200787 -2.977061 2.504637,
0.000000 -2.977061 2.504637,
0.200787 -2.974377 2.505848,
0.000000 -2.974377 2.505848,
0.200787 -2.971757 2.507192,
0.000000 -2.971757 2.507192,
0.200787 -2.969207 2.508664,
0.000000 -2.969207 2.508664,
0.200787 -2.966733 2.510261,
0.000000 -2.966733 2.510261,
0.200787 -2.964342 2.511980,
0.000000 -2.964342 2.511980,
0.200787 -2.962040 2.513816,
0.000000 -2.962040 2.513816,
0.200787 -2.959832 2.515765,
0.000000 -2.959832 2.515765,
0.200787 -2.957724 2.517821,
0.000000 -2.957724 2.517821,
0.200787 -2.955722 2.519979,
0.000000 -2.955722 2.519979,
0.200787 -2.953829 2.522235,
0.000000 -2.953829 2.522235,
0.200787 -2.952051 2.524582,
0.000000 -2.952051 2.524582,
0.200787 -2.950392 2.527015,
0.000000 -2.950392 2.527015,
0.200787 -2.948857 2.529528,
0.000000 -2.948857 2.529528,
0.200787 -2.947449 2.532114,
0.000000 -2.947449 2.532114,
0.200787 -2.946171 2.534767,
0.000000 -2.946171 2.534767,
0.200787 -2.945027 2.537480,
0.000000 -2.945027 2.537480,
0.200787 -2.944020 2.540247,
0.000000 -2.944020 2.540247,
0.200787 -2.943152 2.543061,
0.000000 -2.943152 2.543061,
0.200787 -2.942426 2.545914,
0.000000 -2.942426 2.545914,
0.200787 -2.941842 2.548800,
0.000000 -2.941842 2.548800,
0.200787 -2.941403 2.551712,
0.000000 -2.941403 2.551712,
0.200787 -2.941110 2.554642,
0.000000 -2.941110 2.554642,
0.200787 -2.940963 2.557583,
0.000000 -2.940963 2.557583,
0.200787 -2.940963 2.560527,
0.000000 -2.940963 2.560527,
0.000000 -2.941110 2.563468,
0.200787 -2.941110 2.563468,
0.200787 -2.941403 2.566398,
0.000000 -2.941403 2.566398,
0.200787 -2.941842 2.569310,
0.000000 -2.941842 2.569310,
0.200787 -2.942426 2.572196,
0.000000 -2.942426 2.572196,
0.200787 -2.943152 2.575050,
0.000000 -2.943152 2.575050,
0.200787 -2.944020 2.577863,
0.000000 -2.944020 2.577863,
0.200787 -2.945027 2.580630,
0.000000 -2.945027 2.580630,
0.200787 -2.946171 2.583344,
0.000000 -2.946171 2.583344,
0.200787 -2.947449 2.585997,
0.000000 -2.947449 2.585997,
0.000000 -2.948857 2.588583,
0.200787 -2.948857 2.588583,
0.200787 -2.950392 2.591095,
0.000000 -2.950392 2.591095,
0.200787 -2.952051 2.593528,
0.000000 -2.952051 2.593528,
0.200787 -2.953829 2.595875,
0.000000 -2.953829 2.595875,
0.000000 -2.955722 2.598131,
0.200787 -2.955722 2.598131,
0.200787 -2.957724 2.600290,
0.000000 -2.957724 2.600290,
0.200787 -2.959832 2.602346,
0.000000 -2.959832 2.602346,
0.000000 -2.962040 2.604294,
0.200787 -2.962040 2.604294,
0.200787 -2.964342 2.606130,
0.000000 -2.964342 2.606130,
0.200787 -2.966733 2.607849,
0.000000 -2.966733 2.607849,
0.200787 -2.969207 2.609446,
0.000000 -2.969207 2.609446,
0.200787 -2.971757 2.610919,
0.000000 -2.971757 2.610919,
0.200787 -2.974377 2.612262,
0.000000 -2.974377 2.612262,
0.200787 -2.977061 2.613473,
0.000000 -2.977061 2.613473,
0.200787 -2.979802 2.614549,
0.000000 -2.979802 2.614549,
0.200787 -2.982593 2.615487,
0.000000 -2.982593 2.615487,
0.000000 -2.985428 2.616284,
0.200787 -2.985428 2.616284,
0.200787 -2.988298 2.616939,
0.000000 -2.988298 2.616939,
0.200787 -2.991198 2.617451,
0.000000 -2.991198 2.617451,
0.200787 -2.994120 2.617817,
0.000000 -2.994120 2.617817,
0.200787 -2.997056 2.618037,
0.000000 -2.997056 2.618037 ] } coordIndex [ 0 1 2 -1,
0 2 3 -1,
4 3 5 -1,
4 0 3 -1,
6 5 7 -1,
6 4 5 -1,
8 7 9 -1,
8 6 7 -1,
10 9 11 -1,
10 8 9 -1,
12 11 13 -1,
12 10 11 -1,
14 13 15 -1,
14 12 13 -1,
16 15 17 -1,
16 14 15 -1,
18 17 19 -1,
18 16 17 -1,
20 19 21 -1,
20 18 19 -1,
22 20 21 -1,
22 21 23 -1,
24 22 23 -1,
24 23 25 -1,
24 25 26 -1,
27 24 26 -1,
28 27 26 -1,
28 26 29 -1,
30 28 29 -1,
30 29 31 -1,
32 30 31 -1,
32 31 33 -1,
34 32 33 -1,
34 33 35 -1,
36 34 35 -1,
36 35 37 -1,
38 36 37 -1,
38 37 39 -1,
40 38 39 -1,
40 39 41 -1,
42 40 41 -1,
42 41 43 -1,
44 42 43 -1,
44 43 45 -1,
46 45 47 -1,
46 44 45 -1,
48 47 49 -1,
48 46 47 -1,
50 49 51 -1,
50 51 52 -1,
50 48 49 -1,
53 50 52 -1,
54 52 55 -1,
54 53 52 -1,
56 55 57 -1,
56 54 55 -1,
58 57 59 -1,
58 59 60 -1,
58 56 57 -1,
61 58 60 -1,
62 60 63 -1,
62 61 60 -1,
64 63 65 -1,
64 65 66 -1,
64 62 63 -1,
67 66 68 -1,
67 64 66 -1,
69 67 68 -1,
70 68 71 -1,
70 71 72 -1,
70 69 68 -1,
73 70 72 -1,
74 73 72 -1,
74 72 75 -1,
76 74 75 -1,
76 75 77 -1,
76 77 78 -1,
79 76 78 -1,
80 79 78 -1,
80 78 81 -1,
80 81 82 -1,
83 80 82 -1,
83 82 84 -1,
85 83 84 -1,
86 85 84 -1,
86 84 87 -1,
86 87 88 -1,
89 86 88 -1,
90 89 88 -1,
90 88 91 -1,
90 91 92 -1,
93 90 92 -1,
93 92 94 -1,
95 93 94 -1,
96 95 94 -1,
96 94 97 -1,
96 97 98 -1,
99 96 98 -1,
99 98 100 -1,
101 99 100 -1,
102 101 100 -1,
102 100 103 -1,
102 103 104 -1,
105 102 104 -1,
106 105 104 -1,
106 104 107 -1,
106 107 108 -1,
109 106 108 -1,
109 108 110 -1,
111 109 110 -1,
112 111 110 -1,
112 110 113 -1,
112 113 114 -1,
115 114 116 -1,
115 112 114 -1,
117 115 116 -1,
118 116 119 -1,
118 119 120 -1,
118 117 116 -1,
121 118 120 -1,
122 120 123 -1,
122 121 120 -1,
124 122 123 -1,
124 123 125 -1,
124 125 126 -1,
127 124 126 -1,
128 127 126 -1,
128 126 129 -1,
130 128 129 -1,
130 129 131 -1,
132 130 131 -1,
132 131 133 -1,
134 132 133 -1,
134 133 135 -1,
136 134 135 -1,
136 135 137 -1,
138 136 137 -1,
138 137 139 -1,
140 138 139 -1,
140 139 141 -1,
142 140 141 -1,
142 141 143 -1,
144 142 143 -1,
144 143 145 -1,
146 144 145 -1,
146 145 147 -1,
148 146 147 -1,
148 147 149 -1,
150 149 151 -1,
150 148 149 -1,
152 151 153 -1,
152 150 151 -1,
154 153 155 -1,
154 152 153 -1,
156 155 157 -1,
156 154 155 -1,
158 157 159 -1,
158 156 157 -1,
160 159 161 -1,
160 158 159 -1,
162 161 163 -1,
162 160 161 -1,
164 163 165 -1,
164 162 163 -1,
166 165 167 -1,
166 164 165 -1,
168 167 169 -1,
168 166 167 -1,
170 169 171 -1,
170 168 169 -1,
172 171 173 -1,
172 170 171 -1,
174 173 175 -1,
174 172 173 -1,
176 174 175 -1,
176 175 177 -1,
178 176 177 -1,
178 177 179 -1,
180 178 179 -1,
180 179 181 -1,
182 180 181 -1,
182 181 183 -1,
184 183 185 -1,
184 182 183 -1,
186 185 187 -1,
186 184 185 -1,
188 187 189 -1,
188 186 187 -1,
190 189 191 -1,
190 191 192 -1,
190 188 189 -1,
193 190 192 -1,
194 192 195 -1,
194 193 192 -1,
196 195 197 -1,
196 194 195 -1,
198 197 199 -1,
198 196 197 -1,
200 199 201 -1,
200 198 199 -1,
202 201 203 -1,
202 200 201 -1,
204 203 205 -1,
204 202 203 -1,
206 205 207 -1,
206 204 205 -1,
208 207 209 -1,
208 209 210 -1,
208 206 207 -1,
211 208 210 -1,
212 210 213 -1,
212 211 210 -1,
214 213 215 -1,
214 212 213 -1,
216 215 217 -1,
216 217 218 -1,
216 214 215 -1,
219 216 218 -1,
220 218 221 -1,
220 219 218 -1,
222 221 223 -1,
222 223 224 -1,
222 220 221 -1,
225 222 224 -1,
226 225 224 -1,
226 224 227 -1,
228 226 227 -1,
228 227 229 -1,
230 228 229 -1,
230 229 231 -1,
232 230 231 -1,
232 231 233 -1,
234 232 233 -1,
234 233 235 -1,
236 234 235 -1,
236 235 237 -1,
238 236 237 -1,
238 237 239 -1,
240 238 239 -1,
240 239 241 -1,
240 241 242 -1,
243 240 242 -1,
244 243 242 -1,
244 242 245 -1,
246 244 245 -1,
246 245 247 -1,
248 246 247 -1,
248 247 249 -1,
250 249 251 -1,
250 248 249 -1,
250 251 2 -1,
1 250 2 -1,
206 202 204 -1,
106 109 111 -1,
211 206 208 -1,
212 206 211 -1,
101 102 105 -1,
216 212 214 -1,
222 219 220 -1,
226 222 225 -1,
228 222 226 -1,
232 228 230 -1,
83 85 86 -1,
236 232 234 -1,
240 236 238 -1,
243 236 240 -1,
244 236 243 -1,
10 6 8 -1,
14 10 12 -1,
20 16 18 -1,
40 42 44 -1,
40 44 46 -1,
40 46 48 -1,
27 20 22 -1,
27 22 24 -1,
34 36 38 -1,
32 200 202 -1,
32 1 0 -1,
32 0 4 -1,
32 4 6 -1,
32 236 244 -1,
32 202 206 -1,
32 14 16 -1,
32 216 219 -1,
32 27 28 -1,
32 212 216 -1,
32 28 30 -1,
32 10 14 -1,
32 206 212 -1,
32 38 40 -1,
32 244 246 -1,
32 246 248 -1,
32 248 250 -1,
32 34 38 -1,
32 250 1 -1,
32 48 50 -1,
32 50 53 -1,
32 53 54 -1,
32 54 56 -1,
32 56 58 -1,
32 58 61 -1,
32 61 62 -1,
32 40 48 -1,
32 62 64 -1,
32 64 67 -1,
32 67 69 -1,
32 228 232 -1,
32 69 70 -1,
32 70 73 -1,
32 73 74 -1,
32 74 76 -1,
32 101 105 -1,
32 76 79 -1,
32 79 80 -1,
32 80 83 -1,
32 86 89 -1,
32 89 90 -1,
32 90 93 -1,
32 93 95 -1,
32 95 96 -1,
32 96 99 -1,
32 99 101 -1,
32 105 106 -1,
32 16 20 -1,
32 219 222 -1,
32 111 112 -1,
32 112 115 -1,
32 115 117 -1,
32 117 118 -1,
32 118 121 -1,
32 121 122 -1,
32 222 228 -1,
32 122 124 -1,
32 124 127 -1,
32 127 128 -1,
32 128 130 -1,
32 130 132 -1,
32 132 134 -1,
32 106 111 -1,
32 134 136 -1,
32 136 138 -1,
32 138 140 -1,
32 83 86 -1,
32 140 142 -1,
32 142 144 -1,
32 144 146 -1,
32 146 148 -1,
32 148 150 -1,
32 150 152 -1,
32 232 236 -1,
32 152 154 -1,
32 154 156 -1,
32 156 158 -1,
32 158 160 -1,
32 160 162 -1,
32 162 164 -1,
32 164 166 -1,
32 166 168 -1,
32 168 170 -1,
32 170 172 -1,
32 172 174 -1,
32 174 176 -1,
32 176 178 -1,
32 178 180 -1,
32 180 182 -1,
32 182 184 -1,
32 184 186 -1,
32 186 188 -1,
32 188 190 -1,
32 190 193 -1,
32 193 194 -1,
32 6 10 -1,
32 194 196 -1,
32 20 27 -1,
32 196 198 -1,
32 198 200 -1,
203 207 205 -1,
108 107 110 -1,
207 210 209 -1,
207 213 210 -1,
103 100 104 -1,
213 217 215 -1,
218 223 221 -1,
223 227 224 -1,
223 229 227 -1,
229 233 231 -1,
84 82 87 -1,
233 237 235 -1,
237 241 239 -1,
237 242 241 -1,
237 245 242 -1,
7 11 9 -1,
11 15 13 -1,
17 21 19 -1,
43 41 45 -1,
45 41 47 -1,
47 41 49 -1,
21 26 23 -1,
23 26 25 -1,
37 35 39 -1,
201 33 203 -1,
2 33 3 -1,
3 33 5 -1,
5 33 7 -1,
237 33 245 -1,
203 33 207 -1,
15 33 17 -1,
217 33 218 -1,
26 33 29 -1,
213 33 217 -1,
29 33 31 -1,
11 33 15 -1,
207 33 213 -1,
39 33 41 -1,
245 33 247 -1,
247 33 249 -1,
249 33 251 -1,
35 33 39 -1,
251 33 2 -1,
49 33 51 -1,
51 33 52 -1,
52 33 55 -1,
55 33 57 -1,
57 33 59 -1,
59 33 60 -1,
60 33 63 -1,
41 33 49 -1,
63 33 65 -1,
65 33 66 -1,
66 33 68 -1,
229 33 233 -1,
68 33 71 -1,
71 33 72 -1,
72 33 75 -1,
75 33 77 -1,
100 33 104 -1,
77 33 78 -1,
78 33 81 -1,
81 33 82 -1,
87 33 88 -1,
88 33 91 -1,
91 33 92 -1,
92 33 94 -1,
94 33 97 -1,
97 33 98 -1,
98 33 100 -1,
104 33 107 -1,
17 33 21 -1,
218 33 223 -1,
110 33 113 -1,
113 33 114 -1,
114 33 116 -1,
116 33 119 -1,
119 33 120 -1,
120 33 123 -1,
223 33 229 -1,
123 33 125 -1,
125 33 126 -1,
126 33 129 -1,
129 33 131 -1,
131 33 133 -1,
133 33 135 -1,
107 33 110 -1,
135 33 137 -1,
137 33 139 -1,
139 33 141 -1,
82 33 87 -1,
141 33 143 -1,
143 33 145 -1,
145 33 147 -1,
147 33 149 -1,
149 33 151 -1,
151 33 153 -1,
233 33 237 -1,
153 33 155 -1,
155 33 157 -1,
157 33 159 -1,
159 33 161 -1,
161 33 163 -1,
163 33 165 -1,
165 33 167 -1,
167 33 169 -1,
169 33 171 -1,
171 33 173 -1,
173 33 175 -1,
175 33 177 -1,
177 33 179 -1,
179 33 181 -1,
181 33 183 -1,
183 33 185 -1,
185 33 187 -1,
187 33 189 -1,
189 33 191 -1,
191 33 192 -1,
192 33 195 -1,
7 33 11 -1,
195 33 197 -1,
21 33 26 -1,
197 33 199 -1,
199 33 201 -1 ] } }
Shape { appearance Appearance { material Material { diffuseColor 0.7 0.72 0.74 } } geometry IndexedFaceSet { solid FALSE coord Coordinate { point [ -0.098425 -4.059055 -0.984252,
-0.098425 -4.059055 0.000000,
-0.098425 -3.940945 -0.984252,
-0.098425 -3.940945 0.000000,
0.098425 -4.059055 0.000000,
0.098425 -4.059055 -0.984252,
0.098425 -3.940945 -0.984252,
0.098425 -3.940945 0.000000 ] } coordIndex [ 0 1 2 -1,
2 1 3 -1,
4 5 6 -1,
4 6 7 -1,
5 4 0 -1,
0 4 1 -1,
7 6 2 -1,
7 2 3 -1,
2 6 0 -1,
0 6 5 -1,
7 3 1 -1,
7 1 4 -1 ] } }
Shape { appearance Appearance { material Material { diffuseColor 0.7 0.72 0.74 } } geometry IndexedFaceSet { solid FALSE coord Coordinate { point [ -0.098425 -4.059055 1.181102,
-0.098425 -4.059055 2.559055,
-0.098425 -3.940945 1.181102,
-0.098425 -3.940945 2.559055,
0.098425 -4.059055 2.559055,
0.098425 -4.059055 1.181102,
0.098425 -3.940945 1.181102,
0.098425 -3.940945 2.559055 ] } coordIndex [ 0 1 2 -1,
2 1 3 -1,
4 5 6 -1,
4 6 7 -1,
5 4 0 -1,
0 4 1 -1,
7 6 2 -1,
7 2 3 -1,
2 6 0 -1,
0 6 5 -1,
7 3 1 -1,
7 1 4 -1 ] } }
Shape { appearance Appearance { material Material { diffuseColor 0.7 0.72 0.74 } } geometry IndexedFaceSet { solid FALSE coord Coordinate { point [ 0.200787 -4.002944 2.618037,
0.200787 -4.000000 2.618110,
0.000000 -4.000000 2.618110,
0.000000 -4.002944 2.618037,
0.200787 -4.005880 2.617817,
0.000000 -4.005880 2.617817,
0.200787 -4.008802 2.617451,
0.000000 -4.008802 2.617451,
0.200787 -4.011702 2.616939,
0.000000 -4.011702 2.616939,
0.200787 -4.014572 2.616284,
0.000000 -4.014572 2.616284,
0.200787 -4.017407 2.615487,
0.000000 -4.017407 2.615487,
0.200787 -4.020198 2.614549,
0.000000 -4.020198 2.614549,
0.200787 -4.022939 2.613473,
0.000000 -4.022939 2.613473,
0.200787 -4.025623 2.612262,
0.000000 -4.025623 2.612262,
0.200787 -4.028243 2.610919,
0.000000 -4.028243 2.610919,
0.200787 -4.030793 2.609446,
0.000000 -4.030793 2.609446,
0.200787 -4.033267 2.607849,
0.000000 -4.033267 2.607849,
0.000000 -4.035658 2.606130,
0.200787 -4.035658 2.606130,
0.200787 -4.037960 2.604294,
0.000000 -4.037960 2.604294,
0.200787 -4.040168 2.602346,
0.000000 -4.040168 2.602346,
0.200787 -4.042276 2.600290,
0.000000 -4.042276 2.600290,
0.200787 -4.044278 2.598131,
0.000000 -4.044278 2.598131,
0.200787 -4.046171 2.595875,
0.000000 -4.046171 2.595875,
0.200787 -4.047949 2.593528,
0.000000 -4.047949 2.593528,
0.200787 -4.049608 2.591095,
0.000000 -4.049608 2.591095,
0.200787 -4.051143 2.588583,
0.000000 -4.051143 2.588583,
0.200787 -4.052551 2.585997,
0.000000 -4.052551 2.585997,
0.200787 -4.053829 2.583344,
0.000000 -4.053829 2.583344,
0.200787 -4.054973 2.580630,
0.000000 -4.054973 2.580630,
0.200787 -4.055980 2.577863,
0.000000 -4.055980 2.577863,
0.000000 -4.056848 2.575050,
0.200787 -4.056848 2.575050,
0.200787 -4.057574 2.572196,
0.000000 -4.057574 2.572196,
0.200787 -4.058158 2.569310,
0.000000 -4.058158 2.569310,
0.200787 -4.058597 2.566398,
0.000000 -4.058597 2.566398,
0.000000 -4.058890 2.563468,
0.200787 -4.058890 2.563468,
0.200787 -4.059037 2.560527,
0.000000 -4.059037 2.560527,
0.200787 -4.059037 2.557583,
0.000000 -4.059037 2.557583,
0.000000 -4.058890 2.554642,
0.200787 -4.058890 2.554642,
0.000000 -4.058597 2.551712,
0.200787 -4.058597 2.551712,
0.200787 -4.058158 2.548800,
0.000000 -4.058158 2.548800,
0.000000 -4.057574 2.545914,
0.200787 -4.057574 2.545914,
0.200787 -4.056848 2.543061,
0.000000 -4.056848 2.543061,
0.200787 -4.055980 2.540247,
0.000000 -4.055980 2.540247,
0.000000 -4.054973 2.537480,
0.200787 -4.054973 2.537480,
0.200787 -4.053829 2.534767,
0.000000 -4.053829 2.534767,
0.000000 -4.052551 2.532114,
0.200787 -4.052551 2.532114,
0.000000 -4.051143 2.529528,
0.200787 -4.051143 2.529528,
0.200787 -4.049608 2.527015,
0.000000 -4.049608 2.527015,
0.000000 -4.047949 2.524582,
0.200787 -4.047949 2.524582,
0.200787 -4.046171 2.522235,
0.000000 -4.046171 2.522235,
0.000000 -4.044278 2.519979,
0.200787 -4.044278 2.519979,
0.000000 -4.042276 2.517821,
0.200787 -4.042276 2.517821,
0.200787 -4.040168 2.515765,
0.000000 -4.040168 2.515765,
0.000000 -4.037960 2.513816,
0.200787 -4.037960 2.513816,
0.000000 -4.035658 2.511980,
0.200787 -4.035658 2.511980,
0.200787 -4.033267 2.510261,
0.000000 -4.033267 2.510261,
0.000000 -4.030793 2.508664,
0.200787 -4.030793 2.508664,
0.200787 -4.028243 2.507192,
0.000000 -4.028243 2.507192,
0.000000 -4.025623 2.505848,
0.200787 -4.025623 2.505848,
0.000000 -4.022939 2.504637,
0.200787 -4.022939 2.504637,
0.200787 -4.020198 2.503561,
0.000000 -4.020198 2.503561,
0.000000 -4.017407 2.502624,
0.200787 -4.017407 2.502624,
0.000000 -4.014572 2.501826,
0.200787 -4.014572 2.501826,
0.200787 -4.011702 2.501171,
0.000000 -4.011702 2.501171,
0.000000 -4.008802 2.500660,
0.200787 -4.008802 2.500660,
0.200787 -4.005880 2.500293,
0.000000 -4.005880 2.500293,
0.200787 -4.002944 2.500073,
0.000000 -4.002944 2.500073,
0.000000 -4.000000 2.500000,
0.200787 -4.000000 2.500000,
0.200787 -3.997056 2.500073,
0.000000 -3.997056 2.500073,
0.200787 -3.994120 2.500293,
0.000000 -3.994120 2.500293,
0.200787 -3.991198 2.500660,
0.000000 -3.991198 2.500660,
0.200787 -3.988298 2.501171,
0.000000 -3.988298 2.501171,
0.200787 -3.985428 2.501826,
0.000000 -3.985428 2.501826,
0.200787 -3.982593 2.502624,
0.000000 -3.982593 2.502624,
0.200787 -3.979802 2.503561,
0.000000 -3.979802 2.503561,
0.200787 -3.977061 2.504637,
0.000000 -3.977061 2.504637,
0.200787 -3.974377 2.505848,
0.000000 -3.974377 2.505848,
0.200787 -3.971757 2.507192,
0.000000 -3.971757 2.507192,
0.200787 -3.969207 2.508664,
0.000000 -3.969207 2.508664,
0.200787 -3.966733 2.510261,
0.000000 -3.966733 2.510261,
0.200787 -3.964342 2.511980,
0.000000 -3.964342 2.511980,
0.200787 -3.962040 2.513816,
0.000000 -3.962040 2.513816,
0.200787 -3.959832 2.515765,
0.000000 -3.959832 2.515765,
0.200787 -3.957724 2.517821,
0.000000 -3.957724 2.517821,
0.200787 -3.955722 2.519979,
0.000000 -3.955722 2.519979,
0.200787 -3.953829 2.522235,
0.000000 -3.953829 2.522235,
0.200787 -3.952051 2.524582,
0.000000 -3.952051 2.524582,
0.200787 -3.950392 2.527015,
0.000000 -3.950392 2.527015,
0.200787 -3.948857 2.529528,
0.000000 -3.948857 2.529528,
0.200787 -3.947449 2.532114,
0.000000 -3.947449 2.532114,
0.200787 -3.946171 2.534767,
0.000000 -3.946171 2.534767,
0.200787 -3.945027 2.537480,
0.000000 -3.945027 2.537480,
0.200787 -3.944020 2.540247,
0.000000 -3.944020 2.540247,
0.200787 -3.943152 2.543061,
0.000000 -3.943152 2.543061,
0.200787 -3.942426 2.545914,
0.000000 -3.942426 2.545914,
0.200787 -3.941842 2.548800,
0.000000 -3.941842 2.548800,
0.200787 -3.941403 2.551712,
0.000000 -3.941403 2.551712,
0.200787 -3.941110 2.554642,
0.000000 -3.941110 2.554642,
0.200787 -3.940963 2.557583,
0.000000 -3.940963 2.557583,
0.200787 -3.940963 2.560527,
0.000000 -3.940963 2.560527,
0.000000 -3.941110 2.563468,
0.200787 -3.941110 2.563468,
0.200787 -3.941403 2.566398,
0.000000 -3.941403 2.566398,
0.200787 -3.941842 2.569310,
0.000000 -3.941842 2.569310,
0.200787 -3.942426 2.572196,
0.000000 -3.942426 2.572196,
0.200787 -3.943152 2.575050,
0.000000 -3.943152 2.575050,
0.200787 -3.944020 2.577863,
0.000000 -3.944020 2.577863,
0.200787 -3.945027 2.580630,
0.000000 -3.945027 2.580630,
0.200787 -3.946171 2.583344,
0.000000 -3.946171 2.583344,
0.200787 -3.947449 2.585997,
0.000000 -3.947449 2.585997,
0.000000 -3.948857 2.588583,
0.200787 -3.948857 2.588583,
0.200787 -3.950392 2.591095,
0.000000 -3.950392 2.591095,
0.200787 -3.952051 2.593528,
0.000000 -3.952051 2.593528,
0.200787 -3.953829 2.595875,
0.000000 -3.953829 2.595875,
0.000000 -3.955722 2.598131,
0.200787 -3.955722 2.598131,
0.200787 -3.957724 2.600290,
0.000000 -3.957724 2.600290,
0.200787 -3.959832 2.602346,
0.000000 -3.959832 2.602346,
0.000000 -3.962040 2.604294,
0.200787 -3.962040 2.604294,
0.200787 -3.964342 2.606130,
0.000000 -3.964342 2.606130,
0.200787 -3.966733 2.607849,
0.000000 -3.966733 2.607849,
0.200787 -3.969207 2.609446,
0.000000 -3.969207 2.609446,
0.200787 -3.971757 2.610919,
0.000000 -3.971757 2.610919,
0.200787 -3.974377 2.612262,
0.000000 -3.974377 2.612262,
0.200787 -3.977061 2.613473,
0.000000 -3.977061 2.613473,
0.200787 -3.979802 2.614549,
0.000000 -3.979802 2.614549,
0.200787 -3.982593 2.615487,
0.000000 -3.982593 2.615487,
0.000000 -3.985428 2.616284,
0.200787 -3.985428 2.616284,
0.200787 -3.988298 2.616939,
0.000000 -3.988298 2.616939,
0.200787 -3.991198 2.617451,
0.000000 -3.991198 2.617451,
0.200787 -3.994120 2.617817,
0.000000 -3.994120 2.617817,
0.200787 -3.997056 2.618037,
0.000000 -3.997056 2.618037 ] } coordIndex [ 0 1 2 -1,
0 2 3 -1,
4 3 5 -1,
4 0 3 -1,
6 5 7 -1,
6 4 5 -1,
8 7 9 -1,
8 6 7 -1,
10 9 11 -1,
10 8 9 -1,
12 11 13 -1,
12 10 11 -1,
14 13 15 -1,
14 12 13 -1,
16 15 17 -1,
16 14 15 -1,
18 17 19 -1,
18 16 17 -1,
20 19 21 -1,
20 18 19 -1,
22 20 21 -1,
22 21 23 -1,
24 22 23 -1,
24 23 25 -1,
24 25 26 -1,
27 24 26 -1,
28 27 26 -1,
28 26 29 -1,
30 28 29 -1,
30 29 31 -1,
32 30 31 -1,
32 31 33 -1,
34 32 33 -1,
34 33 35 -1,
36 34 35 -1,
36 35 37 -1,
38 36 37 -1,
38 37 39 -1,
40 38 39 -1,
40 39 41 -1,
42 40 41 -1,
42 41 43 -1,
44 42 43 -1,
44 43 45 -1,
46 45 47 -1,
46 44 45 -1,
48 47 49 -1,
48 46 47 -1,
50 49 51 -1,
50 51 52 -1,
50 48 49 -1,
53 50 52 -1,
54 52 55 -1,
54 53 52 -1,
56 55 57 -1,
56 54 55 -1,
58 57 59 -1,
58 59 60 -1,
58 56 57 -1,
61 58 60 -1,
62 60 63 -1,
62 61 60 -1,
64 63 65 -1,
64 65 66 -1,
64 62 63 -1,
67 66 68 -1,
67 64 66 -1,
69 67 68 -1,
70 68 71 -1,
70 71 72 -1,
70 69 68 -1,
73 70 72 -1,
74 73 72 -1,
74 72 75 -1,
76 74 75 -1,
76 75 77 -1,
76 77 78 -1,
79 76 78 -1,
80 79 78 -1,
80 78 81 -1,
80 81 82 -1,
83 80 82 -1,
83 82 84 -1,
85 83 84 -1,
86 85 84 -1,
86 84 87 -1,
86 87 88 -1,
89 86 88 -1,
90 89 88 -1,
90 88 91 -1,
90 91 92 -1,
93 90 92 -1,
93 92 94 -1,
95 93 94 -1,
96 95 94 -1,
96 94 97 -1,
96 97 98 -1,
99 96 98 -1,
99 98 100 -1,
101 99 100 -1,
102 101 100 -1,
102 100 103 -1,
102 103 104 -1,
105 102 104 -1,
106 105 104 -1,
106 104 107 -1,
106 107 108 -1,
109 106 108 -1,
109 108 110 -1,
111 109 110 -1,
112 111 110 -1,
112 110 113 -1,
112 113 114 -1,
115 114 116 -1,
115 112 114 -1,
117 115 116 -1,
118 116 119 -1,
118 119 120 -1,
118 117 116 -1,
121 118 120 -1,
122 120 123 -1,
122 121 120 -1,
124 122 123 -1,
124 123 125 -1,
124 125 126 -1,
127 124 126 -1,
128 127 126 -1,
128 126 129 -1,
130 128 129 -1,
130 129 131 -1,
132 130 131 -1,
132 131 133 -1,
134 132 133 -1,
134 133 135 -1,
136 134 135 -1,
136 135 137 -1,
138 136 137 -1,
138 137 139 -1,
140 138 139 -1,
140 139 141 -1,
142 140 141 -1,
142 141 143 -1,
144 142 143 -1,
144 143 145 -1,
146 144 145 -1,
146 145 147 -1,
148 146 147 -1,
148 147 149 -1,
150 149 151 -1,
150 148 149 -1,
152 151 153 -1,
152 150 151 -1,
154 153 155 -1,
154 152 153 -1,
156 155 157 -1,
156 154 155 -1,
158 157 159 -1,
158 156 157 -1,
160 159 161 -1,
160 158 159 -1,
162 161 163 -1,
162 160 161 -1,
164 163 165 -1,
164 162 163 -1,
166 165 167 -1,
166 164 165 -1,
168 167 169 -1,
168 166 167 -1,
170 169 171 -1,
170 168 169 -1,
172 171 173 -1,
172 170 171 -1,
174 173 175 -1,
174 172 173 -1,
176 174 175 -1,
176 175 177 -1,
178 176 177 -1,
178 177 179 -1,
180 178 179 -1,
180 179 181 -1,
182 180 181 -1,
182 181 183 -1,
184 183 185 -1,
184 182 183 -1,
186 185 187 -1,
186 184 185 -1,
188 187 189 -1,
188 186 187 -1,
190 189 191 -1,
190 191 192 -1,
190 188 189 -1,
193 190 192 -1,
194 192 195 -1,
194 193 192 -1,
196 195 197 -1,
196 194 195 -1,
198 197 199 -1,
198 196 197 -1,
200 199 201 -1,
200 198 199 -1,
202 201 203 -1,
202 200 201 -1,
204 203 205 -1,
204 202 203 -1,
206 205 207 -1,
206 204 205 -1,
208 207 209 -1,
208 209 210 -1,
208 206 207 -1,
211 208 210 -1,
212 210 213 -1,
212 211 210 -1,
214 213 215 -1,
214 212 213 -1,
216 215 217 -1,
216 217 218 -1,
216 214 215 -1,
219 216 218 -1,
220 218 221 -1,
220 219 218 -1,
222 221 223 -1,
222 223 224 -1,
222 220 221 -1,
225 222 224 -1,
226 225 224 -1,
226 224 227 -1,
228 226 227 -1,
228 227 229 -1,
230 228 229 -1,
230 229 231 -1,
232 230 231 -1,
232 231 233 -1,
234 232 233 -1,
234 233 235 -1,
236 234 235 -1,
236 235 237 -1,
238 236 237 -1,
238 237 239 -1,
240 238 239 -1,
240 239 241 -1,
240 241 242 -1,
243 240 242 -1,
244 243 242 -1,
244 242 245 -1,
246 244 245 -1,
246 245 247 -1,
248 246 247 -1,
248 247 249 -1,
250 249 251 -1,
250 248 249 -1,
250 251 2 -1,
1 250 2 -1,
12 8 10 -1,
50 53 54 -1,
44 46 48 -1,
20 14 16 -1,
20 16 18 -1,
40 42 44 -1,
36 38 40 -1,
208 204 206 -1,
28 24 27 -1,
32 1 0 -1,
32 0 4 -1,
32 4 6 -1,
32 6 8 -1,
32 12 14 -1,
32 20 22 -1,
32 22 24 -1,
32 28 30 -1,
32 34 36 -1,
32 48 50 -1,
32 54 56 -1,
32 56 58 -1,
32 58 61 -1,
32 61 62 -1,
32 62 64 -1,
32 64 67 -1,
32 67 69 -1,
32 69 70 -1,
32 70 73 -1,
32 73 74 -1,
32 74 76 -1,
32 76 79 -1,
32 79 80 -1,
32 80 83 -1,
32 83 85 -1,
32 85 86 -1,
32 86 89 -1,
32 89 90 -1,
32 99 101 -1,
32 101 102 -1,
32 102 105 -1,
32 105 106 -1,
32 106 109 -1,
32 109 111 -1,
32 111 112 -1,
32 112 115 -1,
32 115 117 -1,
32 117 118 -1,
32 118 121 -1,
32 121 122 -1,
32 122 124 -1,
32 124 127 -1,
32 127 128 -1,
32 128 130 -1,
32 130 132 -1,
32 132 134 -1,
32 134 136 -1,
32 136 138 -1,
32 138 140 -1,
32 140 142 -1,
32 142 144 -1,
32 144 146 -1,
32 146 148 -1,
32 148 150 -1,
32 150 152 -1,
32 152 154 -1,
32 154 156 -1,
32 156 158 -1,
32 158 160 -1,
32 160 162 -1,
32 162 164 -1,
32 164 166 -1,
32 166 168 -1,
32 168 170 -1,
32 170 172 -1,
32 172 174 -1,
32 174 176 -1,
32 176 178 -1,
32 178 180 -1,
32 180 182 -1,
32 182 184 -1,
32 184 186 -1,
32 186 188 -1,
32 188 190 -1,
32 190 193 -1,
32 193 194 -1,
32 194 196 -1,
32 196 198 -1,
32 198 200 -1,
32 200 202 -1,
32 202 204 -1,
32 208 211 -1,
32 211 212 -1,
32 212 214 -1,
32 214 216 -1,
32 216 219 -1,
32 219 220 -1,
32 220 222 -1,
32 238 240 -1,
32 240 243 -1,
32 243 244 -1,
32 95 99 -1,
32 204 208 -1,
32 90 95 -1,
32 36 40 -1,
32 228 234 -1,
32 222 228 -1,
32 24 28 -1,
32 234 238 -1,
32 244 1 -1,
32 8 12 -1,
32 44 48 -1,
32 50 54 -1,
32 40 44 -1,
32 14 20 -1,
95 96 99 -1,
90 93 95 -1,
228 222 225 -1,
228 225 226 -1,
234 228 230 -1,
234 230 232 -1,
238 234 236 -1,
248 244 246 -1,
1 244 248 -1,
1 248 250 -1,
9 13 11 -1,
52 51 55 -1,
47 45 49 -1,
15 21 17 -1,
17 21 19 -1,
43 41 45 -1,
39 37 41 -1,
205 209 207 -1,
25 29 26 -1,
2 33 3 -1,
3 33 5 -1,
5 33 7 -1,
7 33 9 -1,
13 33 15 -1,
21 33 23 -1,
23 33 25 -1,
29 33 31 -1,
35 33 37 -1,
49 33 51 -1,
55 33 57 -1,
57 33 59 -1,
59 33 60 -1,
60 33 63 -1,
63 33 65 -1,
65 33 66 -1,
66 33 68 -1,
68 33 71 -1,
71 33 72 -1,
72 33 75 -1,
75 33 77 -1,
77 33 78 -1,
78 33 81 -1,
81 33 82 -1,
82 33 84 -1,
84 33 87 -1,
87 33 88 -1,
88 33 91 -1,
98 33 100 -1,
100 33 103 -1,
103 33 104 -1,
104 33 107 -1,
107 33 108 -1,
108 33 110 -1,
110 33 113 -1,
113 33 114 -1,
114 33 116 -1,
116 33 119 -1,
119 33 120 -1,
120 33 123 -1,
123 33 125 -1,
125 33 126 -1,
126 33 129 -1,
129 33 131 -1,
131 33 133 -1,
133 33 135 -1,
135 33 137 -1,
137 33 139 -1,
139 33 141 -1,
141 33 143 -1,
143 33 145 -1,
145 33 147 -1,
147 33 149 -1,
149 33 151 -1,
151 33 153 -1,
153 33 155 -1,
155 33 157 -1,
157 33 159 -1,
159 33 161 -1,
161 33 163 -1,
163 33 165 -1,
165 33 167 -1,
167 33 169 -1,
169 33 171 -1,
171 33 173 -1,
173 33 175 -1,
175 33 177 -1,
177 33 179 -1,
179 33 181 -1,
181 33 183 -1,
183 33 185 -1,
185 33 187 -1,
187 33 189 -1,
189 33 191 -1,
191 33 192 -1,
192 33 195 -1,
195 33 197 -1,
197 33 199 -1,
199 33 201 -1,
201 33 203 -1,
203 33 205 -1,
209 33 210 -1,
210 33 213 -1,
213 33 215 -1,
215 33 217 -1,
217 33 218 -1,
218 33 221 -1,
221 33 223 -1,
239 33 241 -1,
241 33 242 -1,
242 33 245 -1,
94 33 98 -1,
205 33 209 -1,
91 33 94 -1,
37 33 41 -1,
229 33 235 -1,
223 33 229 -1,
25 33 29 -1,
235 33 239 -1,
245 33 2 -1,
9 33 13 -1,
45 33 49 -1,
51 33 55 -1,
41 33 45 -1,
15 33 21 -1,
97 94 98 -1,
92 91 94 -1,
223 229 224 -1,
224 229 227 -1,
229 235 231 -1,
231 235 233 -1,
235 239 237 -1,
245 249 247 -1,
245 2 249 -1,
249 2 251 -1 ] } }
Shape { appearance Appearance { material Material { diffuseColor 0.7 0.72 0.74 } } geometry IndexedFaceSet { solid FALSE coord Coordinate { point [ -0.098425 -5.059055 -0.984252,
-0.098425 -5.059055 0.000000,
-0.098425 -4.940945 -0.984252,
-0.098425 -4.940945 0.000000,
0.098425 -5.059055 0.000000,
0.098425 -5.059055 -0.984252,
0.098425 -4.940945 -0.984252,
0.098425 -4.940945 0.000000 ] } coordIndex [ 0 1 2 -1,
2 1 3 -1,
4 5 6 -1,
4 6 7 -1,
5 4 0 -1,
0 4 1 -1,
7 6 2 -1,
7 2 3 -1,
2 6 0 -1,
0 6 5 -1,
7 3 1 -1,
7 1 4 -1 ] } }
Shape { appearance Appearance { material Material { diffuseColor 0.7 0.72 0.74 } } geometry IndexedFaceSet { solid FALSE coord Coordinate { point [ -0.098425 -5.059055 1.181102,
-0.098425 -5.059055 2.559055,
-0.098425 -4.940945 1.181102,
-0.098425 -4.940945 2.559055,
0.098425 -5.059055 2.559055,
0.098425 -5.059055 1.181102,
0.098425 -4.940945 1.181102,
0.098425 -4.940945 2.559055 ] } coordIndex [ 0 1 2 -1,
2 1 3 -1,
4 5 6 -1,
4 6 7 -1,
5 4 0 -1,
0 4 1 -1,
7 6 2 -1,
7 2 3 -1,
2 6 0 -1,
0 6 5 -1,
7 3 1 -1,
7 1 4 -1 ] } }
Shape { appearance Appearance { material Material { diffuseColor 0.7 0.72 0.74 } } geometry IndexedFaceSet { solid FALSE coord Coordinate { point [ 0.200787 -5.002944 2.618037,
0.200787 -5.000000 2.618110,
0.000000 -5.000000 2.618110,
0.000000 -5.002944 2.618037,
0.200787 -5.005880 2.617817,
0.000000 -5.005880 2.617817,
0.200787 -5.008802 2.617451,
0.000000 -5.008802 2.617451,
0.200787 -5.011702 2.616939,
0.000000 -5.011702 2.616939,
0.200787 -5.014572 2.616284,
0.000000 -5.014572 2.616284,
0.200787 -5.017407 2.615487,
0.000000 -5.017407 2.615487,
0.200787 -5.020198 2.614549,
0.000000 -5.020198 2.614549,
0.200787 -5.022939 2.613473,
0.000000 -5.022939 2.613473,
0.200787 -5.025623 2.612262,
0.000000 -5.025623 2.612262,
0.200787 -5.028243 2.610919,
0.000000 -5.028243 2.610919,
0.200787 -5.030793 2.609446,
0.000000 -5.030793 2.609446,
0.200787 -5.033267 2.607849,
0.000000 -5.033267 2.607849,
0.000000 -5.035658 2.606130,
0.200787 -5.035658 2.606130,
0.200787 -5.037960 2.604294,
0.000000 -5.037960 2.604294,
0.200787 -5.040168 2.602346,
0.000000 -5.040168 2.602346,
0.200787 -5.042276 2.600290,
0.000000 -5.042276 2.600290,
0.200787 -5.044278 2.598131,
0.000000 -5.044278 2.598131,
0.200787 -5.046171 2.595875,
0.000000 -5.046171 2.595875,
0.200787 -5.047949 2.593528,
0.000000 -5.047949 2.593528,
0.200787 -5.049608 2.591095,
0.000000 -5.049608 2.591095,
0.200787 -5.051143 2.588583,
0.000000 -5.051143 2.588583,
0.200787 -5.052551 2.585997,
0.000000 -5.052551 2.585997,
0.200787 -5.053829 2.583344,
0.000000 -5.053829 2.583344,
0.200787 -5.054973 2.580630,
0.000000 -5.054973 2.580630,
0.200787 -5.055980 2.577863,
0.000000 -5.055980 2.577863,
0.000000 -5.056848 2.575050,
0.200787 -5.056848 2.575050,
0.200787 -5.057574 2.572196,
0.000000 -5.057574 2.572196,
0.200787 -5.058158 2.569310,
0.000000 -5.058158 2.569310,
0.200787 -5.058597 2.566398,
0.000000 -5.058597 2.566398,
0.000000 -5.058890 2.563468,
0.200787 -5.058890 2.563468,
0.200787 -5.059037 2.560527,
0.000000 -5.059037 2.560527,
0.200787 -5.059037 2.557583,
0.000000 -5.059037 2.557583,
0.000000 -5.058890 2.554642,
0.200787 -5.058890 2.554642,
0.000000 -5.058597 2.551712,
0.200787 -5.058597 2.551712,
0.200787 -5.058158 2.548800,
0.000000 -5.058158 2.548800,
0.000000 -5.057574 2.545914,
0.200787 -5.057574 2.545914,
0.200787 -5.056848 2.543061,
0.000000 -5.056848 2.543061,
0.200787 -5.055980 2.540247,
0.000000 -5.055980 2.540247,
0.000000 -5.054973 2.537480,
0.200787 -5.054973 2.537480,
0.200787 -5.053829 2.534767,
0.000000 -5.053829 2.534767,
0.000000 -5.052551 2.532114,
0.200787 -5.052551 2.532114,
0.000000 -5.051143 2.529528,
0.200787 -5.051143 2.529528,
0.200787 -5.049608 2.527015,
0.000000 -5.049608 2.527015,
0.000000 -5.047949 2.524582,
0.200787 -5.047949 2.524582,
0.200787 -5.046171 2.522235,
0.000000 -5.046171 2.522235,
0.000000 -5.044278 2.519979,
0.200787 -5.044278 2.519979,
0.000000 -5.042276 2.517821,
0.200787 -5.042276 2.517821,
0.200787 -5.040168 2.515765,
0.000000 -5.040168 2.515765,
0.000000 -5.037960 2.513816,
0.200787 -5.037960 2.513816,
0.000000 -5.035658 2.511980,
0.200787 -5.035658 2.511980,
0.200787 -5.033267 2.510261,
0.000000 -5.033267 2.510261,
0.000000 -5.030793 2.508664,
0.200787 -5.030793 2.508664,
0.200787 -5.028243 2.507192,
0.000000 -5.028243 2.507192,
0.000000 -5.025623 2.505848,
0.200787 -5.025623 2.505848,
0.000000 -5.022939 2.504637,
0.200787 -5.022939 2.504637,
0.200787 -5.020198 2.503561,
0.000000 -5.020198 2.503561,
0.000000 -5.017407 2.502624,
0.200787 -5.017407 2.502624,
0.000000 -5.014572 2.501826,
0.200787 -5.014572 2.501826,
0.200787 -5.011702 2.501171,
0.000000 -5.011702 2.501171,
0.000000 -5.008802 2.500660,
0.200787 -5.008802 2.500660,
0.200787 -5.005880 2.500293,
0.000000 -5.005880 2.500293,
0.200787 -5.002944 2.500073,
0.000000 -5.002944 2.500073,
0.000000 -5.000000 2.500000,
0.200787 -5.000000 2.500000,
0.200787 -4.997056 2.500073,
0.000000 -4.997056 2.500073,
0.200787 -4.994120 2.500293,
0.000000 -4.994120 2.500293,
0.200787 -4.991198 2.500660,
0.000000 -4.991198 2.500660,
0.200787 -4.988298 2.501171,
0.000000 -4.988298 2.501171,
0.200787 -4.985428 2.501826,
0.000000 -4.985428 2.501826,
0.200787 -4.982593 2.502624,
0.000000 -4.982593 2.502624,
0.200787 -4.979802 2.503561,
0.000000 -4.979802 2.503561,
0.200787 -4.977061 2.504637,
0.000000 -4.977061 2.504637,
0.200787 -4.974377 2.505848,
0.000000 -4.974377 2.505848,
0.200787 -4.971757 2.507192,
0.000000 -4.971757 2.507192,
0.200787 -4.969207 2.508664,
0.000000 -4.969207 2.508664,
0.200787 -4.966733 2.510261,
0.000000 -4.966733 2.510261,
0.200787 -4.964342 2.511980,
0.000000 -4.964342 2.511980,
0.200787 -4.962040 2.513816,
0.000000 -4.962040 2.513816,
0.200787 -4.959832 2.515765,
0.000000 -4.959832 2.515765,
0.200787 -4.957724 2.517821,
0.000000 -4.957724 2.517821,
0.200787 -4.955722 2.519979,
0.000000 -4.955722 2.519979,
0.200787 -4.953829 2.522235,
0.000000 -4.953829 2.522235,
0.200787 -4.952051 2.524582,
0.000000 -4.952051 2.524582,
0.200787 -4.950392 2.527015,
0.000000 -4.950392 2.527015,
0.200787 -4.948857 2.529528,
0.000000 -4.948857 2.529528,
0.200787 -4.947449 2.532114,
0.000000 -4.947449 2.532114,
0.200787 -4.946171 2.534767,
0.000000 -4.946171 2.534767,
0.200787 -4.945027 2.537480,
0.000000 -4.945027 2.537480,
0.200787 -4.944020 2.540247,
0.000000 -4.944020 2.540247,
0.200787 -4.943152 2.543061,
0.000000 -4.943152 2.543061,
0.200787 -4.942426 2.545914,
0.000000 -4.942426 2.545914,
0.200787 -4.941842 2.548800,
0.000000 -4.941842 2.548800,
0.200787 -4.941403 2.551712,
0.000000 -4.941403 2.551712,
0.200787 -4.941110 2.554642,
0.000000 -4.941110 2.554642,
0.200787 -4.940963 2.557583,
0.000000 -4.940963 2.557583,
0.200787 -4.940963 2.560527,
0.000000 -4.940963 2.560527,
0.000000 -4.941110 2.563468,
0.200787 -4.941110 2.563468,
0.200787 -4.941403 2.566398,
0.000000 -4.941403 2.566398,
0.200787 -4.941842 2.569310,
0.000000 -4.941842 2.569310,
0.200787 -4.942426 2.572196,
0.000000 -4.942426 2.572196,
0.200787 -4.943152 2.575050,
0.000000 -4.943152 2.575050,
0.200787 -4.944020 2.577863,
0.000000 -4.944020 2.577863,
0.200787 -4.945027 2.580630,
0.000000 -4.945027 2.580630,
0.200787 -4.946171 2.583344,
0.000000 -4.946171 2.583344,
0.200787 -4.947449 2.585997,
0.000000 -4.947449 2.585997,
0.000000 -4.948857 2.588583,
0.200787 -4.948857 2.588583,
0.200787 -4.950392 2.591095,
0.000000 -4.950392 2.591095,
0.200787 -4.952051 2.593528,
0.000000 -4.952051 2.593528,
0.200787 -4.953829 2.595875,
0.000000 -4.953829 2.595875,
0.000000 -4.955722 2.598131,
0.200787 -4.955722 2.598131,
0.200787 -4.957724 2.600290,
0.000000 -4.957724 2.600290,
0.200787 -4.959832 2.602346,
0.000000 -4.959832 2.602346,
0.000000 -4.962040 2.604294,
0.200787 -4.962040 2.604294,
0.200787 -4.964342 2.606130,
0.000000 -4.964342 2.606130,
0.200787 -4.966733 2.607849,
0.000000 -4.966733 2.607849,
0.200787 -4.969207 2.609446,
0.000000 -4.969207 2.609446,
0.200787 -4.971757 2.610919,
0.000000 -4.971757 2.610919,
0.200787 -4.974377 2.612262,
0.000000 -4.974377 2.612262,
0.200787 -4.977061 2.613473,
0.000000 -4.977061 2.613473,
0.200787 -4.979802 2.614549,
0.000000 -4.979802 2.614549,
0.200787 -4.982593 2.615487,
0.000000 -4.982593 2.615487,
0.000000 -4.985428 2.616284,
0.200787 -4.985428 2.616284,
0.200787 -4.988298 2.616939,
0.000000 -4.988298 2.616939,
0.200787 -4.991198 2.617451,
0.000000 -4.991198 2.617451,
0.200787 -4.994120 2.617817,
0.000000 -4.994120 2.617817,
0.200787 -4.997056 2.618037,
0.000000 -4.997056 2.618037 ] } coordIndex [ 0 1 2 -1,
0 2 3 -1,
4 3 5 -1,
4 0 3 -1,
6 5 7 -1,
6 4 5 -1,
8 7 9 -1,
8 6 7 -1,
10 9 11 -1,
10 8 9 -1,
12 11 13 -1,
12 10 11 -1,
14 13 15 -1,
14 12 13 -1,
16 15 17 -1,
16 14 15 -1,
18 17 19 -1,
18 16 17 -1,
20 19 21 -1,
20 18 19 -1,
22 20 21 -1,
22 21 23 -1,
24 22 23 -1,
24 23 25 -1,
24 25 26 -1,
27 24 26 -1,
28 27 26 -1,
28 26 29 -1,
30 28 29 -1,
30 29 31 -1,
32 30 31 -1,
32 31 33 -1,
34 32 33 -1,
34 33 35 -1,
36 34 35 -1,
36 35 37 -1,
38 36 37 -1,
38 37 39 -1,
40 38 39 -1,
40 39 41 -1,
42 40 41 -1,
42 41 43 -1,
44 42 43 -1,
44 43 45 -1,
46 45 47 -1,
46 44 45 -1,
48 47 49 -1,
48 46 47 -1,
50 49 51 -1,
50 51 52 -1,
50 48 49 -1,
53 50 52 -1,
54 52 55 -1,
54 53 52 -1,
56 55 57 -1,
56 54 55 -1,
58 57 59 -1,
58 59 60 -1,
58 56 57 -1,
61 58 60 -1,
62 60 63 -1,
62 61 60 -1,
64 63 65 -1,
64 65 66 -1,
64 62 63 -1,
67 66 68 -1,
67 64 66 -1,
69 67 68 -1,
70 68 71 -1,
70 71 72 -1,
70 69 68 -1,
73 70 72 -1,
74 73 72 -1,
74 72 75 -1,
76 74 75 -1,
76 75 77 -1,
76 77 78 -1,
79 76 78 -1,
80 79 78 -1,
80 78 81 -1,
80 81 82 -1,
83 80 82 -1,
83 82 84 -1,
85 83 84 -1,
86 85 84 -1,
86 84 87 -1,
86 87 88 -1,
89 86 88 -1,
90 89 88 -1,
90 88 91 -1,
90 91 92 -1,
93 90 92 -1,
93 92 94 -1,
95 93 94 -1,
96 95 94 -1,
96 94 97 -1,
96 97 98 -1,
99 96 98 -1,
99 98 100 -1,
101 99 100 -1,
102 101 100 -1,
102 100 103 -1,
102 103 104 -1,
105 102 104 -1,
106 105 104 -1,
106 104 107 -1,
106 107 108 -1,
109 106 108 -1,
109 108 110 -1,
111 109 110 -1,
112 111 110 -1,
112 110 113 -1,
112 113 114 -1,
115 114 116 -1,
115 112 114 -1,
117 115 116 -1,
118 116 119 -1,
118 119 120 -1,
118 117 116 -1,
121 118 120 -1,
122 120 123 -1,
122 121 120 -1,
124 122 123 -1,
124 123 125 -1,
124 125 126 -1,
127 124 126 -1,
128 127 126 -1,
128 126 129 -1,
130 128 129 -1,
130 129 131 -1,
132 130 131 -1,
132 131 133 -1,
134 132 133 -1,
134 133 135 -1,
136 134 135 -1,
136 135 137 -1,
138 136 137 -1,
138 137 139 -1,
140 138 139 -1,
140 139 141 -1,
142 140 141 -1,
142 141 143 -1,
144 142 143 -1,
144 143 145 -1,
146 144 145 -1,
146 145 147 -1,
148 146 147 -1,
148 147 149 -1,
150 149 151 -1,
150 148 149 -1,
152 151 153 -1,
152 150 151 -1,
154 153 155 -1,
154 152 153 -1,
156 155 157 -1,
156 154 155 -1,
158 157 159 -1,
158 156 157 -1,
160 159 161 -1,
160 158 159 -1,
162 161 163 -1,
162 160 161 -1,
164 163 165 -1,
164 162 163 -1,
166 165 167 -1,
166 164 165 -1,
168 167 169 -1,
168 166 167 -1,
170 169 171 -1,
170 168 169 -1,
172 171 173 -1,
172 170 171 -1,
174 173 175 -1,
174 172 173 -1,
176 174 175 -1,
176 175 177 -1,
178 176 177 -1,
178 177 179 -1,
180 178 179 -1,
180 179 181 -1,
182 180 181 -1,
182 181 183 -1,
184 183 185 -1,
184 182 183 -1,
186 185 187 -1,
186 184 185 -1,
188 187 189 -1,
188 186 187 -1,
190 189 191 -1,
190 191 192 -1,
190 188 189 -1,
193 190 192 -1,
194 192 195 -1,
194 193 192 -1,
196 195 197 -1,
196 194 195 -1,
198 197 199 -1,
198 196 197 -1,
200 199 201 -1,
200 198 199 -1,
202 201 203 -1,
202 200 201 -1,
204 203 205 -1,
204 202 203 -1,
206 205 207 -1,
206 204 205 -1,
208 207 209 -1,
208 209 210 -1,
208 206 207 -1,
211 208 210 -1,
212 210 213 -1,
212 211 210 -1,
214 213 215 -1,
214 212 213 -1,
216 215 217 -1,
216 217 218 -1,
216 214 215 -1,
219 216 218 -1,
220 218 221 -1,
220 219 218 -1,
222 221 223 -1,
222 223 224 -1,
222 220 221 -1,
225 222 224 -1,
226 225 224 -1,
226 224 227 -1,
228 226 227 -1,
228 227 229 -1,
230 228 229 -1,
230 229 231 -1,
232 230 231 -1,
232 231 233 -1,
234 232 233 -1,
234 233 235 -1,
236 234 235 -1,
236 235 237 -1,
238 236 237 -1,
238 237 239 -1,
240 238 239 -1,
240 239 241 -1,
240 241 242 -1,
243 240 242 -1,
244 243 242 -1,
244 242 245 -1,
246 244 245 -1,
246 245 247 -1,
248 246 247 -1,
248 247 249 -1,
250 249 251 -1,
250 248 249 -1,
250 251 2 -1,
1 250 2 -1,
12 8 10 -1,
50 53 54 -1,
44 46 48 -1,
20 14 16 -1,
20 16 18 -1,
40 42 44 -1,
36 38 40 -1,
208 204 206 -1,
28 24 27 -1,
32 1 0 -1,
32 0 4 -1,
32 4 6 -1,
32 6 8 -1,
32 12 14 -1,
32 20 22 -1,
32 22 24 -1,
32 28 30 -1,
32 34 36 -1,
32 48 50 -1,
32 54 56 -1,
32 56 58 -1,
32 58 61 -1,
32 61 62 -1,
32 62 64 -1,
32 64 67 -1,
32 67 69 -1,
32 69 70 -1,
32 70 73 -1,
32 73 74 -1,
32 74 76 -1,
32 76 79 -1,
32 79 80 -1,
32 80 83 -1,
32 83 85 -1,
32 85 86 -1,
32 86 89 -1,
32 89 90 -1,
32 99 101 -1,
32 101 102 -1,
32 102 105 -1,
32 105 106 -1,
32 106 109 -1,
32 109 111 -1,
32 111 112 -1,
32 112 115 -1,
32 115 117 -1,
32 117 118 -1,
32 118 121 -1,
32 121 122 -1,
32 122 124 -1,
32 124 127 -1,
32 127 128 -1,
32 128 130 -1,
32 130 132 -1,
32 132 134 -1,
32 134 136 -1,
32 136 138 -1,
32 138 140 -1,
32 140 142 -1,
32 142 144 -1,
32 144 146 -1,
32 146 148 -1,
32 148 150 -1,
32 150 152 -1,
32 152 154 -1,
32 154 156 -1,
32 156 158 -1,
32 158 160 -1,
32 160 162 -1,
32 162 164 -1,
32 164 166 -1,
32 166 168 -1,
32 168 170 -1,
32 170 172 -1,
32 172 174 -1,
32 174 176 -1,
32 176 178 -1,
32 178 180 -1,
32 180 182 -1,
32 182 184 -1,
32 184 186 -1,
32 186 188 -1,
32 188 190 -1,
32 190 193 -1,
32 193 194 -1,
32 194 196 -1,
32 196 198 -1,
32 198 200 -1,
32 200 202 -1,
32 202 204 -1,
32 208 211 -1,
32 211 212 -1,
32 212 214 -1,
32 214 216 -1,
32 216 219 -1,
32 219 220 -1,
32 220 222 -1,
32 238 240 -1,
32 240 243 -1,
32 243 244 -1,
32 95 99 -1,
32 204 208 -1,
32 90 95 -1,
32 36 40 -1,
32 228 234 -1,
32 222 228 -1,
32 24 28 -1,
32 234 238 -1,
32 244 1 -1,
32 8 12 -1,
32 44 48 -1,
32 50 54 -1,
32 40 44 -1,
32 14 20 -1,
95 96 99 -1,
90 93 95 -1,
228 222 225 -1,
228 225 226 -1,
234 228 230 -1,
234 230 232 -1,
238 234 236 -1,
248 244 246 -1,
1 244 248 -1,
1 248 250 -1,
9 13 11 -1,
52 51 55 -1,
47 45 49 -1,
15 21 17 -1,
17 21 19 -1,
43 41 45 -1,
39 37 41 -1,
205 209 207 -1,
25 29 26 -1,
2 33 3 -1,
3 33 5 -1,
5 33 7 -1,
7 33 9 -1,
13 33 15 -1,
21 33 23 -1,
23 33 25 -1,
29 33 31 -1,
35 33 37 -1,
49 33 51 -1,
55 33 57 -1,
57 33 59 -1,
59 33 60 -1,
60 33 63 -1,
63 33 65 -1,
65 33 66 -1,
66 33 68 -1,
68 33 71 -1,
71 33 72 -1,
72 33 75 -1,
75 33 77 -1,
77 33 78 -1,
78 33 81 -1,
81 33 82 -1,
82 33 84 -1,
84 33 87 -1,
87 33 88 -1,
88 33 91 -1,
98 33 100 -1,
100 33 103 -1,
103 33 104 -1,
104 33 107 -1,
107 33 108 -1,
108 33 110 -1,
110 33 113 -1,
113 33 114 -1,
114 33 116 -1,
116 33 119 -1,
119 33 120 -1,
120 33 123 -1,
123 33 125 -1,
125 33 126 -1,
126 33 129 -1,
129 33 131 -1,
131 33 133 -1,
133 33 135 -1,
135 33 137 -1,
137 33 139 -1,
139 33 141 -1,
141 33 143 -1,
143 33 145 -1,
145 33 147 -1,
147 33 149 -1,
149 33 151 -1,
151 33 153 -1,
153 33 155 -1,
155 33 157 -1,
157 33 159 -1,
159 33 161 -1,
161 33 163 -1,
163 33 165 -1,
165 33 167 -1,
167 33 169 -1,
169 33 171 -1,
171 33 173 -1,
173 33 175 -1,
175 33 177 -1,
177 33 179 -1,
179 33 181 -1,
181 33 183 -1,
183 33 185 -1,
185 33 187 -1,
187 33 189 -1,
189 33 191 -1,
191 33 192 -1,
192 33 195 -1,
195 33 197 -1,
197 33 199 -1,
199 33 201 -1,
201 33 203 -1,
203 33 205 -1,
209 33 210 -1,
210 33 213 -1,
213 33 215 -1,
215 33 217 -1,
217 33 218 -1,
218 33 221 -1,
221 33 223 -1,
239 33 241 -1,
241 33 242 -1,
242 33 245 -1,
94 33 98 -1,
205 33 209 -1,
91 33 94 -1,
37 33 41 -1,
229 33 235 -1,
223 33 229 -1,
25 33 29 -1,
235 33 239 -1,
245 33 2 -1,
9 33 13 -1,
45 33 49 -1,
51 33 55 -1,
41 33 45 -1,
15 33 21 -1,
97 94 98 -1,
92 91 94 -1,
223 229 224 -1,
224 229 227 -1,
229 235 231 -1,
231 235 233 -1,
235 239 237 -1,
245 249 247 -1,
245 2 249 -1,
249 2 251 -1 ] } }
Shape { appearance Appearance { material Material { diffuseColor 0.7 0.72 0.74 } } geometry IndexedFaceSet { solid FALSE coord Coordinate { point [ -0.098425 -6.059055 -0.984252,
-0.098425 -6.059055 0.000000,
-0.098425 -5.940945 -0.984252,
-0.098425 -5.940945 0.000000,
0.098425 -6.059055 0.000000,
0.098425 -6.059055 -0.984252,
0.098425 -5.940945 -0.984252,
0.098425 -5.940945 0.000000 ] } coordIndex [ 0 1 2 -1,
2 1 3 -1,
4 5 6 -1,
4 6 7 -1,
5 4 0 -1,
0 4 1 -1,
7 6 2 -1,
7 2 3 -1,
2 6 0 -1,
0 6 5 -1,
7 3 1 -1,
7 1 4 -1 ] } }
Shape { appearance Appearance { material Material { diffuseColor 0.7 0.72 0.74 } } geometry IndexedFaceSet { solid FALSE coord Coordinate { point [ -0.098425 -6.059055 1.181102,
-0.098425 -6.059055 2.559055,
-0.098425 -5.940945 1.181102,
-0.098425 -5.940945 2.559055,
0.098425 -6.059055 2.559055,
0.098425 -6.059055 1.181102,
0.098425 -5.940945 1.181102,
0.098425 -5.940945 2.559055 ] } coordIndex [ 0 1 2 -1,
2 1 3 -1,
4 5 6 -1,
4 6 7 -1,
5 4 0 -1,
0 4 1 -1,
7 6 2 -1,
7 2 3 -1,
2 6 0 -1,
0 6 5 -1,
7 3 1 -1,
7 1 4 -1 ] } }
Shape { appearance Appearance { material Material { diffuseColor 0.7 0.72 0.74 } } geometry IndexedFaceSet { solid FALSE coord Coordinate { point [ 0.200787 -6.002944 2.618037,
0.200787 -6.000000 2.618110,
0.000000 -6.000000 2.618110,
0.000000 -6.002944 2.618037,
0.200787 -6.005880 2.617817,
0.000000 -6.005880 2.617817,
0.200787 -6.008802 2.617451,
0.000000 -6.008802 2.617451,
0.200787 -6.011702 2.616939,
0.000000 -6.011702 2.616939,
0.200787 -6.014572 2.616284,
0.000000 -6.014572 2.616284,
0.200787 -6.017407 2.615487,
0.000000 -6.017407 2.615487,
0.200787 -6.020198 2.614549,
0.000000 -6.020198 2.614549,
0.200787 -6.022939 2.613473,
0.000000 -6.022939 2.613473,
0.200787 -6.025623 2.612262,
0.000000 -6.025623 2.612262,
0.200787 -6.028243 2.610919,
0.000000 -6.028243 2.610919,
0.200787 -6.030793 2.609446,
0.000000 -6.030793 2.609446,
0.200787 -6.033267 2.607849,
0.000000 -6.033267 2.607849,
0.000000 -6.035658 2.606130,
0.200787 -6.035658 2.606130,
0.200787 -6.037960 2.604294,
0.000000 -6.037960 2.604294,
0.200787 -6.040168 2.602346,
0.000000 -6.040168 2.602346,
0.200787 -6.042276 2.600290,
0.000000 -6.042276 2.600290,
0.200787 -6.044278 2.598131,
0.000000 -6.044278 2.598131,
0.200787 -6.046171 2.595875,
0.000000 -6.046171 2.595875,
0.200787 -6.047949 2.593528,
0.000000 -6.047949 2.593528,
0.200787 -6.049608 2.591095,
0.000000 -6.049608 2.591095,
0.200787 -6.051143 2.588583,
0.000000 -6.051143 2.588583,
0.200787 -6.052551 2.585997,
0.000000 -6.052551 2.585997,
0.200787 -6.053829 2.583344,
0.000000 -6.053829 2.583344,
0.200787 -6.054973 2.580630,
0.000000 -6.054973 2.580630,
0.200787 -6.055980 2.577863,
0.000000 -6.055980 2.577863,
0.000000 -6.056848 2.575050,
0.200787 -6.056848 2.575050,
0.200787 -6.057574 2.572196,
0.000000 -6.057574 2.572196,
0.200787 -6.058158 2.569310,
0.000000 -6.058158 2.569310,
0.200787 -6.058597 2.566398,
0.000000 -6.058597 2.566398,
0.000000 -6.058890 2.563468,
0.200787 -6.058890 2.563468,
0.200787 -6.059037 2.560527,
0.000000 -6.059037 2.560527,
0.200787 -6.059037 2.557583,
0.000000 -6.059037 2.557583,
0.000000 -6.058890 2.554642,
0.200787 -6.058890 2.554642,
0.000000 -6.058597 2.551712,
0.200787 -6.058597 2.551712,
0.200787 -6.058158 2.548800,
0.000000 -6.058158 2.548800,
0.000000 -6.057574 2.545914,
0.200787 -6.057574 2.545914,
0.200787 -6.056848 2.543061,
0.000000 -6.056848 2.543061,
0.200787 -6.055980 2.540247,
0.000000 -6.055980 2.540247,
0.000000 -6.054973 2.537480,
0.200787 -6.054973 2.537480,
0.200787 -6.053829 2.534767,
0.000000 -6.053829 2.534767,
0.000000 -6.052551 2.532114,
0.200787 -6.052551 2.532114,
0.000000 -6.051143 2.529528,
0.200787 -6.051143 2.529528,
0.200787 -6.049608 2.527015,
0.000000 -6.049608 2.527015,
0.000000 -6.047949 2.524582,
0.200787 -6.047949 2.524582,
0.200787 -6.046171 2.522235,
0.000000 -6.046171 2.522235,
0.000000 -6.044278 2.519979,
0.200787 -6.044278 2.519979,
0.000000 -6.042276 2.517821,
0.200787 -6.042276 2.517821,
0.200787 -6.040168 2.515765,
0.000000 -6.040168 2.515765,
0.000000 -6.037960 2.513816,
0.200787 -6.037960 2.513816,
0.000000 -6.035658 2.511980,
0.200787 -6.035658 2.511980,
0.200787 -6.033267 2.510261,
0.000000 -6.033267 2.510261,
0.000000 -6.030793 2.508664,
0.200787 -6.030793 2.508664,
0.200787 -6.028243 2.507192,
0.000000 -6.028243 2.507192,
0.000000 -6.025623 2.505848,
0.200787 -6.025623 2.505848,
0.000000 -6.022939 2.504637,
0.200787 -6.022939 2.504637,
0.200787 -6.020198 2.503561,
0.000000 -6.020198 2.503561,
0.000000 -6.017407 2.502624,
0.200787 -6.017407 2.502624,
0.000000 -6.014572 2.501826,
0.200787 -6.014572 2.501826,
0.200787 -6.011702 2.501171,
0.000000 -6.011702 2.501171,
0.000000 -6.008802 2.500660,
0.200787 -6.008802 2.500660,
0.200787 -6.005880 2.500293,
0.000000 -6.005880 2.500293,
0.200787 -6.002944 2.500073,
0.000000 -6.002944 2.500073,
0.000000 -6.000000 2.500000,
0.200787 -6.000000 2.500000,
0.200787 -5.997056 2.500073,
0.000000 -5.997056 2.500073,
0.200787 -5.994120 2.500293,
0.000000 -5.994120 2.500293,
0.200787 -5.991198 2.500660,
0.000000 -5.991198 2.500660,
0.200787 -5.988298 2.501171,
0.000000 -5.988298 2.501171,
0.200787 -5.985428 2.501826,
0.000000 -5.985428 2.501826,
0.200787 -5.982593 2.502624,
0.000000 -5.982593 2.502624,
0.200787 -5.979802 2.503561,
0.000000 -5.979802 2.503561,
0.200787 -5.977061 2.504637,
0.000000 -5.977061 2.504637,
0.200787 -5.974377 2.505848,
0.000000 -5.974377 2.505848,
0.200787 -5.971757 2.507192,
0.000000 -5.971757 2.507192,
0.200787 -5.969207 2.508664,
0.000000 -5.969207 2.508664,
0.200787 -5.966733 2.510261,
0.000000 -5.966733 2.510261,
0.200787 -5.964342 2.511980,
0.000000 -5.964342 2.511980,
0.200787 -5.962040 2.513816,
0.000000 -5.962040 2.513816,
0.200787 -5.959832 2.515765,
0.000000 -5.959832 2.515765,
0.200787 -5.957724 2.517821,
0.000000 -5.957724 2.517821,
0.200787 -5.955722 2.519979,
0.000000 -5.955722 2.519979,
0.200787 -5.953829 2.522235,
0.000000 -5.953829 2.522235,
0.200787 -5.952051 2.524582,
0.000000 -5.952051 2.524582,
0.200787 -5.950392 2.527015,
0.000000 -5.950392 2.527015,
0.200787 -5.948857 2.529528,
0.000000 -5.948857 2.529528,
0.200787 -5.947449 2.532114,
0.000000 -5.947449 2.532114,
0.200787 -5.946171 2.534767,
0.000000 -5.946171 2.534767,
0.200787 -5.945027 2.537480,
0.000000 -5.945027 2.537480,
0.200787 -5.944020 2.540247,
0.000000 -5.944020 2.540247,
0.200787 -5.943152 2.543061,
0.000000 -5.943152 2.543061,
0.200787 -5.942426 2.545914,
0.000000 -5.942426 2.545914,
0.200787 -5.941842 2.548800,
0.000000 -5.941842 2.548800,
0.200787 -5.941403 2.551712,
0.000000 -5.941403 2.551712,
0.200787 -5.941110 2.554642,
0.000000 -5.941110 2.554642,
0.200787 -5.940963 2.557583,
0.000000 -5.940963 2.557583,
0.200787 -5.940963 2.560527,
0.000000 -5.940963 2.560527,
0.000000 -5.941110 2.563468,
0.200787 -5.941110 2.563468,
0.200787 -5.941403 2.566398,
0.000000 -5.941403 2.566398,
0.200787 -5.941842 2.569310,
0.000000 -5.941842 2.569310,
0.200787 -5.942426 2.572196,
0.000000 -5.942426 2.572196,
0.200787 -5.943152 2.575050,
0.000000 -5.943152 2.575050,
0.200787 -5.944020 2.577863,
0.000000 -5.944020 2.577863,
0.200787 -5.945027 2.580630,
0.000000 -5.945027 2.580630,
0.200787 -5.946171 2.583344,
0.000000 -5.946171 2.583344,
0.200787 -5.947449 2.585997,
0.000000 -5.947449 2.585997,
0.000000 -5.948857 2.588583,
0.200787 -5.948857 2.588583,
0.200787 -5.950392 2.591095,
0.000000 -5.950392 2.591095,
0.200787 -5.952051 2.593528,
0.000000 -5.952051 2.593528,
0.200787 -5.953829 2.595875,
0.000000 -5.953829 2.595875,
0.000000 -5.955722 2.598131,
0.200787 -5.955722 2.598131,
0.200787 -5.957724 2.600290,
0.000000 -5.957724 2.600290,
0.200787 -5.959832 2.602346,
0.000000 -5.959832 2.602346,
0.000000 -5.962040 2.604294,
0.200787 -5.962040 2.604294,
0.200787 -5.964342 2.606130,
0.000000 -5.964342 2.606130,
0.200787 -5.966733 2.607849,
0.000000 -5.966733 2.607849,
0.200787 -5.969207 2.609446,
0.000000 -5.969207 2.609446,
0.200787 -5.971757 2.610919,
0.000000 -5.971757 2.610919,
0.200787 -5.974377 2.612262,
0.000000 -5.974377 2.612262,
0.200787 -5.977061 2.613473,
0.000000 -5.977061 2.613473,
0.200787 -5.979802 2.614549,
0.000000 -5.979802 2.614549,
0.200787 -5.982593 2.615487,
0.000000 -5.982593 2.615487,
0.000000 -5.985428 2.616284,
0.200787 -5.985428 2.616284,
0.200787 -5.988298 2.616939,
0.000000 -5.988298 2.616939,
0.200787 -5.991198 2.617451,
0.000000 -5.991198 2.617451,
0.200787 -5.994120 2.617817,
0.000000 -5.994120 2.617817,
0.200787 -5.997056 2.618037,
0.000000 -5.997056 2.618037 ] } coordIndex [ 0 1 2 -1,
0 2 3 -1,
4 3 5 -1,
4 0 3 -1,
6 5 7 -1,
6 4 5 -1,
8 7 9 -1,
8 6 7 -1,
10 9 11 -1,
10 8 9 -1,
12 11 13 -1,
12 10 11 -1,
14 13 15 -1,
14 12 13 -1,
16 15 17 -1,
16 14 15 -1,
18 17 19 -1,
18 16 17 -1,
20 19 21 -1,
20 18 19 -1,
22 20 21 -1,
22 21 23 -1,
24 22 23 -1,
24 23 25 -1,
24 25 26 -1,
27 24 26 -1,
28 27 26 -1,
28 26 29 -1,
30 28 29 -1,
30 29 31 -1,
32 30 31 -1,
32 31 33 -1,
34 32 33 -1,
34 33 35 -1,
36 34 35 -1,
36 35 37 -1,
38 36 37 -1,
38 37 39 -1,
40 38 39 -1,
40 39 41 -1,
42 40 41 -1,
42 41 43 -1,
44 42 43 -1,
44 43 45 -1,
46 45 47 -1,
46 44 45 -1,
48 47 49 -1,
48 46 47 -1,
50 49 51 -1,
50 51 52 -1,
50 48 49 -1,
53 50 52 -1,
54 52 55 -1,
54 53 52 -1,
56 55 57 -1,
56 54 55 -1,
58 57 59 -1,
58 59 60 -1,
58 56 57 -1,
61 58 60 -1,
62 60 63 -1,
62 61 60 -1,
64 63 65 -1,
64 65 66 -1,
64 62 63 -1,
67 66 68 -1,
67 64 66 -1,
69 67 68 -1,
70 68 71 -1,
70 71 72 -1,
70 69 68 -1,
73 70 72 -1,
74 73 72 -1,
74 72 75 -1,
76 74 75 -1,
76 75 77 -1,
76 77 78 -1,
79 76 78 -1,
80 79 78 -1,
80 78 81 -1,
80 81 82 -1,
83 80 82 -1,
83 82 84 -1,
85 83 84 -1,
86 85 84 -1,
86 84 87 -1,
86 87 88 -1,
89 86 88 -1,
90 89 88 -1,
90 88 91 -1,
90 91 92 -1,
93 90 92 -1,
93 92 94 -1,
95 93 94 -1,
96 95 94 -1,
96 94 97 -1,
96 97 98 -1,
99 96 98 -1,
99 98 100 -1,
101 99 100 -1,
102 101 100 -1,
102 100 103 -1,
102 103 104 -1,
105 102 104 -1,
106 105 104 -1,
106 104 107 -1,
106 107 108 -1,
109 106 108 -1,
109 108 110 -1,
111 109 110 -1,
112 111 110 -1,
112 110 113 -1,
112 113 114 -1,
115 114 116 -1,
115 112 114 -1,
117 115 116 -1,
118 116 119 -1,
118 119 120 -1,
118 117 116 -1,
121 118 120 -1,
122 120 123 -1,
122 121 120 -1,
124 122 123 -1,
124 123 125 -1,
124 125 126 -1,
127 124 126 -1,
128 127 126 -1,
128 126 129 -1,
130 128 129 -1,
130 129 131 -1,
132 130 131 -1,
132 131 133 -1,
134 132 133 -1,
134 133 135 -1,
136 134 135 -1,
136 135 137 -1,
138 136 137 -1,
138 137 139 -1,
140 138 139 -1,
140 139 141 -1,
142 140 141 -1,
142 141 143 -1,
144 142 143 -1,
144 143 145 -1,
146 144 145 -1,
146 145 147 -1,
148 146 147 -1,
148 147 149 -1,
150 149 151 -1,
150 148 149 -1,
152 151 153 -1,
152 150 151 -1,
154 153 155 -1,
154 152 153 -1,
156 155 157 -1,
156 154 155 -1,
158 157 159 -1,
158 156 157 -1,
160 159 161 -1,
160 158 159 -1,
162 161 163 -1,
162 160 161 -1,
164 163 165 -1,
164 162 163 -1,
166 165 167 -1,
166 164 165 -1,
168 167 169 -1,
168 166 167 -1,
170 169 171 -1,
170 168 169 -1,
172 171 173 -1,
172 170 171 -1,
174 173 175 -1,
174 172 173 -1,
176 174 175 -1,
176 175 177 -1,
178 176 177 -1,
178 177 179 -1,
180 178 179 -1,
180 179 181 -1,
182 180 181 -1,
182 181 183 -1,
184 183 185 -1,
184 182 183 -1,
186 185 187 -1,
186 184 185 -1,
188 187 189 -1,
188 186 187 -1,
190 189 191 -1,
190 191 192 -1,
190 188 189 -1,
193 190 192 -1,
194 192 195 -1,
194 193 192 -1,
196 195 197 -1,
196 194 195 -1,
198 197 199 -1,
198 196 197 -1,
200 199 201 -1,
200 198 199 -1,
202 201 203 -1,
202 200 201 -1,
204 203 205 -1,
204 202 203 -1,
206 205 207 -1,
206 204 205 -1,
208 207 209 -1,
208 209 210 -1,
208 206 207 -1,
211 208 210 -1,
212 210 213 -1,
212 211 210 -1,
214 213 215 -1,
214 212 213 -1,
216 215 217 -1,
216 217 218 -1,
216 214 215 -1,
219 216 218 -1,
220 218 221 -1,
220 219 218 -1,
222 221 223 -1,
222 223 224 -1,
222 220 221 -1,
225 222 224 -1,
226 225 224 -1,
226 224 227 -1,
228 226 227 -1,
228 227 229 -1,
230 228 229 -1,
230 229 231 -1,
232 230 231 -1,
232 231 233 -1,
234 232 233 -1,
234 233 235 -1,
236 234 235 -1,
236 235 237 -1,
238 236 237 -1,
238 237 239 -1,
240 238 239 -1,
240 239 241 -1,
240 241 242 -1,
243 240 242 -1,
244 243 242 -1,
244 242 245 -1,
246 244 245 -1,
246 245 247 -1,
248 246 247 -1,
248 247 249 -1,
250 249 251 -1,
250 248 249 -1,
250 251 2 -1,
1 250 2 -1,
12 8 10 -1,
50 53 54 -1,
44 46 48 -1,
20 14 16 -1,
20 16 18 -1,
40 42 44 -1,
36 38 40 -1,
208 204 206 -1,
28 24 27 -1,
32 1 0 -1,
32 0 4 -1,
32 4 6 -1,
32 6 8 -1,
32 12 14 -1,
32 20 22 -1,
32 22 24 -1,
32 28 30 -1,
32 34 36 -1,
32 48 50 -1,
32 54 56 -1,
32 56 58 -1,
32 58 61 -1,
32 61 62 -1,
32 62 64 -1,
32 64 67 -1,
32 67 69 -1,
32 69 70 -1,
32 70 73 -1,
32 73 74 -1,
32 74 76 -1,
32 76 79 -1,
32 79 80 -1,
32 80 83 -1,
32 83 85 -1,
32 85 86 -1,
32 86 89 -1,
32 89 90 -1,
32 99 101 -1,
32 101 102 -1,
32 102 105 -1,
32 105 106 -1,
32 106 109 -1,
32 109 111 -1,
32 111 112 -1,
32 112 115 -1,
32 115 117 -1,
32 117 118 -1,
32 118 121 -1,
32 121 122 -1,
32 122 124 -1,
32 124 127 -1,
32 127 128 -1,
32 128 130 -1,
32 130 132 -1,
32 132 134 -1,
32 134 136 -1,
32 136 138 -1,
32 138 140 -1,
32 140 142 -1,
32 142 144 -1,
32 144 146 -1,
32 146 148 -1,
32 148 150 -1,
32 150 152 -1,
32 152 154 -1,
32 154 156 -1,
32 156 158 -1,
32 158 160 -1,
32 160 162 -1,
32 162 164 -1,
32 164 166 -1,
32 166 168 -1,
32 168 170 -1,
32 170 172 -1,
32 172 174 -1,
32 174 176 -1,
32 176 178 -1,
32 178 180 -1,
32 180 182 -1,
32 182 184 -1,
32 184 186 -1,
32 186 188 -1,
32 188 190 -1,
32 190 193 -1,
32 193 194 -1,
32 194 196 -1,
32 196 198 -1,
32 198 200 -1,
32 200 202 -1,
32 202 204 -1,
32 208 211 -1,
32 211 212 -1,
32 212 214 -1,
32 214 216 -1,
32 216 219 -1,
32 219 220 -1,
32 220 222 -1,
32 238 240 -1,
32 240 243 -1,
32 243 244 -1,
32 95 99 -1,
32 204 208 -1,
32 90 95 -1,
32 36 40 -1,
32 228 234 -1,
32 222 228 -1,
32 24 28 -1,
32 234 238 -1,
32 244 1 -1,
32 8 12 -1,
32 44 48 -1,
32 50 54 -1,
32 40 44 -1,
32 14 20 -1,
95 96 99 -1,
90 93 95 -1,
228 222 225 -1,
228 225 226 -1,
234 228 230 -1,
234 230 232 -1,
238 234 236 -1,
248 244 246 -1,
1 244 248 -1,
1 248 250 -1,
9 13 11 -1,
52 51 55 -1,
47 45 49 -1,
15 21 17 -1,
17 21 19 -1,
43 41 45 -1,
39 37 41 -1,
205 209 207 -1,
25 29 26 -1,
2 33 3 -1,
3 33 5 -1,
5 33 7 -1,
7 33 9 -1,
13 33 15 -1,
21 33 23 -1,
23 33 25 -1,
29 33 31 -1,
35 33 37 -1,
49 33 51 -1,
55 33 57 -1,
57 33 59 -1,
59 33 60 -1,
60 33 63 -1,
63 33 65 -1,
65 33 66 -1,
66 33 68 -1,
68 33 71 -1,
71 33 72 -1,
72 33 75 -1,
75 33 77 -1,
77 33 78 -1,
78 33 81 -1,
81 33 82 -1,
82 33 84 -1,
84 33 87 -1,
87 33 88 -1,
88 33 91 -1,
98 33 100 -1,
100 33 103 -1,
103 33 104 -1,
104 33 107 -1,
107 33 108 -1,
108 33 110 -1,
110 33 113 -1,
113 33 114 -1,
114 33 116 -1,
116 33 119 -1,
119 33 120 -1,
120 33 123 -1,
123 33 125 -1,
125 33 126 -1,
126 33 129 -1,
129 33 131 -1,
131 33 133 -1,
133 33 135 -1,
135 33 137 -1,
137 33 139 -1,
139 33 141 -1,
141 33 143 -1,
143 33 145 -1,
145 33 147 -1,
147 33 149 -1,
149 33 151 -1,
151 33 153 -1,
153 33 155 -1,
155 33 157 -1,
157 33 159 -1,
159 33 161 -1,
161 33 163 -1,
163 33 165 -1,
165 33 167 -1,
167 33 169 -1,
169 33 171 -1,
171 33 173 -1,
173 33 175 -1,
175 33 177 -1,
177 33 179 -1,
179 33 181 -1,
181 33 183 -1,
183 33 185 -1,
185 33 187 -1,
187 33 189 -1,
189 33 191 -1,
191 33 192 -1,
192 33 195 -1,
195 33 197 -1,
197 33 199 -1,
199 33 201 -1,
201 33 203 -1,
203 33 205 -1,
209 33 210 -1,
210 33 213 -1,
213 33 215 -1,
215 33 217 -1,
217 33 218 -1,
218 33 221 -1,
221 33 223 -1,
239 33 241 -1,
241 33 242 -1,
242 33 245 -1,
94 33 98 -1,
205 33 209 -1,
91 33 94 -1,
37 33 41 -1,
229 33 235 -1,
223 33 229 -1,
25 33 29 -1,
235 33 239 -1,
245 33 2 -1,
9 33 13 -1,
45 33 49 -1,
51 33 55 -1,
41 33 45 -1,
15 33 21 -1,
97 94 98 -1,
92 91 94 -1,
223 229 224 -1,
224 229 227 -1,
229 235 231 -1,
231 235 233 -1,
235 239 237 -1,
245 249 247 -1,
245 2 249 -1,
249 2 251 -1 ] } }
Shape { appearance Appearance { material Material { diffuseColor 0.7 0.72 0.74 } } geometry IndexedFaceSet { solid FALSE coord Coordinate { point [ -0.098425 -7.059055 -0.984252,
-0.098425 -7.059055 0.000000,
-0.098425 -6.940945 -0.984252,
-0.098425 -6.940945 0.000000,
0.098425 -7.059055 0.000000,
0.098425 -7.059055 -0.984252,
0.098425 -6.940945 -0.984252,
0.098425 -6.940945 0.000000 ] } coordIndex [ 0 1 2 -1,
2 1 3 -1,
4 5 6 -1,
4 6 7 -1,
5 4 0 -1,
0 4 1 -1,
7 6 2 -1,
7 2 3 -1,
2 6 0 -1,
0 6 5 -1,
7 3 1 -1,
7 1 4 -1 ] } }
Shape { appearance Appearance { material Material { diffuseColor 0.7 0.72 0.74 } } geometry IndexedFaceSet { solid FALSE coord Coordinate { point [ -0.098425 -7.059055 1.181102,
-0.098425 -7.059055 2.559055,
-0.098425 -6.940945 1.181102,
-0.098425 -6.940945 2.559055,
0.098425 -7.059055 2.559055,
0.098425 -7.059055 1.181102,
0.098425 -6.940945 1.181102,
0.098425 -6.940945 2.559055 ] } coordIndex [ 0 1 2 -1,
2 1 3 -1,
4 5 6 -1,
4 6 7 -1,
5 4 0 -1,
0 4 1 -1,
7 6 2 -1,
7 2 3 -1,
2 6 0 -1,
0 6 5 -1,
7 3 1 -1,
7 1 4 -1 ] } }
Shape { appearance Appearance { material Material { diffuseColor 0.7 0.72 0.74 } } geometry IndexedFaceSet { solid FALSE coord Coordinate { point [ 0.200787 -7.002944 2.618037,
0.200787 -7.000000 2.618110,
0.000000 -7.000000 2.618110,
0.000000 -7.002944 2.618037,
0.200787 -7.005880 2.617817,
0.000000 -7.005880 2.617817,
0.200787 -7.008802 2.617451,
0.000000 -7.008802 2.617451,
0.200787 -7.011702 2.616939,
0.000000 -7.011702 2.616939,
0.200787 -7.014572 2.616284,
0.000000 -7.014572 2.616284,
0.200787 -7.017407 2.615487,
0.000000 -7.017407 2.615487,
0.200787 -7.020198 2.614549,
0.000000 -7.020198 2.614549,
0.200787 -7.022939 2.613473,
0.000000 -7.022939 2.613473,
0.200787 -7.025623 2.612262,
0.000000 -7.025623 2.612262,
0.200787 -7.028243 2.610919,
0.000000 -7.028243 2.610919,
0.200787 -7.030793 2.609446,
0.000000 -7.030793 2.609446,
0.200787 -7.033267 2.607849,
0.000000 -7.033267 2.607849,
0.000000 -7.035658 2.606130,
0.200787 -7.035658 2.606130,
0.200787 -7.037960 2.604294,
0.000000 -7.037960 2.604294,
0.200787 -7.040168 2.602346,
0.000000 -7.040168 2.602346,
0.200787 -7.042276 2.600290,
0.000000 -7.042276 2.600290,
0.200787 -7.044278 2.598131,
0.000000 -7.044278 2.598131,
0.200787 -7.046171 2.595875,
0.000000 -7.046171 2.595875,
0.200787 -7.047949 2.593528,
0.000000 -7.047949 2.593528,
0.200787 -7.049608 2.591095,
0.000000 -7.049608 2.591095,
0.200787 -7.051143 2.588583,
0.000000 -7.051143 2.588583,
0.200787 -7.052551 2.585997,
0.000000 -7.052551 2.585997,
0.200787 -7.053829 2.583344,
0.000000 -7.053829 2.583344,
0.200787 -7.054973 2.580630,
0.000000 -7.054973 2.580630,
0.200787 -7.055980 2.577863,
0.000000 -7.055980 2.577863,
0.000000 -7.056848 2.575050,
0.200787 -7.056848 2.575050,
0.200787 -7.057574 2.572196,
0.000000 -7.057574 2.572196,
0.200787 -7.058158 2.569310,
0.000000 -7.058158 2.569310,
0.200787 -7.058597 2.566398,
0.000000 -7.058597 2.566398,
0.000000 -7.058890 2.563468,
0.200787 -7.058890 2.563468,
0.200787 -7.059037 2.560527,
0.000000 -7.059037 2.560527,
0.200787 -7.059037 2.557583,
0.000000 -7.059037 2.557583,
0.000000 -7.058890 2.554642,
0.200787 -7.058890 2.554642,
0.000000 -7.058597 2.551712,
0.200787 -7.058597 2.551712,
0.200787 -7.058158 2.548800,
0.000000 -7.058158 2.548800,
0.000000 -7.057574 2.545914,
0.200787 -7.057574 2.545914,
0.200787 -7.056848 2.543061,
0.000000 -7.056848 2.543061,
0.200787 -7.055980 2.540247,
0.000000 -7.055980 2.540247,
0.000000 -7.054973 2.537480,
0.200787 -7.054973 2.537480,
0.200787 -7.053829 2.534767,
0.000000 -7.053829 2.534767,
0.000000 -7.052551 2.532114,
0.200787 -7.052551 2.532114,
0.000000 -7.051143 2.529528,
0.200787 -7.051143 2.529528,
0.200787 -7.049608 2.527015,
0.000000 -7.049608 2.527015,
0.000000 -7.047949 2.524582,
0.200787 -7.047949 2.524582,
0.200787 -7.046171 2.522235,
0.000000 -7.046171 2.522235,
0.000000 -7.044278 2.519979,
0.200787 -7.044278 2.519979,
0.000000 -7.042276 2.517821,
0.200787 -7.042276 2.517821,
0.200787 -7.040168 2.515765,
0.000000 -7.040168 2.515765,
0.000000 -7.037960 2.513816,
0.200787 -7.037960 2.513816,
0.000000 -7.035658 2.511980,
0.200787 -7.035658 2.511980,
0.200787 -7.033267 2.510261,
0.000000 -7.033267 2.510261,
0.000000 -7.030793 2.508664,
0.200787 -7.030793 2.508664,
0.200787 -7.028243 2.507192,
0.000000 -7.028243 2.507192,
0.000000 -7.025623 2.505848,
0.200787 -7.025623 2.505848,
0.000000 -7.022939 2.504637,
0.200787 -7.022939 2.504637,
0.200787 -7.020198 2.503561,
0.000000 -7.020198 2.503561,
0.000000 -7.017407 2.502624,
0.200787 -7.017407 2.502624,
0.000000 -7.014572 2.501826,
0.200787 -7.014572 2.501826,
0.200787 -7.011702 2.501171,
0.000000 -7.011702 2.501171,
0.000000 -7.008802 2.500660,
0.200787 -7.008802 2.500660,
0.200787 -7.005880 2.500293,
0.000000 -7.005880 2.500293,
0.200787 -7.002944 2.500073,
0.000000 -7.002944 2.500073,
0.000000 -7.000000 2.500000,
0.200787 -7.000000 2.500000,
0.200787 -6.997056 2.500073,
0.000000 -6.997056 2.500073,
0.200787 -6.994120 2.500293,
0.000000 -6.994120 2.500293,
0.200787 -6.991198 2.500660,
0.000000 -6.991198 2.500660,
0.200787 -6.988298 2.501171,
0.000000 -6.988298 2.501171,
0.200787 -6.985428 2.501826,
0.000000 -6.985428 2.501826,
0.200787 -6.982593 2.502624,
0.000000 -6.982593 2.502624,
0.200787 -6.979802 2.503561,
0.000000 -6.979802 2.503561,
0.200787 -6.977061 2.504637,
0.000000 -6.977061 2.504637,
0.200787 -6.974377 2.505848,
0.000000 -6.974377 2.505848,
0.200787 -6.971757 2.507192,
0.000000 -6.971757 2.507192,
0.200787 -6.969207 2.508664,
0.000000 -6.969207 2.508664,
0.200787 -6.966733 2.510261,
0.000000 -6.966733 2.510261,
0.200787 -6.964342 2.511980,
0.000000 -6.964342 2.511980,
0.200787 -6.962040 2.513816,
0.000000 -6.962040 2.513816,
0.200787 -6.959832 2.515765,
0.000000 -6.959832 2.515765,
0.200787 -6.957724 2.517821,
0.000000 -6.957724 2.517821,
0.200787 -6.955722 2.519979,
0.000000 -6.955722 2.519979,
0.200787 -6.953829 2.522235,
0.000000 -6.953829 2.522235,
0.200787 -6.952051 2.524582,
0.000000 -6.952051 2.524582,
0.200787 -6.950392 2.527015,
0.000000 -6.950392 2.527015,
0.200787 -6.948857 2.529528,
0.000000 -6.948857 2.529528,
0.200787 -6.947449 2.532114,
0.000000 -6.947449 2.532114,
0.200787 -6.946171 2.534767,
0.000000 -6.946171 2.534767,
0.200787 -6.945027 2.537480,
0.000000 -6.945027 2.537480,
0.200787 -6.944020 2.540247,
0.000000 -6.944020 2.540247,
0.200787 -6.943152 2.543061,
0.000000 -6.943152 2.543061,
0.200787 -6.942426 2.545914,
0.000000 -6.942426 2.545914,
0.200787 -6.941842 2.548800,
0.000000 -6.941842 2.548800,
0.200787 -6.941403 2.551712,
0.000000 -6.941403 2.551712,
0.200787 -6.941110 2.554642,
0.000000 -6.941110 2.554642,
0.200787 -6.940963 2.557583,
0.000000 -6.940963 2.557583,
0.200787 -6.940963 2.560527,
0.000000 -6.940963 2.560527,
0.000000 -6.941110 2.563468,
0.200787 -6.941110 2.563468,
0.200787 -6.941403 2.566398,
0.000000 -6.941403 2.566398,
0.200787 -6.941842 2.569310,
0.000000 -6.941842 2.569310,
0.200787 -6.942426 2.572196,
0.000000 -6.942426 2.572196,
0.200787 -6.943152 2.575050,
0.000000 -6.943152 2.575050,
0.200787 -6.944020 2.577863,
0.000000 -6.944020 2.577863,
0.200787 -6.945027 2.580630,
0.000000 -6.945027 2.580630,
0.200787 -6.946171 2.583344,
0.000000 -6.946171 2.583344,
0.200787 -6.947449 2.585997,
0.000000 -6.947449 2.585997,
0.000000 -6.948857 2.588583,
0.200787 -6.948857 2.588583,
0.200787 -6.950392 2.591095,
0.000000 -6.950392 2.591095,
0.200787 -6.952051 2.593528,
0.000000 -6.952051 2.593528,
0.200787 -6.953829 2.595875,
0.000000 -6.953829 2.595875,
0.000000 -6.955722 2.598131,
0.200787 -6.955722 2.598131,
0.200787 -6.957724 2.600290,
0.000000 -6.957724 2.600290,
0.200787 -6.959832 2.602346,
0.000000 -6.959832 2.602346,
0.000000 -6.962040 2.604294,
0.200787 -6.962040 2.604294,
0.200787 -6.964342 2.606130,
0.000000 -6.964342 2.606130,
0.200787 -6.966733 2.607849,
0.000000 -6.966733 2.607849,
0.200787 -6.969207 2.609446,
0.000000 -6.969207 2.609446,
0.200787 -6.971757 2.610919,
0.000000 -6.971757 2.610919,
0.200787 -6.974377 2.612262,
0.000000 -6.974377 2.612262,
0.200787 -6.977061 2.613473,
0.000000 -6.977061 2.613473,
0.200787 -6.979802 2.614549,
0.000000 -6.979802 2.614549,
0.200787 -6.982593 2.615487,
0.000000 -6.982593 2.615487,
0.000000 -6.985428 2.616284,
0.200787 -6.985428 2.616284,
0.200787 -6.988298 2.616939,
0.000000 -6.988298 2.616939,
0.200787 -6.991198 2.617451,
0.000000 -6.991198 2.617451,
0.200787 -6.994120 2.617817,
0.000000 -6.994120 2.617817,
0.200787 -6.997056 2.618037,
0.000000 -6.997056 2.618037 ] } coordIndex [ 0 1 2 -1,
0 2 3 -1,
4 3 5 -1,
4 0 3 -1,
6 5 7 -1,
6 4 5 -1,
8 7 9 -1,
8 6 7 -1,
10 9 11 -1,
10 8 9 -1,
12 11 13 -1,
12 10 11 -1,
14 13 15 -1,
14 12 13 -1,
16 15 17 -1,
16 14 15 -1,
18 17 19 -1,
18 16 17 -1,
20 19 21 -1,
20 18 19 -1,
22 20 21 -1,
22 21 23 -1,
24 22 23 -1,
24 23 25 -1,
24 25 26 -1,
27 24 26 -1,
28 27 26 -1,
28 26 29 -1,
30 28 29 -1,
30 29 31 -1,
32 30 31 -1,
32 31 33 -1,
34 32 33 -1,
34 33 35 -1,
36 34 35 -1,
36 35 37 -1,
38 36 37 -1,
38 37 39 -1,
40 38 39 -1,
40 39 41 -1,
42 40 41 -1,
42 41 43 -1,
44 42 43 -1,
44 43 45 -1,
46 45 47 -1,
46 44 45 -1,
48 47 49 -1,
48 46 47 -1,
50 49 51 -1,
50 51 52 -1,
50 48 49 -1,
53 50 52 -1,
54 52 55 -1,
54 53 52 -1,
56 55 57 -1,
56 54 55 -1,
58 57 59 -1,
58 59 60 -1,
58 56 57 -1,
61 58 60 -1,
62 60 63 -1,
62 61 60 -1,
64 63 65 -1,
64 65 66 -1,
64 62 63 -1,
67 66 68 -1,
67 64 66 -1,
69 67 68 -1,
70 68 71 -1,
70 71 72 -1,
70 69 68 -1,
73 70 72 -1,
74 73 72 -1,
74 72 75 -1,
76 74 75 -1,
76 75 77 -1,
76 77 78 -1,
79 76 78 -1,
80 79 78 -1,
80 78 81 -1,
80 81 82 -1,
83 80 82 -1,
83 82 84 -1,
85 83 84 -1,
86 85 84 -1,
86 84 87 -1,
86 87 88 -1,
89 86 88 -1,
90 89 88 -1,
90 88 91 -1,
90 91 92 -1,
93 90 92 -1,
93 92 94 -1,
95 93 94 -1,
96 95 94 -1,
96 94 97 -1,
96 97 98 -1,
99 96 98 -1,
99 98 100 -1,
101 99 100 -1,
102 101 100 -1,
102 100 103 -1,
102 103 104 -1,
105 102 104 -1,
106 105 104 -1,
106 104 107 -1,
106 107 108 -1,
109 106 108 -1,
109 108 110 -1,
111 109 110 -1,
112 111 110 -1,
112 110 113 -1,
112 113 114 -1,
115 114 116 -1,
115 112 114 -1,
117 115 116 -1,
118 116 119 -1,
118 119 120 -1,
118 117 116 -1,
121 118 120 -1,
122 120 123 -1,
122 121 120 -1,
124 122 123 -1,
124 123 125 -1,
124 125 126 -1,
127 124 126 -1,
128 127 126 -1,
128 126 129 -1,
130 128 129 -1,
130 129 131 -1,
132 130 131 -1,
132 131 133 -1,
134 132 133 -1,
134 133 135 -1,
136 134 135 -1,
136 135 137 -1,
138 136 137 -1,
138 137 139 -1,
140 138 139 -1,
140 139 141 -1,
142 140 141 -1,
142 141 143 -1,
144 142 143 -1,
144 143 145 -1,
146 144 145 -1,
146 145 147 -1,
148 146 147 -1,
148 147 149 -1,
150 149 151 -1,
150 148 149 -1,
152 151 153 -1,
152 150 151 -1,
154 153 155 -1,
154 152 153 -1,
156 155 157 -1,
156 154 155 -1,
158 157 159 -1,
158 156 157 -1,
160 159 161 -1,
160 158 159 -1,
162 161 163 -1,
162 160 161 -1,
164 163 165 -1,
164 162 163 -1,
166 165 167 -1,
166 164 165 -1,
168 167 169 -1,
168 166 167 -1,
170 169 171 -1,
170 168 169 -1,
172 171 173 -1,
172 170 171 -1,
174 173 175 -1,
174 172 173 -1,
176 174 175 -1,
176 175 177 -1,
178 176 177 -1,
178 177 179 -1,
180 178 179 -1,
180 179 181 -1,
182 180 181 -1,
182 181 183 -1,
184 183 185 -1,
184 182 183 -1,
186 185 187 -1,
186 184 185 -1,
188 187 189 -1,
188 186 187 -1,
190 189 191 -1,
190 191 192 -1,
190 188 189 -1,
193 190 192 -1,
194 192 195 -1,
194 193 192 -1,
196 195 197 -1,
196 194 195 -1,
198 197 199 -1,
198 196 197 -1,
200 199 201 -1,
200 198 199 -1,
202 201 203 -1,
202 200 201 -1,
204 203 205 -1,
204 202 203 -1,
206 205 207 -1,
206 204 205 -1,
208 207 209 -1,
208 209 210 -1,
208 206 207 -1,
211 208 210 -1,
212 210 213 -1,
212 211 210 -1,
214 213 215 -1,
214 212 213 -1,
216 215 217 -1,
216 217 218 -1,
216 214 215 -1,
219 216 218 -1,
220 218 221 -1,
220 219 218 -1,
222 221 223 -1,
222 223 224 -1,
222 220 221 -1,
225 222 224 -1,
226 225 224 -1,
226 224 227 -1,
228 226 227 -1,
228 227 229 -1,
230 228 229 -1,
230 229 231 -1,
232 230 231 -1,
232 231 233 -1,
234 232 233 -1,
234 233 235 -1,
236 234 235 -1,
236 235 237 -1,
238 236 237 -1,
238 237 239 -1,
240 238 239 -1,
240 239 241 -1,
240 241 242 -1,
243 240 242 -1,
244 243 242 -1,
244 242 245 -1,
246 244 245 -1,
246 245 247 -1,
248 246 247 -1,
248 247 249 -1,
250 249 251 -1,
250 248 249 -1,
250 251 2 -1,
1 250 2 -1,
12 8 10 -1,
50 53 54 -1,
44 46 48 -1,
20 14 16 -1,
20 16 18 -1,
40 42 44 -1,
36 38 40 -1,
208 204 206 -1,
28 24 27 -1,
32 1 0 -1,
32 0 4 -1,
32 4 6 -1,
32 6 8 -1,
32 12 14 -1,
32 20 22 -1,
32 22 24 -1,
32 28 30 -1,
32 34 36 -1,
32 48 50 -1,
32 54 56 -1,
32 56 58 -1,
32 58 61 -1,
32 61 62 -1,
32 62 64 -1,
32 64 67 -1,
32 67 69 -1,
32 69 70 -1,
32 70 73 -1,
32 73 74 -1,
32 74 76 -1,
32 76 79 -1,
32 79 80 -1,
32 80 83 -1,
32 83 85 -1,
32 85 86 -1,
32 86 89 -1,
32 89 90 -1,
32 99 101 -1,
32 101 102 -1,
32 102 105 -1,
32 105 106 -1,
32 106 109 -1,
32 109 111 -1,
32 111 112 -1,
32 112 115 -1,
32 115 117 -1,
32 117 118 -1,
32 118 121 -1,
32 121 122 -1,
32 122 124 -1,
32 124 127 -1,
32 127 128 -1,
32 128 130 -1,
32 130 132 -1,
32 132 134 -1,
32 134 136 -1,
32 136 138 -1,
32 138 140 -1,
32 140 142 -1,
32 142 144 -1,
32 144 146 -1,
32 146 148 -1,
32 148 150 -1,
32 150 152 -1,
32 152 154 -1,
32 154 156 -1,
32 156 158 -1,
32 158 160 -1,
32 160 162 -1,
32 162 164 -1,
32 164 166 -1,
32 166 168 -1,
32 168 170 -1,
32 170 172 -1,
32 172 174 -1,
32 174 176 -1,
32 176 178 -1,
32 178 180 -1,
32 180 182 -1,
32 182 184 -1,
32 184 186 -1,
32 186 188 -1,
32 188 190 -1,
32 190 193 -1,
32 193 194 -1,
32 194 196 -1,
32 196 198 -1,
32 198 200 -1,
32 200 202 -1,
32 202 204 -1,
32 208 211 -1,
32 211 212 -1,
32 212 214 -1,
32 214 216 -1,
32 216 219 -1,
32 219 220 -1,
32 220 222 -1,
32 238 240 -1,
32 240 243 -1,
32 243 244 -1,
32 95 99 -1,
32 204 208 -1,
32 90 95 -1,
32 36 40 -1,
32 228 234 -1,
32 222 228 -1,
32 24 28 -1,
32 234 238 -1,
32 244 1 -1,
32 8 12 -1,
32 44 48 -1,
32 50 54 -1,
32 40 44 -1,
32 14 20 -1,
95 96 99 -1,
90 93 95 -1,
228 222 225 -1,
228 225 226 -1,
234 228 230 -1,
234 230 232 -1,
238 234 236 -1,
248 244 246 -1,
1 244 248 -1,
1 248 250 -1,
9 13 11 -1,
52 51 55 -1,
47 45 49 -1,
15 21 17 -1,
17 21 19 -1,
43 41 45 -1,
39 37 41 -1,
205 209 207 -1,
25 29 26 -1,
2 33 3 -1,
3 33 5 -1,
5 33 7 -1,
7 33 9 -1,
13 33 15 -1,
21 33 23 -1,
23 33 25 -1,
29 33 31 -1,
35 33 37 -1,
49 33 51 -1,
55 33 57 -1,
57 33 59 -1,
59 33 60 -1,
60 33 63 -1,
63 33 65 -1,
65 33 66 -1,
66 33 68 -1,
68 33 71 -1,
71 33 72 -1,
72 33 75 -1,
75 33 77 -1,
77 33 78 -1,
78 33 81 -1,
81 33 82 -1,
82 33 84 -1,
84 33 87 -1,
87 33 88 -1,
88 33 91 -1,
98 33 100 -1,
100 33 103 -1,
103 33 104 -1,
104 33 107 -1,
107 33 108 -1,
108 33 110 -1,
110 33 113 -1,
113 33 114 -1,
114 33 116 -1,
116 33 119 -1,
119 33 120 -1,
120 33 123 -1,
123 33 125 -1,
125 33 126 -1,
126 33 129 -1,
129 33 131 -1,
131 33 133 -1,
133 33 135 -1,
135 33 137 -1,
137 33 139 -1,
139 33 141 -1,
141 33 143 -1,
143 33 145 -1,
145 33 147 -1,
147 33 149 -1,
149 33 151 -1,
151 33 153 -1,
153 33 155 -1,
155 33 157 -1,
157 33 159 -1,
159 33 161 -1,
161 33 163 -1,
163 33 165 -1,
165 33 167 -1,
167 33 169 -1,
169 33 171 -1,
171 33 173 -1,
173 33 175 -1,
175 33 177 -1,
177 33 179 -1,
179 33 181 -1,
181 33 183 -1,
183 33 185 -1,
185 33 187 -1,
187 33 189 -1,
189 33 191 -1,
191 33 192 -1,
192 33 195 -1,
195 33 197 -1,
197 33 199 -1,
199 33 201 -1,
201 33 203 -1,
203 33 205 -1,
209 33 210 -1,
210 33 213 -1,
213 33 215 -1,
215 33 217 -1,
217 33 218 -1,
218 33 221 -1,
221 33 223 -1,
239 33 241 -1,
241 33 242 -1,
242 33 245 -1,
94 33 98 -1,
205 33 209 -1,
91 33 94 -1,
37 33 41 -1,
229 33 235 -1,
223 33 229 -1,
25 33 29 -1,
235 33 239 -1,
245 33 2 -1,
9 33 13 -1,
45 33 49 -1,
51 33 55 -1,
41 33 45 -1,
15 33 21 -1,
97 94 98 -1,
92 91 94 -1,
223 229 224 -1,
224 229 227 -1,
229 235 231 -1,
231 235 233 -1,
235 239 237 -1,
245 249 247 -1,
245 2 249 -1,
249 2 251 -1 ] } }
Shape { appearance Appearance { material Material { diffuseColor 0.7 0.72 0.74 } } geometry IndexedFaceSet { solid FALSE coord Coordinate { point [ 2.901575 -0.059055 -0.984252,
2.901575 -0.059055 0.000000,
2.901575 0.059055 -0.984252,
2.901575 0.059055 0.000000,
3.098425 -0.059055 0.000000,
3.098425 -0.059055 -0.984252,
3.098425 0.059055 -0.984252,
3.098425 0.059055 0.000000 ] } coordIndex [ 0 1 2 -1,
2 1 3 -1,
4 5 6 -1,
4 6 7 -1,
5 4 0 -1,
0 4 1 -1,
7 6 2 -1,
7 2 3 -1,
2 6 0 -1,
0 6 5 -1,
7 3 1 -1,
7 1 4 -1 ] } }
Shape { appearance Appearance { material Material { diffuseColor 0.7 0.72 0.74 } } geometry IndexedFaceSet { solid FALSE coord Coordinate { point [ 2.901575 -0.059055 1.181102,
2.901575 -0.059055 2.559055,
2.901575 0.059055 1.181102,
2.901575 0.059055 2.559055,
3.098425 -0.059055 2.559055,
3.098425 -0.059055 1.181102,
3.098425 0.059055 1.181102,
3.098425 0.059055 2.559055 ] } coordIndex [ 0 1 2 -1,
2 1 3 -1,
4 5 6 -1,
4 6 7 -1,
5 4 0 -1,
0 4 1 -1,
7 6 2 -1,
7 2 3 -1,
2 6 0 -1,
0 6 5 -1,
7 3 1 -1,
7 1 4 -1 ] } }
Shape { appearance Appearance { material Material { diffuseColor 0.7 0.72 0.74 } } geometry IndexedFaceSet { solid FALSE coord Coordinate { point [ 2.799213 -0.002944 2.500073,
2.799213 0.000000 2.500000,
3.000000 0.000000 2.500000,
3.000000 -0.002944 2.500073,
2.799213 -0.005880 2.500293,
3.000000 -0.005880 2.500293,
2.799213 -0.008802 2.500660,
3.000000 -0.008802 2.500660,
2.799213 -0.011702 2.501171,
3.000000 -0.011702 2.501171,
3.000000 -0.014572 2.501826,
2.799213 -0.014572 2.501826,
2.799213 -0.017407 2.502624,
3.000000 -0.017407 2.502624,
2.799213 -0.020198 2.503561,
3.000000 -0.020198 2.503561,
2.799213 -0.022939 2.504637,
3.000000 -0.022939 2.504637,
3.000000 -0.025623 2.505848,
2.799213 -0.025623 2.505848,
2.799213 -0.028243 2.507192,
3.000000 -0.028243 2.507192,
2.799213 -0.030793 2.508664,
3.000000 -0.030793 2.508664,
3.000000 -0.033267 2.510261,
2.799213 -0.033267 2.510261,
2.799213 -0.035658 2.511980,
3.000000 -0.035658 2.511980,
2.799213 -0.037960 2.513816,
3.000000 -0.037960 2.513816,
3.000000 -0.040168 2.515765,
2.799213 -0.040168 2.515765,
2.799213 -0.042276 2.517821,
3.000000 -0.042276 2.517821,
2.799213 -0.044278 2.519979,
3.000000 -0.044278 2.519979,
2.799213 -0.046171 2.522235,
3.000000 -0.046171 2.522235,
2.799213 -0.047949 2.524582,
3.000000 -0.047949 2.524582,
2.799213 -0.049608 2.527015,
3.000000 -0.049608 2.527015,
2.799213 -0.051143 2.529528,
3.000000 -0.051143 2.529528,
2.799213 -0.052551 2.532114,
3.000000 -0.052551 2.532114,
2.799213 -0.053829 2.534767,
3.000000 -0.053829 2.534767,
2.799213 -0.054973 2.537480,
3.000000 -0.054973 2.537480,
2.799213 -0.055980 2.540247,
3.000000 -0.055980 2.540247,
3.000000 -0.056848 2.543061,
2.799213 -0.056848 2.543061,
2.799213 -0.057574 2.545914,
3.000000 -0.057574 2.545914,
2.799213 -0.058158 2.548800,
3.000000 -0.058158 2.548800,
3.000000 -0.058597 2.551712,
2.799213 -0.058597 2.551712,
2.799213 -0.058890 2.554642,
3.000000 -0.058890 2.554642,
2.799213 -0.059037 2.557583,
3.000000 -0.059037 2.557583,
2.799213 -0.059037 2.560527,
3.000000 -0.059037 2.560527,
3.000000 -0.058890 2.563468,
2.799213 -0.058890 2.563468,
2.799213 -0.058597 2.566398,
3.000000 -0.058597 2.566398,
3.000000 -0.058158 2.569310,
2.799213 -0.058158 2.569310,
2.799213 -0.057574 2.572196,
3.000000 -0.057574 2.572196,
2.799213 -0.056848 2.575050,
3.000000 -0.056848 2.575050,
3.000000 -0.055980 2.577863,
2.799213 -0.055980 2.577863,
2.799213 -0.054973 2.580630,
3.000000 -0.054973 2.580630,
3.000000 -0.053829 2.583344,
2.799213 -0.053829 2.583344,
2.799213 -0.052551 2.585997,
3.000000 -0.052551 2.585997,
2.799213 -0.051143 2.588583,
3.000000 -0.051143 2.588583,
2.799213 -0.049608 2.591095,
3.000000 -0.049608 2.591095,
3.000000 -0.047949 2.593528,
2.799213 -0.047949 2.593528,
2.799213 -0.046171 2.595875,
3.000000 -0.046171 2.595875,
3.000000 -0.044278 2.598131,
2.799213 -0.044278 2.598131,
3.000000 -0.042276 2.600290,
2.799213 -0.042276 2.600290,
2.799213 -0.040168 2.602346,
3.000000 -0.040168 2.602346,
3.000000 -0.037960 2.604294,
2.799213 -0.037960 2.604294,
2.799213 -0.035658 2.606130,
3.000000 -0.035658 2.606130,
3.000000 -0.033267 2.607849,
2.799213 -0.033267 2.607849,
3.000000 -0.030793 2.609446,
2.799213 -0.030793 2.609446,
2.799213 -0.028243 2.610919,
3.000000 -0.028243 2.610919,
3.000000 -0.025623 2.612262,
2.799213 -0.025623 2.612262,
2.799213 -0.022939 2.613473,
3.000000 -0.022939 2.613473,
3.000000 -0.020198 2.614549,
2.799213 -0.020198 2.614549,
2.799213 -0.017407 2.615487,
3.000000 -0.017407 2.615487,
3.000000 -0.014572 2.616284,
2.799213 -0.014572 2.616284,
2.799213 -0.011702 2.616939,
3.000000 -0.011702 2.616939,
3.000000 -0.008802 2.617451,
2.799213 -0.008802 2.617451,
2.799213 -0.005880 2.617817,
3.000000 -0.005880 2.617817,
2.799213 -0.002944 2.618037,
3.000000 -0.002944 2.618037,
3.000000 0.000000 2.618110,
2.799213 0.000000 2.618110,
2.799213 0.002944 2.618037,
3.000000 0.002944 2.618037,
2.799213 0.005880 2.617817,
3.000000 0.005880 2.617817,
2.799213 0.008802 2.617451,
3.000000 0.008802 2.617451,
2.799213 0.011702 2.616939,
3.000000 0.011702 2.616939,
2.799213 0.014572 2.616284,
3.000000 0.014572 2.616284,
2.799213 0.017407 2.615487,
3.000000 0.017407 2.615487,
2.799213 0.020198 2.614549,
3.000000 0.020198 2.614549,
2.799213 0.022939 2.613473,
3.000000 0.022939 2.613473,
2.799213 0.025623 2.612262,
3.000000 0.025623 2.612262,
2.799213 0.028243 2.610919,
3.000000 0.028243 2.610919,
2.799213 0.030793 2.609446,
3.000000 0.030793 2.609446,
2.799213 0.033267 2.607849,
3.000000 0.033267 2.607849,
2.799213 0.035658 2.606130,
3.000000 0.035658 2.606130,
2.799213 0.037960 2.604294,
3.000000 0.037960 2.604294,
2.799213 0.040168 2.602346,
3.000000 0.040168 2.602346,
2.799213 0.042276 2.600290,
3.000000 0.042276 2.600290,
2.799213 0.044278 2.598131,
3.000000 0.044278 2.598131,
2.799213 0.046171 2.595875,
3.000000 0.046171 2.595875,
2.799213 0.047949 2.593528,
3.000000 0.047949 2.593528,
2.799213 0.049608 2.591095,
3.000000 0.049608 2.591095,
2.799213 0.051143 2.588583,
3.000000 0.051143 2.588583,
2.799213 0.052551 2.585997,
3.000000 0.052551 2.585997,
2.799213 0.053829 2.583344,
3.000000 0.053829 2.583344,
2.799213 0.054973 2.580630,
3.000000 0.054973 2.580630,
2.799213 0.055980 2.577863,
3.000000 0.055980 2.577863,
2.799213 0.056848 2.575050,
3.000000 0.056848 2.575050,
2.799213 0.057574 2.572196,
3.000000 0.057574 2.572196,
2.799213 0.058158 2.569310,
3.000000 0.058158 2.569310,
2.799213 0.058597 2.566398,
3.000000 0.058597 2.566398,
2.799213 0.058890 2.563468,
3.000000 0.058890 2.563468,
2.799213 0.059037 2.560527,
3.000000 0.059037 2.560527,
2.799213 0.059037 2.557583,
3.000000 0.059037 2.557583,
2.799213 0.058890 2.554642,
3.000000 0.058890 2.554642,
2.799213 0.058597 2.551712,
3.000000 0.058597 2.551712,
2.799213 0.058158 2.548800,
3.000000 0.058158 2.548800,
2.799213 0.057574 2.545914,
3.000000 0.057574 2.545914,
2.799213 0.056848 2.543061,
3.000000 0.056848 2.543061,
2.799213 0.055980 2.540247,
3.000000 0.055980 2.540247,
3.000000 0.054973 2.537480,
2.799213 0.054973 2.537480,
2.799213 0.053829 2.534767,
3.000000 0.053829 2.534767,
2.799213 0.052551 2.532114,
3.000000 0.052551 2.532114,
2.799213 0.051143 2.529528,
3.000000 0.051143 2.529528,
2.799213 0.049608 2.527015,
3.000000 0.049608 2.527015,
3.000000 0.047949 2.524582,
2.799213 0.047949 2.524582,
2.799213 0.046171 2.522235,
3.000000 0.046171 2.522235,
2.799213 0.044278 2.519979,
3.000000 0.044278 2.519979,
2.799213 0.042276 2.517821,
3.000000 0.042276 2.517821,
2.799213 0.040168 2.515765,
3.000000 0.040168 2.515765,
2.799213 0.037960 2.513816,
3.000000 0.037960 2.513816,
2.799213 0.035658 2.511980,
3.000000 0.035658 2.511980,
2.799213 0.033267 2.510261,
3.000000 0.033267 2.510261,
2.799213 0.030793 2.508664,
3.000000 0.030793 2.508664,
2.799213 0.028243 2.507192,
3.000000 0.028243 2.507192,
2.799213 0.025623 2.505848,
3.000000 0.025623 2.505848,
2.799213 0.022939 2.504637,
3.000000 0.022939 2.504637,
2.799213 0.020198 2.503561,
3.000000 0.020198 2.503561,
2.799213 0.017407 2.502624,
3.000000 0.017407 2.502624,
3.000000 0.014572 2.501826,
2.799213 0.014572 2.501826,
2.799213 0.011702 2.501171,
3.000000 0.011702 2.501171,
2.799213 0.008802 2.500660,
3.000000 0.008802 2.500660,
2.799213 0.005880 2.500293,
3.000000 0.005880 2.500293,
2.799213 0.002944 2.500073,
3.000000 0.002944 2.500073 ] } coordIndex [ 0 1 2 -1,
0 2 3 -1,
4 3 5 -1,
4 0 3 -1,
6 5 7 -1,
6 4 5 -1,
8 7 9 -1,
8 9 10 -1,
8 6 7 -1,
11 8 10 -1,
12 10 13 -1,
12 11 10 -1,
14 13 15 -1,
14 12 13 -1,
16 15 17 -1,
16 17 18 -1,
16 14 15 -1,
19 16 18 -1,
20 18 21 -1,
20 19 18 -1,
22 20 21 -1,
22 21 23 -1,
22 23 24 -1,
25 22 24 -1,
26 25 24 -1,
26 24 27 -1,
28 26 27 -1,
28 27 29 -1,
28 29 30 -1,
31 28 30 -1,
32 31 30 -1,
32 30 33 -1,
34 32 33 -1,
34 33 35 -1,
36 34 35 -1,
36 35 37 -1,
38 36 37 -1,
38 37 39 -1,
40 38 39 -1,
40 39 41 -1,
42 40 41 -1,
42 41 43 -1,
44 42 43 -1,
44 43 45 -1,
46 45 47 -1,
46 44 45 -1,
48 47 49 -1,
48 46 47 -1,
50 49 51 -1,
50 51 52 -1,
50 48 49 -1,
53 50 52 -1,
54 52 55 -1,
54 53 52 -1,
56 55 57 -1,
56 57 58 -1,
56 54 55 -1,
59 56 58 -1,
60 58 61 -1,
60 59 58 -1,
62 61 63 -1,
62 60 61 -1,
64 63 65 -1,
64 65 66 -1,
64 62 63 -1,
67 64 66 -1,
68 66 69 -1,
68 69 70 -1,
68 67 66 -1,
71 68 70 -1,
72 71 70 -1,
72 70 73 -1,
74 72 73 -1,
74 73 75 -1,
74 75 76 -1,
77 74 76 -1,
78 77 76 -1,
78 76 79 -1,
78 79 80 -1,
81 78 80 -1,
82 81 80 -1,
82 80 83 -1,
84 82 83 -1,
84 83 85 -1,
86 84 85 -1,
86 85 87 -1,
86 87 88 -1,
89 86 88 -1,
90 89 88 -1,
90 88 91 -1,
90 91 92 -1,
93 90 92 -1,
93 92 94 -1,
95 93 94 -1,
96 95 94 -1,
96 94 97 -1,
96 97 98 -1,
99 96 98 -1,
100 99 98 -1,
100 98 101 -1,
100 101 102 -1,
103 100 102 -1,
103 102 104 -1,
105 103 104 -1,
106 105 104 -1,
106 104 107 -1,
106 107 108 -1,
109 106 108 -1,
110 109 108 -1,
110 108 111 -1,
110 111 112 -1,
113 110 112 -1,
114 113 112 -1,
114 112 115 -1,
114 115 116 -1,
117 114 116 -1,
118 116 119 -1,
118 119 120 -1,
118 117 116 -1,
121 118 120 -1,
122 120 123 -1,
122 121 120 -1,
124 122 123 -1,
124 123 125 -1,
124 125 126 -1,
127 124 126 -1,
128 127 126 -1,
128 126 129 -1,
130 128 129 -1,
130 129 131 -1,
132 130 131 -1,
132 131 133 -1,
134 132 133 -1,
134 133 135 -1,
136 134 135 -1,
136 135 137 -1,
138 136 137 -1,
138 137 139 -1,
140 138 139 -1,
140 139 141 -1,
142 140 141 -1,
142 141 143 -1,
144 142 143 -1,
144 143 145 -1,
146 144 145 -1,
146 145 147 -1,
148 146 147 -1,
148 147 149 -1,
150 149 151 -1,
150 148 149 -1,
152 151 153 -1,
152 150 151 -1,
154 153 155 -1,
154 152 153 -1,
156 155 157 -1,
156 154 155 -1,
158 157 159 -1,
158 156 157 -1,
160 159 161 -1,
160 158 159 -1,
162 161 163 -1,
162 160 161 -1,
164 163 165 -1,
164 162 163 -1,
166 165 167 -1,
166 164 165 -1,
168 167 169 -1,
168 166 167 -1,
170 169 171 -1,
170 168 169 -1,
172 171 173 -1,
172 170 171 -1,
174 173 175 -1,
174 172 173 -1,
176 174 175 -1,
176 175 177 -1,
178 176 177 -1,
178 177 179 -1,
180 178 179 -1,
180 179 181 -1,
182 180 181 -1,
182 181 183 -1,
184 183 185 -1,
184 182 183 -1,
186 185 187 -1,
186 184 185 -1,
188 187 189 -1,
188 186 187 -1,
190 189 191 -1,
190 188 189 -1,
192 191 193 -1,
192 190 191 -1,
194 193 195 -1,
194 192 193 -1,
196 195 197 -1,
196 194 195 -1,
198 197 199 -1,
198 196 197 -1,
200 199 201 -1,
200 198 199 -1,
202 201 203 -1,
202 203 204 -1,
202 200 201 -1,
205 202 204 -1,
206 204 207 -1,
206 205 204 -1,
208 207 209 -1,
208 206 207 -1,
210 209 211 -1,
210 208 209 -1,
212 211 213 -1,
212 213 214 -1,
212 210 211 -1,
215 212 214 -1,
216 214 217 -1,
216 215 214 -1,
218 217 219 -1,
218 216 217 -1,
220 219 221 -1,
220 218 219 -1,
222 221 223 -1,
222 220 221 -1,
224 222 223 -1,
224 223 225 -1,
226 224 225 -1,
226 225 227 -1,
228 226 227 -1,
228 227 229 -1,
230 228 229 -1,
230 229 231 -1,
232 230 231 -1,
232 231 233 -1,
234 232 233 -1,
234 233 235 -1,
236 234 235 -1,
236 235 237 -1,
238 236 237 -1,
238 237 239 -1,
240 238 239 -1,
240 239 241 -1,
240 241 242 -1,
243 240 242 -1,
244 243 242 -1,
244 242 245 -1,
246 244 245 -1,
246 245 247 -1,
248 246 247 -1,
248 247 249 -1,
250 249 251 -1,
250 248 249 -1,
250 251 2 -1,
1 250 2 -1,
44 46 48 -1,
40 42 44 -1,
208 205 206 -1,
216 212 215 -1,
95 96 99 -1,
32 1 0 -1,
32 0 4 -1,
32 4 6 -1,
32 6 8 -1,
32 8 11 -1,
32 11 12 -1,
32 12 14 -1,
32 14 16 -1,
32 16 19 -1,
32 19 20 -1,
32 20 22 -1,
32 22 25 -1,
32 25 26 -1,
32 26 28 -1,
32 28 31 -1,
32 34 36 -1,
32 36 38 -1,
32 38 40 -1,
32 48 50 -1,
32 50 53 -1,
32 53 54 -1,
32 54 56 -1,
32 56 59 -1,
32 59 60 -1,
32 60 62 -1,
32 62 64 -1,
32 64 67 -1,
32 67 68 -1,
32 68 71 -1,
32 71 72 -1,
32 72 74 -1,
32 74 77 -1,
32 77 78 -1,
32 78 81 -1,
32 81 82 -1,
32 86 89 -1,
32 89 90 -1,
32 90 93 -1,
32 93 95 -1,
32 99 100 -1,
32 100 103 -1,
32 103 105 -1,
32 105 106 -1,
32 106 109 -1,
32 109 110 -1,
32 110 113 -1,
32 113 114 -1,
32 114 117 -1,
32 117 118 -1,
32 118 121 -1,
32 121 122 -1,
32 122 124 -1,
32 124 127 -1,
32 127 128 -1,
32 128 130 -1,
32 130 132 -1,
32 132 134 -1,
32 134 136 -1,
32 136 138 -1,
32 138 140 -1,
32 140 142 -1,
32 142 144 -1,
32 144 146 -1,
32 146 148 -1,
32 148 150 -1,
32 150 152 -1,
32 152 154 -1,
32 154 156 -1,
32 156 158 -1,
32 158 160 -1,
32 160 162 -1,
32 162 164 -1,
32 164 166 -1,
32 166 168 -1,
32 168 170 -1,
32 170 172 -1,
32 172 174 -1,
32 174 176 -1,
32 176 178 -1,
32 178 180 -1,
32 180 182 -1,
32 182 184 -1,
32 184 186 -1,
32 186 188 -1,
32 188 190 -1,
32 190 192 -1,
32 192 194 -1,
32 194 196 -1,
32 196 198 -1,
32 198 200 -1,
32 200 202 -1,
32 202 205 -1,
32 208 210 -1,
32 210 212 -1,
32 216 218 -1,
32 218 220 -1,
32 220 222 -1,
32 222 224 -1,
32 232 234 -1,
32 234 236 -1,
32 236 238 -1,
32 238 240 -1,
32 250 1 -1,
32 240 250 -1,
32 95 99 -1,
32 205 208 -1,
32 212 216 -1,
32 228 232 -1,
32 82 86 -1,
32 224 228 -1,
32 44 48 -1,
32 40 44 -1,
228 224 226 -1,
232 228 230 -1,
82 84 86 -1,
250 240 243 -1,
250 243 244 -1,
250 244 246 -1,
250 246 248 -1,
47 45 49 -1,
43 41 45 -1,
204 209 207 -1,
213 217 214 -1,
97 94 98 -1,
2 33 3 -1,
3 33 5 -1,
5 33 7 -1,
7 33 9 -1,
9 33 10 -1,
10 33 13 -1,
13 33 15 -1,
15 33 17 -1,
17 33 18 -1,
18 33 21 -1,
21 33 23 -1,
23 33 24 -1,
24 33 27 -1,
27 33 29 -1,
29 33 30 -1,
35 33 37 -1,
37 33 39 -1,
39 33 41 -1,
49 33 51 -1,
51 33 52 -1,
52 33 55 -1,
55 33 57 -1,
57 33 58 -1,
58 33 61 -1,
61 33 63 -1,
63 33 65 -1,
65 33 66 -1,
66 33 69 -1,
69 33 70 -1,
70 33 73 -1,
73 33 75 -1,
75 33 76 -1,
76 33 79 -1,
79 33 80 -1,
80 33 83 -1,
87 33 88 -1,
88 33 91 -1,
91 33 92 -1,
92 33 94 -1,
98 33 101 -1,
101 33 102 -1,
102 33 104 -1,
104 33 107 -1,
107 33 108 -1,
108 33 111 -1,
111 33 112 -1,
112 33 115 -1,
115 33 116 -1,
116 33 119 -1,
119 33 120 -1,
120 33 123 -1,
123 33 125 -1,
125 33 126 -1,
126 33 129 -1,
129 33 131 -1,
131 33 133 -1,
133 33 135 -1,
135 33 137 -1,
137 33 139 -1,
139 33 141 -1,
141 33 143 -1,
143 33 145 -1,
145 33 147 -1,
147 33 149 -1,
149 33 151 -1,
151 33 153 -1,
153 33 155 -1,
155 33 157 -1,
157 33 159 -1,
159 33 161 -1,
161 33 163 -1,
163 33 165 -1,
165 33 167 -1,
167 33 169 -1,
169 33 171 -1,
171 33 173 -1,
173 33 175 -1,
175 33 177 -1,
177 33 179 -1,
179 33 181 -1,
181 33 183 -1,
183 33 185 -1,
185 33 187 -1,
187 33 189 -1,
189 33 191 -1,
191 33 193 -1,
193 33 195 -1,
195 33 197 -1,
197 33 199 -1,
199 33 201 -1,
201 33 203 -1,
203 33 204 -1,
209 33 211 -1,
211 33 213 -1,
217 33 219 -1,
219 33 221 -1,
221 33 223 -1,
223 33 225 -1,
233 33 235 -1,
235 33 237 -1,
237 33 239 -1,
239 33 241 -1,
251 33 2 -1,
241 33 251 -1,
94 33 98 -1,
204 33 209 -1,
213 33 217 -1,
229 33 233 -1,
83 33 87 -1,
225 33 229 -1,
45 33 49 -1,
41 33 45 -1,
225 229 227 -1,
229 233 231 -1,
85 83 87 -1,
241 251 242 -1,
242 251 245 -1,
245 251 247 -1,
247 251 249 -1 ] } }
Shape { appearance Appearance { material Material { diffuseColor 0.7 0.72 0.74 } } geometry IndexedFaceSet { solid FALSE coord Coordinate { point [ 2.901575 -1.059055 -0.984252,
2.901575 -1.059055 0.000000,
2.901575 -0.940945 -0.984252,
2.901575 -0.940945 0.000000,
3.098425 -1.059055 0.000000,
3.098425 -1.059055 -0.984252,
3.098425 -0.940945 -0.984252,
3.098425 -0.940945 0.000000 ] } coordIndex [ 0 1 2 -1,
2 1 3 -1,
4 5 6 -1,
4 6 7 -1,
5 4 0 -1,
0 4 1 -1,
7 6 2 -1,
7 2 3 -1,
2 6 0 -1,
0 6 5 -1,
7 3 1 -1,
7 1 4 -1 ] } }
Shape { appearance Appearance { material Material { diffuseColor 0.7 0.72 0.74 } } geometry IndexedFaceSet { solid FALSE coord Coordinate { point [ 2.901575 -1.059055 1.181102,
2.901575 -1.059055 2.559055,
2.901575 -0.940945 1.181102,
2.901575 -0.940945 2.559055,
3.098425 -1.059055 2.559055,
3.098425 -1.059055 1.181102,
3.098425 -0.940945 1.181102,
3.098425 -0.940945 2.559055 ] } coordIndex [ 0 1 2 -1,
2 1 3 -1,
4 5 6 -1,
4 6 7 -1,
5 4 0 -1,
0 4 1 -1,
7 6 2 -1,
7 2 3 -1,
2 6 0 -1,
0 6 5 -1,
7 3 1 -1,
7 1 4 -1 ] } }
Shape { appearance Appearance { material Material { diffuseColor 0.7 0.72 0.74 } } geometry IndexedFaceSet { solid FALSE coord Coordinate { point [ 2.799213 -1.002944 2.500073,
2.799213 -1.000000 2.500000,
3.000000 -1.000000 2.500000,
3.000000 -1.002944 2.500073,
2.799213 -1.005880 2.500293,
3.000000 -1.005880 2.500293,
2.799213 -1.008802 2.500660,
3.000000 -1.008802 2.500660,
2.799213 -1.011702 2.501171,
3.000000 -1.011702 2.501171,
3.000000 -1.014572 2.501826,
2.799213 -1.014572 2.501826,
2.799213 -1.017407 2.502624,
3.000000 -1.017407 2.502624,
2.799213 -1.020198 2.503561,
3.000000 -1.020198 2.503561,
2.799213 -1.022939 2.504637,
3.000000 -1.022939 2.504637,
3.000000 -1.025623 2.505848,
2.799213 -1.025623 2.505848,
2.799213 -1.028243 2.507192,
3.000000 -1.028243 2.507192,
2.799213 -1.030793 2.508664,
3.000000 -1.030793 2.508664,
3.000000 -1.033267 2.510261,
2.799213 -1.033267 2.510261,
2.799213 -1.035658 2.511980,
3.000000 -1.035658 2.511980,
2.799213 -1.037960 2.513816,
3.000000 -1.037960 2.513816,
3.000000 -1.040168 2.515765,
2.799213 -1.040168 2.515765,
2.799213 -1.042276 2.517821,
3.000000 -1.042276 2.517821,
2.799213 -1.044278 2.519979,
3.000000 -1.044278 2.519979,
2.799213 -1.046171 2.522235,
3.000000 -1.046171 2.522235,
2.799213 -1.047949 2.524582,
3.000000 -1.047949 2.524582,
2.799213 -1.049608 2.527015,
3.000000 -1.049608 2.527015,
2.799213 -1.051143 2.529528,
3.000000 -1.051143 2.529528,
2.799213 -1.052551 2.532114,
3.000000 -1.052551 2.532114,
2.799213 -1.053829 2.534767,
3.000000 -1.053829 2.534767,
2.799213 -1.054973 2.537480,
3.000000 -1.054973 2.537480,
2.799213 -1.055980 2.540247,
3.000000 -1.055980 2.540247,
3.000000 -1.056848 2.543061,
2.799213 -1.056848 2.543061,
2.799213 -1.057574 2.545914,
3.000000 -1.057574 2.545914,
2.799213 -1.058158 2.548800,
3.000000 -1.058158 2.548800,
3.000000 -1.058597 2.551712,
2.799213 -1.058597 2.551712,
2.799213 -1.058890 2.554642,
3.000000 -1.058890 2.554642,
2.799213 -1.059037 2.557583,
3.000000 -1.059037 2.557583,
2.799213 -1.059037 2.560527,
3.000000 -1.059037 2.560527,
3.000000 -1.058890 2.563468,
2.799213 -1.058890 2.563468,
2.799213 -1.058597 2.566398,
3.000000 -1.058597 2.566398,
3.000000 -1.058158 2.569310,
2.799213 -1.058158 2.569310,
2.799213 -1.057574 2.572196,
3.000000 -1.057574 2.572196,
2.799213 -1.056848 2.575050,
3.000000 -1.056848 2.575050,
3.000000 -1.055980 2.577863,
2.799213 -1.055980 2.577863,
2.799213 -1.054973 2.580630,
3.000000 -1.054973 2.580630,
3.000000 -1.053829 2.583344,
2.799213 -1.053829 2.583344,
2.799213 -1.052551 2.585997,
3.000000 -1.052551 2.585997,
2.799213 -1.051143 2.588583,
3.000000 -1.051143 2.588583,
2.799213 -1.049608 2.591095,
3.000000 -1.049608 2.591095,
3.000000 -1.047949 2.593528,
2.799213 -1.047949 2.593528,
2.799213 -1.046171 2.595875,
3.000000 -1.046171 2.595875,
3.000000 -1.044278 2.598131,
2.799213 -1.044278 2.598131,
3.000000 -1.042276 2.600290,
2.799213 -1.042276 2.600290,
2.799213 -1.040168 2.602346,
3.000000 -1.040168 2.602346,
3.000000 -1.037960 2.604294,
2.799213 -1.037960 2.604294,
2.799213 -1.035658 2.606130,
3.000000 -1.035658 2.606130,
3.000000 -1.033267 2.607849,
2.799213 -1.033267 2.607849,
3.000000 -1.030793 2.609446,
2.799213 -1.030793 2.609446,
2.799213 -1.028243 2.610919,
3.000000 -1.028243 2.610919,
3.000000 -1.025623 2.612262,
2.799213 -1.025623 2.612262,
2.799213 -1.022939 2.613473,
3.000000 -1.022939 2.613473,
3.000000 -1.020198 2.614549,
2.799213 -1.020198 2.614549,
2.799213 -1.017407 2.615487,
3.000000 -1.017407 2.615487,
3.000000 -1.014572 2.616284,
2.799213 -1.014572 2.616284,
2.799213 -1.011702 2.616939,
3.000000 -1.011702 2.616939,
3.000000 -1.008802 2.617451,
2.799213 -1.008802 2.617451,
2.799213 -1.005880 2.617817,
3.000000 -1.005880 2.617817,
2.799213 -1.002944 2.618037,
3.000000 -1.002944 2.618037,
3.000000 -1.000000 2.618110,
2.799213 -1.000000 2.618110,
2.799213 -0.997056 2.618037,
3.000000 -0.997056 2.618037,
2.799213 -0.994120 2.617817,
3.000000 -0.994120 2.617817,
2.799213 -0.991198 2.617451,
3.000000 -0.991198 2.617451,
2.799213 -0.988298 2.616939,
3.000000 -0.988298 2.616939,
2.799213 -0.985428 2.616284,
3.000000 -0.985428 2.616284,
2.799213 -0.982593 2.615487,
3.000000 -0.982593 2.615487,
2.799213 -0.979802 2.614549,
3.000000 -0.979802 2.614549,
2.799213 -0.977061 2.613473,
3.000000 -0.977061 2.613473,
2.799213 -0.974377 2.612262,
3.000000 -0.974377 2.612262,
2.799213 -0.971757 2.610919,
3.000000 -0.971757 2.610919,
2.799213 -0.969207 2.609446,
3.000000 -0.969207 2.609446,
2.799213 -0.966733 2.607849,
3.000000 -0.966733 2.607849,
2.799213 -0.964342 2.606130,
3.000000 -0.964342 2.606130,
2.799213 -0.962040 2.604294,
3.000000 -0.962040 2.604294,
2.799213 -0.959832 2.602346,
3.000000 -0.959832 2.602346,
2.799213 -0.957724 2.600290,
3.000000 -0.957724 2.600290,
2.799213 -0.955722 2.598131,
3.000000 -0.955722 2.598131,
2.799213 -0.953829 2.595875,
3.000000 -0.953829 2.595875,
2.799213 -0.952051 2.593528,
3.000000 -0.952051 2.593528,
2.799213 -0.950392 2.591095,
3.000000 -0.950392 2.591095,
2.799213 -0.948857 2.588583,
3.000000 -0.948857 2.588583,
2.799213 -0.947449 2.585997,
3.000000 -0.947449 2.585997,
2.799213 -0.946171 2.583344,
3.000000 -0.946171 2.583344,
2.799213 -0.945027 2.580630,
3.000000 -0.945027 2.580630,
2.799213 -0.944020 2.577863,
3.000000 -0.944020 2.577863,
2.799213 -0.943152 2.575050,
3.000000 -0.943152 2.575050,
2.799213 -0.942426 2.572196,
3.000000 -0.942426 2.572196,
2.799213 -0.941842 2.569310,
3.000000 -0.941842 2.569310,
2.799213 -0.941403 2.566398,
3.000000 -0.941403 2.566398,
2.799213 -0.941110 2.563468,
3.000000 -0.941110 2.563468,
2.799213 -0.940963 2.560527,
3.000000 -0.940963 2.560527,
2.799213 -0.940963 2.557583,
3.000000 -0.940963 2.557583,
2.799213 -0.941110 2.554642,
3.000000 -0.941110 2.554642,
2.799213 -0.941403 2.551712,
3.000000 -0.941403 2.551712,
2.799213 -0.941842 2.548800,
3.000000 -0.941842 2.548800,
2.799213 -0.942426 2.545914,
3.000000 -0.942426 2.545914,
2.799213 -0.943152 2.543061,
3.000000 -0.943152 2.543061,
2.799213 -0.944020 2.540247,
3.000000 -0.944020 2.540247,
3.000000 -0.945027 2.537480,
2.799213 -0.945027 2.537480,
2.799213 -0.946171 2.534767,
3.000000 -0.946171 2.534767,
2.799213 -0.947449 2.532114,
3.000000 -0.947449 2.532114,
2.799213 -0.948857 2.529528,
3.000000 -0.948857 2.529528,
2.799213 -0.950392 2.527015,
3.000000 -0.950392 2.527015,
3.000000 -0.952051 2.524582,
2.799213 -0.952051 2.524582,
2.799213 -0.953829 2.522235,
3.000000 -0.953829 2.522235,
2.799213 -0.955722 2.519979,
3.000000 -0.955722 2.519979,
2.799213 -0.957724 2.517821,
3.000000 -0.957724 2.517821,
2.799213 -0.959832 2.515765,
3.000000 -0.959832 2.515765,
2.799213 -0.962040 2.513816,
3.000000 -0.962040 2.513816,
2.799213 -0.964342 2.511980,
3.000000 -0.964342 2.511980,
2.799213 -0.966733 2.510261,
3.000000 -0.966733 2.510261,
2.799213 -0.969207 2.508664,
3.000000 -0.969207 2.508664,
2.799213 -0.971757 2.507192,
3.000000 -0.971757 2.507192,
2.799213 -0.974377 2.505848,
3.000000 -0.974377 2.505848,
2.799213 -0.977061 2.504637,
3.000000 -0.977061 2.504637,
2.799213 -0.979802 2.503561,
3.000000 -0.979802 2.503561,
2.799213 -0.982593 2.502624,
3.000000 -0.982593 2.502624,
3.000000 -0.985428 2.501826,
2.799213 -0.985428 2.501826,
2.799213 -0.988298 2.501171,
3.000000 -0.988298 2.501171,
2.799213 -0.991198 2.500660,
3.000000 -0.991198 2.500660,
2.799213 -0.994120 2.500293,
3.000000 -0.994120 2.500293,
2.799213 -0.997056 2.500073,
3.000000 -0.997056 2.500073 ] } coordIndex [ 0 1 2 -1,
0 2 3 -1,
4 3 5 -1,
4 0 3 -1,
6 5 7 -1,
6 4 5 -1,
8 7 9 -1,
8 9 10 -1,
8 6 7 -1,
11 8 10 -1,
12 10 13 -1,
12 11 10 -1,
14 13 15 -1,
14 12 13 -1,
16 15 17 -1,
16 17 18 -1,
16 14 15 -1,
19 16 18 -1,
20 18 21 -1,
20 19 18 -1,
22 20 21 -1,
22 21 23 -1,
22 23 24 -1,
25 22 24 -1,
26 25 24 -1,
26 24 27 -1,
28 26 27 -1,
28 27 29 -1,
28 29 30 -1,
31 28 30 -1,
32 31 30 -1,
32 30 33 -1,
34 32 33 -1,
34 33 35 -1,
36 34 35 -1,
36 35 37 -1,
38 36 37 -1,
38 37 39 -1,
40 38 39 -1,
40 39 41 -1,
42 40 41 -1,
42 41 43 -1,
44 42 43 -1,
44 43 45 -1,
46 45 47 -1,
46 44 45 -1,
48 47 49 -1,
48 46 47 -1,
50 49 51 -1,
50 51 52 -1,
50 48 49 -1,
53 50 52 -1,
54 52 55 -1,
54 53 52 -1,
56 55 57 -1,
56 57 58 -1,
56 54 55 -1,
59 56 58 -1,
60 58 61 -1,
60 59 58 -1,
62 61 63 -1,
62 60 61 -1,
64 63 65 -1,
64 65 66 -1,
64 62 63 -1,
67 64 66 -1,
68 66 69 -1,
68 69 70 -1,
68 67 66 -1,
71 68 70 -1,
72 71 70 -1,
72 70 73 -1,
74 72 73 -1,
74 73 75 -1,
74 75 76 -1,
77 74 76 -1,
78 77 76 -1,
78 76 79 -1,
78 79 80 -1,
81 78 80 -1,
82 81 80 -1,
82 80 83 -1,
84 82 83 -1,
84 83 85 -1,
86 84 85 -1,
86 85 87 -1,
86 87 88 -1,
89 86 88 -1,
90 89 88 -1,
90 88 91 -1,
90 91 92 -1,
93 90 92 -1,
93 92 94 -1,
95 93 94 -1,
96 95 94 -1,
96 94 97 -1,
96 97 98 -1,
99 96 98 -1,
100 99 98 -1,
100 98 101 -1,
100 101 102 -1,
103 100 102 -1,
103 102 104 -1,
105 103 104 -1,
106 105 104 -1,
106 104 107 -1,
106 107 108 -1,
109 106 108 -1,
110 109 108 -1,
110 108 111 -1,
110 111 112 -1,
113 110 112 -1,
114 113 112 -1,
114 112 115 -1,
114 115 116 -1,
117 114 116 -1,
118 116 119 -1,
118 119 120 -1,
118 117 116 -1,
121 118 120 -1,
122 120 123 -1,
122 121 120 -1,
124 122 123 -1,
124 123 125 -1,
124 125 126 -1,
127 124 126 -1,
128 127 126 -1,
128 126 129 -1,
130 128 129 -1,
130 129 131 -1,
132 130 131 -1,
132 131 133 -1,
134 132 133 -1,
134 133 135 -1,
136 134 135 -1,
136 135 137 -1,
138 136 137 -1,
138 137 139 -1,
140 138 139 -1,
140 139 141 -1,
142 140 141 -1,
142 141 143 -1,
144 142 143 -1,
144 143 145 -1,
146 144 145 -1,
146 145 147 -1,
148 146 147 -1,
148 147 149 -1,
150 149 151 -1,
150 148 149 -1,
152 151 153 -1,
152 150 151 -1,
154 153 155 -1,
154 152 153 -1,
156 155 157 -1,
156 154 155 -1,
158 157 159 -1,
158 156 157 -1,
160 159 161 -1,
160 158 159 -1,
162 161 163 -1,
162 160 161 -1,
164 163 165 -1,
164 162 163 -1,
166 165 167 -1,
166 164 165 -1,
168 167 169 -1,
168 166 167 -1,
170 169 171 -1,
170 168 169 -1,
172 171 173 -1,
172 170 171 -1,
174 173 175 -1,
174 172 173 -1,
176 174 175 -1,
176 175 177 -1,
178 176 177 -1,
178 177 179 -1,
180 178 179 -1,
180 179 181 -1,
182 180 181 -1,
182 181 183 -1,
184 183 185 -1,
184 182 183 -1,
186 185 187 -1,
186 184 185 -1,
188 187 189 -1,
188 186 187 -1,
190 189 191 -1,
190 188 189 -1,
192 191 193 -1,
192 190 191 -1,
194 193 195 -1,
194 192 193 -1,
196 195 197 -1,
196 194 195 -1,
198 197 199 -1,
198 196 197 -1,
200 199 201 -1,
200 198 199 -1,
202 201 203 -1,
202 203 204 -1,
202 200 201 -1,
205 202 204 -1,
206 204 207 -1,
206 205 204 -1,
208 207 209 -1,
208 206 207 -1,
210 209 211 -1,
210 208 209 -1,
212 211 213 -1,
212 213 214 -1,
212 210 211 -1,
215 212 214 -1,
216 214 217 -1,
216 215 214 -1,
218 217 219 -1,
218 216 217 -1,
220 219 221 -1,
220 218 219 -1,
222 221 223 -1,
222 220 221 -1,
224 222 223 -1,
224 223 225 -1,
226 224 225 -1,
226 225 227 -1,
228 226 227 -1,
228 227 229 -1,
230 228 229 -1,
230 229 231 -1,
232 230 231 -1,
232 231 233 -1,
234 232 233 -1,
234 233 235 -1,
236 234 235 -1,
236 235 237 -1,
238 236 237 -1,
238 237 239 -1,
240 238 239 -1,
240 239 241 -1,
240 241 242 -1,
243 240 242 -1,
244 243 242 -1,
244 242 245 -1,
246 244 245 -1,
246 245 247 -1,
248 246 247 -1,
248 247 249 -1,
250 249 251 -1,
250 248 249 -1,
250 251 2 -1,
1 250 2 -1,
14 11 12 -1,
48 50 53 -1,
44 46 48 -1,
38 40 42 -1,
38 42 44 -1,
206 202 205 -1,
31 26 28 -1,
32 1 0 -1,
32 0 4 -1,
32 4 6 -1,
32 6 8 -1,
32 8 11 -1,
32 14 16 -1,
32 16 19 -1,
32 19 20 -1,
32 20 22 -1,
32 22 25 -1,
32 25 26 -1,
32 34 36 -1,
32 36 38 -1,
32 53 54 -1,
32 54 56 -1,
32 56 59 -1,
32 59 60 -1,
32 60 62 -1,
32 62 64 -1,
32 64 67 -1,
32 67 68 -1,
32 68 71 -1,
32 71 72 -1,
32 72 74 -1,
32 74 77 -1,
32 77 78 -1,
32 78 81 -1,
32 81 82 -1,
32 82 84 -1,
32 95 96 -1,
32 96 99 -1,
32 99 100 -1,
32 100 103 -1,
32 103 105 -1,
32 105 106 -1,
32 106 109 -1,
32 109 110 -1,
32 110 113 -1,
32 113 114 -1,
32 114 117 -1,
32 117 118 -1,
32 118 121 -1,
32 121 122 -1,
32 122 124 -1,
32 124 127 -1,
32 127 128 -1,
32 128 130 -1,
32 130 132 -1,
32 132 134 -1,
32 134 136 -1,
32 136 138 -1,
32 138 140 -1,
32 140 142 -1,
32 142 144 -1,
32 144 146 -1,
32 146 148 -1,
32 148 150 -1,
32 150 152 -1,
32 152 154 -1,
32 154 156 -1,
32 156 158 -1,
32 158 160 -1,
32 160 162 -1,
32 162 164 -1,
32 164 166 -1,
32 166 168 -1,
32 168 170 -1,
32 170 172 -1,
32 172 174 -1,
32 174 176 -1,
32 176 178 -1,
32 178 180 -1,
32 180 182 -1,
32 182 184 -1,
32 184 186 -1,
32 186 188 -1,
32 188 190 -1,
32 190 192 -1,
32 192 194 -1,
32 194 196 -1,
32 196 198 -1,
32 198 200 -1,
32 200 202 -1,
32 206 208 -1,
32 208 210 -1,
32 210 212 -1,
32 212 215 -1,
32 215 216 -1,
32 216 218 -1,
32 218 220 -1,
32 220 222 -1,
32 222 224 -1,
32 232 234 -1,
32 234 236 -1,
32 202 206 -1,
32 90 95 -1,
32 240 246 -1,
32 224 228 -1,
32 228 232 -1,
32 236 240 -1,
32 84 90 -1,
32 26 31 -1,
32 44 48 -1,
32 246 1 -1,
32 11 14 -1,
32 48 53 -1,
32 38 44 -1,
90 93 95 -1,
228 224 226 -1,
84 86 89 -1,
84 89 90 -1,
232 228 230 -1,
240 236 238 -1,
246 240 243 -1,
246 243 244 -1,
1 246 248 -1,
1 248 250 -1,
10 15 13 -1,
51 49 52 -1,
47 45 49 -1,
41 39 43 -1,
43 39 45 -1,
203 207 204 -1,
27 30 29 -1,
2 33 3 -1,
3 33 5 -1,
5 33 7 -1,
7 33 9 -1,
9 33 10 -1,
15 33 17 -1,
17 33 18 -1,
18 33 21 -1,
21 33 23 -1,
23 33 24 -1,
24 33 27 -1,
35 33 37 -1,
37 33 39 -1,
52 33 55 -1,
55 33 57 -1,
57 33 58 -1,
58 33 61 -1,
61 33 63 -1,
63 33 65 -1,
65 33 66 -1,
66 33 69 -1,
69 33 70 -1,
70 33 73 -1,
73 33 75 -1,
75 33 76 -1,
76 33 79 -1,
79 33 80 -1,
80 33 83 -1,
83 33 85 -1,
94 33 97 -1,
97 33 98 -1,
98 33 101 -1,
101 33 102 -1,
102 33 104 -1,
104 33 107 -1,
107 33 108 -1,
108 33 111 -1,
111 33 112 -1,
112 33 115 -1,
115 33 116 -1,
116 33 119 -1,
119 33 120 -1,
120 33 123 -1,
123 33 125 -1,
125 33 126 -1,
126 33 129 -1,
129 33 131 -1,
131 33 133 -1,
133 33 135 -1,
135 33 137 -1,
137 33 139 -1,
139 33 141 -1,
141 33 143 -1,
143 33 145 -1,
145 33 147 -1,
147 33 149 -1,
149 33 151 -1,
151 33 153 -1,
153 33 155 -1,
155 33 157 -1,
157 33 159 -1,
159 33 161 -1,
161 33 163 -1,
163 33 165 -1,
165 33 167 -1,
167 33 169 -1,
169 33 171 -1,
171 33 173 -1,
173 33 175 -1,
175 33 177 -1,
177 33 179 -1,
179 33 181 -1,
181 33 183 -1,
183 33 185 -1,
185 33 187 -1,
187 33 189 -1,
189 33 191 -1,
191 33 193 -1,
193 33 195 -1,
195 33 197 -1,
197 33 199 -1,
199 33 201 -1,
201 33 203 -1,
207 33 209 -1,
209 33 211 -1,
211 33 213 -1,
213 33 214 -1,
214 33 217 -1,
217 33 219 -1,
219 33 221 -1,
221 33 223 -1,
223 33 225 -1,
233 33 235 -1,
235 33 237 -1,
203 33 207 -1,
91 33 94 -1,
241 33 247 -1,
225 33 229 -1,
229 33 233 -1,
237 33 241 -1,
85 33 91 -1,
27 33 30 -1,
45 33 49 -1,
247 33 2 -1,
10 33 15 -1,
49 33 52 -1,
39 33 45 -1,
92 91 94 -1,
225 229 227 -1,
87 85 88 -1,
88 85 91 -1,
229 233 231 -1,
237 241 239 -1,
241 247 242 -1,
242 247 245 -1,
247 2 249 -1,
249 2 251 -1 ] } }
Shape { appearance Appearance { material Material { diffuseColor 0.7 0.72 0.74 } } geometry IndexedFaceSet { solid FALSE coord Coordinate { point [ 2.901575 -2.059055 -0.984252,
2.901575 -2.059055 0.000000,
2.901575 -1.940945 -0.984252,
2.901575 -1.940945 0.000000,
3.098425 -2.059055 0.000000,
3.098425 -2.059055 -0.984252,
3.098425 -1.940945 -0.984252,
3.098425 -1.940945 0.000000 ] } coordIndex [ 0 1 2 -1,
2 1 3 -1,
4 5 6 -1,
4 6 7 -1,
5 4 0 -1,
0 4 1 -1,
7 6 2 -1,
7 2 3 -1,
2 6 0 -1,
0 6 5 -1,
7 3 1 -1,
7 1 4 -1 ] } }
Shape { appearance Appearance { material Material { diffuseColor 0.7 0.72 0.74 } } geometry IndexedFaceSet { solid FALSE coord Coordinate { point [ 2.901575 -2.059055 1.181102,
2.901575 -2.059055 2.559055,
2.901575 -1.940945 1.181102,
2.901575 -1.940945 2.559055,
3.098425 -2.059055 2.559055,
3.098425 -2.059055 1.181102,
3.098425 -1.940945 1.181102,
3.098425 -1.940945 2.559055 ] } coordIndex [ 0 1 2 -1,
2 1 3 -1,
4 5 6 -1,
4 6 7 -1,
5 4 0 -1,
0 4 1 -1,
7 6 2 -1,
7 2 3 -1,
2 6 0 -1,
0 6 5 -1,
7 3 1 -1,
7 1 4 -1 ] } }
Shape { appearance Appearance { material Material { diffuseColor 0.7 0.72 0.74 } } geometry IndexedFaceSet { solid FALSE coord Coordinate { point [ 2.799213 -2.002944 2.500073,
2.799213 -2.000000 2.500000,
3.000000 -2.000000 2.500000,
3.000000 -2.002944 2.500073,
2.799213 -2.005880 2.500293,
3.000000 -2.005880 2.500293,
2.799213 -2.008802 2.500660,
3.000000 -2.008802 2.500660,
2.799213 -2.011702 2.501171,
3.000000 -2.011702 2.501171,
3.000000 -2.014572 2.501826,
2.799213 -2.014572 2.501826,
2.799213 -2.017407 2.502624,
3.000000 -2.017407 2.502624,
2.799213 -2.020198 2.503561,
3.000000 -2.020198 2.503561,
2.799213 -2.022939 2.504637,
3.000000 -2.022939 2.504637,
3.000000 -2.025623 2.505848,
2.799213 -2.025623 2.505848,
2.799213 -2.028243 2.507192,
3.000000 -2.028243 2.507192,
2.799213 -2.030793 2.508664,
3.000000 -2.030793 2.508664,
3.000000 -2.033267 2.510261,
2.799213 -2.033267 2.510261,
2.799213 -2.035658 2.511980,
3.000000 -2.035658 2.511980,
2.799213 -2.037960 2.513816,
3.000000 -2.037960 2.513816,
3.000000 -2.040168 2.515765,
2.799213 -2.040168 2.515765,
2.799213 -2.042276 2.517821,
3.000000 -2.042276 2.517821,
2.799213 -2.044278 2.519979,
3.000000 -2.044278 2.519979,
2.799213 -2.046171 2.522235,
3.000000 -2.046171 2.522235,
2.799213 -2.047949 2.524582,
3.000000 -2.047949 2.524582,
2.799213 -2.049608 2.527015,
3.000000 -2.049608 2.527015,
2.799213 -2.051143 2.529528,
3.000000 -2.051143 2.529528,
2.799213 -2.052551 2.532114,
3.000000 -2.052551 2.532114,
2.799213 -2.053829 2.534767,
3.000000 -2.053829 2.534767,
2.799213 -2.054973 2.537480,
3.000000 -2.054973 2.537480,
2.799213 -2.055980 2.540247,
3.000000 -2.055980 2.540247,
3.000000 -2.056848 2.543061,
2.799213 -2.056848 2.543061,
2.799213 -2.057574 2.545914,
3.000000 -2.057574 2.545914,
2.799213 -2.058158 2.548800,
3.000000 -2.058158 2.548800,
3.000000 -2.058597 2.551712,
2.799213 -2.058597 2.551712,
2.799213 -2.058890 2.554642,
3.000000 -2.058890 2.554642,
2.799213 -2.059037 2.557583,
3.000000 -2.059037 2.557583,
2.799213 -2.059037 2.560527,
3.000000 -2.059037 2.560527,
3.000000 -2.058890 2.563468,
2.799213 -2.058890 2.563468,
2.799213 -2.058597 2.566398,
3.000000 -2.058597 2.566398,
3.000000 -2.058158 2.569310,
2.799213 -2.058158 2.569310,
2.799213 -2.057574 2.572196,
3.000000 -2.057574 2.572196,
2.799213 -2.056848 2.575050,
3.000000 -2.056848 2.575050,
3.000000 -2.055980 2.577863,
2.799213 -2.055980 2.577863,
2.799213 -2.054973 2.580630,
3.000000 -2.054973 2.580630,
3.000000 -2.053829 2.583344,
2.799213 -2.053829 2.583344,
2.799213 -2.052551 2.585997,
3.000000 -2.052551 2.585997,
2.799213 -2.051143 2.588583,
3.000000 -2.051143 2.588583,
2.799213 -2.049608 2.591095,
3.000000 -2.049608 2.591095,
3.000000 -2.047949 2.593528,
2.799213 -2.047949 2.593528,
2.799213 -2.046171 2.595875,
3.000000 -2.046171 2.595875,
3.000000 -2.044278 2.598131,
2.799213 -2.044278 2.598131,
3.000000 -2.042276 2.600290,
2.799213 -2.042276 2.600290,
2.799213 -2.040168 2.602346,
3.000000 -2.040168 2.602346,
3.000000 -2.037960 2.604294,
2.799213 -2.037960 2.604294,
2.799213 -2.035658 2.606130,
3.000000 -2.035658 2.606130,
3.000000 -2.033267 2.607849,
2.799213 -2.033267 2.607849,
3.000000 -2.030793 2.609446,
2.799213 -2.030793 2.609446,
2.799213 -2.028243 2.610919,
3.000000 -2.028243 2.610919,
3.000000 -2.025623 2.612262,
2.799213 -2.025623 2.612262,
2.799213 -2.022939 2.613473,
3.000000 -2.022939 2.613473,
3.000000 -2.020198 2.614549,
2.799213 -2.020198 2.614549,
2.799213 -2.017407 2.615487,
3.000000 -2.017407 2.615487,
3.000000 -2.014572 2.616284,
2.799213 -2.014572 2.616284,
2.799213 -2.011702 2.616939,
3.000000 -2.011702 2.616939,
3.000000 -2.008802 2.617451,
2.799213 -2.008802 2.617451,
2.799213 -2.005880 2.617817,
3.000000 -2.005880 2.617817,
2.799213 -2.002944 2.618037,
3.000000 -2.002944 2.618037,
3.000000 -2.000000 2.618110,
2.799213 -2.000000 2.618110,
2.799213 -1.997056 2.618037,
3.000000 -1.997056 2.618037,
2.799213 -1.994120 2.617817,
3.000000 -1.994120 2.617817,
2.799213 -1.991198 2.617451,
3.000000 -1.991198 2.617451,
2.799213 -1.988298 2.616939,
3.000000 -1.988298 2.616939,
2.799213 -1.985428 2.616284,
3.000000 -1.985428 2.616284,
2.799213 -1.982593 2.615487,
3.000000 -1.982593 2.615487,
2.799213 -1.979802 2.614549,
3.000000 -1.979802 2.614549,
2.799213 -1.977061 2.613473,
3.000000 -1.977061 2.613473,
2.799213 -1.974377 2.612262,
3.000000 -1.974377 2.612262,
2.799213 -1.971757 2.610919,
3.000000 -1.971757 2.610919,
2.799213 -1.969207 2.609446,
3.000000 -1.969207 2.609446,
2.799213 -1.966733 2.607849,
3.000000 -1.966733 2.607849,
2.799213 -1.964342 2.606130,
3.000000 -1.964342 2.606130,
2.799213 -1.962040 2.604294,
3.000000 -1.962040 2.604294,
2.799213 -1.959832 2.602346,
3.000000 -1.959832 2.602346,
2.799213 -1.957724 2.600290,
3.000000 -1.957724 2.600290,
2.799213 -1.955722 2.598131,
3.000000 -1.955722 2.598131,
2.799213 -1.953829 2.595875,
3.000000 -1.953829 2.595875,
2.799213 -1.952051 2.593528,
3.000000 -1.952051 2.593528,
2.799213 -1.950392 2.591095,
3.000000 -1.950392 2.591095,
2.799213 -1.948857 2.588583,
3.000000 -1.948857 2.588583,
2.799213 -1.947449 2.585997,
3.000000 -1.947449 2.585997,
2.799213 -1.946171 2.583344,
3.000000 -1.946171 2.583344,
2.799213 -1.945027 2.580630,
3.000000 -1.945027 2.580630,
2.799213 -1.944020 2.577863,
3.000000 -1.944020 2.577863,
2.799213 -1.943152 2.575050,
3.000000 -1.943152 2.575050,
2.799213 -1.942426 2.572196,
3.000000 -1.942426 2.572196,
2.799213 -1.941842 2.569310,
3.000000 -1.941842 2.569310,
2.799213 -1.941403 2.566398,
3.000000 -1.941403 2.566398,
2.799213 -1.941110 2.563468,
3.000000 -1.941110 2.563468,
2.799213 -1.940963 2.560527,
3.000000 -1.940963 2.560527,
2.799213 -1.940963 2.557583,
3.000000 -1.940963 2.557583,
2.799213 -1.941110 2.554642,
3.000000 -1.941110 2.554642,
2.799213 -1.941403 2.551712,
3.000000 -1.941403 2.551712,
2.799213 -1.941842 2.548800,
3.000000 -1.941842 2.548800,
2.799213 -1.942426 2.545914,
3.000000 -1.942426 2.545914,
2.799213 -1.943152 2.543061,
3.000000 -1.943152 2.543061,
2.799213 -1.944020 2.540247,
3.000000 -1.944020 2.540247,
3.000000 -1.945027 2.537480,
2.799213 -1.945027 2.537480,
2.799213 -1.946171 2.534767,
3.000000 -1.946171 2.534767,
2.799213 -1.947449 2.532114,
3.000000 -1.947449 2.532114,
2.799213 -1.948857 2.529528,
3.000000 -1.948857 2.529528,
2.799213 -1.950392 2.527015,
3.000000 -1.950392 2.527015,
3.000000 -1.952051 2.524582,
2.799213 -1.952051 2.524582,
2.799213 -1.953829 2.522235,
3.000000 -1.953829 2.522235,
2.799213 -1.955722 2.519979,
3.000000 -1.955722 2.519979,
2.799213 -1.957724 2.517821,
3.000000 -1.957724 2.517821,
2.799213 -1.959832 2.515765,
3.000000 -1.959832 2.515765,
2.799213 -1.962040 2.513816,
3.000000 -1.962040 2.513816,
2.799213 -1.964342 2.511980,
3.000000 -1.964342 2.511980,
2.799213 -1.966733 2.510261,
3.000000 -1.966733 2.510261,
2.799213 -1.969207 2.508664,
3.000000 -1.969207 2.508664,
2.799213 -1.971757 2.507192,
3.000000 -1.971757 2.507192,
2.799213 -1.974377 2.505848,
3.000000 -1.974377 2.505848,
2.799213 -1.977061 2.504637,
3.000000 -1.977061 2.504637,
2.799213 -1.979802 2.503561,
3.000000 -1.979802 2.503561,
2.799213 -1.982593 2.502624,
3.000000 -1.982593 2.502624,
3.000000 -1.985428 2.501826,
2.799213 -1.985428 2.501826,
2.799213 -1.988298 2.501171,
3.000000 -1.988298 2.501171,
2.799213 -1.991198 2.500660,
3.000000 -1.991198 2.500660,
2.799213 -1.994120 2.500293,
3.000000 -1.994120 2.500293,
2.799213 -1.997056 2.500073,
3.000000 -1.997056 2.500073 ] } coordIndex [ 0 1 2 -1,
0 2 3 -1,
4 3 5 -1,
4 0 3 -1,
6 5 7 -1,
6 4 5 -1,
8 7 9 -1,
8 9 10 -1,
8 6 7 -1,
11 8 10 -1,
12 10 13 -1,
12 11 10 -1,
14 13 15 -1,
14 12 13 -1,
16 15 17 -1,
16 17 18 -1,
16 14 15 -1,
19 16 18 -1,
20 18 21 -1,
20 19 18 -1,
22 20 21 -1,
22 21 23 -1,
22 23 24 -1,
25 22 24 -1,
26 25 24 -1,
26 24 27 -1,
28 26 27 -1,
28 27 29 -1,
28 29 30 -1,
31 28 30 -1,
32 31 30 -1,
32 30 33 -1,
34 32 33 -1,
34 33 35 -1,
36 34 35 -1,
36 35 37 -1,
38 36 37 -1,
38 37 39 -1,
40 38 39 -1,
40 39 41 -1,
42 40 41 -1,
42 41 43 -1,
44 42 43 -1,
44 43 45 -1,
46 45 47 -1,
46 44 45 -1,
48 47 49 -1,
48 46 47 -1,
50 49 51 -1,
50 51 52 -1,
50 48 49 -1,
53 50 52 -1,
54 52 55 -1,
54 53 52 -1,
56 55 57 -1,
56 57 58 -1,
56 54 55 -1,
59 56 58 -1,
60 58 61 -1,
60 59 58 -1,
62 61 63 -1,
62 60 61 -1,
64 63 65 -1,
64 65 66 -1,
64 62 63 -1,
67 64 66 -1,
68 66 69 -1,
68 69 70 -1,
68 67 66 -1,
71 68 70 -1,
72 71 70 -1,
72 70 73 -1,
74 72 73 -1,
74 73 75 -1,
74 75 76 -1,
77 74 76 -1,
78 77 76 -1,
78 76 79 -1,
78 79 80 -1,
81 78 80 -1,
82 81 80 -1,
82 80 83 -1,
84 82 83 -1,
84 83 85 -1,
86 84 85 -1,
86 85 87 -1,
86 87 88 -1,
89 86 88 -1,
90 89 88 -1,
90 88 91 -1,
90 91 92 -1,
93 90 92 -1,
93 92 94 -1,
95 93 94 -1,
96 95 94 -1,
96 94 97 -1,
96 97 98 -1,
99 96 98 -1,
100 99 98 -1,
100 98 101 -1,
100 101 102 -1,
103 100 102 -1,
103 102 104 -1,
105 103 104 -1,
106 105 104 -1,
106 104 107 -1,
106 107 108 -1,
109 106 108 -1,
110 109 108 -1,
110 108 111 -1,
110 111 112 -1,
113 110 112 -1,
114 113 112 -1,
114 112 115 -1,
114 115 116 -1,
117 114 116 -1,
118 116 119 -1,
118 119 120 -1,
118 117 116 -1,
121 118 120 -1,
122 120 123 -1,
122 121 120 -1,
124 122 123 -1,
124 123 125 -1,
124 125 126 -1,
127 124 126 -1,
128 127 126 -1,
128 126 129 -1,
130 128 129 -1,
130 129 131 -1,
132 130 131 -1,
132 131 133 -1,
134 132 133 -1,
134 133 135 -1,
136 134 135 -1,
136 135 137 -1,
138 136 137 -1,
138 137 139 -1,
140 138 139 -1,
140 139 141 -1,
142 140 141 -1,
142 141 143 -1,
144 142 143 -1,
144 143 145 -1,
146 144 145 -1,
146 145 147 -1,
148 146 147 -1,
148 147 149 -1,
150 149 151 -1,
150 148 149 -1,
152 151 153 -1,
152 150 151 -1,
154 153 155 -1,
154 152 153 -1,
156 155 157 -1,
156 154 155 -1,
158 157 159 -1,
158 156 157 -1,
160 159 161 -1,
160 158 159 -1,
162 161 163 -1,
162 160 161 -1,
164 163 165 -1,
164 162 163 -1,
166 165 167 -1,
166 164 165 -1,
168 167 169 -1,
168 166 167 -1,
170 169 171 -1,
170 168 169 -1,
172 171 173 -1,
172 170 171 -1,
174 173 175 -1,
174 172 173 -1,
176 174 175 -1,
176 175 177 -1,
178 176 177 -1,
178 177 179 -1,
180 178 179 -1,
180 179 181 -1,
182 180 181 -1,
182 181 183 -1,
184 183 185 -1,
184 182 183 -1,
186 185 187 -1,
186 184 185 -1,
188 187 189 -1,
188 186 187 -1,
190 189 191 -1,
190 188 189 -1,
192 191 193 -1,
192 190 191 -1,
194 193 195 -1,
194 192 193 -1,
196 195 197 -1,
196 194 195 -1,
198 197 199 -1,
198 196 197 -1,
200 199 201 -1,
200 198 199 -1,
202 201 203 -1,
202 203 204 -1,
202 200 201 -1,
205 202 204 -1,
206 204 207 -1,
206 205 204 -1,
208 207 209 -1,
208 206 207 -1,
210 209 211 -1,
210 208 209 -1,
212 211 213 -1,
212 213 214 -1,
212 210 211 -1,
215 212 214 -1,
216 214 217 -1,
216 215 214 -1,
218 217 219 -1,
218 216 217 -1,
220 219 221 -1,
220 218 219 -1,
222 221 223 -1,
222 220 221 -1,
224 222 223 -1,
224 223 225 -1,
226 224 225 -1,
226 225 227 -1,
228 226 227 -1,
228 227 229 -1,
230 228 229 -1,
230 229 231 -1,
232 230 231 -1,
232 231 233 -1,
234 232 233 -1,
234 233 235 -1,
236 234 235 -1,
236 235 237 -1,
238 236 237 -1,
238 237 239 -1,
240 238 239 -1,
240 239 241 -1,
240 241 242 -1,
243 240 242 -1,
244 243 242 -1,
244 242 245 -1,
246 244 245 -1,
246 245 247 -1,
248 246 247 -1,
248 247 249 -1,
250 249 251 -1,
250 248 249 -1,
250 251 2 -1,
1 250 2 -1,
206 202 205 -1,
106 109 110 -1,
210 206 208 -1,
212 206 210 -1,
100 103 105 -1,
216 212 215 -1,
222 218 220 -1,
226 222 224 -1,
228 222 226 -1,
232 228 230 -1,
82 84 86 -1,
236 232 234 -1,
240 236 238 -1,
243 236 240 -1,
244 236 243 -1,
11 6 8 -1,
14 11 12 -1,
20 16 19 -1,
40 42 44 -1,
40 44 46 -1,
40 46 48 -1,
26 20 22 -1,
26 22 25 -1,
34 36 38 -1,
32 200 202 -1,
32 1 0 -1,
32 0 4 -1,
32 4 6 -1,
32 236 244 -1,
32 202 206 -1,
32 14 16 -1,
32 216 218 -1,
32 26 28 -1,
32 212 216 -1,
32 28 31 -1,
32 11 14 -1,
32 206 212 -1,
32 38 40 -1,
32 244 246 -1,
32 246 248 -1,
32 248 250 -1,
32 34 38 -1,
32 250 1 -1,
32 48 50 -1,
32 50 53 -1,
32 53 54 -1,
32 54 56 -1,
32 56 59 -1,
32 59 60 -1,
32 60 62 -1,
32 40 48 -1,
32 62 64 -1,
32 64 67 -1,
32 67 68 -1,
32 228 232 -1,
32 68 71 -1,
32 71 72 -1,
32 72 74 -1,
32 74 77 -1,
32 100 105 -1,
32 77 78 -1,
32 78 81 -1,
32 81 82 -1,
32 86 89 -1,
32 89 90 -1,
32 90 93 -1,
32 93 95 -1,
32 95 96 -1,
32 96 99 -1,
32 99 100 -1,
32 105 106 -1,
32 16 20 -1,
32 218 222 -1,
32 110 113 -1,
32 113 114 -1,
32 114 117 -1,
32 117 118 -1,
32 118 121 -1,
32 121 122 -1,
32 222 228 -1,
32 122 124 -1,
32 124 127 -1,
32 127 128 -1,
32 128 130 -1,
32 130 132 -1,
32 132 134 -1,
32 106 110 -1,
32 134 136 -1,
32 136 138 -1,
32 138 140 -1,
32 82 86 -1,
32 140 142 -1,
32 142 144 -1,
32 144 146 -1,
32 146 148 -1,
32 148 150 -1,
32 150 152 -1,
32 232 236 -1,
32 152 154 -1,
32 154 156 -1,
32 156 158 -1,
32 158 160 -1,
32 160 162 -1,
32 162 164 -1,
32 164 166 -1,
32 166 168 -1,
32 168 170 -1,
32 170 172 -1,
32 172 174 -1,
32 174 176 -1,
32 176 178 -1,
32 178 180 -1,
32 180 182 -1,
32 182 184 -1,
32 184 186 -1,
32 186 188 -1,
32 188 190 -1,
32 190 192 -1,
32 192 194 -1,
32 6 11 -1,
32 194 196 -1,
32 20 26 -1,
32 196 198 -1,
32 198 200 -1,
203 207 204 -1,
108 107 111 -1,
207 211 209 -1,
207 213 211 -1,
102 101 104 -1,
213 217 214 -1,
219 223 221 -1,
223 227 225 -1,
223 229 227 -1,
229 233 231 -1,
85 83 87 -1,
233 237 235 -1,
237 241 239 -1,
237 242 241 -1,
237 245 242 -1,
7 10 9 -1,
10 15 13 -1,
17 21 18 -1,
43 41 45 -1,
45 41 47 -1,
47 41 49 -1,
21 27 23 -1,
23 27 24 -1,
37 35 39 -1,
201 33 203 -1,
2 33 3 -1,
3 33 5 -1,
5 33 7 -1,
237 33 245 -1,
203 33 207 -1,
15 33 17 -1,
217 33 219 -1,
27 33 29 -1,
213 33 217 -1,
29 33 30 -1,
10 33 15 -1,
207 33 213 -1,
39 33 41 -1,
245 33 247 -1,
247 33 249 -1,
249 33 251 -1,
35 33 39 -1,
251 33 2 -1,
49 33 51 -1,
51 33 52 -1,
52 33 55 -1,
55 33 57 -1,
57 33 58 -1,
58 33 61 -1,
61 33 63 -1,
41 33 49 -1,
63 33 65 -1,
65 33 66 -1,
66 33 69 -1,
229 33 233 -1,
69 33 70 -1,
70 33 73 -1,
73 33 75 -1,
75 33 76 -1,
101 33 104 -1,
76 33 79 -1,
79 33 80 -1,
80 33 83 -1,
87 33 88 -1,
88 33 91 -1,
91 33 92 -1,
92 33 94 -1,
94 33 97 -1,
97 33 98 -1,
98 33 101 -1,
104 33 107 -1,
17 33 21 -1,
219 33 223 -1,
111 33 112 -1,
112 33 115 -1,
115 33 116 -1,
116 33 119 -1,
119 33 120 -1,
120 33 123 -1,
223 33 229 -1,
123 33 125 -1,
125 33 126 -1,
126 33 129 -1,
129 33 131 -1,
131 33 133 -1,
133 33 135 -1,
107 33 111 -1,
135 33 137 -1,
137 33 139 -1,
139 33 141 -1,
83 33 87 -1,
141 33 143 -1,
143 33 145 -1,
145 33 147 -1,
147 33 149 -1,
149 33 151 -1,
151 33 153 -1,
233 33 237 -1,
153 33 155 -1,
155 33 157 -1,
157 33 159 -1,
159 33 161 -1,
161 33 163 -1,
163 33 165 -1,
165 33 167 -1,
167 33 169 -1,
169 33 171 -1,
171 33 173 -1,
173 33 175 -1,
175 33 177 -1,
177 33 179 -1,
179 33 181 -1,
181 33 183 -1,
183 33 185 -1,
185 33 187 -1,
187 33 189 -1,
189 33 191 -1,
191 33 193 -1,
193 33 195 -1,
7 33 10 -1,
195 33 197 -1,
21 33 27 -1,
197 33 199 -1,
199 33 201 -1 ] } }
Shape { appearance Appearance { material Material { diffuseColor 0.7 0.72 0.74 } } geometry IndexedFaceSet { solid FALSE coord Coordinate { point [ 2.901575 -3.059055 -0.984252,
2.901575 -3.059055 0.000000,
2.901575 -2.940945 -0.984252,
2.901575 -2.940945 0.000000,
3.098425 -3.059055 0.000000,
3.098425 -3.059055 -0.984252,
3.098425 -2.940945 -0.984252,
3.098425 -2.940945 0.000000 ] } coordIndex [ 0 1 2 -1,
2 1 3 -1,
4 5 6 -1,
4 6 7 -1,
5 4 0 -1,
0 4 1 -1,
7 6 2 -1,
7 2 3 -1,
2 6 0 -1,
0 6 5 -1,
7 3 1 -1,
7 1 4 -1 ] } }
Shape { appearance Appearance { material Material { diffuseColor 0.7 0.72 0.74 } } geometry IndexedFaceSet { solid FALSE coord Coordinate { point [ 2.901575 -3.059055 1.181102,
2.901575 -3.059055 2.559055,
2.901575 -2.940945 1.181102,
2.901575 -2.940945 2.559055,
3.098425 -3.059055 2.559055,
3.098425 -3.059055 1.181102,
3.098425 -2.940945 1.181102,
3.098425 -2.940945 2.559055 ] } coordIndex [ 0 1 2 -1,
2 1 3 -1,
4 5 6 -1,
4 6 7 -1,
5 4 0 -1,
0 4 1 -1,
7 6 2 -1,
7 2 3 -1,
2 6 0 -1,
0 6 5 -1,
7 3 1 -1,
7 1 4 -1 ] } }
Shape { appearance Appearance { material Material { diffuseColor 0.7 0.72 0.74 } } geometry IndexedFaceSet { solid FALSE coord Coordinate { point [ 2.799213 -3.002944 2.500073,
2.799213 -3.000000 2.500000,
3.000000 -3.000000 2.500000,
3.000000 -3.002944 2.500073,
2.799213 -3.005880 2.500293,
3.000000 -3.005880 2.500293,
2.799213 -3.008802 2.500660,
3.000000 -3.008802 2.500660,
2.799213 -3.011702 2.501171,
3.000000 -3.011702 2.501171,
3.000000 -3.014572 2.501826,
2.799213 -3.014572 2.501826,
2.799213 -3.017407 2.502624,
3.000000 -3.017407 2.502624,
2.799213 -3.020198 2.503561,
3.000000 -3.020198 2.503561,
2.799213 -3.022939 2.504637,
3.000000 -3.022939 2.504637,
3.000000 -3.025623 2.505848,
2.799213 -3.025623 2.505848,
2.799213 -3.028243 2.507192,
3.000000 -3.028243 2.507192,
2.799213 -3.030793 2.508664,
3.000000 -3.030793 2.508664,
3.000000 -3.033267 2.510261,
2.799213 -3.033267 2.510261,
2.799213 -3.035658 2.511980,
3.000000 -3.035658 2.511980,
2.799213 -3.037960 2.513816,
3.000000 -3.037960 2.513816,
3.000000 -3.040168 2.515765,
2.799213 -3.040168 2.515765,
2.799213 -3.042276 2.517821,
3.000000 -3.042276 2.517821,
2.799213 -3.044278 2.519979,
3.000000 -3.044278 2.519979,
2.799213 -3.046171 2.522235,
3.000000 -3.046171 2.522235,
2.799213 -3.047949 2.524582,
3.000000 -3.047949 2.524582,
2.799213 -3.049608 2.527015,
3.000000 -3.049608 2.527015,
2.799213 -3.051143 2.529528,
3.000000 -3.051143 2.529528,
2.799213 -3.052551 2.532114,
3.000000 -3.052551 2.532114,
2.799213 -3.053829 2.534767,
3.000000 -3.053829 2.534767,
2.799213 -3.054973 2.537480,
3.000000 -3.054973 2.537480,
2.799213 -3.055980 2.540247,
3.000000 -3.055980 2.540247,
3.000000 -3.056848 2.543061,
2.799213 -3.056848 2.543061,
2.799213 -3.057574 2.545914,
3.000000 -3.057574 2.545914,
2.799213 -3.058158 2.548800,
3.000000 -3.058158 2.548800,
3.000000 -3.058597 2.551712,
2.799213 -3.058597 2.551712,
2.799213 -3.058890 2.554642,
3.000000 -3.058890 2.554642,
2.799213 -3.059037 2.557583,
3.000000 -3.059037 2.557583,
2.799213 -3.059037 2.560527,
3.000000 -3.059037 2.560527,
3.000000 -3.058890 2.563468,
2.799213 -3.058890 2.563468,
2.799213 -3.058597 2.566398,
3.000000 -3.058597 2.566398,
3.000000 -3.058158 2.569310,
2.799213 -3.058158 2.569310,
2.799213 -3.057574 2.572196,
3.000000 -3.057574 2.572196,
2.799213 -3.056848 2.575050,
3.000000 -3.056848 2.575050,
3.000000 -3.055980 2.577863,
2.799213 -3.055980 2.577863,
2.799213 -3.054973 2.580630,
3.000000 -3.054973 2.580630,
3.000000 -3.053829 2.583344,
2.799213 -3.053829 2.583344,
2.799213 -3.052551 2.585997,
3.000000 -3.052551 2.585997,
2.799213 -3.051143 2.588583,
3.000000 -3.051143 2.588583,
2.799213 -3.049608 2.591095,
3.000000 -3.049608 2.591095,
3.000000 -3.047949 2.593528,
2.799213 -3.047949 2.593528,
2.799213 -3.046171 2.595875,
3.000000 -3.046171 2.595875,
3.000000 -3.044278 2.598131,
2.799213 -3.044278 2.598131,
3.000000 -3.042276 2.600290,
2.799213 -3.042276 2.600290,
2.799213 -3.040168 2.602346,
3.000000 -3.040168 2.602346,
3.000000 -3.037960 2.604294,
2.799213 -3.037960 2.604294,
2.799213 -3.035658 2.606130,
3.000000 -3.035658 2.606130,
3.000000 -3.033267 2.607849,
2.799213 -3.033267 2.607849,
3.000000 -3.030793 2.609446,
2.799213 -3.030793 2.609446,
2.799213 -3.028243 2.610919,
3.000000 -3.028243 2.610919,
3.000000 -3.025623 2.612262,
2.799213 -3.025623 2.612262,
2.799213 -3.022939 2.613473,
3.000000 -3.022939 2.613473,
3.000000 -3.020198 2.614549,
2.799213 -3.020198 2.614549,
2.799213 -3.017407 2.615487,
3.000000 -3.017407 2.615487,
3.000000 -3.014572 2.616284,
2.799213 -3.014572 2.616284,
2.799213 -3.011702 2.616939,
3.000000 -3.011702 2.616939,
3.000000 -3.008802 2.617451,
2.799213 -3.008802 2.617451,
2.799213 -3.005880 2.617817,
3.000000 -3.005880 2.617817,
2.799213 -3.002944 2.618037,
3.000000 -3.002944 2.618037,
3.000000 -3.000000 2.618110,
2.799213 -3.000000 2.618110,
2.799213 -2.997056 2.618037,
3.000000 -2.997056 2.618037,
2.799213 -2.994120 2.617817,
3.000000 -2.994120 2.617817,
2.799213 -2.991198 2.617451,
3.000000 -2.991198 2.617451,
2.799213 -2.988298 2.616939,
3.000000 -2.988298 2.616939,
2.799213 -2.985428 2.616284,
3.000000 -2.985428 2.616284,
2.799213 -2.982593 2.615487,
3.000000 -2.982593 2.615487,
2.799213 -2.979802 2.614549,
3.000000 -2.979802 2.614549,
2.799213 -2.977061 2.613473,
3.000000 -2.977061 2.613473,
2.799213 -2.974377 2.612262,
3.000000 -2.974377 2.612262,
2.799213 -2.971757 2.610919,
3.000000 -2.971757 2.610919,
2.799213 -2.969207 2.609446,
3.000000 -2.969207 2.609446,
2.799213 -2.966733 2.607849,
3.000000 -2.966733 2.607849,
2.799213 -2.964342 2.606130,
3.000000 -2.964342 2.606130,
2.799213 -2.962040 2.604294,
3.000000 -2.962040 2.604294,
2.799213 -2.959832 2.602346,
3.000000 -2.959832 2.602346,
2.799213 -2.957724 2.600290,
3.000000 -2.957724 2.600290,
2.799213 -2.955722 2.598131,
3.000000 -2.955722 2.598131,
2.799213 -2.953829 2.595875,
3.000000 -2.953829 2.595875,
2.799213 -2.952051 2.593528,
3.000000 -2.952051 2.593528,
2.799213 -2.950392 2.591095,
3.000000 -2.950392 2.591095,
2.799213 -2.948857 2.588583,
3.000000 -2.948857 2.588583,
2.799213 -2.947449 2.585997,
3.000000 -2.947449 2.585997,
2.799213 -2.946171 2.583344,
3.000000 -2.946171 2.583344,
2.799213 -2.945027 2.580630,
3.000000 -2.945027 2.580630,
2.799213 -2.944020 2.577863,
3.000000 -2.944020 2.577863,
2.799213 -2.943152 2.575050,
3.000000 -2.943152 2.575050,
2.799213 -2.942426 2.572196,
3.000000 -2.942426 2.572196,
2.799213 -2.941842 2.569310,
3.000000 -2.941842 2.569310,
2.799213 -2.941403 2.566398,
3.000000 -2.941403 2.566398,
2.799213 -2.941110 2.563468,
3.000000 -2.941110 2.563468,
2.799213 -2.940963 2.560527,
3.000000 -2.940963 2.560527,
2.799213 -2.940963 2.557583,
3.000000 -2.940963 2.557583,
2.799213 -2.941110 2.554642,
3.000000 -2.941110 2.554642,
2.799213 -2.941403 2.551712,
3.000000 -2.941403 2.551712,
2.799213 -2.941842 2.548800,
3.000000 -2.941842 2.548800,
2.799213 -2.942426 2.545914,
3.000000 -2.942426 2.545914,
2.799213 -2.943152 2.543061,
3.000000 -2.943152 2.543061,
2.799213 -2.944020 2.540247,
3.000000 -2.944020 2.540247,
3.000000 -2.945027 2.537480,
2.799213 -2.945027 2.537480,
2.799213 -2.946171 2.534767,
3.000000 -2.946171 2.534767,
2.799213 -2.947449 2.532114,
3.000000 -2.947449 2.532114,
2.799213 -2.948857 2.529528,
3.000000 -2.948857 2.529528,
2.799213 -2.950392 2.527015,
3.000000 -2.950392 2.527015,
3.000000 -2.952051 2.524582,
2.799213 -2.952051 2.524582,
2.799213 -2.953829 2.522235,
3.000000 -2.953829 2.522235,
2.799213 -2.955722 2.519979,
3.000000 -2.955722 2.519979,
2.799213 -2.957724 2.517821,
3.000000 -2.957724 2.517821,
2.799213 -2.959832 2.515765,
3.000000 -2.959832 2.515765,
2.799213 -2.962040 2.513816,
3.000000 -2.962040 2.513816,
2.799213 -2.964342 2.511980,
3.000000 -2.964342 2.511980,
2.799213 -2.966733 2.510261,
3.000000 -2.966733 2.510261,
2.799213 -2.969207 2.508664,
3.000000 -2.969207 2.508664,
2.799213 -2.971757 2.507192,
3.000000 -2.971757 2.507192,
2.799213 -2.974377 2.505848,
3.000000 -2.974377 2.505848,
2.799213 -2.977061 2.504637,
3.000000 -2.977061 2.504637,
2.799213 -2.979802 2.503561,
3.000000 -2.979802 2.503561,
2.799213 -2.982593 2.502624,
3.000000 -2.982593 2.502624,
3.000000 -2.985428 2.501826,
2.799213 -2.985428 2.501826,
2.799213 -2.988298 2.501171,
3.000000 -2.988298 2.501171,
2.799213 -2.991198 2.500660,
3.000000 -2.991198 2.500660,
2.799213 -2.994120 2.500293,
3.000000 -2.994120 2.500293,
2.799213 -2.997056 2.500073,
3.000000 -2.997056 2.500073 ] } coordIndex [ 0 1 2 -1,
0 2 3 -1,
4 3 5 -1,
4 0 3 -1,
6 5 7 -1,
6 4 5 -1,
8 7 9 -1,
8 9 10 -1,
8 6 7 -1,
11 8 10 -1,
12 10 13 -1,
12 11 10 -1,
14 13 15 -1,
14 12 13 -1,
16 15 17 -1,
16 17 18 -1,
16 14 15 -1,
19 16 18 -1,
20 18 21 -1,
20 19 18 -1,
22 20 21 -1,
22 21 23 -1,
22 23 24 -1,
25 22 24 -1,
26 25 24 -1,
26 24 27 -1,
28 26 27 -1,
28 27 29 -1,
28 29 30 -1,
31 28 30 -1,
32 31 30 -1,
32 30 33 -1,
34 32 33 -1,
34 33 35 -1,
36 34 35 -1,
36 35 37 -1,
38 36 37 -1,
38 37 39 -1,
40 38 39 -1,
40 39 41 -1,
42 40 41 -1,
42 41 43 -1,
44 42 43 -1,
44 43 45 -1,
46 45 47 -1,
46 44 45 -1,
48 47 49 -1,
48 46 47 -1,
50 49 51 -1,
50 51 52 -1,
50 48 49 -1,
53 50 52 -1,
54 52 55 -1,
54 53 52 -1,
56 55 57 -1,
56 57 58 -1,
56 54 55 -1,
59 56 58 -1,
60 58 61 -1,
60 59 58 -1,
62 61 63 -1,
62 60 61 -1,
64 63 65 -1,
64 65 66 -1,
64 62 63 -1,
67 64 66 -1,
68 66 69 -1,
68 69 70 -1,
68 67 66 -1,
71 68 70 -1,
72 71 70 -1,
72 70 73 -1,
74 72 73 -1,
74 73 75 -1,
74 75 76 -1,
77 74 76 -1,
78 77 76 -1,
78 76 79 -1,
78 79 80 -1,
81 78 80 -1,
82 81 80 -1,
82 80 83 -1,
84 82 83 -1,
84 83 85 -1,
86 84 85 -1,
86 85 87 -1,
86 87 88 -1,
89 86 88 -1,
90 89 88 -1,
90 88 91 -1,
90 91 92 -1,
93 90 92 -1,
93 92 94 -1,
95 93 94 -1,
96 95 94 -1,
96 94 97 -1,
96 97 98 -1,
99 96 98 -1,
100 99 98 -1,
100 98 101 -1,
100 101 102 -1,
103 100 102 -1,
103 102 104 -1,
105 103 104 -1,
106 105 104 -1,
106 104 107 -1,
106 107 108 -1,
109 106 108 -1,
110 109 108 -1,
110 108 111 -1,
110 111 112 -1,
113 110 112 -1,
114 113 112 -1,
114 112 115 -1,
114 115 116 -1,
117 114 116 -1,
118 116 119 -1,
118 119 120 -1,
118 117 116 -1,
121 118 120 -1,
122 120 123 -1,
122 121 120 -1,
124 122 123 -1,
124 123 125 -1,
124 125 126 -1,
127 124 126 -1,
128 127 126 -1,
128 126 129 -1,
130 128 129 -1,
130 129 131 -1,
132 130 131 -1,
132 131 133 -1,
134 132 133 -1,
134 133 135 -1,
136 134 135 -1,
136 135 137 -1,
138 136 137 -1,
138 137 139 -1,
140 138 139 -1,
140 139 141 -1,
142 140 141 -1,
142 141 143 -1,
144 142 143 -1,
144 143 145 -1,
146 144 145 -1,
146 145 147 -1,
148 146 147 -1,
148 147 149 -1,
150 149 151 -1,
150 148 149 -1,
152 151 153 -1,
152 150 151 -1,
154 153 155 -1,
154 152 153 -1,
156 155 157 -1,
156 154 155 -1,
158 157 159 -1,
158 156 157 -1,
160 159 161 -1,
160 158 159 -1,
162 161 163 -1,
162 160 161 -1,
164 163 165 -1,
164 162 163 -1,
166 165 167 -1,
166 164 165 -1,
168 167 169 -1,
168 166 167 -1,
170 169 171 -1,
170 168 169 -1,
172 171 173 -1,
172 170 171 -1,
174 173 175 -1,
174 172 173 -1,
176 174 175 -1,
176 175 177 -1,
178 176 177 -1,
178 177 179 -1,
180 178 179 -1,
180 179 181 -1,
182 180 181 -1,
182 181 183 -1,
184 183 185 -1,
184 182 183 -1,
186 185 187 -1,
186 184 185 -1,
188 187 189 -1,
188 186 187 -1,
190 189 191 -1,
190 188 189 -1,
192 191 193 -1,
192 190 191 -1,
194 193 195 -1,
194 192 193 -1,
196 195 197 -1,
196 194 195 -1,
198 197 199 -1,
198 196 197 -1,
200 199 201 -1,
200 198 199 -1,
202 201 203 -1,
202 203 204 -1,
202 200 201 -1,
205 202 204 -1,
206 204 207 -1,
206 205 204 -1,
208 207 209 -1,
208 206 207 -1,
210 209 211 -1,
210 208 209 -1,
212 211 213 -1,
212 213 214 -1,
212 210 211 -1,
215 212 214 -1,
216 214 217 -1,
216 215 214 -1,
218 217 219 -1,
218 216 217 -1,
220 219 221 -1,
220 218 219 -1,
222 221 223 -1,
222 220 221 -1,
224 222 223 -1,
224 223 225 -1,
226 224 225 -1,
226 225 227 -1,
228 226 227 -1,
228 227 229 -1,
230 228 229 -1,
230 229 231 -1,
232 230 231 -1,
232 231 233 -1,
234 232 233 -1,
234 233 235 -1,
236 234 235 -1,
236 235 237 -1,
238 236 237 -1,
238 237 239 -1,
240 238 239 -1,
240 239 241 -1,
240 241 242 -1,
243 240 242 -1,
244 243 242 -1,
244 242 245 -1,
246 244 245 -1,
246 245 247 -1,
248 246 247 -1,
248 247 249 -1,
250 249 251 -1,
250 248 249 -1,
250 251 2 -1,
1 250 2 -1,
206 202 205 -1,
106 109 110 -1,
210 206 208 -1,
212 206 210 -1,
100 103 105 -1,
216 212 215 -1,
222 218 220 -1,
226 222 224 -1,
228 222 226 -1,
232 228 230 -1,
82 84 86 -1,
236 232 234 -1,
240 236 238 -1,
243 236 240 -1,
244 236 243 -1,
11 6 8 -1,
14 11 12 -1,
20 16 19 -1,
40 42 44 -1,
40 44 46 -1,
40 46 48 -1,
26 20 22 -1,
26 22 25 -1,
34 36 38 -1,
32 200 202 -1,
32 1 0 -1,
32 0 4 -1,
32 4 6 -1,
32 236 244 -1,
32 202 206 -1,
32 14 16 -1,
32 216 218 -1,
32 26 28 -1,
32 212 216 -1,
32 28 31 -1,
32 11 14 -1,
32 206 212 -1,
32 38 40 -1,
32 244 246 -1,
32 246 248 -1,
32 248 250 -1,
32 34 38 -1,
32 250 1 -1,
32 48 50 -1,
32 50 53 -1,
32 53 54 -1,
32 54 56 -1,
32 56 59 -1,
32 59 60 -1,
32 60 62 -1,
32 40 48 -1,
32 62 64 -1,
32 64 67 -1,
32 67 68 -1,
32 228 232 -1,
32 68 71 -1,
32 71 72 -1,
32 72 74 -1,
32 74 77 -1,
32 100 105 -1,
32 77 78 -1,
32 78 81 -1,
32 81 82 -1,
32 86 89 -1,
32 89 90 -1,
32 90 93 -1,
32 93 95 -1,
32 95 96 -1,
32 96 99 -1,
32 99 100 -1,
32 105 106 -1,
32 16 20 -1,
32 218 222 -1,
32 110 113 -1,
32 113 114 -1,
32 114 117 -1,
32 117 118 -1,
32 118 121 -1,
32 121 122 -1,
32 222 228 -1,
32 122 124 -1,
32 124 127 -1,
32 127 128 -1,
32 128 130 -1,
32 130 132 -1,
32 132 134 -1,
32 106 110 -1,
32 134 136 -1,
32 136 138 -1,
32 138 140 -1,
32 82 86 -1,
32 140 142 -1,
32 142 144 -1,
32 144 146 -1,
32 146 148 -1,
32 148 150 -1,
32 150 152 -1,
32 232 236 -1,
32 152 154 -1,
32 154 156 -1,
32 156 158 -1,
32 158 160 -1,
32 160 162 -1,
32 162 164 -1,
32 164 166 -1,
32 166 168 -1,
32 168 170 -1,
32 170 172 -1,
32 172 174 -1,
32 174 176 -1,
32 176 178 -1,
32 178 180 -1,
32 180 182 -1,
32 182 184 -1,
32 184 186 -1,
32 186 188 -1,
32 188 190 -1,
32 190 192 -1,
32 192 194 -1,
32 6 11 -1,
32 194 196 -1,
32 20 26 -1,
32 196 198 -1,
32 198 200 -1,
203 207 204 -1,
108 107 111 -1,
207 211 209 -1,
207 213 211 -1,
102 101 104 -1,
213 217 214 -1,
219 223 221 -1,
223 227 225 -1,
223 229 227 -1,
229 233 231 -1,
85 83 87 -1,
233 237 235 -1,
237 241 239 -1,
237 242 241 -1,
237 245 242 -1,
7 10 9 -1,
10 15 13 -1,
17 21 18 -1,
43 41 45 -1,
45 41 47 -1,
47 41 49 -1,
21 27 23 -1,
23 27 24 -1,
37 35 39 -1,
201 33 203 -1,
2 33 3 -1,
3 33 5 -1,
5 33 7 -1,
237 33 245 -1,
203 33 207 -1,
15 33 17 -1,
217 33 219 -1,
27 33 29 -1,
213 33 217 -1,
29 33 30 -1,
10 33 15 -1,
207 33 213 -1,
39 33 41 -1,
245 33 247 -1,
247 33 249 -1,
249 33 251 -1,
35 33 39 -1,
251 33 2 -1,
49 33 51 -1,
51 33 52 -1,
52 33 55 -1,
55 33 57 -1,
57 33 58 -1,
58 33 61 -1,
61 33 63 -1,
41 33 49 -1,
63 33 65 -1,
65 33 66 -1,
66 33 69 -1,
229 33 233 -1,
69 33 70 -1,
70 33 73 -1,
73 33 75 -1,
75 33 76 -1,
101 33 104 -1,
76 33 79 -1,
79 33 80 -1,
80 33 83 -1,
87 33 88 -1,
88 33 91 -1,
91 33 92 -1,
92 33 94 -1,
94 33 97 -1,
97 33 98 -1,
98 33 101 -1,
104 33 107 -1,
17 33 21 -1,
219 33 223 -1,
111 33 112 -1,
112 33 115 -1,
115 33 116 -1,
116 33 119 -1,
119 33 120 -1,
120 33 123 -1,
223 33 229 -1,
123 33 125 -1,
125 33 126 -1,
126 33 129 -1,
129 33 131 -1,
131 33 133 -1,
133 33 135 -1,
107 33 111 -1,
135 33 137 -1,
137 33 139 -1,
139 33 141 -1,
83 33 87 -1,
141 33 143 -1,
143 33 145 -1,
145 33 147 -1,
147 33 149 -1,
149 33 151 -1,
151 33 153 -1,
233 33 237 -1,
153 33 155 -1,
155 33 157 -1,
157 33 159 -1,
159 33 161 -1,
161 33 163 -1,
163 33 165 -1,
165 33 167 -1,
167 33 169 -1,
169 33 171 -1,
171 33 173 -1,
173 33 175 -1,
175 33 177 -1,
177 33 179 -1,
179 33 181 -1,
181 33 183 -1,
183 33 185 -1,
185 33 187 -1,
187 33 189 -1,
189 33 191 -1,
191 33 193 -1,
193 33 195 -1,
7 33 10 -1,
195 33 197 -1,
21 33 27 -1,
197 33 199 -1,
199 33 201 -1 ] } }
Shape { appearance Appearance { material Material { diffuseColor 0.7 0.72 0.74 } } geometry IndexedFaceSet { solid FALSE coord Coordinate { point [ 2.901575 -4.059055 -0.984252,
2.901575 -4.059055 0.000000,
2.901575 -3.940945 -0.984252,
2.901575 -3.940945 0.000000,
3.098425 -4.059055 0.000000,
3.098425 -4.059055 -0.984252,
3.098425 -3.940945 -0.984252,
3.098425 -3.940945 0.000000 ] } coordIndex [ 0 1 2 -1,
2 1 3 -1,
4 5 6 -1,
4 6 7 -1,
5 4 0 -1,
0 4 1 -1,
7 6 2 -1,
7 2 3 -1,
2 6 0 -1,
0 6 5 -1,
7 3 1 -1,
7 1 4 -1 ] } }
Shape { appearance Appearance { material Material { diffuseColor 0.7 0.72 0.74 } } geometry IndexedFaceSet { solid FALSE coord Coordinate { point [ 2.901575 -4.059055 1.181102,
2.901575 -4.059055 2.559055,
2.901575 -3.940945 1.181102,
2.901575 -3.940945 2.559055,
3.098425 -4.059055 2.559055,
3.098425 -4.059055 1.181102,
3.098425 -3.940945 1.181102,
3.098425 -3.940945 2.559055 ] } coordIndex [ 0 1 2 -1,
2 1 3 -1,
4 5 6 -1,
4 6 7 -1,
5 4 0 -1,
0 4 1 -1,
7 6 2 -1,
7 2 3 -1,
2 6 0 -1,
0 6 5 -1,
7 3 1 -1,
7 1 4 -1 ] } }
Shape { appearance Appearance { material Material { diffuseColor 0.7 0.72 0.74 } } geometry IndexedFaceSet { solid FALSE coord Coordinate { point [ 2.799213 -4.002944 2.500073,
2.799213 -4.000000 2.500000,
3.000000 -4.000000 2.500000,
3.000000 -4.002944 2.500073,
2.799213 -4.005880 2.500293,
3.000000 -4.005880 2.500293,
2.799213 -4.008802 2.500660,
3.000000 -4.008802 2.500660,
2.799213 -4.011702 2.501171,
3.000000 -4.011702 2.501171,
3.000000 -4.014572 2.501826,
2.799213 -4.014572 2.501826,
2.799213 -4.017407 2.502624,
3.000000 -4.017407 2.502624,
2.799213 -4.020198 2.503561,
3.000000 -4.020198 2.503561,
2.799213 -4.022939 2.504637,
3.000000 -4.022939 2.504637,
3.000000 -4.025623 2.505848,
2.799213 -4.025623 2.505848,
2.799213 -4.028243 2.507192,
3.000000 -4.028243 2.507192,
2.799213 -4.030793 2.508664,
3.000000 -4.030793 2.508664,
3.000000 -4.033267 2.510261,
2.799213 -4.033267 2.510261,
2.799213 -4.035658 2.511980,
3.000000 -4.035658 2.511980,
2.799213 -4.037960 2.513816,
3.000000 -4.037960 2.513816,
3.000000 -4.040168 2.515765,
2.799213 -4.040168 2.515765,
2.799213 -4.042276 2.517821,
3.000000 -4.042276 2.517821,
2.799213 -4.044278 2.519979,
3.000000 -4.044278 2.519979,
2.799213 -4.046171 2.522235,
3.000000 -4.046171 2.522235,
2.799213 -4.047949 2.524582,
3.000000 -4.047949 2.524582,
2.799213 -4.049608 2.527015,
3.000000 -4.049608 2.527015,
2.799213 -4.051143 2.529528,
3.000000 -4.051143 2.529528,
2.799213 -4.052551 2.532114,
3.000000 -4.052551 2.532114,
2.799213 -4.053829 2.534767,
3.000000 -4.053829 2.534767,
2.799213 -4.054973 2.537480,
3.000000 -4.054973 2.537480,
2.799213 -4.055980 2.540247,
3.000000 -4.055980 2.540247,
3.000000 -4.056848 2.543061,
2.799213 -4.056848 2.543061,
2.799213 -4.057574 2.545914,
3.000000 -4.057574 2.545914,
2.799213 -4.058158 2.548800,
3.000000 -4.058158 2.548800,
3.000000 -4.058597 2.551712,
2.799213 -4.058597 2.551712,
2.799213 -4.058890 2.554642,
3.000000 -4.058890 2.554642,
2.799213 -4.059037 2.557583,
3.000000 -4.059037 2.557583,
2.799213 -4.059037 2.560527,
3.000000 -4.059037 2.560527,
3.000000 -4.058890 2.563468,
2.799213 -4.058890 2.563468,
2.799213 -4.058597 2.566398,
3.000000 -4.058597 2.566398,
3.000000 -4.058158 2.569310,
2.799213 -4.058158 2.569310,
2.799213 -4.057574 2.572196,
3.000000 -4.057574 2.572196,
2.799213 -4.056848 2.575050,
3.000000 -4.056848 2.575050,
3.000000 -4.055980 2.577863,
2.799213 -4.055980 2.577863,
2.799213 -4.054973 2.580630,
3.000000 -4.054973 2.580630,
3.000000 -4.053829 2.583344,
2.799213 -4.053829 2.583344,
2.799213 -4.052551 2.585997,
3.000000 -4.052551 2.585997,
2.799213 -4.051143 2.588583,
3.000000 -4.051143 2.588583,
2.799213 -4.049608 2.591095,
3.000000 -4.049608 2.591095,
3.000000 -4.047949 2.593528,
2.799213 -4.047949 2.593528,
2.799213 -4.046171 2.595875,
3.000000 -4.046171 2.595875,
3.000000 -4.044278 2.598131,
2.799213 -4.044278 2.598131,
3.000000 -4.042276 2.600290,
2.799213 -4.042276 2.600290,
2.799213 -4.040168 2.602346,
3.000000 -4.040168 2.602346,
3.000000 -4.037960 2.604294,
2.799213 -4.037960 2.604294,
2.799213 -4.035658 2.606130,
3.000000 -4.035658 2.606130,
3.000000 -4.033267 2.607849,
2.799213 -4.033267 2.607849,
3.000000 -4.030793 2.609446,
2.799213 -4.030793 2.609446,
2.799213 -4.028243 2.610919,
3.000000 -4.028243 2.610919,
3.000000 -4.025623 2.612262,
2.799213 -4.025623 2.612262,
2.799213 -4.022939 2.613473,
3.000000 -4.022939 2.613473,
3.000000 -4.020198 2.614549,
2.799213 -4.020198 2.614549,
2.799213 -4.017407 2.615487,
3.000000 -4.017407 2.615487,
3.000000 -4.014572 2.616284,
2.799213 -4.014572 2.616284,
2.799213 -4.011702 2.616939,
3.000000 -4.011702 2.616939,
3.000000 -4.008802 2.617451,
2.799213 -4.008802 2.617451,
2.799213 -4.005880 2.617817,
3.000000 -4.005880 2.617817,
2.799213 -4.002944 2.618037,
3.000000 -4.002944 2.618037,
3.000000 -4.000000 2.618110,
2.799213 -4.000000 2.618110,
2.799213 -3.997056 2.618037,
3.000000 -3.997056 2.618037,
2.799213 -3.994120 2.617817,
3.000000 -3.994120 2.617817,
2.799213 -3.991198 2.617451,
3.000000 -3.991198 2.617451,
2.799213 -3.988298 2.616939,
3.000000 -3.988298 2.616939,
2.799213 -3.985428 2.616284,
3.000000 -3.985428 2.616284,
2.799213 -3.982593 2.615487,
3.000000 -3.982593 2.615487,
2.799213 -3.979802 2.614549,
3.000000 -3.979802 2.614549,
2.799213 -3.977061 2.613473,
3.000000 -3.977061 2.613473,
2.799213 -3.974377 2.612262,
3.000000 -3.974377 2.612262,
2.799213 -3.971757 2.610919,
3.000000 -3.971757 2.610919,
2.799213 -3.969207 2.609446,
3.000000 -3.969207 2.609446,
2.799213 -3.966733 2.607849,
3.000000 -3.966733 2.607849,
2.799213 -3.964342 2.606130,
3.000000 -3.964342 2.606130,
2.799213 -3.962040 2.604294,
3.000000 -3.962040 2.604294,
2.799213 -3.959832 2.602346,
3.000000 -3.959832 2.602346,
2.799213 -3.957724 2.600290,
3.000000 -3.957724 2.600290,
2.799213 -3.955722 2.598131,
3.000000 -3.955722 2.598131,
2.799213 -3.953829 2.595875,
3.000000 -3.953829 2.595875,
2.799213 -3.952051 2.593528,
3.000000 -3.952051 2.593528,
2.799213 -3.950392 2.591095,
3.000000 -3.950392 2.591095,
2.799213 -3.948857 2.588583,
3.000000 -3.948857 2.588583,
2.799213 -3.947449 2.585997,
3.000000 -3.947449 2.585997,
2.799213 -3.946171 2.583344,
3.000000 -3.946171 2.583344,
2.799213 -3.945027 2.580630,
3.000000 -3.945027 2.580630,
2.799213 -3.944020 2.577863,
3.000000 -3.944020 2.577863,
2.799213 -3.943152 2.575050,
3.000000 -3.943152 2.575050,
2.799213 -3.942426 2.572196,
3.000000 -3.942426 2.572196,
2.799213 -3.941842 2.569310,
3.000000 -3.941842 2.569310,
2.799213 -3.941403 2.566398,
3.000000 -3.941403 2.566398,
2.799213 -3.941110 2.563468,
3.000000 -3.941110 2.563468,
2.799213 -3.940963 2.560527,
3.000000 -3.940963 2.560527,
2.799213 -3.940963 2.557583,
3.000000 -3.940963 2.557583,
2.799213 -3.941110 2.554642,
3.000000 -3.941110 2.554642,
2.799213 -3.941403 2.551712,
3.000000 -3.941403 2.551712,
2.799213 -3.941842 2.548800,
3.000000 -3.941842 2.548800,
2.799213 -3.942426 2.545914,
3.000000 -3.942426 2.545914,
2.799213 -3.943152 2.543061,
3.000000 -3.943152 2.543061,
2.799213 -3.944020 2.540247,
3.000000 -3.944020 2.540247,
3.000000 -3.945027 2.537480,
2.799213 -3.945027 2.537480,
2.799213 -3.946171 2.534767,
3.000000 -3.946171 2.534767,
2.799213 -3.947449 2.532114,
3.000000 -3.947449 2.532114,
2.799213 -3.948857 2.529528,
3.000000 -3.948857 2.529528,
2.799213 -3.950392 2.527015,
3.000000 -3.950392 2.527015,
3.000000 -3.952051 2.524582,
2.799213 -3.952051 2.524582,
2.799213 -3.953829 2.522235,
3.000000 -3.953829 2.522235,
2.799213 -3.955722 2.519979,
3.000000 -3.955722 2.519979,
2.799213 -3.957724 2.517821,
3.000000 -3.957724 2.517821,
2.799213 -3.959832 2.515765,
3.000000 -3.959832 2.515765,
2.799213 -3.962040 2.513816,
3.000000 -3.962040 2.513816,
2.799213 -3.964342 2.511980,
3.000000 -3.964342 2.511980,
2.799213 -3.966733 2.510261,
3.000000 -3.966733 2.510261,
2.799213 -3.969207 2.508664,
3.000000 -3.969207 2.508664,
2.799213 -3.971757 2.507192,
3.000000 -3.971757 2.507192,
2.799213 -3.974377 2.505848,
3.000000 -3.974377 2.505848,
2.799213 -3.977061 2.504637,
3.000000 -3.977061 2.504637,
2.799213 -3.979802 2.503561,
3.000000 -3.979802 2.503561,
2.799213 -3.982593 2.502624,
3.000000 -3.982593 2.502624,
3.000000 -3.985428 2.501826,
2.799213 -3.985428 2.501826,
2.799213 -3.988298 2.501171,
3.000000 -3.988298 2.501171,
2.799213 -3.991198 2.500660,
3.000000 -3.991198 2.500660,
2.799213 -3.994120 2.500293,
3.000000 -3.994120 2.500293,
2.799213 -3.997056 2.500073,
3.000000 -3.997056 2.500073 ] } coordIndex [ 0 1 2 -1,
0 2 3 -1,
4 3 5 -1,
4 0 3 -1,
6 5 7 -1,
6 4 5 -1,
8 7 9 -1,
8 9 10 -1,
8 6 7 -1,
11 8 10 -1,
12 10 13 -1,
12 11 10 -1,
14 13 15 -1,
14 12 13 -1,
16 15 17 -1,
16 17 18 -1,
16 14 15 -1,
19 16 18 -1,
20 18 21 -1,
20 19 18 -1,
22 20 21 -1,
22 21 23 -1,
22 23 24 -1,
25 22 24 -1,
26 25 24 -1,
26 24 27 -1,
28 26 27 -1,
28 27 29 -1,
28 29 30 -1,
31 28 30 -1,
32 31 30 -1,
32 30 33 -1,
34 32 33 -1,
34 33 35 -1,
36 34 35 -1,
36 35 37 -1,
38 36 37 -1,
38 37 39 -1,
40 38 39 -1,
40 39 41 -1,
42 40 41 -1,
42 41 43 -1,
44 42 43 -1,
44 43 45 -1,
46 45 47 -1,
46 44 45 -1,
48 47 49 -1,
48 46 47 -1,
50 49 51 -1,
50 51 52 -1,
50 48 49 -1,
53 50 52 -1,
54 52 55 -1,
54 53 52 -1,
56 55 57 -1,
56 57 58 -1,
56 54 55 -1,
59 56 58 -1,
60 58 61 -1,
60 59 58 -1,
62 61 63 -1,
62 60 61 -1,
64 63 65 -1,
64 65 66 -1,
64 62 63 -1,
67 64 66 -1,
68 66 69 -1,
68 69 70 -1,
68 67 66 -1,
71 68 70 -1,
72 71 70 -1,
72 70 73 -1,
74 72 73 -1,
74 73 75 -1,
74 75 76 -1,
77 74 76 -1,
78 77 76 -1,
78 76 79 -1,
78 79 80 -1,
81 78 80 -1,
82 81 80 -1,
82 80 83 -1,
84 82 83 -1,
84 83 85 -1,
86 84 85 -1,
86 85 87 -1,
86 87 88 -1,
89 86 88 -1,
90 89 88 -1,
90 88 91 -1,
90 91 92 -1,
93 90 92 -1,
93 92 94 -1,
95 93 94 -1,
96 95 94 -1,
96 94 97 -1,
96 97 98 -1,
99 96 98 -1,
100 99 98 -1,
100 98 101 -1,
100 101 102 -1,
103 100 102 -1,
103 102 104 -1,
105 103 104 -1,
106 105 104 -1,
106 104 107 -1,
106 107 108 -1,
109 106 108 -1,
110 109 108 -1,
110 108 111 -1,
110 111 112 -1,
113 110 112 -1,
114 113 112 -1,
114 112 115 -1,
114 115 116 -1,
117 114 116 -1,
118 116 119 -1,
118 119 120 -1,
118 117 116 -1,
121 118 120 -1,
122 120 123 -1,
122 121 120 -1,
124 122 123 -1,
124 123 125 -1,
124 125 126 -1,
127 124 126 -1,
128 127 126 -1,
128 126 129 -1,
130 128 129 -1,
130 129 131 -1,
132 130 131 -1,
132 131 133 -1,
134 132 133 -1,
134 133 135 -1,
136 134 135 -1,
136 135 137 -1,
138 136 137 -1,
138 137 139 -1,
140 138 139 -1,
140 139 141 -1,
142 140 141 -1,
142 141 143 -1,
144 142 143 -1,
144 143 145 -1,
146 144 145 -1,
146 145 147 -1,
148 146 147 -1,
148 147 149 -1,
150 149 151 -1,
150 148 149 -1,
152 151 153 -1,
152 150 151 -1,
154 153 155 -1,
154 152 153 -1,
156 155 157 -1,
156 154 155 -1,
158 157 159 -1,
158 156 157 -1,
160 159 161 -1,
160 158 159 -1,
162 161 163 -1,
162 160 161 -1,
164 163 165 -1,
164 162 163 -1,
166 165 167 -1,
166 164 165 -1,
168 167 169 -1,
168 166 167 -1,
170 169 171 -1,
170 168 169 -1,
172 171 173 -1,
172 170 171 -1,
174 173 175 -1,
174 172 173 -1,
176 174 175 -1,
176 175 177 -1,
178 176 177 -1,
178 177 179 -1,
180 178 179 -1,
180 179 181 -1,
182 180 181 -1,
182 181 183 -1,
184 183 185 -1,
184 182 183 -1,
186 185 187 -1,
186 184 185 -1,
188 187 189 -1,
188 186 187 -1,
190 189 191 -1,
190 188 189 -1,
192 191 193 -1,
192 190 191 -1,
194 193 195 -1,
194 192 193 -1,
196 195 197 -1,
196 194 195 -1,
198 197 199 -1,
198 196 197 -1,
200 199 201 -1,
200 198 199 -1,
202 201 203 -1,
202 203 204 -1,
202 200 201 -1,
205 202 204 -1,
206 204 207 -1,
206 205 204 -1,
208 207 209 -1,
208 206 207 -1,
210 209 211 -1,
210 208 209 -1,
212 211 213 -1,
212 213 214 -1,
212 210 211 -1,
215 212 214 -1,
216 214 217 -1,
216 215 214 -1,
218 217 219 -1,
218 216 217 -1,
220 219 221 -1,
220 218 219 -1,
222 221 223 -1,
222 220 221 -1,
224 222 223 -1,
224 223 225 -1,
226 224 225 -1,
226 225 227 -1,
228 226 227 -1,
228 227 229 -1,
230 228 229 -1,
230 229 231 -1,
232 230 231 -1,
232 231 233 -1,
234 232 233 -1,
234 233 235 -1,
236 234 235 -1,
236 235 237 -1,
238 236 237 -1,
238 237 239 -1,
240 238 239 -1,
240 239 241 -1,
240 241 242 -1,
243 240 242 -1,
244 243 242 -1,
244 242 245 -1,
246 244 245 -1,
246 245 247 -1,
248 246 247 -1,
248 247 249 -1,
250 249 251 -1,
250 248 249 -1,
250 251 2 -1,
1 250 2 -1,
12 8 11 -1,
50 53 54 -1,
44 46 48 -1,
20 14 16 -1,
20 16 19 -1,
40 42 44 -1,
36 38 40 -1,
208 205 206 -1,
28 25 26 -1,
32 1 0 -1,
32 0 4 -1,
32 4 6 -1,
32 6 8 -1,
32 12 14 -1,
32 20 22 -1,
32 22 25 -1,
32 28 31 -1,
32 34 36 -1,
32 48 50 -1,
32 54 56 -1,
32 56 59 -1,
32 59 60 -1,
32 60 62 -1,
32 62 64 -1,
32 64 67 -1,
32 67 68 -1,
32 68 71 -1,
32 71 72 -1,
32 72 74 -1,
32 74 77 -1,
32 77 78 -1,
32 78 81 -1,
32 81 82 -1,
32 82 84 -1,
32 84 86 -1,
32 86 89 -1,
32 89 90 -1,
32 99 100 -1,
32 100 103 -1,
32 103 105 -1,
32 105 106 -1,
32 106 109 -1,
32 109 110 -1,
32 110 113 -1,
32 113 114 -1,
32 114 117 -1,
32 117 118 -1,
32 118 121 -1,
32 121 122 -1,
32 122 124 -1,
32 124 127 -1,
32 127 128 -1,
32 128 130 -1,
32 130 132 -1,
32 132 134 -1,
32 134 136 -1,
32 136 138 -1,
32 138 140 -1,
32 140 142 -1,
32 142 144 -1,
32 144 146 -1,
32 146 148 -1,
32 148 150 -1,
32 150 152 -1,
32 152 154 -1,
32 154 156 -1,
32 156 158 -1,
32 158 160 -1,
32 160 162 -1,
32 162 164 -1,
32 164 166 -1,
32 166 168 -1,
32 168 170 -1,
32 170 172 -1,
32 172 174 -1,
32 174 176 -1,
32 176 178 -1,
32 178 180 -1,
32 180 182 -1,
32 182 184 -1,
32 184 186 -1,
32 186 188 -1,
32 188 190 -1,
32 190 192 -1,
32 192 194 -1,
32 194 196 -1,
32 196 198 -1,
32 198 200 -1,
32 200 202 -1,
32 202 205 -1,
32 208 210 -1,
32 210 212 -1,
32 212 215 -1,
32 215 216 -1,
32 216 218 -1,
32 218 220 -1,
32 220 222 -1,
32 238 240 -1,
32 240 243 -1,
32 243 244 -1,
32 95 99 -1,
32 205 208 -1,
32 90 95 -1,
32 36 40 -1,
32 228 234 -1,
32 222 228 -1,
32 25 28 -1,
32 234 238 -1,
32 244 1 -1,
32 8 12 -1,
32 44 48 -1,
32 50 54 -1,
32 40 44 -1,
32 14 20 -1,
95 96 99 -1,
90 93 95 -1,
228 222 224 -1,
228 224 226 -1,
234 228 230 -1,
234 230 232 -1,
238 234 236 -1,
248 244 246 -1,
1 244 248 -1,
1 248 250 -1,
9 13 10 -1,
52 51 55 -1,
47 45 49 -1,
15 21 17 -1,
17 21 18 -1,
43 41 45 -1,
39 37 41 -1,
204 209 207 -1,
24 29 27 -1,
2 33 3 -1,
3 33 5 -1,
5 33 7 -1,
7 33 9 -1,
13 33 15 -1,
21 33 23 -1,
23 33 24 -1,
29 33 30 -1,
35 33 37 -1,
49 33 51 -1,
55 33 57 -1,
57 33 58 -1,
58 33 61 -1,
61 33 63 -1,
63 33 65 -1,
65 33 66 -1,
66 33 69 -1,
69 33 70 -1,
70 33 73 -1,
73 33 75 -1,
75 33 76 -1,
76 33 79 -1,
79 33 80 -1,
80 33 83 -1,
83 33 85 -1,
85 33 87 -1,
87 33 88 -1,
88 33 91 -1,
98 33 101 -1,
101 33 102 -1,
102 33 104 -1,
104 33 107 -1,
107 33 108 -1,
108 33 111 -1,
111 33 112 -1,
112 33 115 -1,
115 33 116 -1,
116 33 119 -1,
119 33 120 -1,
120 33 123 -1,
123 33 125 -1,
125 33 126 -1,
126 33 129 -1,
129 33 131 -1,
131 33 133 -1,
133 33 135 -1,
135 33 137 -1,
137 33 139 -1,
139 33 141 -1,
141 33 143 -1,
143 33 145 -1,
145 33 147 -1,
147 33 149 -1,
149 33 151 -1,
151 33 153 -1,
153 33 155 -1,
155 33 157 -1,
157 33 159 -1,
159 33 161 -1,
161 33 163 -1,
163 33 165 -1,
165 33 167 -1,
167 33 169 -1,
169 33 171 -1,
171 33 173 -1,
173 33 175 -1,
175 33 177 -1,
177 33 179 -1,
179 33 181 -1,
181 33 183 -1,
183 33 185 -1,
185 33 187 -1,
187 33 189 -1,
189 33 191 -1,
191 33 193 -1,
193 33 195 -1,
195 33 197 -1,
197 33 199 -1,
199 33 201 -1,
201 33 203 -1,
203 33 204 -1,
209 33 211 -1,
211 33 213 -1,
213 33 214 -1,
214 33 217 -1,
217 33 219 -1,
219 33 221 -1,
221 33 223 -1,
239 33 241 -1,
241 33 242 -1,
242 33 245 -1,
94 33 98 -1,
204 33 209 -1,
91 33 94 -1,
37 33 41 -1,
229 33 235 -1,
223 33 229 -1,
24 33 29 -1,
235 33 239 -1,
245 33 2 -1,
9 33 13 -1,
45 33 49 -1,
51 33 55 -1,
41 33 45 -1,
15 33 21 -1,
97 94 98 -1,
92 91 94 -1,
223 229 225 -1,
225 229 227 -1,
229 235 231 -1,
231 235 233 -1,
235 239 237 -1,
245 249 247 -1,
245 2 249 -1,
249 2 251 -1 ] } }
Shape { appearance Appearance { material Material { diffuseColor 0.7 0.72 0.74 } } geometry IndexedFaceSet { solid FALSE coord Coordinate { point [ 2.901575 -5.059055 -0.984252,
2.901575 -5.059055 0.000000,
2.901575 -4.940945 -0.984252,
2.901575 -4.940945 0.000000,
3.098425 -5.059055 0.000000,
3.098425 -5.059055 -0.984252,
3.098425 -4.940945 -0.984252,
3.098425 -4.940945 0.000000 ] } coordIndex [ 0 1 2 -1,
2 1 3 -1,
4 5 6 -1,
4 6 7 -1,
5 4 0 -1,
0 4 1 -1,
7 6 2 -1,
7 2 3 -1,
2 6 0 -1,
0 6 5 -1,
7 3 1 -1,
7 1 4 -1 ] } }
Shape { appearance Appearance { material Material { diffuseColor 0.7 0.72 0.74 } } geometry IndexedFaceSet { solid FALSE coord Coordinate { point [ 2.901575 -5.059055 1.181102,
2.901575 -5.059055 2.559055,
2.901575 -4.940945 1.181102,
2.901575 -4.940945 2.559055,
3.098425 -5.059055 2.559055,
3.098425 -5.059055 1.181102,
3.098425 -4.940945 1.181102,
3.098425 -4.940945 2.559055 ] } coordIndex [ 0 1 2 -1,
2 1 3 -1,
4 5 6 -1,
4 6 7 -1,
5 4 0 -1,
0 4 1 -1,
7 6 2 -1,
7 2 3 -1,
2 6 0 -1,
0 6 5 -1,
7 3 1 -1,
7 1 4 -1 ] } }
Shape { appearance Appearance { material Material { diffuseColor 0.7 0.72 0.74 } } geometry IndexedFaceSet { solid FALSE coord Coordinate { point [ 2.799213 -5.002944 2.500073,
2.799213 -5.000000 2.500000,
3.000000 -5.000000 2.500000,
3.000000 -5.002944 2.500073,
2.799213 -5.005880 2.500293,
3.000000 -5.005880 2.500293,
2.799213 -5.008802 2.500660,
3.000000 -5.008802 2.500660,
2.799213 -5.011702 2.501171,
3.000000 -5.011702 2.501171,
3.000000 -5.014572 2.501826,
2.799213 -5.014572 2.501826,
2.799213 -5.017407 2.502624,
3.000000 -5.017407 2.502624,
2.799213 -5.020198 2.503561,
3.000000 -5.020198 2.503561,
2.799213 -5.022939 2.504637,
3.000000 -5.022939 2.504637,
3.000000 -5.025623 2.505848,
2.799213 -5.025623 2.505848,
2.799213 -5.028243 2.507192,
3.000000 -5.028243 2.507192,
2.799213 -5.030793 2.508664,
3.000000 -5.030793 2.508664,
3.000000 -5.033267 2.510261,
2.799213 -5.033267 2.510261,
2.799213 -5.035658 2.511980,
3.000000 -5.035658 2.511980,
2.799213 -5.037960 2.513816,
3.000000 -5.037960 2.513816,
3.000000 -5.040168 2.515765,
2.799213 -5.040168 2.515765,
2.799213 -5.042276 2.517821,
3.000000 -5.042276 2.517821,
2.799213 -5.044278 2.519979,
3.000000 -5.044278 2.519979,
2.799213 -5.046171 2.522235,
3.000000 -5.046171 2.522235,
2.799213 -5.047949 2.524582,
3.000000 -5.047949 2.524582,
2.799213 -5.049608 2.527015,
3.000000 -5.049608 2.527015,
2.799213 -5.051143 2.529528,
3.000000 -5.051143 2.529528,
2.799213 -5.052551 2.532114,
3.000000 -5.052551 2.532114,
2.799213 -5.053829 2.534767,
3.000000 -5.053829 2.534767,
2.799213 -5.054973 2.537480,
3.000000 -5.054973 2.537480,
2.799213 -5.055980 2.540247,
3.000000 -5.055980 2.540247,
3.000000 -5.056848 2.543061,
2.799213 -5.056848 2.543061,
2.799213 -5.057574 2.545914,
3.000000 -5.057574 2.545914,
2.799213 -5.058158 2.548800,
3.000000 -5.058158 2.548800,
3.000000 -5.058597 2.551712,
2.799213 -5.058597 2.551712,
2.799213 -5.058890 2.554642,
3.000000 -5.058890 2.554642,
2.799213 -5.059037 2.557583,
3.000000 -5.059037 2.557583,
2.799213 -5.059037 2.560527,
3.000000 -5.059037 2.560527,
3.000000 -5.058890 2.563468,
2.799213 -5.058890 2.563468,
2.799213 -5.058597 2.566398,
3.000000 -5.058597 2.566398,
3.000000 -5.058158 2.569310,
2.799213 -5.058158 2.569310,
2.799213 -5.057574 2.572196,
3.000000 -5.057574 2.572196,
2.799213 -5.056848 2.575050,
3.000000 -5.056848 2.575050,
3.000000 -5.055980 2.577863,
2.799213 -5.055980 2.577863,
2.799213 -5.054973 2.580630,
3.000000 -5.054973 2.580630,
3.000000 -5.053829 2.583344,
2.799213 -5.053829 2.583344,
2.799213 -5.052551 2.585997,
3.000000 -5.052551 2.585997,
2.799213 -5.051143 2.588583,
3.000000 -5.051143 2.588583,
2.799213 -5.049608 2.591095,
3.000000 -5.049608 2.591095,
3.000000 -5.047949 2.593528,
2.799213 -5.047949 2.593528,
2.799213 -5.046171 2.595875,
3.000000 -5.046171 2.595875,
3.000000 -5.044278 2.598131,
2.799213 -5.044278 2.598131,
3.000000 -5.042276 2.600290,
2.799213 -5.042276 2.600290,
2.799213 -5.040168 2.602346,
3.000000 -5.040168 2.602346,
3.000000 -5.037960 2.604294,
2.799213 -5.037960 2.604294,
2.799213 -5.035658 2.606130,
3.000000 -5.035658 2.606130,
3.000000 -5.033267 2.607849,
2.799213 -5.033267 2.607849,
3.000000 -5.030793 2.609446,
2.799213 -5.030793 2.609446,
2.799213 -5.028243 2.610919,
3.000000 -5.028243 2.610919,
3.000000 -5.025623 2.612262,
2.799213 -5.025623 2.612262,
2.799213 -5.022939 2.613473,
3.000000 -5.022939 2.613473,
3.000000 -5.020198 2.614549,
2.799213 -5.020198 2.614549,
2.799213 -5.017407 2.615487,
3.000000 -5.017407 2.615487,
3.000000 -5.014572 2.616284,
2.799213 -5.014572 2.616284,
2.799213 -5.011702 2.616939,
3.000000 -5.011702 2.616939,
3.000000 -5.008802 2.617451,
2.799213 -5.008802 2.617451,
2.799213 -5.005880 2.617817,
3.000000 -5.005880 2.617817,
2.799213 -5.002944 2.618037,
3.000000 -5.002944 2.618037,
3.000000 -5.000000 2.618110,
2.799213 -5.000000 2.618110,
2.799213 -4.997056 2.618037,
3.000000 -4.997056 2.618037,
2.799213 -4.994120 2.617817,
3.000000 -4.994120 2.617817,
2.799213 -4.991198 2.617451,
3.000000 -4.991198 2.617451,
2.799213 -4.988298 2.616939,
3.000000 -4.988298 2.616939,
2.799213 -4.985428 2.616284,
3.000000 -4.985428 2.616284,
2.799213 -4.982593 2.615487,
3.000000 -4.982593 2.615487,
2.799213 -4.979802 2.614549,
3.000000 -4.979802 2.614549,
2.799213 -4.977061 2.613473,
3.000000 -4.977061 2.613473,
2.799213 -4.974377 2.612262,
3.000000 -4.974377 2.612262,
2.799213 -4.971757 2.610919,
3.000000 -4.971757 2.610919,
2.799213 -4.969207 2.609446,
3.000000 -4.969207 2.609446,
2.799213 -4.966733 2.607849,
3.000000 -4.966733 2.607849,
2.799213 -4.964342 2.606130,
3.000000 -4.964342 2.606130,
2.799213 -4.962040 2.604294,
3.000000 -4.962040 2.604294,
2.799213 -4.959832 2.602346,
3.000000 -4.959832 2.602346,
2.799213 -4.957724 2.600290,
3.000000 -4.957724 2.600290,
2.799213 -4.955722 2.598131,
3.000000 -4.955722 2.598131,
2.799213 -4.953829 2.595875,
3.000000 -4.953829 2.595875,
2.799213 -4.952051 2.593528,
3.000000 -4.952051 2.593528,
2.799213 -4.950392 2.591095,
3.000000 -4.950392 2.591095,
2.799213 -4.948857 2.588583,
3.000000 -4.948857 2.588583,
2.799213 -4.947449 2.585997,
3.000000 -4.947449 2.585997,
2.799213 -4.946171 2.583344,
3.000000 -4.946171 2.583344,
2.799213 -4.945027 2.580630,
3.000000 -4.945027 2.580630,
2.799213 -4.944020 2.577863,
3.000000 -4.944020 2.577863,
2.799213 -4.943152 2.575050,
3.000000 -4.943152 2.575050,
2.799213 -4.942426 2.572196,
3.000000 -4.942426 2.572196,
2.799213 -4.941842 2.569310,
3.000000 -4.941842 2.569310,
2.799213 -4.941403 2.566398,
3.000000 -4.941403 2.566398,
2.799213 -4.941110 2.563468,
3.000000 -4.941110 2.563468,
2.799213 -4.940963 2.560527,
3.000000 -4.940963 2.560527,
2.799213 -4.940963 2.557583,
3.000000 -4.940963 2.557583,
2.799213 -4.941110 2.554642,
3.000000 -4.941110 2.554642,
2.799213 -4.941403 2.551712,
3.000000 -4.941403 2.551712,
2.799213 -4.941842 2.548800,
3.000000 -4.941842 2.548800,
2.799213 -4.942426 2.545914,
3.000000 -4.942426 2.545914,
2.799213 -4.943152 2.543061,
3.000000 -4.943152 2.543061,
2.799213 -4.944020 2.540247,
3.000000 -4.944020 2.540247,
3.000000 -4.945027 2.537480,
2.799213 -4.945027 2.537480,
2.799213 -4.946171 2.534767,
3.000000 -4.946171 2.534767,
2.799213 -4.947449 2.532114,
3.000000 -4.947449 2.532114,
2.799213 -4.948857 2.529528,
3.000000 -4.948857 2.529528,
2.799213 -4.950392 2.527015,
3.000000 -4.950392 2.527015,
3.000000 -4.952051 2.524582,
2.799213 -4.952051 2.524582,
2.799213 -4.953829 2.522235,
3.000000 -4.953829 2.522235,
2.799213 -4.955722 2.519979,
3.000000 -4.955722 2.519979,
2.799213 -4.957724 2.517821,
3.000000 -4.957724 2.517821,
2.799213 -4.959832 2.515765,
3.000000 -4.959832 2.515765,
2.799213 -4.962040 2.513816,
3.000000 -4.962040 2.513816,
2.799213 -4.964342 2.511980,
3.000000 -4.964342 2.511980,
2.799213 -4.966733 2.510261,
3.000000 -4.966733 2.510261,
2.799213 -4.969207 2.508664,
3.000000 -4.969207 2.508664,
2.799213 -4.971757 2.507192,
3.000000 -4.971757 2.507192,
2.799213 -4.974377 2.505848,
3.000000 -4.974377 2.505848,
2.799213 -4.977061 2.504637,
3.000000 -4.977061 2.504637,
2.799213 -4.979802 2.503561,
3.000000 -4.979802 2.503561,
2.799213 -4.982593 2.502624,
3.000000 -4.982593 2.502624,
3.000000 -4.985428 2.501826,
2.799213 -4.985428 2.501826,
2.799213 -4.988298 2.501171,
3.000000 -4.988298 2.501171,
2.799213 -4.991198 2.500660,
3.000000 -4.991198 2.500660,
2.799213 -4.994120 2.500293,
3.000000 -4.994120 2.500293,
2.799213 -4.997056 2.500073,
3.000000 -4.997056 2.500073 ] } coordIndex [ 0 1 2 -1,
0 2 3 -1,
4 3 5 -1,
4 0 3 -1,
6 5 7 -1,
6 4 5 -1,
8 7 9 -1,
8 9 10 -1,
8 6 7 -1,
11 8 10 -1,
12 10 13 -1,
12 11 10 -1,
14 13 15 -1,
14 12 13 -1,
16 15 17 -1,
16 17 18 -1,
16 14 15 -1,
19 16 18 -1,
20 18 21 -1,
20 19 18 -1,
22 20 21 -1,
22 21 23 -1,
22 23 24 -1,
25 22 24 -1,
26 25 24 -1,
26 24 27 -1,
28 26 27 -1,
28 27 29 -1,
28 29 30 -1,
31 28 30 -1,
32 31 30 -1,
32 30 33 -1,
34 32 33 -1,
34 33 35 -1,
36 34 35 -1,
36 35 37 -1,
38 36 37 -1,
38 37 39 -1,
40 38 39 -1,
40 39 41 -1,
42 40 41 -1,
42 41 43 -1,
44 42 43 -1,
44 43 45 -1,
46 45 47 -1,
46 44 45 -1,
48 47 49 -1,
48 46 47 -1,
50 49 51 -1,
50 51 52 -1,
50 48 49 -1,
53 50 52 -1,
54 52 55 -1,
54 53 52 -1,
56 55 57 -1,
56 57 58 -1,
56 54 55 -1,
59 56 58 -1,
60 58 61 -1,
60 59 58 -1,
62 61 63 -1,
62 60 61 -1,
64 63 65 -1,
64 65 66 -1,
64 62 63 -1,
67 64 66 -1,
68 66 69 -1,
68 69 70 -1,
68 67 66 -1,
71 68 70 -1,
72 71 70 -1,
72 70 73 -1,
74 72 73 -1,
74 73 75 -1,
74 75 76 -1,
77 74 76 -1,
78 77 76 -1,
78 76 79 -1,
78 79 80 -1,
81 78 80 -1,
82 81 80 -1,
82 80 83 -1,
84 82 83 -1,
84 83 85 -1,
86 84 85 -1,
86 85 87 -1,
86 87 88 -1,
89 86 88 -1,
90 89 88 -1,
90 88 91 -1,
90 91 92 -1,
93 90 92 -1,
93 92 94 -1,
95 93 94 -1,
96 95 94 -1,
96 94 97 -1,
96 97 98 -1,
99 96 98 -1,
100 99 98 -1,
100 98 101 -1,
100 101 102 -1,
103 100 102 -1,
103 102 104 -1,
105 103 104 -1,
106 105 104 -1,
106 104 107 -1,
106 107 108 -1,
109 106 108 -1,
110 109 108 -1,
110 108 111 -1,
110 111 112 -1,
113 110 112 -1,
114 113 112 -1,
114 112 115 -1,
114 115 116 -1,
117 114 116 -1,
118 116 119 -1,
118 119 120 -1,
118 117 116 -1,
121 118 120 -1,
122 120 123 -1,
122 121 120 -1,
124 122 123 -1,
124 123 125 -1,
124 125 126 -1,
127 124 126 -1,
128 127 126 -1,
128 126 129 -1,
130 128 129 -1,
130 129 131 -1,
132 130 131 -1,
132 131 133 -1,
134 132 133 -1,
134 133 135 -1,
136 134 135 -1,
136 135 137 -1,
138 136 137 -1,
138 137 139 -1,
140 138 139 -1,
140 139 141 -1,
142 140 141 -1,
142 141 143 -1,
144 142 143 -1,
144 143 145 -1,
146 144 145 -1,
146 145 147 -1,
148 146 147 -1,
148 147 149 -1,
150 149 151 -1,
150 148 149 -1,
152 151 153 -1,
152 150 151 -1,
154 153 155 -1,
154 152 153 -1,
156 155 157 -1,
156 154 155 -1,
158 157 159 -1,
158 156 157 -1,
160 159 161 -1,
160 158 159 -1,
162 161 163 -1,
162 160 161 -1,
164 163 165 -1,
164 162 163 -1,
166 165 167 -1,
166 164 165 -1,
168 167 169 -1,
168 166 167 -1,
170 169 171 -1,
170 168 169 -1,
172 171 173 -1,
172 170 171 -1,
174 173 175 -1,
174 172 173 -1,
176 174 175 -1,
176 175 177 -1,
178 176 177 -1,
178 177 179 -1,
180 178 179 -1,
180 179 181 -1,
182 180 181 -1,
182 181 183 -1,
184 183 185 -1,
184 182 183 -1,
186 185 187 -1,
186 184 185 -1,
188 187 189 -1,
188 186 187 -1,
190 189 191 -1,
190 188 189 -1,
192 191 193 -1,
192 190 191 -1,
194 193 195 -1,
194 192 193 -1,
196 195 197 -1,
196 194 195 -1,
198 197 199 -1,
198 196 197 -1,
200 199 201 -1,
200 198 199 -1,
202 201 203 -1,
202 203 204 -1,
202 200 201 -1,
205 202 204 -1,
206 204 207 -1,
206 205 204 -1,
208 207 209 -1,
208 206 207 -1,
210 209 211 -1,
210 208 209 -1,
212 211 213 -1,
212 213 214 -1,
212 210 211 -1,
215 212 214 -1,
216 214 217 -1,
216 215 214 -1,
218 217 219 -1,
218 216 217 -1,
220 219 221 -1,
220 218 219 -1,
222 221 223 -1,
222 220 221 -1,
224 222 223 -1,
224 223 225 -1,
226 224 225 -1,
226 225 227 -1,
228 226 227 -1,
228 227 229 -1,
230 228 229 -1,
230 229 231 -1,
232 230 231 -1,
232 231 233 -1,
234 232 233 -1,
234 233 235 -1,
236 234 235 -1,
236 235 237 -1,
238 236 237 -1,
238 237 239 -1,
240 238 239 -1,
240 239 241 -1,
240 241 242 -1,
243 240 242 -1,
244 243 242 -1,
244 242 245 -1,
246 244 245 -1,
246 245 247 -1,
248 246 247 -1,
248 247 249 -1,
250 249 251 -1,
250 248 249 -1,
250 251 2 -1,
1 250 2 -1,
12 8 11 -1,
50 53 54 -1,
44 46 48 -1,
20 14 16 -1,
20 16 19 -1,
40 42 44 -1,
36 38 40 -1,
208 205 206 -1,
28 25 26 -1,
32 1 0 -1,
32 0 4 -1,
32 4 6 -1,
32 6 8 -1,
32 12 14 -1,
32 20 22 -1,
32 22 25 -1,
32 28 31 -1,
32 34 36 -1,
32 48 50 -1,
32 54 56 -1,
32 56 59 -1,
32 59 60 -1,
32 60 62 -1,
32 62 64 -1,
32 64 67 -1,
32 67 68 -1,
32 68 71 -1,
32 71 72 -1,
32 72 74 -1,
32 74 77 -1,
32 77 78 -1,
32 78 81 -1,
32 81 82 -1,
32 82 84 -1,
32 84 86 -1,
32 86 89 -1,
32 89 90 -1,
32 99 100 -1,
32 100 103 -1,
32 103 105 -1,
32 105 106 -1,
32 106 109 -1,
32 109 110 -1,
32 110 113 -1,
32 113 114 -1,
32 114 117 -1,
32 117 118 -1,
32 118 121 -1,
32 121 122 -1,
32 122 124 -1,
32 124 127 -1,
32 127 128 -1,
32 128 130 -1,
32 130 132 -1,
32 132 134 -1,
32 134 136 -1,
32 136 138 -1,
32 138 140 -1,
32 140 142 -1,
32 142 144 -1,
32 144 146 -1,
32 146 148 -1,
32 148 150 -1,
32 150 152 -1,
32 152 154 -1,
32 154 156 -1,
32 156 158 -1,
32 158 160 -1,
32 160 162 -1,
32 162 164 -1,
32 164 166 -1,
32 166 168 -1,
32 168 170 -1,
32 170 172 -1,
32 172 174 -1,
32 174 176 -1,
32 176 178 -1,
32 178 180 -1,
32 180 182 -1,
32 182 184 -1,
32 184 186 -1,
32 186 188 -1,
32 188 190 -1,
32 190 192 -1,
32 192 194 -1,
32 194 196 -1,
32 196 198 -1,
32 198 200 -1,
32 200 202 -1,
32 202 205 -1,
32 208 210 -1,
32 210 212 -1,
32 212 215 -1,
32 215 216 -1,
32 216 218 -1,
32 218 220 -1,
32 220 222 -1,
32 238 240 -1,
32 240 243 -1,
32 243 244 -1,
32 95 99 -1,
32 205 208 -1,
32 90 95 -1,
32 36 40 -1,
32 228 234 -1,
32 222 228 -1,
32 25 28 -1,
32 234 238 -1,
32 244 1 -1,
32 8 12 -1,
32 44 48 -1,
32 50 54 -1,
32 40 44 -1,
32 14 20 -1,
95 96 99 -1,
90 93 95 -1,
228 222 224 -1,
228 224 226 -1,
234 228 230 -1,
234 230 232 -1,
238 234 236 -1,
248 244 246 -1,
1 244 248 -1,
1 248 250 -1,
9 13 10 -1,
52 51 55 -1,
47 45 49 -1,
15 21 17 -1,
17 21 18 -1,
43 41 45 -1,
39 37 41 -1,
204 209 207 -1,
24 29 27 -1,
2 33 3 -1,
3 33 5 -1,
5 33 7 -1,
7 33 9 -1,
13 33 15 -1,
21 33 23 -1,
23 33 24 -1,
29 33 30 -1,
35 33 37 -1,
49 33 51 -1,
55 33 57 -1,
57 33 58 -1,
58 33 61 -1,
61 33 63 -1,
63 33 65 -1,
65 33 66 -1,
66 33 69 -1,
69 33 70 -1,
70 33 73 -1,
73 33 75 -1,
75 33 76 -1,
76 33 79 -1,
79 33 80 -1,
80 33 83 -1,
83 33 85 -1,
85 33 87 -1,
87 33 88 -1,
88 33 91 -1,
98 33 101 -1,
101 33 102 -1,
102 33 104 -1,
104 33 107 -1,
107 33 108 -1,
108 33 111 -1,
111 33 112 -1,
112 33 115 -1,
115 33 116 -1,
116 33 119 -1,
119 33 120 -1,
120 33 123 -1,
123 33 125 -1,
125 33 126 -1,
126 33 129 -1,
129 33 131 -1,
131 33 133 -1,
133 33 135 -1,
135 33 137 -1,
137 33 139 -1,
139 33 141 -1,
141 33 143 -1,
143 33 145 -1,
145 33 147 -1,
147 33 149 -1,
149 33 151 -1,
151 33 153 -1,
153 33 155 -1,
155 33 157 -1,
157 33 159 -1,
159 33 161 -1,
161 33 163 -1,
163 33 165 -1,
165 33 167 -1,
167 33 169 -1,
169 33 171 -1,
171 33 173 -1,
173 33 175 -1,
175 33 177 -1,
177 33 179 -1,
179 33 181 -1,
181 33 183 -1,
183 33 185 -1,
185 33 187 -1,
187 33 189 -1,
189 33 191 -1,
191 33 193 -1,
193 33 195 -1,
195 33 197 -1,
197 33 199 -1,
199 33 201 -1,
201 33 203 -1,
203 33 204 -1,
209 33 211 -1,
211 33 213 -1,
213 33 214 -1,
214 33 217 -1,
217 33 219 -1,
219 33 221 -1,
221 33 223 -1,
239 33 241 -1,
241 33 242 -1,
242 33 245 -1,
94 33 98 -1,
204 33 209 -1,
91 33 94 -1,
37 33 41 -1,
229 33 235 -1,
223 33 229 -1,
24 33 29 -1,
235 33 239 -1,
245 33 2 -1,
9 33 13 -1,
45 33 49 -1,
51 33 55 -1,
41 33 45 -1,
15 33 21 -1,
97 94 98 -1,
92 91 94 -1,
223 229 225 -1,
225 229 227 -1,
229 235 231 -1,
231 235 233 -1,
235 239 237 -1,
245 249 247 -1,
245 2 249 -1,
249 2 251 -1 ] } }
Shape { appearance Appearance { material Material { diffuseColor 0.7 0.72 0.74 } } geometry IndexedFaceSet { solid FALSE coord Coordinate { point [ 2.901575 -6.059055 -0.984252,
2.901575 -6.059055 0.000000,
2.901575 -5.940945 -0.984252,
2.901575 -5.940945 0.000000,
3.098425 -6.059055 0.000000,
3.098425 -6.059055 -0.984252,
3.098425 -5.940945 -0.984252,
3.098425 -5.940945 0.000000 ] } coordIndex [ 0 1 2 -1,
2 1 3 -1,
4 5 6 -1,
4 6 7 -1,
5 4 0 -1,
0 4 1 -1,
7 6 2 -1,
7 2 3 -1,
2 6 0 -1,
0 6 5 -1,
7 3 1 -1,
7 1 4 -1 ] } }
Shape { appearance Appearance { material Material { diffuseColor 0.7 0.72 0.74 } } geometry IndexedFaceSet { solid FALSE coord Coordinate { point [ 2.901575 -6.059055 1.181102,
2.901575 -6.059055 2.559055,
2.901575 -5.940945 1.181102,
2.901575 -5.940945 2.559055,
3.098425 -6.059055 2.559055,
3.098425 -6.059055 1.181102,
3.098425 -5.940945 1.181102,
3.098425 -5.940945 2.559055 ] } coordIndex [ 0 1 2 -1,
2 1 3 -1,
4 5 6 -1,
4 6 7 -1,
5 4 0 -1,
0 4 1 -1,
7 6 2 -1,
7 2 3 -1,
2 6 0 -1,
0 6 5 -1,
7 3 1 -1,
7 1 4 -1 ] } }
Shape { appearance Appearance { material Material { diffuseColor 0.7 0.72 0.74 } } geometry IndexedFaceSet { solid FALSE coord Coordinate { point [ 2.799213 -6.002944 2.500073,
2.799213 -6.000000 2.500000,
3.000000 -6.000000 2.500000,
3.000000 -6.002944 2.500073,
2.799213 -6.005880 2.500293,
3.000000 -6.005880 2.500293,
2.799213 -6.008802 2.500660,
3.000000 -6.008802 2.500660,
2.799213 -6.011702 2.501171,
3.000000 -6.011702 2.501171,
3.000000 -6.014572 2.501826,
2.799213 -6.014572 2.501826,
2.799213 -6.017407 2.502624,
3.000000 -6.017407 2.502624,
2.799213 -6.020198 2.503561,
3.000000 -6.020198 2.503561,
2.799213 -6.022939 2.504637,
3.000000 -6.022939 2.504637,
3.000000 -6.025623 2.505848,
2.799213 -6.025623 2.505848,
2.799213 -6.028243 2.507192,
3.000000 -6.028243 2.507192,
2.799213 -6.030793 2.508664,
3.000000 -6.030793 2.508664,
3.000000 -6.033267 2.510261,
2.799213 -6.033267 2.510261,
2.799213 -6.035658 2.511980,
3.000000 -6.035658 2.511980,
2.799213 -6.037960 2.513816,
3.000000 -6.037960 2.513816,
3.000000 -6.040168 2.515765,
2.799213 -6.040168 2.515765,
2.799213 -6.042276 2.517821,
3.000000 -6.042276 2.517821,
2.799213 -6.044278 2.519979,
3.000000 -6.044278 2.519979,
2.799213 -6.046171 2.522235,
3.000000 -6.046171 2.522235,
2.799213 -6.047949 2.524582,
3.000000 -6.047949 2.524582,
2.799213 -6.049608 2.527015,
3.000000 -6.049608 2.527015,
2.799213 -6.051143 2.529528,
3.000000 -6.051143 2.529528,
2.799213 -6.052551 2.532114,
3.000000 -6.052551 2.532114,
2.799213 -6.053829 2.534767,
3.000000 -6.053829 2.534767,
2.799213 -6.054973 2.537480,
3.000000 -6.054973 2.537480,
2.799213 -6.055980 2.540247,
3.000000 -6.055980 2.540247,
3.000000 -6.056848 2.543061,
2.799213 -6.056848 2.543061,
2.799213 -6.057574 2.545914,
3.000000 -6.057574 2.545914,
2.799213 -6.058158 2.548800,
3.000000 -6.058158 2.548800,
3.000000 -6.058597 2.551712,
2.799213 -6.058597 2.551712,
2.799213 -6.058890 2.554642,
3.000000 -6.058890 2.554642,
2.799213 -6.059037 2.557583,
3.000000 -6.059037 2.557583,
2.799213 -6.059037 2.560527,
3.000000 -6.059037 2.560527,
3.000000 -6.058890 2.563468,
2.799213 -6.058890 2.563468,
2.799213 -6.058597 2.566398,
3.000000 -6.058597 2.566398,
3.000000 -6.058158 2.569310,
2.799213 -6.058158 2.569310,
2.799213 -6.057574 2.572196,
3.000000 -6.057574 2.572196,
2.799213 -6.056848 2.575050,
3.000000 -6.056848 2.575050,
3.000000 -6.055980 2.577863,
2.799213 -6.055980 2.577863,
2.799213 -6.054973 2.580630,
3.000000 -6.054973 2.580630,
3.000000 -6.053829 2.583344,
2.799213 -6.053829 2.583344,
2.799213 -6.052551 2.585997,
3.000000 -6.052551 2.585997,
2.799213 -6.051143 2.588583,
3.000000 -6.051143 2.588583,
2.799213 -6.049608 2.591095,
3.000000 -6.049608 2.591095,
3.000000 -6.047949 2.593528,
2.799213 -6.047949 2.593528,
2.799213 -6.046171 2.595875,
3.000000 -6.046171 2.595875,
3.000000 -6.044278 2.598131,
2.799213 -6.044278 2.598131,
3.000000 -6.042276 2.600290,
2.799213 -6.042276 2.600290,
2.799213 -6.040168 2.602346,
3.000000 -6.040168 2.602346,
3.000000 -6.037960 2.604294,
2.799213 -6.037960 2.604294,
2.799213 -6.035658 2.606130,
3.000000 -6.035658 2.606130,
3.000000 -6.033267 2.607849,
2.799213 -6.033267 2.607849,
3.000000 -6.030793 2.609446,
2.799213 -6.030793 2.609446,
2.799213 -6.028243 2.610919,
3.000000 -6.028243 2.610919,
3.000000 -6.025623 2.612262,
2.799213 -6.025623 2.612262,
2.799213 -6.022939 2.613473,
3.000000 -6.022939 2.613473,
3.000000 -6.020198 2.614549,
2.799213 -6.020198 2.614549,
2.799213 -6.017407 2.615487,
3.000000 -6.017407 2.615487,
3.000000 -6.014572 2.616284,
2.799213 -6.014572 2.616284,
2.799213 -6.011702 2.616939,
3.000000 -6.011702 2.616939,
3.000000 -6.008802 2.617451,
2.799213 -6.008802 2.617451,
2.799213 -6.005880 2.617817,
3.000000 -6.005880 2.617817,
2.799213 -6.002944 2.618037,
3.000000 -6.002944 2.618037,
3.000000 -6.000000 2.618110,
2.799213 -6.000000 2.618110,
2.799213 -5.997056 2.618037,
3.000000 -5.997056 2.618037,
2.799213 -5.994120 2.617817,
3.000000 -5.994120 2.617817,
2.799213 -5.991198 2.617451,
3.000000 -5.991198 2.617451,
2.799213 -5.988298 2.616939,
3.000000 -5.988298 2.616939,
2.799213 -5.985428 2.616284,
3.000000 -5.985428 2.616284,
2.799213 -5.982593 2.615487,
3.000000 -5.982593 2.615487,
2.799213 -5.979802 2.614549,
3.000000 -5.979802 2.614549,
2.799213 -5.977061 2.613473,
3.000000 -5.977061 2.613473,
2.799213 -5.974377 2.612262,
3.000000 -5.974377 2.612262,
2.799213 -5.971757 2.610919,
3.000000 -5.971757 2.610919,
2.799213 -5.969207 2.609446,
3.000000 -5.969207 2.609446,
2.799213 -5.966733 2.607849,
3.000000 -5.966733 2.607849,
2.799213 -5.964342 2.606130,
3.000000 -5.964342 2.606130,
2.799213 -5.962040 2.604294,
3.000000 -5.962040 2.604294,
2.799213 -5.959832 2.602346,
3.000000 -5.959832 2.602346,
2.799213 -5.957724 2.600290,
3.000000 -5.957724 2.600290,
2.799213 -5.955722 2.598131,
3.000000 -5.955722 2.598131,
2.799213 -5.953829 2.595875,
3.000000 -5.953829 2.595875,
2.799213 -5.952051 2.593528,
3.000000 -5.952051 2.593528,
2.799213 -5.950392 2.591095,
3.000000 -5.950392 2.591095,
2.799213 -5.948857 2.588583,
3.000000 -5.948857 2.588583,
2.799213 -5.947449 2.585997,
3.000000 -5.947449 2.585997,
2.799213 -5.946171 2.583344,
3.000000 -5.946171 2.583344,
2.799213 -5.945027 2.580630,
3.000000 -5.945027 2.580630,
2.799213 -5.944020 2.577863,
3.000000 -5.944020 2.577863,
2.799213 -5.943152 2.575050,
3.000000 -5.943152 2.575050,
2.799213 -5.942426 2.572196,
3.000000 -5.942426 2.572196,
2.799213 -5.941842 2.569310,
3.000000 -5.941842 2.569310,
2.799213 -5.941403 2.566398,
3.000000 -5.941403 2.566398,
2.799213 -5.941110 2.563468,
3.000000 -5.941110 2.563468,
2.799213 -5.940963 2.560527,
3.000000 -5.940963 2.560527,
2.799213 -5.940963 2.557583,
3.000000 -5.940963 2.557583,
2.799213 -5.941110 2.554642,
3.000000 -5.941110 2.554642,
2.799213 -5.941403 2.551712,
3.000000 -5.941403 2.551712,
2.799213 -5.941842 2.548800,
3.000000 -5.941842 2.548800,
2.799213 -5.942426 2.545914,
3.000000 -5.942426 2.545914,
2.799213 -5.943152 2.543061,
3.000000 -5.943152 2.543061,
2.799213 -5.944020 2.540247,
3.000000 -5.944020 2.540247,
3.000000 -5.945027 2.537480,
2.799213 -5.945027 2.537480,
2.799213 -5.946171 2.534767,
3.000000 -5.946171 2.534767,
2.799213 -5.947449 2.532114,
3.000000 -5.947449 2.532114,
2.799213 -5.948857 2.529528,
3.000000 -5.948857 2.529528,
2.799213 -5.950392 2.527015,
3.000000 -5.950392 2.527015,
3.000000 -5.952051 2.524582,
2.799213 -5.952051 2.524582,
2.799213 -5.953829 2.522235,
3.000000 -5.953829 2.522235,
2.799213 -5.955722 2.519979,
3.000000 -5.955722 2.519979,
2.799213 -5.957724 2.517821,
3.000000 -5.957724 2.517821,
2.799213 -5.959832 2.515765,
3.000000 -5.959832 2.515765,
2.799213 -5.962040 2.513816,
3.000000 -5.962040 2.513816,
2.799213 -5.964342 2.511980,
3.000000 -5.964342 2.511980,
2.799213 -5.966733 2.510261,
3.000000 -5.966733 2.510261,
2.799213 -5.969207 2.508664,
3.000000 -5.969207 2.508664,
2.799213 -5.971757 2.507192,
3.000000 -5.971757 2.507192,
2.799213 -5.974377 2.505848,
3.000000 -5.974377 2.505848,
2.799213 -5.977061 2.504637,
3.000000 -5.977061 2.504637,
2.799213 -5.979802 2.503561,
3.000000 -5.979802 2.503561,
2.799213 -5.982593 2.502624,
3.000000 -5.982593 2.502624,
3.000000 -5.985428 2.501826,
2.799213 -5.985428 2.501826,
2.799213 -5.988298 2.501171,
3.000000 -5.988298 2.501171,
2.799213 -5.991198 2.500660,
3.000000 -5.991198 2.500660,
2.799213 -5.994120 2.500293,
3.000000 -5.994120 2.500293,
2.799213 -5.997056 2.500073,
3.000000 -5.997056 2.500073 ] } coordIndex [ 0 1 2 -1,
0 2 3 -1,
4 3 5 -1,
4 0 3 -1,
6 5 7 -1,
6 4 5 -1,
8 7 9 -1,
8 9 10 -1,
8 6 7 -1,
11 8 10 -1,
12 10 13 -1,
12 11 10 -1,
14 13 15 -1,
14 12 13 -1,
16 15 17 -1,
16 17 18 -1,
16 14 15 -1,
19 16 18 -1,
20 18 21 -1,
20 19 18 -1,
22 20 21 -1,
22 21 23 -1,
22 23 24 -1,
25 22 24 -1,
26 25 24 -1,
26 24 27 -1,
28 26 27 -1,
28 27 29 -1,
28 29 30 -1,
31 28 30 -1,
32 31 30 -1,
32 30 33 -1,
34 32 33 -1,
34 33 35 -1,
36 34 35 -1,
36 35 37 -1,
38 36 37 -1,
38 37 39 -1,
40 38 39 -1,
40 39 41 -1,
42 40 41 -1,
42 41 43 -1,
44 42 43 -1,
44 43 45 -1,
46 45 47 -1,
46 44 45 -1,
48 47 49 -1,
48 46 47 -1,
50 49 51 -1,
50 51 52 -1,
50 48 49 -1,
53 50 52 -1,
54 52 55 -1,
54 53 52 -1,
56 55 57 -1,
56 57 58 -1,
56 54 55 -1,
59 56 58 -1,
60 58 61 -1,
60 59 58 -1,
62 61 63 -1,
62 60 61 -1,
64 63 65 -1,
64 65 66 -1,
64 62 63 -1,
67 64 66 -1,
68 66 69 -1,
68 69 70 -1,
68 67 66 -1,
71 68 70 -1,
72 71 70 -1,
72 70 73 -1,
74 72 73 -1,
74 73 75 -1,
74 75 76 -1,
77 74 76 -1,
78 77 76 -1,
78 76 79 -1,
78 79 80 -1,
81 78 80 -1,
82 81 80 -1,
82 80 83 -1,
84 82 83 -1,
84 83 85 -1,
86 84 85 -1,
86 85 87 -1,
86 87 88 -1,
89 86 88 -1,
90 89 88 -1,
90 88 91 -1,
90 91 92 -1,
93 90 92 -1,
93 92 94 -1,
95 93 94 -1,
96 95 94 -1,
96 94 97 -1,
96 97 98 -1,
99 96 98 -1,
100 99 98 -1,
100 98 101 -1,
100 101 102 -1,
103 100 102 -1,
103 102 104 -1,
105 103 104 -1,
106 105 104 -1,
106 104 107 -1,
106 107 108 -1,
109 106 108 -1,
110 109 108 -1,
110 108 111 -1,
110 111 112 -1,
113 110 112 -1,
114 113 112 -1,
114 112 115 -1,
114 115 116 -1,
117 114 116 -1,
118 116 119 -1,
118 119 120 -1,
118 117 116 -1,
121 118 120 -1,
122 120 123 -1,
122 121 120 -1,
124 122 123 -1,
124 123 125 -1,
124 125 126 -1,
127 124 126 -1,
128 127 126 -1,
128 126 129 -1,
130 128 129 -1,
130 129 131 -1,
132 130 131 -1,
132 131 133 -1,
134 132 133 -1,
134 133 135 -1,
136 134 135 -1,
136 135 137 -1,
138 136 137 -1,
138 137 139 -1,
140 138 139 -1,
140 139 141 -1,
142 140 141 -1,
142 141 143 -1,
144 142 143 -1,
144 143 145 -1,
146 144 145 -1,
146 145 147 -1,
148 146 147 -1,
148 147 149 -1,
150 149 151 -1,
150 148 149 -1,
152 151 153 -1,
152 150 151 -1,
154 153 155 -1,
154 152 153 -1,
156 155 157 -1,
156 154 155 -1,
158 157 159 -1,
158 156 157 -1,
160 159 161 -1,
160 158 159 -1,
162 161 163 -1,
162 160 161 -1,
164 163 165 -1,
164 162 163 -1,
166 165 167 -1,
166 164 165 -1,
168 167 169 -1,
168 166 167 -1,
170 169 171 -1,
170 168 169 -1,
172 171 173 -1,
172 170 171 -1,
174 173 175 -1,
174 172 173 -1,
176 174 175 -1,
176 175 177 -1,
178 176 177 -1,
178 177 179 -1,
180 178 179 -1,
180 179 181 -1,
182 180 181 -1,
182 181 183 -1,
184 183 185 -1,
184 182 183 -1,
186 185 187 -1,
186 184 185 -1,
188 187 189 -1,
188 186 187 -1,
190 189 191 -1,
190 188 189 -1,
192 191 193 -1,
192 190 191 -1,
194 193 195 -1,
194 192 193 -1,
196 195 197 -1,
196 194 195 -1,
198 197 199 -1,
198 196 197 -1,
200 199 201 -1,
200 198 199 -1,
202 201 203 -1,
202 203 204 -1,
202 200 201 -1,
205 202 204 -1,
206 204 207 -1,
206 205 204 -1,
208 207 209 -1,
208 206 207 -1,
210 209 211 -1,
210 208 209 -1,
212 211 213 -1,
212 213 214 -1,
212 210 211 -1,
215 212 214 -1,
216 214 217 -1,
216 215 214 -1,
218 217 219 -1,
218 216 217 -1,
220 219 221 -1,
220 218 219 -1,
222 221 223 -1,
222 220 221 -1,
224 222 223 -1,
224 223 225 -1,
226 224 225 -1,
226 225 227 -1,
228 226 227 -1,
228 227 229 -1,
230 228 229 -1,
230 229 231 -1,
232 230 231 -1,
232 231 233 -1,
234 232 233 -1,
234 233 235 -1,
236 234 235 -1,
236 235 237 -1,
238 236 237 -1,
238 237 239 -1,
240 238 239 -1,
240 239 241 -1,
240 241 242 -1,
243 240 242 -1,
244 243 242 -1,
244 242 245 -1,
246 244 245 -1,
246 245 247 -1,
248 246 247 -1,
248 247 249 -1,
250 249 251 -1,
250 248 249 -1,
250 251 2 -1,
1 250 2 -1,
12 8 11 -1,
50 53 54 -1,
44 46 48 -1,
20 14 16 -1,
20 16 19 -1,
40 42 44 -1,
36 38 40 -1,
208 205 206 -1,
28 25 26 -1,
32 1 0 -1,
32 0 4 -1,
32 4 6 -1,
32 6 8 -1,
32 12 14 -1,
32 20 22 -1,
32 22 25 -1,
32 28 31 -1,
32 34 36 -1,
32 48 50 -1,
32 54 56 -1,
32 56 59 -1,
32 59 60 -1,
32 60 62 -1,
32 62 64 -1,
32 64 67 -1,
32 67 68 -1,
32 68 71 -1,
32 71 72 -1,
32 72 74 -1,
32 74 77 -1,
32 77 78 -1,
32 78 81 -1,
32 81 82 -1,
32 82 84 -1,
32 84 86 -1,
32 86 89 -1,
32 89 90 -1,
32 99 100 -1,
32 100 103 -1,
32 103 105 -1,
32 105 106 -1,
32 106 109 -1,
32 109 110 -1,
32 110 113 -1,
32 113 114 -1,
32 114 117 -1,
32 117 118 -1,
32 118 121 -1,
32 121 122 -1,
32 122 124 -1,
32 124 127 -1,
32 127 128 -1,
32 128 130 -1,
32 130 132 -1,
32 132 134 -1,
32 134 136 -1,
32 136 138 -1,
32 138 140 -1,
32 140 142 -1,
32 142 144 -1,
32 144 146 -1,
32 146 148 -1,
32 148 150 -1,
32 150 152 -1,
32 152 154 -1,
32 154 156 -1,
32 156 158 -1,
32 158 160 -1,
32 160 162 -1,
32 162 164 -1,
32 164 166 -1,
32 166 168 -1,
32 168 170 -1,
32 170 172 -1,
32 172 174 -1,
32 174 176 -1,
32 176 178 -1,
32 178 180 -1,
32 180 182 -1,
32 182 184 -1,
32 184 186 -1,
32 186 188 -1,
32 188 190 -1,
32 190 192 -1,
32 192 194 -1,
32 194 196 -1,
32 196 198 -1,
32 198 200 -1,
32 200 202 -1,
32 202 205 -1,
32 208 210 -1,
32 210 212 -1,
32 212 215 -1,
32 215 216 -1,
32 216 218 -1,
32 218 220 -1,
32 220 222 -1,
32 238 240 -1,
32 240 243 -1,
32 243 244 -1,
32 95 99 -1,
32 205 208 -1,
32 90 95 -1,
32 36 40 -1,
32 228 234 -1,
32 222 228 -1,
32 25 28 -1,
32 234 238 -1,
32 244 1 -1,
32 8 12 -1,
32 44 48 -1,
32 50 54 -1,
32 40 44 -1,
32 14 20 -1,
95 96 99 -1,
90 93 95 -1,
228 222 224 -1,
228 224 226 -1,
234 228 230 -1,
234 230 232 -1,
238 234 236 -1,
248 244 246 -1,
1 244 248 -1,
1 248 250 -1,
9 13 10 -1,
52 51 55 -1,
47 45 49 -1,
15 21 17 -1,
17 21 18 -1,
43 41 45 -1,
39 37 41 -1,
204 209 207 -1,
24 29 27 -1,
2 33 3 -1,
3 33 5 -1,
5 33 7 -1,
7 33 9 -1,
13 33 15 -1,
21 33 23 -1,
23 33 24 -1,
29 33 30 -1,
35 33 37 -1,
49 33 51 -1,
55 33 57 -1,
57 33 58 -1,
58 33 61 -1,
61 33 63 -1,
63 33 65 -1,
65 33 66 -1,
66 33 69 -1,
69 33 70 -1,
70 33 73 -1,
73 33 75 -1,
75 33 76 -1,
76 33 79 -1,
79 33 80 -1,
80 33 83 -1,
83 33 85 -1,
85 33 87 -1,
87 33 88 -1,
88 33 91 -1,
98 33 101 -1,
101 33 102 -1,
102 33 104 -1,
104 33 107 -1,
107 33 108 -1,
108 33 111 -1,
111 33 112 -1,
112 33 115 -1,
115 33 116 -1,
116 33 119 -1,
119 33 120 -1,
120 33 123 -1,
123 33 125 -1,
125 33 126 -1,
126 33 129 -1,
129 33 131 -1,
131 33 133 -1,
133 33 135 -1,
135 33 137 -1,
137 33 139 -1,
139 33 141 -1,
141 33 143 -1,
143 33 145 -1,
145 33 147 -1,
147 33 149 -1,
149 33 151 -1,
151 33 153 -1,
153 33 155 -1,
155 33 157 -1,
157 33 159 -1,
159 33 161 -1,
161 33 163 -1,
163 33 165 -1,
165 33 167 -1,
167 33 169 -1,
169 33 171 -1,
171 33 173 -1,
173 33 175 -1,
175 33 177 -1,
177 33 179 -1,
179 33 181 -1,
181 33 183 -1,
183 33 185 -1,
185 33 187 -1,
187 33 189 -1,
189 33 191 -1,
191 33 193 -1,
193 33 195 -1,
195 33 197 -1,
197 33 199 -1,
199 33 201 -1,
201 33 203 -1,
203 33 204 -1,
209 33 211 -1,
211 33 213 -1,
213 33 214 -1,
214 33 217 -1,
217 33 219 -1,
219 33 221 -1,
221 33 223 -1,
239 33 241 -1,
241 33 242 -1,
242 33 245 -1,
94 33 98 -1,
204 33 209 -1,
91 33 94 -1,
37 33 41 -1,
229 33 235 -1,
223 33 229 -1,
24 33 29 -1,
235 33 239 -1,
245 33 2 -1,
9 33 13 -1,
45 33 49 -1,
51 33 55 -1,
41 33 45 -1,
15 33 21 -1,
97 94 98 -1,
92 91 94 -1,
223 229 225 -1,
225 229 227 -1,
229 235 231 -1,
231 235 233 -1,
235 239 237 -1,
245 249 247 -1,
245 2 249 -1,
249 2 251 -1 ] } }
Shape { appearance Appearance { material Material { diffuseColor 0.7 0.72 0.74 } } geometry IndexedFaceSet { solid FALSE coord Coordinate { point [ 2.901575 -7.059055 -0.984252,
2.901575 -7.059055 0.000000,
2.901575 -6.940945 -0.984252,
2.901575 -6.940945 0.000000,
3.098425 -7.059055 0.000000,
3.098425 -7.059055 -0.984252,
3.098425 -6.940945 -0.984252,
3.098425 -6.940945 0.000000 ] } coordIndex [ 0 1 2 -1,
2 1 3 -1,
4 5 6 -1,
4 6 7 -1,
5 4 0 -1,
0 4 1 -1,
7 6 2 -1,
7 2 3 -1,
2 6 0 -1,
0 6 5 -1,
7 3 1 -1,
7 1 4 -1 ] } }
Shape { appearance Appearance { material Material { diffuseColor 0.7 0.72 0.74 } } geometry IndexedFaceSet { solid FALSE coord Coordinate { point [ 2.901575 -7.059055 1.181102,
2.901575 -7.059055 2.559055,
2.901575 -6.940945 1.181102,
2.901575 -6.940945 2.559055,
3.098425 -7.059055 2.559055,
3.098425 -7.059055 1.181102,
3.098425 -6.940945 1.181102,
3.098425 -6.940945 2.559055 ] } coordIndex [ 0 1 2 -1,
2 1 3 -1,
4 5 6 -1,
4 6 7 -1,
5 4 0 -1,
0 4 1 -1,
7 6 2 -1,
7 2 3 -1,
2 6 0 -1,
0 6 5 -1,
7 3 1 -1,
7 1 4 -1 ] } }
Shape { appearance Appearance { material Material { diffuseColor 0.7 0.72 0.74 } } geometry IndexedFaceSet { solid FALSE coord Coordinate { point [ 2.799213 -7.002944 2.500073,
2.799213 -7.000000 2.500000,
3.000000 -7.000000 2.500000,
3.000000 -7.002944 2.500073,
2.799213 -7.005880 2.500293,
3.000000 -7.005880 2.500293,
2.799213 -7.008802 2.500660,
3.000000 -7.008802 2.500660,
2.799213 -7.011702 2.501171,
3.000000 -7.011702 2.501171,
3.000000 -7.014572 2.501826,
2.799213 -7.014572 2.501826,
2.799213 -7.017407 2.502624,
3.000000 -7.017407 2.502624,
2.799213 -7.020198 2.503561,
3.000000 -7.020198 2.503561,
2.799213 -7.022939 2.504637,
3.000000 -7.022939 2.504637,
3.000000 -7.025623 2.505848,
2.799213 -7.025623 2.505848,
2.799213 -7.028243 2.507192,
3.000000 -7.028243 2.507192,
2.799213 -7.030793 2.508664,
3.000000 -7.030793 2.508664,
3.000000 -7.033267 2.510261,
2.799213 -7.033267 2.510261,
2.799213 -7.035658 2.511980,
3.000000 -7.035658 2.511980,
2.799213 -7.037960 2.513816,
3.000000 -7.037960 2.513816,
3.000000 -7.040168 2.515765,
2.799213 -7.040168 2.515765,
2.799213 -7.042276 2.517821,
3.000000 -7.042276 2.517821,
2.799213 -7.044278 2.519979,
3.000000 -7.044278 2.519979,
2.799213 -7.046171 2.522235,
3.000000 -7.046171 2.522235,
2.799213 -7.047949 2.524582,
3.000000 -7.047949 2.524582,
2.799213 -7.049608 2.527015,
3.000000 -7.049608 2.527015,
2.799213 -7.051143 2.529528,
3.000000 -7.051143 2.529528,
2.799213 -7.052551 2.532114,
3.000000 -7.052551 2.532114,
2.799213 -7.053829 2.534767,
3.000000 -7.053829 2.534767,
2.799213 -7.054973 2.537480,
3.000000 -7.054973 2.537480,
2.799213 -7.055980 2.540247,
3.000000 -7.055980 2.540247,
3.000000 -7.056848 2.543061,
2.799213 -7.056848 2.543061,
2.799213 -7.057574 2.545914,
3.000000 -7.057574 2.545914,
2.799213 -7.058158 2.548800,
3.000000 -7.058158 2.548800,
3.000000 -7.058597 2.551712,
2.799213 -7.058597 2.551712,
2.799213 -7.058890 2.554642,
3.000000 -7.058890 2.554642,
2.799213 -7.059037 2.557583,
3.000000 -7.059037 2.557583,
2.799213 -7.059037 2.560527,
3.000000 -7.059037 2.560527,
3.000000 -7.058890 2.563468,
2.799213 -7.058890 2.563468,
2.799213 -7.058597 2.566398,
3.000000 -7.058597 2.566398,
3.000000 -7.058158 2.569310,
2.799213 -7.058158 2.569310,
2.799213 -7.057574 2.572196,
3.000000 -7.057574 2.572196,
2.799213 -7.056848 2.575050,
3.000000 -7.056848 2.575050,
3.000000 -7.055980 2.577863,
2.799213 -7.055980 2.577863,
2.799213 -7.054973 2.580630,
3.000000 -7.054973 2.580630,
3.000000 -7.053829 2.583344,
2.799213 -7.053829 2.583344,
2.799213 -7.052551 2.585997,
3.000000 -7.052551 2.585997,
2.799213 -7.051143 2.588583,
3.000000 -7.051143 2.588583,
2.799213 -7.049608 2.591095,
3.000000 -7.049608 2.591095,
3.000000 -7.047949 2.593528,
2.799213 -7.047949 2.593528,
2.799213 -7.046171 2.595875,
3.000000 -7.046171 2.595875,
3.000000 -7.044278 2.598131,
2.799213 -7.044278 2.598131,
3.000000 -7.042276 2.600290,
2.799213 -7.042276 2.600290,
2.799213 -7.040168 2.602346,
3.000000 -7.040168 2.602346,
3.000000 -7.037960 2.604294,
2.799213 -7.037960 2.604294,
2.799213 -7.035658 2.606130,
3.000000 -7.035658 2.606130,
3.000000 -7.033267 2.607849,
2.799213 -7.033267 2.607849,
3.000000 -7.030793 2.609446,
2.799213 -7.030793 2.609446,
2.799213 -7.028243 2.610919,
3.000000 -7.028243 2.610919,
3.000000 -7.025623 2.612262,
2.799213 -7.025623 2.612262,
2.799213 -7.022939 2.613473,
3.000000 -7.022939 2.613473,
3.000000 -7.020198 2.614549,
2.799213 -7.020198 2.614549,
2.799213 -7.017407 2.615487,
3.000000 -7.017407 2.615487,
3.000000 -7.014572 2.616284,
2.799213 -7.014572 2.616284,
2.799213 -7.011702 2.616939,
3.000000 -7.011702 2.616939,
3.000000 -7.008802 2.617451,
2.799213 -7.008802 2.617451,
2.799213 -7.005880 2.617817,
3.000000 -7.005880 2.617817,
2.799213 -7.002944 2.618037,
3.000000 -7.002944 2.618037,
3.000000 -7.000000 2.618110,
2.799213 -7.000000 2.618110,
2.799213 -6.997056 2.618037,
3.000000 -6.997056 2.618037,
2.799213 -6.994120 2.617817,
3.000000 -6.994120 2.617817,
2.799213 -6.991198 2.617451,
3.000000 -6.991198 2.617451,
2.799213 -6.988298 2.616939,
3.000000 -6.988298 2.616939,
2.799213 -6.985428 2.616284,
3.000000 -6.985428 2.616284,
2.799213 -6.982593 2.615487,
3.000000 -6.982593 2.615487,
2.799213 -6.979802 2.614549,
3.000000 -6.979802 2.614549,
2.799213 -6.977061 2.613473,
3.000000 -6.977061 2.613473,
2.799213 -6.974377 2.612262,
3.000000 -6.974377 2.612262,
2.799213 -6.971757 2.610919,
3.000000 -6.971757 2.610919,
2.799213 -6.969207 2.609446,
3.000000 -6.969207 2.609446,
2.799213 -6.966733 2.607849,
3.000000 -6.966733 2.607849,
2.799213 -6.964342 2.606130,
3.000000 -6.964342 2.606130,
2.799213 -6.962040 2.604294,
3.000000 -6.962040 2.604294,
2.799213 -6.959832 2.602346,
3.000000 -6.959832 2.602346,
2.799213 -6.957724 2.600290,
3.000000 -6.957724 2.600290,
2.799213 -6.955722 2.598131,
3.000000 -6.955722 2.598131,
2.799213 -6.953829 2.595875,
3.000000 -6.953829 2.595875,
2.799213 -6.952051 2.593528,
3.000000 -6.952051 2.593528,
2.799213 -6.950392 2.591095,
3.000000 -6.950392 2.591095,
2.799213 -6.948857 2.588583,
3.000000 -6.948857 2.588583,
2.799213 -6.947449 2.585997,
3.000000 -6.947449 2.585997,
2.799213 -6.946171 2.583344,
3.000000 -6.946171 2.583344,
2.799213 -6.945027 2.580630,
3.000000 -6.945027 2.580630,
2.799213 -6.944020 2.577863,
3.000000 -6.944020 2.577863,
2.799213 -6.943152 2.575050,
3.000000 -6.943152 2.575050,
2.799213 -6.942426 2.572196,
3.000000 -6.942426 2.572196,
2.799213 -6.941842 2.569310,
3.000000 -6.941842 2.569310,
2.799213 -6.941403 2.566398,
3.000000 -6.941403 2.566398,
2.799213 -6.941110 2.563468,
3.000000 -6.941110 2.563468,
2.799213 -6.940963 2.560527,
3.000000 -6.940963 2.560527,
2.799213 -6.940963 2.557583,
3.000000 -6.940963 2.557583,
2.799213 -6.941110 2.554642,
3.000000 -6.941110 2.554642,
2.799213 -6.941403 2.551712,
3.000000 -6.941403 2.551712,
2.799213 -6.941842 2.548800,
3.000000 -6.941842 2.548800,
2.799213 -6.942426 2.545914,
3.000000 -6.942426 2.545914,
2.799213 -6.943152 2.543061,
3.000000 -6.943152 2.543061,
2.799213 -6.944020 2.540247,
3.000000 -6.944020 2.540247,
3.000000 -6.945027 2.537480,
2.799213 -6.945027 2.537480,
2.799213 -6.946171 2.534767,
3.000000 -6.946171 2.534767,
2.799213 -6.947449 2.532114,
3.000000 -6.947449 2.532114,
2.799213 -6.948857 2.529528,
3.000000 -6.948857 2.529528,
2.799213 -6.950392 2.527015,
3.000000 -6.950392 2.527015,
3.000000 -6.952051 2.524582,
2.799213 -6.952051 2.524582,
2.799213 -6.953829 2.522235,
3.000000 -6.953829 2.522235,
2.799213 -6.955722 2.519979,
3.000000 -6.955722 2.519979,
2.799213 -6.957724 2.517821,
3.000000 -6.957724 2.517821,
2.799213 -6.959832 2.515765,
3.000000 -6.959832 2.515765,
2.799213 -6.962040 2.513816,
3.000000 -6.962040 2.513816,
2.799213 -6.964342 2.511980,
3.000000 -6.964342 2.511980,
2.799213 -6.966733 2.510261,
3.000000 -6.966733 2.510261,
2.799213 -6.969207 2.508664,
3.000000 -6.969207 2.508664,
2.799213 -6.971757 2.507192,
3.000000 -6.971757 2.507192,
2.799213 -6.974377 2.505848,
3.000000 -6.974377 2.505848,
2.799213 -6.977061 2.504637,
3.000000 -6.977061 2.504637,
2.799213 -6.979802 2.503561,
3.000000 -6.979802 2.503561,
2.799213 -6.982593 2.502624,
3.000000 -6.982593 2.502624,
3.000000 -6.985428 2.501826,
2.799213 -6.985428 2.501826,
2.799213 -6.988298 2.501171,
3.000000 -6.988298 2.501171,
2.799213 -6.991198 2.500660,
3.000000 -6.991198 2.500660,
2.799213 -6.994120 2.500293,
3.000000 -6.994120 2.500293,
2.799213 -6.997056 2.500073,
3.000000 -6.997056 2.500073 ] } coordIndex [ 0 1 2 -1,
0 2 3 -1,
4 3 5 -1,
4 0 3 -1,
6 5 7 -1,
6 4 5 -1,
8 7 9 -1,
8 9 10 -1,
8 6 7 -1,
11 8 10 -1,
12 10 13 -1,
12 11 10 -1,
14 13 15 -1,
14 12 13 -1,
16 15 17 -1,
16 17 18 -1,
16 14 15 -1,
19 16 18 -1,
20 18 21 -1,
20 19 18 -1,
22 20 21 -1,
22 21 23 -1,
22 23 24 -1,
25 22 24 -1,
26 25 24 -1,
26 24 27 -1,
28 26 27 -1,
28 27 29 -1,
28 29 30 -1,
31 28 30 -1,
32 31 30 -1,
32 30 33 -1,
34 32 33 -1,
34 33 35 -1,
36 34 35 -1,
36 35 37 -1,
38 36 37 -1,
38 37 39 -1,
40 38 39 -1,
40 39 41 -1,
42 40 41 -1,
42 41 43 -1,
44 42 43 -1,
44 43 45 -1,
46 45 47 -1,
46 44 45 -1,
48 47 49 -1,
48 46 47 -1,
50 49 51 -1,
50 51 52 -1,
50 48 49 -1,
53 50 52 -1,
54 52 55 -1,
54 53 52 -1,
56 55 57 -1,
56 57 58 -1,
56 54 55 -1,
59 56 58 -1,
60 58 61 -1,
60 59 58 -1,
62 61 63 -1,
62 60 61 -1,
64 63 65 -1,
64 65 66 -1,
64 62 63 -1,
67 64 66 -1,
68 66 69 -1,
68 69 70 -1,
68 67 66 -1,
71 68 70 -1,
72 71 70 -1,
72 70 73 -1,
74 72 73 -1,
74 73 75 -1,
74 75 76 -1,
77 74 76 -1,
78 77 76 -1,
78 76 79 -1,
78 79 80 -1,
81 78 80 -1,
82 81 80 -1,
82 80 83 -1,
84 82 83 -1,
84 83 85 -1,
86 84 85 -1,
86 85 87 -1,
86 87 88 -1,
89 86 88 -1,
90 89 88 -1,
90 88 91 -1,
90 91 92 -1,
93 90 92 -1,
93 92 94 -1,
95 93 94 -1,
96 95 94 -1,
96 94 97 -1,
96 97 98 -1,
99 96 98 -1,
100 99 98 -1,
100 98 101 -1,
100 101 102 -1,
103 100 102 -1,
103 102 104 -1,
105 103 104 -1,
106 105 104 -1,
106 104 107 -1,
106 107 108 -1,
109 106 108 -1,
110 109 108 -1,
110 108 111 -1,
110 111 112 -1,
113 110 112 -1,
114 113 112 -1,
114 112 115 -1,
114 115 116 -1,
117 114 116 -1,
118 116 119 -1,
118 119 120 -1,
118 117 116 -1,
121 118 120 -1,
122 120 123 -1,
122 121 120 -1,
124 122 123 -1,
124 123 125 -1,
124 125 126 -1,
127 124 126 -1,
128 127 126 -1,
128 126 129 -1,
130 128 129 -1,
130 129 131 -1,
132 130 131 -1,
132 131 133 -1,
134 132 133 -1,
134 133 135 -1,
136 134 135 -1,
136 135 137 -1,
138 136 137 -1,
138 137 139 -1,
140 138 139 -1,
140 139 141 -1,
142 140 141 -1,
142 141 143 -1,
144 142 143 -1,
144 143 145 -1,
146 144 145 -1,
146 145 147 -1,
148 146 147 -1,
148 147 149 -1,
150 149 151 -1,
150 148 149 -1,
152 151 153 -1,
152 150 151 -1,
154 153 155 -1,
154 152 153 -1,
156 155 157 -1,
156 154 155 -1,
158 157 159 -1,
158 156 157 -1,
160 159 161 -1,
160 158 159 -1,
162 161 163 -1,
162 160 161 -1,
164 163 165 -1,
164 162 163 -1,
166 165 167 -1,
166 164 165 -1,
168 167 169 -1,
168 166 167 -1,
170 169 171 -1,
170 168 169 -1,
172 171 173 -1,
172 170 171 -1,
174 173 175 -1,
174 172 173 -1,
176 174 175 -1,
176 175 177 -1,
178 176 177 -1,
178 177 179 -1,
180 178 179 -1,
180 179 181 -1,
182 180 181 -1,
182 181 183 -1,
184 183 185 -1,
184 182 183 -1,
186 185 187 -1,
186 184 185 -1,
188 187 189 -1,
188 186 187 -1,
190 189 191 -1,
190 188 189 -1,
192 191 193 -1,
192 190 191 -1,
194 193 195 -1,
194 192 193 -1,
196 195 197 -1,
196 194 195 -1,
198 197 199 -1,
198 196 197 -1,
200 199 201 -1,
200 198 199 -1,
202 201 203 -1,
202 203 204 -1,
202 200 201 -1,
205 202 204 -1,
206 204 207 -1,
206 205 204 -1,
208 207 209 -1,
208 206 207 -1,
210 209 211 -1,
210 208 209 -1,
212 211 213 -1,
212 213 214 -1,
212 210 211 -1,
215 212 214 -1,
216 214 217 -1,
216 215 214 -1,
218 217 219 -1,
218 216 217 -1,
220 219 221 -1,
220 218 219 -1,
222 221 223 -1,
222 220 221 -1,
224 222 223 -1,
224 223 225 -1,
226 224 225 -1,
226 225 227 -1,
228 226 227 -1,
228 227 229 -1,
230 228 229 -1,
230 229 231 -1,
232 230 231 -1,
232 231 233 -1,
234 232 233 -1,
234 233 235 -1,
236 234 235 -1,
236 235 237 -1,
238 236 237 -1,
238 237 239 -1,
240 238 239 -1,
240 239 241 -1,
240 241 242 -1,
243 240 242 -1,
244 243 242 -1,
244 242 245 -1,
246 244 245 -1,
246 245 247 -1,
248 246 247 -1,
248 247 249 -1,
250 249 251 -1,
250 248 249 -1,
250 251 2 -1,
1 250 2 -1,
12 8 11 -1,
50 53 54 -1,
44 46 48 -1,
20 14 16 -1,
20 16 19 -1,
40 42 44 -1,
36 38 40 -1,
208 205 206 -1,
28 25 26 -1,
32 1 0 -1,
32 0 4 -1,
32 4 6 -1,
32 6 8 -1,
32 12 14 -1,
32 20 22 -1,
32 22 25 -1,
32 28 31 -1,
32 34 36 -1,
32 48 50 -1,
32 54 56 -1,
32 56 59 -1,
32 59 60 -1,
32 60 62 -1,
32 62 64 -1,
32 64 67 -1,
32 67 68 -1,
32 68 71 -1,
32 71 72 -1,
32 72 74 -1,
32 74 77 -1,
32 77 78 -1,
32 78 81 -1,
32 81 82 -1,
32 82 84 -1,
32 84 86 -1,
32 86 89 -1,
32 89 90 -1,
32 99 100 -1,
32 100 103 -1,
32 103 105 -1,
32 105 106 -1,
32 106 109 -1,
32 109 110 -1,
32 110 113 -1,
32 113 114 -1,
32 114 117 -1,
32 117 118 -1,
32 118 121 -1,
32 121 122 -1,
32 122 124 -1,
32 124 127 -1,
32 127 128 -1,
32 128 130 -1,
32 130 132 -1,
32 132 134 -1,
32 134 136 -1,
32 136 138 -1,
32 138 140 -1,
32 140 142 -1,
32 142 144 -1,
32 144 146 -1,
32 146 148 -1,
32 148 150 -1,
32 150 152 -1,
32 152 154 -1,
32 154 156 -1,
32 156 158 -1,
32 158 160 -1,
32 160 162 -1,
32 162 164 -1,
32 164 166 -1,
32 166 168 -1,
32 168 170 -1,
32 170 172 -1,
32 172 174 -1,
32 174 176 -1,
32 176 178 -1,
32 178 180 -1,
32 180 182 -1,
32 182 184 -1,
32 184 186 -1,
32 186 188 -1,
32 188 190 -1,
32 190 192 -1,
32 192 194 -1,
32 194 196 -1,
32 196 198 -1,
32 198 200 -1,
32 200 202 -1,
32 202 205 -1,
32 208 210 -1,
32 210 212 -1,
32 212 215 -1,
32 215 216 -1,
32 216 218 -1,
32 218 220 -1,
32 220 222 -1,
32 238 240 -1,
32 240 243 -1,
32 243 244 -1,
32 95 99 -1,
32 205 208 -1,
32 90 95 -1,
32 36 40 -1,
32 228 234 -1,
32 222 228 -1,
32 25 28 -1,
32 234 238 -1,
32 244 1 -1,
32 8 12 -1,
32 44 48 -1,
32 50 54 -1,
32 40 44 -1,
32 14 20 -1,
95 96 99 -1,
90 93 95 -1,
228 222 224 -1,
228 224 226 -1,
234 228 230 -1,
234 230 232 -1,
238 234 236 -1,
248 244 246 -1,
1 244 248 -1,
1 248 250 -1,
9 13 10 -1,
52 51 55 -1,
47 45 49 -1,
15 21 17 -1,
17 21 18 -1,
43 41 45 -1,
39 37 41 -1,
204 209 207 -1,
24 29 27 -1,
2 33 3 -1,
3 33 5 -1,
5 33 7 -1,
7 33 9 -1,
13 33 15 -1,
21 33 23 -1,
23 33 24 -1,
29 33 30 -1,
35 33 37 -1,
49 33 51 -1,
55 33 57 -1,
57 33 58 -1,
58 33 61 -1,
61 33 63 -1,
63 33 65 -1,
65 33 66 -1,
66 33 69 -1,
69 33 70 -1,
70 33 73 -1,
73 33 75 -1,
75 33 76 -1,
76 33 79 -1,
79 33 80 -1,
80 33 83 -1,
83 33 85 -1,
85 33 87 -1,
87 33 88 -1,
88 33 91 -1,
98 33 101 -1,
101 33 102 -1,
102 33 104 -1,
104 33 107 -1,
107 33 108 -1,
108 33 111 -1,
111 33 112 -1,
112 33 115 -1,
115 33 116 -1,
116 33 119 -1,
119 33 120 -1,
120 33 123 -1,
123 33 125 -1,
125 33 126 -1,
126 33 129 -1,
129 33 131 -1,
131 33 133 -1,
133 33 135 -1,
135 33 137 -1,
137 33 139 -1,
139 33 141 -1,
141 33 143 -1,
143 33 145 -1,
145 33 147 -1,
147 33 149 -1,
149 33 151 -1,
151 33 153 -1,
153 33 155 -1,
155 33 157 -1,
157 33 159 -1,
159 33 161 -1,
161 33 163 -1,
163 33 165 -1,
165 33 167 -1,
167 33 169 -1,
169 33 171 -1,
171 33 173 -1,
173 33 175 -1,
175 33 177 -1,
177 33 179 -1,
179 33 181 -1,
181 33 183 -1,
183 33 185 -1,
185 33 187 -1,
187 33 189 -1,
189 33 191 -1,
191 33 193 -1,
193 33 195 -1,
195 33 197 -1,
197 33 199 -1,
199 33 201 -1,
201 33 203 -1,
203 33 204 -1,
209 33 211 -1,
211 33 213 -1,
213 33 214 -1,
214 33 217 -1,
217 33 219 -1,
219 33 221 -1,
221 33 223 -1,
239 33 241 -1,
241 33 242 -1,
242 33 245 -1,
94 33 98 -1,
204 33 209 -1,
91 33 94 -1,
37 33 41 -1,
229 33 235 -1,
223 33 229 -1,
24 33 29 -1,
235 33 239 -1,
245 33 2 -1,
9 33 13 -1,
45 33 49 -1,
51 33 55 -1,
41 33 45 -1,
15 33 21 -1,
97 94 98 -1,
92 91 94 -1,
223 229 225 -1,
225 229 227 -1,
229 235 231 -1,
231 235 233 -1,
235 239 237 -1,
245 249 247 -1,
245 2 249 -1,
249 2 251 -1 ] } }
