#VRML V2.0 utf8
# Project-owned nominal model; units 0.1 inch for KiCad.
Shape { appearance Appearance { material Material { diffuseColor 0.16 0.18 0.22 } } geometry IndexedFaceSet { solid FALSE coord Coordinate { point [ 1.640313 -0.787402 2.025415,
1.641732 -0.787402 1.968504,
1.641732 -0.393701 1.968504,
1.640313 -0.393701 2.025415,
1.636059 -0.787402 2.082184,
1.636059 -0.393701 2.082184,
1.628980 -0.787402 2.138670,
1.628980 -0.393701 2.138670,
1.619095 -0.787402 2.194734,
1.619095 -0.393701 2.194734,
1.606427 -0.787402 2.250235,
1.606427 -0.393701 2.250235,
1.591008 -0.787402 2.305035,
1.591008 -0.393701 2.305035,
1.572877 -0.393701 2.358999,
1.572877 -0.787402 2.358999,
1.552079 -0.787402 2.411992,
1.552079 -0.393701 2.411992,
1.528665 -0.787402 2.463883,
1.528665 -0.393701 2.463883,
1.502694 -0.787402 2.514542,
1.502694 -0.393701 2.514542,
1.474230 -0.787402 2.563843,
1.474230 -0.393701 2.563843,
1.443343 -0.787402 2.611665,
1.443343 -0.393701 2.611665,
1.410112 -0.787402 2.657887,
1.410112 -0.393701 2.657887,
1.374618 -0.787402 2.702395,
1.374618 -0.393701 2.702395,
1.336949 -0.787402 2.745079,
1.336949 -0.393701 2.745079,
1.297200 -0.787402 2.785832,
1.297200 -0.393701 2.785832,
1.255468 -0.787402 2.824553,
1.255468 -0.393701 2.824553,
1.211858 -0.787402 2.861146,
1.211858 -0.393701 2.861146,
1.166479 -0.787402 2.895520,
1.166479 -0.393701 2.895520,
1.119443 -0.393701 2.927589,
1.119443 -0.787402 2.927589,
1.070866 -0.393701 2.957273,
1.070866 -0.787402 2.957273,
1.020870 -0.787402 2.984499,
1.020870 -0.393701 2.984499,
0.969580 -0.787402 3.009200,
0.969580 -0.393701 3.009200,
0.917122 -0.787402 3.031313,
0.917122 -0.393701 3.031313,
0.863626 -0.787402 3.050783,
0.863626 -0.393701 3.050783,
0.809227 -0.787402 3.067563,
0.809227 -0.393701 3.067563,
0.754059 -0.787402 3.081611,
0.754059 -0.393701 3.081611,
0.698260 -0.787402 3.092891,
0.698260 -0.393701 3.092891,
0.641967 -0.787402 3.101375,
0.641967 -0.393701 3.101375,
0.585322 -0.787402 3.107044,
0.585322 -0.393701 3.107044,
0.528464 -0.787402 3.109881,
0.528464 -0.393701 3.109881,
0.471536 -0.787402 3.109881,
0.471536 -0.393701 3.109881,
0.414678 -0.393701 3.107044,
0.414678 -0.787402 3.107044,
0.358033 -0.787402 3.101375,
0.358033 -0.393701 3.101375,
0.301740 -0.787402 3.092891,
0.301740 -0.393701 3.092891,
0.245941 -0.787402 3.081611,
0.245941 -0.393701 3.081611,
0.190773 -0.787402 3.067563,
0.190773 -0.393701 3.067563,
0.136374 -0.787402 3.050783,
0.136374 -0.393701 3.050783,
0.082878 -0.787402 3.031313,
0.082878 -0.393701 3.031313,
0.030420 -0.787402 3.009200,
0.030420 -0.393701 3.009200,
-0.020870 -0.787402 2.984499,
-0.020870 -0.393701 2.984499,
-0.070866 -0.393701 2.957273,
-0.070866 -0.787402 2.957273,
-0.119443 -0.787402 2.927589,
-0.119443 -0.393701 2.927589,
-0.166479 -0.787402 2.895520,
-0.166479 -0.393701 2.895520,
-0.211858 -0.787402 2.861146,
-0.211858 -0.393701 2.861146,
-0.255468 -0.787402 2.824553,
-0.255468 -0.393701 2.824553,
-0.297200 -0.787402 2.785832,
-0.297200 -0.393701 2.785832,
-0.336949 -0.787402 2.745079,
-0.336949 -0.393701 2.745079,
-0.374618 -0.787402 2.702395,
-0.374618 -0.393701 2.702395,
-0.410112 -0.787402 2.657887,
-0.410112 -0.393701 2.657887,
-0.443343 -0.787402 2.611665,
-0.443343 -0.393701 2.611665,
-0.474230 -0.787402 2.563843,
-0.474230 -0.393701 2.563843,
-0.502694 -0.787402 2.514542,
-0.502694 -0.393701 2.514542,
-0.528665 -0.787402 2.463883,
-0.528665 -0.393701 2.463883,
-0.552079 -0.787402 2.411992,
-0.552079 -0.393701 2.411992,
-0.572877 -0.787402 2.358999,
-0.572877 -0.393701 2.358999,
-0.591008 -0.787402 2.305035,
-0.591008 -0.393701 2.305035,
-0.606427 -0.787402 2.250235,
-0.606427 -0.393701 2.250235,
-0.619095 -0.787402 2.194734,
-0.619095 -0.393701 2.194734,
-0.628980 -0.787402 2.138670,
-0.628980 -0.393701 2.138670,
-0.636059 -0.787402 2.082184,
-0.636059 -0.393701 2.082184,
-0.640313 -0.787402 2.025415,
-0.640313 -0.393701 2.025415,
-0.641732 -0.787402 1.968504,
-0.641732 -0.393701 1.968504,
-0.640313 -0.787402 1.911593,
-0.640313 -0.393701 1.911593,
-0.636059 -0.787402 1.854824,
-0.636059 -0.393701 1.854824,
-0.628980 -0.787402 1.798338,
-0.628980 -0.393701 1.798338,
-0.619095 -0.787402 1.742274,
-0.619095 -0.393701 1.742274,
-0.606427 -0.787402 1.686773,
-0.606427 -0.393701 1.686773,
-0.591008 -0.787402 1.631972,
-0.591008 -0.393701 1.631972,
-0.572877 -0.787402 1.578008,
-0.572877 -0.393701 1.578008,
-0.552079 -0.787402 1.525015,
-0.552079 -0.393701 1.525015,
-0.528665 -0.787402 1.473125,
-0.528665 -0.393701 1.473125,
-0.502694 -0.787402 1.422466,
-0.502694 -0.393701 1.422466,
-0.474230 -0.393701 1.373165,
-0.474230 -0.787402 1.373165,
-0.443343 -0.787402 1.325343,
-0.443343 -0.393701 1.325343,
-0.410112 -0.787402 1.279121,
-0.410112 -0.393701 1.279121,
-0.374618 -0.787402 1.234613,
-0.374618 -0.393701 1.234613,
-0.336949 -0.787402 1.191929,
-0.336949 -0.393701 1.191929,
-0.297200 -0.787402 1.151176,
-0.297200 -0.393701 1.151176,
-0.255468 -0.787402 1.112455,
-0.255468 -0.393701 1.112455,
-0.211858 -0.787402 1.075862,
-0.211858 -0.393701 1.075862,
-0.166479 -0.787402 1.041488,
-0.166479 -0.393701 1.041488,
-0.119443 -0.787402 1.009419,
-0.119443 -0.393701 1.009419,
-0.070866 -0.787402 0.979735,
-0.070866 -0.393701 0.979735,
-0.020870 -0.787402 0.952509,
-0.020870 -0.393701 0.952509,
0.030420 -0.787402 0.927808,
0.030420 -0.393701 0.927808,
0.082878 -0.787402 0.905695,
0.082878 -0.393701 0.905695,
0.136374 -0.787402 0.886225,
0.136374 -0.393701 0.886225,
0.190773 -0.787402 0.869445,
0.190773 -0.393701 0.869445,
0.245941 -0.787402 0.855397,
0.245941 -0.393701 0.855397,
0.301740 -0.787402 0.844117,
0.301740 -0.393701 0.844117,
0.358033 -0.787402 0.835632,
0.358033 -0.393701 0.835632,
0.414678 -0.787402 0.829964,
0.414678 -0.393701 0.829964,
0.471536 -0.787402 0.827127,
0.471536 -0.393701 0.827127,
0.528464 -0.787402 0.827127,
0.528464 -0.393701 0.827127,
0.585322 -0.787402 0.829964,
0.585322 -0.393701 0.829964,
0.641967 -0.787402 0.835632,
0.641967 -0.393701 0.835632,
0.698260 -0.787402 0.844117,
0.698260 -0.393701 0.844117,
0.754059 -0.787402 0.855397,
0.754059 -0.393701 0.855397,
0.809227 -0.787402 0.869445,
0.809227 -0.393701 0.869445,
0.863626 -0.787402 0.886225,
0.863626 -0.393701 0.886225,
0.917122 -0.787402 0.905695,
0.917122 -0.393701 0.905695,
0.969580 -0.787402 0.927808,
0.969580 -0.393701 0.927808,
1.020870 -0.787402 0.952509,
1.020870 -0.393701 0.952509,
1.070866 -0.787402 0.979735,
1.070866 -0.393701 0.979735,
1.119443 -0.787402 1.009419,
1.119443 -0.393701 1.009419,
1.166479 -0.787402 1.041488,
1.166479 -0.393701 1.041488,
1.211858 -0.787402 1.075862,
1.211858 -0.393701 1.075862,
1.255468 -0.787402 1.112455,
1.255468 -0.393701 1.112455,
1.297200 -0.787402 1.151176,
1.297200 -0.393701 1.151176,
1.336949 -0.787402 1.191929,
1.336949 -0.393701 1.191929,
1.374618 -0.787402 1.234613,
1.374618 -0.393701 1.234613,
1.410112 -0.787402 1.279121,
1.410112 -0.393701 1.279121,
1.443343 -0.787402 1.325343,
1.443343 -0.393701 1.325343,
1.474230 -0.787402 1.373165,
1.474230 -0.393701 1.373165,
1.502694 -0.787402 1.422466,
1.502694 -0.393701 1.422466,
1.528665 -0.787402 1.473125,
1.528665 -0.393701 1.473125,
1.552079 -0.787402 1.525015,
1.552079 -0.393701 1.525015,
1.572877 -0.787402 1.578008,
1.572877 -0.393701 1.578008,
1.591008 -0.787402 1.631972,
1.591008 -0.393701 1.631972,
1.606427 -0.787402 1.686773,
1.606427 -0.393701 1.686773,
1.619095 -0.787402 1.742274,
1.619095 -0.393701 1.742274,
1.628980 -0.787402 1.798338,
1.628980 -0.393701 1.798338,
1.636059 -0.787402 1.854824,
1.636059 -0.393701 1.854824,
1.640313 -0.787402 1.911593,
1.640313 -0.393701 1.911593,
-0.221508 -0.787402 1.299043,
-0.187241 -0.787402 1.263911,
-0.151266 -0.787402 1.230530,
-0.253981 -0.787402 1.335839,
-0.113671 -0.787402 1.198985,
-0.284579 -0.787402 1.374208,
-0.074551 -0.787402 1.169352,
-0.313227 -0.787402 1.414055,
-0.034002 -0.787402 1.141707,
-0.339853 -0.787402 1.455280,
0.007874 -0.787402 1.116117,
-0.364391 -0.787402 1.497782,
0.050974 -0.787402 1.092646,
-0.386780 -0.787402 1.541453,
0.095190 -0.787402 1.071353,
-0.406965 -0.787402 1.586186,
0.140412 -0.787402 1.052290,
-0.424894 -0.787402 1.631870,
0.186529 -0.787402 1.035505,
-0.440524 -0.787402 1.678391,
0.233425 -0.787402 1.021039,
-0.453816 -0.787402 1.725632,
0.280983 -0.787402 1.008929,
-0.464737 -0.787402 1.773478,
0.329086 -0.787402 0.999205,
-0.473259 -0.787402 1.821809,
0.377614 -0.787402 0.991891,
-0.479361 -0.787402 1.870504,
0.426447 -0.787402 0.987004,
-0.483028 -0.787402 1.919443,
0.475462 -0.787402 0.984558,
-0.484252 -0.787402 1.968504,
0.524538 -0.787402 0.984558,
-0.483028 -0.787402 2.017565,
0.573553 -0.787402 0.987004,
-0.479361 -0.787402 2.066504,
0.622386 -0.787402 0.991891,
-0.473259 -0.787402 2.115199,
0.670914 -0.787402 0.999205,
-0.464737 -0.787402 2.163530,
0.719017 -0.787402 1.008929,
-0.453816 -0.787402 2.211375,
0.766575 -0.787402 1.021039,
-0.440524 -0.787402 2.258617,
0.813471 -0.787402 1.035505,
-0.424894 -0.787402 2.305138,
0.859588 -0.787402 1.052290,
-0.406965 -0.787402 2.350822,
0.904810 -0.787402 1.071353,
-0.386780 -0.787402 2.395555,
0.949026 -0.787402 1.092646,
-0.364391 -0.787402 2.439226,
0.992126 -0.787402 1.116117,
-0.339853 -0.787402 2.481728,
1.034002 -0.787402 1.141707,
-0.313227 -0.787402 2.522953,
1.074551 -0.787402 1.169352,
-0.284579 -0.787402 2.562800,
1.113671 -0.787402 1.198985,
-0.253981 -0.787402 2.601169,
1.151266 -0.787402 1.230530,
-0.221508 -0.787402 2.637965,
1.187241 -0.787402 1.263911,
-0.187241 -0.787402 2.673097,
1.221508 -0.787402 1.299043,
-0.151266 -0.787402 2.706478,
1.253981 -0.787402 1.335839,
-0.113671 -0.787402 2.738023,
1.284579 -0.787402 1.374208,
-0.074551 -0.787402 2.767656,
1.313227 -0.787402 1.414055,
1.339853 -0.787402 1.455280,
-0.034002 -0.787402 2.795301,
0.007874 -0.787402 2.820891,
1.364391 -0.787402 1.497782,
1.386780 -0.787402 1.541453,
0.050974 -0.787402 2.844362,
0.095190 -0.787402 2.865655,
0.140412 -0.787402 2.884718,
1.406965 -0.787402 1.586186,
1.424894 -0.787402 1.631870,
0.186529 -0.787402 2.901503,
0.233425 -0.787402 2.915969,
1.440524 -0.787402 1.678391,
0.280983 -0.787402 2.928079,
1.453816 -0.787402 1.725632,
0.329086 -0.787402 2.937803,
1.464737 -0.787402 1.773478,
1.473259 -0.787402 1.821809,
1.479361 -0.787402 1.870504,
0.377614 -0.787402 2.945117,
0.426447 -0.787402 2.950004,
0.475462 -0.787402 2.952450,
1.483028 -0.787402 1.919443,
1.484252 -0.787402 1.968504,
0.524538 -0.787402 2.952450,
1.483028 -0.787402 2.017565,
0.573553 -0.787402 2.950004,
0.622386 -0.787402 2.945117,
1.479361 -0.787402 2.066504,
1.473259 -0.787402 2.115199,
0.670914 -0.787402 2.937803,
1.464737 -0.787402 2.163530,
1.453816 -0.787402 2.211375,
0.719017 -0.787402 2.928079,
0.766575 -0.787402 2.915969,
1.440524 -0.787402 2.258617,
0.813471 -0.787402 2.901503,
1.424894 -0.787402 2.305138,
0.859588 -0.787402 2.884718,
1.406965 -0.787402 2.350822,
1.386780 -0.787402 2.395555,
0.904810 -0.787402 2.865655,
0.949026 -0.787402 2.844362,
0.992126 -0.787402 2.820891,
1.364391 -0.787402 2.439226,
1.339853 -0.787402 2.481728,
1.313227 -0.787402 2.522953,
1.034002 -0.787402 2.795301,
1.284579 -0.787402 2.562800,
1.074551 -0.787402 2.767656,
1.113671 -0.787402 2.738023,
1.151266 -0.787402 2.706478,
1.253981 -0.787402 2.601169,
1.221508 -0.787402 2.637965,
1.187241 -0.787402 2.673097,
1.483066 -2.834646 2.016799,
1.484252 -2.834646 1.968504,
1.479513 -2.834646 2.064978,
1.473599 -2.834646 2.112924,
1.465340 -2.834646 2.160522,
1.454755 -2.834646 2.207658,
1.441870 -2.834646 2.254217,
1.426717 -2.834646 2.300088,
1.409330 -2.834646 2.345161,
1.389753 -2.834646 2.389326,
1.368033 -2.834646 2.432477,
1.344221 -2.834646 2.474511,
1.318376 -2.834646 2.515325,
1.290559 -2.834646 2.554822,
1.260837 -2.834646 2.592907,
1.229283 -2.834646 2.629487,
1.195971 -2.834646 2.664475,
1.160983 -2.834646 2.697787,
1.124403 -2.834646 2.729341,
1.086318 -2.834646 2.759063,
1.046821 -2.834646 2.786880,
1.006007 -2.834646 2.812725,
0.963973 -2.834646 2.836537,
0.920822 -2.834646 2.858257,
0.876657 -2.834646 2.877834,
0.831585 -2.834646 2.895221,
0.785713 -2.834646 2.910374,
0.739154 -2.834646 2.923259,
0.692018 -2.834646 2.933844,
0.644420 -2.834646 2.942103,
0.596474 -2.834646 2.948016,
0.548295 -2.834646 2.951570,
0.500000 -2.834646 2.952756,
0.451705 -2.834646 2.951570,
0.403526 -2.834646 2.948016,
0.355580 -2.834646 2.942103,
0.307982 -2.834646 2.933844,
0.260846 -2.834646 2.923259,
0.214287 -2.834646 2.910374,
0.168415 -2.834646 2.895221,
0.123343 -2.834646 2.877834,
0.079178 -2.834646 2.858257,
0.036027 -2.834646 2.836537,
-0.006007 -2.834646 2.812725,
-0.046821 -2.834646 2.786880,
-0.086318 -2.834646 2.759063,
-0.124403 -2.834646 2.729341,
-0.160983 -2.834646 2.697787,
-0.195971 -2.834646 2.664475,
-0.229283 -2.834646 2.629487,
-0.260837 -2.834646 2.592907,
-0.290559 -2.834646 2.554822,
-0.318376 -2.834646 2.515325,
-0.344221 -2.834646 2.474511,
-0.368033 -2.834646 2.432477,
-0.389753 -2.834646 2.389326,
-0.409330 -2.834646 2.345161,
-0.426717 -2.834646 2.300088,
-0.441870 -2.834646 2.254217,
-0.454755 -2.834646 2.207658,
-0.465340 -2.834646 2.160522,
-0.473599 -2.834646 2.112924,
-0.479513 -2.834646 2.064978,
-0.483066 -2.834646 2.016799,
-0.484252 -2.834646 1.968504,
-0.483066 -2.834646 1.920209,
-0.479513 -2.834646 1.872030,
-0.473599 -2.834646 1.824084,
-0.465340 -2.834646 1.776486,
-0.454755 -2.834646 1.729350,
-0.441870 -2.834646 1.682791,
-0.426717 -2.834646 1.636919,
-0.409330 -2.834646 1.591847,
-0.389753 -2.834646 1.547682,
-0.368033 -2.834646 1.504531,
-0.344221 -2.834646 1.462497,
-0.318376 -2.834646 1.421683,
-0.290559 -2.834646 1.382186,
-0.260837 -2.834646 1.344101,
-0.229283 -2.834646 1.307521,
-0.195971 -2.834646 1.272533,
-0.160983 -2.834646 1.239221,
-0.124403 -2.834646 1.207667,
-0.086318 -2.834646 1.177945,
-0.046821 -2.834646 1.150128,
-0.006007 -2.834646 1.124283,
0.036027 -2.834646 1.100471,
0.079178 -2.834646 1.078751,
0.123343 -2.834646 1.059174,
0.168415 -2.834646 1.041787,
0.214287 -2.834646 1.026634,
0.260846 -2.834646 1.013749,
0.307982 -2.834646 1.003164,
0.355580 -2.834646 0.994905,
0.403526 -2.834646 0.988991,
0.451705 -2.834646 0.985438,
0.500000 -2.834646 0.984252,
0.548295 -2.834646 0.985438,
0.596474 -2.834646 0.988991,
0.644420 -2.834646 0.994905,
0.692018 -2.834646 1.003164,
0.739154 -2.834646 1.013749,
0.785713 -2.834646 1.026634,
0.831585 -2.834646 1.041787,
0.876657 -2.834646 1.059174,
0.920822 -2.834646 1.078751,
0.963973 -2.834646 1.100471,
1.006007 -2.834646 1.124283,
1.046821 -2.834646 1.150128,
1.086318 -2.834646 1.177945,
1.124403 -2.834646 1.207667,
1.160983 -2.834646 1.239221,
1.195971 -2.834646 1.272533,
1.229283 -2.834646 1.307521,
1.260837 -2.834646 1.344101,
1.290559 -2.834646 1.382186,
1.318376 -2.834646 1.421683,
1.344221 -2.834646 1.462497,
1.368033 -2.834646 1.504531,
1.389753 -2.834646 1.547682,
1.409330 -2.834646 1.591847,
1.426717 -2.834646 1.636919,
1.441870 -2.834646 1.682791,
1.454755 -2.834646 1.729350,
1.465340 -2.834646 1.776486,
1.473599 -2.834646 1.824084,
1.479513 -2.834646 1.872030,
1.483066 -2.834646 1.920209,
1.483066 -2.882941 1.968504,
1.481359 -2.901813 2.002774,
1.479513 -2.931119 1.968504,
1.476578 -2.901813 2.071146,
1.467039 -2.901813 2.139019,
1.472709 -2.968668 2.036522,
1.473599 -2.979065 1.968504,
1.452789 -2.901813 2.206061,
1.465595 -2.968668 2.104209,
1.463078 -3.034898 2.002135,
1.465340 -3.026664 1.968504,
1.454755 -3.073799 1.968504,
1.433897 -2.901813 2.271945,
1.453777 -2.968668 2.171235,
1.458386 -3.034898 2.069234,
1.410455 -2.901813 2.336352,
1.437311 -2.968668 2.237274,
1.449025 -3.034898 2.135843,
1.445445 -3.100194 2.034616,
1.441870 -3.120359 1.968504,
1.382578 -2.901813 2.398966,
1.416280 -2.968668 2.302003,
1.435040 -3.034898 2.201636,
1.438530 -3.100194 2.100406,
1.426857 -3.164252 2.000871,
1.426717 -3.166230 1.968504,
1.409330 -3.211303 1.968504,
1.350400 -2.901813 2.459483,
1.390784 -2.968668 2.365107,
1.416500 -3.034898 2.266293,
1.427043 -3.100194 2.165553,
1.422342 -3.164252 2.065446,
1.314080 -2.901813 2.517608,
1.360949 -2.968668 2.426278,
1.393495 -3.034898 2.329499,
1.411039 -3.100194 2.229740,
1.413333 -3.164252 2.129549,
1.273793 -2.901813 2.573057,
1.400568 -3.226773 2.031478,
1.389753 -3.255468 1.968504,
1.326919 -2.968668 2.485220,
1.366137 -3.034898 2.390947,
1.390597 -3.100194 2.292655,
1.399874 -3.164252 2.192868,
1.229737 -2.901813 2.625562,
1.393981 -3.226773 2.094145,
1.288860 -2.968668 2.541644,
1.373370 -3.287466 1.999003,
1.368033 -3.298619 1.968504,
1.334559 -3.034898 2.450337,
1.365816 -3.100194 2.353990,
1.382031 -3.164252 2.255093,
1.182125 -2.901813 2.674865,
1.383039 -3.226773 2.156200,
1.246958 -2.968668 2.595276,
1.369115 -3.287466 2.059852,
1.298915 -3.034898 2.507379,
1.336816 -3.100194 2.413447,
1.359891 -3.164252 2.315922,
1.131190 -2.901813 2.720727,
1.367795 -3.226773 2.217340,
1.201417 -2.968668 2.645855,
1.360626 -3.287466 2.120256,
1.259379 -3.034898 2.561796,
1.338915 -3.346047 2.027167,
1.344221 -3.340652 1.968504,
1.318376 -3.381467 1.968504,
1.303740 -3.100194 2.470737,
1.333562 -3.164252 2.375059,
1.077180 -2.901813 2.762924,
1.348324 -3.226773 2.277268,
1.152459 -2.968668 2.693133,
1.347944 -3.287466 2.179920,
1.216143 -3.034898 2.613322,
1.332780 -3.346047 2.085544,
1.266748 -3.100194 2.525579,
1.303614 -3.402244 1.996567,
1.290559 -3.420964 1.968504,
1.303171 -3.164252 2.432215,
1.020358 -2.901813 2.801251,
1.324719 -3.226773 2.335692,
1.100322 -2.968668 2.736881,
1.331131 -3.287466 2.238555,
1.169418 -3.034898 2.661707,
1.322587 -3.346047 2.143350,
1.226021 -3.100194 2.577708,
1.299699 -3.402244 2.052556,
1.268868 -3.164252 2.487112,
0.961001 -2.901813 2.835521,
1.297096 -3.226773 2.392327,
1.045260 -2.968668 2.776886,
1.310269 -3.287466 2.295874,
1.119432 -3.034898 2.706714,
1.308386 -3.346047 2.200305,
1.181757 -3.100194 2.626869,
1.291888 -3.402244 2.108135,
1.230819 -3.164252 2.539482,
0.899398 -2.901813 2.865567,
1.261636 -3.455795 2.021763,
1.260837 -3.459049 1.968504,
1.229283 -3.495629 1.968504,
1.265590 -3.226773 2.446898,
0.987542 -2.968668 2.812952,
1.285459 -3.287466 2.351598,
1.066428 -3.034898 2.748126,
1.290248 -3.346047 2.256131,
1.134171 -3.100194 2.672822,
1.280219 -3.402244 2.163034,
1.189209 -3.164252 2.589070,
0.835849 -2.901813 2.891242,
1.256065 -3.455795 2.074762,
1.230354 -3.226773 2.499137,
0.927449 -2.968668 2.844904,
1.218889 -3.506450 1.993608,
1.195971 -3.530617 1.968504,
1.256822 -3.287466 2.405455,
1.010665 -3.034898 2.785739,
1.268259 -3.346047 2.310555,
1.083495 -3.100194 2.715344,
1.264749 -3.402244 2.216986,
1.144242 -3.164252 2.635636,
0.770664 -2.901813 2.912422,
1.246811 -3.455795 2.127244,
1.191560 -3.226773 2.548791,
0.865273 -2.968668 2.872587,
1.215386 -3.506450 2.043694,
1.224498 -3.287466 2.457184,
0.952414 -3.034898 2.819370,
1.242527 -3.346047 2.363313,
1.029977 -3.100194 2.754227,
1.245552 -3.402244 2.269727,
1.096135 -3.164252 2.678951,
0.704160 -2.901813 2.929003,
1.233919 -3.455795 2.178952,
1.149396 -3.226773 2.595619,
0.801318 -2.968668 2.895864,
1.208399 -3.506450 2.093414,
1.188645 -3.287466 2.506532,
0.891958 -3.034898 2.848856,
1.170168 -3.553972 2.015367,
1.160983 -3.563928 1.968504,
1.213178 -3.346047 2.414147,
0.973877 -3.100194 2.789282,
1.222724 -3.402244 2.321000,
1.045125 -3.164252 2.718804,
0.636662 -2.901813 2.940905,
1.217451 -3.455795 2.229635,
1.104069 -3.226773 2.639391,
0.735894 -2.968668 2.914624,
1.197960 -3.506450 2.142525,
1.149436 -3.287466 2.553259,
0.829593 -3.034898 2.874053,
1.165266 -3.553972 2.062001,
1.180354 -3.346047 2.462810,
0.915468 -3.100194 2.820339,
1.120771 -3.598141 1.990182,
1.124403 -3.595483 1.968504,
1.086318 -3.625204 1.968504,
1.196375 -3.402244 2.370556,
0.991459 -3.164252 2.755003,
0.568498 -2.901813 2.948069,
1.197488 -3.455795 2.279045,
1.055799 -3.226773 2.679894,
0.669322 -2.968668 2.928775,
1.184120 -3.506450 2.190788,
1.107064 -3.287466 2.597137,
0.765622 -3.034898 2.894839,
1.157124 -3.553972 2.108180,
1.144216 -3.346047 2.509065,
0.855035 -3.100194 2.847245,
1.117747 -3.598141 2.033432,
1.166633 -3.402244 2.418153,
0.935398 -3.164252 2.787369,
0.500000 -2.901813 2.950461,
1.174126 -3.455795 2.326943,
1.004821 -3.226773 2.716932,
0.601924 -2.968668 2.938247,
1.166948 -3.506450 2.237968,
1.061734 -3.287466 2.637952,
0.700357 -3.034898 2.911111,
1.145780 -3.553972 2.153678,
1.104939 -3.346047 2.552687,
0.792872 -3.100194 2.869871,
1.111713 -3.598141 2.076365,
1.133643 -3.402244 2.463560,
0.877217 -3.164252 2.815746,
1.066216 -3.638750 2.008098,
1.046821 -3.653021 1.968504,
0.431502 -2.901813 2.948069,
1.147481 -3.455795 2.373095,
0.951384 -3.226773 2.750323,
0.534030 -2.968668 2.942995,
1.146527 -3.506450 2.283836,
1.013667 -3.287466 2.675506,
0.634116 -3.034898 2.922791,
1.131290 -3.553972 2.198275,
1.062715 -3.346047 2.593462,
0.729282 -3.100194 2.888105,
1.102699 -3.598141 2.118774,
1.097566 -3.402244 2.506555,
0.817197 -3.164252 2.839996,
1.062075 -3.638750 2.047498,
0.363338 -2.901813 2.940905,
1.117681 -3.455795 2.417275,
0.895747 -3.226773 2.779906,
1.011090 -3.675610 1.986352,
1.006007 -3.678867 1.968504,
0.963973 -3.702678 1.968504,
0.465970 -2.968668 2.942995,
1.122955 -3.506450 2.328167,
0.963098 -3.287466 2.709616,
0.567222 -3.034898 2.929822,
1.113724 -3.553972 2.241751,
1.017749 -3.346047 2.631193,
0.664576 -3.100194 2.901859,
1.090748 -3.598141 2.160450,
1.058578 -3.402244 2.546928,
0.755632 -3.164252 2.859999,
1.055195 -3.638750 2.086514,
0.295840 -2.901813 2.929003,
1.084871 -3.455795 2.459269,
0.838182 -3.226773 2.805535,
1.008600 -3.675610 2.021960,
0.398076 -2.968668 2.938247,
1.096349 -3.506450 2.370746,
0.910273 -3.287466 2.740114,
0.500000 -3.034898 2.932169,
1.093168 -3.553972 2.283897,
0.970261 -3.346047 2.665695,
0.599067 -3.100194 2.911065,
1.075920 -3.598141 2.201191,
1.016868 -3.402244 2.584484,
0.692822 -3.164252 2.875660,
1.045611 -3.638750 2.124955,
0.229336 -2.901813 2.912422,
1.049213 -3.455795 2.498872,
0.778970 -3.226773 2.827086,
1.003632 -3.675610 2.057308,
0.330678 -2.968668 2.928775,
1.066837 -3.506450 2.411366,
0.855448 -3.287466 2.766854,
0.951717 -3.708548 2.000091,
0.920822 -3.724399 1.968504,
0.432778 -3.034898 2.929822,
1.069722 -3.553972 2.324506,
0.920482 -3.346047 2.696800,
0.533076 -3.100194 2.915680,
1.058286 -3.598141 2.240798,
0.972641 -3.402244 2.619038,
0.629072 -3.164252 2.886900,
1.033368 -3.638750 2.162634,
0.164151 -2.901813 2.891242,
1.010878 -3.455795 2.535892,
0.718399 -3.226773 2.844455,
0.996211 -3.675610 2.092223,
0.264106 -2.968668 2.914624,
1.034564 -3.506450 2.449827,
0.798892 -3.287466 2.789704,
0.948413 -3.708548 2.031524,
0.365884 -3.034898 2.922791,
1.043501 -3.553972 2.363381,
0.868654 -3.346047 2.724357,
0.891888 -3.737413 1.982189,
0.876657 -3.743976 1.968504,
0.466924 -3.100194 2.915680,
1.037931 -3.598141 2.279079,
0.926110 -3.402244 2.650423,
0.564694 -3.164252 2.893667,
1.018527 -3.638750 2.199367,
0.100602 -2.901813 2.865567,
0.970055 -3.455795 2.570146,
0.656764 -3.226773 2.857556,
0.986372 -3.675610 2.126536,
0.198682 -2.968668 2.895864,
0.999686 -3.506450 2.485944,
0.740880 -3.287466 2.808553,
0.942925 -3.708548 2.062650,
0.299643 -3.034898 2.911111,
1.014632 -3.553972 2.400331,
0.815031 -3.346047 2.748232,
0.889979 -3.737413 2.009492,
0.400933 -3.100194 2.911065,
1.014956 -3.598141 2.315846,
0.877504 -3.402244 2.678486,
0.500000 -3.164252 2.895926,
1.001160 -3.638750 2.234975,
0.038999 -2.901813 2.835521,
0.926941 -3.455795 2.601470,
0.594365 -3.226773 2.866326,
0.974163 -3.675610 2.160078,
0.134727 -2.968668 2.872587,
0.962374 -3.506450 2.519540,
0.681695 -3.287466 2.823310,
0.935278 -3.708548 2.093318,
0.234378 -3.034898 2.894839,
0.983256 -3.553972 2.435178,
0.759872 -3.346047 2.768308,
0.886170 -3.737413 2.036596,
0.335424 -3.100194 2.901859,
0.989473 -3.598141 2.350922,
0.827059 -3.402244 2.703090,
0.828803 -3.762068 1.991496,
0.831585 -3.761362 1.968504,
0.785713 -3.776516 1.968504,
0.435306 -3.164252 2.893667,
0.981351 -3.638750 2.269285,
-0.020358 -2.901813 2.801251,
0.881748 -3.455795 2.629710,
0.531506 -3.226773 2.870721,
0.959645 -3.675610 2.192688,
0.072551 -2.968668 2.844904,
0.922810 -3.506450 2.550451,
0.621624 -3.287466 2.833902,
0.925512 -3.708548 2.123377,
0.170407 -3.034898 2.874053,
0.949525 -3.553972 2.467752,
0.703448 -3.346047 2.784488,
0.880479 -3.737413 2.063368,
0.270718 -3.100194 2.888105,
0.961604 -3.598141 2.384134,
0.775020 -3.402244 2.724115,
0.826398 -3.762068 2.014376,
0.370928 -3.164252 2.886900,
0.959197 -3.638750 2.302130,
-0.077180 -2.901813 2.762924,
0.834694 -3.455795 2.654729,
0.765386 -3.782399 1.977771,
0.739154 -3.789401 1.968504,
0.468494 -3.226773 2.870721,
0.942887 -3.675610 2.224205,
0.012458 -2.968668 2.812952,
0.881185 -3.506450 2.578528,
0.560960 -3.287466 2.840278,
0.913672 -3.708548 2.152682,
0.108042 -3.034898 2.848856,
0.913604 -3.553972 2.497893,
0.646032 -3.346047 2.796692,
0.872935 -3.737413 2.089678,
0.207128 -3.100194 2.869871,
0.931487 -3.598141 2.415322,
0.721641 -3.402244 2.741459,
0.822403 -3.762068 2.037033,
0.307178 -3.164252 2.875660,
0.934806 -3.638750 2.333349,
-0.131190 -2.901813 2.720727,
0.786010 -3.455795 2.676405,
0.764093 -3.782399 1.996261,
0.405635 -3.226773 2.866326,
0.923971 -3.675610 2.254476,
-0.045260 -2.968668 2.776886,
0.837703 -3.506450 2.603632,
0.500000 -3.287466 2.842407,
0.899816 -3.708548 2.181090,
0.047586 -3.034898 2.819370,
0.875668 -3.553972 2.525455,
0.587905 -3.346047 2.804861,
0.863574 -3.737413 2.115397,
0.144965 -3.100194 2.847245,
0.899267 -3.598141 2.444332,
0.667183 -3.402244 2.755037,
0.816838 -3.762068 2.059356,
0.244368 -3.164252 2.859999,
0.908296 -3.638750 2.362791,
-0.182125 -2.901813 2.674865,
0.735933 -3.455795 2.694631,
0.761514 -3.782399 2.014616,
0.343236 -3.226773 2.857556,
0.902990 -3.675610 2.283354,
-0.100322 -2.968668 2.736881,
0.792577 -3.506450 2.625642,
0.699764 -3.798311 1.982473,
0.692018 -3.799986 1.968504,
0.644420 -3.808245 1.968504,
0.439040 -3.287466 2.840278,
0.884013 -3.708548 2.208462,
-0.010665 -3.034898 2.785739,
0.835902 -3.553972 2.550304,
0.529349 -3.346047 2.808956,
0.852441 -3.737413 2.140401,
0.084532 -3.100194 2.820339,
0.865103 -3.598141 2.471024,
0.611910 -3.402244 2.764783,
0.809728 -3.762068 2.081236,
0.182803 -3.164252 2.839996,
0.879798 -3.638750 2.390312,
-0.229737 -2.901813 2.625562,
0.684706 -3.455795 2.709320,
0.757660 -3.782399 2.032746,
0.281601 -3.226773 2.844455,
0.880045 -3.675610 2.310698,
-0.152459 -2.968668 2.693133,
0.746024 -3.506450 2.644450,
0.698303 -3.798311 1.996374,
0.378376 -3.287466 2.833902,
0.866339 -3.708548 2.234665,
-0.066428 -3.034898 2.748126,
0.794500 -3.553972 2.572318,
0.633941 -3.809730 1.973181,
0.596474 -3.814158 1.968504,
0.470651 -3.346047 2.808956,
0.839592 -3.737413 2.164567,
0.026123 -3.100194 2.789282,
0.829159 -3.598141 2.495269,
0.556091 -3.402244 2.770649,
0.801110 -3.762068 2.102567,
0.122783 -3.164252 2.815746,
0.849449 -3.638750 2.415778,
-0.273793 -2.901813 2.573057,
0.632580 -3.455795 2.720400,
0.752551 -3.782399 2.050563,
0.221030 -3.226773 2.827086,
0.855249 -3.675610 2.336375,
-0.201417 -2.968668 2.645855,
0.698273 -3.506450 2.659965,
0.695876 -3.798311 2.010139,
0.318305 -3.287466 2.823310,
0.846880 -3.708548 2.259571,
-0.119432 -3.034898 2.706714,
0.751662 -3.553972 2.591390,
0.633288 -3.809730 1.982513,
0.412095 -3.346047 2.804861,
0.825088 -3.737413 2.187779,
-0.029977 -3.100194 2.754227,
0.791612 -3.598141 2.516946,
0.500000 -3.402244 2.772608,
0.791025 -3.762068 2.123245,
0.064602 -3.164252 2.787369,
0.817397 -3.638750 2.439065,
-0.314080 -2.901813 2.517608,
0.579807 -3.455795 2.727817,
0.746212 -3.782399 2.067980,
0.161818 -3.226773 2.805535,
0.828723 -3.675610 2.360260,
-0.246958 -2.968668 2.595276,
0.649556 -3.506450 2.672112,
0.692495 -3.798311 2.023701,
0.259120 -3.287466 2.808553,
0.825731 -3.708548 2.283059,
-0.169418 -3.034898 2.661707,
0.707599 -3.553972 2.607428,
0.631986 -3.809730 1.991777,
0.353968 -3.346047 2.796692,
0.809000 -3.737413 2.209921,
-0.083495 -3.100194 2.715344,
0.752644 -3.598141 2.535952,
0.567004 -3.816603 1.973189,
0.548295 -3.817712 1.968504,
0.500000 -3.818898 1.968504,
0.443909 -3.402244 2.770649,
0.779522 -3.762068 2.143168,
0.008541 -3.164252 2.755003,
0.783799 -3.638750 2.460059,
-0.350400 -2.901813 2.459483,
0.526646 -3.455795 2.731534,
0.738673 -3.782399 2.084913,
0.104253 -3.226773 2.779906,
0.800594 -3.675610 2.382236,
-0.288860 -2.968668 2.541644,
0.600111 -3.506450 2.680830,
0.688175 -3.798311 2.036994,
0.201108 -3.287466 2.789704,
0.802996 -3.708548 2.305015,
-0.216143 -3.034898 2.613322,
0.662524 -3.553972 2.620353,
0.630041 -3.809730 2.000927,
0.296552 -3.346047 2.784488,
0.791407 -3.737413 2.230888,
-0.134171 -3.100194 2.672822,
0.712446 -3.598141 2.552194,
0.566514 -3.816603 1.977852,
0.388090 -3.402244 2.764783,
0.766657 -3.762068 2.162241,
-0.045125 -3.164252 2.718804,
0.748819 -3.638750 2.478658,
-0.382578 -2.901813 2.398966,
0.473354 -3.455795 2.731534,
0.729971 -3.782399 2.101278,
0.048616 -3.226773 2.750323,
0.771002 -3.675610 2.402197,
-0.326919 -2.968668 2.485220,
0.550178 -3.506450 2.686078,
0.682939 -3.798311 2.049954,
0.144552 -3.287466 2.766854,
0.778784 -3.708548 2.325331,
-0.259379 -3.034898 2.561796,
0.616658 -3.553972 2.630102,
0.627463 -3.809730 2.009919,
0.240128 -3.346047 2.768308,
0.772394 -3.737413 2.250577,
-0.181757 -3.100194 2.626869,
0.671212 -3.598141 2.565591,
0.565700 -3.816603 1.982469,
0.332817 -3.402244 2.755037,
0.752493 -3.762068 2.180371,
-0.096135 -3.164252 2.678951,
0.712626 -3.638750 2.494772,
-0.410455 -2.901813 2.336352,
0.420193 -3.455795 2.727817,
0.720149 -3.782399 2.116996,
-0.004821 -3.226773 2.716932,
0.740088 -3.675610 2.420045,
-0.360949 -2.968668 2.426278,
0.500000 -3.506450 2.687831,
0.676812 -3.798311 2.062517,
0.089727 -3.287466 2.740114,
0.753214 -3.708548 2.343909,
-0.298915 -3.034898 2.507379,
0.570223 -3.553972 2.636628,
0.624263 -3.809730 2.018710,
0.184969 -3.346047 2.748232,
0.752054 -3.737413 2.268891,
-0.226021 -3.100194 2.577708,
0.629144 -3.598141 2.576080,
0.564566 -3.816603 1.987018,
0.278359 -3.402244 2.741459,
0.737099 -3.762068 2.197467,
-0.144242 -3.164252 2.635636,
0.675398 -3.638750 2.508322,
-0.433897 -2.901813 2.271945,
0.367420 -3.455795 2.720400,
0.709255 -3.782399 2.131992,
-0.055799 -3.226773 2.679894,
0.708006 -3.675610 2.435692,
-0.390784 -2.968668 2.365107,
0.449822 -3.506450 2.686078,
0.669823 -3.798311 2.074621,
0.036902 -3.287466 2.709616,
0.726410 -3.708548 2.360657,
-0.334559 -3.034898 2.450337,
0.523446 -3.553972 2.639899,
0.620458 -3.809730 2.027255,
0.131346 -3.346047 2.724357,
0.730487 -3.737413 2.285741,
-0.266748 -3.100194 2.525579,
0.586447 -3.598141 2.583609,
0.563117 -3.816603 1.991477,
0.224980 -3.402244 2.724115,
0.720549 -3.762068 2.213449,
-0.189209 -3.164252 2.589070,
0.637315 -3.638750 2.519243,
-0.452789 -2.901813 2.206061,
0.315294 -3.455795 2.709320,
0.697341 -3.782399 2.146190,
-0.104069 -3.226773 2.639391,
0.674910 -3.675610 2.449064,
-0.416280 -2.968668 2.302003,
0.399889 -3.506450 2.680830,
0.662007 -3.798311 2.086209,
-0.013667 -3.287466 2.675506,
0.698503 -3.708548 2.375496,
-0.366137 -3.034898 2.390947,
0.476554 -3.553972 2.639899,
0.616067 -3.809730 2.035515,
0.079518 -3.346047 2.696800,
0.707796 -3.737413 2.301047,
-0.303740 -3.100194 2.470737,
0.543329 -3.598141 2.588140,
0.561361 -3.816603 1.995824,
0.172941 -3.402244 2.703090,
0.702926 -3.762068 2.228237,
-0.230819 -3.164252 2.539482,
0.598562 -3.638750 2.527480,
-0.467039 -2.901813 2.139019,
0.264067 -3.455795 2.694631,
0.684465 -3.782399 2.159523,
-0.149396 -3.226773 2.595619,
0.640961 -3.675610 2.460095,
-0.437311 -2.968668 2.237274,
0.350444 -3.506450 2.672112,
0.653402 -3.798311 2.097223,
-0.061734 -3.287466 2.637952,
0.669629 -3.708548 2.388351,
-0.393495 -3.034898 2.329499,
0.429777 -3.553972 2.636628,
0.611110 -3.809730 2.043448,
0.029739 -3.346047 2.665695,
0.684093 -3.737413 2.314732,
-0.336816 -3.100194 2.413447,
0.500000 -3.598141 2.589653,
0.559306 -3.816603 2.000037,
0.122496 -3.402244 2.678486,
0.684313 -3.762068 2.241760,
-0.268868 -3.164252 2.487112,
0.559330 -3.638750 2.532993,
-0.476578 -2.901813 2.071146,
0.213990 -3.455795 2.676405,
0.670691 -3.782399 2.171926,
-0.191560 -3.226773 2.548791,
0.606326 -3.675610 2.468730,
-0.453777 -2.968668 2.171235,
0.301727 -3.506450 2.659965,
0.644049 -3.798311 2.107611,
-0.107064 -3.287466 2.597137,
0.639929 -3.708548 2.399161,
-0.416500 -3.034898 2.266293,
0.383342 -3.553972 2.630102,
0.605611 -3.809730 2.051016,
-0.017749 -3.346047 2.631193,
0.659492 -3.737413 2.326730,
-0.365816 -3.100194 2.353990,
0.456671 -3.598141 2.588140,
0.556961 -3.816603 2.004097,
0.073890 -3.402244 2.650423,
0.664803 -3.762068 2.253951,
-0.303171 -3.164252 2.432215,
0.519809 -3.638750 2.535757,
-0.481359 -2.901813 2.002774,
0.165306 -3.455795 2.654729,
0.656085 -3.782399 2.183337,
-0.230354 -3.226773 2.499137,
0.571173 -3.675610 2.474929,
-0.465595 -2.968668 2.104209,
0.253976 -3.506450 2.644450,
0.633995 -3.798311 2.117320,
-0.149436 -3.287466 2.553259,
0.609547 -3.708548 2.407873,
-0.435040 -3.034898 2.201636,
0.337476 -3.553972 2.620353,
0.599598 -3.809730 2.058182,
-0.062715 -3.346047 2.593462,
0.634115 -3.737413 2.336983,
-0.390597 -3.100194 2.292655,
0.413553 -3.598141 2.583609,
0.554340 -3.816603 2.007984,
0.027359 -3.402244 2.619038,
0.644490 -3.762068 2.264752,
-0.333562 -3.164252 2.375059,
0.480191 -3.638750 2.535757,
-0.481359 -2.901813 1.934234,
0.118252 -3.455795 2.629710,
0.640719 -3.782399 2.193701,
-0.265590 -3.226773 2.446898,
0.535674 -3.675610 2.478660,
-0.472709 -2.968668 2.036522,
0.207423 -3.506450 2.625642,
0.623287 -3.798311 2.126305,
-0.188645 -3.287466 2.506532,
0.578631 -3.708548 2.414445,
-0.449025 -3.034898 2.135843,
0.292401 -3.553972 2.607428,
0.593100 -3.809730 2.064912,
-0.104939 -3.346047 2.552687,
0.608085 -3.737413 2.345441,
-0.411039 -3.100194 2.229740,
0.370856 -3.598141 2.576080,
0.551453 -3.816603 2.011679,
-0.016868 -3.402244 2.584484,
0.623473 -3.762068 2.274109,
-0.359891 -3.164252 2.315922,
0.440670 -3.638750 2.532993,
-0.476578 -2.901813 1.865861,
0.073059 -3.455795 2.601470,
0.624667 -3.782399 2.202969,
-0.297096 -3.226773 2.392327,
0.500000 -3.675610 2.479905,
-0.475085 -2.968668 1.968504,
0.162297 -3.506450 2.603632,
0.611979 -3.798311 2.134520,
-0.224498 -3.287466 2.457184,
0.547333 -3.708548 2.418843,
-0.458386 -3.034898 2.069234,
0.248338 -3.553972 2.591390,
0.586148 -3.809730 2.071171,
-0.144216 -3.346047 2.509065,
0.581528 -3.737413 2.352062,
-0.427043 -3.100194 2.165553,
0.328788 -3.598141 2.565591,
0.548316 -3.816603 2.015163,
-0.058578 -3.402244 2.546928,
0.601854 -3.762068 2.281978,
-0.382031 -3.164252 2.255093,
0.401438 -3.638750 2.527480,
-0.467039 -2.901813 1.797989,
0.029945 -3.455795 2.570146,
0.608008 -3.782399 2.211094,
-0.324719 -3.226773 2.335692,
0.464326 -3.675610 2.478660,
-0.472709 -2.968668 1.900485,
0.118815 -3.506450 2.578528,
0.600126 -3.798311 2.141927,
-0.256822 -3.287466 2.405455,
0.515803 -3.708548 2.421048,
-0.463078 -3.034898 2.002135,
0.205500 -3.553972 2.572318,
0.578776 -3.809730 2.076930,
-0.180354 -3.346047 2.462810,
0.554574 -3.737413 2.356815,
-0.438530 -3.100194 2.100406,
0.287554 -3.598141 2.552194,
0.544944 -3.816603 2.018419,
-0.097566 -3.402244 2.506555,
0.579739 -3.762068 2.288319,
-0.399874 -3.164252 2.192868,
0.362685 -3.638750 2.519243,
-0.452789 -2.901813 1.730947,
-0.010878 -3.455795 2.535892,
0.590823 -3.782399 2.218037,
-0.348324 -3.226773 2.277268,
0.428827 -3.675610 2.474929,
-0.465595 -2.968668 1.832798,
0.077190 -3.506450 2.550451,
0.587785 -3.798311 2.148489,
-0.285459 -3.287466 2.351598,
0.484197 -3.708548 2.421048,
-0.463078 -3.034898 1.934872,
0.164098 -3.553972 2.550304,
0.571021 -3.809730 2.082161,
-0.213178 -3.346047 2.414147,
0.527353 -3.737413 2.359676,
-0.445445 -3.100194 2.034616,
0.247356 -3.598141 2.535952,
0.541353 -3.816603 2.021433,
-0.133643 -3.402244 2.463560,
0.557235 -3.762068 2.293102,
-0.413333 -3.164252 2.129549,
0.324602 -3.638750 2.508322,
-0.433897 -2.901813 1.665062,
-0.049213 -3.455795 2.498872,
0.573195 -3.782399 2.223765,
-0.367795 -3.226773 2.217340,
0.393674 -3.675610 2.468730,
-0.453777 -2.968668 1.765772,
0.037626 -3.506450 2.519540,
0.575016 -3.798311 2.154174,
-0.310269 -3.287466 2.295874,
0.452667 -3.708548 2.418843,
-0.458386 -3.034898 1.867773,
0.124332 -3.553972 2.525455,
0.562920 -3.809730 2.086839,
-0.242527 -3.346047 2.363313,
0.500000 -3.737413 2.360631,
-0.447753 -3.100194 1.968504,
0.208388 -3.598141 2.516946,
0.537560 -3.816603 2.024189,
-0.166633 -3.402244 2.418153,
0.534453 -3.762068 2.296304,
-0.422342 -3.164252 2.065446,
0.287374 -3.638750 2.494772,
-0.410455 -2.901813 1.600656,
-0.084871 -3.455795 2.459269,
0.555211 -3.782399 2.228249,
-0.383039 -3.226773 2.156200,
0.359039 -3.675610 2.460095,
-0.437311 -2.968668 1.699734,
0.000314 -3.506450 2.485944,
0.561881 -3.798311 2.158955,
-0.331131 -3.287466 2.238555,
0.421369 -3.708548 2.414445,
-0.449025 -3.034898 1.801165,
0.086396 -3.553972 2.497893,
0.554512 -3.809730 2.090939,
-0.268259 -3.346047 2.310555,
0.472647 -3.737413 2.359676,
-0.445445 -3.100194 1.902392,
0.170841 -3.598141 2.495269,
0.533584 -3.816603 2.026673,
-0.196375 -3.402244 2.370556,
0.511503 -3.762068 2.297909,
-0.426857 -3.164252 2.000871,
0.251181 -3.638750 2.478658,
-0.382578 -2.901813 1.538042,
-0.117681 -3.455795 2.417275,
0.536957 -3.782399 2.231468,
-0.393981 -3.226773 2.094145,
0.325090 -3.675610 2.449064,
-0.416280 -2.968668 1.635005,
-0.034564 -3.506450 2.449827,
0.548445 -3.798311 2.162808,
-0.347944 -3.287466 2.179920,
0.390453 -3.708548 2.407873,
-0.435040 -3.034898 1.735372,
0.050475 -3.553972 2.467752,
0.545838 -3.809730 2.094444,
-0.290248 -3.346047 2.256131,
0.445426 -3.737413 2.356815,
-0.438530 -3.100194 1.836602,
0.134897 -3.598141 2.471024,
0.529444 -3.816603 2.028874,
-0.222724 -3.402244 2.321000,
0.488497 -3.762068 2.297909,
-0.426857 -3.164252 1.936137,
0.216201 -3.638750 2.460059,
-0.350400 -2.901813 1.477525,
-0.147481 -3.455795 2.373095,
0.518524 -3.782399 2.233405,
-0.400568 -3.226773 2.031478,
0.291994 -3.675610 2.435692,
-0.390784 -2.968668 1.571901,
-0.066837 -3.506450 2.411366,
0.534773 -3.798311 2.165714,
-0.360626 -3.287466 2.120256,
0.360071 -3.708548 2.399161,
-0.416500 -3.034898 1.670715,
0.016744 -3.553972 2.435178,
0.536942 -3.809730 2.097334,
-0.308386 -3.346047 2.200305,
0.418472 -3.737413 2.352062,
-0.427043 -3.100194 1.771455,
0.100733 -3.598141 2.444332,
0.525161 -3.816603 2.030781,
-0.245552 -3.402244 2.269727,
0.465547 -3.762068 2.296304,
-0.422342 -3.164252 1.871562,
0.182603 -3.638750 2.439065,
-0.314080 -2.901813 1.419400,
-0.174126 -3.455795 2.326943,
0.500000 -3.782399 2.234052,
-0.402767 -3.226773 1.968504,
0.259912 -3.675610 2.420045,
-0.360949 -2.968668 1.510729,
-0.096349 -3.506450 2.370746,
0.520932 -3.798311 2.167659,
-0.369115 -3.287466 2.059852,
0.330371 -3.708548 2.388351,
-0.393495 -3.034898 1.607509,
-0.014632 -3.553972 2.400331,
0.527865 -3.809730 2.099598,
-0.322587 -3.346047 2.143350,
0.391915 -3.737413 2.345441,
-0.411039 -3.100194 1.707268,
0.068513 -3.598141 2.415322,
0.520756 -3.816603 2.032384,
-0.264749 -3.402244 2.216986,
0.442765 -3.762068 2.293102,
-0.413333 -3.164252 1.807459,
0.150551 -3.638750 2.415778,
-0.273793 -2.901813 1.363951,
-0.197488 -3.455795 2.279045,
0.481476 -3.782399 2.233405,
-0.400568 -3.226773 1.905530,
0.228998 -3.675610 2.402197,
-0.326919 -2.968668 1.451788,
-0.122955 -3.506450 2.328167,
0.506989 -3.798311 2.168634,
-0.373370 -3.287466 1.999003,
0.301497 -3.708548 2.375496,
-0.366137 -3.034898 1.546061,
-0.043501 -3.553972 2.363381,
0.518652 -3.809730 2.101222,
-0.332780 -3.346047 2.085544,
0.365885 -3.737413 2.336983,
-0.390597 -3.100194 1.644353,
0.038396 -3.598141 2.384134,
0.516249 -3.816603 2.033676,
-0.280219 -3.402244 2.163034,
0.420261 -3.762068 2.288319,
-0.399874 -3.164252 1.744140,
0.120202 -3.638750 2.390312,
-0.229737 -2.901813 1.311446,
-0.217451 -3.455795 2.229635,
0.463043 -3.782399 2.231468,
-0.393981 -3.226773 1.842863,
0.199406 -3.675610 2.382236,
-0.288860 -2.968668 1.395364,
-0.146527 -3.506450 2.283836,
0.493011 -3.798311 2.168634,
-0.373370 -3.287466 1.938005,
0.273590 -3.708548 2.360657,
-0.334559 -3.034898 1.486671,
-0.069722 -3.553972 2.324506,
0.509349 -3.809730 2.102200,
-0.338915 -3.346047 2.027167,
0.340508 -3.737413 2.326730,
-0.365816 -3.100194 1.583018,
0.010527 -3.598141 2.350922,
0.511664 -3.816603 2.034651,
-0.291888 -3.402244 2.108135,
0.398146 -3.762068 2.281978,
-0.382031 -3.164252 1.681915,
0.091704 -3.638750 2.362791,
-0.182125 -2.901813 1.262143,
-0.233919 -3.455795 2.178952,
0.444789 -3.782399 2.228249,
-0.383039 -3.226773 1.780808,
0.171277 -3.675610 2.360260,
-0.246958 -2.968668 1.341732,
-0.166948 -3.506450 2.237968,
0.479068 -3.798311 2.167659,
-0.369115 -3.287466 1.877156,
0.246786 -3.708548 2.343909,
-0.298915 -3.034898 1.429629,
-0.093168 -3.553972 2.283897,
0.500000 -3.809730 2.102526,
-0.340964 -3.346047 1.968504,
0.315907 -3.737413 2.314732,
-0.336816 -3.100194 1.523561,
-0.014956 -3.598141 2.315846,
0.507021 -3.816603 2.035304,
-0.299699 -3.402244 2.052556,
0.376527 -3.762068 2.274109,
-0.359891 -3.164252 1.621085,
0.065194 -3.638750 2.333349,
-0.131190 -2.901813 1.216281,
-0.246811 -3.455795 2.127244,
0.426805 -3.782399 2.223765,
-0.367795 -3.226773 1.719668,
0.144751 -3.675610 2.336375,
-0.201417 -2.968668 1.291153,
-0.184120 -3.506450 2.190788,
0.465227 -3.798311 2.165714,
-0.360626 -3.287466 1.816752,
0.221216 -3.708548 2.325331,
-0.259379 -3.034898 1.375212,
-0.113724 -3.553972 2.241751,
0.490651 -3.809730 2.102200,
-0.338915 -3.346047 1.909841,
0.292204 -3.737413 2.301047,
-0.303740 -3.100194 1.466271,
-0.037931 -3.598141 2.279079,
0.502344 -3.816603 2.035631,
-0.303614 -3.402244 1.996567,
0.355510 -3.762068 2.264752,
-0.333562 -3.164252 1.561949,
0.040803 -3.638750 2.302130,
-0.077180 -2.901813 1.174084,
-0.256065 -3.455795 2.074762,
0.409177 -3.782399 2.218037,
-0.348324 -3.226773 1.659739,
0.119955 -3.675610 2.310698,
-0.152459 -2.968668 1.243875,
-0.197960 -3.506450 2.142525,
0.451555 -3.798311 2.162808,
-0.347944 -3.287466 1.757088,
0.197004 -3.708548 2.305015,
-0.216143 -3.034898 1.323686,
-0.131290 -3.553972 2.198275,
0.481348 -3.809730 2.101222,
-0.332780 -3.346047 1.851464,
0.269513 -3.737413 2.285741,
-0.266748 -3.100194 1.411429,
-0.058286 -3.598141 2.240798,
0.497656 -3.816603 2.035631,
-0.303614 -3.402244 1.940441,
0.335197 -3.762068 2.253951,
-0.303171 -3.164252 1.504793,
0.018649 -3.638750 2.269285,
-0.020358 -2.901813 1.135757,
-0.261636 -3.455795 2.021763,
0.391992 -3.782399 2.211094,
-0.324719 -3.226773 1.601316,
0.097010 -3.675610 2.283354,
-0.100322 -2.968668 1.200127,
-0.208399 -3.506450 2.093414,
0.438119 -3.798311 2.158955,
-0.331131 -3.287466 1.698453,
0.174269 -3.708548 2.283059,
-0.169418 -3.034898 1.275301,
-0.145780 -3.553972 2.153678,
0.472135 -3.809730 2.099598,
-0.322587 -3.346047 1.793658,
0.247946 -3.737413 2.268891,
-0.226021 -3.100194 1.359300,
-0.075920 -3.598141 2.201191,
0.492979 -3.816603 2.035304,
-0.299699 -3.402244 1.884452,
0.315687 -3.762068 2.241760,
-0.268868 -3.164252 1.449896,
-0.001160 -3.638750 2.234975,
0.038999 -2.901813 1.101487,
-0.263495 -3.455795 1.968504,
0.375333 -3.782399 2.202969,
-0.297096 -3.226773 1.544680,
0.076029 -3.675610 2.254476,
-0.045260 -2.968668 1.160122,
-0.215386 -3.506450 2.043694,
0.424984 -3.798311 2.154174,
-0.310269 -3.287466 1.641134,
0.153120 -3.708548 2.259571,
-0.119432 -3.034898 1.230293,
-0.157124 -3.553972 2.108180,
0.463058 -3.809730 2.097334,
-0.308386 -3.346047 1.736703,
0.227606 -3.737413 2.250577,
-0.181757 -3.100194 1.310139,
-0.090748 -3.598141 2.160450,
0.488336 -3.816603 2.034651,
-0.291888 -3.402244 1.828873,
0.297074 -3.762068 2.228237,
-0.230819 -3.164252 1.397526,
-0.018527 -3.638750 2.199367,
0.100602 -2.901813 1.071441,
-0.261636 -3.455795 1.915245,
0.359281 -3.782399 2.193701,
-0.265590 -3.226773 1.490110,
0.057113 -3.675610 2.224205,
0.012458 -2.968668 1.124056,
-0.218889 -3.506450 1.993608,
0.412215 -3.798311 2.148489,
-0.285459 -3.287466 1.585410,
0.133661 -3.708548 2.234665,
-0.066428 -3.034898 1.188882,
-0.165266 -3.553972 2.062001,
0.454162 -3.809730 2.094444,
-0.290248 -3.346047 1.680877,
0.208593 -3.737413 2.230888,
-0.134171 -3.100194 1.264186,
-0.102699 -3.598141 2.118774,
0.483751 -3.816603 2.033676,
-0.280219 -3.402244 1.773974,
0.279451 -3.762068 2.213449,
-0.189209 -3.164252 1.347937,
-0.033368 -3.638750 2.162634,
0.164151 -2.901813 1.045766,
-0.256065 -3.455795 1.862246,
0.343915 -3.782399 2.183337,
-0.230354 -3.226773 1.437871,
0.040355 -3.675610 2.192688,
0.072551 -2.968668 1.092104,
-0.218889 -3.506450 1.943400,
0.399874 -3.798311 2.141927,
-0.256822 -3.287466 1.531553,
0.115987 -3.708548 2.208462,
-0.010665 -3.034898 1.151269,
-0.170168 -3.553972 2.015367,
0.445488 -3.809730 2.090939,
-0.268259 -3.346047 1.626453,
0.191000 -3.737413 2.209921,
-0.083495 -3.100194 1.221664,
-0.111713 -3.598141 2.076365,
0.479244 -3.816603 2.032384,
-0.264749 -3.402244 1.720022,
0.262901 -3.762068 2.197467,
-0.144242 -3.164252 1.301372,
-0.045611 -3.638750 2.124955,
0.229336 -2.901813 1.024586,
-0.246811 -3.455795 1.809764,
0.329309 -3.782399 2.171926,
-0.191560 -3.226773 1.388216,
0.025837 -3.675610 2.160078,
0.134727 -2.968668 1.064421,
-0.215386 -3.506450 1.893314,
0.388021 -3.798311 2.134520,
-0.224498 -3.287466 1.479824,
0.100184 -3.708548 2.181090,
0.047586 -3.034898 1.117638,
-0.171804 -3.553972 1.968504,
0.437080 -3.809730 2.086839,
-0.242527 -3.346047 1.573695,
0.174912 -3.737413 2.187779,
-0.029977 -3.100194 1.182781,
-0.117747 -3.598141 2.033432,
0.474839 -3.816603 2.030781,
-0.245552 -3.402244 1.667281,
0.247507 -3.762068 2.180371,
-0.096135 -3.164252 1.258057,
-0.055195 -3.638750 2.086514,
0.295840 -2.901813 1.008005,
-0.233919 -3.455795 1.758056,
0.315535 -3.782399 2.159523,
-0.149396 -3.226773 1.341389,
0.013628 -3.675610 2.126536,
0.198682 -2.968668 1.041143,
-0.208399 -3.506450 1.843594,
0.376713 -3.798311 2.126305,
-0.188645 -3.287466 1.430476,
0.086328 -3.708548 2.152682,
0.108042 -3.034898 1.088152,
-0.170168 -3.553972 1.921641,
0.428979 -3.809730 2.082161,
-0.213178 -3.346047 1.522861,
0.160408 -3.737413 2.164567,
0.026123 -3.100194 1.147726,
-0.120771 -3.598141 1.990182,
0.470556 -3.816603 2.028874,
-0.222724 -3.402244 1.616008,
0.233343 -3.762068 2.162241,
-0.045125 -3.164252 1.218204,
-0.062075 -3.638750 2.047498,
0.363338 -2.901813 0.996103,
-0.217451 -3.455795 1.707373,
0.302659 -3.782399 2.146190,
-0.104069 -3.226773 1.297617,
0.003789 -3.675610 2.092223,
0.264106 -2.968668 1.022384,
-0.197960 -3.506450 1.794483,
0.366005 -3.798311 2.117320,
-0.149436 -3.287466 1.383749,
0.074488 -3.708548 2.123377,
0.170407 -3.034898 1.062955,
-0.165266 -3.553972 1.875007,
0.421224 -3.809730 2.076930,
-0.180354 -3.346047 1.474198,
0.147559 -3.737413 2.140401,
0.084532 -3.100194 1.116669,
-0.120771 -3.598141 1.946826,
0.466416 -3.816603 2.026673,
-0.196375 -3.402244 1.566452,
0.220478 -3.762068 2.143168,
0.008541 -3.164252 1.182005,
-0.066216 -3.638750 2.008098,
0.431502 -2.901813 0.988938,
-0.197488 -3.455795 1.657962,
0.290745 -3.782399 2.131992,
-0.055799 -3.226773 1.257114,
-0.003632 -3.675610 2.057308,
0.330678 -2.968668 1.008233,
-0.184120 -3.506450 1.746220,
0.355951 -3.798311 2.107611,
-0.107064 -3.287466 1.339871,
0.064722 -3.708548 2.093318,
0.234378 -3.034898 1.042169,
-0.157124 -3.553972 1.828828,
0.413852 -3.809730 2.071171,
-0.144216 -3.346047 1.427943,
0.136426 -3.737413 2.115397,
0.144965 -3.100194 1.089762,
-0.117747 -3.598141 1.903576,
0.462440 -3.816603 2.024189,
-0.166633 -3.402244 1.518855,
0.208975 -3.762068 2.123245,
0.064602 -3.164252 1.149639,
-0.067599 -3.638750 1.968504,
0.500000 -2.901813 0.986546,
-0.174126 -3.455795 1.610065,
0.279851 -3.782399 2.116996,
-0.004821 -3.226773 1.220076,
-0.008600 -3.675610 2.021960,
0.398076 -2.968668 0.998761,
-0.166948 -3.506450 1.699039,
0.346598 -3.798311 2.097223,
-0.061734 -3.287466 1.299056,
0.057075 -3.708548 2.062650,
0.299643 -3.034898 1.025897,
-0.145780 -3.553972 1.783330,
0.406900 -3.809730 2.064912,
-0.104939 -3.346047 1.384321,
0.127065 -3.737413 2.089678,
0.207128 -3.100194 1.067137,
-0.111713 -3.598141 1.860642,
0.458647 -3.816603 2.021433,
-0.133643 -3.402244 1.473448,
0.198890 -3.762068 2.102567,
0.122783 -3.164252 1.121262,
-0.066216 -3.638750 1.928910,
0.568498 -2.901813 0.988938,
-0.147481 -3.455795 1.563913,
0.270029 -3.782399 2.101278,
0.048616 -3.226773 1.186685,
-0.011090 -3.675610 1.986352,
0.465970 -2.968668 0.994013,
-0.146527 -3.506450 1.653172,
0.337993 -3.798311 2.086209,
-0.013667 -3.287466 1.261502,
0.051587 -3.708548 2.031524,
0.365884 -3.034898 1.014217,
-0.131290 -3.553972 1.738733,
0.400402 -3.809730 2.058182,
-0.062715 -3.346047 1.343546,
0.119521 -3.737413 2.063368,
0.270718 -3.100194 1.048903,
-0.102699 -3.598141 1.818234,
0.455056 -3.816603 2.018419,
-0.097566 -3.402244 1.430453,
0.190272 -3.762068 2.081236,
0.182803 -3.164252 1.097012,
-0.062075 -3.638750 1.889509,
0.636662 -2.901813 0.996103,
-0.117681 -3.455795 1.519733,
0.261327 -3.782399 2.084913,
0.104253 -3.226773 1.157102,
-0.011090 -3.675610 1.950656,
0.534030 -2.968668 0.994013,
-0.122955 -3.506450 1.608841,
0.330177 -3.798311 2.074621,
0.036902 -3.287466 1.227392,
0.048283 -3.708548 2.000091,
0.432778 -3.034898 1.007186,
-0.113724 -3.553972 1.695257,
0.394389 -3.809730 2.051016,
-0.017749 -3.346047 1.305815,
0.113830 -3.737413 2.036596,
0.335424 -3.100194 1.035149,
-0.090748 -3.598141 1.776558,
0.451684 -3.816603 2.015163,
-0.058578 -3.402244 1.390080,
0.183162 -3.762068 2.059356,
0.244368 -3.164252 1.077009,
-0.055195 -3.638750 1.850494,
0.704160 -2.901813 1.008005,
-0.084871 -3.455795 1.477739,
0.253788 -3.782399 2.067980,
0.161818 -3.226773 1.131473,
-0.008600 -3.675610 1.915048,
0.601924 -2.968668 0.998761,
-0.096349 -3.506450 1.566262,
0.323188 -3.798311 2.062517,
0.089727 -3.287466 1.196894,
0.047180 -3.708548 1.968504,
0.500000 -3.034898 1.004838,
-0.093168 -3.553972 1.653111,
0.388890 -3.809730 2.043448,
0.029739 -3.346047 1.271313,
0.110021 -3.737413 2.009492,
0.400933 -3.100194 1.025943,
-0.075920 -3.598141 1.735817,
0.448547 -3.816603 2.011679,
-0.016868 -3.402244 1.352524,
0.177597 -3.762068 2.037033,
0.307178 -3.164252 1.061348,
-0.045611 -3.638750 1.812053,
0.770664 -2.901813 1.024586,
-0.049213 -3.455795 1.438135,
0.247449 -3.782399 2.050563,
0.221030 -3.226773 1.109921,
-0.003632 -3.675610 1.879700,
0.669322 -2.968668 1.008233,
-0.066837 -3.506450 1.525642,
0.317061 -3.798311 2.049954,
0.144552 -3.287466 1.170154,
0.048283 -3.708548 1.936917,
0.567222 -3.034898 1.007186,
-0.069722 -3.553972 1.612502,
0.383933 -3.809730 2.035515,
0.079518 -3.346047 1.240208,
0.108112 -3.737413 1.982189,
0.466924 -3.100194 1.021328,
-0.058286 -3.598141 1.696210,
0.445660 -3.816603 2.007984,
0.027359 -3.402244 1.317970,
0.173602 -3.762068 2.014376,
0.370928 -3.164252 1.050107,
-0.033368 -3.638750 1.774374,
0.835849 -2.901813 1.045766,
-0.010878 -3.455795 1.401116,
0.242340 -3.782399 2.032746,
0.281601 -3.226773 1.092553,
0.003789 -3.675610 1.844785,
0.735894 -2.968668 1.022384,
-0.034564 -3.506450 1.487180,
0.311825 -3.798311 2.036994,
0.201108 -3.287466 1.147304,
0.051587 -3.708548 1.905484,
0.634116 -3.034898 1.014217,
-0.043501 -3.553972 1.573627,
0.379542 -3.809730 2.027255,
0.131346 -3.346047 1.212651,
0.108112 -3.737413 1.954819,
0.533076 -3.100194 1.021328,
-0.037931 -3.598141 1.657929,
0.443039 -3.816603 2.004097,
0.073890 -3.402244 1.286585,
0.171197 -3.762068 1.991496,
0.435306 -3.164252 1.043341,
-0.018527 -3.638750 1.737641,
0.899398 -2.901813 1.071441,
0.029945 -3.455795 1.366861,
0.238486 -3.782399 2.014616,
0.343236 -3.226773 1.079452,
0.013628 -3.675610 1.810472,
0.801318 -2.968668 1.041143,
0.000314 -3.506450 1.451064,
0.307505 -3.798311 2.023701,
0.259120 -3.287466 1.128455,
0.057075 -3.708548 1.874357,
0.700357 -3.034898 1.025897,
-0.014632 -3.553972 1.536676,
0.375737 -3.809730 2.018710,
0.184969 -3.346047 1.188776,
0.110021 -3.737413 1.927515,
0.599067 -3.100194 1.025943,
-0.014956 -3.598141 1.621162,
0.440694 -3.816603 2.000037,
0.122496 -3.402244 1.258522,
0.170394 -3.762068 1.968504,
0.500000 -3.164252 1.041082,
-0.001160 -3.638750 1.702032,
0.961001 -2.901813 1.101487,
0.073059 -3.455795 1.335538,
0.235907 -3.782399 1.996261,
0.405635 -3.226773 1.070682,
0.025837 -3.675610 1.776930,
0.865273 -2.968668 1.064421,
0.037626 -3.506450 1.417468,
0.304124 -3.798311 2.010139,
0.318305 -3.287466 1.113698,
0.064722 -3.708548 1.843690,
0.765622 -3.034898 1.042169,
0.016744 -3.553972 1.501829,
0.372537 -3.809730 2.009919,
0.240128 -3.346047 1.168700,
0.113830 -3.737413 1.900412,
0.664576 -3.100194 1.035149,
0.010527 -3.598141 1.586086,
0.438639 -3.816603 1.995824,
0.172941 -3.402244 1.233918,
0.171197 -3.762068 1.945512,
0.564694 -3.164252 1.043341,
0.018649 -3.638750 1.667722,
1.020358 -2.901813 1.135757,
0.118252 -3.455795 1.307298,
0.234614 -3.782399 1.977771,
0.468494 -3.226773 1.066287,
0.040355 -3.675610 1.744320,
0.927449 -2.968668 1.092104,
0.077190 -3.506450 1.386556,
0.301697 -3.798311 1.996374,
0.378376 -3.287466 1.103106,
0.074488 -3.708548 1.813630,
0.829593 -3.034898 1.062955,
0.050475 -3.553972 1.469256,
0.369959 -3.809730 2.000927,
0.296552 -3.346047 1.152520,
0.119521 -3.737413 1.873640,
0.729282 -3.100194 1.048903,
0.038396 -3.598141 1.552874,
0.436883 -3.816603 1.991477,
0.224980 -3.402244 1.212893,
0.173602 -3.762068 1.922632,
0.629072 -3.164252 1.050107,
0.040803 -3.638750 1.634878,
1.077180 -2.901813 1.174084,
0.165306 -3.455795 1.282279,
0.234614 -3.782399 1.959236,
0.531506 -3.226773 1.066287,
0.057113 -3.675610 1.712803,
0.987542 -2.968668 1.124056,
0.118815 -3.506450 1.358480,
0.300236 -3.798311 1.982473,
0.439040 -3.287466 1.096730,
0.086328 -3.708548 1.784325,
0.891958 -3.034898 1.088152,
0.086396 -3.553972 1.439115,
0.368014 -3.809730 1.991777,
0.353968 -3.346047 1.140316,
0.127065 -3.737413 1.847330,
0.792872 -3.100194 1.067137,
0.068513 -3.598141 1.521686,
0.435434 -3.816603 1.987018,
0.278359 -3.402244 1.195549,
0.177597 -3.762068 1.899975,
0.692822 -3.164252 1.061348,
0.065194 -3.638750 1.603658,
1.131190 -2.901813 1.216281,
0.213990 -3.455795 1.260603,
0.235907 -3.782399 1.940747,
0.594365 -3.226773 1.070682,
0.076029 -3.675610 1.682532,
1.045260 -2.968668 1.160122,
0.162297 -3.506450 1.333376,
0.299748 -3.798311 1.968504,
0.500000 -3.287466 1.094601,
0.100184 -3.708548 1.755918,
0.952414 -3.034898 1.117638,
0.124332 -3.553972 1.411553,
0.366712 -3.809730 1.982513,
0.412095 -3.346047 1.132147,
0.136426 -3.737413 1.821611,
0.855035 -3.100194 1.089762,
0.100733 -3.598141 1.492676,
0.434300 -3.816603 1.982469,
0.332817 -3.402244 1.181971,
0.183162 -3.762068 1.877652,
0.755632 -3.164252 1.077009,
0.091704 -3.638750 1.574217,
1.182125 -2.901813 1.262143,
0.264067 -3.455795 1.242377,
0.238486 -3.782399 1.922392,
0.656764 -3.226773 1.079452,
0.097010 -3.675610 1.653654,
1.100322 -2.968668 1.200127,
0.207423 -3.506450 1.311366,
0.300236 -3.798311 1.954535,
0.560960 -3.287466 1.096730,
0.115987 -3.708548 1.728546,
1.010665 -3.034898 1.151269,
0.164098 -3.553972 1.386704,
0.366059 -3.809730 1.973181,
0.470651 -3.346047 1.128052,
0.147559 -3.737413 1.796607,
0.915468 -3.100194 1.116669,
0.134897 -3.598141 1.465983,
0.433486 -3.816603 1.977852,
0.388090 -3.402244 1.172225,
0.190272 -3.762068 1.855772,
0.817197 -3.164252 1.097012,
0.120202 -3.638750 1.546696,
1.229737 -2.901813 1.311446,
0.315294 -3.455795 1.227688,
0.242340 -3.782399 1.904262,
0.718399 -3.226773 1.092553,
0.119955 -3.675610 1.626310,
1.152459 -2.968668 1.243875,
0.253976 -3.506450 1.292558,
0.301697 -3.798311 1.940634,
0.621624 -3.287466 1.103106,
0.133661 -3.708548 1.702343,
1.066428 -3.034898 1.188882,
0.205500 -3.553972 1.364690,
0.366059 -3.809730 1.963827,
0.529349 -3.346047 1.128052,
0.160408 -3.737413 1.772440,
0.973877 -3.100194 1.147726,
0.170841 -3.598141 1.441739,
0.432996 -3.816603 1.973189,
0.443909 -3.402244 1.166358,
0.198890 -3.762068 1.834441,
0.877217 -3.164252 1.121262,
0.150551 -3.638750 1.521230,
1.273793 -2.901813 1.363951,
0.367420 -3.455795 1.216608,
0.247449 -3.782399 1.886445,
0.778970 -3.226773 1.109921,
0.144751 -3.675610 1.600632,
1.201417 -2.968668 1.291153,
0.301727 -3.506450 1.277043,
0.304124 -3.798311 1.926869,
0.681695 -3.287466 1.113698,
0.153120 -3.708548 1.677437,
1.119432 -3.034898 1.230293,
0.248338 -3.553972 1.345618,
0.366712 -3.809730 1.954495,
0.587905 -3.346047 1.132147,
0.174912 -3.737413 1.749229,
1.029977 -3.100194 1.182781,
0.208388 -3.598141 1.420061,
0.432832 -3.816603 1.968504,
0.500000 -3.402244 1.164400,
0.208975 -3.762068 1.813763,
0.935398 -3.164252 1.149639,
0.182603 -3.638750 1.497943,
1.314080 -2.901813 1.419400,
0.420193 -3.455795 1.209191,
0.253788 -3.782399 1.869028,
0.838182 -3.226773 1.131473,
0.171277 -3.675610 1.576748,
1.246958 -2.968668 1.341732,
0.350444 -3.506450 1.264896,
0.307505 -3.798311 1.913307,
0.740880 -3.287466 1.128455,
0.174269 -3.708548 1.653949,
1.169418 -3.034898 1.275301,
0.292401 -3.553972 1.329580,
0.368014 -3.809730 1.945231,
0.646032 -3.346047 1.140316,
0.191000 -3.737413 1.727086,
1.083495 -3.100194 1.221664,
0.247356 -3.598141 1.401056,
0.432996 -3.816603 1.963819,
0.556091 -3.402244 1.166358,
0.220478 -3.762068 1.793839,
0.991459 -3.164252 1.182005,
0.216201 -3.638750 1.476949,
1.350400 -2.901813 1.477525,
0.473354 -3.455795 1.205474,
0.261327 -3.782399 1.852095,
0.895747 -3.226773 1.157102,
0.199406 -3.675610 1.554771,
1.288860 -2.968668 1.395364,
0.399889 -3.506450 1.256178,
0.311825 -3.798311 1.900014,
0.798892 -3.287466 1.147304,
0.197004 -3.708548 1.631993,
1.216143 -3.034898 1.323686,
0.337476 -3.553972 1.316655,
0.369959 -3.809730 1.936081,
0.703448 -3.346047 1.152520,
0.208593 -3.737413 1.706120,
1.134171 -3.100194 1.264186,
0.287554 -3.598141 1.384814,
0.433486 -3.816603 1.959156,
0.611910 -3.402244 1.172225,
0.233343 -3.762068 1.774766,
1.045125 -3.164252 1.218204,
0.251181 -3.638750 1.458350,
1.382578 -2.901813 1.538042,
0.526646 -3.455795 1.205474,
0.270029 -3.782399 1.835730,
0.951384 -3.226773 1.186685,
0.228998 -3.675610 1.534811,
1.326919 -2.968668 1.451788,
0.449822 -3.506450 1.250929,
0.317061 -3.798311 1.887054,
0.855448 -3.287466 1.170154,
0.221216 -3.708548 1.611677,
1.259379 -3.034898 1.375212,
0.383342 -3.553972 1.306906,
0.372537 -3.809730 1.927089,
0.759872 -3.346047 1.168700,
0.227606 -3.737413 1.686431,
1.181757 -3.100194 1.310139,
0.328788 -3.598141 1.371417,
0.434300 -3.816603 1.954539,
0.667183 -3.402244 1.181971,
0.247507 -3.762068 1.756637,
1.096135 -3.164252 1.258057,
0.287374 -3.638750 1.442236,
1.410455 -2.901813 1.600656,
0.579807 -3.455795 1.209191,
0.279851 -3.782399 1.820011,
1.004821 -3.226773 1.220076,
0.259912 -3.675610 1.516963,
1.360949 -2.968668 1.510729,
0.500000 -3.506450 1.249177,
0.323188 -3.798311 1.874491,
0.910273 -3.287466 1.196894,
0.246786 -3.708548 1.593099,
1.298915 -3.034898 1.429629,
0.429777 -3.553972 1.300380,
0.375737 -3.809730 1.918298,
0.815031 -3.346047 1.188776,
0.247946 -3.737413 1.668117,
1.226021 -3.100194 1.359300,
0.370856 -3.598141 1.360928,
0.435434 -3.816603 1.949990,
0.721641 -3.402244 1.195549,
0.262901 -3.762068 1.739540,
1.144242 -3.164252 1.301372,
0.324602 -3.638750 1.428685,
1.433897 -2.901813 1.665062,
0.632580 -3.455795 1.216608,
0.290745 -3.782399 1.805016,
1.055799 -3.226773 1.257114,
0.291994 -3.675610 1.501315,
1.390784 -2.968668 1.571901,
0.550178 -3.506450 1.250929,
0.330177 -3.798311 1.862387,
0.963098 -3.287466 1.227392,
0.273590 -3.708548 1.576350,
1.334559 -3.034898 1.486671,
0.476554 -3.553972 1.297109,
0.379542 -3.809730 1.909752,
0.868654 -3.346047 1.212651,
0.269513 -3.737413 1.651266,
1.266748 -3.100194 1.411429,
0.413553 -3.598141 1.353399,
0.436883 -3.816603 1.945531,
0.775020 -3.402244 1.212893,
0.279451 -3.762068 1.723559,
1.189209 -3.164252 1.347937,
0.362685 -3.638750 1.417765,
1.452789 -2.901813 1.730947,
0.684706 -3.455795 1.227688,
0.302659 -3.782399 1.790818,
1.104069 -3.226773 1.297617,
0.325090 -3.675610 1.487944,
1.416280 -2.968668 1.635005,
0.600111 -3.506450 1.256178,
0.337993 -3.798311 1.850799,
1.013667 -3.287466 1.261502,
0.301497 -3.708548 1.561512,
1.366137 -3.034898 1.546061,
0.523446 -3.553972 1.297109,
0.383933 -3.809730 1.901493,
0.920482 -3.346047 1.240208,
0.292204 -3.737413 1.635961,
1.303740 -3.100194 1.466271,
0.456671 -3.598141 1.348867,
0.438639 -3.816603 1.941184,
0.827059 -3.402244 1.233918,
0.297074 -3.762068 1.708771,
1.230819 -3.164252 1.397526,
0.401438 -3.638750 1.409528,
1.467039 -2.901813 1.797989,
0.735933 -3.455795 1.242377,
0.315535 -3.782399 1.777485,
1.149396 -3.226773 1.341389,
0.359039 -3.675610 1.476913,
1.437311 -2.968668 1.699734,
0.649556 -3.506450 1.264896,
0.346598 -3.798311 1.839784,
1.061734 -3.287466 1.299056,
0.330371 -3.708548 1.548657,
1.393495 -3.034898 1.607509,
0.570223 -3.553972 1.300380,
0.388890 -3.809730 1.893560,
0.970261 -3.346047 1.271313,
0.315907 -3.737413 1.622276,
1.336816 -3.100194 1.523561,
0.500000 -3.598141 1.347354,
0.440694 -3.816603 1.936971,
0.877504 -3.402244 1.258522,
0.315687 -3.762068 1.695248,
1.268868 -3.164252 1.449896,
0.440670 -3.638750 1.404015,
1.476578 -2.901813 1.865861,
0.786010 -3.455795 1.260603,
0.329309 -3.782399 1.765082,
1.191560 -3.226773 1.388216,
0.393674 -3.675610 1.468278,
1.453777 -2.968668 1.765772,
0.698273 -3.506450 1.277043,
0.355951 -3.798311 1.829397,
1.107064 -3.287466 1.339871,
0.360071 -3.708548 1.537847,
1.416500 -3.034898 1.670715,
0.616658 -3.553972 1.306906,
0.394389 -3.809730 1.885992,
1.017749 -3.346047 1.305815,
0.340508 -3.737413 1.610278,
1.365816 -3.100194 1.583018,
0.543329 -3.598141 1.348867,
0.443039 -3.816603 1.932910,
0.926110 -3.402244 1.286585,
0.335197 -3.762068 1.683057,
1.303171 -3.164252 1.504793,
0.480191 -3.638750 1.401251,
1.481359 -2.901813 1.934234,
0.834694 -3.455795 1.282279,
0.343915 -3.782399 1.753671,
1.230354 -3.226773 1.437871,
0.428827 -3.675610 1.462079,
1.465595 -2.968668 1.832798,
0.746024 -3.506450 1.292558,
0.366005 -3.798311 1.819688,
1.149436 -3.287466 1.383749,
0.390453 -3.708548 1.529135,
1.435040 -3.034898 1.735372,
0.662524 -3.553972 1.316655,
0.400402 -3.809730 1.878826,
1.062715 -3.346047 1.343546,
0.365885 -3.737413 1.600025,
1.390597 -3.100194 1.644353,
0.586447 -3.598141 1.353399,
0.445660 -3.816603 1.929024,
0.972641 -3.402244 1.317970,
0.355510 -3.762068 1.672256,
1.333562 -3.164252 1.561949,
0.519809 -3.638750 1.401251,
0.881748 -3.455795 1.307298,
0.359281 -3.782399 1.743306,
1.265590 -3.226773 1.490110,
0.464326 -3.675610 1.458348,
1.472709 -2.968668 1.900485,
0.792577 -3.506450 1.311366,
0.376713 -3.798311 1.810703,
1.188645 -3.287466 1.430476,
0.421369 -3.708548 1.522563,
1.449025 -3.034898 1.801165,
0.707599 -3.553972 1.329580,
0.406900 -3.809730 1.872096,
1.104939 -3.346047 1.384321,
0.391915 -3.737413 1.591567,
1.411039 -3.100194 1.707268,
0.629144 -3.598141 1.360928,
0.448547 -3.816603 1.925329,
1.016868 -3.402244 1.352524,
0.376527 -3.762068 1.662899,
1.359891 -3.164252 1.621085,
0.559330 -3.638750 1.404015,
0.926941 -3.455795 1.335538,
0.375333 -3.782399 1.734039,
1.297096 -3.226773 1.544680,
0.500000 -3.675610 1.457102,
0.837703 -3.506450 1.333376,
0.388021 -3.798311 1.802488,
1.224498 -3.287466 1.479824,
0.452667 -3.708548 1.518165,
1.458386 -3.034898 1.867773,
0.751662 -3.553972 1.345618,
0.413852 -3.809730 1.865837,
1.144216 -3.346047 1.427943,
0.418472 -3.737413 1.584946,
1.427043 -3.100194 1.771455,
0.671212 -3.598141 1.371417,
0.451684 -3.816603 1.921845,
1.058578 -3.402244 1.390080,
0.398146 -3.762068 1.655030,
1.382031 -3.164252 1.681915,
0.598562 -3.638750 1.409528,
0.970055 -3.455795 1.366861,
0.391992 -3.782399 1.725914,
1.324719 -3.226773 1.601316,
0.535674 -3.675610 1.458348,
0.881185 -3.506450 1.358480,
0.399874 -3.798311 1.795081,
1.256822 -3.287466 1.531553,
0.484197 -3.708548 1.515960,
1.463078 -3.034898 1.934872,
0.794500 -3.553972 1.364690,
0.421224 -3.809730 1.860078,
1.180354 -3.346047 1.474198,
0.445426 -3.737413 1.580193,
1.438530 -3.100194 1.836602,
0.712446 -3.598141 1.384814,
0.455056 -3.816603 1.918589,
1.097566 -3.402244 1.430453,
0.420261 -3.762068 1.648689,
1.399874 -3.164252 1.744140,
0.637315 -3.638750 1.417765,
1.010878 -3.455795 1.401116,
0.409177 -3.782399 1.718970,
1.348324 -3.226773 1.659739,
0.571173 -3.675610 1.462079,
0.922810 -3.506450 1.386556,
0.412215 -3.798311 1.788519,
1.285459 -3.287466 1.585410,
0.515803 -3.708548 1.515960,
0.835902 -3.553972 1.386704,
0.428979 -3.809730 1.854847,
1.213178 -3.346047 1.522861,
0.472647 -3.737413 1.577332,
1.445445 -3.100194 1.902392,
0.752644 -3.598141 1.401056,
0.458647 -3.816603 1.915575,
1.133643 -3.402244 1.473448,
0.442765 -3.762068 1.643905,
1.413333 -3.164252 1.807459,
0.675398 -3.638750 1.428685,
1.049213 -3.455795 1.438135,
0.426805 -3.782399 1.713243,
1.367795 -3.226773 1.719668,
0.606326 -3.675610 1.468278,
0.962374 -3.506450 1.417468,
0.424984 -3.798311 1.782834,
1.310269 -3.287466 1.641134,
0.547333 -3.708548 1.518165,
0.875668 -3.553972 1.411553,
0.437080 -3.809730 1.850169,
1.242527 -3.346047 1.573695,
0.500000 -3.737413 1.576377,
0.791612 -3.598141 1.420061,
0.462440 -3.816603 1.912819,
1.166633 -3.402244 1.518855,
0.465547 -3.762068 1.640704,
1.422342 -3.164252 1.871562,
0.712626 -3.638750 1.442236,
1.084871 -3.455795 1.477739,
0.444789 -3.782399 1.708759,
1.383039 -3.226773 1.780808,
0.640961 -3.675610 1.476913,
0.999686 -3.506450 1.451064,
0.438119 -3.798311 1.778053,
1.331131 -3.287466 1.698453,
0.578631 -3.708548 1.522563,
0.913604 -3.553972 1.439115,
0.445488 -3.809730 1.846068,
1.268259 -3.346047 1.626453,
0.527353 -3.737413 1.577332,
0.829159 -3.598141 1.441739,
0.466416 -3.816603 1.910335,
1.196375 -3.402244 1.566452,
0.488497 -3.762068 1.639099,
1.426857 -3.164252 1.936137,
0.748819 -3.638750 1.458350,
1.117681 -3.455795 1.519733,
0.463043 -3.782399 1.705540,
1.393981 -3.226773 1.842863,
0.674910 -3.675610 1.487944,
1.034564 -3.506450 1.487180,
0.451555 -3.798311 1.774200,
1.347944 -3.287466 1.757088,
0.609547 -3.708548 1.529135,
0.949525 -3.553972 1.469256,
0.454162 -3.809730 1.842564,
1.290248 -3.346047 1.680877,
0.554574 -3.737413 1.580193,
0.865103 -3.598141 1.465983,
0.470556 -3.816603 1.908134,
1.222724 -3.402244 1.616008,
0.511503 -3.762068 1.639099,
0.783799 -3.638750 1.476949,
1.147481 -3.455795 1.563913,
0.481476 -3.782399 1.703603,
1.400568 -3.226773 1.905530,
0.708006 -3.675610 1.501315,
1.066837 -3.506450 1.525642,
0.465227 -3.798311 1.771294,
1.360626 -3.287466 1.816752,
0.639929 -3.708548 1.537847,
0.983256 -3.553972 1.501829,
0.463058 -3.809730 1.839673,
1.308386 -3.346047 1.736703,
0.581528 -3.737413 1.584946,
0.899267 -3.598141 1.492676,
0.474839 -3.816603 1.906227,
1.245552 -3.402244 1.667281,
0.534453 -3.762068 1.640704,
0.817397 -3.638750 1.497943,
1.174126 -3.455795 1.610065,
0.500000 -3.782399 1.702956,
0.740088 -3.675610 1.516963,
1.096349 -3.506450 1.566262,
0.479068 -3.798311 1.769349,
1.369115 -3.287466 1.877156,
0.669629 -3.708548 1.548657,
1.014632 -3.553972 1.536676,
0.472135 -3.809730 1.837410,
1.322587 -3.346047 1.793658,
0.608085 -3.737413 1.591567,
0.931487 -3.598141 1.521686,
0.479244 -3.816603 1.904624,
1.264749 -3.402244 1.720022,
0.557235 -3.762068 1.643905,
0.849449 -3.638750 1.521230,
1.197488 -3.455795 1.657962,
0.518524 -3.782399 1.703603,
0.771002 -3.675610 1.534811,
1.122955 -3.506450 1.608841,
0.493011 -3.798311 1.768374,
1.373370 -3.287466 1.938005,
0.698503 -3.708548 1.561512,
1.043501 -3.553972 1.573627,
0.481348 -3.809730 1.835786,
1.332780 -3.346047 1.851464,
0.634115 -3.737413 1.600025,
0.961604 -3.598141 1.552874,
0.483751 -3.816603 1.903331,
1.280219 -3.402244 1.773974,
0.579739 -3.762068 1.648689,
0.879798 -3.638750 1.546696,
1.217451 -3.455795 1.707373,
0.536957 -3.782399 1.705540,
0.800594 -3.675610 1.554771,
1.146527 -3.506450 1.653172,
0.506989 -3.798311 1.768374,
0.726410 -3.708548 1.576350,
1.069722 -3.553972 1.612502,
0.490651 -3.809730 1.834808,
1.338915 -3.346047 1.909841,
0.659492 -3.737413 1.610278,
0.989473 -3.598141 1.586086,
0.488336 -3.816603 1.902357,
1.291888 -3.402244 1.828873,
0.601854 -3.762068 1.655030,
0.908296 -3.638750 1.574217,
1.233919 -3.455795 1.758056,
0.555211 -3.782399 1.708759,
0.828723 -3.675610 1.576748,
1.166948 -3.506450 1.699039,
0.520932 -3.798311 1.769349,
0.753214 -3.708548 1.593099,
1.093168 -3.553972 1.653111,
0.500000 -3.809730 1.834482,
0.684093 -3.737413 1.622276,
1.014956 -3.598141 1.621162,
0.492979 -3.816603 1.901704,
1.299699 -3.402244 1.884452,
0.623473 -3.762068 1.662899,
0.934806 -3.638750 1.603658,
1.246811 -3.455795 1.809764,
0.573195 -3.782399 1.713243,
0.855249 -3.675610 1.600632,
1.184120 -3.506450 1.746220,
0.534773 -3.798311 1.771294,
0.778784 -3.708548 1.611677,
1.113724 -3.553972 1.695257,
0.509349 -3.809730 1.834808,
0.707796 -3.737413 1.635961,
1.037931 -3.598141 1.657929,
0.497656 -3.816603 1.901377,
1.303614 -3.402244 1.940441,
0.644490 -3.762068 1.672256,
0.959197 -3.638750 1.634878,
1.256065 -3.455795 1.862246,
0.590823 -3.782399 1.718970,
0.880045 -3.675610 1.626310,
1.197960 -3.506450 1.794483,
0.548445 -3.798311 1.774200,
0.802996 -3.708548 1.631993,
1.131290 -3.553972 1.738733,
0.518652 -3.809730 1.835786,
0.730487 -3.737413 1.651266,
1.058286 -3.598141 1.696210,
0.502344 -3.816603 1.901377,
0.664803 -3.762068 1.683057,
0.981351 -3.638750 1.667722,
1.261636 -3.455795 1.915245,
0.608008 -3.782399 1.725914,
0.902990 -3.675610 1.653654,
1.208399 -3.506450 1.843594,
0.561881 -3.798311 1.778053,
0.825731 -3.708548 1.653949,
1.145780 -3.553972 1.783330,
0.527865 -3.809730 1.837410,
0.752054 -3.737413 1.668117,
1.075920 -3.598141 1.735817,
0.507021 -3.816603 1.901704,
0.684313 -3.762068 1.695248,
1.001160 -3.638750 1.702032,
0.624667 -3.782399 1.734039,
0.923971 -3.675610 1.682532,
1.215386 -3.506450 1.893314,
0.575016 -3.798311 1.782834,
0.846880 -3.708548 1.677437,
1.157124 -3.553972 1.828828,
0.536942 -3.809730 1.839673,
0.772394 -3.737413 1.686431,
1.090748 -3.598141 1.776558,
0.511664 -3.816603 1.902357,
0.702926 -3.762068 1.708771,
1.018527 -3.638750 1.737641,
0.640719 -3.782399 1.743306,
0.942887 -3.675610 1.712803,
1.218889 -3.506450 1.943400,
0.587785 -3.798311 1.788519,
0.866339 -3.708548 1.702343,
1.165266 -3.553972 1.875007,
0.545838 -3.809730 1.842564,
0.791407 -3.737413 1.706120,
1.102699 -3.598141 1.818234,
0.516249 -3.816603 1.903331,
0.720549 -3.762068 1.723559,
1.033368 -3.638750 1.774374,
0.656085 -3.782399 1.753671,
0.959645 -3.675610 1.744320,
0.600126 -3.798311 1.795081,
0.884013 -3.708548 1.728546,
1.170168 -3.553972 1.921641,
0.554512 -3.809730 1.846068,
0.809000 -3.737413 1.727086,
1.111713 -3.598141 1.860642,
0.520756 -3.816603 1.904624,
0.737099 -3.762068 1.739540,
1.045611 -3.638750 1.812053,
0.670691 -3.782399 1.765082,
0.974163 -3.675610 1.776930,
0.611979 -3.798311 1.802488,
0.899816 -3.708548 1.755918,
0.562920 -3.809730 1.850169,
0.825088 -3.737413 1.749229,
1.117747 -3.598141 1.903576,
0.525161 -3.816603 1.906227,
0.752493 -3.762068 1.756637,
1.055195 -3.638750 1.850494,
0.684465 -3.782399 1.777485,
0.986372 -3.675610 1.810472,
0.623287 -3.798311 1.810703,
0.913672 -3.708548 1.784325,
0.571021 -3.809730 1.854847,
0.839592 -3.737413 1.772440,
1.120771 -3.598141 1.946826,
0.529444 -3.816603 1.908134,
0.766657 -3.762068 1.774766,
1.062075 -3.638750 1.889509,
0.697341 -3.782399 1.790818,
0.996211 -3.675610 1.844785,
0.633995 -3.798311 1.819688,
0.925512 -3.708548 1.813630,
0.578776 -3.809730 1.860078,
0.852441 -3.737413 1.796607,
0.533584 -3.816603 1.910335,
0.779522 -3.762068 1.793839,
1.066216 -3.638750 1.928910,
0.709255 -3.782399 1.805016,
1.003632 -3.675610 1.879700,
0.644049 -3.798311 1.829397,
0.935278 -3.708548 1.843690,
0.586148 -3.809730 1.865837,
0.863574 -3.737413 1.821611,
0.537560 -3.816603 1.912819,
0.791025 -3.762068 1.813763,
0.720149 -3.782399 1.820011,
1.008600 -3.675610 1.915048,
0.653402 -3.798311 1.839784,
0.942925 -3.708548 1.874357,
0.593100 -3.809730 1.872096,
0.872935 -3.737413 1.847330,
0.541353 -3.816603 1.915575,
0.801110 -3.762068 1.834441,
0.729971 -3.782399 1.835730,
1.011090 -3.675610 1.950656,
0.662007 -3.798311 1.850799,
0.948413 -3.708548 1.905484,
0.599598 -3.809730 1.878826,
0.880479 -3.737413 1.873640,
0.544944 -3.816603 1.918589,
0.809728 -3.762068 1.855772,
0.738673 -3.782399 1.852095,
0.669823 -3.798311 1.862387,
0.951717 -3.708548 1.936917,
0.605611 -3.809730 1.885992,
0.886170 -3.737413 1.900412,
0.548316 -3.816603 1.921845,
0.816838 -3.762068 1.877652,
0.746212 -3.782399 1.869028,
0.676812 -3.798311 1.874491,
0.611110 -3.809730 1.893560,
0.889979 -3.737413 1.927515,
0.551453 -3.816603 1.925329,
0.822403 -3.762068 1.899975,
0.752551 -3.782399 1.886445,
0.682939 -3.798311 1.887054,
0.616067 -3.809730 1.901493,
0.891888 -3.737413 1.954819,
0.554340 -3.816603 1.929024,
0.826398 -3.762068 1.922632,
0.757660 -3.782399 1.904262,
0.688175 -3.798311 1.900014,
0.620458 -3.809730 1.909752,
0.556961 -3.816603 1.932910,
0.828803 -3.762068 1.945512,
0.761514 -3.782399 1.922392,
0.692495 -3.798311 1.913307,
0.624263 -3.809730 1.918298,
0.559306 -3.816603 1.936971,
0.764093 -3.782399 1.940747,
0.695876 -3.798311 1.926869,
0.627463 -3.809730 1.927089,
0.561361 -3.816603 1.941184,
0.765386 -3.782399 1.959236,
0.698303 -3.798311 1.940634,
0.630041 -3.809730 1.936081,
0.563117 -3.816603 1.945531,
0.699764 -3.798311 1.954535,
0.631986 -3.809730 1.945231,
0.564566 -3.816603 1.949990,
0.633288 -3.809730 1.954495,
0.565700 -3.816603 1.954539,
0.633941 -3.809730 1.963827,
0.566514 -3.816603 1.959156,
0.567004 -3.816603 1.963819 ] } coordIndex [ 0 1 2 -1,
0 2 3 -1,
4 3 5 -1,
4 0 3 -1,
6 5 7 -1,
6 4 5 -1,
8 7 9 -1,
8 6 7 -1,
10 9 11 -1,
10 8 9 -1,
12 11 13 -1,
12 13 14 -1,
12 10 11 -1,
15 12 14 -1,
16 14 17 -1,
16 15 14 -1,
18 17 19 -1,
18 16 17 -1,
20 19 21 -1,
20 18 19 -1,
22 20 21 -1,
22 21 23 -1,
24 22 23 -1,
24 23 25 -1,
26 24 25 -1,
26 25 27 -1,
28 26 27 -1,
28 27 29 -1,
30 28 29 -1,
30 29 31 -1,
32 30 31 -1,
32 31 33 -1,
34 32 33 -1,
34 33 35 -1,
36 34 35 -1,
36 35 37 -1,
38 36 37 -1,
38 37 39 -1,
38 39 40 -1,
41 38 40 -1,
41 40 42 -1,
43 41 42 -1,
44 43 42 -1,
44 42 45 -1,
46 45 47 -1,
46 44 45 -1,
48 47 49 -1,
48 46 47 -1,
50 49 51 -1,
50 48 49 -1,
52 51 53 -1,
52 50 51 -1,
54 53 55 -1,
54 52 53 -1,
56 55 57 -1,
56 54 55 -1,
58 57 59 -1,
58 56 57 -1,
60 59 61 -1,
60 58 59 -1,
62 61 63 -1,
62 60 61 -1,
64 63 65 -1,
64 65 66 -1,
64 62 63 -1,
67 64 66 -1,
68 66 69 -1,
68 67 66 -1,
70 69 71 -1,
70 68 69 -1,
72 71 73 -1,
72 70 71 -1,
74 72 73 -1,
74 73 75 -1,
76 74 75 -1,
76 75 77 -1,
78 76 77 -1,
78 77 79 -1,
80 78 79 -1,
80 79 81 -1,
82 80 81 -1,
82 81 83 -1,
82 83 84 -1,
85 82 84 -1,
86 85 84 -1,
86 84 87 -1,
88 86 87 -1,
88 87 89 -1,
90 88 89 -1,
90 89 91 -1,
92 90 91 -1,
92 91 93 -1,
94 92 93 -1,
94 93 95 -1,
96 94 95 -1,
96 95 97 -1,
98 96 97 -1,
98 97 99 -1,
100 98 99 -1,
100 99 101 -1,
102 100 101 -1,
102 101 103 -1,
104 102 103 -1,
104 103 105 -1,
106 104 105 -1,
106 105 107 -1,
108 106 107 -1,
108 107 109 -1,
110 108 109 -1,
110 109 111 -1,
112 110 111 -1,
112 111 113 -1,
114 112 113 -1,
114 113 115 -1,
116 115 117 -1,
116 114 115 -1,
118 117 119 -1,
118 116 117 -1,
120 119 121 -1,
120 118 119 -1,
122 121 123 -1,
122 120 121 -1,
124 122 123 -1,
124 123 125 -1,
126 124 125 -1,
126 125 127 -1,
128 126 127 -1,
128 127 129 -1,
130 128 129 -1,
130 129 131 -1,
132 130 131 -1,
132 131 133 -1,
134 132 133 -1,
134 133 135 -1,
136 134 135 -1,
136 135 137 -1,
138 136 137 -1,
138 137 139 -1,
140 138 139 -1,
140 139 141 -1,
142 140 141 -1,
142 141 143 -1,
144 142 143 -1,
144 143 145 -1,
146 144 145 -1,
146 145 147 -1,
146 147 148 -1,
149 146 148 -1,
150 148 151 -1,
150 149 148 -1,
152 151 153 -1,
152 150 151 -1,
154 153 155 -1,
154 152 153 -1,
156 155 157 -1,
156 154 155 -1,
158 157 159 -1,
158 156 157 -1,
160 159 161 -1,
160 158 159 -1,
162 161 163 -1,
162 160 161 -1,
164 163 165 -1,
164 162 163 -1,
166 165 167 -1,
166 164 165 -1,
168 167 169 -1,
168 166 167 -1,
170 169 171 -1,
170 168 169 -1,
172 171 173 -1,
172 170 171 -1,
174 173 175 -1,
174 172 173 -1,
176 174 175 -1,
176 175 177 -1,
178 176 177 -1,
178 177 179 -1,
180 178 179 -1,
180 179 181 -1,
182 180 181 -1,
182 181 183 -1,
184 183 185 -1,
184 182 183 -1,
186 185 187 -1,
186 184 185 -1,
188 187 189 -1,
188 186 187 -1,
190 189 191 -1,
190 188 189 -1,
192 191 193 -1,
192 190 191 -1,
194 193 195 -1,
194 192 193 -1,
196 195 197 -1,
196 194 195 -1,
198 197 199 -1,
198 196 197 -1,
200 199 201 -1,
200 198 199 -1,
202 201 203 -1,
202 200 201 -1,
204 203 205 -1,
204 202 203 -1,
206 205 207 -1,
206 204 205 -1,
208 207 209 -1,
208 206 207 -1,
210 209 211 -1,
210 208 209 -1,
212 211 213 -1,
212 210 211 -1,
214 213 215 -1,
214 212 213 -1,
216 215 217 -1,
216 214 215 -1,
218 217 219 -1,
218 216 217 -1,
220 219 221 -1,
220 218 219 -1,
222 221 223 -1,
222 220 221 -1,
224 222 223 -1,
224 223 225 -1,
226 224 225 -1,
226 225 227 -1,
228 226 227 -1,
228 227 229 -1,
230 228 229 -1,
230 229 231 -1,
232 230 231 -1,
232 231 233 -1,
234 232 233 -1,
234 233 235 -1,
236 234 235 -1,
236 235 237 -1,
238 236 237 -1,
238 237 239 -1,
240 238 239 -1,
240 239 241 -1,
242 240 241 -1,
242 241 243 -1,
244 242 243 -1,
244 243 245 -1,
246 244 245 -1,
246 245 247 -1,
248 246 247 -1,
248 247 249 -1,
250 249 251 -1,
250 248 249 -1,
1 251 2 -1,
1 250 251 -1,
252 158 253 -1,
252 156 158 -1,
254 253 158 -1,
254 158 160 -1,
255 156 252 -1,
255 154 156 -1,
256 160 162 -1,
256 254 160 -1,
257 154 255 -1,
257 152 154 -1,
258 256 162 -1,
258 162 164 -1,
259 152 257 -1,
259 150 152 -1,
260 258 164 -1,
260 164 166 -1,
261 150 259 -1,
261 149 150 -1,
262 166 168 -1,
262 168 170 -1,
262 260 166 -1,
263 149 261 -1,
263 144 146 -1,
263 146 149 -1,
264 262 170 -1,
265 144 263 -1,
265 142 144 -1,
266 264 170 -1,
266 170 172 -1,
266 172 174 -1,
267 142 265 -1,
268 266 174 -1,
269 142 267 -1,
269 138 140 -1,
269 140 142 -1,
270 268 174 -1,
270 174 176 -1,
271 138 269 -1,
272 270 176 -1,
272 176 178 -1,
273 136 138 -1,
273 138 271 -1,
274 178 180 -1,
274 272 178 -1,
275 134 136 -1,
275 136 273 -1,
276 274 180 -1,
276 180 182 -1,
276 182 184 -1,
277 134 275 -1,
277 132 134 -1,
278 276 184 -1,
279 128 130 -1,
279 130 132 -1,
279 132 277 -1,
280 278 184 -1,
280 184 186 -1,
281 128 279 -1,
282 280 186 -1,
282 186 188 -1,
283 128 281 -1,
283 126 128 -1,
284 282 188 -1,
284 188 190 -1,
285 124 126 -1,
285 126 283 -1,
286 284 190 -1,
286 190 192 -1,
287 122 124 -1,
287 124 285 -1,
288 286 192 -1,
288 192 194 -1,
289 120 122 -1,
289 122 287 -1,
290 288 194 -1,
290 194 196 -1,
291 120 289 -1,
291 116 118 -1,
291 118 120 -1,
292 290 196 -1,
292 196 198 -1,
293 116 291 -1,
294 292 198 -1,
294 198 200 -1,
295 116 293 -1,
295 114 116 -1,
296 200 202 -1,
296 294 200 -1,
297 114 295 -1,
297 112 114 -1,
298 202 204 -1,
298 296 202 -1,
299 112 297 -1,
299 108 110 -1,
299 110 112 -1,
300 204 206 -1,
300 298 204 -1,
301 108 299 -1,
302 206 208 -1,
302 300 206 -1,
303 108 301 -1,
303 106 108 -1,
304 208 210 -1,
304 302 208 -1,
305 104 106 -1,
305 106 303 -1,
102 104 305 -1,
306 210 212 -1,
306 304 210 -1,
307 102 305 -1,
308 212 214 -1,
308 306 212 -1,
309 100 102 -1,
309 102 307 -1,
310 214 216 -1,
310 308 214 -1,
98 100 309 -1,
311 98 309 -1,
312 216 218 -1,
312 310 216 -1,
313 96 98 -1,
313 98 311 -1,
220 312 218 -1,
314 312 220 -1,
94 313 315 -1,
94 96 313 -1,
222 316 314 -1,
222 314 220 -1,
92 94 315 -1,
92 315 317 -1,
318 316 222 -1,
224 318 222 -1,
319 92 317 -1,
90 92 319 -1,
226 318 224 -1,
226 320 318 -1,
321 90 319 -1,
88 90 321 -1,
228 320 226 -1,
228 322 320 -1,
323 322 228 -1,
86 88 321 -1,
86 321 324 -1,
230 323 228 -1,
85 86 324 -1,
85 324 325 -1,
232 326 323 -1,
232 323 230 -1,
327 326 232 -1,
82 85 325 -1,
82 325 328 -1,
234 327 232 -1,
80 82 328 -1,
80 329 330 -1,
80 328 329 -1,
236 331 327 -1,
236 332 331 -1,
236 327 234 -1,
78 80 330 -1,
238 332 236 -1,
76 78 330 -1,
76 333 334 -1,
76 330 333 -1,
240 335 332 -1,
240 332 238 -1,
74 334 336 -1,
74 76 334 -1,
242 337 335 -1,
242 335 240 -1,
72 336 338 -1,
72 74 336 -1,
244 339 337 -1,
244 337 242 -1,
70 72 338 -1,
246 340 339 -1,
246 341 340 -1,
246 339 244 -1,
68 338 342 -1,
68 70 338 -1,
248 341 246 -1,
67 68 342 -1,
67 343 344 -1,
67 342 343 -1,
250 345 341 -1,
250 346 345 -1,
250 341 248 -1,
64 67 344 -1,
1 346 250 -1,
62 64 344 -1,
62 344 347 -1,
0 346 1 -1,
0 348 346 -1,
60 62 347 -1,
60 349 350 -1,
60 347 349 -1,
4 351 348 -1,
4 348 0 -1,
58 60 350 -1,
6 352 351 -1,
6 351 4 -1,
56 350 353 -1,
56 58 350 -1,
8 354 352 -1,
8 355 354 -1,
8 352 6 -1,
54 353 356 -1,
54 56 353 -1,
10 355 8 -1,
52 356 357 -1,
52 54 356 -1,
12 355 10 -1,
12 358 355 -1,
50 52 357 -1,
50 357 359 -1,
15 358 12 -1,
15 360 358 -1,
48 50 359 -1,
48 359 361 -1,
16 362 360 -1,
16 363 362 -1,
16 360 15 -1,
46 48 361 -1,
46 361 364 -1,
18 363 16 -1,
44 46 364 -1,
44 365 366 -1,
44 364 365 -1,
20 363 18 -1,
20 367 363 -1,
43 44 366 -1,
22 368 367 -1,
22 369 368 -1,
22 367 20 -1,
41 366 370 -1,
41 43 366 -1,
24 371 369 -1,
24 369 22 -1,
38 41 370 -1,
38 370 372 -1,
26 371 24 -1,
36 38 372 -1,
36 373 374 -1,
36 372 373 -1,
28 371 26 -1,
28 375 371 -1,
28 376 375 -1,
34 36 374 -1,
30 376 28 -1,
32 377 376 -1,
32 374 377 -1,
32 34 374 -1,
32 376 30 -1,
161 165 163 -1,
151 148 153 -1,
161 173 165 -1,
155 173 157 -1,
157 173 159 -1,
159 173 161 -1,
165 173 167 -1,
167 173 169 -1,
169 173 171 -1,
145 143 147 -1,
147 143 148 -1,
141 139 143 -1,
177 181 179 -1,
133 131 135 -1,
177 187 181 -1,
173 187 175 -1,
175 187 177 -1,
181 187 183 -1,
183 187 185 -1,
129 127 131 -1,
125 123 127 -1,
135 123 137 -1,
127 123 131 -1,
131 123 135 -1,
191 195 193 -1,
137 121 139 -1,
123 121 137 -1,
191 201 195 -1,
189 201 191 -1,
195 201 197 -1,
197 201 199 -1,
117 115 119 -1,
119 115 121 -1,
115 113 121 -1,
201 205 203 -1,
205 209 207 -1,
109 107 111 -1,
201 211 205 -1,
205 211 209 -1,
113 105 121 -1,
107 105 111 -1,
148 105 153 -1,
143 105 148 -1,
111 105 113 -1,
139 105 143 -1,
121 105 139 -1,
201 213 211 -1,
189 215 201 -1,
201 215 213 -1,
101 99 103 -1,
99 97 103 -1,
215 221 217 -1,
217 221 219 -1,
215 223 221 -1,
189 223 215 -1,
95 93 97 -1,
97 93 103 -1,
103 93 105 -1,
223 227 225 -1,
189 227 223 -1,
187 227 189 -1,
105 89 153 -1,
93 89 105 -1,
91 89 93 -1,
153 89 155 -1,
87 84 89 -1,
227 233 229 -1,
229 233 231 -1,
84 83 89 -1,
233 237 235 -1,
227 239 233 -1,
233 239 237 -1,
79 77 81 -1,
239 243 241 -1,
187 243 227 -1,
173 243 187 -1,
227 243 239 -1,
73 71 75 -1,
75 71 77 -1,
81 71 83 -1,
77 71 81 -1,
243 247 245 -1,
243 249 247 -1,
71 65 83 -1,
66 65 69 -1,
69 65 71 -1,
249 2 251 -1,
243 2 249 -1,
243 3 2 -1,
3 7 5 -1,
243 9 3 -1,
3 9 7 -1,
55 53 57 -1,
57 53 59 -1,
59 53 61 -1,
61 53 63 -1,
63 53 65 -1,
9 14 11 -1,
11 14 13 -1,
53 47 65 -1,
49 47 51 -1,
51 47 53 -1,
89 47 155 -1,
83 47 89 -1,
65 47 83 -1,
14 19 17 -1,
9 19 14 -1,
9 21 19 -1,
45 42 47 -1,
42 40 47 -1,
21 25 23 -1,
9 25 21 -1,
39 37 40 -1,
40 37 47 -1,
25 29 27 -1,
29 33 31 -1,
35 33 37 -1,
47 33 155 -1,
243 33 9 -1,
155 33 173 -1,
25 33 29 -1,
9 33 25 -1,
37 33 47 -1,
173 33 243 -1,
378 379 346 -1,
378 346 348 -1,
380 348 351 -1,
380 378 348 -1,
381 351 352 -1,
381 380 351 -1,
382 352 354 -1,
382 381 352 -1,
383 354 355 -1,
383 382 354 -1,
384 355 358 -1,
384 383 355 -1,
385 358 360 -1,
385 384 358 -1,
386 360 362 -1,
386 385 360 -1,
387 362 363 -1,
387 386 362 -1,
388 363 367 -1,
388 387 363 -1,
389 388 367 -1,
389 367 368 -1,
390 389 368 -1,
390 368 369 -1,
391 390 369 -1,
391 369 371 -1,
392 391 371 -1,
392 371 375 -1,
393 392 375 -1,
393 375 376 -1,
394 393 376 -1,
394 376 377 -1,
395 394 377 -1,
395 377 374 -1,
396 395 374 -1,
396 374 373 -1,
397 396 373 -1,
397 373 372 -1,
398 397 372 -1,
398 372 370 -1,
399 398 370 -1,
399 370 366 -1,
400 399 366 -1,
400 366 365 -1,
401 400 365 -1,
401 365 364 -1,
402 364 361 -1,
402 401 364 -1,
403 361 359 -1,
403 402 361 -1,
404 359 357 -1,
404 403 359 -1,
405 357 356 -1,
405 404 357 -1,
406 356 353 -1,
406 405 356 -1,
407 353 350 -1,
407 406 353 -1,
408 350 349 -1,
408 407 350 -1,
409 349 347 -1,
409 408 349 -1,
410 347 344 -1,
410 409 347 -1,
411 344 343 -1,
411 410 344 -1,
412 343 342 -1,
412 411 343 -1,
413 342 338 -1,
413 412 342 -1,
414 338 336 -1,
414 413 338 -1,
415 414 336 -1,
415 336 334 -1,
416 415 334 -1,
416 334 333 -1,
417 416 333 -1,
417 333 330 -1,
418 417 330 -1,
418 330 329 -1,
419 418 329 -1,
419 329 328 -1,
420 419 328 -1,
420 328 325 -1,
421 420 325 -1,
421 325 324 -1,
422 421 324 -1,
422 324 321 -1,
423 422 321 -1,
423 321 319 -1,
424 423 319 -1,
424 319 317 -1,
425 424 317 -1,
425 317 315 -1,
426 425 315 -1,
426 315 313 -1,
427 426 313 -1,
427 313 311 -1,
428 427 311 -1,
428 311 309 -1,
429 428 309 -1,
429 309 307 -1,
430 429 307 -1,
430 307 305 -1,
431 430 305 -1,
431 305 303 -1,
432 431 303 -1,
432 303 301 -1,
433 432 301 -1,
433 301 299 -1,
434 433 299 -1,
434 299 297 -1,
435 297 295 -1,
435 434 297 -1,
436 295 293 -1,
436 435 295 -1,
437 293 291 -1,
437 436 293 -1,
438 291 289 -1,
438 437 291 -1,
439 289 287 -1,
439 438 289 -1,
440 439 287 -1,
440 287 285 -1,
441 440 285 -1,
441 285 283 -1,
442 441 283 -1,
443 442 283 -1,
443 283 281 -1,
444 443 281 -1,
444 281 279 -1,
445 444 279 -1,
445 279 277 -1,
446 445 277 -1,
446 277 275 -1,
447 446 275 -1,
447 275 273 -1,
448 447 273 -1,
448 273 271 -1,
449 448 271 -1,
449 271 269 -1,
450 449 269 -1,
450 269 267 -1,
451 267 265 -1,
451 450 267 -1,
452 265 263 -1,
452 451 265 -1,
453 263 261 -1,
453 452 263 -1,
454 261 259 -1,
454 453 261 -1,
455 259 257 -1,
455 454 259 -1,
456 257 255 -1,
456 455 257 -1,
457 255 252 -1,
457 456 255 -1,
458 252 253 -1,
458 457 252 -1,
459 253 254 -1,
459 458 253 -1,
460 254 256 -1,
460 459 254 -1,
461 256 258 -1,
461 460 256 -1,
462 258 260 -1,
462 461 258 -1,
463 260 262 -1,
463 462 260 -1,
464 262 264 -1,
464 463 262 -1,
465 264 266 -1,
465 464 264 -1,
466 465 266 -1,
466 266 268 -1,
467 466 268 -1,
467 268 270 -1,
468 467 270 -1,
468 270 272 -1,
469 272 274 -1,
469 468 272 -1,
470 469 274 -1,
470 274 276 -1,
471 276 278 -1,
471 470 276 -1,
472 278 280 -1,
472 471 278 -1,
473 280 282 -1,
473 472 280 -1,
474 282 284 -1,
474 473 282 -1,
475 284 286 -1,
475 474 284 -1,
476 286 288 -1,
476 475 286 -1,
477 288 290 -1,
477 476 288 -1,
478 290 292 -1,
478 477 290 -1,
479 292 294 -1,
479 478 292 -1,
480 294 296 -1,
480 479 294 -1,
481 296 298 -1,
481 480 296 -1,
482 298 300 -1,
482 481 298 -1,
483 300 302 -1,
483 482 300 -1,
484 302 304 -1,
484 483 302 -1,
485 304 306 -1,
485 484 304 -1,
486 306 308 -1,
486 485 306 -1,
487 308 310 -1,
487 486 308 -1,
488 310 312 -1,
488 487 310 -1,
489 312 314 -1,
489 488 312 -1,
490 314 316 -1,
490 489 314 -1,
491 490 316 -1,
491 316 318 -1,
492 491 318 -1,
492 318 320 -1,
493 492 320 -1,
493 320 322 -1,
494 493 322 -1,
494 322 323 -1,
495 494 323 -1,
495 323 326 -1,
496 495 326 -1,
496 326 327 -1,
497 496 327 -1,
497 327 331 -1,
498 497 331 -1,
498 331 332 -1,
499 498 332 -1,
499 332 335 -1,
500 499 335 -1,
500 335 337 -1,
501 500 337 -1,
501 337 339 -1,
502 501 339 -1,
502 339 340 -1,
503 502 340 -1,
503 340 341 -1,
504 503 341 -1,
504 341 345 -1,
505 345 346 -1,
505 504 345 -1,
379 505 346 -1,
506 379 378 -1,
506 505 379 -1,
507 506 378 -1,
507 508 506 -1,
509 507 378 -1,
509 378 380 -1,
509 380 381 -1,
510 381 382 -1,
510 509 381 -1,
511 508 507 -1,
511 512 508 -1,
511 507 509 -1,
513 382 383 -1,
513 383 384 -1,
513 510 382 -1,
514 509 510 -1,
514 511 509 -1,
515 512 511 -1,
515 516 512 -1,
515 517 516 -1,
518 384 385 -1,
518 513 384 -1,
519 514 510 -1,
519 510 513 -1,
520 515 511 -1,
520 511 514 -1,
521 385 386 -1,
521 386 387 -1,
521 518 385 -1,
522 513 518 -1,
522 519 513 -1,
523 520 514 -1,
523 514 519 -1,
524 515 520 -1,
524 517 515 -1,
524 525 517 -1,
526 387 388 -1,
526 521 387 -1,
527 518 521 -1,
527 522 518 -1,
528 523 519 -1,
528 519 522 -1,
529 520 523 -1,
529 524 520 -1,
530 525 524 -1,
530 531 525 -1,
530 532 531 -1,
533 388 389 -1,
533 526 388 -1,
534 527 521 -1,
534 521 526 -1,
535 522 527 -1,
535 528 522 -1,
536 523 528 -1,
536 529 523 -1,
537 530 524 -1,
537 524 529 -1,
538 389 390 -1,
538 390 391 -1,
538 533 389 -1,
539 534 526 -1,
539 526 533 -1,
540 527 534 -1,
540 535 527 -1,
541 536 528 -1,
541 528 535 -1,
542 529 536 -1,
542 537 529 -1,
543 391 392 -1,
543 538 391 -1,
544 532 530 -1,
544 530 537 -1,
544 545 532 -1,
546 539 533 -1,
546 533 538 -1,
547 534 539 -1,
547 540 534 -1,
548 535 540 -1,
548 541 535 -1,
549 536 541 -1,
549 542 536 -1,
550 392 393 -1,
550 393 394 -1,
550 543 392 -1,
551 544 537 -1,
551 537 542 -1,
552 546 538 -1,
552 538 543 -1,
553 545 544 -1,
553 554 545 -1,
555 547 539 -1,
555 539 546 -1,
556 540 547 -1,
556 548 540 -1,
557 549 541 -1,
557 541 548 -1,
558 394 395 -1,
558 550 394 -1,
559 542 549 -1,
559 551 542 -1,
560 552 543 -1,
560 543 550 -1,
561 544 551 -1,
561 553 544 -1,
562 555 546 -1,
562 546 552 -1,
563 547 555 -1,
563 556 547 -1,
564 557 548 -1,
564 548 556 -1,
565 395 396 -1,
565 558 395 -1,
566 549 557 -1,
566 559 549 -1,
567 560 550 -1,
567 550 558 -1,
568 551 559 -1,
568 561 551 -1,
569 562 552 -1,
569 552 560 -1,
570 554 553 -1,
570 571 554 -1,
570 553 561 -1,
570 572 571 -1,
573 555 562 -1,
573 563 555 -1,
574 556 563 -1,
574 564 556 -1,
575 396 397 -1,
575 397 398 -1,
575 565 396 -1,
576 557 564 -1,
576 566 557 -1,
577 558 565 -1,
577 567 558 -1,
578 568 559 -1,
578 559 566 -1,
579 569 560 -1,
579 560 567 -1,
580 561 568 -1,
580 570 561 -1,
581 562 569 -1,
581 573 562 -1,
582 572 570 -1,
582 583 572 -1,
584 563 573 -1,
584 574 563 -1,
585 398 399 -1,
585 575 398 -1,
586 576 564 -1,
586 564 574 -1,
587 577 565 -1,
587 565 575 -1,
588 566 576 -1,
588 578 566 -1,
589 579 567 -1,
589 567 577 -1,
590 580 568 -1,
590 568 578 -1,
591 569 579 -1,
591 581 569 -1,
592 570 580 -1,
592 582 570 -1,
593 584 573 -1,
593 573 581 -1,
594 399 400 -1,
594 400 401 -1,
594 585 399 -1,
595 574 584 -1,
595 586 574 -1,
596 587 575 -1,
596 575 585 -1,
597 576 586 -1,
597 588 576 -1,
598 577 587 -1,
598 589 577 -1,
599 590 578 -1,
599 578 588 -1,
600 591 579 -1,
600 579 589 -1,
601 580 590 -1,
601 592 580 -1,
602 593 581 -1,
602 581 591 -1,
603 594 401 -1,
603 401 402 -1,
604 583 582 -1,
604 605 583 -1,
604 606 605 -1,
604 582 592 -1,
607 595 584 -1,
607 584 593 -1,
608 596 585 -1,
608 585 594 -1,
609 586 595 -1,
609 597 586 -1,
610 587 596 -1,
610 598 587 -1,
611 599 588 -1,
611 588 597 -1,
612 589 598 -1,
612 600 589 -1,
613 590 599 -1,
613 601 590 -1,
614 591 600 -1,
614 602 591 -1,
615 402 403 -1,
615 403 404 -1,
615 603 402 -1,
616 604 592 -1,
616 592 601 -1,
617 607 593 -1,
617 593 602 -1,
618 594 603 -1,
618 608 594 -1,
619 606 604 -1,
619 620 606 -1,
621 595 607 -1,
621 609 595 -1,
622 610 596 -1,
622 596 608 -1,
623 597 609 -1,
623 611 597 -1,
624 612 598 -1,
624 598 610 -1,
625 599 611 -1,
625 613 599 -1,
626 600 612 -1,
626 614 600 -1,
627 404 405 -1,
627 615 404 -1,
628 601 613 -1,
628 616 601 -1,
629 617 602 -1,
629 602 614 -1,
630 618 603 -1,
630 603 615 -1,
631 619 604 -1,
631 604 616 -1,
632 621 607 -1,
632 607 617 -1,
633 608 618 -1,
633 622 608 -1,
634 623 609 -1,
634 609 621 -1,
635 624 610 -1,
635 610 622 -1,
636 625 611 -1,
636 611 623 -1,
637 626 612 -1,
637 612 624 -1,
638 627 405 -1,
638 405 406 -1,
639 613 625 -1,
639 628 613 -1,
640 614 626 -1,
640 629 614 -1,
641 630 615 -1,
641 615 627 -1,
642 631 616 -1,
642 616 628 -1,
643 617 629 -1,
643 632 617 -1,
644 633 618 -1,
644 618 630 -1,
645 619 631 -1,
645 620 619 -1,
645 646 620 -1,
647 634 621 -1,
647 621 632 -1,
648 622 633 -1,
648 635 622 -1,
649 636 623 -1,
649 623 634 -1,
650 637 624 -1,
650 624 635 -1,
651 638 406 -1,
651 406 407 -1,
651 407 408 -1,
652 625 636 -1,
652 639 625 -1,
653 626 637 -1,
653 640 626 -1,
654 641 627 -1,
654 627 638 -1,
655 628 639 -1,
655 642 628 -1,
656 643 629 -1,
656 629 640 -1,
657 630 641 -1,
657 644 630 -1,
658 645 631 -1,
658 631 642 -1,
659 632 643 -1,
659 647 632 -1,
660 648 633 -1,
660 633 644 -1,
661 646 645 -1,
661 662 646 -1,
661 663 662 -1,
664 634 647 -1,
664 649 634 -1,
665 635 648 -1,
665 650 635 -1,
666 408 409 -1,
666 651 408 -1,
667 652 636 -1,
667 636 649 -1,
668 653 637 -1,
668 637 650 -1,
669 654 638 -1,
669 638 651 -1,
670 655 639 -1,
670 639 652 -1,
671 640 653 -1,
671 656 640 -1,
672 641 654 -1,
672 657 641 -1,
673 642 655 -1,
673 658 642 -1,
674 659 643 -1,
674 643 656 -1,
675 644 657 -1,
675 660 644 -1,
676 645 658 -1,
676 661 645 -1,
677 647 659 -1,
677 664 647 -1,
678 648 660 -1,
678 665 648 -1,
679 666 409 -1,
679 409 410 -1,
679 410 411 -1,
680 649 664 -1,
680 667 649 -1,
681 650 665 -1,
681 668 650 -1,
682 669 651 -1,
682 651 666 -1,
683 652 667 -1,
683 670 652 -1,
684 671 653 -1,
684 653 668 -1,
685 672 654 -1,
685 654 669 -1,
686 673 655 -1,
686 655 670 -1,
687 674 656 -1,
687 656 671 -1,
688 657 672 -1,
688 675 657 -1,
689 676 658 -1,
689 658 673 -1,
690 659 674 -1,
690 677 659 -1,
691 678 660 -1,
691 660 675 -1,
692 661 676 -1,
692 693 663 -1,
692 663 661 -1,
694 411 412 -1,
694 679 411 -1,
695 664 677 -1,
695 680 664 -1,
696 665 678 -1,
696 681 665 -1,
697 682 666 -1,
697 666 679 -1,
698 667 680 -1,
698 683 667 -1,
699 684 668 -1,
699 668 681 -1,
700 669 682 -1,
700 685 669 -1,
701 686 670 -1,
701 670 683 -1,
702 687 671 -1,
702 671 684 -1,
703 688 672 -1,
703 672 685 -1,
704 673 686 -1,
704 689 673 -1,
705 674 687 -1,
705 690 674 -1,
706 675 688 -1,
706 691 675 -1,
707 692 676 -1,
707 676 689 -1,
708 412 413 -1,
708 413 414 -1,
708 694 412 -1,
709 677 690 -1,
709 695 677 -1,
710 678 691 -1,
710 696 678 -1,
711 693 692 -1,
711 712 693 -1,
711 713 712 -1,
714 679 694 -1,
714 697 679 -1,
715 680 695 -1,
715 698 680 -1,
716 699 681 -1,
716 681 696 -1,
717 682 697 -1,
717 700 682 -1,
718 701 683 -1,
718 683 698 -1,
719 702 684 -1,
719 684 699 -1,
720 703 685 -1,
720 685 700 -1,
721 704 686 -1,
721 686 701 -1,
722 705 687 -1,
722 687 702 -1,
723 688 703 -1,
723 706 688 -1,
724 689 704 -1,
724 707 689 -1,
725 708 414 -1,
725 414 415 -1,
726 690 705 -1,
726 709 690 -1,
727 691 706 -1,
727 710 691 -1,
728 692 707 -1,
728 711 692 -1,
729 694 708 -1,
729 714 694 -1,
730 715 695 -1,
730 695 709 -1,
731 696 710 -1,
731 716 696 -1,
732 697 714 -1,
732 717 697 -1,
733 698 715 -1,
733 718 698 -1,
734 699 716 -1,
734 719 699 -1,
735 720 700 -1,
735 700 717 -1,
736 701 718 -1,
736 721 701 -1,
737 702 719 -1,
737 722 702 -1,
738 703 720 -1,
738 723 703 -1,
739 704 721 -1,
739 724 704 -1,
740 415 416 -1,
740 725 415 -1,
741 726 705 -1,
741 705 722 -1,
742 706 723 -1,
742 727 706 -1,
743 728 707 -1,
743 707 724 -1,
744 708 725 -1,
744 729 708 -1,
745 730 709 -1,
745 709 726 -1,
746 731 710 -1,
746 710 727 -1,
747 713 711 -1,
747 711 728 -1,
747 748 713 -1,
749 714 729 -1,
749 732 714 -1,
750 733 715 -1,
750 715 730 -1,
751 734 716 -1,
751 716 731 -1,
752 717 732 -1,
752 735 717 -1,
753 718 733 -1,
753 736 718 -1,
754 719 734 -1,
754 737 719 -1,
755 738 720 -1,
755 720 735 -1,
756 739 721 -1,
756 721 736 -1,
757 740 416 -1,
757 416 417 -1,
757 417 418 -1,
758 722 737 -1,
758 741 722 -1,
759 742 723 -1,
759 723 738 -1,
760 743 724 -1,
760 724 739 -1,
761 725 740 -1,
761 744 725 -1,
762 745 726 -1,
762 726 741 -1,
763 727 742 -1,
763 746 727 -1,
764 728 743 -1,
764 747 728 -1,
765 729 744 -1,
765 749 729 -1,
766 750 730 -1,
766 730 745 -1,
767 731 746 -1,
767 751 731 -1,
768 748 747 -1,
768 769 748 -1,
770 752 732 -1,
770 732 749 -1,
771 753 733 -1,
771 733 750 -1,
772 754 734 -1,
772 734 751 -1,
773 735 752 -1,
773 755 735 -1,
774 736 753 -1,
774 756 736 -1,
775 418 419 -1,
775 757 418 -1,
776 758 737 -1,
776 737 754 -1,
777 759 738 -1,
777 738 755 -1,
778 739 756 -1,
778 760 739 -1,
779 740 757 -1,
779 761 740 -1,
780 762 741 -1,
780 741 758 -1,
781 763 742 -1,
781 742 759 -1,
782 743 760 -1,
782 764 743 -1,
783 744 761 -1,
783 765 744 -1,
784 766 745 -1,
784 745 762 -1,
785 767 746 -1,
785 746 763 -1,
786 768 747 -1,
786 747 764 -1,
787 749 765 -1,
787 770 749 -1,
788 750 766 -1,
788 771 750 -1,
789 772 751 -1,
789 751 767 -1,
790 752 770 -1,
790 773 752 -1,
791 753 771 -1,
791 774 753 -1,
792 775 419 -1,
792 419 420 -1,
792 420 421 -1,
793 776 754 -1,
793 754 772 -1,
794 755 773 -1,
794 777 755 -1,
795 778 756 -1,
795 756 774 -1,
796 757 775 -1,
796 779 757 -1,
797 780 758 -1,
797 758 776 -1,
798 759 777 -1,
798 781 759 -1,
799 782 760 -1,
799 760 778 -1,
800 761 779 -1,
800 783 761 -1,
801 762 780 -1,
801 784 762 -1,
802 763 781 -1,
802 785 763 -1,
803 764 782 -1,
803 786 764 -1,
804 765 783 -1,
804 787 765 -1,
805 788 766 -1,
805 766 784 -1,
806 789 767 -1,
806 767 785 -1,
807 768 786 -1,
807 808 769 -1,
807 809 808 -1,
807 769 768 -1,
810 790 770 -1,
810 770 787 -1,
811 771 788 -1,
811 791 771 -1,
812 421 422 -1,
812 792 421 -1,
813 793 772 -1,
813 772 789 -1,
814 794 773 -1,
814 773 790 -1,
815 774 791 -1,
815 795 774 -1,
816 796 775 -1,
816 775 792 -1,
817 797 776 -1,
817 776 793 -1,
818 798 777 -1,
818 777 794 -1,
819 778 795 -1,
819 799 778 -1,
820 800 779 -1,
820 779 796 -1,
821 801 780 -1,
821 780 797 -1,
822 781 798 -1,
822 802 781 -1,
823 803 782 -1,
823 782 799 -1,
824 783 800 -1,
824 804 783 -1,
825 784 801 -1,
825 805 784 -1,
826 806 785 -1,
826 785 802 -1,
827 786 803 -1,
827 807 786 -1,
828 810 787 -1,
828 787 804 -1,
829 811 788 -1,
829 788 805 -1,
830 812 422 -1,
830 422 423 -1,
830 423 424 -1,
831 813 789 -1,
831 789 806 -1,
832 809 807 -1,
832 833 809 -1,
834 814 790 -1,
834 790 810 -1,
835 815 791 -1,
835 791 811 -1,
836 792 812 -1,
836 816 792 -1,
837 793 813 -1,
837 817 793 -1,
838 818 794 -1,
838 794 814 -1,
839 795 815 -1,
839 819 795 -1,
840 820 796 -1,
840 796 816 -1,
841 797 817 -1,
841 821 797 -1,
842 822 798 -1,
842 798 818 -1,
843 799 819 -1,
843 823 799 -1,
844 800 820 -1,
844 824 800 -1,
845 825 801 -1,
845 801 821 -1,
846 802 822 -1,
846 826 802 -1,
847 803 823 -1,
847 827 803 -1,
848 804 824 -1,
848 828 804 -1,
849 805 825 -1,
849 829 805 -1,
850 830 424 -1,
850 424 425 -1,
851 806 826 -1,
851 831 806 -1,
852 832 807 -1,
852 807 827 -1,
853 834 810 -1,
853 810 828 -1,
854 811 829 -1,
854 835 811 -1,
855 812 830 -1,
855 836 812 -1,
856 813 831 -1,
856 837 813 -1,
857 814 834 -1,
857 838 814 -1,
858 839 815 -1,
858 815 835 -1,
859 816 836 -1,
859 840 816 -1,
860 841 817 -1,
860 817 837 -1,
861 818 838 -1,
861 842 818 -1,
862 819 839 -1,
862 843 819 -1,
863 844 820 -1,
863 820 840 -1,
864 821 841 -1,
864 845 821 -1,
865 846 822 -1,
865 822 842 -1,
866 847 823 -1,
866 823 843 -1,
867 848 824 -1,
867 824 844 -1,
868 849 825 -1,
868 825 845 -1,
869 425 426 -1,
869 850 425 -1,
870 851 826 -1,
870 826 846 -1,
871 827 847 -1,
871 852 827 -1,
872 853 828 -1,
872 828 848 -1,
873 829 849 -1,
873 854 829 -1,
874 830 850 -1,
874 855 830 -1,
875 831 851 -1,
875 856 831 -1,
876 832 852 -1,
876 833 832 -1,
876 877 833 -1,
876 878 877 -1,
879 834 853 -1,
879 857 834 -1,
880 835 854 -1,
880 858 835 -1,
881 836 855 -1,
881 859 836 -1,
882 837 856 -1,
882 860 837 -1,
883 838 857 -1,
883 861 838 -1,
884 862 839 -1,
884 839 858 -1,
885 863 840 -1,
885 840 859 -1,
886 841 860 -1,
886 864 841 -1,
887 842 861 -1,
887 865 842 -1,
888 843 862 -1,
888 866 843 -1,
889 867 844 -1,
889 844 863 -1,
890 845 864 -1,
890 868 845 -1,
891 869 426 -1,
891 426 427 -1,
891 427 428 -1,
892 846 865 -1,
892 870 846 -1,
893 847 866 -1,
893 871 847 -1,
894 872 848 -1,
894 848 867 -1,
895 849 868 -1,
895 873 849 -1,
896 874 850 -1,
896 850 869 -1,
897 851 870 -1,
897 875 851 -1,
898 852 871 -1,
898 876 852 -1,
899 879 853 -1,
899 853 872 -1,
900 880 854 -1,
900 854 873 -1,
901 855 874 -1,
901 881 855 -1,
902 882 856 -1,
902 856 875 -1,
903 878 876 -1,
903 904 878 -1,
905 857 879 -1,
905 883 857 -1,
906 858 880 -1,
906 884 858 -1,
907 859 881 -1,
907 885 859 -1,
908 860 882 -1,
908 886 860 -1,
909 887 861 -1,
909 861 883 -1,
910 862 884 -1,
910 888 862 -1,
911 863 885 -1,
911 889 863 -1,
912 864 886 -1,
912 890 864 -1,
913 428 429 -1,
913 891 428 -1,
914 865 887 -1,
914 892 865 -1,
915 893 866 -1,
915 866 888 -1,
916 894 867 -1,
916 867 889 -1,
917 868 890 -1,
917 895 868 -1,
918 896 869 -1,
918 869 891 -1,
919 870 892 -1,
919 897 870 -1,
920 898 871 -1,
920 871 893 -1,
921 899 872 -1,
921 872 894 -1,
922 900 873 -1,
922 873 895 -1,
923 874 896 -1,
923 901 874 -1,
924 875 897 -1,
924 902 875 -1,
925 903 876 -1,
925 876 898 -1,
926 905 879 -1,
926 879 899 -1,
927 906 880 -1,
927 880 900 -1,
928 907 881 -1,
928 881 901 -1,
929 908 882 -1,
929 882 902 -1,
930 883 905 -1,
930 909 883 -1,
931 884 906 -1,
931 910 884 -1,
932 885 907 -1,
932 911 885 -1,
933 912 886 -1,
933 886 908 -1,
934 913 429 -1,
934 429 430 -1,
934 430 431 -1,
935 887 909 -1,
935 914 887 -1,
936 915 888 -1,
936 888 910 -1,
937 889 911 -1,
937 916 889 -1,
938 917 890 -1,
938 890 912 -1,
939 918 891 -1,
939 891 913 -1,
940 919 892 -1,
940 892 914 -1,
941 920 893 -1,
941 893 915 -1,
942 921 894 -1,
942 894 916 -1,
943 922 895 -1,
943 895 917 -1,
944 896 918 -1,
944 923 896 -1,
945 924 897 -1,
945 897 919 -1,
946 898 920 -1,
946 925 898 -1,
947 926 899 -1,
947 899 921 -1,
948 927 900 -1,
948 900 922 -1,
949 928 901 -1,
949 901 923 -1,
950 902 924 -1,
950 929 902 -1,
951 903 925 -1,
951 904 903 -1,
951 952 904 -1,
951 953 952 -1,
954 905 926 -1,
954 930 905 -1,
955 906 927 -1,
955 931 906 -1,
956 907 928 -1,
956 932 907 -1,
957 933 908 -1,
957 908 929 -1,
958 934 431 -1,
958 431 432 -1,
959 935 909 -1,
959 909 930 -1,
960 910 931 -1,
960 936 910 -1,
961 911 932 -1,
961 937 911 -1,
962 912 933 -1,
962 938 912 -1,
963 913 934 -1,
963 939 913 -1,
964 914 935 -1,
964 940 914 -1,
965 941 915 -1,
965 915 936 -1,
966 942 916 -1,
966 916 937 -1,
967 943 917 -1,
967 917 938 -1,
968 918 939 -1,
968 944 918 -1,
969 945 919 -1,
969 919 940 -1,
970 946 920 -1,
970 920 941 -1,
971 947 921 -1,
971 921 942 -1,
972 948 922 -1,
972 922 943 -1,
973 923 944 -1,
973 949 923 -1,
974 950 924 -1,
974 924 945 -1,
975 951 925 -1,
975 953 951 -1,
975 925 946 -1,
976 954 926 -1,
976 926 947 -1,
977 955 927 -1,
977 927 948 -1,
978 928 949 -1,
978 956 928 -1,
979 929 950 -1,
979 957 929 -1,
980 432 433 -1,
980 958 432 -1,
981 930 954 -1,
981 959 930 -1,
982 931 955 -1,
982 960 931 -1,
983 932 956 -1,
983 961 932 -1,
984 933 957 -1,
984 962 933 -1,
985 963 934 -1,
985 934 958 -1,
986 935 959 -1,
986 964 935 -1,
987 965 936 -1,
987 936 960 -1,
988 966 937 -1,
988 937 961 -1,
989 938 962 -1,
989 967 938 -1,
990 968 939 -1,
990 939 963 -1,
991 940 964 -1,
991 969 940 -1,
992 941 965 -1,
992 970 941 -1,
993 971 942 -1,
993 942 966 -1,
994 943 967 -1,
994 972 943 -1,
995 973 944 -1,
995 944 968 -1,
996 974 945 -1,
996 945 969 -1,
997 946 970 -1,
997 975 946 -1,
997 953 975 -1,
998 947 971 -1,
998 976 947 -1,
999 948 972 -1,
999 977 948 -1,
1000 949 973 -1,
1000 978 949 -1,
1001 979 950 -1,
1001 950 974 -1,
1002 433 434 -1,
1002 434 435 -1,
1002 980 433 -1,
1003 981 954 -1,
1003 954 976 -1,
1004 955 977 -1,
1004 982 955 -1,
1005 956 978 -1,
1005 983 956 -1,
1006 984 957 -1,
1006 957 979 -1,
1007 985 958 -1,
1007 958 980 -1,
1008 959 981 -1,
1008 986 959 -1,
1009 987 960 -1,
1009 960 982 -1,
1010 961 983 -1,
1010 988 961 -1,
1011 989 962 -1,
1011 962 984 -1,
1012 990 963 -1,
1012 963 985 -1,
1013 991 964 -1,
1013 964 986 -1,
1014 992 965 -1,
1014 965 987 -1,
1015 966 988 -1,
1015 993 966 -1,
1016 967 989 -1,
1016 994 967 -1,
1017 968 990 -1,
1017 995 968 -1,
1018 969 991 -1,
1018 996 969 -1,
1019 997 970 -1,
1019 953 997 -1,
1019 970 992 -1,
1020 998 971 -1,
1020 971 993 -1,
1021 999 972 -1,
1021 972 994 -1,
1022 1000 973 -1,
1022 973 995 -1,
1023 1001 974 -1,
1023 974 996 -1,
1024 435 436 -1,
1024 1002 435 -1,
1025 976 998 -1,
1025 1003 976 -1,
1026 977 999 -1,
1026 1004 977 -1,
1027 978 1000 -1,
1027 1005 978 -1,
1028 979 1001 -1,
1028 1006 979 -1,
1029 1007 980 -1,
1029 980 1002 -1,
1030 981 1003 -1,
1030 1008 981 -1,
1031 982 1004 -1,
1031 1009 982 -1,
1032 983 1005 -1,
1032 1010 983 -1,
1033 984 1006 -1,
1033 1011 984 -1,
1034 985 1007 -1,
1034 1012 985 -1,
1035 986 1008 -1,
1035 1013 986 -1,
1036 987 1009 -1,
1036 1014 987 -1,
1037 1015 988 -1,
1037 988 1010 -1,
1038 1016 989 -1,
1038 989 1011 -1,
1039 990 1012 -1,
1039 1017 990 -1,
1040 991 1013 -1,
1040 1018 991 -1,
1041 953 1019 -1,
1041 992 1014 -1,
1041 1019 992 -1,
1042 1020 993 -1,
1042 993 1015 -1,
1043 1021 994 -1,
1043 994 1016 -1,
1044 1022 995 -1,
1044 995 1017 -1,
1045 1023 996 -1,
1045 996 1018 -1,
1046 1024 436 -1,
1046 436 437 -1,
1046 437 438 -1,
1047 1025 998 -1,
1047 998 1020 -1,
1048 1026 999 -1,
1048 999 1021 -1,
1049 1000 1022 -1,
1049 1027 1000 -1,
1050 1028 1001 -1,
1050 1001 1023 -1,
1051 1029 1002 -1,
1051 1002 1024 -1,
1052 1030 1003 -1,
1052 1003 1025 -1,
1053 1031 1004 -1,
1053 1004 1026 -1,
1054 1032 1005 -1,
1054 1005 1027 -1,
1055 1006 1028 -1,
1055 1033 1006 -1,
1056 1007 1029 -1,
1056 1034 1007 -1,
1057 1008 1030 -1,
1057 1035 1008 -1,
1058 1036 1009 -1,
1058 1009 1031 -1,
1059 1037 1010 -1,
1059 1010 1032 -1,
1060 1011 1033 -1,
1060 1038 1011 -1,
1061 1039 1012 -1,
1061 1012 1034 -1,
1062 1040 1013 -1,
1062 1013 1035 -1,
1063 953 1041 -1,
1063 1014 1036 -1,
1063 1041 1014 -1,
1064 1015 1037 -1,
1064 1042 1015 -1,
1065 1016 1038 -1,
1065 1043 1016 -1,
1066 1044 1017 -1,
1066 1017 1039 -1,
1067 1018 1040 -1,
1067 1045 1018 -1,
1068 438 439 -1,
1068 1046 438 -1,
1069 1020 1042 -1,
1069 1047 1020 -1,
1070 1048 1021 -1,
1070 1021 1043 -1,
1071 1049 1022 -1,
1071 1022 1044 -1,
1072 1050 1023 -1,
1072 1023 1045 -1,
1073 1024 1046 -1,
1073 1051 1024 -1,
1074 1052 1025 -1,
1074 1025 1047 -1,
1075 1053 1026 -1,
1075 1026 1048 -1,
1076 1027 1049 -1,
1076 1054 1027 -1,
1077 1055 1028 -1,
1077 1028 1050 -1,
1078 1056 1029 -1,
1078 1029 1051 -1,
1079 1057 1030 -1,
1079 1030 1052 -1,
1080 1058 1031 -1,
1080 1031 1053 -1,
1081 1059 1032 -1,
1081 1032 1054 -1,
1082 1033 1055 -1,
1082 1060 1033 -1,
1083 1034 1056 -1,
1083 1061 1034 -1,
1084 1035 1057 -1,
1084 1062 1035 -1,
1085 953 1063 -1,
1085 1036 1058 -1,
1085 1063 1036 -1,
1086 1064 1037 -1,
1086 1037 1059 -1,
1087 1038 1060 -1,
1087 1065 1038 -1,
1088 1066 1039 -1,
1088 1039 1061 -1,
1089 1040 1062 -1,
1089 1067 1040 -1,
1090 439 440 -1,
1090 440 441 -1,
1090 1068 439 -1,
1091 1042 1064 -1,
1091 1069 1042 -1,
1092 1043 1065 -1,
1092 1070 1043 -1,
1093 1044 1066 -1,
1093 1071 1044 -1,
1094 1045 1067 -1,
1094 1072 1045 -1,
1095 1046 1068 -1,
1095 1073 1046 -1,
1096 1047 1069 -1,
1096 1074 1047 -1,
1097 1048 1070 -1,
1097 1075 1048 -1,
1098 1049 1071 -1,
1098 1076 1049 -1,
1099 1050 1072 -1,
1099 1077 1050 -1,
1100 1051 1073 -1,
1100 1078 1051 -1,
1101 1052 1074 -1,
1101 1079 1052 -1,
1102 1053 1075 -1,
1102 1080 1053 -1,
1103 1081 1054 -1,
1103 1054 1076 -1,
1104 1055 1077 -1,
1104 1082 1055 -1,
1105 1056 1078 -1,
1105 1083 1056 -1,
1106 1084 1057 -1,
1106 1057 1079 -1,
1107 1085 1058 -1,
1107 953 1085 -1,
1107 1058 1080 -1,
1108 1086 1059 -1,
1108 1059 1081 -1,
1109 1087 1060 -1,
1109 1060 1082 -1,
1110 1088 1061 -1,
1110 1061 1083 -1,
1111 1089 1062 -1,
1111 1062 1084 -1,
1112 1090 441 -1,
1112 441 442 -1,
1113 1091 1064 -1,
1113 1064 1086 -1,
1114 1065 1087 -1,
1114 1092 1065 -1,
1115 1066 1088 -1,
1115 1093 1066 -1,
1116 1067 1089 -1,
1116 1094 1067 -1,
1117 1068 1090 -1,
1117 1095 1068 -1,
1118 1096 1069 -1,
1118 1069 1091 -1,
1119 1070 1092 -1,
1119 1097 1070 -1,
1120 1071 1093 -1,
1120 1098 1071 -1,
1121 1072 1094 -1,
1121 1099 1072 -1,
1122 1073 1095 -1,
1122 1100 1073 -1,
1123 1074 1096 -1,
1123 1101 1074 -1,
1124 1075 1097 -1,
1124 1102 1075 -1,
1125 1076 1098 -1,
1125 1103 1076 -1,
1126 1077 1099 -1,
1126 1104 1077 -1,
1127 1105 1078 -1,
1127 1078 1100 -1,
1128 1106 1079 -1,
1128 1079 1101 -1,
1129 953 1107 -1,
1129 1107 1080 -1,
1129 1080 1102 -1,
1130 1108 1081 -1,
1130 1081 1103 -1,
1131 1082 1104 -1,
1131 1109 1082 -1,
1132 1110 1083 -1,
1132 1083 1105 -1,
1133 1111 1084 -1,
1133 1084 1106 -1,
1134 442 443 -1,
1134 1112 442 -1,
1135 1086 1108 -1,
1135 1113 1086 -1,
1136 1087 1109 -1,
1136 1114 1087 -1,
1137 1115 1088 -1,
1137 1088 1110 -1,
1138 1089 1111 -1,
1138 1116 1089 -1,
1139 1117 1090 -1,
1139 1090 1112 -1,
1140 1118 1091 -1,
1140 1091 1113 -1,
1141 1092 1114 -1,
1141 1119 1092 -1,
1142 1093 1115 -1,
1142 1120 1093 -1,
1143 1121 1094 -1,
1143 1094 1116 -1,
1144 1122 1095 -1,
1144 1095 1117 -1,
1145 1123 1096 -1,
1145 1096 1118 -1,
1146 1097 1119 -1,
1146 1124 1097 -1,
1147 1125 1098 -1,
1147 1098 1120 -1,
1148 1126 1099 -1,
1148 1099 1121 -1,
1149 1127 1100 -1,
1149 1100 1122 -1,
1150 1128 1101 -1,
1150 1101 1123 -1,
1151 1102 1124 -1,
1151 953 1129 -1,
1151 1129 1102 -1,
1152 1130 1103 -1,
1152 1103 1125 -1,
1153 1104 1126 -1,
1153 1131 1104 -1,
1154 1132 1105 -1,
1154 1105 1127 -1,
1155 1106 1128 -1,
1155 1133 1106 -1,
1156 1134 443 -1,
1156 443 444 -1,
1156 444 445 -1,
1157 1108 1130 -1,
1157 1135 1108 -1,
1158 1109 1131 -1,
1158 1136 1109 -1,
1159 1137 1110 -1,
1159 1110 1132 -1,
1160 1111 1133 -1,
1160 1138 1111 -1,
1161 1112 1134 -1,
1161 1139 1112 -1,
1162 1140 1113 -1,
1162 1113 1135 -1,
1163 1114 1136 -1,
1163 1141 1114 -1,
1164 1142 1115 -1,
1164 1115 1137 -1,
1165 1116 1138 -1,
1165 1143 1116 -1,
1166 1144 1117 -1,
1166 1117 1139 -1,
1167 1118 1140 -1,
1167 1145 1118 -1,
1168 1119 1141 -1,
1168 1146 1119 -1,
1169 1147 1120 -1,
1169 1120 1142 -1,
1170 1121 1143 -1,
1170 1148 1121 -1,
1171 1122 1144 -1,
1171 1149 1122 -1,
1172 1123 1145 -1,
1172 1150 1123 -1,
1173 1151 1124 -1,
1173 953 1151 -1,
1173 1124 1146 -1,
1174 1125 1147 -1,
1174 1152 1125 -1,
1175 1126 1148 -1,
1175 1153 1126 -1,
1176 1154 1127 -1,
1176 1127 1149 -1,
1177 1155 1128 -1,
1177 1128 1150 -1,
1178 1156 445 -1,
1178 445 446 -1,
1179 1157 1130 -1,
1179 1130 1152 -1,
1180 1158 1131 -1,
1180 1131 1153 -1,
1181 1132 1154 -1,
1181 1159 1132 -1,
1182 1133 1155 -1,
1182 1160 1133 -1,
1183 1161 1134 -1,
1183 1134 1156 -1,
1184 1135 1157 -1,
1184 1162 1135 -1,
1185 1136 1158 -1,
1185 1163 1136 -1,
1186 1137 1159 -1,
1186 1164 1137 -1,
1187 1165 1138 -1,
1187 1138 1160 -1,
1188 1139 1161 -1,
1188 1166 1139 -1,
1189 1167 1140 -1,
1189 1140 1162 -1,
1190 1141 1163 -1,
1190 1168 1141 -1,
1191 1142 1164 -1,
1191 1169 1142 -1,
1192 1143 1165 -1,
1192 1170 1143 -1,
1193 1171 1144 -1,
1193 1144 1166 -1,
1194 1172 1145 -1,
1194 1145 1167 -1,
1195 953 1173 -1,
1195 1173 1146 -1,
1195 1146 1168 -1,
1196 1147 1169 -1,
1196 1174 1147 -1,
1197 1148 1170 -1,
1197 1175 1148 -1,
1198 1176 1149 -1,
1198 1149 1171 -1,
1199 1150 1172 -1,
1199 1177 1150 -1,
1200 1178 446 -1,
1200 446 447 -1,
1200 447 448 -1,
1201 1152 1174 -1,
1201 1179 1152 -1,
1202 1153 1175 -1,
1202 1180 1153 -1,
1203 1181 1154 -1,
1203 1154 1176 -1,
1204 1155 1177 -1,
1204 1182 1155 -1,
1205 1156 1178 -1,
1205 1183 1156 -1,
1206 1157 1179 -1,
1206 1184 1157 -1,
1207 1185 1158 -1,
1207 1158 1180 -1,
1208 1159 1181 -1,
1208 1186 1159 -1,
1209 1187 1160 -1,
1209 1160 1182 -1,
1210 1161 1183 -1,
1210 1188 1161 -1,
1211 1162 1184 -1,
1211 1189 1162 -1,
1212 1163 1185 -1,
1212 1190 1163 -1,
1213 1191 1164 -1,
1213 1164 1186 -1,
1214 1192 1165 -1,
1214 1165 1187 -1,
1215 1193 1166 -1,
1215 1166 1188 -1,
1216 1194 1167 -1,
1216 1167 1189 -1,
1217 1195 1168 -1,
1217 1168 1190 -1,
1217 953 1195 -1,
1218 1196 1169 -1,
1218 1169 1191 -1,
1219 1170 1192 -1,
1219 1197 1170 -1,
1220 1171 1193 -1,
1220 1198 1171 -1,
1221 1199 1172 -1,
1221 1172 1194 -1,
1222 448 449 -1,
1222 1200 448 -1,
1223 1201 1174 -1,
1223 1174 1196 -1,
1224 1175 1197 -1,
1224 1202 1175 -1,
1225 1203 1176 -1,
1225 1176 1198 -1,
1226 1177 1199 -1,
1226 1204 1177 -1,
1227 1178 1200 -1,
1227 1205 1178 -1,
1228 1206 1179 -1,
1228 1179 1201 -1,
1229 1207 1180 -1,
1229 1180 1202 -1,
1230 1208 1181 -1,
1230 1181 1203 -1,
1231 1182 1204 -1,
1231 1209 1182 -1,
1232 1210 1183 -1,
1232 1183 1205 -1,
1233 1184 1206 -1,
1233 1211 1184 -1,
1234 1212 1185 -1,
1234 1185 1207 -1,
1235 1213 1186 -1,
1235 1186 1208 -1,
1236 1214 1187 -1,
1236 1187 1209 -1,
1237 1188 1210 -1,
1237 1215 1188 -1,
1238 1216 1189 -1,
1238 1189 1211 -1,
1239 1190 1212 -1,
1239 1217 1190 -1,
1239 953 1217 -1,
1240 1191 1213 -1,
1240 1218 1191 -1,
1241 1219 1192 -1,
1241 1192 1214 -1,
1242 1220 1193 -1,
1242 1193 1215 -1,
1243 1221 1194 -1,
1243 1194 1216 -1,
1244 1222 449 -1,
1244 449 450 -1,
1244 450 451 -1,
1245 1196 1218 -1,
1245 1223 1196 -1,
1246 1224 1197 -1,
1246 1197 1219 -1,
1247 1198 1220 -1,
1247 1225 1198 -1,
1248 1226 1199 -1,
1248 1199 1221 -1,
1249 1227 1200 -1,
1249 1200 1222 -1,
1250 1201 1223 -1,
1250 1228 1201 -1,
1251 1202 1224 -1,
1251 1229 1202 -1,
1252 1230 1203 -1,
1252 1203 1225 -1,
1253 1231 1204 -1,
1253 1204 1226 -1,
1254 1205 1227 -1,
1254 1232 1205 -1,
1255 1206 1228 -1,
1255 1233 1206 -1,
1256 1207 1229 -1,
1256 1234 1207 -1,
1257 1235 1208 -1,
1257 1208 1230 -1,
1258 1209 1231 -1,
1258 1236 1209 -1,
1259 1210 1232 -1,
1259 1237 1210 -1,
1260 1211 1233 -1,
1260 1238 1211 -1,
1261 1239 1212 -1,
1261 1212 1234 -1,
1261 953 1239 -1,
1262 1213 1235 -1,
1262 1240 1213 -1,
1263 1241 1214 -1,
1263 1214 1236 -1,
1264 1242 1215 -1,
1264 1215 1237 -1,
1265 1243 1216 -1,
1265 1216 1238 -1,
1266 1244 451 -1,
1266 451 452 -1,
1267 1245 1218 -1,
1267 1218 1240 -1,
1268 1246 1219 -1,
1268 1219 1241 -1,
1269 1220 1242 -1,
1269 1247 1220 -1,
1270 1248 1221 -1,
1270 1221 1243 -1,
1271 1249 1222 -1,
1271 1222 1244 -1,
1272 1250 1223 -1,
1272 1223 1245 -1,
1273 1224 1246 -1,
1273 1251 1224 -1,
1274 1252 1225 -1,
1274 1225 1247 -1,
1275 1253 1226 -1,
1275 1226 1248 -1,
1276 1254 1227 -1,
1276 1227 1249 -1,
1277 1255 1228 -1,
1277 1228 1250 -1,
1278 1256 1229 -1,
1278 1229 1251 -1,
1279 1257 1230 -1,
1279 1230 1252 -1,
1280 1231 1253 -1,
1280 1258 1231 -1,
1281 1259 1232 -1,
1281 1232 1254 -1,
1282 1260 1233 -1,
1282 1233 1255 -1,
1283 1234 1256 -1,
1283 953 1261 -1,
1283 1261 1234 -1,
1284 1235 1257 -1,
1284 1262 1235 -1,
1285 1236 1258 -1,
1285 1263 1236 -1,
1286 1237 1259 -1,
1286 1264 1237 -1,
1287 1238 1260 -1,
1287 1265 1238 -1,
1288 1266 452 -1,
1288 452 453 -1,
1289 1267 1240 -1,
1289 1240 1262 -1,
1290 1241 1263 -1,
1290 1268 1241 -1,
1291 1269 1242 -1,
1291 1242 1264 -1,
1292 1243 1265 -1,
1292 1270 1243 -1,
1293 1271 1244 -1,
1293 1244 1266 -1,
1294 1245 1267 -1,
1294 1272 1245 -1,
1295 1246 1268 -1,
1295 1273 1246 -1,
1296 1247 1269 -1,
1296 1274 1247 -1,
1297 1275 1248 -1,
1297 1248 1270 -1,
1298 1276 1249 -1,
1298 1249 1271 -1,
1299 1250 1272 -1,
1299 1277 1250 -1,
1300 1278 1251 -1,
1300 1251 1273 -1,
1301 1279 1252 -1,
1301 1252 1274 -1,
1302 1280 1253 -1,
1302 1253 1275 -1,
1303 1254 1276 -1,
1303 1281 1254 -1,
1304 1255 1277 -1,
1304 1282 1255 -1,
1305 953 1283 -1,
1305 1283 1256 -1,
1305 1256 1278 -1,
1306 1284 1257 -1,
1306 1257 1279 -1,
1307 1285 1258 -1,
1307 1258 1280 -1,
1308 1259 1281 -1,
1308 1286 1259 -1,
1309 1287 1260 -1,
1309 1260 1282 -1,
1310 1288 453 -1,
1310 453 454 -1,
1310 454 455 -1,
1311 1289 1262 -1,
1311 1262 1284 -1,
1312 1290 1263 -1,
1312 1263 1285 -1,
1313 1264 1286 -1,
1313 1291 1264 -1,
1314 1292 1265 -1,
1314 1265 1287 -1,
1315 1293 1266 -1,
1315 1266 1288 -1,
1316 1294 1267 -1,
1316 1267 1289 -1,
1317 1268 1290 -1,
1317 1295 1268 -1,
1318 1269 1291 -1,
1318 1296 1269 -1,
1319 1270 1292 -1,
1319 1297 1270 -1,
1320 1298 1271 -1,
1320 1271 1293 -1,
1321 1272 1294 -1,
1321 1299 1272 -1,
1322 1300 1273 -1,
1322 1273 1295 -1,
1323 1301 1274 -1,
1323 1274 1296 -1,
1324 1275 1297 -1,
1324 1302 1275 -1,
1325 1276 1298 -1,
1325 1303 1276 -1,
1326 1277 1299 -1,
1326 1304 1277 -1,
1327 1278 1300 -1,
1327 1305 1278 -1,
1327 953 1305 -1,
1328 1279 1301 -1,
1328 1306 1279 -1,
1329 1280 1302 -1,
1329 1307 1280 -1,
1330 1281 1303 -1,
1330 1308 1281 -1,
1331 1282 1304 -1,
1331 1309 1282 -1,
1332 1310 455 -1,
1332 455 456 -1,
1333 1311 1284 -1,
1333 1284 1306 -1,
1334 1285 1307 -1,
1334 1312 1285 -1,
1335 1286 1308 -1,
1335 1313 1286 -1,
1336 1287 1309 -1,
1336 1314 1287 -1,
1337 1288 1310 -1,
1337 1315 1288 -1,
1338 1289 1311 -1,
1338 1316 1289 -1,
1339 1317 1290 -1,
1339 1290 1312 -1,
1340 1318 1291 -1,
1340 1291 1313 -1,
1341 1292 1314 -1,
1341 1319 1292 -1,
1342 1320 1293 -1,
1342 1293 1315 -1,
1343 1321 1294 -1,
1343 1294 1316 -1,
1344 1322 1295 -1,
1344 1295 1317 -1,
1345 1296 1318 -1,
1345 1323 1296 -1,
1346 1297 1319 -1,
1346 1324 1297 -1,
1347 1325 1298 -1,
1347 1298 1320 -1,
1348 1326 1299 -1,
1348 1299 1321 -1,
1349 1327 1300 -1,
1349 953 1327 -1,
1349 1300 1322 -1,
1350 1301 1323 -1,
1350 1328 1301 -1,
1351 1302 1324 -1,
1351 1329 1302 -1,
1352 1330 1303 -1,
1352 1303 1325 -1,
1353 1304 1326 -1,
1353 1331 1304 -1,
1354 1332 456 -1,
1354 456 457 -1,
1354 457 458 -1,
1355 1333 1306 -1,
1355 1306 1328 -1,
1356 1307 1329 -1,
1356 1334 1307 -1,
1357 1308 1330 -1,
1357 1335 1308 -1,
1358 1309 1331 -1,
1358 1336 1309 -1,
1359 1337 1310 -1,
1359 1310 1332 -1,
1360 1311 1333 -1,
1360 1338 1311 -1,
1361 1312 1334 -1,
1361 1339 1312 -1,
1362 1313 1335 -1,
1362 1340 1313 -1,
1363 1314 1336 -1,
1363 1341 1314 -1,
1364 1342 1315 -1,
1364 1315 1337 -1,
1365 1316 1338 -1,
1365 1343 1316 -1,
1366 1317 1339 -1,
1366 1344 1317 -1,
1367 1318 1340 -1,
1367 1345 1318 -1,
1368 1346 1319 -1,
1368 1319 1341 -1,
1369 1347 1320 -1,
1369 1320 1342 -1,
1370 1321 1343 -1,
1370 1348 1321 -1,
1371 1322 1344 -1,
1371 1349 1322 -1,
1371 953 1349 -1,
1372 1350 1323 -1,
1372 1323 1345 -1,
1373 1324 1346 -1,
1373 1351 1324 -1,
1374 1325 1347 -1,
1374 1352 1325 -1,
1375 1326 1348 -1,
1375 1353 1326 -1,
1376 1354 458 -1,
1376 458 459 -1,
1377 1328 1350 -1,
1377 1355 1328 -1,
1378 1329 1351 -1,
1378 1356 1329 -1,
1379 1330 1352 -1,
1379 1357 1330 -1,
1380 1331 1353 -1,
1380 1358 1331 -1,
1381 1332 1354 -1,
1381 1359 1332 -1,
1382 1360 1333 -1,
1382 1333 1355 -1,
1383 1334 1356 -1,
1383 1361 1334 -1,
1384 1362 1335 -1,
1384 1335 1357 -1,
1385 1336 1358 -1,
1385 1363 1336 -1,
1386 1337 1359 -1,
1386 1364 1337 -1,
1387 1338 1360 -1,
1387 1365 1338 -1,
1388 1339 1361 -1,
1388 1366 1339 -1,
1389 1340 1362 -1,
1389 1367 1340 -1,
1390 1341 1363 -1,
1390 1368 1341 -1,
1391 1369 1342 -1,
1391 1342 1364 -1,
1392 1370 1343 -1,
1392 1343 1365 -1,
1393 1344 1366 -1,
1393 1371 1344 -1,
1393 953 1371 -1,
1394 1372 1345 -1,
1394 1345 1367 -1,
1395 1346 1368 -1,
1395 1373 1346 -1,
1396 1347 1369 -1,
1396 1374 1347 -1,
1397 1348 1370 -1,
1397 1375 1348 -1,
1398 1376 459 -1,
1398 459 460 -1,
1399 1377 1350 -1,
1399 1350 1372 -1,
1400 1351 1373 -1,
1400 1378 1351 -1,
1401 1379 1352 -1,
1401 1352 1374 -1,
1402 1353 1375 -1,
1402 1380 1353 -1,
1403 1354 1376 -1,
1403 1381 1354 -1,
1404 1355 1377 -1,
1404 1382 1355 -1,
1405 1356 1378 -1,
1405 1383 1356 -1,
1406 1357 1379 -1,
1406 1384 1357 -1,
1407 1358 1380 -1,
1407 1385 1358 -1,
1408 1386 1359 -1,
1408 1359 1381 -1,
1409 1360 1382 -1,
1409 1387 1360 -1,
1410 1361 1383 -1,
1410 1388 1361 -1,
1411 1362 1384 -1,
1411 1389 1362 -1,
1412 1363 1385 -1,
1412 1390 1363 -1,
1413 1391 1364 -1,
1413 1364 1386 -1,
1414 1365 1387 -1,
1414 1392 1365 -1,
1415 1393 1366 -1,
1415 1366 1388 -1,
1415 953 1393 -1,
1416 1367 1389 -1,
1416 1394 1367 -1,
1417 1395 1368 -1,
1417 1368 1390 -1,
1418 1396 1369 -1,
1418 1369 1391 -1,
1419 1397 1370 -1,
1419 1370 1392 -1,
1420 460 461 -1,
1420 1398 460 -1,
1420 461 462 -1,
1421 1399 1372 -1,
1421 1372 1394 -1,
1422 1400 1373 -1,
1422 1373 1395 -1,
1423 1374 1396 -1,
1423 1401 1374 -1,
1424 1375 1397 -1,
1424 1402 1375 -1,
1425 1403 1376 -1,
1425 1376 1398 -1,
1426 1377 1399 -1,
1426 1404 1377 -1,
1427 1378 1400 -1,
1427 1405 1378 -1,
1428 1379 1401 -1,
1428 1406 1379 -1,
1429 1407 1380 -1,
1429 1380 1402 -1,
1430 1408 1381 -1,
1430 1381 1403 -1,
1431 1409 1382 -1,
1431 1382 1404 -1,
1432 1383 1405 -1,
1432 1410 1383 -1,
1433 1384 1406 -1,
1433 1411 1384 -1,
1434 1385 1407 -1,
1434 1412 1385 -1,
1435 1386 1408 -1,
1435 1413 1386 -1,
1436 1414 1387 -1,
1436 1387 1409 -1,
1437 1388 1410 -1,
1437 953 1415 -1,
1437 1415 1388 -1,
1438 1416 1389 -1,
1438 1389 1411 -1,
1439 1417 1390 -1,
1439 1390 1412 -1,
1440 1391 1413 -1,
1440 1418 1391 -1,
1441 1392 1414 -1,
1441 1419 1392 -1,
1442 1420 462 -1,
1442 462 463 -1,
1443 1394 1416 -1,
1443 1421 1394 -1,
1444 1422 1395 -1,
1444 1395 1417 -1,
1445 1396 1418 -1,
1445 1423 1396 -1,
1446 1424 1397 -1,
1446 1397 1419 -1,
1447 1398 1420 -1,
1447 1425 1398 -1,
1448 1426 1399 -1,
1448 1399 1421 -1,
1449 1427 1400 -1,
1449 1400 1422 -1,
1450 1401 1423 -1,
1450 1428 1401 -1,
1451 1429 1402 -1,
1451 1402 1424 -1,
1452 1430 1403 -1,
1452 1403 1425 -1,
1453 1404 1426 -1,
1453 1431 1404 -1,
1454 1405 1427 -1,
1454 1432 1405 -1,
1455 1433 1406 -1,
1455 1406 1428 -1,
1456 1434 1407 -1,
1456 1407 1429 -1,
1457 1408 1430 -1,
1457 1435 1408 -1,
1458 1409 1431 -1,
1458 1436 1409 -1,
1459 1410 1432 -1,
1459 1437 1410 -1,
1459 953 1437 -1,
1460 1438 1411 -1,
1460 1411 1433 -1,
1461 1412 1434 -1,
1461 1439 1412 -1,
1462 1413 1435 -1,
1462 1440 1413 -1,
1463 1414 1436 -1,
1463 1441 1414 -1,
1464 1442 463 -1,
1464 463 464 -1,
1464 464 465 -1,
1465 1416 1438 -1,
1465 1443 1416 -1,
1466 1417 1439 -1,
1466 1444 1417 -1,
1467 1445 1418 -1,
1467 1418 1440 -1,
1468 1419 1441 -1,
1468 1446 1419 -1,
1469 1447 1420 -1,
1469 1420 1442 -1,
1470 1448 1421 -1,
1470 1421 1443 -1,
1471 1449 1422 -1,
1471 1422 1444 -1,
1472 1450 1423 -1,
1472 1423 1445 -1,
1473 1451 1424 -1,
1473 1424 1446 -1,
1474 1425 1447 -1,
1474 1452 1425 -1,
1475 1453 1426 -1,
1475 1426 1448 -1,
1476 1427 1449 -1,
1476 1454 1427 -1,
1477 1428 1450 -1,
1477 1455 1428 -1,
1478 1456 1429 -1,
1478 1429 1451 -1,
1479 1430 1452 -1,
1479 1457 1430 -1,
1480 1431 1453 -1,
1480 1458 1431 -1,
1481 1432 1454 -1,
1481 1459 1432 -1,
1481 953 1459 -1,
1482 1460 1433 -1,
1482 1433 1455 -1,
1483 1434 1456 -1,
1483 1461 1434 -1,
1484 1462 1435 -1,
1484 1435 1457 -1,
1485 1436 1458 -1,
1485 1463 1436 -1,
1486 1464 465 -1,
1486 465 466 -1,
1487 1438 1460 -1,
1487 1465 1438 -1,
1488 1466 1439 -1,
1488 1439 1461 -1,
1489 1467 1440 -1,
1489 1440 1462 -1,
1490 1441 1463 -1,
1490 1468 1441 -1,
1491 1442 1464 -1,
1491 1469 1442 -1,
1492 1443 1465 -1,
1492 1470 1443 -1,
1493 1471 1444 -1,
1493 1444 1466 -1,
1494 1445 1467 -1,
1494 1472 1445 -1,
1495 1446 1468 -1,
1495 1473 1446 -1,
1496 1447 1469 -1,
1496 1474 1447 -1,
1497 1448 1470 -1,
1497 1475 1448 -1,
1498 1449 1471 -1,
1498 1476 1449 -1,
1499 1477 1450 -1,
1499 1450 1472 -1,
1500 1451 1473 -1,
1500 1478 1451 -1,
1501 1479 1452 -1,
1501 1452 1474 -1,
1502 1453 1475 -1,
1502 1480 1453 -1,
1503 1454 1476 -1,
1503 953 1481 -1,
1503 1481 1454 -1,
1504 1482 1455 -1,
1504 1455 1477 -1,
1505 1483 1456 -1,
1505 1456 1478 -1,
1506 1484 1457 -1,
1506 1457 1479 -1,
1507 1485 1458 -1,
1507 1458 1480 -1,
1508 1486 466 -1,
1508 466 467 -1,
1508 467 468 -1,
1509 1487 1460 -1,
1509 1460 1482 -1,
1510 1488 1461 -1,
1510 1461 1483 -1,
1511 1462 1484 -1,
1511 1489 1462 -1,
1512 1463 1485 -1,
1512 1490 1463 -1,
1513 1464 1486 -1,
1513 1491 1464 -1,
1514 1492 1465 -1,
1514 1465 1487 -1,
1515 1493 1466 -1,
1515 1466 1488 -1,
1516 1494 1467 -1,
1516 1467 1489 -1,
1517 1495 1468 -1,
1517 1468 1490 -1,
1518 1496 1469 -1,
1518 1469 1491 -1,
1519 1497 1470 -1,
1519 1470 1492 -1,
1520 1498 1471 -1,
1520 1471 1493 -1,
1521 1499 1472 -1,
1521 1472 1494 -1,
1522 1500 1473 -1,
1522 1473 1495 -1,
1523 1474 1496 -1,
1523 1501 1474 -1,
1524 1502 1475 -1,
1524 1475 1497 -1,
1525 1503 1476 -1,
1525 1476 1498 -1,
1525 953 1503 -1,
1526 1477 1499 -1,
1526 1504 1477 -1,
1527 1478 1500 -1,
1527 1505 1478 -1,
1528 1479 1501 -1,
1528 1506 1479 -1,
1529 1480 1502 -1,
1529 1507 1480 -1,
1530 1508 468 -1,
1530 468 469 -1,
1531 1482 1504 -1,
1531 1509 1482 -1,
1532 1483 1505 -1,
1532 1510 1483 -1,
1533 1511 1484 -1,
1533 1484 1506 -1,
1534 1485 1507 -1,
1534 1512 1485 -1,
1535 1486 1508 -1,
1535 1513 1486 -1,
1536 1514 1487 -1,
1536 1487 1509 -1,
1537 1488 1510 -1,
1537 1515 1488 -1,
1538 1489 1511 -1,
1538 1516 1489 -1,
1539 1490 1512 -1,
1539 1517 1490 -1,
1540 1518 1491 -1,
1540 1491 1513 -1,
1541 1519 1492 -1,
1541 1492 1514 -1,
1542 1493 1515 -1,
1542 1520 1493 -1,
1543 1521 1494 -1,
1543 1494 1516 -1,
1544 1495 1517 -1,
1544 1522 1495 -1,
1545 1523 1496 -1,
1545 1496 1518 -1,
1546 1524 1497 -1,
1546 1497 1519 -1,
1547 953 1525 -1,
1547 1525 1498 -1,
1547 1498 1520 -1,
1548 1526 1499 -1,
1548 1499 1521 -1,
1549 1527 1500 -1,
1549 1500 1522 -1,
1550 1501 1523 -1,
1550 1528 1501 -1,
1551 1502 1524 -1,
1551 1529 1502 -1,
1552 1530 469 -1,
1552 469 470 -1,
1553 1531 1504 -1,
1553 1504 1526 -1,
1554 1505 1527 -1,
1554 1532 1505 -1,
1555 1533 1506 -1,
1555 1506 1528 -1,
1556 1534 1507 -1,
1556 1507 1529 -1,
1557 1508 1530 -1,
1557 1535 1508 -1,
1558 1536 1509 -1,
1558 1509 1531 -1,
1559 1510 1532 -1,
1559 1537 1510 -1,
1560 1511 1533 -1,
1560 1538 1511 -1,
1561 1512 1534 -1,
1561 1539 1512 -1,
1562 1540 1513 -1,
1562 1513 1535 -1,
1563 1541 1514 -1,
1563 1514 1536 -1,
1564 1515 1537 -1,
1564 1542 1515 -1,
1565 1543 1516 -1,
1565 1516 1538 -1,
1566 1544 1517 -1,
1566 1517 1539 -1,
1567 1518 1540 -1,
1567 1545 1518 -1,
1568 1519 1541 -1,
1568 1546 1519 -1,
1569 1520 1542 -1,
1569 953 1547 -1,
1569 1547 1520 -1,
1570 1521 1543 -1,
1570 1548 1521 -1,
1571 1522 1544 -1,
1571 1549 1522 -1,
1572 1523 1545 -1,
1572 1550 1523 -1,
1573 1551 1524 -1,
1573 1524 1546 -1,
1574 1552 470 -1,
1574 470 471 -1,
1574 471 472 -1,
1575 1553 1526 -1,
1575 1526 1548 -1,
1576 1527 1549 -1,
1576 1554 1527 -1,
1577 1555 1528 -1,
1577 1528 1550 -1,
1578 1529 1551 -1,
1578 1556 1529 -1,
1579 1530 1552 -1,
1579 1557 1530 -1,
1580 1558 1531 -1,
1580 1531 1553 -1,
1581 1532 1554 -1,
1581 1559 1532 -1,
1582 1560 1533 -1,
1582 1533 1555 -1,
1583 1561 1534 -1,
1583 1534 1556 -1,
1584 1535 1557 -1,
1584 1562 1535 -1,
1585 1563 1536 -1,
1585 1536 1558 -1,
1586 1564 1537 -1,
1586 1537 1559 -1,
1587 1565 1538 -1,
1587 1538 1560 -1,
1588 1539 1561 -1,
1588 1566 1539 -1,
1589 1567 1540 -1,
1589 1540 1562 -1,
1590 1568 1541 -1,
1590 1541 1563 -1,
1591 1542 1564 -1,
1591 953 1569 -1,
1591 1569 1542 -1,
1592 1543 1565 -1,
1592 1570 1543 -1,
1593 1544 1566 -1,
1593 1571 1544 -1,
1594 1572 1545 -1,
1594 1545 1567 -1,
1595 1546 1568 -1,
1595 1573 1546 -1,
1596 1574 472 -1,
1596 472 473 -1,
1597 1548 1570 -1,
1597 1575 1548 -1,
1598 1549 1571 -1,
1598 1576 1549 -1,
1599 1577 1550 -1,
1599 1550 1572 -1,
1600 1551 1573 -1,
1600 1578 1551 -1,
1601 1552 1574 -1,
1601 1579 1552 -1,
1602 1553 1575 -1,
1602 1580 1553 -1,
1603 1554 1576 -1,
1603 1581 1554 -1,
1604 1555 1577 -1,
1604 1582 1555 -1,
1605 1556 1578 -1,
1605 1583 1556 -1,
1606 1557 1579 -1,
1606 1584 1557 -1,
1607 1558 1580 -1,
1607 1585 1558 -1,
1608 1559 1581 -1,
1608 1586 1559 -1,
1609 1560 1582 -1,
1609 1587 1560 -1,
1610 1561 1583 -1,
1610 1588 1561 -1,
1611 1589 1562 -1,
1611 1562 1584 -1,
1612 1590 1563 -1,
1612 1563 1585 -1,
1613 953 1591 -1,
1613 1564 1586 -1,
1613 1591 1564 -1,
1614 1565 1587 -1,
1614 1592 1565 -1,
1615 1566 1588 -1,
1615 1593 1566 -1,
1616 1567 1589 -1,
1616 1594 1567 -1,
1617 1595 1568 -1,
1617 1568 1590 -1,
1618 474 475 -1,
1618 1596 473 -1,
1618 473 474 -1,
1619 1597 1570 -1,
1619 1570 1592 -1,
1620 1598 1571 -1,
1620 1571 1593 -1,
1621 1599 1572 -1,
1621 1572 1594 -1,
1622 1600 1573 -1,
1622 1573 1595 -1,
1623 1574 1596 -1,
1623 1601 1574 -1,
1624 1575 1597 -1,
1624 1602 1575 -1,
1625 1576 1598 -1,
1625 1603 1576 -1,
1626 1577 1599 -1,
1626 1604 1577 -1,
1627 1605 1578 -1,
1627 1578 1600 -1,
1628 1606 1579 -1,
1628 1579 1601 -1,
1629 1580 1602 -1,
1629 1607 1580 -1,
1630 1581 1603 -1,
1630 1608 1581 -1,
1631 1609 1582 -1,
1631 1582 1604 -1,
1632 1610 1583 -1,
1632 1583 1605 -1,
1633 1584 1606 -1,
1633 1611 1584 -1,
1634 1585 1607 -1,
1634 1612 1585 -1,
1635 953 1613 -1,
1635 1586 1608 -1,
1635 1613 1586 -1,
1636 1587 1609 -1,
1636 1614 1587 -1,
1637 1588 1610 -1,
1637 1615 1588 -1,
1638 1616 1589 -1,
1638 1589 1611 -1,
1639 1590 1612 -1,
1639 1617 1590 -1,
1640 475 476 -1,
1640 1618 475 -1,
1641 1619 1592 -1,
1641 1592 1614 -1,
1642 1620 1593 -1,
1642 1593 1615 -1,
1643 1594 1616 -1,
1643 1621 1594 -1,
1644 1622 1595 -1,
1644 1595 1617 -1,
1645 1623 1596 -1,
1645 1596 1618 -1,
1646 1597 1619 -1,
1646 1624 1597 -1,
1647 1598 1620 -1,
1647 1625 1598 -1,
1648 1599 1621 -1,
1648 1626 1599 -1,
1649 1627 1600 -1,
1649 1600 1622 -1,
1650 1628 1601 -1,
1650 1601 1623 -1,
1651 1629 1602 -1,
1651 1602 1624 -1,
1652 1603 1625 -1,
1652 1630 1603 -1,
1653 1631 1604 -1,
1653 1604 1626 -1,
1654 1632 1605 -1,
1654 1605 1627 -1,
1655 1633 1606 -1,
1655 1606 1628 -1,
1656 1607 1629 -1,
1656 1634 1607 -1,
1657 1608 1630 -1,
1657 1635 1608 -1,
1657 953 1635 -1,
1658 1609 1631 -1,
1658 1636 1609 -1,
1659 1637 1610 -1,
1659 1610 1632 -1,
1660 1611 1633 -1,
1660 1638 1611 -1,
1661 1612 1634 -1,
1661 1639 1612 -1,
1662 476 477 -1,
1662 477 478 -1,
1662 1640 476 -1,
1663 1614 1636 -1,
1663 1641 1614 -1,
1664 1615 1637 -1,
1664 1642 1615 -1,
1665 1643 1616 -1,
1665 1616 1638 -1,
1666 1644 1617 -1,
1666 1617 1639 -1,
1667 1645 1618 -1,
1667 1618 1640 -1,
1668 1646 1619 -1,
1668 1619 1641 -1,
1669 1620 1642 -1,
1669 1647 1620 -1,
1670 1648 1621 -1,
1670 1621 1643 -1,
1671 1649 1622 -1,
1671 1622 1644 -1,
1672 1650 1623 -1,
1672 1623 1645 -1,
1673 1624 1646 -1,
1673 1651 1624 -1,
1674 1625 1647 -1,
1674 1652 1625 -1,
1675 1626 1648 -1,
1675 1653 1626 -1,
1676 1627 1649 -1,
1676 1654 1627 -1,
1677 1628 1650 -1,
1677 1655 1628 -1,
1678 1629 1651 -1,
1678 1656 1629 -1,
1679 953 1657 -1,
1679 1657 1630 -1,
1679 1630 1652 -1,
1680 1658 1631 -1,
1680 1631 1653 -1,
1681 1659 1632 -1,
1681 1632 1654 -1,
1682 1660 1633 -1,
1682 1633 1655 -1,
1683 1634 1656 -1,
1683 1661 1634 -1,
1684 478 479 -1,
1684 1662 478 -1,
1685 1636 1658 -1,
1685 1663 1636 -1,
1686 1664 1637 -1,
1686 1637 1659 -1,
1687 1665 1638 -1,
1687 1638 1660 -1,
1688 1639 1661 -1,
1688 1666 1639 -1,
1689 1640 1662 -1,
1689 1667 1640 -1,
1690 1668 1641 -1,
1690 1641 1663 -1,
1691 1669 1642 -1,
1691 1642 1664 -1,
1692 1643 1665 -1,
1692 1670 1643 -1,
1693 1644 1666 -1,
1693 1671 1644 -1,
1694 1672 1645 -1,
1694 1645 1667 -1,
1695 1646 1668 -1,
1695 1673 1646 -1,
1696 1647 1669 -1,
1696 1674 1647 -1,
1697 1675 1648 -1,
1697 1648 1670 -1,
1698 1649 1671 -1,
1698 1676 1649 -1,
1699 1650 1672 -1,
1699 1677 1650 -1,
1700 1651 1673 -1,
1700 1678 1651 -1,
1701 1652 1674 -1,
1701 1679 1652 -1,
1701 953 1679 -1,
1702 1680 1653 -1,
1702 1653 1675 -1,
1703 1681 1654 -1,
1703 1654 1676 -1,
1704 1655 1677 -1,
1704 1682 1655 -1,
1705 1656 1678 -1,
1705 1683 1656 -1,
1706 479 480 -1,
1706 1684 479 -1,
1707 1685 1658 -1,
1707 1658 1680 -1,
1708 1659 1681 -1,
1708 1686 1659 -1,
1709 1660 1682 -1,
1709 1687 1660 -1,
1710 1661 1683 -1,
1710 1688 1661 -1,
1711 1662 1684 -1,
1711 1689 1662 -1,
1712 1663 1685 -1,
1712 1690 1663 -1,
1713 1664 1686 -1,
1713 1691 1664 -1,
1714 1665 1687 -1,
1714 1692 1665 -1,
1715 1666 1688 -1,
1715 1693 1666 -1,
1716 1694 1667 -1,
1716 1667 1689 -1,
1717 1695 1668 -1,
1717 1668 1690 -1,
1718 1669 1691 -1,
1718 1696 1669 -1,
1719 1670 1692 -1,
1719 1697 1670 -1,
1720 1698 1671 -1,
1720 1671 1693 -1,
1721 1699 1672 -1,
1721 1672 1694 -1,
1722 1700 1673 -1,
1722 1673 1695 -1,
1723 1674 1696 -1,
1723 953 1701 -1,
1723 1701 1674 -1,
1724 1702 1675 -1,
1724 1675 1697 -1,
1725 1676 1698 -1,
1725 1703 1676 -1,
1726 1677 1699 -1,
1726 1704 1677 -1,
1727 1678 1700 -1,
1727 1705 1678 -1,
1728 480 481 -1,
1728 481 482 -1,
1728 1706 480 -1,
1729 1680 1702 -1,
1729 1707 1680 -1,
1730 1681 1703 -1,
1730 1708 1681 -1,
1731 1682 1704 -1,
1731 1709 1682 -1,
1732 1710 1683 -1,
1732 1683 1705 -1,
1733 1711 1684 -1,
1733 1684 1706 -1,
1734 1712 1685 -1,
1734 1685 1707 -1,
1735 1686 1708 -1,
1735 1713 1686 -1,
1736 1687 1709 -1,
1736 1714 1687 -1,
1737 1715 1688 -1,
1737 1688 1710 -1,
1738 1689 1711 -1,
1738 1716 1689 -1,
1739 1690 1712 -1,
1739 1717 1690 -1,
1740 1691 1713 -1,
1740 1718 1691 -1,
1741 1692 1714 -1,
1741 1719 1692 -1,
1742 1693 1715 -1,
1742 1720 1693 -1,
1743 1694 1716 -1,
1743 1721 1694 -1,
1744 1695 1717 -1,
1744 1722 1695 -1,
1745 1723 1696 -1,
1745 953 1723 -1,
1745 1696 1718 -1,
1746 1697 1719 -1,
1746 1724 1697 -1,
1747 1725 1698 -1,
1747 1698 1720 -1,
1748 1699 1721 -1,
1748 1726 1699 -1,
1749 1700 1722 -1,
1749 1727 1700 -1,
1750 482 483 -1,
1750 1728 482 -1,
1751 1702 1724 -1,
1751 1729 1702 -1,
1752 1703 1725 -1,
1752 1730 1703 -1,
1753 1704 1726 -1,
1753 1731 1704 -1,
1754 1732 1705 -1,
1754 1705 1727 -1,
1755 1706 1728 -1,
1755 1733 1706 -1,
1756 1707 1729 -1,
1756 1734 1707 -1,
1757 1708 1730 -1,
1757 1735 1708 -1,
1758 1736 1709 -1,
1758 1709 1731 -1,
1759 1710 1732 -1,
1759 1737 1710 -1,
1760 1711 1733 -1,
1760 1738 1711 -1,
1761 1739 1712 -1,
1761 1712 1734 -1,
1762 1713 1735 -1,
1762 1740 1713 -1,
1763 1741 1714 -1,
1763 1714 1736 -1,
1764 1715 1737 -1,
1764 1742 1715 -1,
1765 1743 1716 -1,
1765 1716 1738 -1,
1766 1744 1717 -1,
1766 1717 1739 -1,
1767 1745 1718 -1,
1767 1718 1740 -1,
1767 953 1745 -1,
1768 1719 1741 -1,
1768 1746 1719 -1,
1769 1720 1742 -1,
1769 1747 1720 -1,
1770 1748 1721 -1,
1770 1721 1743 -1,
1771 1722 1744 -1,
1771 1749 1722 -1,
1772 483 484 -1,
1772 484 485 -1,
1772 1750 483 -1,
1773 1724 1746 -1,
1773 1751 1724 -1,
1774 1725 1747 -1,
1774 1752 1725 -1,
1775 1726 1748 -1,
1775 1753 1726 -1,
1776 1727 1749 -1,
1776 1754 1727 -1,
1777 1755 1728 -1,
1777 1728 1750 -1,
1778 1729 1751 -1,
1778 1756 1729 -1,
1779 1730 1752 -1,
1779 1757 1730 -1,
1780 1731 1753 -1,
1780 1758 1731 -1,
1781 1759 1732 -1,
1781 1732 1754 -1,
1782 1733 1755 -1,
1782 1760 1733 -1,
1783 1734 1756 -1,
1783 1761 1734 -1,
1784 1762 1735 -1,
1784 1735 1757 -1,
1785 1736 1758 -1,
1785 1763 1736 -1,
1786 1737 1759 -1,
1786 1764 1737 -1,
1787 1765 1738 -1,
1787 1738 1760 -1,
1788 1766 1739 -1,
1788 1739 1761 -1,
1789 1740 1762 -1,
1789 1767 1740 -1,
1789 953 1767 -1,
1790 1768 1741 -1,
1790 1741 1763 -1,
1791 1742 1764 -1,
1791 1769 1742 -1,
1792 1743 1765 -1,
1792 1770 1743 -1,
1793 1744 1766 -1,
1793 1771 1744 -1,
1794 485 486 -1,
1794 1772 485 -1,
1795 1773 1746 -1,
1795 1746 1768 -1,
1796 1774 1747 -1,
1796 1747 1769 -1,
1797 1775 1748 -1,
1797 1748 1770 -1,
1798 1749 1771 -1,
1798 1776 1749 -1,
1799 1777 1750 -1,
1799 1750 1772 -1,
1800 1778 1751 -1,
1800 1751 1773 -1,
1801 1752 1774 -1,
1801 1779 1752 -1,
1802 1753 1775 -1,
1802 1780 1753 -1,
1803 1754 1776 -1,
1803 1781 1754 -1,
1804 1782 1755 -1,
1804 1755 1777 -1,
1805 1756 1778 -1,
1805 1783 1756 -1,
1806 1757 1779 -1,
1806 1784 1757 -1,
1807 1785 1758 -1,
1807 1758 1780 -1,
1808 1786 1759 -1,
1808 1759 1781 -1,
1809 1787 1760 -1,
1809 1760 1782 -1,
1810 1788 1761 -1,
1810 1761 1783 -1,
1811 1762 1784 -1,
1811 1789 1762 -1,
1811 953 1789 -1,
1812 1790 1763 -1,
1812 1763 1785 -1,
1813 1791 1764 -1,
1813 1764 1786 -1,
1814 1765 1787 -1,
1814 1792 1765 -1,
1815 1793 1766 -1,
1815 1766 1788 -1,
1816 486 487 -1,
1816 487 488 -1,
1816 1794 486 -1,
1817 1768 1790 -1,
1817 1795 1768 -1,
1818 1796 1769 -1,
1818 1769 1791 -1,
1819 1770 1792 -1,
1819 1797 1770 -1,
1820 1798 1771 -1,
1820 1771 1793 -1,
1821 1772 1794 -1,
1821 1799 1772 -1,
1822 1800 1773 -1,
1822 1773 1795 -1,
1823 1774 1796 -1,
1823 1801 1774 -1,
1824 1775 1797 -1,
1824 1802 1775 -1,
1825 1803 1776 -1,
1825 1776 1798 -1,
1826 1804 1777 -1,
1826 1777 1799 -1,
1827 1805 1778 -1,
1827 1778 1800 -1,
1828 1779 1801 -1,
1828 1806 1779 -1,
1829 1807 1780 -1,
1829 1780 1802 -1,
1830 1781 1803 -1,
1830 1808 1781 -1,
1831 1809 1782 -1,
1831 1782 1804 -1,
1832 1810 1783 -1,
1832 1783 1805 -1,
1833 953 1811 -1,
1833 1784 1806 -1,
1833 1811 1784 -1,
1834 1785 1807 -1,
1834 1812 1785 -1,
1835 1813 1786 -1,
1835 1786 1808 -1,
1836 1787 1809 -1,
1836 1814 1787 -1,
1837 1815 1788 -1,
1837 1788 1810 -1,
1838 488 489 -1,
1838 1816 488 -1,
1839 1817 1790 -1,
1839 1790 1812 -1,
1840 1791 1813 -1,
1840 1818 1791 -1,
1841 1819 1792 -1,
1841 1792 1814 -1,
1842 1793 1815 -1,
1842 1820 1793 -1,
1843 1794 1816 -1,
1843 1821 1794 -1,
1844 1822 1795 -1,
1844 1795 1817 -1,
1845 1823 1796 -1,
1845 1796 1818 -1,
1846 1824 1797 -1,
1846 1797 1819 -1,
1847 1825 1798 -1,
1847 1798 1820 -1,
1848 1799 1821 -1,
1848 1826 1799 -1,
1849 1800 1822 -1,
1849 1827 1800 -1,
1850 1828 1801 -1,
1850 1801 1823 -1,
1851 1802 1824 -1,
1851 1829 1802 -1,
1852 1803 1825 -1,
1852 1830 1803 -1,
1853 1831 1804 -1,
1853 1804 1826 -1,
1854 1832 1805 -1,
1854 1805 1827 -1,
1855 1806 1828 -1,
1855 953 1833 -1,
1855 1833 1806 -1,
1856 1834 1807 -1,
1856 1807 1829 -1,
1857 1835 1808 -1,
1857 1808 1830 -1,
1858 1809 1831 -1,
1858 1836 1809 -1,
1859 1810 1832 -1,
1859 1837 1810 -1,
1860 1838 489 -1,
1860 489 490 -1,
1861 1812 1834 -1,
1861 1839 1812 -1,
1862 1813 1835 -1,
1862 1840 1813 -1,
1863 1814 1836 -1,
1863 1841 1814 -1,
1864 1842 1815 -1,
1864 1815 1837 -1,
1865 1816 1838 -1,
1865 1843 1816 -1,
1866 1817 1839 -1,
1866 1844 1817 -1,
1867 1818 1840 -1,
1867 1845 1818 -1,
1868 1846 1819 -1,
1868 1819 1841 -1,
1869 1820 1842 -1,
1869 1847 1820 -1,
1870 1821 1843 -1,
1870 1848 1821 -1,
1871 1822 1844 -1,
1871 1849 1822 -1,
1872 1823 1845 -1,
1872 1850 1823 -1,
1873 1824 1846 -1,
1873 1851 1824 -1,
1874 1825 1847 -1,
1874 1852 1825 -1,
1875 1826 1848 -1,
1875 1853 1826 -1,
1876 1854 1827 -1,
1876 1827 1849 -1,
1877 953 1855 -1,
1877 1855 1828 -1,
1877 1828 1850 -1,
1878 1829 1851 -1,
1878 1856 1829 -1,
1879 1830 1852 -1,
1879 1857 1830 -1,
1880 1858 1831 -1,
1880 1831 1853 -1,
1881 1832 1854 -1,
1881 1859 1832 -1,
1882 1860 490 -1,
1882 490 491 -1,
1882 491 492 -1,
1883 1834 1856 -1,
1883 1861 1834 -1,
1884 1835 1857 -1,
1884 1862 1835 -1,
1885 1863 1836 -1,
1885 1836 1858 -1,
1886 1837 1859 -1,
1886 1864 1837 -1,
1887 1838 1860 -1,
1887 1865 1838 -1,
1888 1866 1839 -1,
1888 1839 1861 -1,
1889 1867 1840 -1,
1889 1840 1862 -1,
1890 1841 1863 -1,
1890 1868 1841 -1,
1891 1869 1842 -1,
1891 1842 1864 -1,
1892 1843 1865 -1,
1892 1870 1843 -1,
1893 1844 1866 -1,
1893 1871 1844 -1,
1894 1845 1867 -1,
1894 1872 1845 -1,
1895 1873 1846 -1,
1895 1846 1868 -1,
1896 1847 1869 -1,
1896 1874 1847 -1,
1897 1875 1848 -1,
1897 1848 1870 -1,
1898 1849 1871 -1,
1898 1876 1849 -1,
1899 1850 1872 -1,
1899 953 1877 -1,
1899 1877 1850 -1,
1900 1878 1851 -1,
1900 1851 1873 -1,
1901 1852 1874 -1,
1901 1879 1852 -1,
1902 1880 1853 -1,
1902 1853 1875 -1,
1903 1881 1854 -1,
1903 1854 1876 -1,
1904 492 493 -1,
1904 1882 492 -1,
1905 1883 1856 -1,
1905 1856 1878 -1,
1906 1857 1879 -1,
1906 1884 1857 -1,
1907 1858 1880 -1,
1907 1885 1858 -1,
1908 1886 1859 -1,
1908 1859 1881 -1,
1909 1860 1882 -1,
1909 1887 1860 -1,
1910 1861 1883 -1,
1910 1888 1861 -1,
1911 1862 1884 -1,
1911 1889 1862 -1,
1912 1890 1863 -1,
1912 1863 1885 -1,
1913 1891 1864 -1,
1913 1864 1886 -1,
1914 1892 1865 -1,
1914 1865 1887 -1,
1915 1866 1888 -1,
1915 1893 1866 -1,
1916 1867 1889 -1,
1916 1894 1867 -1,
1917 1868 1890 -1,
1917 1895 1868 -1,
1918 1896 1869 -1,
1918 1869 1891 -1,
1919 1897 1870 -1,
1919 1870 1892 -1,
1920 1898 1871 -1,
1920 1871 1893 -1,
1921 1872 1894 -1,
1921 1899 1872 -1,
1921 953 1899 -1,
1922 1873 1895 -1,
1922 1900 1873 -1,
1923 1874 1896 -1,
1923 1901 1874 -1,
1924 1875 1897 -1,
1924 1902 1875 -1,
1925 1876 1898 -1,
1925 1903 1876 -1,
1926 493 494 -1,
1926 494 495 -1,
1926 1904 493 -1,
1927 1905 1878 -1,
1927 1878 1900 -1,
1928 1879 1901 -1,
1928 1906 1879 -1,
1929 1880 1902 -1,
1929 1907 1880 -1,
1930 1881 1903 -1,
1930 1908 1881 -1,
1931 1882 1904 -1,
1931 1909 1882 -1,
1932 1883 1905 -1,
1932 1910 1883 -1,
1933 1911 1884 -1,
1933 1884 1906 -1,
1934 1885 1907 -1,
1934 1912 1885 -1,
1935 1913 1886 -1,
1935 1886 1908 -1,
1936 1914 1887 -1,
1936 1887 1909 -1,
1937 1888 1910 -1,
1937 1915 1888 -1,
1938 1916 1889 -1,
1938 1889 1911 -1,
1939 1917 1890 -1,
1939 1890 1912 -1,
1940 1891 1913 -1,
1940 1918 1891 -1,
1941 1919 1892 -1,
1941 1892 1914 -1,
1942 1893 1915 -1,
1942 1920 1893 -1,
1943 1921 1894 -1,
1943 1894 1916 -1,
1943 953 1921 -1,
1944 1895 1917 -1,
1944 1922 1895 -1,
1945 1923 1896 -1,
1945 1896 1918 -1,
1946 1897 1919 -1,
1946 1924 1897 -1,
1947 1898 1920 -1,
1947 1925 1898 -1,
1948 1926 495 -1,
1948 495 496 -1,
1949 1900 1922 -1,
1949 1927 1900 -1,
1950 1928 1901 -1,
1950 1901 1923 -1,
1951 1902 1924 -1,
1951 1929 1902 -1,
1952 1903 1925 -1,
1952 1930 1903 -1,
1953 1904 1926 -1,
1953 1931 1904 -1,
1954 1932 1905 -1,
1954 1905 1927 -1,
1955 1933 1906 -1,
1955 1906 1928 -1,
1956 1907 1929 -1,
1956 1934 1907 -1,
1957 1908 1930 -1,
1957 1935 1908 -1,
1958 1936 1909 -1,
1958 1909 1931 -1,
1959 1910 1932 -1,
1959 1937 1910 -1,
1960 1911 1933 -1,
1960 1938 1911 -1,
1961 1939 1912 -1,
1961 1912 1934 -1,
1962 1913 1935 -1,
1962 1940 1913 -1,
1963 1914 1936 -1,
1963 1941 1914 -1,
1964 1915 1937 -1,
1964 1942 1915 -1,
1965 1916 1938 -1,
1965 1943 1916 -1,
1965 953 1943 -1,
1966 1917 1939 -1,
1966 1944 1917 -1,
1967 1945 1918 -1,
1967 1918 1940 -1,
1968 1946 1919 -1,
1968 1919 1941 -1,
1969 1920 1942 -1,
1969 1947 1920 -1,
1970 496 497 -1,
1970 1948 496 -1,
1971 1949 1922 -1,
1971 1922 1944 -1,
1972 1923 1945 -1,
1972 1950 1923 -1,
1973 1951 1924 -1,
1973 1924 1946 -1,
1974 1952 1925 -1,
1974 1925 1947 -1,
1975 1953 1926 -1,
1975 1926 1948 -1,
1976 1927 1949 -1,
1976 1954 1927 -1,
1977 1928 1950 -1,
1977 1955 1928 -1,
1978 1956 1929 -1,
1978 1929 1951 -1,
1979 1957 1930 -1,
1979 1930 1952 -1,
1980 1958 1931 -1,
1980 1931 1953 -1,
1981 1959 1932 -1,
1981 1932 1954 -1,
1982 1960 1933 -1,
1982 1933 1955 -1,
1983 1961 1934 -1,
1983 1934 1956 -1,
1984 1935 1957 -1,
1984 1962 1935 -1,
1985 1963 1936 -1,
1985 1936 1958 -1,
1986 1964 1937 -1,
1986 1937 1959 -1,
1987 1965 1938 -1,
1987 1938 1960 -1,
1987 953 1965 -1,
1988 1939 1961 -1,
1988 1966 1939 -1,
1989 1967 1940 -1,
1989 1940 1962 -1,
1990 1968 1941 -1,
1990 1941 1963 -1,
1991 1942 1964 -1,
1991 1969 1942 -1,
1992 497 498 -1,
1992 498 499 -1,
1992 1970 497 -1,
1993 1944 1966 -1,
1993 1971 1944 -1,
1994 1972 1945 -1,
1994 1945 1967 -1,
1995 1946 1968 -1,
1995 1973 1946 -1,
1996 1947 1969 -1,
1996 1974 1947 -1,
1997 1948 1970 -1,
1997 1975 1948 -1,
1998 1949 1971 -1,
1998 1976 1949 -1,
1999 1950 1972 -1,
1999 1977 1950 -1,
2000 1951 1973 -1,
2000 1978 1951 -1,
2001 1979 1952 -1,
2001 1952 1974 -1,
2002 1953 1975 -1,
2002 1980 1953 -1,
2003 1954 1976 -1,
2003 1981 1954 -1,
2004 1982 1955 -1,
2004 1955 1977 -1,
2005 1983 1956 -1,
2005 1956 1978 -1,
2006 1984 1957 -1,
2006 1957 1979 -1,
2007 1958 1980 -1,
2007 1985 1958 -1,
2008 1959 1981 -1,
2008 1986 1959 -1,
2009 1960 1982 -1,
2009 1987 1960 -1,
2009 953 1987 -1,
2010 1961 1983 -1,
2010 1988 1961 -1,
2011 1962 1984 -1,
2011 1989 1962 -1,
2012 1990 1963 -1,
2012 1963 1985 -1,
2013 1964 1986 -1,
2013 1991 1964 -1,
2014 499 500 -1,
2014 1992 499 -1,
2015 1966 1988 -1,
2015 1993 1966 -1,
2016 1994 1967 -1,
2016 1967 1989 -1,
2017 1968 1990 -1,
2017 1995 1968 -1,
2018 1996 1969 -1,
2018 1969 1991 -1,
2019 1970 1992 -1,
2019 1997 1970 -1,
2020 1998 1971 -1,
2020 1971 1993 -1,
2021 1999 1972 -1,
2021 1972 1994 -1,
2022 1973 1995 -1,
2022 2000 1973 -1,
2023 1974 1996 -1,
2023 2001 1974 -1,
2024 1975 1997 -1,
2024 2002 1975 -1,
2025 2003 1976 -1,
2025 1976 1998 -1,
2026 1977 1999 -1,
2026 2004 1977 -1,
2027 2005 1978 -1,
2027 1978 2000 -1,
2028 1979 2001 -1,
2028 2006 1979 -1,
2029 1980 2002 -1,
2029 2007 1980 -1,
2030 2008 1981 -1,
2030 1981 2003 -1,
2031 1982 2004 -1,
2031 2009 1982 -1,
2031 953 2009 -1,
2032 1983 2005 -1,
2032 2010 1983 -1,
2033 1984 2006 -1,
2033 2011 1984 -1,
2034 1985 2007 -1,
2034 2012 1985 -1,
2035 2013 1986 -1,
2035 1986 2008 -1,
2036 500 501 -1,
2036 501 502 -1,
2036 2014 500 -1,
2037 2015 1988 -1,
2037 1988 2010 -1,
2038 2016 1989 -1,
2038 1989 2011 -1,
2039 2017 1990 -1,
2039 1990 2012 -1,
2040 1991 2013 -1,
2040 2018 1991 -1,
2041 2019 1992 -1,
2041 1992 2014 -1,
2042 1993 2015 -1,
2042 2020 1993 -1,
2043 1994 2016 -1,
2043 2021 1994 -1,
2044 1995 2017 -1,
2044 2022 1995 -1,
2045 2023 1996 -1,
2045 1996 2018 -1,
2046 2024 1997 -1,
2046 1997 2019 -1,
2047 1998 2020 -1,
2047 2025 1998 -1,
2048 2026 1999 -1,
2048 1999 2021 -1,
2049 2027 2000 -1,
2049 2000 2022 -1,
2050 2028 2001 -1,
2050 2001 2023 -1,
2051 2029 2002 -1,
2051 2002 2024 -1,
2052 2003 2025 -1,
2052 2030 2003 -1,
2053 2031 2004 -1,
2053 2004 2026 -1,
2053 953 2031 -1,
2054 2032 2005 -1,
2054 2005 2027 -1,
2055 2006 2028 -1,
2055 2033 2006 -1,
2056 2034 2007 -1,
2056 2007 2029 -1,
2057 2008 2030 -1,
2057 2035 2008 -1,
2058 502 503 -1,
2058 2036 502 -1,
2059 2010 2032 -1,
2059 2037 2010 -1,
2060 2011 2033 -1,
2060 2038 2011 -1,
2061 2012 2034 -1,
2061 2039 2012 -1,
2062 2040 2013 -1,
2062 2013 2035 -1,
2063 2014 2036 -1,
2063 2041 2014 -1,
2064 2042 2015 -1,
2064 2015 2037 -1,
2065 2016 2038 -1,
2065 2043 2016 -1,
2066 2017 2039 -1,
2066 2044 2017 -1,
2067 2018 2040 -1,
2067 2045 2018 -1,
2068 2046 2019 -1,
2068 2019 2041 -1,
2069 2047 2020 -1,
2069 2020 2042 -1,
2070 2021 2043 -1,
2070 2048 2021 -1,
2071 2049 2022 -1,
2071 2022 2044 -1,
2072 2023 2045 -1,
2072 2050 2023 -1,
2073 2051 2024 -1,
2073 2024 2046 -1,
2074 2025 2047 -1,
2074 2052 2025 -1,
2075 2053 2026 -1,
2075 953 2053 -1,
2075 2026 2048 -1,
2076 2027 2049 -1,
2076 2054 2027 -1,
2077 2055 2028 -1,
2077 2028 2050 -1,
2078 2056 2029 -1,
2078 2029 2051 -1,
2079 2030 2052 -1,
2079 2057 2030 -1,
2080 503 504 -1,
2080 504 505 -1,
2080 2058 503 -1,
2081 2032 2054 -1,
2081 2059 2032 -1,
2082 2060 2033 -1,
2082 2033 2055 -1,
2083 2034 2056 -1,
2083 2061 2034 -1,
2084 2062 2035 -1,
2084 2035 2057 -1,
2085 2036 2058 -1,
2085 2063 2036 -1,
2086 2037 2059 -1,
2086 2064 2037 -1,
2087 2038 2060 -1,
2087 2065 2038 -1,
2088 2066 2039 -1,
2088 2039 2061 -1,
2089 2040 2062 -1,
2089 2067 2040 -1,
2090 2041 2063 -1,
2090 2068 2041 -1,
2091 2069 2042 -1,
2091 2042 2064 -1,
2092 2043 2065 -1,
2092 2070 2043 -1,
2093 2071 2044 -1,
2093 2044 2066 -1,
2094 2045 2067 -1,
2094 2072 2045 -1,
2095 2073 2046 -1,
2095 2046 2068 -1,
2096 2047 2069 -1,
2096 2074 2047 -1,
2097 2048 2070 -1,
2097 2075 2048 -1,
2097 953 2075 -1,
2098 2049 2071 -1,
2098 2076 2049 -1,
2099 2050 2072 -1,
2099 2077 2050 -1,
2100 2051 2073 -1,
2100 2078 2051 -1,
2101 2052 2074 -1,
2101 2079 2052 -1,
2102 505 506 -1,
2102 506 508 -1,
2102 2080 505 -1,
2103 2081 2054 -1,
2103 2054 2076 -1,
2104 2082 2055 -1,
2104 2055 2077 -1,
2105 2083 2056 -1,
2105 2056 2078 -1,
2106 2084 2057 -1,
2106 2057 2079 -1,
2107 2085 2058 -1,
2107 2058 2080 -1,
2108 2059 2081 -1,
2108 2086 2059 -1,
2109 2087 2060 -1,
2109 2060 2082 -1,
2110 2088 2061 -1,
2110 2061 2083 -1,
2111 2062 2084 -1,
2111 2089 2062 -1,
2112 2090 2063 -1,
2112 2063 2085 -1,
2113 2064 2086 -1,
2113 2091 2064 -1,
2114 2065 2087 -1,
2114 2092 2065 -1,
2115 2066 2088 -1,
2115 2093 2066 -1,
2116 2094 2067 -1,
2116 2067 2089 -1,
2117 2068 2090 -1,
2117 2095 2068 -1,
2118 2069 2091 -1,
2118 2096 2069 -1,
2119 953 2097 -1,
2119 2097 2070 -1,
2119 2070 2092 -1,
2120 2098 2071 -1,
2120 2071 2093 -1,
2121 2099 2072 -1,
2121 2072 2094 -1,
2122 2100 2073 -1,
2122 2073 2095 -1,
2123 2101 2074 -1,
2123 2074 2096 -1,
2124 2076 2098 -1,
2124 2103 2076 -1,
2125 2077 2099 -1,
2125 2104 2077 -1,
2126 2078 2100 -1,
2126 2105 2078 -1,
2127 2079 2101 -1,
2127 2106 2079 -1,
2128 2102 508 -1,
2128 2080 2102 -1,
2128 508 512 -1,
2128 2107 2080 -1,
2129 2081 2103 -1,
2129 2108 2081 -1,
2130 2082 2104 -1,
2130 2109 2082 -1,
2131 2110 2083 -1,
2131 2083 2105 -1,
2132 2111 2084 -1,
2132 2084 2106 -1,
2133 2112 2085 -1,
2133 2085 2107 -1,
2134 2113 2086 -1,
2134 2086 2108 -1,
2135 2087 2109 -1,
2135 2114 2087 -1,
2136 2115 2088 -1,
2136 2088 2110 -1,
2137 2116 2089 -1,
2137 2089 2111 -1,
2138 2117 2090 -1,
2138 2090 2112 -1,
2139 2091 2113 -1,
2139 2118 2091 -1,
2140 2092 2114 -1,
2140 2119 2092 -1,
2140 953 2119 -1,
2141 2093 2115 -1,
2141 2120 2093 -1,
2142 2094 2116 -1,
2142 2121 2094 -1,
2143 2122 2095 -1,
2143 2095 2117 -1,
2144 2123 2096 -1,
2144 2096 2118 -1,
2145 2098 2120 -1,
2145 2124 2098 -1,
2146 2125 2099 -1,
2146 2099 2121 -1,
2147 2100 2122 -1,
2147 2126 2100 -1,
2148 2101 2123 -1,
2148 2127 2101 -1,
2149 2103 2124 -1,
2149 2129 2103 -1,
2150 2130 2104 -1,
2150 2104 2125 -1,
2151 2131 2105 -1,
2151 2105 2126 -1,
2152 2132 2106 -1,
2152 2106 2127 -1,
2153 2107 2128 -1,
2153 2133 2107 -1,
2154 2134 2108 -1,
2154 2108 2129 -1,
2155 2109 2130 -1,
2155 2135 2109 -1,
2156 2110 2131 -1,
2156 2136 2110 -1,
2157 2111 2132 -1,
2157 2137 2111 -1,
2158 2112 2133 -1,
2158 2138 2112 -1,
2159 2113 2134 -1,
2159 2139 2113 -1,
2160 2140 2114 -1,
2160 2114 2135 -1,
2160 953 2140 -1,
2161 2115 2136 -1,
2161 2141 2115 -1,
2162 2116 2137 -1,
2162 2142 2116 -1,
2163 2143 2117 -1,
2163 2117 2138 -1,
2164 2144 2118 -1,
2164 2118 2139 -1,
2165 2120 2141 -1,
2165 2145 2120 -1,
2166 2121 2142 -1,
2166 2146 2121 -1,
2167 2122 2143 -1,
2167 2147 2122 -1,
2168 2123 2144 -1,
2168 2148 2123 -1,
2169 2149 2124 -1,
2169 2124 2145 -1,
2170 2125 2146 -1,
2170 2150 2125 -1,
2171 2151 2126 -1,
2171 2126 2147 -1,
2172 2127 2148 -1,
2172 2152 2127 -1,
2173 2128 512 -1,
2173 2153 2128 -1,
2173 512 516 -1,
2173 516 517 -1,
2174 2154 2129 -1,
2174 2129 2149 -1,
2175 2130 2150 -1,
2175 2155 2130 -1,
2176 2156 2131 -1,
2176 2131 2151 -1,
2177 2132 2152 -1,
2177 2157 2132 -1,
2178 2158 2133 -1,
2178 2133 2153 -1,
2179 2134 2154 -1,
2179 2159 2134 -1,
2180 2135 2155 -1,
2180 2160 2135 -1,
2180 953 2160 -1,
2181 2161 2136 -1,
2181 2136 2156 -1,
2182 2162 2137 -1,
2182 2137 2157 -1,
2183 2163 2138 -1,
2183 2138 2158 -1,
2184 2164 2139 -1,
2184 2139 2159 -1,
2185 2165 2141 -1,
2185 2141 2161 -1,
2186 2142 2162 -1,
2186 2166 2142 -1,
2187 2167 2143 -1,
2187 2143 2163 -1,
2188 2144 2164 -1,
2188 2168 2144 -1,
2189 2145 2165 -1,
2189 2169 2145 -1,
2190 2146 2166 -1,
2190 2170 2146 -1,
2191 2147 2167 -1,
2191 2171 2147 -1,
2192 2148 2168 -1,
2192 2172 2148 -1,
2193 2149 2169 -1,
2193 2174 2149 -1,
2194 2150 2170 -1,
2194 2175 2150 -1,
2195 2151 2171 -1,
2195 2176 2151 -1,
2196 2177 2152 -1,
2196 2152 2172 -1,
2197 2153 2173 -1,
2197 517 525 -1,
2197 2173 517 -1,
2197 2178 2153 -1,
2198 2179 2154 -1,
2198 2154 2174 -1,
2199 2155 2175 -1,
2199 2180 2155 -1,
2199 953 2180 -1,
2200 2156 2176 -1,
2200 2181 2156 -1,
2201 2157 2177 -1,
2201 2182 2157 -1,
2202 2183 2158 -1,
2202 2158 2178 -1,
2203 2159 2179 -1,
2203 2184 2159 -1,
2204 2185 2161 -1,
2204 2161 2181 -1,
2205 2186 2162 -1,
2205 2162 2182 -1,
2206 2187 2163 -1,
2206 2163 2183 -1,
2207 2164 2184 -1,
2207 2188 2164 -1,
2208 2165 2185 -1,
2208 2189 2165 -1,
2209 2190 2166 -1,
2209 2166 2186 -1,
2210 2191 2167 -1,
2210 2167 2187 -1,
2211 2192 2168 -1,
2211 2168 2188 -1,
2212 2169 2189 -1,
2212 2193 2169 -1,
2213 2170 2190 -1,
2213 2194 2170 -1,
2214 2195 2171 -1,
2214 2171 2191 -1,
2215 2196 2172 -1,
2215 2172 2192 -1,
2216 2198 2174 -1,
2216 2174 2193 -1,
2217 953 2199 -1,
2217 2199 2175 -1,
2217 2175 2194 -1,
2218 2200 2176 -1,
2218 2176 2195 -1,
2219 2201 2177 -1,
2219 2177 2196 -1,
2220 2178 2197 -1,
2220 2202 2178 -1,
2221 2203 2179 -1,
2221 2179 2198 -1,
2222 2181 2200 -1,
2222 2204 2181 -1,
2223 2205 2182 -1,
2223 2182 2201 -1,
2224 2183 2202 -1,
2224 2206 2183 -1,
2225 2184 2203 -1,
2225 2207 2184 -1,
2226 2185 2204 -1,
2226 2208 2185 -1,
2227 2186 2205 -1,
2227 2209 2186 -1,
2228 2187 2206 -1,
2228 2210 2187 -1,
2229 2188 2207 -1,
2229 2211 2188 -1,
2230 2189 2208 -1,
2230 2212 2189 -1,
2231 2213 2190 -1,
2231 2190 2209 -1,
2232 2191 2210 -1,
2232 2214 2191 -1,
2233 2192 2211 -1,
2233 2215 2192 -1,
2234 2216 2193 -1,
2234 2193 2212 -1,
2235 953 2217 -1,
2235 2194 2213 -1,
2235 2217 2194 -1,
2236 2195 2214 -1,
2236 2218 2195 -1,
2237 2219 2196 -1,
2237 2196 2215 -1,
2238 2197 525 -1,
2238 525 531 -1,
2238 531 532 -1,
2238 2220 2197 -1,
2239 2221 2198 -1,
2239 2198 2216 -1,
2240 2200 2218 -1,
2240 2222 2200 -1,
2241 2223 2201 -1,
2241 2201 2219 -1,
2242 2224 2202 -1,
2242 2202 2220 -1,
2243 2203 2221 -1,
2243 2225 2203 -1,
2244 2226 2204 -1,
2244 2204 2222 -1,
2245 2205 2223 -1,
2245 2227 2205 -1,
2246 2228 2206 -1,
2246 2206 2224 -1,
2247 2207 2225 -1,
2247 2229 2207 -1,
2248 2208 2226 -1,
2248 2230 2208 -1,
2249 2231 2209 -1,
2249 2209 2227 -1,
2250 2232 2210 -1,
2250 2210 2228 -1,
2251 2233 2211 -1,
2251 2211 2229 -1,
2252 2212 2230 -1,
2252 2234 2212 -1,
2253 2213 2231 -1,
2253 2235 2213 -1,
2253 953 2235 -1,
2254 2236 2214 -1,
2254 2214 2232 -1,
2255 2237 2215 -1,
2255 2215 2233 -1,
2256 2216 2234 -1,
2256 2239 2216 -1,
2257 2240 2218 -1,
2257 2218 2236 -1,
2258 2219 2237 -1,
2258 2241 2219 -1,
2259 2238 532 -1,
2259 2220 2238 -1,
2259 532 545 -1,
2259 2242 2220 -1,
2260 2243 2221 -1,
2260 2221 2239 -1,
2261 2244 2222 -1,
2261 2222 2240 -1,
2262 2223 2241 -1,
2262 2245 2223 -1,
2263 2246 2224 -1,
2263 2224 2242 -1,
2264 2225 2243 -1,
2264 2247 2225 -1,
2265 2248 2226 -1,
2265 2226 2244 -1,
2266 2227 2245 -1,
2266 2249 2227 -1,
2267 2250 2228 -1,
2267 2228 2246 -1,
2268 2251 2229 -1,
2268 2229 2247 -1,
2269 2252 2230 -1,
2269 2230 2248 -1,
2270 2253 2231 -1,
2270 2231 2249 -1,
2270 953 2253 -1,
2271 2232 2250 -1,
2271 2254 2232 -1,
2272 2233 2251 -1,
2272 2255 2233 -1,
2273 2234 2252 -1,
2273 2256 2234 -1,
2274 2236 2254 -1,
2274 2257 2236 -1,
2275 2258 2237 -1,
2275 2237 2255 -1,
2276 2239 2256 -1,
2276 2260 2239 -1,
2277 2261 2240 -1,
2277 2240 2257 -1,
2278 2262 2241 -1,
2278 2241 2258 -1,
2279 2263 2242 -1,
2279 2242 2259 -1,
2280 2243 2260 -1,
2280 2264 2243 -1,
2281 2244 2261 -1,
2281 2265 2244 -1,
2282 2245 2262 -1,
2282 2266 2245 -1,
2283 2267 2246 -1,
2283 2246 2263 -1,
2284 2268 2247 -1,
2284 2247 2264 -1,
2285 2248 2265 -1,
2285 2269 2248 -1,
2286 2249 2266 -1,
2286 2270 2249 -1,
2286 953 2270 -1,
2287 2250 2267 -1,
2287 2271 2250 -1,
2288 2251 2268 -1,
2288 2272 2251 -1,
2289 2273 2252 -1,
2289 2252 2269 -1,
2290 2254 2271 -1,
2290 2274 2254 -1,
2291 2255 2272 -1,
2291 2275 2255 -1,
2292 2256 2273 -1,
2292 2276 2256 -1,
2293 2257 2274 -1,
2293 2277 2257 -1,
2294 2258 2275 -1,
2294 2278 2258 -1,
2295 545 554 -1,
2295 2279 2259 -1,
2295 2259 545 -1,
2296 2280 2260 -1,
2296 2260 2276 -1,
2297 2261 2277 -1,
2297 2281 2261 -1,
2298 2262 2278 -1,
2298 2282 2262 -1,
2299 2283 2263 -1,
2299 2263 2279 -1,
2300 2284 2264 -1,
2300 2264 2280 -1,
2301 2265 2281 -1,
2301 2285 2265 -1,
2302 2266 2282 -1,
2302 953 2286 -1,
2302 2286 2266 -1,
2303 2267 2283 -1,
2303 2287 2267 -1,
2304 2268 2284 -1,
2304 2288 2268 -1,
2305 2289 2269 -1,
2305 2269 2285 -1,
2306 2290 2271 -1,
2306 2271 2287 -1,
2307 2291 2272 -1,
2307 2272 2288 -1,
2308 2273 2289 -1,
2308 2292 2273 -1,
2309 2293 2274 -1,
2309 2274 2290 -1,
2310 2275 2291 -1,
2310 2294 2275 -1,
2311 2296 2276 -1,
2311 2276 2292 -1,
2312 2297 2277 -1,
2312 2277 2293 -1,
2313 2298 2278 -1,
2313 2278 2294 -1,
2314 2279 2295 -1,
2314 2299 2279 -1,
2314 554 571 -1,
2314 571 572 -1,
2314 2295 554 -1,
2315 2280 2296 -1,
2315 2300 2280 -1,
2316 2281 2297 -1,
2316 2301 2281 -1,
2317 2302 2282 -1,
2317 2282 2298 -1,
2317 953 2302 -1,
2318 2283 2299 -1,
2318 2303 2283 -1,
2319 2304 2284 -1,
2319 2284 2300 -1,
2320 2305 2285 -1,
2320 2285 2301 -1,
2321 2287 2303 -1,
2321 2306 2287 -1,
2322 2288 2304 -1,
2322 2307 2288 -1,
2323 2289 2305 -1,
2323 2308 2289 -1,
2324 2309 2290 -1,
2324 2290 2306 -1,
2325 2291 2307 -1,
2325 2310 2291 -1,
2326 2311 2292 -1,
2326 2292 2308 -1,
2327 2293 2309 -1,
2327 2312 2293 -1,
2328 2313 2294 -1,
2328 2294 2310 -1,
2329 2315 2296 -1,
2329 2296 2311 -1,
2330 2316 2297 -1,
2330 2297 2312 -1,
2331 953 2317 -1,
2331 2317 2298 -1,
2331 2298 2313 -1,
2332 2318 2299 -1,
2332 2299 2314 -1,
2333 2319 2300 -1,
2333 2300 2315 -1,
2334 2301 2316 -1,
2334 2320 2301 -1,
2335 2321 2303 -1,
2335 2303 2318 -1,
2336 2322 2304 -1,
2336 2304 2319 -1,
2337 2305 2320 -1,
2337 2323 2305 -1,
2338 2306 2321 -1,
2338 2324 2306 -1,
2339 2307 2322 -1,
2339 2325 2307 -1,
2340 2308 2323 -1,
2340 2326 2308 -1,
2341 2309 2324 -1,
2341 2327 2309 -1,
2342 2310 2325 -1,
2342 2328 2310 -1,
2343 2311 2326 -1,
2343 2329 2311 -1,
2344 2330 2312 -1,
2344 2312 2327 -1,
2345 953 2331 -1,
2345 2313 2328 -1,
2345 2331 2313 -1,
2346 2332 2314 -1,
2346 572 583 -1,
2346 2314 572 -1,
2347 2333 2315 -1,
2347 2315 2329 -1,
2348 2316 2330 -1,
2348 2334 2316 -1,
2349 2335 2318 -1,
2349 2318 2332 -1,
2350 2319 2333 -1,
2350 2336 2319 -1,
2351 2337 2320 -1,
2351 2320 2334 -1,
2352 2321 2335 -1,
2352 2338 2321 -1,
2353 2339 2322 -1,
2353 2322 2336 -1,
2354 2340 2323 -1,
2354 2323 2337 -1,
2355 2324 2338 -1,
2355 2341 2324 -1,
2356 2325 2339 -1,
2356 2342 2325 -1,
2357 2326 2340 -1,
2357 2343 2326 -1,
2358 2344 2327 -1,
2358 2327 2341 -1,
2359 2328 2342 -1,
2359 2345 2328 -1,
2359 953 2345 -1,
2360 2347 2329 -1,
2360 2329 2343 -1,
2361 2348 2330 -1,
2361 2330 2344 -1,
2362 2349 2332 -1,
2362 583 605 -1,
2362 605 606 -1,
2362 2332 2346 -1,
2362 2346 583 -1,
2363 2333 2347 -1,
2363 2350 2333 -1,
2364 2334 2348 -1,
2364 2351 2334 -1,
2365 2352 2335 -1,
2365 2335 2349 -1,
2366 2336 2350 -1,
2366 2353 2336 -1,
2367 2337 2351 -1,
2367 2354 2337 -1,
2368 2355 2338 -1,
2368 2338 2352 -1,
2369 2356 2339 -1,
2369 2339 2353 -1,
2370 2340 2354 -1,
2370 2357 2340 -1,
2371 2358 2341 -1,
2371 2341 2355 -1,
2372 2342 2356 -1,
2372 2359 2342 -1,
2372 953 2359 -1,
2373 2343 2357 -1,
2373 2360 2343 -1,
2374 2344 2358 -1,
2374 2361 2344 -1,
2375 2363 2347 -1,
2375 2347 2360 -1,
2376 2364 2348 -1,
2376 2348 2361 -1,
2377 2365 2349 -1,
2377 2349 2362 -1,
2378 2366 2350 -1,
2378 2350 2363 -1,
2379 2351 2364 -1,
2379 2367 2351 -1,
2380 2352 2365 -1,
2380 2368 2352 -1,
2381 2353 2366 -1,
2381 2369 2353 -1,
2382 2354 2367 -1,
2382 2370 2354 -1,
2383 2371 2355 -1,
2383 2355 2368 -1,
2384 2356 2369 -1,
2384 2372 2356 -1,
2384 953 2372 -1,
2385 2357 2370 -1,
2385 2373 2357 -1,
2386 2374 2358 -1,
2386 2358 2371 -1,
2387 2375 2360 -1,
2387 2360 2373 -1,
2388 2376 2361 -1,
2388 2361 2374 -1,
2389 2377 2362 -1,
2389 2362 606 -1,
2389 606 620 -1,
2390 2363 2375 -1,
2390 2378 2363 -1,
2391 2379 2364 -1,
2391 2364 2376 -1,
2392 2380 2365 -1,
2392 2365 2377 -1,
2393 2366 2378 -1,
2393 2381 2366 -1,
2394 2367 2379 -1,
2394 2382 2367 -1,
2395 2383 2368 -1,
2395 2368 2380 -1,
2396 2384 2369 -1,
2396 2369 2381 -1,
2396 953 2384 -1,
2397 2370 2382 -1,
2397 2385 2370 -1,
2398 2386 2371 -1,
2398 2371 2383 -1,
2399 2387 2373 -1,
2399 2373 2385 -1,
2400 2374 2386 -1,
2400 2388 2374 -1,
2401 2390 2375 -1,
2401 2375 2387 -1,
2402 2391 2376 -1,
2402 2376 2388 -1,
2403 2377 2389 -1,
2403 620 646 -1,
2403 2392 2377 -1,
2403 2389 620 -1,
2404 2393 2378 -1,
2404 2378 2390 -1,
2405 2394 2379 -1,
2405 2379 2391 -1,
2406 2380 2392 -1,
2406 2395 2380 -1,
2407 953 2396 -1,
2407 2381 2393 -1,
2407 2396 2381 -1,
2408 2397 2382 -1,
2408 2382 2394 -1,
2409 2398 2383 -1,
2409 2383 2395 -1,
2410 2385 2397 -1,
2410 2399 2385 -1,
2411 2386 2398 -1,
2411 2400 2386 -1,
2412 2387 2399 -1,
2412 2401 2387 -1,
2413 2388 2400 -1,
2413 2402 2388 -1,
2414 2390 2401 -1,
2414 2404 2390 -1,
2415 2391 2402 -1,
2415 2405 2391 -1,
2416 2392 2403 -1,
2416 2406 2392 -1,
2417 953 2407 -1,
2417 2393 2404 -1,
2417 2407 2393 -1,
2418 2394 2405 -1,
2418 2408 2394 -1,
2419 2409 2395 -1,
2419 2395 2406 -1,
2420 2410 2397 -1,
2420 2397 2408 -1,
2421 2398 2409 -1,
2421 2411 2398 -1,
2422 2412 2399 -1,
2422 2399 2410 -1,
2423 2400 2411 -1,
2423 2413 2400 -1,
2424 2401 2412 -1,
2424 2414 2401 -1,
2425 2415 2402 -1,
2425 2402 2413 -1,
2426 2403 646 -1,
2426 2416 2403 -1,
2426 646 662 -1,
2426 662 663 -1,
2427 953 2417 -1,
2427 2404 2414 -1,
2427 2417 2404 -1,
2428 2405 2415 -1,
2428 2418 2405 -1,
2429 2406 2416 -1,
2429 2419 2406 -1,
2430 2420 2408 -1,
2430 2408 2418 -1,
2431 2421 2409 -1,
2431 2409 2419 -1,
2432 2410 2420 -1,
2432 2422 2410 -1,
2433 2423 2411 -1,
2433 2411 2421 -1,
2434 2412 2422 -1,
2434 2424 2412 -1,
2435 2413 2423 -1,
2435 2425 2413 -1,
2436 953 2427 -1,
2436 2414 2424 -1,
2436 2427 2414 -1,
2437 2428 2415 -1,
2437 2415 2425 -1,
2438 663 693 -1,
2438 2416 2426 -1,
2438 2426 663 -1,
2438 2429 2416 -1,
2439 2430 2418 -1,
2439 2418 2428 -1,
2440 2431 2419 -1,
2440 2419 2429 -1,
2441 2432 2420 -1,
2441 2420 2430 -1,
2442 2433 2421 -1,
2442 2421 2431 -1,
2443 2434 2422 -1,
2443 2422 2432 -1,
2444 2423 2433 -1,
2444 2435 2423 -1,
2445 2424 2434 -1,
2445 2436 2424 -1,
2445 953 2436 -1,
2446 2437 2425 -1,
2446 2425 2435 -1,
2447 2428 2437 -1,
2447 2439 2428 -1,
2448 2440 2429 -1,
2448 2429 2438 -1,
2449 2441 2430 -1,
2449 2430 2439 -1,
2450 2442 2431 -1,
2450 2431 2440 -1,
2451 2432 2441 -1,
2451 2443 2432 -1,
2452 2444 2433 -1,
2452 2433 2442 -1,
2453 2434 2443 -1,
2453 2445 2434 -1,
2453 953 2445 -1,
2454 2435 2444 -1,
2454 2446 2435 -1,
2455 2447 2437 -1,
2455 2437 2446 -1,
2456 693 712 -1,
2456 712 713 -1,
2456 2448 2438 -1,
2456 2438 693 -1,
2457 2439 2447 -1,
2457 2449 2439 -1,
2458 2450 2440 -1,
2458 2440 2448 -1,
2459 2451 2441 -1,
2459 2441 2449 -1,
2460 2442 2450 -1,
2460 2452 2442 -1,
2461 2443 2451 -1,
2461 953 2453 -1,
2461 2453 2443 -1,
2462 2454 2444 -1,
2462 2444 2452 -1,
2463 2446 2454 -1,
2463 2455 2446 -1,
2464 2457 2447 -1,
2464 2447 2455 -1,
2465 2458 2448 -1,
2465 2456 713 -1,
2465 713 748 -1,
2465 2448 2456 -1,
2466 2449 2457 -1,
2466 2459 2449 -1,
2467 2450 2458 -1,
2467 2460 2450 -1,
2468 2451 2459 -1,
2468 2461 2451 -1,
2468 953 2461 -1,
2469 2452 2460 -1,
2469 2462 2452 -1,
2470 2463 2454 -1,
2470 2454 2462 -1,
2471 2464 2455 -1,
2471 2455 2463 -1,
2472 2457 2464 -1,
2472 2466 2457 -1,
2473 2467 2458 -1,
2473 2458 2465 -1,
2474 2459 2466 -1,
2474 2468 2459 -1,
2474 953 2468 -1,
2475 2460 2467 -1,
2475 2469 2460 -1,
2476 2470 2462 -1,
2476 2462 2469 -1,
2477 2471 2463 -1,
2477 2463 2470 -1,
2478 2464 2471 -1,
2478 2472 2464 -1,
2479 2465 748 -1,
2479 748 769 -1,
2479 2473 2465 -1,
2480 2466 2472 -1,
2480 953 2474 -1,
2480 2474 2466 -1,
2481 2467 2473 -1,
2481 2475 2467 -1,
2482 2469 2475 -1,
2482 2476 2469 -1,
2483 2477 2470 -1,
2483 2470 2476 -1,
2484 2471 2477 -1,
2484 2478 2471 -1,
2485 2472 2478 -1,
2485 2480 2472 -1,
2485 953 2480 -1,
2486 2481 2473 -1,
2486 2473 2479 -1,
2486 2479 769 -1,
2486 769 808 -1,
2486 808 809 -1,
2487 2482 2475 -1,
2487 2475 2481 -1,
2488 2483 2476 -1,
2488 2476 2482 -1,
2489 2477 2483 -1,
2489 2484 2477 -1,
2490 2478 2484 -1,
2490 2485 2478 -1,
2490 953 2485 -1,
2491 2481 2486 -1,
2491 2487 2481 -1,
2492 2482 2487 -1,
2492 2488 2482 -1,
2493 2483 2488 -1,
2493 2489 2483 -1,
2494 2484 2489 -1,
2494 2490 2484 -1,
2494 953 2490 -1,
2495 809 833 -1,
2495 2486 809 -1,
2495 2491 2486 -1,
2496 2487 2491 -1,
2496 2492 2487 -1,
2497 2493 2488 -1,
2497 2488 2492 -1,
2498 2494 2489 -1,
2498 2489 2493 -1,
2498 953 2494 -1,
2499 833 877 -1,
2499 877 878 -1,
2499 2496 2491 -1,
2499 2495 833 -1,
2499 2491 2495 -1,
2500 2497 2492 -1,
2500 2492 2496 -1,
2501 953 2498 -1,
2501 2498 2493 -1,
2501 2493 2497 -1,
2502 2496 2499 -1,
2502 2500 2496 -1,
2503 2501 2497 -1,
2503 2497 2500 -1,
2503 953 2501 -1,
2504 2502 2499 -1,
2504 878 904 -1,
2504 2499 878 -1,
2505 953 2503 -1,
2505 2503 2500 -1,
2505 2500 2502 -1,
2506 953 2505 -1,
2506 2502 2504 -1,
2506 2505 2502 -1,
2506 2504 904 -1,
2506 904 952 -1,
2506 952 953 -1 ] } }
Shape { appearance Appearance { material Material { diffuseColor 0.7 0.72 0.74 } } geometry IndexedFaceSet { solid FALSE coord Coordinate { point [ 0.098303 0.004906 1.968504,
0.098425 -0.000000 1.968504,
0.098425 -0.000000 -0.984252,
0.098303 0.004906 -0.984252,
0.097936 0.009800 1.968504,
0.097936 0.009800 -0.984252,
0.097326 0.014670 1.968504,
0.097326 0.014670 -0.984252,
0.096474 0.019503 -0.984252,
0.096474 0.019503 1.968504,
0.095382 0.024287 -0.984252,
0.095382 0.024287 1.968504,
0.094052 0.029011 1.968504,
0.094052 0.029011 -0.984252,
0.092489 0.033663 -0.984252,
0.092489 0.033663 1.968504,
0.090696 0.038232 -0.984252,
0.090696 0.038232 1.968504,
0.088678 0.042705 1.968504,
0.088678 0.042705 -0.984252,
0.086439 0.047072 1.968504,
0.086439 0.047072 -0.984252,
0.083985 0.051322 1.968504,
0.083985 0.051322 -0.984252,
0.081323 0.055445 1.968504,
0.081323 0.055445 -0.984252,
0.078458 0.059430 -0.984252,
0.078458 0.059430 1.968504,
0.075398 0.063266 1.968504,
0.075398 0.063266 -0.984252,
0.072151 0.066946 1.968504,
0.072151 0.066946 -0.984252,
0.068724 0.070459 1.968504,
0.068724 0.070459 -0.984252,
0.065127 0.073797 1.968504,
0.065127 0.073797 -0.984252,
0.061367 0.076952 -0.984252,
0.061367 0.076952 1.968504,
0.057455 0.079915 1.968504,
0.057455 0.079915 -0.984252,
0.053400 0.082680 -0.984252,
0.053400 0.082680 1.968504,
0.049213 0.085239 1.968504,
0.049213 0.085239 -0.984252,
0.044903 0.087586 -0.984252,
0.044903 0.087586 1.968504,
0.040481 0.089715 -0.984252,
0.040481 0.089715 1.968504,
0.035959 0.091621 1.968504,
0.035959 0.091621 -0.984252,
0.031347 0.093300 -0.984252,
0.031347 0.093300 1.968504,
0.026658 0.094746 1.968504,
0.026658 0.094746 -0.984252,
0.021902 0.095957 1.968504,
0.021902 0.095957 -0.984252,
0.017091 0.096930 1.968504,
0.017091 0.096930 -0.984252,
0.012239 0.097661 -0.984252,
0.012239 0.097661 1.968504,
0.007355 0.098150 1.968504,
0.007355 0.098150 -0.984252,
0.002454 0.098395 1.968504,
0.002454 0.098395 -0.984252,
-0.002454 0.098395 1.968504,
-0.002454 0.098395 -0.984252,
-0.007355 0.098150 1.968504,
-0.007355 0.098150 -0.984252,
-0.012239 0.097661 1.968504,
-0.012239 0.097661 -0.984252,
-0.017091 0.096930 -0.984252,
-0.017091 0.096930 1.968504,
-0.021902 0.095957 -0.984252,
-0.021902 0.095957 1.968504,
-0.026658 0.094746 1.968504,
-0.026658 0.094746 -0.984252,
-0.031347 0.093300 1.968504,
-0.031347 0.093300 -0.984252,
-0.035959 0.091621 1.968504,
-0.035959 0.091621 -0.984252,
-0.040481 0.089715 1.968504,
-0.040481 0.089715 -0.984252,
-0.044903 0.087586 1.968504,
-0.044903 0.087586 -0.984252,
-0.049213 0.085239 1.968504,
-0.049213 0.085239 -0.984252,
-0.053400 0.082680 -0.984252,
-0.053400 0.082680 1.968504,
-0.057455 0.079915 1.968504,
-0.057455 0.079915 -0.984252,
-0.061367 0.076952 1.968504,
-0.061367 0.076952 -0.984252,
-0.065127 0.073797 -0.984252,
-0.065127 0.073797 1.968504,
-0.068724 0.070459 1.968504,
-0.068724 0.070459 -0.984252,
-0.072151 0.066946 1.968504,
-0.072151 0.066946 -0.984252,
-0.075398 0.063266 -0.984252,
-0.075398 0.063266 1.968504,
-0.078458 0.059430 1.968504,
-0.078458 0.059430 -0.984252,
-0.081323 0.055445 1.968504,
-0.081323 0.055445 -0.984252,
-0.083985 0.051322 -0.984252,
-0.083985 0.051322 1.968504,
-0.086439 0.047072 1.968504,
-0.086439 0.047072 -0.984252,
-0.088678 0.042705 1.968504,
-0.088678 0.042705 -0.984252,
-0.090696 0.038232 1.968504,
-0.090696 0.038232 -0.984252,
-0.092489 0.033663 -0.984252,
-0.092489 0.033663 1.968504,
-0.094052 0.029011 1.968504,
-0.094052 0.029011 -0.984252,
-0.095382 0.024287 1.968504,
-0.095382 0.024287 -0.984252,
-0.096474 0.019503 -0.984252,
-0.096474 0.019503 1.968504,
-0.097326 0.014670 1.968504,
-0.097326 0.014670 -0.984252,
-0.097936 0.009800 1.968504,
-0.097936 0.009800 -0.984252,
-0.098303 0.004906 -0.984252,
-0.098303 0.004906 1.968504,
-0.098425 -0.000000 1.968504,
-0.098425 -0.000000 -0.984252,
-0.098303 -0.004906 1.968504,
-0.098303 -0.004906 -0.984252,
-0.097936 -0.009800 -0.984252,
-0.097936 -0.009800 1.968504,
-0.097326 -0.014670 1.968504,
-0.097326 -0.014670 -0.984252,
-0.096474 -0.019503 -0.984252,
-0.096474 -0.019503 1.968504,
-0.095382 -0.024287 1.968504,
-0.095382 -0.024287 -0.984252,
-0.094052 -0.029011 -0.984252,
-0.094052 -0.029011 1.968504,
-0.092489 -0.033663 1.968504,
-0.092489 -0.033663 -0.984252,
-0.090696 -0.038232 1.968504,
-0.090696 -0.038232 -0.984252,
-0.088678 -0.042705 1.968504,
-0.088678 -0.042705 -0.984252,
-0.086439 -0.047072 1.968504,
-0.086439 -0.047072 -0.984252,
-0.083985 -0.051322 1.968504,
-0.083985 -0.051322 -0.984252,
-0.081323 -0.055445 -0.984252,
-0.081323 -0.055445 1.968504,
-0.078458 -0.059430 1.968504,
-0.078458 -0.059430 -0.984252,
-0.075398 -0.063266 1.968504,
-0.075398 -0.063266 -0.984252,
-0.072151 -0.066946 -0.984252,
-0.072151 -0.066946 1.968504,
-0.068724 -0.070459 1.968504,
-0.068724 -0.070459 -0.984252,
-0.065127 -0.073797 1.968504,
-0.065127 -0.073797 -0.984252,
-0.061367 -0.076952 -0.984252,
-0.061367 -0.076952 1.968504,
-0.057455 -0.079915 1.968504,
-0.057455 -0.079915 -0.984252,
-0.053400 -0.082680 1.968504,
-0.053400 -0.082680 -0.984252,
-0.049213 -0.085239 -0.984252,
-0.049213 -0.085239 1.968504,
-0.044903 -0.087586 1.968504,
-0.044903 -0.087586 -0.984252,
-0.040481 -0.089715 -0.984252,
-0.040481 -0.089715 1.968504,
-0.035959 -0.091621 1.968504,
-0.035959 -0.091621 -0.984252,
-0.031347 -0.093300 1.968504,
-0.031347 -0.093300 -0.984252,
-0.026658 -0.094746 1.968504,
-0.026658 -0.094746 -0.984252,
-0.021902 -0.095957 1.968504,
-0.021902 -0.095957 -0.984252,
-0.017091 -0.096930 1.968504,
-0.017091 -0.096930 -0.984252,
-0.012239 -0.097661 -0.984252,
-0.012239 -0.097661 1.968504,
-0.007355 -0.098150 1.968504,
-0.007355 -0.098150 -0.984252,
-0.002454 -0.098395 1.968504,
-0.002454 -0.098395 -0.984252,
0.002454 -0.098395 1.968504,
0.002454 -0.098395 -0.984252,
0.007355 -0.098150 -0.984252,
0.007355 -0.098150 1.968504,
0.012239 -0.097661 1.968504,
0.012239 -0.097661 -0.984252,
0.017091 -0.096930 -0.984252,
0.017091 -0.096930 1.968504,
0.021902 -0.095957 1.968504,
0.021902 -0.095957 -0.984252,
0.026658 -0.094746 1.968504,
0.026658 -0.094746 -0.984252,
0.031347 -0.093300 -0.984252,
0.031347 -0.093300 1.968504,
0.035959 -0.091621 -0.984252,
0.035959 -0.091621 1.968504,
0.040481 -0.089715 1.968504,
0.040481 -0.089715 -0.984252,
0.044903 -0.087586 1.968504,
0.044903 -0.087586 -0.984252,
0.049213 -0.085239 1.968504,
0.049213 -0.085239 -0.984252,
0.053400 -0.082680 1.968504,
0.053400 -0.082680 -0.984252,
0.057455 -0.079915 1.968504,
0.057455 -0.079915 -0.984252,
0.061367 -0.076952 1.968504,
0.061367 -0.076952 -0.984252,
0.065127 -0.073797 -0.984252,
0.065127 -0.073797 1.968504,
0.068724 -0.070459 1.968504,
0.068724 -0.070459 -0.984252,
0.072151 -0.066946 1.968504,
0.072151 -0.066946 -0.984252,
0.075398 -0.063266 -0.984252,
0.075398 -0.063266 1.968504,
0.078458 -0.059430 -0.984252,
0.078458 -0.059430 1.968504,
0.081323 -0.055445 1.968504,
0.081323 -0.055445 -0.984252,
0.083985 -0.051322 -0.984252,
0.083985 -0.051322 1.968504,
0.086439 -0.047072 1.968504,
0.086439 -0.047072 -0.984252,
0.088678 -0.042705 1.968504,
0.088678 -0.042705 -0.984252,
0.090696 -0.038232 -0.984252,
0.090696 -0.038232 1.968504,
0.092489 -0.033663 1.968504,
0.092489 -0.033663 -0.984252,
0.094052 -0.029011 1.968504,
0.094052 -0.029011 -0.984252,
0.095382 -0.024287 1.968504,
0.095382 -0.024287 -0.984252,
0.096474 -0.019503 -0.984252,
0.096474 -0.019503 1.968504,
0.097326 -0.014670 1.968504,
0.097326 -0.014670 -0.984252,
0.097936 -0.009800 1.968504,
0.097936 -0.009800 -0.984252,
0.098303 -0.004906 1.968504,
0.098303 -0.004906 -0.984252 ] } coordIndex [ 0 1 2 -1,
0 2 3 -1,
4 3 5 -1,
4 0 3 -1,
6 5 7 -1,
6 7 8 -1,
6 4 5 -1,
9 8 10 -1,
9 6 8 -1,
11 9 10 -1,
12 10 13 -1,
12 13 14 -1,
12 11 10 -1,
15 14 16 -1,
15 12 14 -1,
17 15 16 -1,
18 16 19 -1,
18 17 16 -1,
20 19 21 -1,
20 18 19 -1,
22 20 21 -1,
22 21 23 -1,
24 22 23 -1,
24 23 25 -1,
24 25 26 -1,
27 24 26 -1,
28 27 26 -1,
28 26 29 -1,
30 28 29 -1,
30 29 31 -1,
32 30 31 -1,
32 31 33 -1,
34 32 33 -1,
34 33 35 -1,
34 35 36 -1,
37 34 36 -1,
38 37 36 -1,
38 36 39 -1,
38 39 40 -1,
41 38 40 -1,
42 41 40 -1,
42 40 43 -1,
42 43 44 -1,
45 42 44 -1,
45 44 46 -1,
47 45 46 -1,
48 46 49 -1,
48 49 50 -1,
48 47 46 -1,
51 48 50 -1,
52 50 53 -1,
52 51 50 -1,
54 53 55 -1,
54 52 53 -1,
56 55 57 -1,
56 57 58 -1,
56 54 55 -1,
59 56 58 -1,
60 58 61 -1,
60 59 58 -1,
62 61 63 -1,
62 60 61 -1,
64 63 65 -1,
64 62 63 -1,
66 65 67 -1,
66 64 65 -1,
68 67 69 -1,
68 69 70 -1,
68 66 67 -1,
71 70 72 -1,
71 68 70 -1,
73 71 72 -1,
74 73 72 -1,
74 72 75 -1,
76 74 75 -1,
76 75 77 -1,
78 76 77 -1,
78 77 79 -1,
80 78 79 -1,
80 79 81 -1,
82 80 81 -1,
82 81 83 -1,
84 82 83 -1,
84 83 85 -1,
84 85 86 -1,
87 84 86 -1,
88 87 86 -1,
88 86 89 -1,
90 88 89 -1,
90 89 91 -1,
90 91 92 -1,
93 90 92 -1,
94 93 92 -1,
94 92 95 -1,
96 94 95 -1,
96 95 97 -1,
96 97 98 -1,
99 96 98 -1,
100 99 98 -1,
100 98 101 -1,
102 100 101 -1,
102 101 103 -1,
102 103 104 -1,
105 102 104 -1,
106 105 104 -1,
106 104 107 -1,
108 106 107 -1,
108 107 109 -1,
110 108 109 -1,
110 109 111 -1,
110 111 112 -1,
113 110 112 -1,
114 113 112 -1,
114 112 115 -1,
116 115 117 -1,
116 117 118 -1,
116 114 115 -1,
119 116 118 -1,
120 118 121 -1,
120 119 118 -1,
122 121 123 -1,
122 123 124 -1,
122 120 121 -1,
125 122 124 -1,
126 125 124 -1,
126 124 127 -1,
128 126 127 -1,
128 127 129 -1,
128 129 130 -1,
131 128 130 -1,
132 131 130 -1,
132 130 133 -1,
132 133 134 -1,
135 132 134 -1,
136 135 134 -1,
136 134 137 -1,
136 137 138 -1,
139 136 138 -1,
140 139 138 -1,
140 138 141 -1,
142 140 141 -1,
142 141 143 -1,
144 142 143 -1,
144 143 145 -1,
146 144 145 -1,
146 145 147 -1,
148 149 150 -1,
148 146 147 -1,
148 147 149 -1,
151 148 150 -1,
152 150 153 -1,
152 151 150 -1,
154 153 155 -1,
154 155 156 -1,
154 152 153 -1,
157 154 156 -1,
158 156 159 -1,
158 157 156 -1,
160 159 161 -1,
160 161 162 -1,
160 158 159 -1,
163 160 162 -1,
164 162 165 -1,
164 163 162 -1,
166 165 167 -1,
166 167 168 -1,
166 164 165 -1,
169 166 168 -1,
170 168 171 -1,
170 171 172 -1,
170 169 168 -1,
173 170 172 -1,
174 172 175 -1,
174 173 172 -1,
176 174 175 -1,
176 175 177 -1,
178 176 177 -1,
178 177 179 -1,
180 178 179 -1,
180 179 181 -1,
182 180 181 -1,
182 181 183 -1,
182 183 184 -1,
185 182 184 -1,
186 184 187 -1,
186 185 184 -1,
188 187 189 -1,
188 186 187 -1,
190 189 191 -1,
190 191 192 -1,
190 188 189 -1,
193 190 192 -1,
194 192 195 -1,
194 195 196 -1,
194 193 192 -1,
197 194 196 -1,
198 196 199 -1,
198 197 196 -1,
200 199 201 -1,
200 201 202 -1,
200 198 199 -1,
203 202 204 -1,
203 200 202 -1,
205 203 204 -1,
206 204 207 -1,
206 205 204 -1,
208 207 209 -1,
208 206 207 -1,
210 209 211 -1,
210 208 209 -1,
212 211 213 -1,
212 210 211 -1,
214 213 215 -1,
214 212 213 -1,
216 215 217 -1,
216 217 218 -1,
216 214 215 -1,
219 216 218 -1,
220 218 221 -1,
220 219 218 -1,
222 221 223 -1,
222 223 224 -1,
222 220 221 -1,
225 224 226 -1,
225 222 224 -1,
227 225 226 -1,
228 227 226 -1,
228 226 229 -1,
228 229 230 -1,
231 228 230 -1,
232 231 230 -1,
232 230 233 -1,
234 232 233 -1,
234 233 235 -1,
234 235 236 -1,
237 234 236 -1,
238 237 236 -1,
238 236 239 -1,
240 238 239 -1,
240 239 241 -1,
242 240 241 -1,
242 241 243 -1,
242 243 244 -1,
245 242 244 -1,
246 245 244 -1,
246 244 247 -1,
248 246 247 -1,
248 247 249 -1,
250 249 251 -1,
250 248 249 -1,
1 251 2 -1,
1 250 251 -1,
208 205 206 -1,
210 205 208 -1,
214 210 212 -1,
216 210 214 -1,
225 216 219 -1,
225 219 220 -1,
225 220 222 -1,
88 90 93 -1,
232 228 231 -1,
80 82 84 -1,
237 232 234 -1,
238 232 237 -1,
242 238 240 -1,
245 232 238 -1,
245 238 242 -1,
248 245 246 -1,
0 248 250 -1,
0 250 1 -1,
52 54 56 -1,
12 9 11 -1,
17 12 15 -1,
47 48 51 -1,
18 6 9 -1,
18 9 12 -1,
18 12 17 -1,
24 20 22 -1,
38 41 42 -1,
38 42 45 -1,
30 24 27 -1,
30 27 28 -1,
32 24 30 -1,
32 200 203 -1,
32 203 205 -1,
32 0 4 -1,
32 4 6 -1,
32 205 210 -1,
32 18 20 -1,
32 225 227 -1,
32 227 228 -1,
32 34 37 -1,
32 37 38 -1,
32 45 47 -1,
32 210 216 -1,
32 51 52 -1,
32 56 59 -1,
32 59 60 -1,
32 60 62 -1,
32 62 64 -1,
32 64 66 -1,
32 66 68 -1,
32 68 71 -1,
32 71 73 -1,
32 73 74 -1,
32 74 76 -1,
32 76 78 -1,
32 78 80 -1,
32 84 87 -1,
32 87 88 -1,
32 38 45 -1,
32 6 18 -1,
32 93 94 -1,
32 94 96 -1,
32 96 99 -1,
32 99 100 -1,
32 100 102 -1,
32 102 105 -1,
32 105 106 -1,
32 106 108 -1,
32 88 93 -1,
32 108 110 -1,
32 110 113 -1,
32 113 114 -1,
32 114 116 -1,
32 216 225 -1,
32 116 119 -1,
32 119 120 -1,
32 120 122 -1,
32 122 125 -1,
32 125 126 -1,
32 126 128 -1,
32 245 248 -1,
32 128 131 -1,
32 131 132 -1,
32 132 135 -1,
32 135 136 -1,
32 228 232 -1,
32 136 139 -1,
32 139 140 -1,
32 140 142 -1,
32 142 144 -1,
32 144 146 -1,
32 80 84 -1,
32 146 148 -1,
32 148 151 -1,
32 151 152 -1,
32 152 154 -1,
32 154 157 -1,
32 157 158 -1,
32 158 160 -1,
32 232 245 -1,
32 160 163 -1,
32 163 164 -1,
32 164 166 -1,
32 47 51 -1,
32 166 169 -1,
32 169 170 -1,
32 170 173 -1,
32 52 56 -1,
32 248 0 -1,
32 173 174 -1,
32 174 176 -1,
32 176 178 -1,
32 178 180 -1,
32 180 182 -1,
32 182 185 -1,
32 185 186 -1,
32 186 188 -1,
32 188 190 -1,
32 20 24 -1,
32 190 193 -1,
32 193 194 -1,
32 194 197 -1,
32 197 198 -1,
32 198 200 -1,
204 209 207 -1,
204 211 209 -1,
211 215 213 -1,
211 217 215 -1,
217 224 218 -1,
218 224 221 -1,
221 224 223 -1,
91 89 92 -1,
229 233 230 -1,
83 81 85 -1,
233 236 235 -1,
233 239 236 -1,
239 243 241 -1,
233 244 239 -1,
239 244 243 -1,
244 249 247 -1,
249 3 251 -1,
251 3 2 -1,
55 53 57 -1,
8 13 10 -1,
13 16 14 -1,
49 46 50 -1,
7 19 8 -1,
8 19 13 -1,
13 19 16 -1,
21 25 23 -1,
40 39 43 -1,
43 39 44 -1,
25 31 26 -1,
26 31 29 -1,
25 33 31 -1,
201 33 202 -1,
202 33 204 -1,
3 33 5 -1,
5 33 7 -1,
204 33 211 -1,
19 33 21 -1,
224 33 226 -1,
226 33 229 -1,
35 33 36 -1,
36 33 39 -1,
44 33 46 -1,
211 33 217 -1,
50 33 53 -1,
57 33 58 -1,
58 33 61 -1,
61 33 63 -1,
63 33 65 -1,
65 33 67 -1,
67 33 69 -1,
69 33 70 -1,
70 33 72 -1,
72 33 75 -1,
75 33 77 -1,
77 33 79 -1,
79 33 81 -1,
85 33 86 -1,
86 33 89 -1,
39 33 44 -1,
7 33 19 -1,
92 33 95 -1,
95 33 97 -1,
97 33 98 -1,
98 33 101 -1,
101 33 103 -1,
103 33 104 -1,
104 33 107 -1,
107 33 109 -1,
89 33 92 -1,
109 33 111 -1,
111 33 112 -1,
112 33 115 -1,
115 33 117 -1,
217 33 224 -1,
117 33 118 -1,
118 33 121 -1,
121 33 123 -1,
123 33 124 -1,
124 33 127 -1,
127 33 129 -1,
244 33 249 -1,
129 33 130 -1,
130 33 133 -1,
133 33 134 -1,
134 33 137 -1,
229 33 233 -1,
137 33 138 -1,
138 33 141 -1,
141 33 143 -1,
143 33 145 -1,
145 33 147 -1,
81 33 85 -1,
147 33 149 -1,
149 33 150 -1,
150 33 153 -1,
153 33 155 -1,
155 33 156 -1,
156 33 159 -1,
159 33 161 -1,
233 33 244 -1,
161 33 162 -1,
162 33 165 -1,
165 33 167 -1,
46 33 50 -1,
167 33 168 -1,
168 33 171 -1,
171 33 172 -1,
53 33 57 -1,
249 33 3 -1,
172 33 175 -1,
175 33 177 -1,
177 33 179 -1,
179 33 181 -1,
181 33 183 -1,
183 33 184 -1,
184 33 187 -1,
187 33 189 -1,
189 33 191 -1,
21 33 25 -1,
191 33 192 -1,
192 33 195 -1,
195 33 196 -1,
196 33 199 -1,
199 33 201 -1 ] } }
Shape { appearance Appearance { material Material { diffuseColor 0.7 0.72 0.74 } } geometry IndexedFaceSet { solid FALSE coord Coordinate { point [ 0.004906 -0.393701 1.870201,
-0.000000 -0.393701 1.870079,
-0.000000 0.000000 1.870079,
0.004906 0.000000 1.870201,
0.009800 -0.393701 1.870568,
0.009800 0.000000 1.870568,
0.014670 -0.393701 1.871178,
0.014670 0.000000 1.871178,
0.019503 -0.393701 1.872030,
0.019503 0.000000 1.872030,
0.024287 -0.393701 1.873122,
0.024287 0.000000 1.873122,
0.029011 -0.393701 1.874451,
0.029011 0.000000 1.874451,
0.033663 -0.393701 1.876015,
0.033663 0.000000 1.876015,
0.038232 -0.393701 1.877807,
0.038232 0.000000 1.877807,
0.042705 -0.393701 1.879826,
0.042705 0.000000 1.879826,
0.047072 -0.393701 1.882065,
0.047072 0.000000 1.882065,
0.051322 -0.393701 1.884519,
0.051322 0.000000 1.884519,
0.055445 -0.393701 1.887181,
0.055445 0.000000 1.887181,
0.059430 -0.393701 1.890046,
0.059430 0.000000 1.890046,
0.063266 -0.393701 1.893106,
0.063266 0.000000 1.893106,
0.066946 -0.393701 1.896353,
0.066946 0.000000 1.896353,
0.070459 -0.393701 1.899780,
0.070459 0.000000 1.899780,
0.073797 -0.393701 1.903377,
0.073797 0.000000 1.903377,
0.076952 0.000000 1.907137,
0.076952 -0.393701 1.907137,
0.079915 -0.393701 1.911049,
0.079915 0.000000 1.911049,
0.082680 0.000000 1.915104,
0.082680 -0.393701 1.915104,
0.085239 -0.393701 1.919291,
0.085239 0.000000 1.919291,
0.087586 0.000000 1.923601,
0.087586 -0.393701 1.923601,
0.089715 -0.393701 1.928023,
0.089715 0.000000 1.928023,
0.091621 -0.393701 1.932545,
0.091621 0.000000 1.932545,
0.093300 -0.393701 1.937157,
0.093300 0.000000 1.937157,
0.094746 -0.393701 1.941846,
0.094746 0.000000 1.941846,
0.095957 -0.393701 1.946602,
0.095957 0.000000 1.946602,
0.096930 -0.393701 1.951413,
0.096930 0.000000 1.951413,
0.097661 -0.393701 1.956265,
0.097661 0.000000 1.956265,
0.098150 -0.393701 1.961149,
0.098150 0.000000 1.961149,
0.098395 -0.393701 1.966050,
0.098395 0.000000 1.966050,
0.098395 -0.393701 1.970958,
0.098395 0.000000 1.970958,
0.098150 0.000000 1.975859,
0.098150 -0.393701 1.975859,
0.097661 -0.393701 1.980742,
0.097661 0.000000 1.980742,
0.096930 -0.393701 1.985595,
0.096930 0.000000 1.985595,
0.095957 -0.393701 1.990406,
0.095957 0.000000 1.990406,
0.094746 -0.393701 1.995161,
0.094746 0.000000 1.995161,
0.093300 -0.393701 1.999851,
0.093300 0.000000 1.999851,
0.091621 0.000000 2.004463,
0.091621 -0.393701 2.004463,
0.089715 -0.393701 2.008985,
0.089715 0.000000 2.008985,
0.087586 -0.393701 2.013407,
0.087586 0.000000 2.013407,
0.085239 -0.393701 2.017717,
0.085239 0.000000 2.017717,
0.082680 -0.393701 2.021904,
0.082680 0.000000 2.021904,
0.079915 -0.393701 2.025959,
0.079915 0.000000 2.025959,
0.076952 -0.393701 2.029871,
0.076952 0.000000 2.029871,
0.073797 -0.393701 2.033630,
0.073797 0.000000 2.033630,
0.070459 -0.393701 2.037228,
0.070459 0.000000 2.037228,
0.066946 -0.393701 2.040655,
0.066946 0.000000 2.040655,
0.063266 -0.393701 2.043902,
0.063266 0.000000 2.043902,
0.059430 -0.393701 2.046962,
0.059430 0.000000 2.046962,
0.055445 -0.393701 2.049827,
0.055445 0.000000 2.049827,
0.051322 -0.393701 2.052489,
0.051322 0.000000 2.052489,
0.047072 0.000000 2.054943,
0.047072 -0.393701 2.054943,
0.042705 -0.393701 2.057182,
0.042705 0.000000 2.057182,
0.038232 -0.393701 2.059200,
0.038232 0.000000 2.059200,
0.033663 -0.393701 2.060993,
0.033663 0.000000 2.060993,
0.029011 -0.393701 2.062556,
0.029011 0.000000 2.062556,
0.024287 -0.393701 2.063886,
0.024287 0.000000 2.063886,
0.019503 -0.393701 2.064978,
0.019503 0.000000 2.064978,
0.014670 -0.393701 2.065830,
0.014670 0.000000 2.065830,
0.009800 -0.393701 2.066440,
0.009800 0.000000 2.066440,
0.004906 -0.393701 2.066807,
0.004906 0.000000 2.066807,
-0.000000 -0.393701 2.066929,
-0.000000 0.000000 2.066929,
-0.004906 -0.393701 2.066807,
-0.004906 0.000000 2.066807,
-0.009800 -0.393701 2.066440,
-0.009800 0.000000 2.066440,
-0.014670 -0.393701 2.065830,
-0.014670 0.000000 2.065830,
-0.019503 -0.393701 2.064978,
-0.019503 0.000000 2.064978,
-0.024287 -0.393701 2.063886,
-0.024287 0.000000 2.063886,
-0.029011 -0.393701 2.062556,
-0.029011 0.000000 2.062556,
-0.033663 -0.393701 2.060993,
-0.033663 0.000000 2.060993,
-0.038232 -0.393701 2.059200,
-0.038232 0.000000 2.059200,
-0.042705 -0.393701 2.057182,
-0.042705 0.000000 2.057182,
-0.047072 -0.393701 2.054943,
-0.047072 0.000000 2.054943,
-0.051322 0.000000 2.052489,
-0.051322 -0.393701 2.052489,
-0.055445 -0.393701 2.049827,
-0.055445 0.000000 2.049827,
-0.059430 -0.393701 2.046962,
-0.059430 0.000000 2.046962,
-0.063266 -0.393701 2.043902,
-0.063266 0.000000 2.043902,
-0.066946 -0.393701 2.040655,
-0.066946 0.000000 2.040655,
-0.070459 -0.393701 2.037228,
-0.070459 0.000000 2.037228,
-0.073797 -0.393701 2.033630,
-0.073797 0.000000 2.033630,
-0.076952 -0.393701 2.029871,
-0.076952 0.000000 2.029871,
-0.079915 -0.393701 2.025959,
-0.079915 0.000000 2.025959,
-0.082680 -0.393701 2.021904,
-0.082680 0.000000 2.021904,
-0.085239 -0.393701 2.017717,
-0.085239 0.000000 2.017717,
-0.087586 0.000000 2.013407,
-0.087586 -0.393701 2.013407,
-0.089715 -0.393701 2.008985,
-0.089715 0.000000 2.008985,
-0.091621 -0.393701 2.004463,
-0.091621 0.000000 2.004463,
-0.093300 -0.393701 1.999851,
-0.093300 0.000000 1.999851,
-0.094746 -0.393701 1.995161,
-0.094746 0.000000 1.995161,
-0.095957 -0.393701 1.990406,
-0.095957 0.000000 1.990406,
-0.096930 -0.393701 1.985595,
-0.096930 0.000000 1.985595,
-0.097661 -0.393701 1.980742,
-0.097661 0.000000 1.980742,
-0.098150 -0.393701 1.975859,
-0.098150 0.000000 1.975859,
-0.098395 -0.393701 1.970958,
-0.098395 0.000000 1.970958,
-0.098395 -0.393701 1.966050,
-0.098395 0.000000 1.966050,
-0.098150 -0.393701 1.961149,
-0.098150 0.000000 1.961149,
-0.097661 -0.393701 1.956265,
-0.097661 0.000000 1.956265,
-0.096930 -0.393701 1.951413,
-0.096930 0.000000 1.951413,
-0.095957 -0.393701 1.946602,
-0.095957 0.000000 1.946602,
-0.094746 -0.393701 1.941846,
-0.094746 0.000000 1.941846,
-0.093300 -0.393701 1.937157,
-0.093300 0.000000 1.937157,
-0.091621 -0.393701 1.932545,
-0.091621 0.000000 1.932545,
-0.089715 -0.393701 1.928023,
-0.089715 0.000000 1.928023,
-0.087586 -0.393701 1.923601,
-0.087586 0.000000 1.923601,
-0.085239 -0.393701 1.919291,
-0.085239 0.000000 1.919291,
-0.082680 -0.393701 1.915104,
-0.082680 0.000000 1.915104,
-0.079915 -0.393701 1.911049,
-0.079915 0.000000 1.911049,
-0.076952 -0.393701 1.907137,
-0.076952 0.000000 1.907137,
-0.073797 -0.393701 1.903377,
-0.073797 0.000000 1.903377,
-0.070459 -0.393701 1.899780,
-0.070459 0.000000 1.899780,
-0.066946 -0.393701 1.896353,
-0.066946 0.000000 1.896353,
-0.063266 -0.393701 1.893106,
-0.063266 0.000000 1.893106,
-0.059430 -0.393701 1.890046,
-0.059430 0.000000 1.890046,
-0.055445 -0.393701 1.887181,
-0.055445 0.000000 1.887181,
-0.051322 -0.393701 1.884519,
-0.051322 0.000000 1.884519,
-0.047072 -0.393701 1.882065,
-0.047072 0.000000 1.882065,
-0.042705 -0.393701 1.879826,
-0.042705 0.000000 1.879826,
-0.038232 -0.393701 1.877807,
-0.038232 0.000000 1.877807,
-0.033663 -0.393701 1.876015,
-0.033663 0.000000 1.876015,
-0.029011 -0.393701 1.874451,
-0.029011 0.000000 1.874451,
-0.024287 -0.393701 1.873122,
-0.024287 0.000000 1.873122,
-0.019503 -0.393701 1.872030,
-0.019503 0.000000 1.872030,
-0.014670 -0.393701 1.871178,
-0.014670 0.000000 1.871178,
-0.009800 -0.393701 1.870568,
-0.009800 0.000000 1.870568,
-0.004906 -0.393701 1.870201,
-0.004906 0.000000 1.870201 ] } coordIndex [ 0 1 2 -1,
0 2 3 -1,
4 3 5 -1,
4 0 3 -1,
6 5 7 -1,
6 4 5 -1,
8 7 9 -1,
8 6 7 -1,
10 9 11 -1,
10 8 9 -1,
12 11 13 -1,
12 10 11 -1,
14 13 15 -1,
14 12 13 -1,
16 15 17 -1,
16 14 15 -1,
18 17 19 -1,
18 16 17 -1,
20 19 21 -1,
20 18 19 -1,
22 20 21 -1,
22 21 23 -1,
24 22 23 -1,
24 23 25 -1,
26 24 25 -1,
26 25 27 -1,
28 26 27 -1,
28 27 29 -1,
30 28 29 -1,
30 29 31 -1,
32 30 31 -1,
32 31 33 -1,
34 32 33 -1,
34 33 35 -1,
34 35 36 -1,
37 34 36 -1,
38 37 36 -1,
38 36 39 -1,
38 39 40 -1,
41 38 40 -1,
42 41 40 -1,
42 40 43 -1,
42 43 44 -1,
45 42 44 -1,
46 44 47 -1,
46 45 44 -1,
48 47 49 -1,
48 46 47 -1,
50 49 51 -1,
50 48 49 -1,
52 51 53 -1,
52 50 51 -1,
54 53 55 -1,
54 52 53 -1,
56 55 57 -1,
56 54 55 -1,
58 57 59 -1,
58 56 57 -1,
60 59 61 -1,
60 58 59 -1,
62 61 63 -1,
62 60 61 -1,
64 63 65 -1,
64 65 66 -1,
64 62 63 -1,
67 64 66 -1,
68 66 69 -1,
68 67 66 -1,
70 69 71 -1,
70 68 69 -1,
72 71 73 -1,
72 70 71 -1,
74 72 73 -1,
74 73 75 -1,
76 74 75 -1,
76 75 77 -1,
76 77 78 -1,
79 76 78 -1,
80 79 78 -1,
80 78 81 -1,
82 80 81 -1,
82 81 83 -1,
84 82 83 -1,
84 83 85 -1,
86 84 85 -1,
86 85 87 -1,
88 86 87 -1,
88 87 89 -1,
90 88 89 -1,
90 89 91 -1,
92 90 91 -1,
92 91 93 -1,
94 92 93 -1,
94 93 95 -1,
96 94 95 -1,
96 95 97 -1,
98 96 97 -1,
98 97 99 -1,
100 98 99 -1,
100 99 101 -1,
102 100 101 -1,
102 101 103 -1,
104 102 103 -1,
104 103 105 -1,
104 105 106 -1,
107 104 106 -1,
108 107 106 -1,
108 106 109 -1,
110 108 109 -1,
110 109 111 -1,
112 110 111 -1,
112 111 113 -1,
114 112 113 -1,
114 113 115 -1,
116 115 117 -1,
116 114 115 -1,
118 117 119 -1,
118 116 117 -1,
120 119 121 -1,
120 118 119 -1,
122 121 123 -1,
122 120 121 -1,
124 122 123 -1,
124 123 125 -1,
126 124 125 -1,
126 125 127 -1,
128 126 127 -1,
128 127 129 -1,
130 128 129 -1,
130 129 131 -1,
132 130 131 -1,
132 131 133 -1,
134 132 133 -1,
134 133 135 -1,
136 134 135 -1,
136 135 137 -1,
138 136 137 -1,
138 137 139 -1,
140 138 139 -1,
140 139 141 -1,
142 140 141 -1,
142 141 143 -1,
144 142 143 -1,
144 143 145 -1,
146 144 145 -1,
146 145 147 -1,
146 147 148 -1,
149 146 148 -1,
150 148 151 -1,
150 149 148 -1,
152 151 153 -1,
152 150 151 -1,
154 153 155 -1,
154 152 153 -1,
156 155 157 -1,
156 154 155 -1,
158 157 159 -1,
158 156 157 -1,
160 159 161 -1,
160 158 159 -1,
162 161 163 -1,
162 160 161 -1,
164 163 165 -1,
164 162 163 -1,
166 165 167 -1,
166 164 165 -1,
168 167 169 -1,
168 169 170 -1,
168 166 167 -1,
171 168 170 -1,
172 170 173 -1,
172 171 170 -1,
174 173 175 -1,
174 172 173 -1,
176 174 175 -1,
176 175 177 -1,
178 176 177 -1,
178 177 179 -1,
180 178 179 -1,
180 179 181 -1,
182 180 181 -1,
182 181 183 -1,
184 183 185 -1,
184 182 183 -1,
186 185 187 -1,
186 184 185 -1,
188 187 189 -1,
188 186 187 -1,
190 189 191 -1,
190 188 189 -1,
192 191 193 -1,
192 190 191 -1,
194 193 195 -1,
194 192 193 -1,
196 195 197 -1,
196 194 195 -1,
198 197 199 -1,
198 196 197 -1,
200 199 201 -1,
200 198 199 -1,
202 201 203 -1,
202 200 201 -1,
204 203 205 -1,
204 202 203 -1,
206 205 207 -1,
206 204 205 -1,
208 207 209 -1,
208 206 207 -1,
210 209 211 -1,
210 208 209 -1,
212 211 213 -1,
212 210 211 -1,
214 213 215 -1,
214 212 213 -1,
216 215 217 -1,
216 214 215 -1,
218 217 219 -1,
218 216 217 -1,
220 219 221 -1,
220 218 219 -1,
222 221 223 -1,
222 220 221 -1,
224 222 223 -1,
224 223 225 -1,
226 224 225 -1,
226 225 227 -1,
228 226 227 -1,
228 227 229 -1,
230 228 229 -1,
230 229 231 -1,
232 230 231 -1,
232 231 233 -1,
234 232 233 -1,
234 233 235 -1,
236 234 235 -1,
236 235 237 -1,
238 236 237 -1,
238 237 239 -1,
240 238 239 -1,
240 239 241 -1,
242 240 241 -1,
242 241 243 -1,
244 242 243 -1,
244 243 245 -1,
246 244 245 -1,
246 245 247 -1,
248 246 247 -1,
248 247 249 -1,
250 249 251 -1,
250 248 249 -1,
1 251 2 -1,
1 250 251 -1,
200 196 198 -1,
206 202 204 -1,
104 107 108 -1,
212 208 210 -1,
222 218 220 -1,
226 222 224 -1,
88 90 92 -1,
230 226 228 -1,
234 230 232 -1,
234 226 230 -1,
80 82 84 -1,
236 226 234 -1,
242 236 238 -1,
242 238 240 -1,
246 242 244 -1,
68 70 72 -1,
250 246 248 -1,
0 250 1 -1,
4 250 0 -1,
58 60 62 -1,
12 6 8 -1,
12 8 10 -1,
18 14 16 -1,
20 14 18 -1,
42 45 46 -1,
42 46 48 -1,
42 48 50 -1,
37 38 41 -1,
37 41 42 -1,
28 24 26 -1,
30 24 28 -1,
32 200 202 -1,
32 4 6 -1,
32 206 208 -1,
32 24 30 -1,
32 246 250 -1,
32 212 214 -1,
32 12 14 -1,
32 214 216 -1,
32 216 218 -1,
32 20 22 -1,
32 202 206 -1,
32 37 42 -1,
32 22 24 -1,
32 196 200 -1,
32 6 12 -1,
32 250 4 -1,
32 34 37 -1,
32 104 108 -1,
32 222 226 -1,
32 68 72 -1,
32 50 52 -1,
32 52 54 -1,
32 54 56 -1,
32 56 58 -1,
32 62 64 -1,
32 64 67 -1,
32 67 68 -1,
32 208 212 -1,
32 72 74 -1,
32 74 76 -1,
32 76 79 -1,
32 79 80 -1,
32 218 222 -1,
32 84 86 -1,
32 86 88 -1,
32 42 50 -1,
32 92 94 -1,
32 94 96 -1,
32 96 98 -1,
32 226 236 -1,
32 98 100 -1,
32 100 102 -1,
32 102 104 -1,
32 108 110 -1,
32 110 112 -1,
32 112 114 -1,
32 114 116 -1,
32 116 118 -1,
32 118 120 -1,
32 120 122 -1,
32 122 124 -1,
32 124 126 -1,
32 126 128 -1,
32 128 130 -1,
32 236 242 -1,
32 130 132 -1,
32 14 20 -1,
32 132 134 -1,
32 134 136 -1,
32 136 138 -1,
32 138 140 -1,
32 140 142 -1,
32 142 144 -1,
32 144 146 -1,
32 146 149 -1,
32 149 150 -1,
32 150 152 -1,
32 152 154 -1,
32 154 156 -1,
32 156 158 -1,
32 158 160 -1,
32 80 84 -1,
32 160 162 -1,
32 162 164 -1,
32 164 166 -1,
32 166 168 -1,
32 168 171 -1,
32 171 172 -1,
32 242 246 -1,
32 172 174 -1,
32 174 176 -1,
32 176 178 -1,
32 178 180 -1,
32 180 182 -1,
32 182 184 -1,
32 184 186 -1,
32 186 188 -1,
32 88 92 -1,
32 188 190 -1,
32 190 192 -1,
32 192 194 -1,
32 58 62 -1,
32 194 196 -1,
197 201 199 -1,
203 207 205 -1,
106 105 109 -1,
209 213 211 -1,
219 223 221 -1,
223 227 225 -1,
91 89 93 -1,
227 231 229 -1,
231 235 233 -1,
227 235 231 -1,
83 81 85 -1,
227 237 235 -1,
237 243 239 -1,
239 243 241 -1,
243 247 245 -1,
71 69 73 -1,
247 251 249 -1,
251 3 2 -1,
251 5 3 -1,
61 59 63 -1,
7 13 9 -1,
9 13 11 -1,
15 19 17 -1,
15 21 19 -1,
44 43 47 -1,
47 43 49 -1,
49 43 51 -1,
39 36 40 -1,
40 36 43 -1,
25 29 27 -1,
25 31 29 -1,
201 33 203 -1,
5 33 7 -1,
207 33 209 -1,
25 33 31 -1,
247 33 251 -1,
213 33 215 -1,
13 33 15 -1,
215 33 217 -1,
217 33 219 -1,
21 33 23 -1,
203 33 207 -1,
36 33 43 -1,
23 33 25 -1,
197 33 201 -1,
7 33 13 -1,
251 33 5 -1,
35 33 36 -1,
105 33 109 -1,
223 33 227 -1,
69 33 73 -1,
51 33 53 -1,
53 33 55 -1,
55 33 57 -1,
57 33 59 -1,
63 33 65 -1,
65 33 66 -1,
66 33 69 -1,
209 33 213 -1,
73 33 75 -1,
75 33 77 -1,
77 33 78 -1,
78 33 81 -1,
219 33 223 -1,
85 33 87 -1,
87 33 89 -1,
43 33 51 -1,
93 33 95 -1,
95 33 97 -1,
97 33 99 -1,
227 33 237 -1,
99 33 101 -1,
101 33 103 -1,
103 33 105 -1,
109 33 111 -1,
111 33 113 -1,
113 33 115 -1,
115 33 117 -1,
117 33 119 -1,
119 33 121 -1,
121 33 123 -1,
123 33 125 -1,
125 33 127 -1,
127 33 129 -1,
129 33 131 -1,
237 33 243 -1,
131 33 133 -1,
15 33 21 -1,
133 33 135 -1,
135 33 137 -1,
137 33 139 -1,
139 33 141 -1,
141 33 143 -1,
143 33 145 -1,
145 33 147 -1,
147 33 148 -1,
148 33 151 -1,
151 33 153 -1,
153 33 155 -1,
155 33 157 -1,
157 33 159 -1,
159 33 161 -1,
81 33 85 -1,
161 33 163 -1,
163 33 165 -1,
165 33 167 -1,
167 33 169 -1,
169 33 170 -1,
170 33 173 -1,
243 33 247 -1,
173 33 175 -1,
175 33 177 -1,
177 33 179 -1,
179 33 181 -1,
181 33 183 -1,
183 33 185 -1,
185 33 187 -1,
187 33 189 -1,
89 33 93 -1,
189 33 191 -1,
191 33 193 -1,
193 33 195 -1,
59 33 63 -1,
195 33 197 -1 ] } }
Shape { appearance Appearance { material Material { diffuseColor 0.7 0.72 0.74 } } geometry IndexedFaceSet { solid FALSE coord Coordinate { point [ 1.098303 0.004906 1.968504,
1.098425 -0.000000 1.968504,
1.098425 -0.000000 -0.984252,
1.098303 0.004906 -0.984252,
1.097936 0.009800 1.968504,
1.097936 0.009800 -0.984252,
1.097326 0.014670 1.968504,
1.097326 0.014670 -0.984252,
1.096474 0.019503 -0.984252,
1.096474 0.019503 1.968504,
1.095382 0.024287 -0.984252,
1.095382 0.024287 1.968504,
1.094052 0.029011 1.968504,
1.094052 0.029011 -0.984252,
1.092489 0.033663 -0.984252,
1.092489 0.033663 1.968504,
1.090696 0.038232 -0.984252,
1.090696 0.038232 1.968504,
1.088678 0.042705 1.968504,
1.088678 0.042705 -0.984252,
1.086439 0.047072 1.968504,
1.086439 0.047072 -0.984252,
1.083985 0.051322 1.968504,
1.083985 0.051322 -0.984252,
1.081323 0.055445 1.968504,
1.081323 0.055445 -0.984252,
1.078458 0.059430 -0.984252,
1.078458 0.059430 1.968504,
1.075398 0.063266 1.968504,
1.075398 0.063266 -0.984252,
1.072151 0.066946 1.968504,
1.072151 0.066946 -0.984252,
1.068724 0.070459 1.968504,
1.068724 0.070459 -0.984252,
1.065127 0.073797 1.968504,
1.065127 0.073797 -0.984252,
1.061367 0.076952 -0.984252,
1.061367 0.076952 1.968504,
1.057455 0.079915 1.968504,
1.057455 0.079915 -0.984252,
1.053400 0.082680 -0.984252,
1.053400 0.082680 1.968504,
1.049213 0.085239 1.968504,
1.049213 0.085239 -0.984252,
1.044903 0.087586 -0.984252,
1.044903 0.087586 1.968504,
1.040481 0.089715 -0.984252,
1.040481 0.089715 1.968504,
1.035959 0.091621 1.968504,
1.035959 0.091621 -0.984252,
1.031347 0.093300 -0.984252,
1.031347 0.093300 1.968504,
1.026658 0.094746 1.968504,
1.026658 0.094746 -0.984252,
1.021902 0.095957 1.968504,
1.021902 0.095957 -0.984252,
1.017091 0.096930 1.968504,
1.017091 0.096930 -0.984252,
1.012239 0.097661 -0.984252,
1.012239 0.097661 1.968504,
1.007355 0.098150 1.968504,
1.007355 0.098150 -0.984252,
1.002454 0.098395 1.968504,
1.002454 0.098395 -0.984252,
0.997546 0.098395 1.968504,
0.997546 0.098395 -0.984252,
0.992645 0.098150 1.968504,
0.992645 0.098150 -0.984252,
0.987761 0.097661 1.968504,
0.987761 0.097661 -0.984252,
0.982909 0.096930 -0.984252,
0.982909 0.096930 1.968504,
0.978098 0.095957 -0.984252,
0.978098 0.095957 1.968504,
0.973342 0.094746 1.968504,
0.973342 0.094746 -0.984252,
0.968653 0.093300 1.968504,
0.968653 0.093300 -0.984252,
0.964041 0.091621 1.968504,
0.964041 0.091621 -0.984252,
0.959519 0.089715 1.968504,
0.959519 0.089715 -0.984252,
0.955097 0.087586 1.968504,
0.955097 0.087586 -0.984252,
0.950787 0.085239 1.968504,
0.950787 0.085239 -0.984252,
0.946600 0.082680 -0.984252,
0.946600 0.082680 1.968504,
0.942545 0.079915 1.968504,
0.942545 0.079915 -0.984252,
0.938633 0.076952 1.968504,
0.938633 0.076952 -0.984252,
0.934873 0.073797 -0.984252,
0.934873 0.073797 1.968504,
0.931276 0.070459 1.968504,
0.931276 0.070459 -0.984252,
0.927849 0.066946 1.968504,
0.927849 0.066946 -0.984252,
0.924602 0.063266 -0.984252,
0.924602 0.063266 1.968504,
0.921542 0.059430 1.968504,
0.921542 0.059430 -0.984252,
0.918677 0.055445 1.968504,
0.918677 0.055445 -0.984252,
0.916015 0.051322 -0.984252,
0.916015 0.051322 1.968504,
0.913561 0.047072 1.968504,
0.913561 0.047072 -0.984252,
0.911322 0.042705 1.968504,
0.911322 0.042705 -0.984252,
0.909304 0.038232 1.968504,
0.909304 0.038232 -0.984252,
0.907511 0.033663 -0.984252,
0.907511 0.033663 1.968504,
0.905948 0.029011 1.968504,
0.905948 0.029011 -0.984252,
0.904618 0.024287 1.968504,
0.904618 0.024287 -0.984252,
0.903526 0.019503 -0.984252,
0.903526 0.019503 1.968504,
0.902674 0.014670 1.968504,
0.902674 0.014670 -0.984252,
0.902064 0.009800 1.968504,
0.902064 0.009800 -0.984252,
0.901697 0.004906 -0.984252,
0.901697 0.004906 1.968504,
0.901575 -0.000000 1.968504,
0.901575 -0.000000 -0.984252,
0.901697 -0.004906 1.968504,
0.901697 -0.004906 -0.984252,
0.902064 -0.009800 -0.984252,
0.902064 -0.009800 1.968504,
0.902674 -0.014670 1.968504,
0.902674 -0.014670 -0.984252,
0.903526 -0.019503 -0.984252,
0.903526 -0.019503 1.968504,
0.904618 -0.024287 1.968504,
0.904618 -0.024287 -0.984252,
0.905948 -0.029011 -0.984252,
0.905948 -0.029011 1.968504,
0.907511 -0.033663 1.968504,
0.907511 -0.033663 -0.984252,
0.909304 -0.038232 1.968504,
0.909304 -0.038232 -0.984252,
0.911322 -0.042705 1.968504,
0.911322 -0.042705 -0.984252,
0.913561 -0.047072 1.968504,
0.913561 -0.047072 -0.984252,
0.916015 -0.051322 1.968504,
0.916015 -0.051322 -0.984252,
0.918677 -0.055445 -0.984252,
0.918677 -0.055445 1.968504,
0.921542 -0.059430 1.968504,
0.921542 -0.059430 -0.984252,
0.924602 -0.063266 1.968504,
0.924602 -0.063266 -0.984252,
0.927849 -0.066946 -0.984252,
0.927849 -0.066946 1.968504,
0.931276 -0.070459 1.968504,
0.931276 -0.070459 -0.984252,
0.934873 -0.073797 1.968504,
0.934873 -0.073797 -0.984252,
0.938633 -0.076952 -0.984252,
0.938633 -0.076952 1.968504,
0.942545 -0.079915 1.968504,
0.942545 -0.079915 -0.984252,
0.946600 -0.082680 1.968504,
0.946600 -0.082680 -0.984252,
0.950787 -0.085239 -0.984252,
0.950787 -0.085239 1.968504,
0.955097 -0.087586 1.968504,
0.955097 -0.087586 -0.984252,
0.959519 -0.089715 -0.984252,
0.959519 -0.089715 1.968504,
0.964041 -0.091621 1.968504,
0.964041 -0.091621 -0.984252,
0.968653 -0.093300 1.968504,
0.968653 -0.093300 -0.984252,
0.973342 -0.094746 1.968504,
0.973342 -0.094746 -0.984252,
0.978098 -0.095957 1.968504,
0.978098 -0.095957 -0.984252,
0.982909 -0.096930 1.968504,
0.982909 -0.096930 -0.984252,
0.987761 -0.097661 -0.984252,
0.987761 -0.097661 1.968504,
0.992645 -0.098150 1.968504,
0.992645 -0.098150 -0.984252,
0.997546 -0.098395 1.968504,
0.997546 -0.098395 -0.984252,
1.002454 -0.098395 1.968504,
1.002454 -0.098395 -0.984252,
1.007355 -0.098150 -0.984252,
1.007355 -0.098150 1.968504,
1.012239 -0.097661 1.968504,
1.012239 -0.097661 -0.984252,
1.017091 -0.096930 -0.984252,
1.017091 -0.096930 1.968504,
1.021902 -0.095957 1.968504,
1.021902 -0.095957 -0.984252,
1.026658 -0.094746 1.968504,
1.026658 -0.094746 -0.984252,
1.031347 -0.093300 -0.984252,
1.031347 -0.093300 1.968504,
1.035959 -0.091621 -0.984252,
1.035959 -0.091621 1.968504,
1.040481 -0.089715 1.968504,
1.040481 -0.089715 -0.984252,
1.044903 -0.087586 1.968504,
1.044903 -0.087586 -0.984252,
1.049213 -0.085239 1.968504,
1.049213 -0.085239 -0.984252,
1.053400 -0.082680 1.968504,
1.053400 -0.082680 -0.984252,
1.057455 -0.079915 1.968504,
1.057455 -0.079915 -0.984252,
1.061367 -0.076952 1.968504,
1.061367 -0.076952 -0.984252,
1.065127 -0.073797 -0.984252,
1.065127 -0.073797 1.968504,
1.068724 -0.070459 1.968504,
1.068724 -0.070459 -0.984252,
1.072151 -0.066946 1.968504,
1.072151 -0.066946 -0.984252,
1.075398 -0.063266 -0.984252,
1.075398 -0.063266 1.968504,
1.078458 -0.059430 -0.984252,
1.078458 -0.059430 1.968504,
1.081323 -0.055445 1.968504,
1.081323 -0.055445 -0.984252,
1.083985 -0.051322 -0.984252,
1.083985 -0.051322 1.968504,
1.086439 -0.047072 1.968504,
1.086439 -0.047072 -0.984252,
1.088678 -0.042705 1.968504,
1.088678 -0.042705 -0.984252,
1.090696 -0.038232 -0.984252,
1.090696 -0.038232 1.968504,
1.092489 -0.033663 1.968504,
1.092489 -0.033663 -0.984252,
1.094052 -0.029011 1.968504,
1.094052 -0.029011 -0.984252,
1.095382 -0.024287 1.968504,
1.095382 -0.024287 -0.984252,
1.096474 -0.019503 -0.984252,
1.096474 -0.019503 1.968504,
1.097326 -0.014670 1.968504,
1.097326 -0.014670 -0.984252,
1.097936 -0.009800 1.968504,
1.097936 -0.009800 -0.984252,
1.098303 -0.004906 1.968504,
1.098303 -0.004906 -0.984252 ] } coordIndex [ 0 1 2 -1,
0 2 3 -1,
4 3 5 -1,
4 0 3 -1,
6 5 7 -1,
6 7 8 -1,
6 4 5 -1,
9 8 10 -1,
9 6 8 -1,
11 9 10 -1,
12 10 13 -1,
12 13 14 -1,
12 11 10 -1,
15 14 16 -1,
15 12 14 -1,
17 15 16 -1,
18 16 19 -1,
18 17 16 -1,
20 19 21 -1,
20 18 19 -1,
22 20 21 -1,
22 21 23 -1,
24 22 23 -1,
24 23 25 -1,
24 25 26 -1,
27 24 26 -1,
28 27 26 -1,
28 26 29 -1,
30 28 29 -1,
30 29 31 -1,
32 30 31 -1,
32 31 33 -1,
34 32 33 -1,
34 33 35 -1,
34 35 36 -1,
37 34 36 -1,
38 37 36 -1,
38 36 39 -1,
38 39 40 -1,
41 38 40 -1,
42 41 40 -1,
42 40 43 -1,
42 43 44 -1,
45 42 44 -1,
45 44 46 -1,
47 45 46 -1,
48 46 49 -1,
48 49 50 -1,
48 47 46 -1,
51 48 50 -1,
52 50 53 -1,
52 51 50 -1,
54 53 55 -1,
54 52 53 -1,
56 55 57 -1,
56 57 58 -1,
56 54 55 -1,
59 56 58 -1,
60 58 61 -1,
60 59 58 -1,
62 61 63 -1,
62 60 61 -1,
64 63 65 -1,
64 62 63 -1,
66 65 67 -1,
66 64 65 -1,
68 67 69 -1,
68 69 70 -1,
68 66 67 -1,
71 70 72 -1,
71 68 70 -1,
73 71 72 -1,
74 73 72 -1,
74 72 75 -1,
76 74 75 -1,
76 75 77 -1,
78 76 77 -1,
78 77 79 -1,
80 78 79 -1,
80 79 81 -1,
82 80 81 -1,
82 81 83 -1,
84 82 83 -1,
84 83 85 -1,
84 85 86 -1,
87 84 86 -1,
88 87 86 -1,
88 86 89 -1,
90 88 89 -1,
90 89 91 -1,
90 91 92 -1,
93 90 92 -1,
94 93 92 -1,
94 92 95 -1,
96 94 95 -1,
96 95 97 -1,
96 97 98 -1,
99 96 98 -1,
100 99 98 -1,
100 98 101 -1,
102 100 101 -1,
102 101 103 -1,
102 103 104 -1,
105 102 104 -1,
106 105 104 -1,
106 104 107 -1,
108 106 107 -1,
108 107 109 -1,
110 108 109 -1,
110 109 111 -1,
110 111 112 -1,
113 110 112 -1,
114 113 112 -1,
114 112 115 -1,
116 115 117 -1,
116 117 118 -1,
116 114 115 -1,
119 116 118 -1,
120 118 121 -1,
120 119 118 -1,
122 121 123 -1,
122 123 124 -1,
122 120 121 -1,
125 122 124 -1,
126 125 124 -1,
126 124 127 -1,
128 126 127 -1,
128 127 129 -1,
128 129 130 -1,
131 128 130 -1,
132 131 130 -1,
132 130 133 -1,
132 133 134 -1,
135 132 134 -1,
136 135 134 -1,
136 134 137 -1,
136 137 138 -1,
139 136 138 -1,
140 139 138 -1,
140 138 141 -1,
142 140 141 -1,
142 141 143 -1,
144 142 143 -1,
144 143 145 -1,
146 144 145 -1,
146 145 147 -1,
148 149 150 -1,
148 146 147 -1,
148 147 149 -1,
151 148 150 -1,
152 150 153 -1,
152 151 150 -1,
154 153 155 -1,
154 155 156 -1,
154 152 153 -1,
157 154 156 -1,
158 156 159 -1,
158 157 156 -1,
160 159 161 -1,
160 161 162 -1,
160 158 159 -1,
163 160 162 -1,
164 162 165 -1,
164 163 162 -1,
166 165 167 -1,
166 167 168 -1,
166 164 165 -1,
169 166 168 -1,
170 168 171 -1,
170 171 172 -1,
170 169 168 -1,
173 170 172 -1,
174 172 175 -1,
174 173 172 -1,
176 174 175 -1,
176 175 177 -1,
178 176 177 -1,
178 177 179 -1,
180 178 179 -1,
180 179 181 -1,
182 180 181 -1,
182 181 183 -1,
182 183 184 -1,
185 182 184 -1,
186 184 187 -1,
186 185 184 -1,
188 187 189 -1,
188 186 187 -1,
190 189 191 -1,
190 191 192 -1,
190 188 189 -1,
193 190 192 -1,
194 192 195 -1,
194 195 196 -1,
194 193 192 -1,
197 194 196 -1,
198 196 199 -1,
198 197 196 -1,
200 199 201 -1,
200 201 202 -1,
200 198 199 -1,
203 202 204 -1,
203 200 202 -1,
205 203 204 -1,
206 204 207 -1,
206 205 204 -1,
208 207 209 -1,
208 206 207 -1,
210 209 211 -1,
210 208 209 -1,
212 211 213 -1,
212 210 211 -1,
214 213 215 -1,
214 212 213 -1,
216 215 217 -1,
216 217 218 -1,
216 214 215 -1,
219 216 218 -1,
220 218 221 -1,
220 219 218 -1,
222 221 223 -1,
222 223 224 -1,
222 220 221 -1,
225 224 226 -1,
225 222 224 -1,
227 225 226 -1,
228 227 226 -1,
228 226 229 -1,
228 229 230 -1,
231 228 230 -1,
232 231 230 -1,
232 230 233 -1,
234 232 233 -1,
234 233 235 -1,
234 235 236 -1,
237 234 236 -1,
238 237 236 -1,
238 236 239 -1,
240 238 239 -1,
240 239 241 -1,
242 240 241 -1,
242 241 243 -1,
242 243 244 -1,
245 242 244 -1,
246 245 244 -1,
246 244 247 -1,
248 246 247 -1,
248 247 249 -1,
250 249 251 -1,
250 248 249 -1,
1 251 2 -1,
1 250 251 -1,
200 197 198 -1,
206 203 205 -1,
105 106 108 -1,
212 208 210 -1,
222 219 220 -1,
227 222 225 -1,
88 90 93 -1,
231 227 228 -1,
234 231 232 -1,
234 227 231 -1,
80 82 84 -1,
237 227 234 -1,
242 237 238 -1,
242 238 240 -1,
246 242 245 -1,
68 71 73 -1,
250 246 248 -1,
0 250 1 -1,
4 250 0 -1,
59 60 62 -1,
12 6 9 -1,
12 9 11 -1,
18 15 17 -1,
20 15 18 -1,
42 45 47 -1,
42 47 48 -1,
42 48 51 -1,
37 38 41 -1,
37 41 42 -1,
28 24 27 -1,
30 24 28 -1,
32 200 203 -1,
32 4 6 -1,
32 206 208 -1,
32 24 30 -1,
32 246 250 -1,
32 212 214 -1,
32 12 15 -1,
32 214 216 -1,
32 216 219 -1,
32 20 22 -1,
32 203 206 -1,
32 37 42 -1,
32 22 24 -1,
32 197 200 -1,
32 6 12 -1,
32 250 4 -1,
32 34 37 -1,
32 105 108 -1,
32 222 227 -1,
32 68 73 -1,
32 51 52 -1,
32 52 54 -1,
32 54 56 -1,
32 56 59 -1,
32 62 64 -1,
32 64 66 -1,
32 66 68 -1,
32 208 212 -1,
32 73 74 -1,
32 74 76 -1,
32 76 78 -1,
32 78 80 -1,
32 219 222 -1,
32 84 87 -1,
32 87 88 -1,
32 42 51 -1,
32 93 94 -1,
32 94 96 -1,
32 96 99 -1,
32 227 237 -1,
32 99 100 -1,
32 100 102 -1,
32 102 105 -1,
32 108 110 -1,
32 110 113 -1,
32 113 114 -1,
32 114 116 -1,
32 116 119 -1,
32 119 120 -1,
32 120 122 -1,
32 122 125 -1,
32 125 126 -1,
32 126 128 -1,
32 128 131 -1,
32 237 242 -1,
32 131 132 -1,
32 15 20 -1,
32 132 135 -1,
32 135 136 -1,
32 136 139 -1,
32 139 140 -1,
32 140 142 -1,
32 142 144 -1,
32 144 146 -1,
32 146 148 -1,
32 148 151 -1,
32 151 152 -1,
32 152 154 -1,
32 154 157 -1,
32 157 158 -1,
32 158 160 -1,
32 80 84 -1,
32 160 163 -1,
32 163 164 -1,
32 164 166 -1,
32 166 169 -1,
32 169 170 -1,
32 170 173 -1,
32 242 246 -1,
32 173 174 -1,
32 174 176 -1,
32 176 178 -1,
32 178 180 -1,
32 180 182 -1,
32 182 185 -1,
32 185 186 -1,
32 186 188 -1,
32 88 93 -1,
32 188 190 -1,
32 190 193 -1,
32 193 194 -1,
32 59 62 -1,
32 194 197 -1,
196 201 199 -1,
202 207 204 -1,
107 104 109 -1,
209 213 211 -1,
218 223 221 -1,
223 226 224 -1,
91 89 92 -1,
226 230 229 -1,
230 235 233 -1,
226 235 230 -1,
83 81 85 -1,
226 236 235 -1,
236 243 239 -1,
239 243 241 -1,
243 247 244 -1,
70 69 72 -1,
247 251 249 -1,
251 3 2 -1,
251 5 3 -1,
61 58 63 -1,
7 13 8 -1,
8 13 10 -1,
14 19 16 -1,
14 21 19 -1,
44 43 46 -1,
46 43 49 -1,
49 43 50 -1,
39 36 40 -1,
40 36 43 -1,
25 29 26 -1,
25 31 29 -1,
201 33 202 -1,
5 33 7 -1,
207 33 209 -1,
25 33 31 -1,
247 33 251 -1,
213 33 215 -1,
13 33 14 -1,
215 33 217 -1,
217 33 218 -1,
21 33 23 -1,
202 33 207 -1,
36 33 43 -1,
23 33 25 -1,
196 33 201 -1,
7 33 13 -1,
251 33 5 -1,
35 33 36 -1,
104 33 109 -1,
223 33 226 -1,
69 33 72 -1,
50 33 53 -1,
53 33 55 -1,
55 33 57 -1,
57 33 58 -1,
63 33 65 -1,
65 33 67 -1,
67 33 69 -1,
209 33 213 -1,
72 33 75 -1,
75 33 77 -1,
77 33 79 -1,
79 33 81 -1,
218 33 223 -1,
85 33 86 -1,
86 33 89 -1,
43 33 50 -1,
92 33 95 -1,
95 33 97 -1,
97 33 98 -1,
226 33 236 -1,
98 33 101 -1,
101 33 103 -1,
103 33 104 -1,
109 33 111 -1,
111 33 112 -1,
112 33 115 -1,
115 33 117 -1,
117 33 118 -1,
118 33 121 -1,
121 33 123 -1,
123 33 124 -1,
124 33 127 -1,
127 33 129 -1,
129 33 130 -1,
236 33 243 -1,
130 33 133 -1,
14 33 21 -1,
133 33 134 -1,
134 33 137 -1,
137 33 138 -1,
138 33 141 -1,
141 33 143 -1,
143 33 145 -1,
145 33 147 -1,
147 33 149 -1,
149 33 150 -1,
150 33 153 -1,
153 33 155 -1,
155 33 156 -1,
156 33 159 -1,
159 33 161 -1,
81 33 85 -1,
161 33 162 -1,
162 33 165 -1,
165 33 167 -1,
167 33 168 -1,
168 33 171 -1,
171 33 172 -1,
243 33 247 -1,
172 33 175 -1,
175 33 177 -1,
177 33 179 -1,
179 33 181 -1,
181 33 183 -1,
183 33 184 -1,
184 33 187 -1,
187 33 189 -1,
89 33 92 -1,
189 33 191 -1,
191 33 192 -1,
192 33 195 -1,
58 33 63 -1,
195 33 196 -1 ] } }
Shape { appearance Appearance { material Material { diffuseColor 0.7 0.72 0.74 } } geometry IndexedFaceSet { solid FALSE coord Coordinate { point [ 1.004906 -0.393701 1.870201,
1.000000 -0.393701 1.870079,
1.000000 0.000000 1.870079,
1.004906 0.000000 1.870201,
1.009800 -0.393701 1.870568,
1.009800 0.000000 1.870568,
1.014670 -0.393701 1.871178,
1.014670 0.000000 1.871178,
1.019503 -0.393701 1.872030,
1.019503 0.000000 1.872030,
1.024287 -0.393701 1.873122,
1.024287 0.000000 1.873122,
1.029011 -0.393701 1.874451,
1.029011 0.000000 1.874451,
1.033663 -0.393701 1.876015,
1.033663 0.000000 1.876015,
1.038232 -0.393701 1.877807,
1.038232 0.000000 1.877807,
1.042705 -0.393701 1.879826,
1.042705 0.000000 1.879826,
1.047072 -0.393701 1.882065,
1.047072 0.000000 1.882065,
1.051322 -0.393701 1.884519,
1.051322 0.000000 1.884519,
1.055445 -0.393701 1.887181,
1.055445 0.000000 1.887181,
1.059430 -0.393701 1.890046,
1.059430 0.000000 1.890046,
1.063266 -0.393701 1.893106,
1.063266 0.000000 1.893106,
1.066946 -0.393701 1.896353,
1.066946 0.000000 1.896353,
1.070459 -0.393701 1.899780,
1.070459 0.000000 1.899780,
1.073797 -0.393701 1.903377,
1.073797 0.000000 1.903377,
1.076952 0.000000 1.907137,
1.076952 -0.393701 1.907137,
1.079915 -0.393701 1.911049,
1.079915 0.000000 1.911049,
1.082680 0.000000 1.915104,
1.082680 -0.393701 1.915104,
1.085239 -0.393701 1.919291,
1.085239 0.000000 1.919291,
1.087586 0.000000 1.923601,
1.087586 -0.393701 1.923601,
1.089715 -0.393701 1.928023,
1.089715 0.000000 1.928023,
1.091621 -0.393701 1.932545,
1.091621 0.000000 1.932545,
1.093300 -0.393701 1.937157,
1.093300 0.000000 1.937157,
1.094746 -0.393701 1.941846,
1.094746 0.000000 1.941846,
1.095957 -0.393701 1.946602,
1.095957 0.000000 1.946602,
1.096930 -0.393701 1.951413,
1.096930 0.000000 1.951413,
1.097661 -0.393701 1.956265,
1.097661 0.000000 1.956265,
1.098150 -0.393701 1.961149,
1.098150 0.000000 1.961149,
1.098395 -0.393701 1.966050,
1.098395 0.000000 1.966050,
1.098395 -0.393701 1.970958,
1.098395 0.000000 1.970958,
1.098150 0.000000 1.975859,
1.098150 -0.393701 1.975859,
1.097661 -0.393701 1.980742,
1.097661 0.000000 1.980742,
1.096930 -0.393701 1.985595,
1.096930 0.000000 1.985595,
1.095957 -0.393701 1.990406,
1.095957 0.000000 1.990406,
1.094746 -0.393701 1.995161,
1.094746 0.000000 1.995161,
1.093300 -0.393701 1.999851,
1.093300 0.000000 1.999851,
1.091621 0.000000 2.004463,
1.091621 -0.393701 2.004463,
1.089715 -0.393701 2.008985,
1.089715 0.000000 2.008985,
1.087586 -0.393701 2.013407,
1.087586 0.000000 2.013407,
1.085239 -0.393701 2.017717,
1.085239 0.000000 2.017717,
1.082680 -0.393701 2.021904,
1.082680 0.000000 2.021904,
1.079915 -0.393701 2.025959,
1.079915 0.000000 2.025959,
1.076952 -0.393701 2.029871,
1.076952 0.000000 2.029871,
1.073797 -0.393701 2.033630,
1.073797 0.000000 2.033630,
1.070459 -0.393701 2.037228,
1.070459 0.000000 2.037228,
1.066946 -0.393701 2.040655,
1.066946 0.000000 2.040655,
1.063266 -0.393701 2.043902,
1.063266 0.000000 2.043902,
1.059430 -0.393701 2.046962,
1.059430 0.000000 2.046962,
1.055445 -0.393701 2.049827,
1.055445 0.000000 2.049827,
1.051322 -0.393701 2.052489,
1.051322 0.000000 2.052489,
1.047072 0.000000 2.054943,
1.047072 -0.393701 2.054943,
1.042705 -0.393701 2.057182,
1.042705 0.000000 2.057182,
1.038232 -0.393701 2.059200,
1.038232 0.000000 2.059200,
1.033663 -0.393701 2.060993,
1.033663 0.000000 2.060993,
1.029011 -0.393701 2.062556,
1.029011 0.000000 2.062556,
1.024287 -0.393701 2.063886,
1.024287 0.000000 2.063886,
1.019503 -0.393701 2.064978,
1.019503 0.000000 2.064978,
1.014670 -0.393701 2.065830,
1.014670 0.000000 2.065830,
1.009800 -0.393701 2.066440,
1.009800 0.000000 2.066440,
1.004906 -0.393701 2.066807,
1.004906 0.000000 2.066807,
1.000000 -0.393701 2.066929,
1.000000 0.000000 2.066929,
0.995094 -0.393701 2.066807,
0.995094 0.000000 2.066807,
0.990200 -0.393701 2.066440,
0.990200 0.000000 2.066440,
0.985330 -0.393701 2.065830,
0.985330 0.000000 2.065830,
0.980497 -0.393701 2.064978,
0.980497 0.000000 2.064978,
0.975713 -0.393701 2.063886,
0.975713 0.000000 2.063886,
0.970989 -0.393701 2.062556,
0.970989 0.000000 2.062556,
0.966337 -0.393701 2.060993,
0.966337 0.000000 2.060993,
0.961768 -0.393701 2.059200,
0.961768 0.000000 2.059200,
0.957295 -0.393701 2.057182,
0.957295 0.000000 2.057182,
0.952928 -0.393701 2.054943,
0.952928 0.000000 2.054943,
0.948678 0.000000 2.052489,
0.948678 -0.393701 2.052489,
0.944555 -0.393701 2.049827,
0.944555 0.000000 2.049827,
0.940570 -0.393701 2.046962,
0.940570 0.000000 2.046962,
0.936734 -0.393701 2.043902,
0.936734 0.000000 2.043902,
0.933054 -0.393701 2.040655,
0.933054 0.000000 2.040655,
0.929541 -0.393701 2.037228,
0.929541 0.000000 2.037228,
0.926203 -0.393701 2.033630,
0.926203 0.000000 2.033630,
0.923048 -0.393701 2.029871,
0.923048 0.000000 2.029871,
0.920085 -0.393701 2.025959,
0.920085 0.000000 2.025959,
0.917320 -0.393701 2.021904,
0.917320 0.000000 2.021904,
0.914761 -0.393701 2.017717,
0.914761 0.000000 2.017717,
0.912414 0.000000 2.013407,
0.912414 -0.393701 2.013407,
0.910285 -0.393701 2.008985,
0.910285 0.000000 2.008985,
0.908379 -0.393701 2.004463,
0.908379 0.000000 2.004463,
0.906700 -0.393701 1.999851,
0.906700 0.000000 1.999851,
0.905254 -0.393701 1.995161,
0.905254 0.000000 1.995161,
0.904043 -0.393701 1.990406,
0.904043 0.000000 1.990406,
0.903070 -0.393701 1.985595,
0.903070 0.000000 1.985595,
0.902339 -0.393701 1.980742,
0.902339 0.000000 1.980742,
0.901850 -0.393701 1.975859,
0.901850 0.000000 1.975859,
0.901605 -0.393701 1.970958,
0.901605 0.000000 1.970958,
0.901605 -0.393701 1.966050,
0.901605 0.000000 1.966050,
0.901850 -0.393701 1.961149,
0.901850 0.000000 1.961149,
0.902339 -0.393701 1.956265,
0.902339 0.000000 1.956265,
0.903070 -0.393701 1.951413,
0.903070 0.000000 1.951413,
0.904043 -0.393701 1.946602,
0.904043 0.000000 1.946602,
0.905254 -0.393701 1.941846,
0.905254 0.000000 1.941846,
0.906700 -0.393701 1.937157,
0.906700 0.000000 1.937157,
0.908379 -0.393701 1.932545,
0.908379 0.000000 1.932545,
0.910285 -0.393701 1.928023,
0.910285 0.000000 1.928023,
0.912414 -0.393701 1.923601,
0.912414 0.000000 1.923601,
0.914761 -0.393701 1.919291,
0.914761 0.000000 1.919291,
0.917320 -0.393701 1.915104,
0.917320 0.000000 1.915104,
0.920085 -0.393701 1.911049,
0.920085 0.000000 1.911049,
0.923048 -0.393701 1.907137,
0.923048 0.000000 1.907137,
0.926203 -0.393701 1.903377,
0.926203 0.000000 1.903377,
0.929541 -0.393701 1.899780,
0.929541 0.000000 1.899780,
0.933054 -0.393701 1.896353,
0.933054 0.000000 1.896353,
0.936734 -0.393701 1.893106,
0.936734 0.000000 1.893106,
0.940570 -0.393701 1.890046,
0.940570 0.000000 1.890046,
0.944555 -0.393701 1.887181,
0.944555 0.000000 1.887181,
0.948678 -0.393701 1.884519,
0.948678 0.000000 1.884519,
0.952928 -0.393701 1.882065,
0.952928 0.000000 1.882065,
0.957295 -0.393701 1.879826,
0.957295 0.000000 1.879826,
0.961768 -0.393701 1.877807,
0.961768 0.000000 1.877807,
0.966337 -0.393701 1.876015,
0.966337 0.000000 1.876015,
0.970989 -0.393701 1.874451,
0.970989 0.000000 1.874451,
0.975713 -0.393701 1.873122,
0.975713 0.000000 1.873122,
0.980497 -0.393701 1.872030,
0.980497 0.000000 1.872030,
0.985330 -0.393701 1.871178,
0.985330 0.000000 1.871178,
0.990200 -0.393701 1.870568,
0.990200 0.000000 1.870568,
0.995094 -0.393701 1.870201,
0.995094 0.000000 1.870201 ] } coordIndex [ 0 1 2 -1,
0 2 3 -1,
4 3 5 -1,
4 0 3 -1,
6 5 7 -1,
6 4 5 -1,
8 7 9 -1,
8 6 7 -1,
10 9 11 -1,
10 8 9 -1,
12 11 13 -1,
12 10 11 -1,
14 13 15 -1,
14 12 13 -1,
16 15 17 -1,
16 14 15 -1,
18 17 19 -1,
18 16 17 -1,
20 19 21 -1,
20 18 19 -1,
22 20 21 -1,
22 21 23 -1,
24 22 23 -1,
24 23 25 -1,
26 24 25 -1,
26 25 27 -1,
28 26 27 -1,
28 27 29 -1,
30 28 29 -1,
30 29 31 -1,
32 30 31 -1,
32 31 33 -1,
34 32 33 -1,
34 33 35 -1,
34 35 36 -1,
37 34 36 -1,
38 37 36 -1,
38 36 39 -1,
38 39 40 -1,
41 38 40 -1,
42 41 40 -1,
42 40 43 -1,
42 43 44 -1,
45 42 44 -1,
46 44 47 -1,
46 45 44 -1,
48 47 49 -1,
48 46 47 -1,
50 49 51 -1,
50 48 49 -1,
52 51 53 -1,
52 50 51 -1,
54 53 55 -1,
54 52 53 -1,
56 55 57 -1,
56 54 55 -1,
58 57 59 -1,
58 56 57 -1,
60 59 61 -1,
60 58 59 -1,
62 61 63 -1,
62 60 61 -1,
64 63 65 -1,
64 65 66 -1,
64 62 63 -1,
67 64 66 -1,
68 66 69 -1,
68 67 66 -1,
70 69 71 -1,
70 68 69 -1,
72 71 73 -1,
72 70 71 -1,
74 72 73 -1,
74 73 75 -1,
76 74 75 -1,
76 75 77 -1,
76 77 78 -1,
79 76 78 -1,
80 79 78 -1,
80 78 81 -1,
82 80 81 -1,
82 81 83 -1,
84 82 83 -1,
84 83 85 -1,
86 84 85 -1,
86 85 87 -1,
88 86 87 -1,
88 87 89 -1,
90 88 89 -1,
90 89 91 -1,
92 90 91 -1,
92 91 93 -1,
94 92 93 -1,
94 93 95 -1,
96 94 95 -1,
96 95 97 -1,
98 96 97 -1,
98 97 99 -1,
100 98 99 -1,
100 99 101 -1,
102 100 101 -1,
102 101 103 -1,
104 102 103 -1,
104 103 105 -1,
104 105 106 -1,
107 104 106 -1,
108 107 106 -1,
108 106 109 -1,
110 108 109 -1,
110 109 111 -1,
112 110 111 -1,
112 111 113 -1,
114 112 113 -1,
114 113 115 -1,
116 115 117 -1,
116 114 115 -1,
118 117 119 -1,
118 116 117 -1,
120 119 121 -1,
120 118 119 -1,
122 121 123 -1,
122 120 121 -1,
124 122 123 -1,
124 123 125 -1,
126 124 125 -1,
126 125 127 -1,
128 126 127 -1,
128 127 129 -1,
130 128 129 -1,
130 129 131 -1,
132 130 131 -1,
132 131 133 -1,
134 132 133 -1,
134 133 135 -1,
136 134 135 -1,
136 135 137 -1,
138 136 137 -1,
138 137 139 -1,
140 138 139 -1,
140 139 141 -1,
142 140 141 -1,
142 141 143 -1,
144 142 143 -1,
144 143 145 -1,
146 144 145 -1,
146 145 147 -1,
146 147 148 -1,
149 146 148 -1,
150 148 151 -1,
150 149 148 -1,
152 151 153 -1,
152 150 151 -1,
154 153 155 -1,
154 152 153 -1,
156 155 157 -1,
156 154 155 -1,
158 157 159 -1,
158 156 157 -1,
160 159 161 -1,
160 158 159 -1,
162 161 163 -1,
162 160 161 -1,
164 163 165 -1,
164 162 163 -1,
166 165 167 -1,
166 164 165 -1,
168 167 169 -1,
168 169 170 -1,
168 166 167 -1,
171 168 170 -1,
172 170 173 -1,
172 171 170 -1,
174 173 175 -1,
174 172 173 -1,
176 174 175 -1,
176 175 177 -1,
178 176 177 -1,
178 177 179 -1,
180 178 179 -1,
180 179 181 -1,
182 180 181 -1,
182 181 183 -1,
184 183 185 -1,
184 182 183 -1,
186 185 187 -1,
186 184 185 -1,
188 187 189 -1,
188 186 187 -1,
190 189 191 -1,
190 188 189 -1,
192 191 193 -1,
192 190 191 -1,
194 193 195 -1,
194 192 193 -1,
196 195 197 -1,
196 194 195 -1,
198 197 199 -1,
198 196 197 -1,
200 199 201 -1,
200 198 199 -1,
202 201 203 -1,
202 200 201 -1,
204 203 205 -1,
204 202 203 -1,
206 205 207 -1,
206 204 205 -1,
208 207 209 -1,
208 206 207 -1,
210 209 211 -1,
210 208 209 -1,
212 211 213 -1,
212 210 211 -1,
214 213 215 -1,
214 212 213 -1,
216 215 217 -1,
216 214 215 -1,
218 217 219 -1,
218 216 217 -1,
220 219 221 -1,
220 218 219 -1,
222 221 223 -1,
222 220 221 -1,
224 222 223 -1,
224 223 225 -1,
226 224 225 -1,
226 225 227 -1,
228 226 227 -1,
228 227 229 -1,
230 228 229 -1,
230 229 231 -1,
232 230 231 -1,
232 231 233 -1,
234 232 233 -1,
234 233 235 -1,
236 234 235 -1,
236 235 237 -1,
238 236 237 -1,
238 237 239 -1,
240 238 239 -1,
240 239 241 -1,
242 240 241 -1,
242 241 243 -1,
244 242 243 -1,
244 243 245 -1,
246 244 245 -1,
246 245 247 -1,
248 246 247 -1,
248 247 249 -1,
250 249 251 -1,
250 248 249 -1,
1 251 2 -1,
1 250 251 -1,
46 48 50 -1,
18 10 14 -1,
18 6 8 -1,
18 8 10 -1,
18 14 16 -1,
45 46 50 -1,
41 42 45 -1,
38 41 45 -1,
28 24 26 -1,
206 202 204 -1,
108 110 112 -1,
104 107 108 -1,
30 24 28 -1,
32 200 202 -1,
32 206 208 -1,
32 208 210 -1,
32 96 102 -1,
32 18 20 -1,
32 20 22 -1,
32 22 24 -1,
32 108 112 -1,
32 226 228 -1,
32 50 56 -1,
32 92 96 -1,
32 34 37 -1,
32 238 240 -1,
32 56 60 -1,
32 37 38 -1,
32 248 6 -1,
32 24 30 -1,
32 104 108 -1,
32 60 62 -1,
32 6 18 -1,
32 62 64 -1,
32 64 67 -1,
32 70 72 -1,
32 72 74 -1,
32 210 214 -1,
32 80 82 -1,
32 38 45 -1,
32 214 226 -1,
32 82 84 -1,
32 84 88 -1,
32 88 90 -1,
32 90 92 -1,
32 102 104 -1,
32 45 50 -1,
32 112 114 -1,
32 114 116 -1,
32 116 118 -1,
32 118 120 -1,
32 120 122 -1,
32 122 124 -1,
32 124 126 -1,
32 126 128 -1,
32 128 130 -1,
32 130 132 -1,
32 132 134 -1,
32 134 136 -1,
32 136 138 -1,
32 138 140 -1,
214 210 212 -1,
32 67 70 -1,
32 140 142 -1,
32 142 144 -1,
32 144 146 -1,
32 228 238 -1,
32 146 149 -1,
32 149 150 -1,
32 150 152 -1,
32 152 154 -1,
32 74 80 -1,
32 202 206 -1,
32 154 156 -1,
32 156 158 -1,
32 158 160 -1,
32 160 162 -1,
32 162 164 -1,
32 240 248 -1,
32 164 166 -1,
32 166 168 -1,
32 168 171 -1,
32 171 172 -1,
32 172 174 -1,
32 174 176 -1,
32 176 178 -1,
32 178 180 -1,
32 180 182 -1,
32 182 184 -1,
32 184 186 -1,
32 186 188 -1,
32 188 190 -1,
32 190 192 -1,
32 192 194 -1,
32 194 196 -1,
32 196 198 -1,
32 198 200 -1,
218 214 216 -1,
96 98 100 -1,
96 100 102 -1,
222 218 220 -1,
92 94 96 -1,
226 222 224 -1,
226 214 218 -1,
226 218 222 -1,
84 86 88 -1,
238 228 230 -1,
238 230 232 -1,
238 232 234 -1,
238 234 236 -1,
76 79 80 -1,
74 76 80 -1,
246 242 244 -1,
248 240 242 -1,
248 242 246 -1,
67 68 70 -1,
1 248 250 -1,
6 1 0 -1,
6 0 4 -1,
6 248 1 -1,
56 58 60 -1,
52 54 56 -1,
50 52 56 -1,
14 10 12 -1,
49 47 51 -1,
11 19 15 -1,
7 19 9 -1,
9 19 11 -1,
15 19 17 -1,
47 44 51 -1,
43 40 44 -1,
40 39 44 -1,
25 29 27 -1,
203 207 205 -1,
111 109 113 -1,
106 105 109 -1,
25 31 29 -1,
201 33 203 -1,
207 33 209 -1,
209 33 211 -1,
97 33 103 -1,
19 33 21 -1,
21 33 23 -1,
23 33 25 -1,
109 33 113 -1,
227 33 229 -1,
51 33 57 -1,
93 33 97 -1,
35 33 36 -1,
239 33 241 -1,
57 33 61 -1,
36 33 39 -1,
249 33 7 -1,
25 33 31 -1,
105 33 109 -1,
61 33 63 -1,
7 33 19 -1,
63 33 65 -1,
65 33 66 -1,
71 33 73 -1,
73 33 75 -1,
211 33 215 -1,
81 33 83 -1,
39 33 44 -1,
215 33 227 -1,
83 33 85 -1,
85 33 89 -1,
89 33 91 -1,
91 33 93 -1,
103 33 105 -1,
44 33 51 -1,
113 33 115 -1,
115 33 117 -1,
117 33 119 -1,
119 33 121 -1,
121 33 123 -1,
123 33 125 -1,
125 33 127 -1,
127 33 129 -1,
129 33 131 -1,
131 33 133 -1,
133 33 135 -1,
135 33 137 -1,
137 33 139 -1,
139 33 141 -1,
211 215 213 -1,
66 33 71 -1,
141 33 143 -1,
143 33 145 -1,
145 33 147 -1,
229 33 239 -1,
147 33 148 -1,
148 33 151 -1,
151 33 153 -1,
153 33 155 -1,
75 33 81 -1,
203 33 207 -1,
155 33 157 -1,
157 33 159 -1,
159 33 161 -1,
161 33 163 -1,
163 33 165 -1,
241 33 249 -1,
165 33 167 -1,
167 33 169 -1,
169 33 170 -1,
170 33 173 -1,
173 33 175 -1,
175 33 177 -1,
177 33 179 -1,
179 33 181 -1,
181 33 183 -1,
183 33 185 -1,
185 33 187 -1,
187 33 189 -1,
189 33 191 -1,
191 33 193 -1,
193 33 195 -1,
195 33 197 -1,
197 33 199 -1,
199 33 201 -1,
215 219 217 -1,
99 97 101 -1,
101 97 103 -1,
219 223 221 -1,
95 93 97 -1,
223 227 225 -1,
215 227 219 -1,
219 227 223 -1,
87 85 89 -1,
229 239 231 -1,
231 239 233 -1,
233 239 235 -1,
235 239 237 -1,
78 77 81 -1,
77 75 81 -1,
243 247 245 -1,
241 249 243 -1,
243 249 247 -1,
69 66 71 -1,
249 2 251 -1,
2 7 3 -1,
3 7 5 -1,
249 7 2 -1,
59 57 61 -1,
55 53 57 -1,
53 51 57 -1,
11 15 13 -1 ] } }
