#VRML V2.0 utf8
# Project-owned nominal model; units 0.1 inch for KiCad.
Shape { appearance Appearance { material Material { diffuseColor 0.87 0.89 0.88 } } geometry IndexedFaceSet { solid FALSE coord Coordinate { point [ 2.659974 0.057892 2.362205,
2.661417 -0.000000 2.362205,
2.661417 -0.000000 1.968504,
2.659974 0.057892 1.968504,
2.655646 0.115640 2.362205,
2.655646 0.115640 1.968504,
2.648445 0.173100 2.362205,
2.648445 0.173100 1.968504,
2.638389 0.230130 2.362205,
2.638389 0.230130 1.968504,
2.625503 0.286588 2.362205,
2.625503 0.286588 1.968504,
2.609819 0.342334 2.362205,
2.609819 0.342334 1.968504,
2.591375 0.397228 1.968504,
2.591375 0.397228 2.362205,
2.570218 0.451135 2.362205,
2.570218 0.451135 1.968504,
2.546401 0.503920 2.362205,
2.546401 0.503920 1.968504,
2.519982 0.555452 2.362205,
2.519982 0.555452 1.968504,
2.491027 0.605604 2.362205,
2.491027 0.605604 1.968504,
2.459608 0.654250 2.362205,
2.459608 0.654250 1.968504,
2.425804 0.701269 2.362205,
2.425804 0.701269 1.968504,
2.389697 0.746545 2.362205,
2.389697 0.746545 1.968504,
2.351379 0.789964 2.362205,
2.351379 0.789964 1.968504,
2.310944 0.831420 2.362205,
2.310944 0.831420 1.968504,
2.268493 0.870809 2.362205,
2.268493 0.870809 1.968504,
2.224132 0.908033 2.362205,
2.224132 0.908033 1.968504,
2.177970 0.942999 2.362205,
2.177970 0.942999 1.968504,
2.130123 0.975621 1.968504,
2.130123 0.975621 2.362205,
2.080709 1.005817 1.968504,
2.080709 1.005817 2.362205,
2.029851 1.033513 2.362205,
2.029851 1.033513 1.968504,
1.977676 1.058639 2.362205,
1.977676 1.058639 1.968504,
1.924313 1.081133 2.362205,
1.924313 1.081133 1.968504,
1.869896 1.100939 2.362205,
1.869896 1.100939 1.968504,
1.814559 1.118008 2.362205,
1.814559 1.118008 1.968504,
1.758440 1.132298 2.362205,
1.758440 1.132298 1.968504,
1.701678 1.143773 2.362205,
1.701678 1.143773 1.968504,
1.644415 1.152404 2.362205,
1.644415 1.152404 1.968504,
1.586793 1.158170 2.362205,
1.586793 1.158170 1.968504,
1.528955 1.161056 2.362205,
1.528955 1.161056 1.968504,
1.471045 1.161056 2.362205,
1.471045 1.161056 1.968504,
1.413207 1.158170 1.968504,
1.413207 1.158170 2.362205,
1.355585 1.152404 2.362205,
1.355585 1.152404 1.968504,
1.298322 1.143773 2.362205,
1.298322 1.143773 1.968504,
1.241560 1.132298 2.362205,
1.241560 1.132298 1.968504,
1.185441 1.118008 2.362205,
1.185441 1.118008 1.968504,
1.130104 1.100939 2.362205,
1.130104 1.100939 1.968504,
1.075687 1.081133 2.362205,
1.075687 1.081133 1.968504,
1.022324 1.058639 2.362205,
1.022324 1.058639 1.968504,
0.970149 1.033513 2.362205,
0.970149 1.033513 1.968504,
0.919291 1.005817 1.968504,
0.919291 1.005817 2.362205,
0.869877 0.975621 2.362205,
0.869877 0.975621 1.968504,
0.822030 0.942999 2.362205,
0.822030 0.942999 1.968504,
0.775868 0.908033 2.362205,
0.775868 0.908033 1.968504,
0.731507 0.870809 2.362205,
0.731507 0.870809 1.968504,
0.689056 0.831420 2.362205,
0.689056 0.831420 1.968504,
0.648621 0.789964 2.362205,
0.648621 0.789964 1.968504,
0.610303 0.746545 2.362205,
0.610303 0.746545 1.968504,
0.574196 0.701269 2.362205,
0.574196 0.701269 1.968504,
0.540392 0.654250 2.362205,
0.540392 0.654250 1.968504,
0.508973 0.605604 2.362205,
0.508973 0.605604 1.968504,
0.480018 0.555452 2.362205,
0.480018 0.555452 1.968504,
0.453599 0.503920 2.362205,
0.453599 0.503920 1.968504,
0.429782 0.451135 2.362205,
0.429782 0.451135 1.968504,
0.408625 0.397228 2.362205,
0.408625 0.397228 1.968504,
0.390181 0.342334 2.362205,
0.390181 0.342334 1.968504,
0.374497 0.286588 2.362205,
0.374497 0.286588 1.968504,
0.361611 0.230130 2.362205,
0.361611 0.230130 1.968504,
0.351555 0.173100 2.362205,
0.351555 0.173100 1.968504,
0.344354 0.115640 2.362205,
0.344354 0.115640 1.968504,
0.340026 0.057892 2.362205,
0.340026 0.057892 1.968504,
0.338583 -0.000000 2.362205,
0.338583 -0.000000 1.968504,
0.340026 -0.057892 2.362205,
0.340026 -0.057892 1.968504,
0.344354 -0.115640 2.362205,
0.344354 -0.115640 1.968504,
0.351555 -0.173100 2.362205,
0.351555 -0.173100 1.968504,
0.361611 -0.230130 2.362205,
0.361611 -0.230130 1.968504,
0.374497 -0.286588 2.362205,
0.374497 -0.286588 1.968504,
0.390181 -0.342334 2.362205,
0.390181 -0.342334 1.968504,
0.408625 -0.397228 2.362205,
0.408625 -0.397228 1.968504,
0.429782 -0.451135 2.362205,
0.429782 -0.451135 1.968504,
0.453599 -0.503920 2.362205,
0.453599 -0.503920 1.968504,
0.480018 -0.555452 2.362205,
0.480018 -0.555452 1.968504,
0.508973 -0.605604 1.968504,
0.508973 -0.605604 2.362205,
0.540392 -0.654250 2.362205,
0.540392 -0.654250 1.968504,
0.574196 -0.701269 2.362205,
0.574196 -0.701269 1.968504,
0.610303 -0.746545 2.362205,
0.610303 -0.746545 1.968504,
0.648621 -0.789964 2.362205,
0.648621 -0.789964 1.968504,
0.689056 -0.831420 2.362205,
0.689056 -0.831420 1.968504,
0.731507 -0.870809 2.362205,
0.731507 -0.870809 1.968504,
0.775868 -0.908033 2.362205,
0.775868 -0.908033 1.968504,
0.822030 -0.942999 2.362205,
0.822030 -0.942999 1.968504,
0.869877 -0.975621 2.362205,
0.869877 -0.975621 1.968504,
0.919291 -1.005817 2.362205,
0.919291 -1.005817 1.968504,
0.970149 -1.033513 2.362205,
0.970149 -1.033513 1.968504,
1.022324 -1.058639 2.362205,
1.022324 -1.058639 1.968504,
1.075687 -1.081133 2.362205,
1.075687 -1.081133 1.968504,
1.130104 -1.100939 2.362205,
1.130104 -1.100939 1.968504,
1.185441 -1.118008 2.362205,
1.185441 -1.118008 1.968504,
1.241560 -1.132298 2.362205,
1.241560 -1.132298 1.968504,
1.298322 -1.143773 2.362205,
1.298322 -1.143773 1.968504,
1.355585 -1.152404 2.362205,
1.355585 -1.152404 1.968504,
1.413207 -1.158170 2.362205,
1.413207 -1.158170 1.968504,
1.471045 -1.161056 2.362205,
1.471045 -1.161056 1.968504,
1.528955 -1.161056 2.362205,
1.528955 -1.161056 1.968504,
1.586793 -1.158170 2.362205,
1.586793 -1.158170 1.968504,
1.644415 -1.152404 2.362205,
1.644415 -1.152404 1.968504,
1.701678 -1.143773 2.362205,
1.701678 -1.143773 1.968504,
1.758440 -1.132298 2.362205,
1.758440 -1.132298 1.968504,
1.814559 -1.118008 2.362205,
1.814559 -1.118008 1.968504,
1.869896 -1.100939 2.362205,
1.869896 -1.100939 1.968504,
1.924313 -1.081133 2.362205,
1.924313 -1.081133 1.968504,
1.977676 -1.058639 2.362205,
1.977676 -1.058639 1.968504,
2.029851 -1.033513 2.362205,
2.029851 -1.033513 1.968504,
2.080709 -1.005817 2.362205,
2.080709 -1.005817 1.968504,
2.130123 -0.975621 2.362205,
2.130123 -0.975621 1.968504,
2.177970 -0.942999 2.362205,
2.177970 -0.942999 1.968504,
2.224132 -0.908033 2.362205,
2.224132 -0.908033 1.968504,
2.268493 -0.870809 2.362205,
2.268493 -0.870809 1.968504,
2.310944 -0.831420 2.362205,
2.310944 -0.831420 1.968504,
2.351379 -0.789964 2.362205,
2.351379 -0.789964 1.968504,
2.389697 -0.746545 2.362205,
2.389697 -0.746545 1.968504,
2.425804 -0.701269 2.362205,
2.425804 -0.701269 1.968504,
2.459608 -0.654250 2.362205,
2.459608 -0.654250 1.968504,
2.491027 -0.605604 2.362205,
2.491027 -0.605604 1.968504,
2.519982 -0.555452 2.362205,
2.519982 -0.555452 1.968504,
2.546401 -0.503920 2.362205,
2.546401 -0.503920 1.968504,
2.570218 -0.451135 2.362205,
2.570218 -0.451135 1.968504,
2.591375 -0.397228 2.362205,
2.591375 -0.397228 1.968504,
2.609819 -0.342334 2.362205,
2.609819 -0.342334 1.968504,
2.625503 -0.286588 2.362205,
2.625503 -0.286588 1.968504,
2.638389 -0.230130 2.362205,
2.638389 -0.230130 1.968504,
2.648445 -0.173100 2.362205,
2.648445 -0.173100 1.968504,
2.655646 -0.115640 2.362205,
2.655646 -0.115640 1.968504,
2.659974 -0.057892 2.362205,
2.659974 -0.057892 1.968504,
0.778492 -0.669461 2.362205,
0.812759 -0.704593 2.362205,
0.848734 -0.737974 2.362205,
0.746019 -0.632665 2.362205,
0.886329 -0.769519 2.362205,
0.715421 -0.594296 2.362205,
0.925449 -0.799152 2.362205,
0.686773 -0.554449 2.362205,
0.965998 -0.826797 2.362205,
0.660147 -0.513224 2.362205,
1.007874 -0.852387 2.362205,
0.635609 -0.470722 2.362205,
1.050974 -0.875858 2.362205,
0.613220 -0.427051 2.362205,
1.095190 -0.897151 2.362205,
0.593035 -0.382318 2.362205,
1.140412 -0.916214 2.362205,
0.575106 -0.336634 2.362205,
1.186529 -0.932999 2.362205,
0.559476 -0.290113 2.362205,
1.233425 -0.947465 2.362205,
0.546184 -0.242871 2.362205,
1.280983 -0.959575 2.362205,
0.535263 -0.195026 2.362205,
1.329086 -0.969299 2.362205,
0.526741 -0.146695 2.362205,
1.377614 -0.976613 2.362205,
0.520639 -0.098000 2.362205,
1.426447 -0.981500 2.362205,
0.516972 -0.049061 2.362205,
1.475462 -0.983946 2.362205,
0.515748 -0.000000 2.362205,
1.524538 -0.983946 2.362205,
0.516972 0.049061 2.362205,
1.573553 -0.981500 2.362205,
0.520639 0.098000 2.362205,
1.622386 -0.976613 2.362205,
0.526741 0.146695 2.362205,
1.670914 -0.969299 2.362205,
0.535263 0.195026 2.362205,
1.719017 -0.959575 2.362205,
0.546184 0.242871 2.362205,
1.766575 -0.947465 2.362205,
0.559476 0.290113 2.362205,
1.813471 -0.932999 2.362205,
0.575106 0.336634 2.362205,
1.859588 -0.916214 2.362205,
0.593035 0.382318 2.362205,
1.904810 -0.897151 2.362205,
0.613220 0.427051 2.362205,
1.949026 -0.875858 2.362205,
0.635609 0.470722 2.362205,
1.992126 -0.852387 2.362205,
0.660147 0.513224 2.362205,
2.034002 -0.826797 2.362205,
0.686773 0.554449 2.362205,
2.074551 -0.799152 2.362205,
0.715421 0.594296 2.362205,
2.113671 -0.769519 2.362205,
0.746019 0.632665 2.362205,
2.151266 -0.737974 2.362205,
0.778492 0.669461 2.362205,
2.187241 -0.704593 2.362205,
0.812759 0.704593 2.362205,
2.221508 -0.669461 2.362205,
0.848734 0.737974 2.362205,
2.253981 -0.632665 2.362205,
0.886329 0.769519 2.362205,
2.284579 -0.594296 2.362205,
0.925449 0.799152 2.362205,
0.965998 0.826797 2.362205,
2.313227 -0.554449 2.362205,
2.339853 -0.513224 2.362205,
1.007874 0.852387 2.362205,
1.050974 0.875858 2.362205,
2.364391 -0.470722 2.362205,
2.386780 -0.427051 2.362205,
1.095190 0.897151 2.362205,
2.406965 -0.382318 2.362205,
1.140412 0.916214 2.362205,
2.424894 -0.336634 2.362205,
1.186529 0.932999 2.362205,
2.440524 -0.290113 2.362205,
1.233425 0.947465 2.362205,
2.453816 -0.242871 2.362205,
1.280983 0.959575 2.362205,
1.329086 0.969299 2.362205,
2.464737 -0.195026 2.362205,
2.473259 -0.146695 2.362205,
1.377614 0.976613 2.362205,
2.479361 -0.098000 2.362205,
2.483028 -0.049061 2.362205,
1.426447 0.981500 2.362205,
1.475462 0.983946 2.362205,
2.484252 -0.000000 2.362205,
1.524538 0.983946 2.362205,
2.483028 0.049061 2.362205,
2.479361 0.098000 2.362205,
1.573553 0.981500 2.362205,
1.622386 0.976613 2.362205,
2.473259 0.146695 2.362205,
1.670914 0.969299 2.362205,
2.464737 0.195026 2.362205,
1.719017 0.959575 2.362205,
2.453816 0.242871 2.362205,
2.440524 0.290113 2.362205,
1.766575 0.947465 2.362205,
1.813471 0.932999 2.362205,
2.424894 0.336634 2.362205,
2.406965 0.382318 2.362205,
1.859588 0.916214 2.362205,
2.386780 0.427051 2.362205,
1.904810 0.897151 2.362205,
2.364391 0.470722 2.362205,
1.949026 0.875858 2.362205,
1.992126 0.852387 2.362205,
2.339853 0.513224 2.362205,
2.313227 0.554449 2.362205,
2.034002 0.826797 2.362205,
2.074551 0.799152 2.362205,
2.284579 0.594296 2.362205,
2.113671 0.769519 2.362205,
2.253981 0.632665 2.362205,
2.151266 0.737974 2.362205,
2.187241 0.704593 2.362205,
2.221508 0.669461 2.362205,
2.483066 0.048295 4.370079,
2.484252 -0.000000 4.370079,
2.479513 0.096474 4.370079,
2.473599 0.144420 4.370079,
2.465340 0.192018 4.370079,
2.454755 0.239154 4.370079,
2.441870 0.285713 4.370079,
2.426717 0.331585 4.370079,
2.409330 0.376657 4.370079,
2.389753 0.420822 4.370079,
2.368033 0.463973 4.370079,
2.344221 0.506007 4.370079,
2.318376 0.546821 4.370079,
2.290559 0.586318 4.370079,
2.260837 0.624403 4.370079,
2.229283 0.660983 4.370079,
2.195971 0.695971 4.370079,
2.160983 0.729283 4.370079,
2.124403 0.760837 4.370079,
2.086318 0.790559 4.370079,
2.046821 0.818376 4.370079,
2.006007 0.844221 4.370079,
1.963973 0.868033 4.370079,
1.920822 0.889753 4.370079,
1.876657 0.909330 4.370079,
1.831585 0.926717 4.370079,
1.785713 0.941870 4.370079,
1.739154 0.954755 4.370079,
1.692018 0.965340 4.370079,
1.644420 0.973599 4.370079,
1.596474 0.979513 4.370079,
1.548295 0.983066 4.370079,
1.500000 0.984252 4.370079,
1.451705 0.983066 4.370079,
1.403526 0.979513 4.370079,
1.355580 0.973599 4.370079,
1.307982 0.965340 4.370079,
1.260846 0.954755 4.370079,
1.214287 0.941870 4.370079,
1.168415 0.926717 4.370079,
1.123343 0.909330 4.370079,
1.079178 0.889753 4.370079,
1.036027 0.868033 4.370079,
0.993993 0.844221 4.370079,
0.953179 0.818376 4.370079,
0.913682 0.790559 4.370079,
0.875597 0.760837 4.370079,
0.839017 0.729283 4.370079,
0.804029 0.695971 4.370079,
0.770717 0.660983 4.370079,
0.739163 0.624403 4.370079,
0.709441 0.586318 4.370079,
0.681624 0.546821 4.370079,
0.655779 0.506007 4.370079,
0.631967 0.463973 4.370079,
0.610247 0.420822 4.370079,
0.590670 0.376657 4.370079,
0.573283 0.331585 4.370079,
0.558130 0.285713 4.370079,
0.545245 0.239154 4.370079,
0.534660 0.192018 4.370079,
0.526401 0.144420 4.370079,
0.520487 0.096474 4.370079,
0.516934 0.048295 4.370079,
0.515748 0.000000 4.370079,
0.516934 -0.048295 4.370079,
0.520487 -0.096474 4.370079,
0.526401 -0.144420 4.370079,
0.534660 -0.192018 4.370079,
0.545245 -0.239154 4.370079,
0.558130 -0.285713 4.370079,
0.573283 -0.331585 4.370079,
0.590670 -0.376657 4.370079,
0.610247 -0.420822 4.370079,
0.631967 -0.463973 4.370079,
0.655779 -0.506007 4.370079,
0.681624 -0.546821 4.370079,
0.709441 -0.586318 4.370079,
0.739163 -0.624403 4.370079,
0.770717 -0.660983 4.370079,
0.804029 -0.695971 4.370079,
0.839017 -0.729283 4.370079,
0.875597 -0.760837 4.370079,
0.913682 -0.790559 4.370079,
0.953179 -0.818376 4.370079,
0.993993 -0.844221 4.370079,
1.036027 -0.868033 4.370079,
1.079178 -0.889753 4.370079,
1.123343 -0.909330 4.370079,
1.168415 -0.926717 4.370079,
1.214287 -0.941870 4.370079,
1.260846 -0.954755 4.370079,
1.307982 -0.965340 4.370079,
1.355580 -0.973599 4.370079,
1.403526 -0.979513 4.370079,
1.451705 -0.983066 4.370079,
1.500000 -0.984252 4.370079,
1.548295 -0.983066 4.370079,
1.596474 -0.979513 4.370079,
1.644420 -0.973599 4.370079,
1.692018 -0.965340 4.370079,
1.739154 -0.954755 4.370079,
1.785713 -0.941870 4.370079,
1.831585 -0.926717 4.370079,
1.876657 -0.909330 4.370079,
1.920822 -0.889753 4.370079,
1.963973 -0.868033 4.370079,
2.006007 -0.844221 4.370079,
2.046821 -0.818376 4.370079,
2.086318 -0.790559 4.370079,
2.124403 -0.760837 4.370079,
2.160983 -0.729283 4.370079,
2.195971 -0.695971 4.370079,
2.229283 -0.660983 4.370079,
2.260837 -0.624403 4.370079,
2.290559 -0.586318 4.370079,
2.318376 -0.546821 4.370079,
2.344221 -0.506007 4.370079,
2.368033 -0.463973 4.370079,
2.389753 -0.420822 4.370079,
2.409330 -0.376657 4.370079,
2.426717 -0.331585 4.370079,
2.441870 -0.285713 4.370079,
2.454755 -0.239154 4.370079,
2.465340 -0.192018 4.370079,
2.473599 -0.144420 4.370079,
2.479513 -0.096474 4.370079,
2.483066 -0.048295 4.370079,
2.483066 -0.000000 4.418374,
2.481359 0.034270 4.437246,
2.479513 -0.000000 4.466552,
2.476578 0.102643 4.437246,
2.467039 0.170515 4.437246,
2.472709 0.068018 4.504101,
2.473599 -0.000000 4.514498,
2.452789 0.237557 4.437246,
2.465595 0.135706 4.504101,
2.463078 0.033631 4.570331,
2.465340 -0.000000 4.562097,
2.454755 -0.000000 4.609232,
2.433897 0.303442 4.437246,
2.453777 0.202731 4.504101,
2.458386 0.100730 4.570331,
2.410455 0.367848 4.437246,
2.437311 0.268770 4.504101,
2.449025 0.167339 4.570331,
2.445445 0.066112 4.635627,
2.441870 -0.000000 4.655792,
2.382578 0.430462 4.437246,
2.416280 0.333499 4.504101,
2.435040 0.233132 4.570331,
2.438530 0.131902 4.635627,
2.426857 0.032367 4.699685,
2.426717 -0.000000 4.701663,
2.409330 -0.000000 4.746736,
2.350400 0.490979 4.437246,
2.390784 0.396603 4.504101,
2.416500 0.297789 4.570331,
2.427043 0.197049 4.635627,
2.422342 0.096942 4.699685,
2.314080 0.549104 4.437246,
2.360949 0.457774 4.504101,
2.393495 0.360995 4.570331,
2.411039 0.261236 4.635627,
2.413333 0.161045 4.699685,
2.273793 0.604553 4.437246,
2.400568 0.062974 4.762206,
2.389753 -0.000000 4.790901,
2.326919 0.516716 4.504101,
2.366137 0.422443 4.570331,
2.390597 0.324151 4.635627,
2.399874 0.224364 4.699685,
2.229737 0.657058 4.437246,
2.393981 0.125641 4.762206,
2.288860 0.573140 4.504101,
2.373370 0.030499 4.822899,
2.368033 -0.000000 4.834052,
2.334559 0.481833 4.570331,
2.365816 0.385486 4.635627,
2.382031 0.286589 4.699685,
2.182125 0.706361 4.437246,
2.383039 0.187696 4.762206,
2.246958 0.626772 4.504101,
2.369115 0.091348 4.822899,
2.298915 0.538875 4.570331,
2.336816 0.444943 4.635627,
2.359891 0.347418 4.699685,
2.131190 0.752223 4.437246,
2.367795 0.248836 4.762206,
2.201417 0.677351 4.504101,
2.360626 0.151752 4.822899,
2.259379 0.593292 4.570331,
2.338915 0.058663 4.881480,
2.344221 -0.000000 4.876085,
2.318376 -0.000000 4.916900,
2.303740 0.502233 4.635627,
2.333562 0.406555 4.699685,
2.077180 0.794420 4.437246,
2.348324 0.308765 4.762206,
2.152459 0.724629 4.504101,
2.347944 0.211416 4.822899,
2.216143 0.644818 4.570331,
2.332780 0.117040 4.881480,
2.266748 0.557075 4.635627,
2.303614 0.028063 4.937677,
2.290559 -0.000000 4.956397,
2.303171 0.463711 4.699685,
2.020358 0.832747 4.437246,
2.324719 0.367188 4.762206,
2.100322 0.768377 4.504101,
2.331131 0.270051 4.822899,
2.169418 0.693203 4.570331,
2.322587 0.174846 4.881480,
2.226021 0.609204 4.635627,
2.299699 0.084052 4.937677,
2.268868 0.518608 4.699685,
1.961001 0.867017 4.437246,
2.297096 0.423823 4.762206,
2.045260 0.808382 4.504101,
2.310269 0.327370 4.822899,
2.119432 0.738211 4.570331,
2.308386 0.231801 4.881480,
2.181757 0.658365 4.635627,
2.291888 0.139631 4.937677,
2.230819 0.570978 4.699685,
1.899398 0.897063 4.437246,
2.261636 0.053259 4.991228,
2.260837 -0.000000 4.994482,
2.229283 -0.000000 5.031062,
2.265590 0.478394 4.762206,
1.987542 0.844448 4.504101,
2.285459 0.383094 4.822899,
2.066428 0.779622 4.570331,
2.290248 0.287627 4.881480,
2.134171 0.704318 4.635627,
2.280219 0.194530 4.937677,
2.189209 0.620567 4.699685,
1.835849 0.922738 4.437246,
2.256065 0.106258 4.991228,
2.230354 0.530633 4.762206,
1.927449 0.876400 4.504101,
2.218889 0.025104 5.041883,
2.195971 -0.000000 5.066050,
2.256822 0.436951 4.822899,
2.010665 0.817235 4.570331,
2.268259 0.342051 4.881480,
2.083495 0.746840 4.635627,
2.264749 0.248482 4.937677,
2.144242 0.667132 4.699685,
1.770664 0.943918 4.437246,
2.246811 0.158740 4.991228,
2.191560 0.580287 4.762206,
1.865273 0.904083 4.504101,
2.215386 0.075190 5.041883,
2.224498 0.488680 4.822899,
1.952414 0.850866 4.570331,
2.242527 0.394809 4.881480,
2.029977 0.785723 4.635627,
2.245552 0.301223 4.937677,
2.096135 0.710447 4.699685,
1.704160 0.960499 4.437246,
2.233919 0.210448 4.991228,
2.149396 0.627115 4.762206,
1.801318 0.927361 4.504101,
2.208399 0.124910 5.041883,
2.188645 0.538028 4.822899,
1.891958 0.880352 4.570331,
2.170168 0.046863 5.089405,
2.160983 -0.000000 5.099361,
2.213178 0.445643 4.881480,
1.973877 0.820778 4.635627,
2.222724 0.352496 4.937677,
2.045125 0.750300 4.699685,
1.636662 0.972401 4.437246,
2.217451 0.261131 4.991228,
2.104069 0.670887 4.762206,
1.735894 0.946120 4.504101,
2.197960 0.174021 5.041883,
2.149436 0.584755 4.822899,
1.829593 0.905549 4.570331,
2.165266 0.093497 5.089405,
2.180354 0.494306 4.881480,
1.915468 0.851835 4.635627,
2.120771 0.021678 5.133574,
2.124403 -0.000000 5.130916,
2.086318 -0.000000 5.160637,
2.196375 0.402052 4.937677,
1.991459 0.786499 4.699685,
1.568498 0.979565 4.437246,
2.197488 0.310542 4.991228,
2.055799 0.711390 4.762206,
1.669322 0.960271 4.504101,
2.184120 0.222284 5.041883,
2.107064 0.628633 4.822899,
1.765622 0.926335 4.570331,
2.157124 0.139676 5.089405,
2.144216 0.540561 4.881480,
1.855035 0.878741 4.635627,
2.117747 0.064928 5.133574,
2.166633 0.449649 4.937677,
1.935398 0.818865 4.699685,
1.500000 0.981957 4.437246,
2.174126 0.358439 4.991228,
2.004821 0.748428 4.762206,
1.601924 0.969743 4.504101,
2.166948 0.269465 5.041883,
2.061734 0.669448 4.822899,
1.700357 0.942607 4.570331,
2.145780 0.185174 5.089405,
2.104939 0.584183 4.881480,
1.792872 0.901367 4.635627,
2.111713 0.107861 5.133574,
2.133643 0.495056 4.937677,
1.877217 0.847242 4.699685,
2.066216 0.039594 5.174183,
2.046821 -0.000000 5.188454,
1.431502 0.979565 4.437246,
2.147481 0.404591 4.991228,
1.951384 0.781819 4.762206,
1.534030 0.974491 4.504101,
2.146527 0.315332 5.041883,
2.013667 0.707002 4.822899,
1.634116 0.954287 4.570331,
2.131290 0.229771 5.089405,
2.062715 0.624958 4.881480,
1.729282 0.919601 4.635627,
2.102699 0.150270 5.133574,
2.097566 0.538051 4.937677,
1.817197 0.871492 4.699685,
2.062075 0.078994 5.174183,
1.363338 0.972401 4.437246,
2.117681 0.448771 4.991228,
1.895747 0.811402 4.762206,
2.011090 0.017848 5.211043,
2.006007 -0.000000 5.214300,
1.963973 -0.000000 5.238111,
1.465970 0.974491 4.504101,
2.122955 0.359663 5.041883,
1.963098 0.741112 4.822899,
1.567222 0.961318 4.570331,
2.113724 0.273247 5.089405,
2.017749 0.662689 4.881480,
1.664576 0.933355 4.635627,
2.090748 0.191946 5.133574,
2.058578 0.578424 4.937677,
1.755632 0.891495 4.699685,
2.055195 0.118010 5.174183,
1.295840 0.960499 4.437246,
2.084871 0.490765 4.991228,
1.838182 0.837031 4.762206,
2.008600 0.053456 5.211043,
1.398076 0.969743 4.504101,
2.096349 0.402242 5.041883,
1.910273 0.771610 4.822899,
1.500000 0.963665 4.570331,
2.093168 0.315393 5.089405,
1.970261 0.697191 4.881480,
1.599067 0.942561 4.635627,
2.075920 0.232687 5.133574,
2.016868 0.615980 4.937677,
1.692822 0.907156 4.699685,
2.045611 0.156451 5.174183,
1.229336 0.943918 4.437246,
2.049213 0.530368 4.991228,
1.778970 0.858582 4.762206,
2.003632 0.088804 5.211043,
1.330678 0.960271 4.504101,
2.066837 0.442862 5.041883,
1.855448 0.798350 4.822899,
1.951717 0.031587 5.243982,
1.920822 -0.000000 5.259832,
1.432778 0.961318 4.570331,
2.069722 0.356002 5.089405,
1.920482 0.728296 4.881480,
1.533076 0.947176 4.635627,
2.058286 0.272294 5.133574,
1.972641 0.650534 4.937677,
1.629072 0.918397 4.699685,
2.033368 0.194130 5.174183,
1.164151 0.922738 4.437246,
2.010878 0.567388 4.991228,
1.718399 0.875951 4.762206,
1.996211 0.123719 5.211043,
1.264106 0.946120 4.504101,
2.034564 0.481324 5.041883,
1.798892 0.821200 4.822899,
1.948413 0.063020 5.243982,
1.365884 0.954287 4.570331,
2.043501 0.394877 5.089405,
1.868654 0.755853 4.881480,
1.891888 0.013685 5.272846,
1.876657 -0.000000 5.279409,
1.466924 0.947176 4.635627,
2.037931 0.310575 5.133574,
1.926110 0.681919 4.937677,
1.564694 0.925163 4.699685,
2.018527 0.230863 5.174183,
1.100602 0.897063 4.437246,
1.970055 0.601643 4.991228,
1.656764 0.889052 4.762206,
1.986372 0.158032 5.211043,
1.198682 0.927361 4.504101,
1.999686 0.517440 5.041883,
1.740880 0.840049 4.822899,
1.942925 0.094147 5.243982,
1.299643 0.942607 4.570331,
2.014632 0.431827 5.089405,
1.815031 0.779728 4.881480,
1.889979 0.040988 5.272846,
1.400933 0.942561 4.635627,
2.014956 0.347342 5.133574,
1.877504 0.709982 4.937677,
1.500000 0.927422 4.699685,
2.001160 0.266471 5.174183,
1.038999 0.867017 4.437246,
1.926941 0.632966 4.991228,
1.594365 0.897822 4.762206,
1.974163 0.191574 5.211043,
1.134727 0.904083 4.504101,
1.962374 0.551036 5.041883,
1.681695 0.854806 4.822899,
1.935278 0.124814 5.243982,
1.234378 0.926335 4.570331,
1.983256 0.466674 5.089405,
1.759872 0.799804 4.881480,
1.886170 0.068092 5.272846,
1.335424 0.933355 4.635627,
1.989473 0.382418 5.133574,
1.827059 0.734586 4.937677,
1.828803 0.022992 5.297501,
1.831585 -0.000000 5.296795,
1.785713 -0.000000 5.311949,
1.435306 0.925163 4.699685,
1.981351 0.300782 5.174183,
0.979642 0.832747 4.437246,
1.881748 0.661206 4.991228,
1.531506 0.902217 4.762206,
1.959645 0.224184 5.211043,
1.072551 0.876400 4.504101,
1.922810 0.581948 5.041883,
1.621624 0.865398 4.822899,
1.925512 0.154874 5.243982,
1.170407 0.905549 4.570331,
1.949525 0.499248 5.089405,
1.703448 0.815984 4.881480,
1.880479 0.094864 5.272846,
1.270718 0.919601 4.635627,
1.961604 0.415630 5.133574,
1.775020 0.755611 4.937677,
1.826398 0.045872 5.297501,
1.370928 0.918397 4.699685,
1.959197 0.333626 5.174183,
0.922820 0.794420 4.437246,
1.834694 0.686225 4.991228,
1.765386 0.009267 5.317832,
1.739154 -0.000000 5.324834,
1.468494 0.902217 4.762206,
1.942887 0.255701 5.211043,
1.012458 0.844448 4.504101,
1.881185 0.610024 5.041883,
1.560960 0.871774 4.822899,
1.913672 0.184178 5.243982,
1.108042 0.880352 4.570331,
1.913604 0.529389 5.089405,
1.646032 0.828188 4.881480,
1.872935 0.121174 5.272846,
1.207128 0.901367 4.635627,
1.931487 0.446818 5.133574,
1.721641 0.772955 4.937677,
1.822403 0.068529 5.297501,
1.307178 0.907156 4.699685,
1.934806 0.364845 5.174183,
0.868810 0.752223 4.437246,
1.786010 0.707901 4.991228,
1.764093 0.027757 5.317832,
1.405635 0.897822 4.762206,
1.923971 0.285972 5.211043,
0.954740 0.808382 4.504101,
1.837703 0.635128 5.041883,
1.500000 0.873903 4.822899,
1.899816 0.212586 5.243982,
1.047586 0.850866 4.570331,
1.875668 0.556951 5.089405,
1.587905 0.836357 4.881480,
1.863574 0.146893 5.272846,
1.144965 0.878741 4.635627,
1.899267 0.475828 5.133574,
1.667183 0.786533 4.937677,
1.816838 0.090852 5.297501,
1.244368 0.891495 4.699685,
1.908296 0.394287 5.174183,
0.817875 0.706361 4.437246,
1.735933 0.726127 4.991228,
1.761514 0.046112 5.317832,
1.343236 0.889052 4.762206,
1.902990 0.314850 5.211043,
0.899678 0.768377 4.504101,
1.792577 0.657138 5.041883,
1.699764 0.013969 5.333744,
1.692018 -0.000000 5.335419,
1.644420 -0.000000 5.343678,
1.439040 0.871774 4.822899,
1.884013 0.239958 5.243982,
0.989335 0.817235 4.570331,
1.835902 0.581800 5.089405,
1.529349 0.840452 4.881480,
1.852441 0.171897 5.272846,
1.084532 0.851835 4.635627,
1.865103 0.502521 5.133574,
1.611910 0.796279 4.937677,
1.809728 0.112732 5.297501,
1.182803 0.871492 4.699685,
1.879798 0.421808 5.174183,
0.770263 0.657058 4.437246,
1.684706 0.740816 4.991228,
1.757660 0.064242 5.317832,
1.281601 0.875951 4.762206,
1.880045 0.342194 5.211043,
0.847541 0.724629 4.504101,
1.746024 0.675946 5.041883,
1.698303 0.027870 5.333744,
1.378376 0.865398 4.822899,
1.866339 0.266161 5.243982,
0.933572 0.779622 4.570331,
1.794500 0.603814 5.089405,
1.633941 0.004677 5.345163,
1.596474 -0.000000 5.349591,
1.470651 0.840452 4.881480,
1.839592 0.196064 5.272846,
1.026123 0.820778 4.635627,
1.829159 0.526765 5.133574,
1.556091 0.802145 4.937677,
1.801110 0.134063 5.297501,
1.122783 0.847242 4.699685,
1.849449 0.447274 5.174183,
0.726207 0.604553 4.437246,
1.632580 0.751896 4.991228,
1.752551 0.082059 5.317832,
1.221030 0.858582 4.762206,
1.855249 0.367871 5.211043,
0.798583 0.677351 4.504101,
1.698273 0.691461 5.041883,
1.695876 0.041635 5.333744,
1.318305 0.854806 4.822899,
1.846880 0.291067 5.243982,
0.880568 0.738211 4.570331,
1.751662 0.622886 5.089405,
1.633288 0.014009 5.345163,
1.412095 0.836357 4.881480,
1.825088 0.219275 5.272846,
0.970023 0.785723 4.635627,
1.791612 0.548443 5.133574,
1.500000 0.804104 4.937677,
1.791025 0.154741 5.297501,
1.064602 0.818865 4.699685,
1.817397 0.470561 5.174183,
0.685920 0.549104 4.437246,
1.579807 0.759313 4.991228,
1.746212 0.099476 5.317832,
1.161818 0.837031 4.762206,
1.828723 0.391756 5.211043,
0.753042 0.626772 4.504101,
1.649556 0.703608 5.041883,
1.692495 0.055197 5.333744,
1.259120 0.840049 4.822899,
1.825731 0.314555 5.243982,
0.830582 0.693203 4.570331,
1.707599 0.638924 5.089405,
1.631986 0.023273 5.345163,
1.353968 0.828188 4.881480,
1.809000 0.241418 5.272846,
0.916505 0.746840 4.635627,
1.752644 0.567448 5.133574,
1.567004 0.004685 5.352036,
1.548295 -0.000000 5.353145,
1.500000 0.000000 5.354331,
1.443909 0.802145 4.937677,
1.779522 0.174665 5.297501,
1.008541 0.786499 4.699685,
1.783799 0.491555 5.174183,
0.649600 0.490979 4.437246,
1.526646 0.763030 4.991228,
1.738673 0.116409 5.317832,
1.104253 0.811402 4.762206,
1.800594 0.413733 5.211043,
0.711140 0.573140 4.504101,
1.600111 0.712326 5.041883,
1.688175 0.068490 5.333744,
1.201108 0.821200 4.822899,
1.802996 0.336511 5.243982,
0.783857 0.644818 4.570331,
1.662524 0.651849 5.089405,
1.630041 0.032423 5.345163,
1.296552 0.815984 4.881480,
1.791407 0.262384 5.272846,
0.865829 0.704318 4.635627,
1.712446 0.583690 5.133574,
1.566514 0.009348 5.352036,
1.388090 0.796279 4.937677,
1.766657 0.193737 5.297501,
0.954875 0.750300 4.699685,
1.748819 0.510154 5.174183,
0.617422 0.430462 4.437246,
1.473354 0.763030 4.991228,
1.729971 0.132774 5.317832,
1.048616 0.781819 4.762206,
1.771002 0.433693 5.211043,
0.673081 0.516716 4.504101,
1.550178 0.717574 5.041883,
1.682939 0.081450 5.333744,
1.144552 0.798350 4.822899,
1.778784 0.356827 5.243982,
0.740621 0.593292 4.570331,
1.616658 0.661598 5.089405,
1.627463 0.041415 5.345163,
1.240128 0.799804 4.881480,
1.772394 0.282073 5.272846,
0.818243 0.658365 4.635627,
1.671212 0.597087 5.133574,
1.565700 0.013965 5.352036,
1.332817 0.786533 4.937677,
1.752493 0.211867 5.297501,
0.903865 0.710447 4.699685,
1.712626 0.526268 5.174183,
0.589545 0.367848 4.437246,
1.420193 0.759313 4.991228,
1.720149 0.148493 5.317832,
0.995179 0.748428 4.762206,
1.740088 0.451541 5.211043,
0.639051 0.457774 4.504101,
1.500000 0.719327 5.041883,
1.676812 0.094013 5.333744,
1.089727 0.771610 4.822899,
1.753214 0.375405 5.243982,
0.701085 0.538875 4.570331,
1.570223 0.668124 5.089405,
1.624263 0.050206 5.345163,
1.184969 0.779728 4.881480,
1.752054 0.300387 5.272846,
0.773979 0.609204 4.635627,
1.629144 0.607576 5.133574,
1.564566 0.018514 5.352036,
1.278359 0.772955 4.937677,
1.737099 0.228964 5.297501,
0.855758 0.667132 4.699685,
1.675398 0.539818 5.174183,
0.566103 0.303442 4.437246,
1.367420 0.751896 4.991228,
1.709255 0.163488 5.317832,
0.944201 0.711390 4.762206,
1.708006 0.467189 5.211043,
0.609216 0.396603 4.504101,
1.449822 0.717574 5.041883,
1.669823 0.106117 5.333744,
1.036902 0.741112 4.822899,
1.726410 0.392154 5.243982,
0.665441 0.481833 4.570331,
1.523446 0.671395 5.089405,
1.620458 0.058752 5.345163,
1.131346 0.755853 4.881480,
1.730487 0.317237 5.272846,
0.733252 0.557075 4.635627,
1.586447 0.615105 5.133574,
1.563117 0.022973 5.352036,
1.224980 0.755611 4.937677,
1.720549 0.244945 5.297501,
0.810791 0.620567 4.699685,
1.637315 0.550739 5.174183,
0.547211 0.237557 4.437246,
1.315294 0.740816 4.991228,
1.697341 0.177686 5.317832,
0.895931 0.670887 4.762206,
1.674910 0.480560 5.211043,
0.583720 0.333499 4.504101,
1.399889 0.712326 5.041883,
1.662007 0.117705 5.333744,
0.986333 0.707002 4.822899,
1.698503 0.406992 5.243982,
0.633863 0.422443 4.570331,
1.476554 0.671395 5.089405,
1.616067 0.067011 5.345163,
1.079518 0.728296 4.881480,
1.707796 0.332543 5.272846,
0.696260 0.502233 4.635627,
1.543329 0.619636 5.133574,
1.561361 0.027320 5.352036,
1.172941 0.734586 4.937677,
1.702926 0.259733 5.297501,
0.769181 0.570978 4.699685,
1.598562 0.558976 5.174183,
0.532961 0.170515 4.437246,
1.264067 0.726127 4.991228,
1.684465 0.191019 5.317832,
0.850604 0.627115 4.762206,
1.640961 0.491591 5.211043,
0.562689 0.268770 4.504101,
1.350444 0.703608 5.041883,
1.653402 0.128719 5.333744,
0.938266 0.669448 4.822899,
1.669629 0.419847 5.243982,
0.606505 0.360995 4.570331,
1.429777 0.668124 5.089405,
1.611110 0.074944 5.345163,
1.029739 0.697191 4.881480,
1.684093 0.346228 5.272846,
0.663184 0.444943 4.635627,
1.500000 0.621150 5.133574,
1.559306 0.031533 5.352036,
1.122496 0.709982 4.937677,
1.684313 0.273256 5.297501,
0.731132 0.518608 4.699685,
1.559330 0.564489 5.174183,
0.523422 0.102643 4.437246,
1.213990 0.707901 4.991228,
1.670691 0.203422 5.317832,
0.808440 0.580287 4.762206,
1.606326 0.500226 5.211043,
0.546223 0.202731 4.504101,
1.301727 0.691461 5.041883,
1.644049 0.139107 5.333744,
0.892936 0.628633 4.822899,
1.639929 0.430657 5.243982,
0.583500 0.297789 4.570331,
1.383342 0.661598 5.089405,
1.605611 0.082512 5.345163,
0.982251 0.662689 4.881480,
1.659492 0.358226 5.272846,
0.634184 0.385486 4.635627,
1.456671 0.619636 5.133574,
1.556961 0.035593 5.352036,
1.073890 0.681919 4.937677,
1.664803 0.285447 5.297501,
0.696829 0.463711 4.699685,
1.519809 0.567253 5.174183,
0.518641 0.034270 4.437246,
1.165306 0.686225 4.991228,
1.656085 0.214833 5.317832,
0.769646 0.530633 4.762206,
1.571173 0.506425 5.211043,
0.534405 0.135706 4.504101,
1.253976 0.675946 5.041883,
1.633995 0.148816 5.333744,
0.850564 0.584755 4.822899,
1.609547 0.439369 5.243982,
0.564960 0.233132 4.570331,
1.337476 0.651849 5.089405,
1.599598 0.089678 5.345163,
0.937285 0.624958 4.881480,
1.634115 0.368479 5.272846,
0.609403 0.324151 4.635627,
1.413553 0.615105 5.133574,
1.554340 0.039480 5.352036,
1.027359 0.650534 4.937677,
1.644490 0.296248 5.297501,
0.666438 0.406555 4.699685,
1.480191 0.567253 5.174183,
0.518641 -0.034270 4.437246,
1.118252 0.661206 4.991228,
1.640719 0.225197 5.317832,
0.734410 0.478394 4.762206,
1.535674 0.510156 5.211043,
0.527291 0.068018 4.504101,
1.207423 0.657138 5.041883,
1.623287 0.157801 5.333744,
0.811355 0.538028 4.822899,
1.578631 0.445941 5.243982,
0.550975 0.167339 4.570331,
1.292401 0.638924 5.089405,
1.593100 0.096408 5.345163,
0.895061 0.584183 4.881480,
1.608085 0.376937 5.272846,
0.588961 0.261236 4.635627,
1.370856 0.607576 5.133574,
1.551453 0.043175 5.352036,
0.983132 0.615980 4.937677,
1.623473 0.305605 5.297501,
0.640109 0.347418 4.699685,
1.440670 0.564489 5.174183,
0.523422 -0.102643 4.437246,
1.073059 0.632966 4.991228,
1.624667 0.234465 5.317832,
0.702904 0.423823 4.762206,
1.500000 0.511402 5.211043,
0.524915 -0.000000 4.504101,
1.162297 0.635128 5.041883,
1.611979 0.166016 5.333744,
0.775502 0.488680 4.822899,
1.547333 0.450339 5.243982,
0.541614 0.100730 4.570331,
1.248338 0.622886 5.089405,
1.586148 0.102667 5.345163,
0.855784 0.540561 4.881480,
1.581528 0.383558 5.272846,
0.572957 0.197049 4.635627,
1.328788 0.597087 5.133574,
1.548316 0.046659 5.352036,
0.941422 0.578424 4.937677,
1.601854 0.313474 5.297501,
0.617969 0.286589 4.699685,
1.401438 0.558976 5.174183,
0.532961 -0.170515 4.437246,
1.029945 0.601643 4.991228,
1.608008 0.242590 5.317832,
0.675281 0.367188 4.762206,
1.464326 0.510156 5.211043,
0.527291 -0.068018 4.504101,
1.118815 0.610024 5.041883,
1.600126 0.173423 5.333744,
0.743178 0.436951 4.822899,
1.515803 0.452544 5.243982,
0.536922 0.033631 4.570331,
1.205500 0.603814 5.089405,
1.578776 0.108426 5.345163,
0.819646 0.494306 4.881480,
1.554574 0.388311 5.272846,
0.561470 0.131902 4.635627,
1.287554 0.583690 5.133574,
1.544944 0.049915 5.352036,
0.902434 0.538051 4.937677,
1.579739 0.319815 5.297501,
0.600126 0.224364 4.699685,
1.362685 0.550739 5.174183,
0.547211 -0.237557 4.437246,
0.989122 0.567388 4.991228,
1.590823 0.249533 5.317832,
0.651676 0.308765 4.762206,
1.428827 0.506425 5.211043,
0.534405 -0.135706 4.504101,
1.077190 0.581948 5.041883,
1.587785 0.179985 5.333744,
0.714541 0.383094 4.822899,
1.484197 0.452544 5.243982,
0.536922 -0.033631 4.570331,
1.164098 0.581800 5.089405,
1.571021 0.113657 5.345163,
0.786822 0.445643 4.881480,
1.527353 0.391172 5.272846,
0.554555 0.066112 4.635627,
1.247356 0.567448 5.133574,
1.541353 0.052929 5.352036,
0.866357 0.495056 4.937677,
1.557235 0.324598 5.297501,
0.586667 0.161045 4.699685,
1.324602 0.539818 5.174183,
0.566103 -0.303442 4.437246,
0.950787 0.530368 4.991228,
1.573195 0.255261 5.317832,
0.632205 0.248836 4.762206,
1.393674 0.500226 5.211043,
0.546223 -0.202731 4.504101,
1.037626 0.551036 5.041883,
1.575016 0.185670 5.333744,
0.689731 0.327370 4.822899,
1.452667 0.450339 5.243982,
0.541614 -0.100730 4.570331,
1.124332 0.556951 5.089405,
1.562920 0.118335 5.345163,
0.757473 0.394809 4.881480,
1.500000 0.392127 5.272846,
0.552247 -0.000000 4.635627,
1.208388 0.548443 5.133574,
1.537560 0.055685 5.352036,
0.833367 0.449649 4.937677,
1.534453 0.327800 5.297501,
0.577658 0.096942 4.699685,
1.287374 0.526268 5.174183,
0.589545 -0.367848 4.437246,
0.915129 0.490765 4.991228,
1.555211 0.259745 5.317832,
0.616961 0.187696 4.762206,
1.359039 0.491591 5.211043,
0.562689 -0.268770 4.504101,
1.000314 0.517440 5.041883,
1.561881 0.190451 5.333744,
0.668869 0.270051 4.822899,
1.421369 0.445941 5.243982,
0.550975 -0.167339 4.570331,
1.086396 0.529389 5.089405,
1.554512 0.122435 5.345163,
0.731741 0.342051 4.881480,
1.472647 0.391172 5.272846,
0.554555 -0.066112 4.635627,
1.170841 0.526765 5.133574,
1.533584 0.058169 5.352036,
0.803625 0.402052 4.937677,
1.511503 0.329405 5.297501,
0.573143 0.032367 4.699685,
1.251181 0.510154 5.174183,
0.617422 -0.430462 4.437246,
0.882319 0.448771 4.991228,
1.536957 0.262964 5.317832,
0.606019 0.125641 4.762206,
1.325090 0.480560 5.211043,
0.583720 -0.333499 4.504101,
0.965436 0.481324 5.041883,
1.548445 0.194304 5.333744,
0.652056 0.211416 4.822899,
1.390453 0.439369 5.243982,
0.564960 -0.233132 4.570331,
1.050475 0.499248 5.089405,
1.545838 0.125940 5.345163,
0.709752 0.287627 4.881480,
1.445426 0.388311 5.272846,
0.561470 -0.131902 4.635627,
1.134897 0.502521 5.133574,
1.529444 0.060370 5.352036,
0.777276 0.352496 4.937677,
1.488497 0.329405 5.297501,
0.573143 -0.032367 4.699685,
1.216201 0.491555 5.174183,
0.649600 -0.490979 4.437246,
0.852519 0.404591 4.991228,
1.518524 0.264901 5.317832,
0.599432 0.062974 4.762206,
1.291994 0.467189 5.211043,
0.609216 -0.396603 4.504101,
0.933163 0.442862 5.041883,
1.534773 0.197210 5.333744,
0.639374 0.151752 4.822899,
1.360071 0.430657 5.243982,
0.583500 -0.297789 4.570331,
1.016744 0.466674 5.089405,
1.536942 0.128830 5.345163,
0.691614 0.231801 4.881480,
1.418472 0.383558 5.272846,
0.572957 -0.197049 4.635627,
1.100733 0.475828 5.133574,
1.525161 0.062277 5.352036,
0.754448 0.301223 4.937677,
1.465547 0.327800 5.297501,
0.577658 -0.096942 4.699685,
1.182603 0.470561 5.174183,
0.685920 -0.549104 4.437246,
0.825874 0.358439 4.991228,
1.500000 0.265548 5.317832,
0.597233 -0.000000 4.762206,
1.259912 0.451541 5.211043,
0.639051 -0.457774 4.504101,
0.903651 0.402242 5.041883,
1.520932 0.199155 5.333744,
0.630885 0.091348 4.822899,
1.330371 0.419847 5.243982,
0.606505 -0.360995 4.570331,
0.985368 0.431827 5.089405,
1.527865 0.131094 5.345163,
0.677413 0.174846 4.881480,
1.391915 0.376937 5.272846,
0.588961 -0.261236 4.635627,
1.068513 0.446818 5.133574,
1.520756 0.063880 5.352036,
0.735251 0.248482 4.937677,
1.442765 0.324598 5.297501,
0.586667 -0.161045 4.699685,
1.150551 0.447274 5.174183,
0.726207 -0.604553 4.437246,
0.802512 0.310542 4.991228,
1.481476 0.264901 5.317832,
0.599432 -0.062974 4.762206,
1.228998 0.433693 5.211043,
0.673081 -0.516716 4.504101,
0.877045 0.359663 5.041883,
1.506989 0.200130 5.333744,
0.626630 0.030499 4.822899,
1.301497 0.406992 5.243982,
0.633863 -0.422443 4.570331,
0.956499 0.394877 5.089405,
1.518652 0.132718 5.345163,
0.667220 0.117040 4.881480,
1.365885 0.368479 5.272846,
0.609403 -0.324151 4.635627,
1.038396 0.415630 5.133574,
1.516249 0.065173 5.352036,
0.719781 0.194530 4.937677,
1.420261 0.319815 5.297501,
0.600126 -0.224364 4.699685,
1.120202 0.421808 5.174183,
0.770263 -0.657058 4.437246,
0.782549 0.261131 4.991228,
1.463043 0.262964 5.317832,
0.606019 -0.125641 4.762206,
1.199406 0.413733 5.211043,
0.711140 -0.573140 4.504101,
0.853473 0.315332 5.041883,
1.493011 0.200130 5.333744,
0.626630 -0.030499 4.822899,
1.273590 0.392154 5.243982,
0.665441 -0.481833 4.570331,
0.930278 0.356002 5.089405,
1.509349 0.133696 5.345163,
0.661085 0.058663 4.881480,
1.340508 0.358226 5.272846,
0.634184 -0.385486 4.635627,
1.010527 0.382418 5.133574,
1.511664 0.066147 5.352036,
0.708112 0.139631 4.937677,
1.398146 0.313474 5.297501,
0.617969 -0.286589 4.699685,
1.091704 0.394287 5.174183,
0.817875 -0.706361 4.437246,
0.766081 0.210448 4.991228,
1.444789 0.259745 5.317832,
0.616961 -0.187696 4.762206,
1.171277 0.391756 5.211043,
0.753042 -0.626772 4.504101,
0.833052 0.269465 5.041883,
1.479068 0.199155 5.333744,
0.630885 -0.091348 4.822899,
1.246786 0.375405 5.243982,
0.701085 -0.538875 4.570331,
0.906832 0.315393 5.089405,
1.500000 0.134022 5.345163,
0.659036 -0.000000 4.881480,
1.315907 0.346228 5.272846,
0.663184 -0.444943 4.635627,
0.985044 0.347342 5.133574,
1.507021 0.066800 5.352036,
0.700301 0.084052 4.937677,
1.376527 0.305605 5.297501,
0.640109 -0.347418 4.699685,
1.065194 0.364845 5.174183,
0.868810 -0.752223 4.437246,
0.753189 0.158740 4.991228,
1.426805 0.255261 5.317832,
0.632205 -0.248836 4.762206,
1.144751 0.367871 5.211043,
0.798583 -0.677351 4.504101,
0.815880 0.222284 5.041883,
1.465227 0.197210 5.333744,
0.639374 -0.151752 4.822899,
1.221216 0.356827 5.243982,
0.740621 -0.593292 4.570331,
0.886276 0.273247 5.089405,
1.490651 0.133696 5.345163,
0.661085 -0.058663 4.881480,
1.292204 0.332543 5.272846,
0.696260 -0.502233 4.635627,
0.962069 0.310575 5.133574,
1.502344 0.067127 5.352036,
0.696386 0.028063 4.937677,
1.355510 0.296248 5.297501,
0.666438 -0.406555 4.699685,
1.040803 0.333626 5.174183,
0.922820 -0.794420 4.437246,
0.743935 0.106258 4.991228,
1.409177 0.249533 5.317832,
0.651676 -0.308765 4.762206,
1.119955 0.342194 5.211043,
0.847541 -0.724629 4.504101,
0.802040 0.174021 5.041883,
1.451555 0.194304 5.333744,
0.652056 -0.211416 4.822899,
1.197004 0.336511 5.243982,
0.783857 -0.644818 4.570331,
0.868710 0.229771 5.089405,
1.481348 0.132718 5.345163,
0.667220 -0.117040 4.881480,
1.269513 0.317237 5.272846,
0.733252 -0.557075 4.635627,
0.941714 0.272294 5.133574,
1.497656 0.067127 5.352036,
0.696386 -0.028063 4.937677,
1.335197 0.285447 5.297501,
0.696829 -0.463711 4.699685,
1.018649 0.300782 5.174183,
0.979642 -0.832747 4.437246,
0.738364 0.053259 4.991228,
1.391992 0.242590 5.317832,
0.675281 -0.367188 4.762206,
1.097010 0.314850 5.211043,
0.899678 -0.768377 4.504101,
0.791601 0.124910 5.041883,
1.438119 0.190451 5.333744,
0.668869 -0.270051 4.822899,
1.174269 0.314555 5.243982,
0.830582 -0.693203 4.570331,
0.854220 0.185174 5.089405,
1.472135 0.131094 5.345163,
0.677413 -0.174846 4.881480,
1.247946 0.300387 5.272846,
0.773979 -0.609204 4.635627,
0.924080 0.232687 5.133574,
1.492979 0.066800 5.352036,
0.700301 -0.084052 4.937677,
1.315687 0.273256 5.297501,
0.731132 -0.518608 4.699685,
0.998840 0.266471 5.174183,
1.038999 -0.867017 4.437246,
0.736505 -0.000000 4.991228,
1.375333 0.234465 5.317832,
0.702904 -0.423823 4.762206,
1.076029 0.285972 5.211043,
0.954740 -0.808382 4.504101,
0.784614 0.075190 5.041883,
1.424984 0.185670 5.333744,
0.689731 -0.327370 4.822899,
1.153120 0.291067 5.243982,
0.880568 -0.738211 4.570331,
0.842876 0.139676 5.089405,
1.463058 0.128830 5.345163,
0.691614 -0.231801 4.881480,
1.227606 0.282073 5.272846,
0.818243 -0.658365 4.635627,
0.909252 0.191946 5.133574,
1.488336 0.066147 5.352036,
0.708112 -0.139631 4.937677,
1.297074 0.259733 5.297501,
0.769181 -0.570978 4.699685,
0.981473 0.230863 5.174183,
1.100602 -0.897063 4.437246,
0.738364 -0.053259 4.991228,
1.359281 0.225197 5.317832,
0.734410 -0.478394 4.762206,
1.057113 0.255701 5.211043,
1.012458 -0.844448 4.504101,
0.781111 0.025104 5.041883,
1.412215 0.179985 5.333744,
0.714541 -0.383094 4.822899,
1.133661 0.266161 5.243982,
0.933572 -0.779622 4.570331,
0.834734 0.093497 5.089405,
1.454162 0.125940 5.345163,
0.709752 -0.287627 4.881480,
1.208593 0.262384 5.272846,
0.865829 -0.704318 4.635627,
0.897301 0.150270 5.133574,
1.483751 0.065173 5.352036,
0.719781 -0.194530 4.937677,
1.279451 0.244945 5.297501,
0.810791 -0.620567 4.699685,
0.966632 0.194130 5.174183,
1.164151 -0.922738 4.437246,
0.743935 -0.106258 4.991228,
1.343915 0.214833 5.317832,
0.769646 -0.530633 4.762206,
1.040355 0.224184 5.211043,
1.072551 -0.876400 4.504101,
0.781111 -0.025104 5.041883,
1.399874 0.173423 5.333744,
0.743178 -0.436951 4.822899,
1.115987 0.239958 5.243982,
0.989335 -0.817235 4.570331,
0.829832 0.046863 5.089405,
1.445488 0.122435 5.345163,
0.731741 -0.342051 4.881480,
1.191000 0.241418 5.272846,
0.916505 -0.746840 4.635627,
0.888287 0.107861 5.133574,
1.479244 0.063880 5.352036,
0.735251 -0.248482 4.937677,
1.262901 0.228964 5.297501,
0.855758 -0.667132 4.699685,
0.954389 0.156451 5.174183,
1.229336 -0.943918 4.437246,
0.753189 -0.158740 4.991228,
1.329309 0.203422 5.317832,
0.808440 -0.580287 4.762206,
1.025837 0.191574 5.211043,
1.134727 -0.904083 4.504101,
0.784614 -0.075190 5.041883,
1.388021 0.166016 5.333744,
0.775502 -0.488680 4.822899,
1.100184 0.212586 5.243982,
1.047586 -0.850866 4.570331,
0.828196 -0.000000 5.089405,
1.437080 0.118335 5.345163,
0.757473 -0.394809 4.881480,
1.174912 0.219275 5.272846,
0.970023 -0.785723 4.635627,
0.882253 0.064928 5.133574,
1.474839 0.062277 5.352036,
0.754448 -0.301223 4.937677,
1.247507 0.211867 5.297501,
0.903865 -0.710447 4.699685,
0.944805 0.118010 5.174183,
1.295840 -0.960499 4.437246,
0.766081 -0.210448 4.991228,
1.315535 0.191019 5.317832,
0.850604 -0.627115 4.762206,
1.013628 0.158032 5.211043,
1.198682 -0.927361 4.504101,
0.791601 -0.124910 5.041883,
1.376713 0.157801 5.333744,
0.811355 -0.538028 4.822899,
1.086328 0.184178 5.243982,
1.108042 -0.880352 4.570331,
0.829832 -0.046863 5.089405,
1.428979 0.113657 5.345163,
0.786822 -0.445643 4.881480,
1.160408 0.196064 5.272846,
1.026123 -0.820778 4.635627,
0.879229 0.021678 5.133574,
1.470556 0.060370 5.352036,
0.777276 -0.352496 4.937677,
1.233343 0.193737 5.297501,
0.954875 -0.750300 4.699685,
0.937925 0.078994 5.174183,
1.363338 -0.972401 4.437246,
0.782549 -0.261131 4.991228,
1.302659 0.177686 5.317832,
0.895931 -0.670887 4.762206,
1.003789 0.123719 5.211043,
1.264106 -0.946120 4.504101,
0.802040 -0.174021 5.041883,
1.366005 0.148816 5.333744,
0.850564 -0.584755 4.822899,
1.074488 0.154874 5.243982,
1.170407 -0.905549 4.570331,
0.834734 -0.093497 5.089405,
1.421224 0.108426 5.345163,
0.819646 -0.494306 4.881480,
1.147559 0.171897 5.272846,
1.084532 -0.851835 4.635627,
0.879229 -0.021678 5.133574,
1.466416 0.058169 5.352036,
0.803625 -0.402052 4.937677,
1.220478 0.174665 5.297501,
1.008541 -0.786499 4.699685,
0.933784 0.039594 5.174183,
1.431502 -0.979565 4.437246,
0.802512 -0.310542 4.991228,
1.290745 0.163488 5.317832,
0.944201 -0.711390 4.762206,
0.996368 0.088804 5.211043,
1.330678 -0.960271 4.504101,
0.815880 -0.222284 5.041883,
1.355951 0.139107 5.333744,
0.892936 -0.628633 4.822899,
1.064722 0.124814 5.243982,
1.234378 -0.926335 4.570331,
0.842876 -0.139676 5.089405,
1.413852 0.102667 5.345163,
0.855784 -0.540561 4.881480,
1.136426 0.146893 5.272846,
1.144965 -0.878741 4.635627,
0.882253 -0.064928 5.133574,
1.462440 0.055685 5.352036,
0.833367 -0.449649 4.937677,
1.208975 0.154741 5.297501,
1.064602 -0.818865 4.699685,
0.932401 -0.000000 5.174183,
1.500000 -0.981957 4.437246,
0.825874 -0.358439 4.991228,
1.279851 0.148493 5.317832,
0.995179 -0.748428 4.762206,
0.991400 0.053456 5.211043,
1.398076 -0.969743 4.504101,
0.833052 -0.269465 5.041883,
1.346598 0.128719 5.333744,
0.938266 -0.669448 4.822899,
1.057075 0.094147 5.243982,
1.299643 -0.942607 4.570331,
0.854220 -0.185174 5.089405,
1.406900 0.096408 5.345163,
0.895061 -0.584183 4.881480,
1.127065 0.121174 5.272846,
1.207128 -0.901367 4.635627,
0.888287 -0.107861 5.133574,
1.458647 0.052929 5.352036,
0.866357 -0.495056 4.937677,
1.198890 0.134063 5.297501,
1.122783 -0.847242 4.699685,
0.933784 -0.039594 5.174183,
1.568498 -0.979565 4.437246,
0.852519 -0.404591 4.991228,
1.270029 0.132774 5.317832,
1.048616 -0.781819 4.762206,
0.988910 0.017848 5.211043,
1.465970 -0.974491 4.504101,
0.853473 -0.315332 5.041883,
1.337993 0.117705 5.333744,
0.986333 -0.707002 4.822899,
1.051587 0.063020 5.243982,
1.365884 -0.954287 4.570331,
0.868710 -0.229771 5.089405,
1.400402 0.089678 5.345163,
0.937285 -0.624958 4.881480,
1.119521 0.094864 5.272846,
1.270718 -0.919601 4.635627,
0.897301 -0.150270 5.133574,
1.455056 0.049915 5.352036,
0.902434 -0.538051 4.937677,
1.190272 0.112732 5.297501,
1.182803 -0.871492 4.699685,
0.937925 -0.078994 5.174183,
1.636662 -0.972401 4.437246,
0.882319 -0.448771 4.991228,
1.261327 0.116409 5.317832,
1.104253 -0.811402 4.762206,
0.988910 -0.017848 5.211043,
1.534030 -0.974491 4.504101,
0.877045 -0.359663 5.041883,
1.330177 0.106117 5.333744,
1.036902 -0.741112 4.822899,
1.048283 0.031587 5.243982,
1.432778 -0.961318 4.570331,
0.886276 -0.273247 5.089405,
1.394389 0.082512 5.345163,
0.982251 -0.662689 4.881480,
1.113830 0.068092 5.272846,
1.335424 -0.933355 4.635627,
0.909252 -0.191946 5.133574,
1.451684 0.046659 5.352036,
0.941422 -0.578424 4.937677,
1.183162 0.090852 5.297501,
1.244368 -0.891495 4.699685,
0.944805 -0.118010 5.174183,
1.704160 -0.960499 4.437246,
0.915129 -0.490765 4.991228,
1.253788 0.099476 5.317832,
1.161818 -0.837031 4.762206,
0.991400 -0.053456 5.211043,
1.601924 -0.969743 4.504101,
0.903651 -0.402242 5.041883,
1.323188 0.094013 5.333744,
1.089727 -0.771610 4.822899,
1.047180 -0.000000 5.243982,
1.500000 -0.963665 4.570331,
0.906832 -0.315393 5.089405,
1.388890 0.074944 5.345163,
1.029739 -0.697191 4.881480,
1.110021 0.040988 5.272846,
1.400933 -0.942561 4.635627,
0.924080 -0.232687 5.133574,
1.448547 0.043175 5.352036,
0.983132 -0.615980 4.937677,
1.177597 0.068529 5.297501,
1.307178 -0.907156 4.699685,
0.954389 -0.156451 5.174183,
1.770664 -0.943918 4.437246,
0.950787 -0.530368 4.991228,
1.247449 0.082059 5.317832,
1.221030 -0.858582 4.762206,
0.996368 -0.088804 5.211043,
1.669322 -0.960271 4.504101,
0.933163 -0.442862 5.041883,
1.317061 0.081450 5.333744,
1.144552 -0.798350 4.822899,
1.048283 -0.031587 5.243982,
1.567222 -0.961318 4.570331,
0.930278 -0.356002 5.089405,
1.383933 0.067011 5.345163,
1.079518 -0.728296 4.881480,
1.108112 0.013685 5.272846,
1.466924 -0.947176 4.635627,
0.941714 -0.272294 5.133574,
1.445660 0.039480 5.352036,
1.027359 -0.650534 4.937677,
1.173602 0.045872 5.297501,
1.370928 -0.918397 4.699685,
0.966632 -0.194130 5.174183,
1.835849 -0.922738 4.437246,
0.989122 -0.567388 4.991228,
1.242340 0.064242 5.317832,
1.281601 -0.875951 4.762206,
1.003789 -0.123719 5.211043,
1.735894 -0.946120 4.504101,
0.965436 -0.481324 5.041883,
1.311825 0.068490 5.333744,
1.201108 -0.821200 4.822899,
1.051587 -0.063020 5.243982,
1.634116 -0.954287 4.570331,
0.956499 -0.394877 5.089405,
1.379542 0.058752 5.345163,
1.131346 -0.755853 4.881480,
1.108112 -0.013685 5.272846,
1.533076 -0.947176 4.635627,
0.962069 -0.310575 5.133574,
1.443039 0.035593 5.352036,
1.073890 -0.681919 4.937677,
1.171197 0.022992 5.297501,
1.435306 -0.925163 4.699685,
0.981473 -0.230863 5.174183,
1.899398 -0.897063 4.437246,
1.029945 -0.601643 4.991228,
1.238486 0.046112 5.317832,
1.343236 -0.889052 4.762206,
1.013628 -0.158032 5.211043,
1.801318 -0.927361 4.504101,
1.000314 -0.517440 5.041883,
1.307505 0.055197 5.333744,
1.259120 -0.840049 4.822899,
1.057075 -0.094147 5.243982,
1.700357 -0.942607 4.570331,
0.985368 -0.431827 5.089405,
1.375737 0.050206 5.345163,
1.184969 -0.779728 4.881480,
1.110021 -0.040988 5.272846,
1.599067 -0.942561 4.635627,
0.985044 -0.347342 5.133574,
1.440694 0.031533 5.352036,
1.122496 -0.709982 4.937677,
1.170394 -0.000000 5.297501,
1.500000 -0.927422 4.699685,
0.998840 -0.266471 5.174183,
1.961001 -0.867017 4.437246,
1.073059 -0.632966 4.991228,
1.235907 0.027757 5.317832,
1.405635 -0.897822 4.762206,
1.025837 -0.191574 5.211043,
1.865273 -0.904083 4.504101,
1.037626 -0.551036 5.041883,
1.304124 0.041635 5.333744,
1.318305 -0.854806 4.822899,
1.064722 -0.124814 5.243982,
1.765622 -0.926335 4.570331,
1.016744 -0.466674 5.089405,
1.372537 0.041415 5.345163,
1.240128 -0.799804 4.881480,
1.113830 -0.068092 5.272846,
1.664576 -0.933355 4.635627,
1.010527 -0.382418 5.133574,
1.438639 0.027320 5.352036,
1.172941 -0.734586 4.937677,
1.171197 -0.022992 5.297501,
1.564694 -0.925163 4.699685,
1.018649 -0.300782 5.174183,
2.020358 -0.832747 4.437246,
1.118252 -0.661206 4.991228,
1.234614 0.009267 5.317832,
1.468494 -0.902217 4.762206,
1.040355 -0.224184 5.211043,
1.927449 -0.876400 4.504101,
1.077190 -0.581948 5.041883,
1.301697 0.027870 5.333744,
1.378376 -0.865398 4.822899,
1.074488 -0.154874 5.243982,
1.829593 -0.905549 4.570331,
1.050475 -0.499248 5.089405,
1.369959 0.032423 5.345163,
1.296552 -0.815984 4.881480,
1.119521 -0.094864 5.272846,
1.729282 -0.919601 4.635627,
1.038396 -0.415630 5.133574,
1.436883 0.022973 5.352036,
1.224980 -0.755611 4.937677,
1.173602 -0.045872 5.297501,
1.629072 -0.918397 4.699685,
1.040803 -0.333626 5.174183,
2.077180 -0.794420 4.437246,
1.165306 -0.686225 4.991228,
1.234614 -0.009267 5.317832,
1.531506 -0.902217 4.762206,
1.057113 -0.255701 5.211043,
1.987542 -0.844448 4.504101,
1.118815 -0.610024 5.041883,
1.300236 0.013969 5.333744,
1.439040 -0.871774 4.822899,
1.086328 -0.184178 5.243982,
1.891958 -0.880352 4.570331,
1.086396 -0.529389 5.089405,
1.368014 0.023273 5.345163,
1.353968 -0.828188 4.881480,
1.127065 -0.121174 5.272846,
1.792872 -0.901367 4.635627,
1.068513 -0.446818 5.133574,
1.435434 0.018514 5.352036,
1.278359 -0.772955 4.937677,
1.177597 -0.068529 5.297501,
1.692822 -0.907156 4.699685,
1.065194 -0.364845 5.174183,
2.131190 -0.752223 4.437246,
1.213990 -0.707901 4.991228,
1.235907 -0.027757 5.317832,
1.594365 -0.897822 4.762206,
1.076029 -0.285972 5.211043,
2.045260 -0.808382 4.504101,
1.162297 -0.635128 5.041883,
1.299748 -0.000000 5.333744,
1.500000 -0.873903 4.822899,
1.100184 -0.212586 5.243982,
1.952414 -0.850866 4.570331,
1.124332 -0.556951 5.089405,
1.366712 0.014009 5.345163,
1.412095 -0.836357 4.881480,
1.136426 -0.146893 5.272846,
1.855035 -0.878741 4.635627,
1.100733 -0.475828 5.133574,
1.434300 0.013965 5.352036,
1.332817 -0.786533 4.937677,
1.183162 -0.090852 5.297501,
1.755632 -0.891495 4.699685,
1.091704 -0.394287 5.174183,
2.182125 -0.706361 4.437246,
1.264067 -0.726127 4.991228,
1.238486 -0.046112 5.317832,
1.656764 -0.889052 4.762206,
1.097010 -0.314850 5.211043,
2.100322 -0.768377 4.504101,
1.207423 -0.657138 5.041883,
1.300236 -0.013969 5.333744,
1.560960 -0.871774 4.822899,
1.115987 -0.239958 5.243982,
2.010665 -0.817235 4.570331,
1.164098 -0.581800 5.089405,
1.366059 0.004677 5.345163,
1.470651 -0.840452 4.881480,
1.147559 -0.171897 5.272846,
1.915468 -0.851835 4.635627,
1.134897 -0.502521 5.133574,
1.433486 0.009348 5.352036,
1.388090 -0.796279 4.937677,
1.190272 -0.112732 5.297501,
1.817197 -0.871492 4.699685,
1.120202 -0.421808 5.174183,
2.229737 -0.657058 4.437246,
1.315294 -0.740816 4.991228,
1.242340 -0.064242 5.317832,
1.718399 -0.875951 4.762206,
1.119955 -0.342194 5.211043,
2.152459 -0.724629 4.504101,
1.253976 -0.675946 5.041883,
1.301697 -0.027870 5.333744,
1.621624 -0.865398 4.822899,
1.133661 -0.266161 5.243982,
2.066428 -0.779622 4.570331,
1.205500 -0.603814 5.089405,
1.366059 -0.004677 5.345163,
1.529349 -0.840452 4.881480,
1.160408 -0.196064 5.272846,
1.973877 -0.820778 4.635627,
1.170841 -0.526765 5.133574,
1.432996 0.004685 5.352036,
1.443909 -0.802145 4.937677,
1.198890 -0.134063 5.297501,
1.877217 -0.847242 4.699685,
1.150551 -0.447274 5.174183,
2.273793 -0.604553 4.437246,
1.367420 -0.751896 4.991228,
1.247449 -0.082059 5.317832,
1.778970 -0.858582 4.762206,
1.144751 -0.367871 5.211043,
2.201417 -0.677351 4.504101,
1.301727 -0.691461 5.041883,
1.304124 -0.041635 5.333744,
1.681695 -0.854806 4.822899,
1.153120 -0.291067 5.243982,
2.119432 -0.738211 4.570331,
1.248338 -0.622886 5.089405,
1.366712 -0.014009 5.345163,
1.587905 -0.836357 4.881480,
1.174912 -0.219275 5.272846,
2.029977 -0.785723 4.635627,
1.208388 -0.548443 5.133574,
1.432832 -0.000000 5.352036,
1.500000 -0.804104 4.937677,
1.208975 -0.154741 5.297501,
1.935398 -0.818865 4.699685,
1.182603 -0.470561 5.174183,
2.314080 -0.549104 4.437246,
1.420193 -0.759313 4.991228,
1.253788 -0.099476 5.317832,
1.838182 -0.837031 4.762206,
1.171277 -0.391756 5.211043,
2.246958 -0.626772 4.504101,
1.350444 -0.703608 5.041883,
1.307505 -0.055197 5.333744,
1.740880 -0.840049 4.822899,
1.174269 -0.314555 5.243982,
2.169418 -0.693203 4.570331,
1.292401 -0.638924 5.089405,
1.368014 -0.023273 5.345163,
1.646032 -0.828188 4.881480,
1.191000 -0.241418 5.272846,
2.083495 -0.746840 4.635627,
1.247356 -0.567448 5.133574,
1.432996 -0.004685 5.352036,
1.556091 -0.802145 4.937677,
1.220478 -0.174665 5.297501,
1.991459 -0.786499 4.699685,
1.216201 -0.491555 5.174183,
2.350400 -0.490979 4.437246,
1.473354 -0.763030 4.991228,
1.261327 -0.116409 5.317832,
1.895747 -0.811402 4.762206,
1.199406 -0.413733 5.211043,
2.288860 -0.573140 4.504101,
1.399889 -0.712326 5.041883,
1.311825 -0.068490 5.333744,
1.798892 -0.821200 4.822899,
1.197004 -0.336511 5.243982,
2.216143 -0.644818 4.570331,
1.337476 -0.651849 5.089405,
1.369959 -0.032423 5.345163,
1.703448 -0.815984 4.881480,
1.208593 -0.262384 5.272846,
2.134171 -0.704318 4.635627,
1.287554 -0.583690 5.133574,
1.433486 -0.009348 5.352036,
1.611910 -0.796279 4.937677,
1.233343 -0.193737 5.297501,
2.045125 -0.750300 4.699685,
1.251181 -0.510154 5.174183,
2.382578 -0.430462 4.437246,
1.526646 -0.763030 4.991228,
1.270029 -0.132774 5.317832,
1.951384 -0.781819 4.762206,
1.228998 -0.433693 5.211043,
2.326919 -0.516716 4.504101,
1.449822 -0.717574 5.041883,
1.317061 -0.081450 5.333744,
1.855448 -0.798350 4.822899,
1.221216 -0.356827 5.243982,
2.259379 -0.593292 4.570331,
1.383342 -0.661598 5.089405,
1.372537 -0.041415 5.345163,
1.759872 -0.799804 4.881480,
1.227606 -0.282073 5.272846,
2.181757 -0.658365 4.635627,
1.328788 -0.597087 5.133574,
1.434300 -0.013965 5.352036,
1.667183 -0.786533 4.937677,
1.247507 -0.211867 5.297501,
2.096135 -0.710447 4.699685,
1.287374 -0.526268 5.174183,
2.410455 -0.367848 4.437246,
1.579807 -0.759313 4.991228,
1.279851 -0.148493 5.317832,
2.004821 -0.748428 4.762206,
1.259912 -0.451541 5.211043,
2.360949 -0.457774 4.504101,
1.500000 -0.719327 5.041883,
1.323188 -0.094013 5.333744,
1.910273 -0.771610 4.822899,
1.246786 -0.375405 5.243982,
2.298915 -0.538875 4.570331,
1.429777 -0.668124 5.089405,
1.375737 -0.050206 5.345163,
1.815031 -0.779728 4.881480,
1.247946 -0.300387 5.272846,
2.226021 -0.609204 4.635627,
1.370856 -0.607576 5.133574,
1.435434 -0.018514 5.352036,
1.721641 -0.772955 4.937677,
1.262901 -0.228964 5.297501,
2.144242 -0.667132 4.699685,
1.324602 -0.539818 5.174183,
2.433897 -0.303442 4.437246,
1.632580 -0.751896 4.991228,
1.290745 -0.163488 5.317832,
2.055799 -0.711390 4.762206,
1.291994 -0.467189 5.211043,
2.390784 -0.396603 4.504101,
1.550178 -0.717574 5.041883,
1.330177 -0.106117 5.333744,
1.963098 -0.741112 4.822899,
1.273590 -0.392154 5.243982,
2.334559 -0.481833 4.570331,
1.476554 -0.671395 5.089405,
1.379542 -0.058752 5.345163,
1.868654 -0.755853 4.881480,
1.269513 -0.317237 5.272846,
2.266748 -0.557075 4.635627,
1.413553 -0.615105 5.133574,
1.436883 -0.022973 5.352036,
1.775020 -0.755611 4.937677,
1.279451 -0.244945 5.297501,
2.189209 -0.620567 4.699685,
1.362685 -0.550739 5.174183,
2.452789 -0.237557 4.437246,
1.684706 -0.740816 4.991228,
1.302659 -0.177686 5.317832,
2.104069 -0.670887 4.762206,
1.325090 -0.480560 5.211043,
2.416280 -0.333499 4.504101,
1.600111 -0.712326 5.041883,
1.337993 -0.117705 5.333744,
2.013667 -0.707002 4.822899,
1.301497 -0.406992 5.243982,
2.366137 -0.422443 4.570331,
1.523446 -0.671395 5.089405,
1.383933 -0.067011 5.345163,
1.920482 -0.728296 4.881480,
1.292204 -0.332543 5.272846,
2.303740 -0.502233 4.635627,
1.456671 -0.619636 5.133574,
1.438639 -0.027320 5.352036,
1.827059 -0.734586 4.937677,
1.297074 -0.259733 5.297501,
2.230819 -0.570978 4.699685,
1.401438 -0.558976 5.174183,
2.467039 -0.170515 4.437246,
1.735933 -0.726127 4.991228,
1.315535 -0.191019 5.317832,
2.149396 -0.627115 4.762206,
1.359039 -0.491591 5.211043,
2.437311 -0.268770 4.504101,
1.649556 -0.703608 5.041883,
1.346598 -0.128719 5.333744,
2.061734 -0.669448 4.822899,
1.330371 -0.419847 5.243982,
2.393495 -0.360995 4.570331,
1.570223 -0.668124 5.089405,
1.388890 -0.074944 5.345163,
1.970261 -0.697191 4.881480,
1.315907 -0.346228 5.272846,
2.336816 -0.444943 4.635627,
1.500000 -0.621150 5.133574,
1.440694 -0.031533 5.352036,
1.877504 -0.709982 4.937677,
1.315687 -0.273256 5.297501,
2.268868 -0.518608 4.699685,
1.440670 -0.564489 5.174183,
2.476578 -0.102643 4.437246,
1.786010 -0.707901 4.991228,
1.329309 -0.203422 5.317832,
2.191560 -0.580287 4.762206,
1.393674 -0.500226 5.211043,
2.453777 -0.202731 4.504101,
1.698273 -0.691461 5.041883,
1.355951 -0.139107 5.333744,
2.107064 -0.628633 4.822899,
1.360071 -0.430657 5.243982,
2.416500 -0.297789 4.570331,
1.616658 -0.661598 5.089405,
1.394389 -0.082512 5.345163,
2.017749 -0.662689 4.881480,
1.340508 -0.358226 5.272846,
2.365816 -0.385486 4.635627,
1.543329 -0.619636 5.133574,
1.443039 -0.035593 5.352036,
1.926110 -0.681919 4.937677,
1.335197 -0.285447 5.297501,
2.303171 -0.463711 4.699685,
1.480191 -0.567253 5.174183,
2.481359 -0.034270 4.437246,
1.834694 -0.686225 4.991228,
1.343915 -0.214833 5.317832,
2.230354 -0.530633 4.762206,
1.428827 -0.506425 5.211043,
2.465595 -0.135706 4.504101,
1.746024 -0.675946 5.041883,
1.366005 -0.148816 5.333744,
2.149436 -0.584755 4.822899,
1.390453 -0.439369 5.243982,
2.435040 -0.233132 4.570331,
1.662524 -0.651849 5.089405,
1.400402 -0.089678 5.345163,
2.062715 -0.624958 4.881480,
1.365885 -0.368479 5.272846,
2.390597 -0.324151 4.635627,
1.586447 -0.615105 5.133574,
1.445660 -0.039480 5.352036,
1.972641 -0.650534 4.937677,
1.355510 -0.296248 5.297501,
2.333562 -0.406555 4.699685,
1.519809 -0.567253 5.174183,
1.881748 -0.661206 4.991228,
1.359281 -0.225197 5.317832,
2.265590 -0.478394 4.762206,
1.464326 -0.510156 5.211043,
2.472709 -0.068018 4.504101,
1.792577 -0.657138 5.041883,
1.376713 -0.157801 5.333744,
2.188645 -0.538028 4.822899,
1.421369 -0.445941 5.243982,
2.449025 -0.167339 4.570331,
1.707599 -0.638924 5.089405,
1.406900 -0.096408 5.345163,
2.104939 -0.584183 4.881480,
1.391915 -0.376937 5.272846,
2.411039 -0.261236 4.635627,
1.629144 -0.607576 5.133574,
1.448547 -0.043175 5.352036,
2.016868 -0.615980 4.937677,
1.376527 -0.305605 5.297501,
2.359891 -0.347418 4.699685,
1.559330 -0.564489 5.174183,
1.926941 -0.632966 4.991228,
1.375333 -0.234465 5.317832,
2.297096 -0.423823 4.762206,
1.500000 -0.511402 5.211043,
1.837703 -0.635128 5.041883,
1.388021 -0.166016 5.333744,
2.224498 -0.488680 4.822899,
1.452667 -0.450339 5.243982,
2.458386 -0.100730 4.570331,
1.751662 -0.622886 5.089405,
1.413852 -0.102667 5.345163,
2.144216 -0.540561 4.881480,
1.418472 -0.383558 5.272846,
2.427043 -0.197049 4.635627,
1.671212 -0.597087 5.133574,
1.451684 -0.046659 5.352036,
2.058578 -0.578424 4.937677,
1.398146 -0.313474 5.297501,
2.382031 -0.286589 4.699685,
1.598562 -0.558976 5.174183,
1.970055 -0.601643 4.991228,
1.391992 -0.242590 5.317832,
2.324719 -0.367188 4.762206,
1.535674 -0.510156 5.211043,
1.881185 -0.610024 5.041883,
1.399874 -0.173423 5.333744,
2.256822 -0.436951 4.822899,
1.484197 -0.452544 5.243982,
2.463078 -0.033631 4.570331,
1.794500 -0.603814 5.089405,
1.421224 -0.108426 5.345163,
2.180354 -0.494306 4.881480,
1.445426 -0.388311 5.272846,
2.438530 -0.131902 4.635627,
1.712446 -0.583690 5.133574,
1.455056 -0.049915 5.352036,
2.097566 -0.538051 4.937677,
1.420261 -0.319815 5.297501,
2.399874 -0.224364 4.699685,
1.637315 -0.550739 5.174183,
2.010878 -0.567388 4.991228,
1.409177 -0.249533 5.317832,
2.348324 -0.308765 4.762206,
1.571173 -0.506425 5.211043,
1.922810 -0.581948 5.041883,
1.412215 -0.179985 5.333744,
2.285459 -0.383094 4.822899,
1.515803 -0.452544 5.243982,
1.835902 -0.581800 5.089405,
1.428979 -0.113657 5.345163,
2.213178 -0.445643 4.881480,
1.472647 -0.391172 5.272846,
2.445445 -0.066112 4.635627,
1.752644 -0.567448 5.133574,
1.458647 -0.052929 5.352036,
2.133643 -0.495056 4.937677,
1.442765 -0.324598 5.297501,
2.413333 -0.161045 4.699685,
1.675398 -0.539818 5.174183,
2.049213 -0.530368 4.991228,
1.426805 -0.255261 5.317832,
2.367795 -0.248836 4.762206,
1.606326 -0.500226 5.211043,
1.962374 -0.551036 5.041883,
1.424984 -0.185670 5.333744,
2.310269 -0.327370 4.822899,
1.547333 -0.450339 5.243982,
1.875668 -0.556951 5.089405,
1.437080 -0.118335 5.345163,
2.242527 -0.394809 4.881480,
1.500000 -0.392127 5.272846,
1.791612 -0.548443 5.133574,
1.462440 -0.055685 5.352036,
2.166633 -0.449649 4.937677,
1.465547 -0.327800 5.297501,
2.422342 -0.096942 4.699685,
1.712626 -0.526268 5.174183,
2.084871 -0.490765 4.991228,
1.444789 -0.259745 5.317832,
2.383039 -0.187696 4.762206,
1.640961 -0.491591 5.211043,
1.999686 -0.517440 5.041883,
1.438119 -0.190451 5.333744,
2.331131 -0.270051 4.822899,
1.578631 -0.445941 5.243982,
1.913604 -0.529389 5.089405,
1.445488 -0.122435 5.345163,
2.268259 -0.342051 4.881480,
1.527353 -0.391172 5.272846,
1.829159 -0.526765 5.133574,
1.466416 -0.058169 5.352036,
2.196375 -0.402052 4.937677,
1.488497 -0.329405 5.297501,
2.426857 -0.032367 4.699685,
1.748819 -0.510154 5.174183,
2.117681 -0.448771 4.991228,
1.463043 -0.262964 5.317832,
2.393981 -0.125641 4.762206,
1.674910 -0.480560 5.211043,
2.034564 -0.481324 5.041883,
1.451555 -0.194304 5.333744,
2.347944 -0.211416 4.822899,
1.609547 -0.439369 5.243982,
1.949525 -0.499248 5.089405,
1.454162 -0.125940 5.345163,
2.290248 -0.287627 4.881480,
1.554574 -0.388311 5.272846,
1.865103 -0.502521 5.133574,
1.470556 -0.060370 5.352036,
2.222724 -0.352496 4.937677,
1.511503 -0.329405 5.297501,
1.783799 -0.491555 5.174183,
2.147481 -0.404591 4.991228,
1.481476 -0.264901 5.317832,
2.400568 -0.062974 4.762206,
1.708006 -0.467189 5.211043,
2.066837 -0.442862 5.041883,
1.465227 -0.197210 5.333744,
2.360626 -0.151752 4.822899,
1.639929 -0.430657 5.243982,
1.983256 -0.466674 5.089405,
1.463058 -0.128830 5.345163,
2.308386 -0.231801 4.881480,
1.581528 -0.383558 5.272846,
1.899267 -0.475828 5.133574,
1.474839 -0.062277 5.352036,
2.245552 -0.301223 4.937677,
1.534453 -0.327800 5.297501,
1.817397 -0.470561 5.174183,
2.174126 -0.358439 4.991228,
1.500000 -0.265548 5.317832,
1.740088 -0.451541 5.211043,
2.096349 -0.402242 5.041883,
1.479068 -0.199155 5.333744,
2.369115 -0.091348 4.822899,
1.669629 -0.419847 5.243982,
2.014632 -0.431827 5.089405,
1.472135 -0.131094 5.345163,
2.322587 -0.174846 4.881480,
1.608085 -0.376937 5.272846,
1.931487 -0.446818 5.133574,
1.479244 -0.063880 5.352036,
2.264749 -0.248482 4.937677,
1.557235 -0.324598 5.297501,
1.849449 -0.447274 5.174183,
2.197488 -0.310542 4.991228,
1.518524 -0.264901 5.317832,
1.771002 -0.433693 5.211043,
2.122955 -0.359663 5.041883,
1.493011 -0.200130 5.333744,
2.373370 -0.030499 4.822899,
1.698503 -0.406992 5.243982,
2.043501 -0.394877 5.089405,
1.481348 -0.132718 5.345163,
2.332780 -0.117040 4.881480,
1.634115 -0.368479 5.272846,
1.961604 -0.415630 5.133574,
1.483751 -0.065173 5.352036,
2.280219 -0.194530 4.937677,
1.579739 -0.319815 5.297501,
1.879798 -0.421808 5.174183,
2.217451 -0.261131 4.991228,
1.536957 -0.262964 5.317832,
1.800594 -0.413733 5.211043,
2.146527 -0.315332 5.041883,
1.506989 -0.200130 5.333744,
1.726410 -0.392154 5.243982,
2.069722 -0.356002 5.089405,
1.490651 -0.133696 5.345163,
2.338915 -0.058663 4.881480,
1.659492 -0.358226 5.272846,
1.989473 -0.382418 5.133574,
1.488336 -0.066147 5.352036,
2.291888 -0.139631 4.937677,
1.601854 -0.313474 5.297501,
1.908296 -0.394287 5.174183,
2.233919 -0.210448 4.991228,
1.555211 -0.259745 5.317832,
1.828723 -0.391756 5.211043,
2.166948 -0.269465 5.041883,
1.520932 -0.199155 5.333744,
1.753214 -0.375405 5.243982,
2.093168 -0.315393 5.089405,
1.500000 -0.134022 5.345163,
1.684093 -0.346228 5.272846,
2.014956 -0.347342 5.133574,
1.492979 -0.066800 5.352036,
2.299699 -0.084052 4.937677,
1.623473 -0.305605 5.297501,
1.934806 -0.364845 5.174183,
2.246811 -0.158740 4.991228,
1.573195 -0.255261 5.317832,
1.855249 -0.367871 5.211043,
2.184120 -0.222284 5.041883,
1.534773 -0.197210 5.333744,
1.778784 -0.356827 5.243982,
2.113724 -0.273247 5.089405,
1.509349 -0.133696 5.345163,
1.707796 -0.332543 5.272846,
2.037931 -0.310575 5.133574,
1.497656 -0.067127 5.352036,
2.303614 -0.028063 4.937677,
1.644490 -0.296248 5.297501,
1.959197 -0.333626 5.174183,
2.256065 -0.106258 4.991228,
1.590823 -0.249533 5.317832,
1.880045 -0.342194 5.211043,
2.197960 -0.174021 5.041883,
1.548445 -0.194304 5.333744,
1.802996 -0.336511 5.243982,
2.131290 -0.229771 5.089405,
1.518652 -0.132718 5.345163,
1.730487 -0.317237 5.272846,
2.058286 -0.272294 5.133574,
1.502344 -0.067127 5.352036,
1.664803 -0.285447 5.297501,
1.981351 -0.300782 5.174183,
2.261636 -0.053259 4.991228,
1.608008 -0.242590 5.317832,
1.902990 -0.314850 5.211043,
2.208399 -0.124910 5.041883,
1.561881 -0.190451 5.333744,
1.825731 -0.314555 5.243982,
2.145780 -0.185174 5.089405,
1.527865 -0.131094 5.345163,
1.752054 -0.300387 5.272846,
2.075920 -0.232687 5.133574,
1.507021 -0.066800 5.352036,
1.684313 -0.273256 5.297501,
2.001160 -0.266471 5.174183,
1.624667 -0.234465 5.317832,
1.923971 -0.285972 5.211043,
2.215386 -0.075190 5.041883,
1.575016 -0.185670 5.333744,
1.846880 -0.291067 5.243982,
2.157124 -0.139676 5.089405,
1.536942 -0.128830 5.345163,
1.772394 -0.282073 5.272846,
2.090748 -0.191946 5.133574,
1.511664 -0.066147 5.352036,
1.702926 -0.259733 5.297501,
2.018527 -0.230863 5.174183,
1.640719 -0.225197 5.317832,
1.942887 -0.255701 5.211043,
2.218889 -0.025104 5.041883,
1.587785 -0.179985 5.333744,
1.866339 -0.266161 5.243982,
2.165266 -0.093497 5.089405,
1.545838 -0.125940 5.345163,
1.791407 -0.262384 5.272846,
2.102699 -0.150270 5.133574,
1.516249 -0.065173 5.352036,
1.720549 -0.244945 5.297501,
2.033368 -0.194130 5.174183,
1.656085 -0.214833 5.317832,
1.959645 -0.224184 5.211043,
1.600126 -0.173423 5.333744,
1.884013 -0.239958 5.243982,
2.170168 -0.046863 5.089405,
1.554512 -0.122435 5.345163,
1.809000 -0.241418 5.272846,
2.111713 -0.107861 5.133574,
1.520756 -0.063880 5.352036,
1.737099 -0.228964 5.297501,
2.045611 -0.156451 5.174183,
1.670691 -0.203422 5.317832,
1.974163 -0.191574 5.211043,
1.611979 -0.166016 5.333744,
1.899816 -0.212586 5.243982,
1.562920 -0.118335 5.345163,
1.825088 -0.219275 5.272846,
2.117747 -0.064928 5.133574,
1.525161 -0.062277 5.352036,
1.752493 -0.211867 5.297501,
2.055195 -0.118010 5.174183,
1.684465 -0.191019 5.317832,
1.986372 -0.158032 5.211043,
1.623287 -0.157801 5.333744,
1.913672 -0.184178 5.243982,
1.571021 -0.113657 5.345163,
1.839592 -0.196064 5.272846,
2.120771 -0.021678 5.133574,
1.529444 -0.060370 5.352036,
1.766657 -0.193737 5.297501,
2.062075 -0.078994 5.174183,
1.697341 -0.177686 5.317832,
1.996211 -0.123719 5.211043,
1.633995 -0.148816 5.333744,
1.925512 -0.154874 5.243982,
1.578776 -0.108426 5.345163,
1.852441 -0.171897 5.272846,
1.533584 -0.058169 5.352036,
1.779522 -0.174665 5.297501,
2.066216 -0.039594 5.174183,
1.709255 -0.163488 5.317832,
2.003632 -0.088804 5.211043,
1.644049 -0.139107 5.333744,
1.935278 -0.124814 5.243982,
1.586148 -0.102667 5.345163,
1.863574 -0.146893 5.272846,
1.537560 -0.055685 5.352036,
1.791025 -0.154741 5.297501,
1.720149 -0.148493 5.317832,
2.008600 -0.053456 5.211043,
1.653402 -0.128719 5.333744,
1.942925 -0.094147 5.243982,
1.593100 -0.096408 5.345163,
1.872935 -0.121174 5.272846,
1.541353 -0.052929 5.352036,
1.801110 -0.134063 5.297501,
1.729971 -0.132774 5.317832,
2.011090 -0.017848 5.211043,
1.662007 -0.117705 5.333744,
1.948413 -0.063020 5.243982,
1.599598 -0.089678 5.345163,
1.880479 -0.094864 5.272846,
1.544944 -0.049915 5.352036,
1.809728 -0.112732 5.297501,
1.738673 -0.116409 5.317832,
1.669823 -0.106117 5.333744,
1.951717 -0.031587 5.243982,
1.605611 -0.082512 5.345163,
1.886170 -0.068092 5.272846,
1.548316 -0.046659 5.352036,
1.816838 -0.090852 5.297501,
1.746212 -0.099476 5.317832,
1.676812 -0.094013 5.333744,
1.611110 -0.074944 5.345163,
1.889979 -0.040988 5.272846,
1.551453 -0.043175 5.352036,
1.822403 -0.068529 5.297501,
1.752551 -0.082059 5.317832,
1.682939 -0.081450 5.333744,
1.616067 -0.067011 5.345163,
1.891888 -0.013685 5.272846,
1.554340 -0.039480 5.352036,
1.826398 -0.045872 5.297501,
1.757660 -0.064242 5.317832,
1.688175 -0.068490 5.333744,
1.620458 -0.058752 5.345163,
1.556961 -0.035593 5.352036,
1.828803 -0.022992 5.297501,
1.761514 -0.046112 5.317832,
1.692495 -0.055197 5.333744,
1.624263 -0.050206 5.345163,
1.559306 -0.031533 5.352036,
1.764093 -0.027757 5.317832,
1.695876 -0.041635 5.333744,
1.627463 -0.041415 5.345163,
1.561361 -0.027320 5.352036,
1.765386 -0.009267 5.317832,
1.698303 -0.027870 5.333744,
1.630041 -0.032423 5.345163,
1.563117 -0.022973 5.352036,
1.699764 -0.013969 5.333744,
1.631986 -0.023273 5.345163,
1.564566 -0.018514 5.352036,
1.633288 -0.014009 5.345163,
1.565700 -0.013965 5.352036,
1.633941 -0.004677 5.345163,
1.566514 -0.009348 5.352036,
1.567004 -0.004685 5.352036 ] } coordIndex [ 0 1 2 -1,
0 2 3 -1,
4 3 5 -1,
4 0 3 -1,
6 5 7 -1,
6 4 5 -1,
8 7 9 -1,
8 6 7 -1,
10 9 11 -1,
10 8 9 -1,
12 11 13 -1,
12 13 14 -1,
12 10 11 -1,
15 12 14 -1,
16 14 17 -1,
16 15 14 -1,
18 17 19 -1,
18 16 17 -1,
20 19 21 -1,
20 18 19 -1,
22 20 21 -1,
22 21 23 -1,
24 22 23 -1,
24 23 25 -1,
26 24 25 -1,
26 25 27 -1,
28 26 27 -1,
28 27 29 -1,
30 28 29 -1,
30 29 31 -1,
32 30 31 -1,
32 31 33 -1,
34 32 33 -1,
34 33 35 -1,
36 34 35 -1,
36 35 37 -1,
38 36 37 -1,
38 37 39 -1,
38 39 40 -1,
41 38 40 -1,
41 40 42 -1,
43 41 42 -1,
44 43 42 -1,
44 42 45 -1,
46 45 47 -1,
46 44 45 -1,
48 47 49 -1,
48 46 47 -1,
50 49 51 -1,
50 48 49 -1,
52 51 53 -1,
52 50 51 -1,
54 53 55 -1,
54 52 53 -1,
56 55 57 -1,
56 54 55 -1,
58 57 59 -1,
58 56 57 -1,
60 59 61 -1,
60 58 59 -1,
62 61 63 -1,
62 60 61 -1,
64 63 65 -1,
64 65 66 -1,
64 62 63 -1,
67 64 66 -1,
68 66 69 -1,
68 67 66 -1,
70 69 71 -1,
70 68 69 -1,
72 71 73 -1,
72 70 71 -1,
74 72 73 -1,
74 73 75 -1,
76 74 75 -1,
76 75 77 -1,
78 76 77 -1,
78 77 79 -1,
80 78 79 -1,
80 79 81 -1,
82 80 81 -1,
82 81 83 -1,
82 83 84 -1,
85 82 84 -1,
86 85 84 -1,
86 84 87 -1,
88 86 87 -1,
88 87 89 -1,
90 88 89 -1,
90 89 91 -1,
92 90 91 -1,
92 91 93 -1,
94 92 93 -1,
94 93 95 -1,
96 94 95 -1,
96 95 97 -1,
98 96 97 -1,
98 97 99 -1,
100 98 99 -1,
100 99 101 -1,
102 100 101 -1,
102 101 103 -1,
104 102 103 -1,
104 103 105 -1,
106 104 105 -1,
106 105 107 -1,
108 106 107 -1,
108 107 109 -1,
110 108 109 -1,
110 109 111 -1,
112 110 111 -1,
112 111 113 -1,
114 112 113 -1,
114 113 115 -1,
116 115 117 -1,
116 114 115 -1,
118 117 119 -1,
118 116 117 -1,
120 119 121 -1,
120 118 119 -1,
122 121 123 -1,
122 120 121 -1,
124 122 123 -1,
124 123 125 -1,
126 124 125 -1,
126 125 127 -1,
128 126 127 -1,
128 127 129 -1,
130 128 129 -1,
130 129 131 -1,
132 130 131 -1,
132 131 133 -1,
134 132 133 -1,
134 133 135 -1,
136 134 135 -1,
136 135 137 -1,
138 136 137 -1,
138 137 139 -1,
140 138 139 -1,
140 139 141 -1,
142 140 141 -1,
142 141 143 -1,
144 142 143 -1,
144 143 145 -1,
146 144 145 -1,
146 145 147 -1,
146 147 148 -1,
149 146 148 -1,
150 148 151 -1,
150 149 148 -1,
152 151 153 -1,
152 150 151 -1,
154 153 155 -1,
154 152 153 -1,
156 155 157 -1,
156 154 155 -1,
158 157 159 -1,
158 156 157 -1,
160 159 161 -1,
160 158 159 -1,
162 161 163 -1,
162 160 161 -1,
164 163 165 -1,
164 162 163 -1,
166 165 167 -1,
166 164 165 -1,
168 167 169 -1,
168 166 167 -1,
170 169 171 -1,
170 168 169 -1,
172 171 173 -1,
172 170 171 -1,
174 173 175 -1,
174 172 173 -1,
176 174 175 -1,
176 175 177 -1,
178 176 177 -1,
178 177 179 -1,
180 178 179 -1,
180 179 181 -1,
182 180 181 -1,
182 181 183 -1,
184 183 185 -1,
184 182 183 -1,
186 185 187 -1,
186 184 185 -1,
188 187 189 -1,
188 186 187 -1,
190 189 191 -1,
190 188 189 -1,
192 191 193 -1,
192 190 191 -1,
194 193 195 -1,
194 192 193 -1,
196 195 197 -1,
196 194 195 -1,
198 197 199 -1,
198 196 197 -1,
200 199 201 -1,
200 198 199 -1,
202 201 203 -1,
202 200 201 -1,
204 203 205 -1,
204 202 203 -1,
206 205 207 -1,
206 204 205 -1,
208 207 209 -1,
208 206 207 -1,
210 209 211 -1,
210 208 209 -1,
212 211 213 -1,
212 210 211 -1,
214 213 215 -1,
214 212 213 -1,
216 215 217 -1,
216 214 215 -1,
218 217 219 -1,
218 216 217 -1,
220 219 221 -1,
220 218 219 -1,
222 221 223 -1,
222 220 221 -1,
224 222 223 -1,
224 223 225 -1,
226 224 225 -1,
226 225 227 -1,
228 226 227 -1,
228 227 229 -1,
230 228 229 -1,
230 229 231 -1,
232 230 231 -1,
232 231 233 -1,
234 232 233 -1,
234 233 235 -1,
236 234 235 -1,
236 235 237 -1,
238 236 237 -1,
238 237 239 -1,
240 238 239 -1,
240 239 241 -1,
242 240 241 -1,
242 241 243 -1,
244 242 243 -1,
244 243 245 -1,
246 244 245 -1,
246 245 247 -1,
248 246 247 -1,
248 247 249 -1,
250 249 251 -1,
250 248 249 -1,
1 251 2 -1,
1 250 251 -1,
252 156 158 -1,
252 158 253 -1,
254 158 160 -1,
254 253 158 -1,
255 156 252 -1,
255 154 156 -1,
256 160 162 -1,
256 254 160 -1,
257 154 255 -1,
257 152 154 -1,
258 256 162 -1,
258 162 164 -1,
259 152 257 -1,
259 150 152 -1,
260 258 164 -1,
260 164 166 -1,
260 166 168 -1,
261 150 259 -1,
261 149 150 -1,
262 260 168 -1,
263 149 261 -1,
263 146 149 -1,
264 262 168 -1,
264 168 170 -1,
265 146 263 -1,
265 144 146 -1,
266 264 170 -1,
266 170 172 -1,
267 144 265 -1,
267 142 144 -1,
268 266 172 -1,
268 172 174 -1,
269 142 267 -1,
269 140 142 -1,
270 268 174 -1,
270 174 176 -1,
271 140 269 -1,
271 138 140 -1,
272 270 176 -1,
272 176 178 -1,
273 138 271 -1,
273 136 138 -1,
274 272 178 -1,
274 178 180 -1,
275 136 273 -1,
275 132 134 -1,
275 134 136 -1,
276 274 180 -1,
276 180 182 -1,
277 132 275 -1,
277 130 132 -1,
278 276 182 -1,
278 182 184 -1,
278 184 186 -1,
279 130 277 -1,
280 278 186 -1,
281 130 279 -1,
281 128 130 -1,
282 280 186 -1,
282 186 188 -1,
283 124 126 -1,
283 126 128 -1,
283 128 281 -1,
284 282 188 -1,
284 188 190 -1,
285 124 283 -1,
286 284 190 -1,
286 190 192 -1,
287 120 122 -1,
287 122 124 -1,
287 124 285 -1,
288 286 192 -1,
288 192 194 -1,
288 194 196 -1,
289 120 287 -1,
289 118 120 -1,
290 288 196 -1,
291 118 289 -1,
292 290 196 -1,
292 196 198 -1,
293 116 118 -1,
293 118 291 -1,
294 292 198 -1,
294 198 200 -1,
295 114 116 -1,
295 116 293 -1,
296 200 202 -1,
296 294 200 -1,
297 114 295 -1,
297 110 112 -1,
297 112 114 -1,
298 202 204 -1,
298 296 202 -1,
299 110 297 -1,
300 204 206 -1,
300 298 204 -1,
301 110 299 -1,
301 108 110 -1,
302 206 208 -1,
302 300 206 -1,
303 106 108 -1,
303 108 301 -1,
304 208 210 -1,
304 302 208 -1,
305 104 106 -1,
305 106 303 -1,
306 210 212 -1,
306 304 210 -1,
307 104 305 -1,
307 102 104 -1,
308 212 214 -1,
308 306 212 -1,
309 100 102 -1,
309 102 307 -1,
310 214 216 -1,
310 308 214 -1,
311 98 100 -1,
311 100 309 -1,
312 216 218 -1,
312 310 216 -1,
313 98 311 -1,
313 96 98 -1,
314 218 220 -1,
314 312 218 -1,
94 313 315 -1,
94 96 313 -1,
222 316 314 -1,
222 314 220 -1,
317 94 315 -1,
92 94 317 -1,
224 318 316 -1,
224 316 222 -1,
90 92 317 -1,
90 317 319 -1,
226 318 224 -1,
226 320 318 -1,
88 90 319 -1,
88 319 321 -1,
322 88 321 -1,
228 320 226 -1,
228 323 320 -1,
324 323 228 -1,
86 88 322 -1,
230 324 228 -1,
85 86 322 -1,
85 322 325 -1,
326 85 325 -1,
232 324 230 -1,
232 327 324 -1,
232 328 327 -1,
82 85 326 -1,
234 328 232 -1,
80 82 326 -1,
80 326 329 -1,
236 330 328 -1,
236 328 234 -1,
78 329 331 -1,
78 80 329 -1,
238 332 330 -1,
238 330 236 -1,
76 331 333 -1,
76 78 331 -1,
240 334 332 -1,
240 332 238 -1,
74 333 335 -1,
74 76 333 -1,
242 336 334 -1,
242 334 240 -1,
72 337 338 -1,
72 335 337 -1,
72 74 335 -1,
244 339 336 -1,
244 340 339 -1,
244 336 242 -1,
70 72 338 -1,
246 340 244 -1,
68 70 338 -1,
68 338 341 -1,
248 342 340 -1,
248 343 342 -1,
248 340 246 -1,
67 68 341 -1,
67 344 345 -1,
67 341 344 -1,
250 343 248 -1,
64 67 345 -1,
1 343 250 -1,
1 346 343 -1,
62 64 345 -1,
62 345 347 -1,
0 348 346 -1,
0 349 348 -1,
0 346 1 -1,
60 62 347 -1,
60 347 350 -1,
4 349 0 -1,
58 350 351 -1,
58 60 350 -1,
6 352 349 -1,
6 349 4 -1,
56 58 351 -1,
56 351 353 -1,
8 354 352 -1,
8 352 6 -1,
54 353 355 -1,
54 56 353 -1,
10 356 354 -1,
10 357 356 -1,
10 354 8 -1,
52 54 355 -1,
52 358 359 -1,
52 355 358 -1,
12 357 10 -1,
50 52 359 -1,
15 357 12 -1,
15 360 357 -1,
15 361 360 -1,
48 359 362 -1,
48 50 359 -1,
16 361 15 -1,
16 363 361 -1,
46 48 362 -1,
46 362 364 -1,
18 363 16 -1,
18 365 363 -1,
44 46 364 -1,
44 364 366 -1,
20 365 18 -1,
43 44 366 -1,
43 366 367 -1,
22 365 20 -1,
22 368 365 -1,
22 369 368 -1,
41 43 367 -1,
41 367 370 -1,
24 369 22 -1,
38 41 370 -1,
38 370 371 -1,
26 369 24 -1,
26 372 369 -1,
36 38 371 -1,
36 371 373 -1,
28 374 372 -1,
28 372 26 -1,
34 375 376 -1,
34 373 375 -1,
34 36 373 -1,
30 377 374 -1,
30 376 377 -1,
30 374 28 -1,
32 34 376 -1,
32 376 30 -1,
159 163 161 -1,
159 169 163 -1,
157 169 159 -1,
163 169 165 -1,
165 169 167 -1,
148 147 151 -1,
151 147 153 -1,
147 143 153 -1,
145 143 147 -1,
153 143 155 -1,
157 177 169 -1,
155 177 157 -1,
169 177 171 -1,
171 177 173 -1,
173 177 175 -1,
141 139 143 -1,
177 183 179 -1,
179 183 181 -1,
135 133 137 -1,
189 195 191 -1,
191 195 193 -1,
123 121 125 -1,
125 121 127 -1,
189 197 195 -1,
187 197 189 -1,
119 117 121 -1,
143 115 155 -1,
127 115 129 -1,
129 115 131 -1,
131 115 133 -1,
137 115 139 -1,
139 115 143 -1,
133 115 137 -1,
117 115 121 -1,
121 115 127 -1,
201 205 203 -1,
197 205 199 -1,
199 205 201 -1,
197 207 205 -1,
111 109 113 -1,
109 107 113 -1,
113 107 115 -1,
207 211 209 -1,
187 211 197 -1,
183 211 185 -1,
185 211 187 -1,
197 211 207 -1,
101 99 103 -1,
103 99 105 -1,
105 99 107 -1,
211 219 213 -1,
213 219 215 -1,
215 219 217 -1,
99 97 107 -1,
219 223 221 -1,
211 223 219 -1,
93 91 95 -1,
223 227 225 -1,
227 231 229 -1,
223 231 227 -1,
87 84 89 -1,
89 84 91 -1,
231 235 233 -1,
223 235 231 -1,
83 81 84 -1,
84 81 91 -1,
91 81 95 -1,
235 239 237 -1,
183 239 211 -1,
211 239 223 -1,
223 239 235 -1,
177 239 183 -1,
77 75 79 -1,
79 75 81 -1,
239 245 241 -1,
241 245 243 -1,
239 247 245 -1,
239 249 247 -1,
249 2 251 -1,
65 63 66 -1,
239 3 249 -1,
115 3 155 -1,
249 3 2 -1,
107 3 115 -1,
95 3 97 -1,
97 3 107 -1,
155 3 177 -1,
177 3 239 -1,
59 57 61 -1,
5 9 7 -1,
57 55 61 -1,
63 55 66 -1,
61 55 63 -1,
66 55 69 -1,
5 11 9 -1,
55 53 69 -1,
3 13 5 -1,
95 13 3 -1,
5 13 11 -1,
73 13 75 -1,
81 13 95 -1,
75 13 81 -1,
53 51 69 -1,
69 51 71 -1,
49 47 51 -1,
13 19 14 -1,
14 19 17 -1,
47 45 51 -1,
13 21 19 -1,
73 23 13 -1,
71 23 73 -1,
13 23 21 -1,
42 40 45 -1,
40 39 45 -1,
51 37 71 -1,
45 37 51 -1,
39 37 45 -1,
23 29 25 -1,
25 29 27 -1,
29 33 31 -1,
35 33 37 -1,
71 33 23 -1,
37 33 71 -1,
23 33 29 -1,
378 379 346 -1,
378 346 348 -1,
380 348 349 -1,
380 378 348 -1,
381 349 352 -1,
381 380 349 -1,
382 352 354 -1,
382 381 352 -1,
383 354 356 -1,
383 382 354 -1,
384 356 357 -1,
384 383 356 -1,
385 357 360 -1,
385 384 357 -1,
386 360 361 -1,
386 385 360 -1,
387 361 363 -1,
387 386 361 -1,
388 363 365 -1,
388 387 363 -1,
389 388 365 -1,
389 365 368 -1,
390 389 368 -1,
390 368 369 -1,
391 390 369 -1,
391 369 372 -1,
392 391 372 -1,
392 372 374 -1,
393 392 374 -1,
393 374 377 -1,
394 393 377 -1,
394 377 376 -1,
395 394 376 -1,
395 376 375 -1,
396 395 375 -1,
396 375 373 -1,
397 396 373 -1,
397 373 371 -1,
398 397 371 -1,
398 371 370 -1,
399 398 370 -1,
399 370 367 -1,
400 399 367 -1,
400 367 366 -1,
401 400 366 -1,
401 366 364 -1,
402 364 362 -1,
402 401 364 -1,
403 362 359 -1,
403 402 362 -1,
404 359 358 -1,
404 403 359 -1,
405 358 355 -1,
405 404 358 -1,
406 355 353 -1,
406 405 355 -1,
407 353 351 -1,
407 406 353 -1,
408 351 350 -1,
408 407 351 -1,
409 350 347 -1,
409 408 350 -1,
410 347 345 -1,
410 409 347 -1,
411 345 344 -1,
411 410 345 -1,
412 344 341 -1,
412 411 344 -1,
413 341 338 -1,
413 412 341 -1,
414 338 337 -1,
414 413 338 -1,
415 414 337 -1,
415 337 335 -1,
416 415 335 -1,
416 335 333 -1,
417 416 333 -1,
417 333 331 -1,
418 417 331 -1,
418 331 329 -1,
419 418 329 -1,
419 329 326 -1,
420 419 326 -1,
420 326 325 -1,
421 420 325 -1,
421 325 322 -1,
422 421 322 -1,
422 322 321 -1,
423 422 321 -1,
423 321 319 -1,
424 423 319 -1,
424 319 317 -1,
425 424 317 -1,
425 317 315 -1,
426 425 315 -1,
426 315 313 -1,
427 426 313 -1,
427 313 311 -1,
428 427 311 -1,
428 311 309 -1,
429 428 309 -1,
429 309 307 -1,
430 429 307 -1,
430 307 305 -1,
431 430 305 -1,
431 305 303 -1,
432 431 303 -1,
432 303 301 -1,
433 432 301 -1,
433 301 299 -1,
434 433 299 -1,
434 299 297 -1,
435 297 295 -1,
435 434 297 -1,
436 295 293 -1,
436 435 295 -1,
437 293 291 -1,
437 436 293 -1,
438 291 289 -1,
438 437 291 -1,
439 289 287 -1,
439 438 289 -1,
440 439 287 -1,
440 287 285 -1,
441 440 285 -1,
441 285 283 -1,
442 441 283 -1,
443 442 283 -1,
443 283 281 -1,
444 443 281 -1,
444 281 279 -1,
445 444 279 -1,
445 279 277 -1,
446 445 277 -1,
446 277 275 -1,
447 446 275 -1,
447 275 273 -1,
448 447 273 -1,
448 273 271 -1,
449 448 271 -1,
449 271 269 -1,
450 449 269 -1,
450 269 267 -1,
451 267 265 -1,
451 450 267 -1,
452 265 263 -1,
452 451 265 -1,
453 263 261 -1,
453 452 263 -1,
454 261 259 -1,
454 453 261 -1,
455 259 257 -1,
455 454 259 -1,
456 257 255 -1,
456 455 257 -1,
457 255 252 -1,
457 456 255 -1,
458 252 253 -1,
458 457 252 -1,
459 253 254 -1,
459 458 253 -1,
460 254 256 -1,
460 459 254 -1,
461 256 258 -1,
461 460 256 -1,
462 258 260 -1,
462 461 258 -1,
463 260 262 -1,
463 462 260 -1,
464 262 264 -1,
464 463 262 -1,
465 264 266 -1,
465 464 264 -1,
466 465 266 -1,
466 266 268 -1,
467 466 268 -1,
467 268 270 -1,
468 467 270 -1,
468 270 272 -1,
469 272 274 -1,
469 468 272 -1,
470 469 274 -1,
470 274 276 -1,
471 276 278 -1,
471 470 276 -1,
472 278 280 -1,
472 471 278 -1,
473 280 282 -1,
473 472 280 -1,
474 282 284 -1,
474 473 282 -1,
475 284 286 -1,
475 474 284 -1,
476 286 288 -1,
476 475 286 -1,
477 288 290 -1,
477 476 288 -1,
478 290 292 -1,
478 477 290 -1,
479 292 294 -1,
479 478 292 -1,
480 294 296 -1,
480 479 294 -1,
481 296 298 -1,
481 480 296 -1,
482 298 300 -1,
482 481 298 -1,
483 300 302 -1,
483 482 300 -1,
484 302 304 -1,
484 483 302 -1,
485 304 306 -1,
485 484 304 -1,
486 306 308 -1,
486 485 306 -1,
487 308 310 -1,
487 486 308 -1,
488 310 312 -1,
488 487 310 -1,
489 312 314 -1,
489 488 312 -1,
490 314 316 -1,
490 489 314 -1,
491 490 316 -1,
491 316 318 -1,
492 491 318 -1,
492 318 320 -1,
493 492 320 -1,
493 320 323 -1,
494 493 323 -1,
494 323 324 -1,
495 494 324 -1,
495 324 327 -1,
496 495 327 -1,
496 327 328 -1,
497 496 328 -1,
497 328 330 -1,
498 497 330 -1,
498 330 332 -1,
499 498 332 -1,
499 332 334 -1,
500 499 334 -1,
500 334 336 -1,
501 500 336 -1,
501 336 339 -1,
502 501 339 -1,
502 339 340 -1,
503 502 340 -1,
503 340 342 -1,
504 503 342 -1,
504 342 343 -1,
505 343 346 -1,
505 504 343 -1,
379 505 346 -1,
506 379 378 -1,
506 505 379 -1,
507 506 378 -1,
507 508 506 -1,
509 507 378 -1,
509 378 380 -1,
509 380 381 -1,
510 381 382 -1,
510 509 381 -1,
511 508 507 -1,
511 512 508 -1,
511 507 509 -1,
513 382 383 -1,
513 383 384 -1,
513 510 382 -1,
514 509 510 -1,
514 511 509 -1,
515 512 511 -1,
515 516 512 -1,
515 517 516 -1,
518 384 385 -1,
518 513 384 -1,
519 514 510 -1,
519 510 513 -1,
520 515 511 -1,
520 511 514 -1,
521 385 386 -1,
521 386 387 -1,
521 518 385 -1,
522 513 518 -1,
522 519 513 -1,
523 520 514 -1,
523 514 519 -1,
524 515 520 -1,
524 517 515 -1,
524 525 517 -1,
526 387 388 -1,
526 521 387 -1,
527 518 521 -1,
527 522 518 -1,
528 523 519 -1,
528 519 522 -1,
529 520 523 -1,
529 524 520 -1,
530 525 524 -1,
530 531 525 -1,
530 532 531 -1,
533 388 389 -1,
533 526 388 -1,
534 527 521 -1,
534 521 526 -1,
535 522 527 -1,
535 528 522 -1,
536 523 528 -1,
536 529 523 -1,
537 530 524 -1,
537 524 529 -1,
538 389 390 -1,
538 390 391 -1,
538 533 389 -1,
539 534 526 -1,
539 526 533 -1,
540 527 534 -1,
540 535 527 -1,
541 536 528 -1,
541 528 535 -1,
542 529 536 -1,
542 537 529 -1,
543 391 392 -1,
543 538 391 -1,
544 532 530 -1,
544 530 537 -1,
544 545 532 -1,
546 539 533 -1,
546 533 538 -1,
547 534 539 -1,
547 540 534 -1,
548 535 540 -1,
548 541 535 -1,
549 536 541 -1,
549 542 536 -1,
550 392 393 -1,
550 393 394 -1,
550 543 392 -1,
551 544 537 -1,
551 537 542 -1,
552 546 538 -1,
552 538 543 -1,
553 545 544 -1,
553 554 545 -1,
555 547 539 -1,
555 539 546 -1,
556 540 547 -1,
556 548 540 -1,
557 549 541 -1,
557 541 548 -1,
558 394 395 -1,
558 550 394 -1,
559 542 549 -1,
559 551 542 -1,
560 552 543 -1,
560 543 550 -1,
561 544 551 -1,
561 553 544 -1,
562 555 546 -1,
562 546 552 -1,
563 547 555 -1,
563 556 547 -1,
564 557 548 -1,
564 548 556 -1,
565 395 396 -1,
565 558 395 -1,
566 549 557 -1,
566 559 549 -1,
567 560 550 -1,
567 550 558 -1,
568 551 559 -1,
568 561 551 -1,
569 562 552 -1,
569 552 560 -1,
570 554 553 -1,
570 571 554 -1,
570 553 561 -1,
570 572 571 -1,
573 555 562 -1,
573 563 555 -1,
574 556 563 -1,
574 564 556 -1,
575 396 397 -1,
575 397 398 -1,
575 565 396 -1,
576 557 564 -1,
576 566 557 -1,
577 558 565 -1,
577 567 558 -1,
578 568 559 -1,
578 559 566 -1,
579 569 560 -1,
579 560 567 -1,
580 561 568 -1,
580 570 561 -1,
581 562 569 -1,
581 573 562 -1,
582 572 570 -1,
582 583 572 -1,
584 563 573 -1,
584 574 563 -1,
585 398 399 -1,
585 575 398 -1,
586 576 564 -1,
586 564 574 -1,
587 577 565 -1,
587 565 575 -1,
588 566 576 -1,
588 578 566 -1,
589 579 567 -1,
589 567 577 -1,
590 580 568 -1,
590 568 578 -1,
591 569 579 -1,
591 581 569 -1,
592 570 580 -1,
592 582 570 -1,
593 584 573 -1,
593 573 581 -1,
594 399 400 -1,
594 400 401 -1,
594 585 399 -1,
595 574 584 -1,
595 586 574 -1,
596 587 575 -1,
596 575 585 -1,
597 576 586 -1,
597 588 576 -1,
598 577 587 -1,
598 589 577 -1,
599 590 578 -1,
599 578 588 -1,
600 591 579 -1,
600 579 589 -1,
601 580 590 -1,
601 592 580 -1,
602 593 581 -1,
602 581 591 -1,
603 594 401 -1,
603 401 402 -1,
604 583 582 -1,
604 605 583 -1,
604 606 605 -1,
604 582 592 -1,
607 595 584 -1,
607 584 593 -1,
608 596 585 -1,
608 585 594 -1,
609 586 595 -1,
609 597 586 -1,
610 587 596 -1,
610 598 587 -1,
611 599 588 -1,
611 588 597 -1,
612 589 598 -1,
612 600 589 -1,
613 590 599 -1,
613 601 590 -1,
614 591 600 -1,
614 602 591 -1,
615 402 403 -1,
615 403 404 -1,
615 603 402 -1,
616 604 592 -1,
616 592 601 -1,
617 607 593 -1,
617 593 602 -1,
618 594 603 -1,
618 608 594 -1,
619 606 604 -1,
619 620 606 -1,
621 595 607 -1,
621 609 595 -1,
622 610 596 -1,
622 596 608 -1,
623 597 609 -1,
623 611 597 -1,
624 612 598 -1,
624 598 610 -1,
625 599 611 -1,
625 613 599 -1,
626 600 612 -1,
626 614 600 -1,
627 404 405 -1,
627 615 404 -1,
628 601 613 -1,
628 616 601 -1,
629 617 602 -1,
629 602 614 -1,
630 618 603 -1,
630 603 615 -1,
631 619 604 -1,
631 604 616 -1,
632 621 607 -1,
632 607 617 -1,
633 608 618 -1,
633 622 608 -1,
634 623 609 -1,
634 609 621 -1,
635 624 610 -1,
635 610 622 -1,
636 625 611 -1,
636 611 623 -1,
637 626 612 -1,
637 612 624 -1,
638 627 405 -1,
638 405 406 -1,
639 613 625 -1,
639 628 613 -1,
640 614 626 -1,
640 629 614 -1,
641 630 615 -1,
641 615 627 -1,
642 631 616 -1,
642 616 628 -1,
643 617 629 -1,
643 632 617 -1,
644 633 618 -1,
644 618 630 -1,
645 619 631 -1,
645 620 619 -1,
645 646 620 -1,
647 634 621 -1,
647 621 632 -1,
648 622 633 -1,
648 635 622 -1,
649 636 623 -1,
649 623 634 -1,
650 637 624 -1,
650 624 635 -1,
651 638 406 -1,
651 406 407 -1,
651 407 408 -1,
652 625 636 -1,
652 639 625 -1,
653 626 637 -1,
653 640 626 -1,
654 641 627 -1,
654 627 638 -1,
655 628 639 -1,
655 642 628 -1,
656 643 629 -1,
656 629 640 -1,
657 630 641 -1,
657 644 630 -1,
658 645 631 -1,
658 631 642 -1,
659 632 643 -1,
659 647 632 -1,
660 648 633 -1,
660 633 644 -1,
661 646 645 -1,
661 662 646 -1,
661 663 662 -1,
664 634 647 -1,
664 649 634 -1,
665 635 648 -1,
665 650 635 -1,
666 408 409 -1,
666 651 408 -1,
667 652 636 -1,
667 636 649 -1,
668 653 637 -1,
668 637 650 -1,
669 654 638 -1,
669 638 651 -1,
670 655 639 -1,
670 639 652 -1,
671 640 653 -1,
671 656 640 -1,
672 641 654 -1,
672 657 641 -1,
673 642 655 -1,
673 658 642 -1,
674 659 643 -1,
674 643 656 -1,
675 644 657 -1,
675 660 644 -1,
676 645 658 -1,
676 661 645 -1,
677 647 659 -1,
677 664 647 -1,
678 648 660 -1,
678 665 648 -1,
679 666 409 -1,
679 409 410 -1,
679 410 411 -1,
680 649 664 -1,
680 667 649 -1,
681 650 665 -1,
681 668 650 -1,
682 669 651 -1,
682 651 666 -1,
683 652 667 -1,
683 670 652 -1,
684 671 653 -1,
684 653 668 -1,
685 672 654 -1,
685 654 669 -1,
686 673 655 -1,
686 655 670 -1,
687 674 656 -1,
687 656 671 -1,
688 657 672 -1,
688 675 657 -1,
689 676 658 -1,
689 658 673 -1,
690 659 674 -1,
690 677 659 -1,
691 678 660 -1,
691 660 675 -1,
692 661 676 -1,
692 693 663 -1,
692 663 661 -1,
694 411 412 -1,
694 679 411 -1,
695 664 677 -1,
695 680 664 -1,
696 665 678 -1,
696 681 665 -1,
697 682 666 -1,
697 666 679 -1,
698 667 680 -1,
698 683 667 -1,
699 684 668 -1,
699 668 681 -1,
700 669 682 -1,
700 685 669 -1,
701 686 670 -1,
701 670 683 -1,
702 687 671 -1,
702 671 684 -1,
703 688 672 -1,
703 672 685 -1,
704 673 686 -1,
704 689 673 -1,
705 674 687 -1,
705 690 674 -1,
706 675 688 -1,
706 691 675 -1,
707 692 676 -1,
707 676 689 -1,
708 412 413 -1,
708 413 414 -1,
708 694 412 -1,
709 677 690 -1,
709 695 677 -1,
710 678 691 -1,
710 696 678 -1,
711 693 692 -1,
711 712 693 -1,
711 713 712 -1,
714 679 694 -1,
714 697 679 -1,
715 680 695 -1,
715 698 680 -1,
716 699 681 -1,
716 681 696 -1,
717 682 697 -1,
717 700 682 -1,
718 701 683 -1,
718 683 698 -1,
719 702 684 -1,
719 684 699 -1,
720 703 685 -1,
720 685 700 -1,
721 704 686 -1,
721 686 701 -1,
722 705 687 -1,
722 687 702 -1,
723 688 703 -1,
723 706 688 -1,
724 689 704 -1,
724 707 689 -1,
725 708 414 -1,
725 414 415 -1,
726 690 705 -1,
726 709 690 -1,
727 691 706 -1,
727 710 691 -1,
728 692 707 -1,
728 711 692 -1,
729 694 708 -1,
729 714 694 -1,
730 715 695 -1,
730 695 709 -1,
731 696 710 -1,
731 716 696 -1,
732 697 714 -1,
732 717 697 -1,
733 698 715 -1,
733 718 698 -1,
734 699 716 -1,
734 719 699 -1,
735 720 700 -1,
735 700 717 -1,
736 701 718 -1,
736 721 701 -1,
737 702 719 -1,
737 722 702 -1,
738 703 720 -1,
738 723 703 -1,
739 704 721 -1,
739 724 704 -1,
740 415 416 -1,
740 725 415 -1,
741 726 705 -1,
741 705 722 -1,
742 706 723 -1,
742 727 706 -1,
743 728 707 -1,
743 707 724 -1,
744 708 725 -1,
744 729 708 -1,
745 730 709 -1,
745 709 726 -1,
746 731 710 -1,
746 710 727 -1,
747 713 711 -1,
747 711 728 -1,
747 748 713 -1,
749 714 729 -1,
749 732 714 -1,
750 733 715 -1,
750 715 730 -1,
751 734 716 -1,
751 716 731 -1,
752 717 732 -1,
752 735 717 -1,
753 718 733 -1,
753 736 718 -1,
754 719 734 -1,
754 737 719 -1,
755 738 720 -1,
755 720 735 -1,
756 739 721 -1,
756 721 736 -1,
757 740 416 -1,
757 416 417 -1,
757 417 418 -1,
758 722 737 -1,
758 741 722 -1,
759 742 723 -1,
759 723 738 -1,
760 743 724 -1,
760 724 739 -1,
761 725 740 -1,
761 744 725 -1,
762 745 726 -1,
762 726 741 -1,
763 727 742 -1,
763 746 727 -1,
764 728 743 -1,
764 747 728 -1,
765 729 744 -1,
765 749 729 -1,
766 750 730 -1,
766 730 745 -1,
767 731 746 -1,
767 751 731 -1,
768 748 747 -1,
768 769 748 -1,
770 752 732 -1,
770 732 749 -1,
771 753 733 -1,
771 733 750 -1,
772 754 734 -1,
772 734 751 -1,
773 735 752 -1,
773 755 735 -1,
774 736 753 -1,
774 756 736 -1,
775 418 419 -1,
775 757 418 -1,
776 758 737 -1,
776 737 754 -1,
777 759 738 -1,
777 738 755 -1,
778 739 756 -1,
778 760 739 -1,
779 740 757 -1,
779 761 740 -1,
780 762 741 -1,
780 741 758 -1,
781 763 742 -1,
781 742 759 -1,
782 743 760 -1,
782 764 743 -1,
783 744 761 -1,
783 765 744 -1,
784 766 745 -1,
784 745 762 -1,
785 767 746 -1,
785 746 763 -1,
786 768 747 -1,
786 747 764 -1,
787 749 765 -1,
787 770 749 -1,
788 750 766 -1,
788 771 750 -1,
789 772 751 -1,
789 751 767 -1,
790 752 770 -1,
790 773 752 -1,
791 753 771 -1,
791 774 753 -1,
792 775 419 -1,
792 419 420 -1,
792 420 421 -1,
793 776 754 -1,
793 754 772 -1,
794 755 773 -1,
794 777 755 -1,
795 778 756 -1,
795 756 774 -1,
796 757 775 -1,
796 779 757 -1,
797 780 758 -1,
797 758 776 -1,
798 759 777 -1,
798 781 759 -1,
799 782 760 -1,
799 760 778 -1,
800 761 779 -1,
800 783 761 -1,
801 762 780 -1,
801 784 762 -1,
802 763 781 -1,
802 785 763 -1,
803 764 782 -1,
803 786 764 -1,
804 765 783 -1,
804 787 765 -1,
805 788 766 -1,
805 766 784 -1,
806 789 767 -1,
806 767 785 -1,
807 768 786 -1,
807 808 769 -1,
807 809 808 -1,
807 769 768 -1,
810 790 770 -1,
810 770 787 -1,
811 771 788 -1,
811 791 771 -1,
812 421 422 -1,
812 792 421 -1,
813 793 772 -1,
813 772 789 -1,
814 794 773 -1,
814 773 790 -1,
815 774 791 -1,
815 795 774 -1,
816 796 775 -1,
816 775 792 -1,
817 797 776 -1,
817 776 793 -1,
818 798 777 -1,
818 777 794 -1,
819 778 795 -1,
819 799 778 -1,
820 800 779 -1,
820 779 796 -1,
821 801 780 -1,
821 780 797 -1,
822 781 798 -1,
822 802 781 -1,
823 803 782 -1,
823 782 799 -1,
824 783 800 -1,
824 804 783 -1,
825 784 801 -1,
825 805 784 -1,
826 806 785 -1,
826 785 802 -1,
827 786 803 -1,
827 807 786 -1,
828 810 787 -1,
828 787 804 -1,
829 811 788 -1,
829 788 805 -1,
830 812 422 -1,
830 422 423 -1,
830 423 424 -1,
831 813 789 -1,
831 789 806 -1,
832 809 807 -1,
832 833 809 -1,
834 814 790 -1,
834 790 810 -1,
835 815 791 -1,
835 791 811 -1,
836 792 812 -1,
836 816 792 -1,
837 793 813 -1,
837 817 793 -1,
838 818 794 -1,
838 794 814 -1,
839 795 815 -1,
839 819 795 -1,
840 820 796 -1,
840 796 816 -1,
841 797 817 -1,
841 821 797 -1,
842 822 798 -1,
842 798 818 -1,
843 799 819 -1,
843 823 799 -1,
844 800 820 -1,
844 824 800 -1,
845 825 801 -1,
845 801 821 -1,
846 802 822 -1,
846 826 802 -1,
847 803 823 -1,
847 827 803 -1,
848 804 824 -1,
848 828 804 -1,
849 805 825 -1,
849 829 805 -1,
850 830 424 -1,
850 424 425 -1,
851 806 826 -1,
851 831 806 -1,
852 832 807 -1,
852 807 827 -1,
853 834 810 -1,
853 810 828 -1,
854 811 829 -1,
854 835 811 -1,
855 812 830 -1,
855 836 812 -1,
856 813 831 -1,
856 837 813 -1,
857 814 834 -1,
857 838 814 -1,
858 839 815 -1,
858 815 835 -1,
859 816 836 -1,
859 840 816 -1,
860 841 817 -1,
860 817 837 -1,
861 818 838 -1,
861 842 818 -1,
862 819 839 -1,
862 843 819 -1,
863 844 820 -1,
863 820 840 -1,
864 821 841 -1,
864 845 821 -1,
865 846 822 -1,
865 822 842 -1,
866 847 823 -1,
866 823 843 -1,
867 848 824 -1,
867 824 844 -1,
868 849 825 -1,
868 825 845 -1,
869 425 426 -1,
869 850 425 -1,
870 851 826 -1,
870 826 846 -1,
871 827 847 -1,
871 852 827 -1,
872 853 828 -1,
872 828 848 -1,
873 829 849 -1,
873 854 829 -1,
874 830 850 -1,
874 855 830 -1,
875 831 851 -1,
875 856 831 -1,
876 832 852 -1,
876 833 832 -1,
876 877 833 -1,
876 878 877 -1,
879 834 853 -1,
879 857 834 -1,
880 835 854 -1,
880 858 835 -1,
881 836 855 -1,
881 859 836 -1,
882 837 856 -1,
882 860 837 -1,
883 838 857 -1,
883 861 838 -1,
884 862 839 -1,
884 839 858 -1,
885 863 840 -1,
885 840 859 -1,
886 841 860 -1,
886 864 841 -1,
887 842 861 -1,
887 865 842 -1,
888 843 862 -1,
888 866 843 -1,
889 867 844 -1,
889 844 863 -1,
890 845 864 -1,
890 868 845 -1,
891 869 426 -1,
891 426 427 -1,
891 427 428 -1,
892 846 865 -1,
892 870 846 -1,
893 847 866 -1,
893 871 847 -1,
894 872 848 -1,
894 848 867 -1,
895 849 868 -1,
895 873 849 -1,
896 874 850 -1,
896 850 869 -1,
897 851 870 -1,
897 875 851 -1,
898 852 871 -1,
898 876 852 -1,
899 879 853 -1,
899 853 872 -1,
900 880 854 -1,
900 854 873 -1,
901 855 874 -1,
901 881 855 -1,
902 882 856 -1,
902 856 875 -1,
903 878 876 -1,
903 904 878 -1,
905 857 879 -1,
905 883 857 -1,
906 858 880 -1,
906 884 858 -1,
907 859 881 -1,
907 885 859 -1,
908 860 882 -1,
908 886 860 -1,
909 887 861 -1,
909 861 883 -1,
910 862 884 -1,
910 888 862 -1,
911 863 885 -1,
911 889 863 -1,
912 864 886 -1,
912 890 864 -1,
913 428 429 -1,
913 891 428 -1,
914 865 887 -1,
914 892 865 -1,
915 893 866 -1,
915 866 888 -1,
916 894 867 -1,
916 867 889 -1,
917 868 890 -1,
917 895 868 -1,
918 896 869 -1,
918 869 891 -1,
919 870 892 -1,
919 897 870 -1,
920 898 871 -1,
920 871 893 -1,
921 899 872 -1,
921 872 894 -1,
922 900 873 -1,
922 873 895 -1,
923 874 896 -1,
923 901 874 -1,
924 875 897 -1,
924 902 875 -1,
925 903 876 -1,
925 876 898 -1,
926 905 879 -1,
926 879 899 -1,
927 906 880 -1,
927 880 900 -1,
928 907 881 -1,
928 881 901 -1,
929 908 882 -1,
929 882 902 -1,
930 883 905 -1,
930 909 883 -1,
931 884 906 -1,
931 910 884 -1,
932 885 907 -1,
932 911 885 -1,
933 912 886 -1,
933 886 908 -1,
934 913 429 -1,
934 429 430 -1,
934 430 431 -1,
935 887 909 -1,
935 914 887 -1,
936 915 888 -1,
936 888 910 -1,
937 889 911 -1,
937 916 889 -1,
938 917 890 -1,
938 890 912 -1,
939 918 891 -1,
939 891 913 -1,
940 919 892 -1,
940 892 914 -1,
941 920 893 -1,
941 893 915 -1,
942 921 894 -1,
942 894 916 -1,
943 922 895 -1,
943 895 917 -1,
944 896 918 -1,
944 923 896 -1,
945 924 897 -1,
945 897 919 -1,
946 898 920 -1,
946 925 898 -1,
947 926 899 -1,
947 899 921 -1,
948 927 900 -1,
948 900 922 -1,
949 928 901 -1,
949 901 923 -1,
950 902 924 -1,
950 929 902 -1,
951 903 925 -1,
951 904 903 -1,
951 952 904 -1,
951 953 952 -1,
954 905 926 -1,
954 930 905 -1,
955 906 927 -1,
955 931 906 -1,
956 907 928 -1,
956 932 907 -1,
957 933 908 -1,
957 908 929 -1,
958 934 431 -1,
958 431 432 -1,
959 935 909 -1,
959 909 930 -1,
960 910 931 -1,
960 936 910 -1,
961 911 932 -1,
961 937 911 -1,
962 912 933 -1,
962 938 912 -1,
963 913 934 -1,
963 939 913 -1,
964 914 935 -1,
964 940 914 -1,
965 941 915 -1,
965 915 936 -1,
966 942 916 -1,
966 916 937 -1,
967 943 917 -1,
967 917 938 -1,
968 918 939 -1,
968 944 918 -1,
969 945 919 -1,
969 919 940 -1,
970 946 920 -1,
970 920 941 -1,
971 947 921 -1,
971 921 942 -1,
972 948 922 -1,
972 922 943 -1,
973 923 944 -1,
973 949 923 -1,
974 950 924 -1,
974 924 945 -1,
975 951 925 -1,
975 953 951 -1,
975 925 946 -1,
976 954 926 -1,
976 926 947 -1,
977 955 927 -1,
977 927 948 -1,
978 928 949 -1,
978 956 928 -1,
979 929 950 -1,
979 957 929 -1,
980 432 433 -1,
980 958 432 -1,
981 930 954 -1,
981 959 930 -1,
982 931 955 -1,
982 960 931 -1,
983 932 956 -1,
983 961 932 -1,
984 933 957 -1,
984 962 933 -1,
985 963 934 -1,
985 934 958 -1,
986 935 959 -1,
986 964 935 -1,
987 965 936 -1,
987 936 960 -1,
988 966 937 -1,
988 937 961 -1,
989 938 962 -1,
989 967 938 -1,
990 968 939 -1,
990 939 963 -1,
991 940 964 -1,
991 969 940 -1,
992 941 965 -1,
992 970 941 -1,
993 971 942 -1,
993 942 966 -1,
994 943 967 -1,
994 972 943 -1,
995 973 944 -1,
995 944 968 -1,
996 974 945 -1,
996 945 969 -1,
997 946 970 -1,
997 975 946 -1,
997 953 975 -1,
998 947 971 -1,
998 976 947 -1,
999 948 972 -1,
999 977 948 -1,
1000 949 973 -1,
1000 978 949 -1,
1001 979 950 -1,
1001 950 974 -1,
1002 433 434 -1,
1002 434 435 -1,
1002 980 433 -1,
1003 981 954 -1,
1003 954 976 -1,
1004 955 977 -1,
1004 982 955 -1,
1005 956 978 -1,
1005 983 956 -1,
1006 984 957 -1,
1006 957 979 -1,
1007 985 958 -1,
1007 958 980 -1,
1008 959 981 -1,
1008 986 959 -1,
1009 987 960 -1,
1009 960 982 -1,
1010 961 983 -1,
1010 988 961 -1,
1011 989 962 -1,
1011 962 984 -1,
1012 990 963 -1,
1012 963 985 -1,
1013 991 964 -1,
1013 964 986 -1,
1014 992 965 -1,
1014 965 987 -1,
1015 966 988 -1,
1015 993 966 -1,
1016 967 989 -1,
1016 994 967 -1,
1017 968 990 -1,
1017 995 968 -1,
1018 969 991 -1,
1018 996 969 -1,
1019 997 970 -1,
1019 953 997 -1,
1019 970 992 -1,
1020 998 971 -1,
1020 971 993 -1,
1021 999 972 -1,
1021 972 994 -1,
1022 1000 973 -1,
1022 973 995 -1,
1023 1001 974 -1,
1023 974 996 -1,
1024 435 436 -1,
1024 1002 435 -1,
1025 976 998 -1,
1025 1003 976 -1,
1026 977 999 -1,
1026 1004 977 -1,
1027 978 1000 -1,
1027 1005 978 -1,
1028 979 1001 -1,
1028 1006 979 -1,
1029 1007 980 -1,
1029 980 1002 -1,
1030 981 1003 -1,
1030 1008 981 -1,
1031 982 1004 -1,
1031 1009 982 -1,
1032 983 1005 -1,
1032 1010 983 -1,
1033 984 1006 -1,
1033 1011 984 -1,
1034 985 1007 -1,
1034 1012 985 -1,
1035 986 1008 -1,
1035 1013 986 -1,
1036 987 1009 -1,
1036 1014 987 -1,
1037 1015 988 -1,
1037 988 1010 -1,
1038 1016 989 -1,
1038 989 1011 -1,
1039 990 1012 -1,
1039 1017 990 -1,
1040 991 1013 -1,
1040 1018 991 -1,
1041 953 1019 -1,
1041 992 1014 -1,
1041 1019 992 -1,
1042 1020 993 -1,
1042 993 1015 -1,
1043 1021 994 -1,
1043 994 1016 -1,
1044 1022 995 -1,
1044 995 1017 -1,
1045 1023 996 -1,
1045 996 1018 -1,
1046 1024 436 -1,
1046 436 437 -1,
1046 437 438 -1,
1047 1025 998 -1,
1047 998 1020 -1,
1048 1026 999 -1,
1048 999 1021 -1,
1049 1000 1022 -1,
1049 1027 1000 -1,
1050 1028 1001 -1,
1050 1001 1023 -1,
1051 1029 1002 -1,
1051 1002 1024 -1,
1052 1030 1003 -1,
1052 1003 1025 -1,
1053 1031 1004 -1,
1053 1004 1026 -1,
1054 1032 1005 -1,
1054 1005 1027 -1,
1055 1006 1028 -1,
1055 1033 1006 -1,
1056 1007 1029 -1,
1056 1034 1007 -1,
1057 1008 1030 -1,
1057 1035 1008 -1,
1058 1036 1009 -1,
1058 1009 1031 -1,
1059 1037 1010 -1,
1059 1010 1032 -1,
1060 1011 1033 -1,
1060 1038 1011 -1,
1061 1039 1012 -1,
1061 1012 1034 -1,
1062 1040 1013 -1,
1062 1013 1035 -1,
1063 953 1041 -1,
1063 1014 1036 -1,
1063 1041 1014 -1,
1064 1015 1037 -1,
1064 1042 1015 -1,
1065 1016 1038 -1,
1065 1043 1016 -1,
1066 1044 1017 -1,
1066 1017 1039 -1,
1067 1018 1040 -1,
1067 1045 1018 -1,
1068 438 439 -1,
1068 1046 438 -1,
1069 1020 1042 -1,
1069 1047 1020 -1,
1070 1048 1021 -1,
1070 1021 1043 -1,
1071 1049 1022 -1,
1071 1022 1044 -1,
1072 1050 1023 -1,
1072 1023 1045 -1,
1073 1024 1046 -1,
1073 1051 1024 -1,
1074 1052 1025 -1,
1074 1025 1047 -1,
1075 1053 1026 -1,
1075 1026 1048 -1,
1076 1027 1049 -1,
1076 1054 1027 -1,
1077 1055 1028 -1,
1077 1028 1050 -1,
1078 1056 1029 -1,
1078 1029 1051 -1,
1079 1057 1030 -1,
1079 1030 1052 -1,
1080 1058 1031 -1,
1080 1031 1053 -1,
1081 1059 1032 -1,
1081 1032 1054 -1,
1082 1033 1055 -1,
1082 1060 1033 -1,
1083 1034 1056 -1,
1083 1061 1034 -1,
1084 1035 1057 -1,
1084 1062 1035 -1,
1085 953 1063 -1,
1085 1036 1058 -1,
1085 1063 1036 -1,
1086 1064 1037 -1,
1086 1037 1059 -1,
1087 1038 1060 -1,
1087 1065 1038 -1,
1088 1066 1039 -1,
1088 1039 1061 -1,
1089 1040 1062 -1,
1089 1067 1040 -1,
1090 439 440 -1,
1090 440 441 -1,
1090 1068 439 -1,
1091 1042 1064 -1,
1091 1069 1042 -1,
1092 1043 1065 -1,
1092 1070 1043 -1,
1093 1044 1066 -1,
1093 1071 1044 -1,
1094 1045 1067 -1,
1094 1072 1045 -1,
1095 1046 1068 -1,
1095 1073 1046 -1,
1096 1047 1069 -1,
1096 1074 1047 -1,
1097 1048 1070 -1,
1097 1075 1048 -1,
1098 1049 1071 -1,
1098 1076 1049 -1,
1099 1050 1072 -1,
1099 1077 1050 -1,
1100 1051 1073 -1,
1100 1078 1051 -1,
1101 1052 1074 -1,
1101 1079 1052 -1,
1102 1053 1075 -1,
1102 1080 1053 -1,
1103 1081 1054 -1,
1103 1054 1076 -1,
1104 1055 1077 -1,
1104 1082 1055 -1,
1105 1056 1078 -1,
1105 1083 1056 -1,
1106 1084 1057 -1,
1106 1057 1079 -1,
1107 1085 1058 -1,
1107 953 1085 -1,
1107 1058 1080 -1,
1108 1086 1059 -1,
1108 1059 1081 -1,
1109 1087 1060 -1,
1109 1060 1082 -1,
1110 1088 1061 -1,
1110 1061 1083 -1,
1111 1089 1062 -1,
1111 1062 1084 -1,
1112 1090 441 -1,
1112 441 442 -1,
1113 1091 1064 -1,
1113 1064 1086 -1,
1114 1065 1087 -1,
1114 1092 1065 -1,
1115 1066 1088 -1,
1115 1093 1066 -1,
1116 1067 1089 -1,
1116 1094 1067 -1,
1117 1068 1090 -1,
1117 1095 1068 -1,
1118 1096 1069 -1,
1118 1069 1091 -1,
1119 1070 1092 -1,
1119 1097 1070 -1,
1120 1071 1093 -1,
1120 1098 1071 -1,
1121 1072 1094 -1,
1121 1099 1072 -1,
1122 1073 1095 -1,
1122 1100 1073 -1,
1123 1074 1096 -1,
1123 1101 1074 -1,
1124 1075 1097 -1,
1124 1102 1075 -1,
1125 1076 1098 -1,
1125 1103 1076 -1,
1126 1077 1099 -1,
1126 1104 1077 -1,
1127 1105 1078 -1,
1127 1078 1100 -1,
1128 1106 1079 -1,
1128 1079 1101 -1,
1129 953 1107 -1,
1129 1107 1080 -1,
1129 1080 1102 -1,
1130 1108 1081 -1,
1130 1081 1103 -1,
1131 1082 1104 -1,
1131 1109 1082 -1,
1132 1110 1083 -1,
1132 1083 1105 -1,
1133 1111 1084 -1,
1133 1084 1106 -1,
1134 442 443 -1,
1134 1112 442 -1,
1135 1086 1108 -1,
1135 1113 1086 -1,
1136 1087 1109 -1,
1136 1114 1087 -1,
1137 1115 1088 -1,
1137 1088 1110 -1,
1138 1089 1111 -1,
1138 1116 1089 -1,
1139 1117 1090 -1,
1139 1090 1112 -1,
1140 1118 1091 -1,
1140 1091 1113 -1,
1141 1092 1114 -1,
1141 1119 1092 -1,
1142 1093 1115 -1,
1142 1120 1093 -1,
1143 1121 1094 -1,
1143 1094 1116 -1,
1144 1122 1095 -1,
1144 1095 1117 -1,
1145 1123 1096 -1,
1145 1096 1118 -1,
1146 1097 1119 -1,
1146 1124 1097 -1,
1147 1125 1098 -1,
1147 1098 1120 -1,
1148 1126 1099 -1,
1148 1099 1121 -1,
1149 1127 1100 -1,
1149 1100 1122 -1,
1150 1128 1101 -1,
1150 1101 1123 -1,
1151 1102 1124 -1,
1151 953 1129 -1,
1151 1129 1102 -1,
1152 1130 1103 -1,
1152 1103 1125 -1,
1153 1104 1126 -1,
1153 1131 1104 -1,
1154 1132 1105 -1,
1154 1105 1127 -1,
1155 1106 1128 -1,
1155 1133 1106 -1,
1156 1134 443 -1,
1156 443 444 -1,
1156 444 445 -1,
1157 1108 1130 -1,
1157 1135 1108 -1,
1158 1109 1131 -1,
1158 1136 1109 -1,
1159 1137 1110 -1,
1159 1110 1132 -1,
1160 1111 1133 -1,
1160 1138 1111 -1,
1161 1112 1134 -1,
1161 1139 1112 -1,
1162 1140 1113 -1,
1162 1113 1135 -1,
1163 1114 1136 -1,
1163 1141 1114 -1,
1164 1142 1115 -1,
1164 1115 1137 -1,
1165 1116 1138 -1,
1165 1143 1116 -1,
1166 1144 1117 -1,
1166 1117 1139 -1,
1167 1118 1140 -1,
1167 1145 1118 -1,
1168 1119 1141 -1,
1168 1146 1119 -1,
1169 1147 1120 -1,
1169 1120 1142 -1,
1170 1121 1143 -1,
1170 1148 1121 -1,
1171 1122 1144 -1,
1171 1149 1122 -1,
1172 1123 1145 -1,
1172 1150 1123 -1,
1173 1151 1124 -1,
1173 953 1151 -1,
1173 1124 1146 -1,
1174 1125 1147 -1,
1174 1152 1125 -1,
1175 1126 1148 -1,
1175 1153 1126 -1,
1176 1154 1127 -1,
1176 1127 1149 -1,
1177 1155 1128 -1,
1177 1128 1150 -1,
1178 1156 445 -1,
1178 445 446 -1,
1179 1157 1130 -1,
1179 1130 1152 -1,
1180 1158 1131 -1,
1180 1131 1153 -1,
1181 1132 1154 -1,
1181 1159 1132 -1,
1182 1133 1155 -1,
1182 1160 1133 -1,
1183 1161 1134 -1,
1183 1134 1156 -1,
1184 1135 1157 -1,
1184 1162 1135 -1,
1185 1136 1158 -1,
1185 1163 1136 -1,
1186 1137 1159 -1,
1186 1164 1137 -1,
1187 1165 1138 -1,
1187 1138 1160 -1,
1188 1139 1161 -1,
1188 1166 1139 -1,
1189 1167 1140 -1,
1189 1140 1162 -1,
1190 1141 1163 -1,
1190 1168 1141 -1,
1191 1142 1164 -1,
1191 1169 1142 -1,
1192 1143 1165 -1,
1192 1170 1143 -1,
1193 1171 1144 -1,
1193 1144 1166 -1,
1194 1172 1145 -1,
1194 1145 1167 -1,
1195 953 1173 -1,
1195 1173 1146 -1,
1195 1146 1168 -1,
1196 1147 1169 -1,
1196 1174 1147 -1,
1197 1148 1170 -1,
1197 1175 1148 -1,
1198 1176 1149 -1,
1198 1149 1171 -1,
1199 1150 1172 -1,
1199 1177 1150 -1,
1200 1178 446 -1,
1200 446 447 -1,
1200 447 448 -1,
1201 1152 1174 -1,
1201 1179 1152 -1,
1202 1153 1175 -1,
1202 1180 1153 -1,
1203 1181 1154 -1,
1203 1154 1176 -1,
1204 1155 1177 -1,
1204 1182 1155 -1,
1205 1156 1178 -1,
1205 1183 1156 -1,
1206 1157 1179 -1,
1206 1184 1157 -1,
1207 1185 1158 -1,
1207 1158 1180 -1,
1208 1159 1181 -1,
1208 1186 1159 -1,
1209 1187 1160 -1,
1209 1160 1182 -1,
1210 1161 1183 -1,
1210 1188 1161 -1,
1211 1162 1184 -1,
1211 1189 1162 -1,
1212 1163 1185 -1,
1212 1190 1163 -1,
1213 1191 1164 -1,
1213 1164 1186 -1,
1214 1192 1165 -1,
1214 1165 1187 -1,
1215 1193 1166 -1,
1215 1166 1188 -1,
1216 1194 1167 -1,
1216 1167 1189 -1,
1217 1195 1168 -1,
1217 1168 1190 -1,
1217 953 1195 -1,
1218 1196 1169 -1,
1218 1169 1191 -1,
1219 1170 1192 -1,
1219 1197 1170 -1,
1220 1171 1193 -1,
1220 1198 1171 -1,
1221 1199 1172 -1,
1221 1172 1194 -1,
1222 448 449 -1,
1222 1200 448 -1,
1223 1201 1174 -1,
1223 1174 1196 -1,
1224 1175 1197 -1,
1224 1202 1175 -1,
1225 1203 1176 -1,
1225 1176 1198 -1,
1226 1177 1199 -1,
1226 1204 1177 -1,
1227 1178 1200 -1,
1227 1205 1178 -1,
1228 1206 1179 -1,
1228 1179 1201 -1,
1229 1207 1180 -1,
1229 1180 1202 -1,
1230 1208 1181 -1,
1230 1181 1203 -1,
1231 1182 1204 -1,
1231 1209 1182 -1,
1232 1210 1183 -1,
1232 1183 1205 -1,
1233 1184 1206 -1,
1233 1211 1184 -1,
1234 1212 1185 -1,
1234 1185 1207 -1,
1235 1213 1186 -1,
1235 1186 1208 -1,
1236 1214 1187 -1,
1236 1187 1209 -1,
1237 1188 1210 -1,
1237 1215 1188 -1,
1238 1216 1189 -1,
1238 1189 1211 -1,
1239 1190 1212 -1,
1239 1217 1190 -1,
1239 953 1217 -1,
1240 1191 1213 -1,
1240 1218 1191 -1,
1241 1219 1192 -1,
1241 1192 1214 -1,
1242 1220 1193 -1,
1242 1193 1215 -1,
1243 1221 1194 -1,
1243 1194 1216 -1,
1244 1222 449 -1,
1244 449 450 -1,
1244 450 451 -1,
1245 1196 1218 -1,
1245 1223 1196 -1,
1246 1224 1197 -1,
1246 1197 1219 -1,
1247 1198 1220 -1,
1247 1225 1198 -1,
1248 1226 1199 -1,
1248 1199 1221 -1,
1249 1227 1200 -1,
1249 1200 1222 -1,
1250 1201 1223 -1,
1250 1228 1201 -1,
1251 1202 1224 -1,
1251 1229 1202 -1,
1252 1230 1203 -1,
1252 1203 1225 -1,
1253 1231 1204 -1,
1253 1204 1226 -1,
1254 1205 1227 -1,
1254 1232 1205 -1,
1255 1206 1228 -1,
1255 1233 1206 -1,
1256 1207 1229 -1,
1256 1234 1207 -1,
1257 1235 1208 -1,
1257 1208 1230 -1,
1258 1209 1231 -1,
1258 1236 1209 -1,
1259 1210 1232 -1,
1259 1237 1210 -1,
1260 1211 1233 -1,
1260 1238 1211 -1,
1261 1239 1212 -1,
1261 1212 1234 -1,
1261 953 1239 -1,
1262 1213 1235 -1,
1262 1240 1213 -1,
1263 1241 1214 -1,
1263 1214 1236 -1,
1264 1242 1215 -1,
1264 1215 1237 -1,
1265 1243 1216 -1,
1265 1216 1238 -1,
1266 1244 451 -1,
1266 451 452 -1,
1267 1245 1218 -1,
1267 1218 1240 -1,
1268 1246 1219 -1,
1268 1219 1241 -1,
1269 1220 1242 -1,
1269 1247 1220 -1,
1270 1248 1221 -1,
1270 1221 1243 -1,
1271 1249 1222 -1,
1271 1222 1244 -1,
1272 1250 1223 -1,
1272 1223 1245 -1,
1273 1224 1246 -1,
1273 1251 1224 -1,
1274 1252 1225 -1,
1274 1225 1247 -1,
1275 1253 1226 -1,
1275 1226 1248 -1,
1276 1254 1227 -1,
1276 1227 1249 -1,
1277 1255 1228 -1,
1277 1228 1250 -1,
1278 1256 1229 -1,
1278 1229 1251 -1,
1279 1257 1230 -1,
1279 1230 1252 -1,
1280 1231 1253 -1,
1280 1258 1231 -1,
1281 1259 1232 -1,
1281 1232 1254 -1,
1282 1260 1233 -1,
1282 1233 1255 -1,
1283 1234 1256 -1,
1283 953 1261 -1,
1283 1261 1234 -1,
1284 1235 1257 -1,
1284 1262 1235 -1,
1285 1236 1258 -1,
1285 1263 1236 -1,
1286 1237 1259 -1,
1286 1264 1237 -1,
1287 1238 1260 -1,
1287 1265 1238 -1,
1288 1266 452 -1,
1288 452 453 -1,
1289 1267 1240 -1,
1289 1240 1262 -1,
1290 1241 1263 -1,
1290 1268 1241 -1,
1291 1269 1242 -1,
1291 1242 1264 -1,
1292 1243 1265 -1,
1292 1270 1243 -1,
1293 1271 1244 -1,
1293 1244 1266 -1,
1294 1245 1267 -1,
1294 1272 1245 -1,
1295 1246 1268 -1,
1295 1273 1246 -1,
1296 1247 1269 -1,
1296 1274 1247 -1,
1297 1275 1248 -1,
1297 1248 1270 -1,
1298 1276 1249 -1,
1298 1249 1271 -1,
1299 1250 1272 -1,
1299 1277 1250 -1,
1300 1278 1251 -1,
1300 1251 1273 -1,
1301 1279 1252 -1,
1301 1252 1274 -1,
1302 1280 1253 -1,
1302 1253 1275 -1,
1303 1254 1276 -1,
1303 1281 1254 -1,
1304 1255 1277 -1,
1304 1282 1255 -1,
1305 953 1283 -1,
1305 1283 1256 -1,
1305 1256 1278 -1,
1306 1284 1257 -1,
1306 1257 1279 -1,
1307 1285 1258 -1,
1307 1258 1280 -1,
1308 1259 1281 -1,
1308 1286 1259 -1,
1309 1287 1260 -1,
1309 1260 1282 -1,
1310 1288 453 -1,
1310 453 454 -1,
1310 454 455 -1,
1311 1289 1262 -1,
1311 1262 1284 -1,
1312 1290 1263 -1,
1312 1263 1285 -1,
1313 1264 1286 -1,
1313 1291 1264 -1,
1314 1292 1265 -1,
1314 1265 1287 -1,
1315 1293 1266 -1,
1315 1266 1288 -1,
1316 1294 1267 -1,
1316 1267 1289 -1,
1317 1268 1290 -1,
1317 1295 1268 -1,
1318 1269 1291 -1,
1318 1296 1269 -1,
1319 1270 1292 -1,
1319 1297 1270 -1,
1320 1298 1271 -1,
1320 1271 1293 -1,
1321 1272 1294 -1,
1321 1299 1272 -1,
1322 1300 1273 -1,
1322 1273 1295 -1,
1323 1301 1274 -1,
1323 1274 1296 -1,
1324 1275 1297 -1,
1324 1302 1275 -1,
1325 1276 1298 -1,
1325 1303 1276 -1,
1326 1277 1299 -1,
1326 1304 1277 -1,
1327 1278 1300 -1,
1327 1305 1278 -1,
1327 953 1305 -1,
1328 1279 1301 -1,
1328 1306 1279 -1,
1329 1280 1302 -1,
1329 1307 1280 -1,
1330 1281 1303 -1,
1330 1308 1281 -1,
1331 1282 1304 -1,
1331 1309 1282 -1,
1332 1310 455 -1,
1332 455 456 -1,
1333 1311 1284 -1,
1333 1284 1306 -1,
1334 1285 1307 -1,
1334 1312 1285 -1,
1335 1286 1308 -1,
1335 1313 1286 -1,
1336 1287 1309 -1,
1336 1314 1287 -1,
1337 1288 1310 -1,
1337 1315 1288 -1,
1338 1289 1311 -1,
1338 1316 1289 -1,
1339 1317 1290 -1,
1339 1290 1312 -1,
1340 1318 1291 -1,
1340 1291 1313 -1,
1341 1292 1314 -1,
1341 1319 1292 -1,
1342 1320 1293 -1,
1342 1293 1315 -1,
1343 1321 1294 -1,
1343 1294 1316 -1,
1344 1322 1295 -1,
1344 1295 1317 -1,
1345 1296 1318 -1,
1345 1323 1296 -1,
1346 1297 1319 -1,
1346 1324 1297 -1,
1347 1325 1298 -1,
1347 1298 1320 -1,
1348 1326 1299 -1,
1348 1299 1321 -1,
1349 1327 1300 -1,
1349 953 1327 -1,
1349 1300 1322 -1,
1350 1301 1323 -1,
1350 1328 1301 -1,
1351 1302 1324 -1,
1351 1329 1302 -1,
1352 1330 1303 -1,
1352 1303 1325 -1,
1353 1304 1326 -1,
1353 1331 1304 -1,
1354 1332 456 -1,
1354 456 457 -1,
1354 457 458 -1,
1355 1333 1306 -1,
1355 1306 1328 -1,
1356 1307 1329 -1,
1356 1334 1307 -1,
1357 1308 1330 -1,
1357 1335 1308 -1,
1358 1309 1331 -1,
1358 1336 1309 -1,
1359 1337 1310 -1,
1359 1310 1332 -1,
1360 1311 1333 -1,
1360 1338 1311 -1,
1361 1312 1334 -1,
1361 1339 1312 -1,
1362 1313 1335 -1,
1362 1340 1313 -1,
1363 1314 1336 -1,
1363 1341 1314 -1,
1364 1342 1315 -1,
1364 1315 1337 -1,
1365 1316 1338 -1,
1365 1343 1316 -1,
1366 1317 1339 -1,
1366 1344 1317 -1,
1367 1318 1340 -1,
1367 1345 1318 -1,
1368 1346 1319 -1,
1368 1319 1341 -1,
1369 1347 1320 -1,
1369 1320 1342 -1,
1370 1321 1343 -1,
1370 1348 1321 -1,
1371 1322 1344 -1,
1371 1349 1322 -1,
1371 953 1349 -1,
1372 1350 1323 -1,
1372 1323 1345 -1,
1373 1324 1346 -1,
1373 1351 1324 -1,
1374 1325 1347 -1,
1374 1352 1325 -1,
1375 1326 1348 -1,
1375 1353 1326 -1,
1376 1354 458 -1,
1376 458 459 -1,
1377 1328 1350 -1,
1377 1355 1328 -1,
1378 1329 1351 -1,
1378 1356 1329 -1,
1379 1330 1352 -1,
1379 1357 1330 -1,
1380 1331 1353 -1,
1380 1358 1331 -1,
1381 1332 1354 -1,
1381 1359 1332 -1,
1382 1360 1333 -1,
1382 1333 1355 -1,
1383 1334 1356 -1,
1383 1361 1334 -1,
1384 1362 1335 -1,
1384 1335 1357 -1,
1385 1336 1358 -1,
1385 1363 1336 -1,
1386 1337 1359 -1,
1386 1364 1337 -1,
1387 1338 1360 -1,
1387 1365 1338 -1,
1388 1339 1361 -1,
1388 1366 1339 -1,
1389 1340 1362 -1,
1389 1367 1340 -1,
1390 1341 1363 -1,
1390 1368 1341 -1,
1391 1369 1342 -1,
1391 1342 1364 -1,
1392 1370 1343 -1,
1392 1343 1365 -1,
1393 1344 1366 -1,
1393 1371 1344 -1,
1393 953 1371 -1,
1394 1372 1345 -1,
1394 1345 1367 -1,
1395 1346 1368 -1,
1395 1373 1346 -1,
1396 1347 1369 -1,
1396 1374 1347 -1,
1397 1348 1370 -1,
1397 1375 1348 -1,
1398 1376 459 -1,
1398 459 460 -1,
1399 1377 1350 -1,
1399 1350 1372 -1,
1400 1351 1373 -1,
1400 1378 1351 -1,
1401 1379 1352 -1,
1401 1352 1374 -1,
1402 1353 1375 -1,
1402 1380 1353 -1,
1403 1354 1376 -1,
1403 1381 1354 -1,
1404 1355 1377 -1,
1404 1382 1355 -1,
1405 1356 1378 -1,
1405 1383 1356 -1,
1406 1357 1379 -1,
1406 1384 1357 -1,
1407 1358 1380 -1,
1407 1385 1358 -1,
1408 1386 1359 -1,
1408 1359 1381 -1,
1409 1360 1382 -1,
1409 1387 1360 -1,
1410 1361 1383 -1,
1410 1388 1361 -1,
1411 1362 1384 -1,
1411 1389 1362 -1,
1412 1363 1385 -1,
1412 1390 1363 -1,
1413 1391 1364 -1,
1413 1364 1386 -1,
1414 1365 1387 -1,
1414 1392 1365 -1,
1415 1393 1366 -1,
1415 1366 1388 -1,
1415 953 1393 -1,
1416 1367 1389 -1,
1416 1394 1367 -1,
1417 1395 1368 -1,
1417 1368 1390 -1,
1418 1396 1369 -1,
1418 1369 1391 -1,
1419 1397 1370 -1,
1419 1370 1392 -1,
1420 460 461 -1,
1420 1398 460 -1,
1420 461 462 -1,
1421 1399 1372 -1,
1421 1372 1394 -1,
1422 1400 1373 -1,
1422 1373 1395 -1,
1423 1374 1396 -1,
1423 1401 1374 -1,
1424 1375 1397 -1,
1424 1402 1375 -1,
1425 1403 1376 -1,
1425 1376 1398 -1,
1426 1377 1399 -1,
1426 1404 1377 -1,
1427 1378 1400 -1,
1427 1405 1378 -1,
1428 1379 1401 -1,
1428 1406 1379 -1,
1429 1407 1380 -1,
1429 1380 1402 -1,
1430 1408 1381 -1,
1430 1381 1403 -1,
1431 1409 1382 -1,
1431 1382 1404 -1,
1432 1383 1405 -1,
1432 1410 1383 -1,
1433 1384 1406 -1,
1433 1411 1384 -1,
1434 1385 1407 -1,
1434 1412 1385 -1,
1435 1386 1408 -1,
1435 1413 1386 -1,
1436 1414 1387 -1,
1436 1387 1409 -1,
1437 1388 1410 -1,
1437 953 1415 -1,
1437 1415 1388 -1,
1438 1416 1389 -1,
1438 1389 1411 -1,
1439 1417 1390 -1,
1439 1390 1412 -1,
1440 1391 1413 -1,
1440 1418 1391 -1,
1441 1392 1414 -1,
1441 1419 1392 -1,
1442 1420 462 -1,
1442 462 463 -1,
1443 1394 1416 -1,
1443 1421 1394 -1,
1444 1422 1395 -1,
1444 1395 1417 -1,
1445 1396 1418 -1,
1445 1423 1396 -1,
1446 1424 1397 -1,
1446 1397 1419 -1,
1447 1398 1420 -1,
1447 1425 1398 -1,
1448 1426 1399 -1,
1448 1399 1421 -1,
1449 1427 1400 -1,
1449 1400 1422 -1,
1450 1401 1423 -1,
1450 1428 1401 -1,
1451 1429 1402 -1,
1451 1402 1424 -1,
1452 1430 1403 -1,
1452 1403 1425 -1,
1453 1404 1426 -1,
1453 1431 1404 -1,
1454 1405 1427 -1,
1454 1432 1405 -1,
1455 1433 1406 -1,
1455 1406 1428 -1,
1456 1434 1407 -1,
1456 1407 1429 -1,
1457 1408 1430 -1,
1457 1435 1408 -1,
1458 1409 1431 -1,
1458 1436 1409 -1,
1459 1410 1432 -1,
1459 1437 1410 -1,
1459 953 1437 -1,
1460 1438 1411 -1,
1460 1411 1433 -1,
1461 1412 1434 -1,
1461 1439 1412 -1,
1462 1413 1435 -1,
1462 1440 1413 -1,
1463 1414 1436 -1,
1463 1441 1414 -1,
1464 1442 463 -1,
1464 463 464 -1,
1464 464 465 -1,
1465 1416 1438 -1,
1465 1443 1416 -1,
1466 1417 1439 -1,
1466 1444 1417 -1,
1467 1445 1418 -1,
1467 1418 1440 -1,
1468 1419 1441 -1,
1468 1446 1419 -1,
1469 1447 1420 -1,
1469 1420 1442 -1,
1470 1448 1421 -1,
1470 1421 1443 -1,
1471 1449 1422 -1,
1471 1422 1444 -1,
1472 1450 1423 -1,
1472 1423 1445 -1,
1473 1451 1424 -1,
1473 1424 1446 -1,
1474 1425 1447 -1,
1474 1452 1425 -1,
1475 1453 1426 -1,
1475 1426 1448 -1,
1476 1427 1449 -1,
1476 1454 1427 -1,
1477 1428 1450 -1,
1477 1455 1428 -1,
1478 1456 1429 -1,
1478 1429 1451 -1,
1479 1430 1452 -1,
1479 1457 1430 -1,
1480 1431 1453 -1,
1480 1458 1431 -1,
1481 1432 1454 -1,
1481 1459 1432 -1,
1481 953 1459 -1,
1482 1460 1433 -1,
1482 1433 1455 -1,
1483 1434 1456 -1,
1483 1461 1434 -1,
1484 1462 1435 -1,
1484 1435 1457 -1,
1485 1436 1458 -1,
1485 1463 1436 -1,
1486 1464 465 -1,
1486 465 466 -1,
1487 1438 1460 -1,
1487 1465 1438 -1,
1488 1466 1439 -1,
1488 1439 1461 -1,
1489 1467 1440 -1,
1489 1440 1462 -1,
1490 1441 1463 -1,
1490 1468 1441 -1,
1491 1442 1464 -1,
1491 1469 1442 -1,
1492 1443 1465 -1,
1492 1470 1443 -1,
1493 1471 1444 -1,
1493 1444 1466 -1,
1494 1445 1467 -1,
1494 1472 1445 -1,
1495 1446 1468 -1,
1495 1473 1446 -1,
1496 1447 1469 -1,
1496 1474 1447 -1,
1497 1448 1470 -1,
1497 1475 1448 -1,
1498 1449 1471 -1,
1498 1476 1449 -1,
1499 1477 1450 -1,
1499 1450 1472 -1,
1500 1451 1473 -1,
1500 1478 1451 -1,
1501 1479 1452 -1,
1501 1452 1474 -1,
1502 1453 1475 -1,
1502 1480 1453 -1,
1503 1454 1476 -1,
1503 953 1481 -1,
1503 1481 1454 -1,
1504 1482 1455 -1,
1504 1455 1477 -1,
1505 1483 1456 -1,
1505 1456 1478 -1,
1506 1484 1457 -1,
1506 1457 1479 -1,
1507 1485 1458 -1,
1507 1458 1480 -1,
1508 1486 466 -1,
1508 466 467 -1,
1508 467 468 -1,
1509 1487 1460 -1,
1509 1460 1482 -1,
1510 1488 1461 -1,
1510 1461 1483 -1,
1511 1462 1484 -1,
1511 1489 1462 -1,
1512 1463 1485 -1,
1512 1490 1463 -1,
1513 1464 1486 -1,
1513 1491 1464 -1,
1514 1492 1465 -1,
1514 1465 1487 -1,
1515 1493 1466 -1,
1515 1466 1488 -1,
1516 1494 1467 -1,
1516 1467 1489 -1,
1517 1495 1468 -1,
1517 1468 1490 -1,
1518 1496 1469 -1,
1518 1469 1491 -1,
1519 1497 1470 -1,
1519 1470 1492 -1,
1520 1498 1471 -1,
1520 1471 1493 -1,
1521 1499 1472 -1,
1521 1472 1494 -1,
1522 1500 1473 -1,
1522 1473 1495 -1,
1523 1474 1496 -1,
1523 1501 1474 -1,
1524 1502 1475 -1,
1524 1475 1497 -1,
1525 1503 1476 -1,
1525 1476 1498 -1,
1525 953 1503 -1,
1526 1477 1499 -1,
1526 1504 1477 -1,
1527 1478 1500 -1,
1527 1505 1478 -1,
1528 1479 1501 -1,
1528 1506 1479 -1,
1529 1480 1502 -1,
1529 1507 1480 -1,
1530 1508 468 -1,
1530 468 469 -1,
1531 1482 1504 -1,
1531 1509 1482 -1,
1532 1483 1505 -1,
1532 1510 1483 -1,
1533 1511 1484 -1,
1533 1484 1506 -1,
1534 1485 1507 -1,
1534 1512 1485 -1,
1535 1486 1508 -1,
1535 1513 1486 -1,
1536 1514 1487 -1,
1536 1487 1509 -1,
1537 1488 1510 -1,
1537 1515 1488 -1,
1538 1489 1511 -1,
1538 1516 1489 -1,
1539 1490 1512 -1,
1539 1517 1490 -1,
1540 1518 1491 -1,
1540 1491 1513 -1,
1541 1519 1492 -1,
1541 1492 1514 -1,
1542 1493 1515 -1,
1542 1520 1493 -1,
1543 1521 1494 -1,
1543 1494 1516 -1,
1544 1495 1517 -1,
1544 1522 1495 -1,
1545 1523 1496 -1,
1545 1496 1518 -1,
1546 1524 1497 -1,
1546 1497 1519 -1,
1547 953 1525 -1,
1547 1525 1498 -1,
1547 1498 1520 -1,
1548 1526 1499 -1,
1548 1499 1521 -1,
1549 1527 1500 -1,
1549 1500 1522 -1,
1550 1501 1523 -1,
1550 1528 1501 -1,
1551 1502 1524 -1,
1551 1529 1502 -1,
1552 1530 469 -1,
1552 469 470 -1,
1553 1531 1504 -1,
1553 1504 1526 -1,
1554 1505 1527 -1,
1554 1532 1505 -1,
1555 1533 1506 -1,
1555 1506 1528 -1,
1556 1534 1507 -1,
1556 1507 1529 -1,
1557 1508 1530 -1,
1557 1535 1508 -1,
1558 1536 1509 -1,
1558 1509 1531 -1,
1559 1510 1532 -1,
1559 1537 1510 -1,
1560 1511 1533 -1,
1560 1538 1511 -1,
1561 1512 1534 -1,
1561 1539 1512 -1,
1562 1540 1513 -1,
1562 1513 1535 -1,
1563 1541 1514 -1,
1563 1514 1536 -1,
1564 1515 1537 -1,
1564 1542 1515 -1,
1565 1543 1516 -1,
1565 1516 1538 -1,
1566 1544 1517 -1,
1566 1517 1539 -1,
1567 1518 1540 -1,
1567 1545 1518 -1,
1568 1519 1541 -1,
1568 1546 1519 -1,
1569 1520 1542 -1,
1569 953 1547 -1,
1569 1547 1520 -1,
1570 1521 1543 -1,
1570 1548 1521 -1,
1571 1522 1544 -1,
1571 1549 1522 -1,
1572 1523 1545 -1,
1572 1550 1523 -1,
1573 1551 1524 -1,
1573 1524 1546 -1,
1574 1552 470 -1,
1574 470 471 -1,
1574 471 472 -1,
1575 1553 1526 -1,
1575 1526 1548 -1,
1576 1527 1549 -1,
1576 1554 1527 -1,
1577 1555 1528 -1,
1577 1528 1550 -1,
1578 1529 1551 -1,
1578 1556 1529 -1,
1579 1530 1552 -1,
1579 1557 1530 -1,
1580 1558 1531 -1,
1580 1531 1553 -1,
1581 1532 1554 -1,
1581 1559 1532 -1,
1582 1560 1533 -1,
1582 1533 1555 -1,
1583 1561 1534 -1,
1583 1534 1556 -1,
1584 1535 1557 -1,
1584 1562 1535 -1,
1585 1563 1536 -1,
1585 1536 1558 -1,
1586 1564 1537 -1,
1586 1537 1559 -1,
1587 1565 1538 -1,
1587 1538 1560 -1,
1588 1539 1561 -1,
1588 1566 1539 -1,
1589 1567 1540 -1,
1589 1540 1562 -1,
1590 1568 1541 -1,
1590 1541 1563 -1,
1591 1542 1564 -1,
1591 953 1569 -1,
1591 1569 1542 -1,
1592 1543 1565 -1,
1592 1570 1543 -1,
1593 1544 1566 -1,
1593 1571 1544 -1,
1594 1572 1545 -1,
1594 1545 1567 -1,
1595 1546 1568 -1,
1595 1573 1546 -1,
1596 1574 472 -1,
1596 472 473 -1,
1597 1548 1570 -1,
1597 1575 1548 -1,
1598 1549 1571 -1,
1598 1576 1549 -1,
1599 1577 1550 -1,
1599 1550 1572 -1,
1600 1551 1573 -1,
1600 1578 1551 -1,
1601 1552 1574 -1,
1601 1579 1552 -1,
1602 1553 1575 -1,
1602 1580 1553 -1,
1603 1554 1576 -1,
1603 1581 1554 -1,
1604 1555 1577 -1,
1604 1582 1555 -1,
1605 1556 1578 -1,
1605 1583 1556 -1,
1606 1557 1579 -1,
1606 1584 1557 -1,
1607 1558 1580 -1,
1607 1585 1558 -1,
1608 1559 1581 -1,
1608 1586 1559 -1,
1609 1560 1582 -1,
1609 1587 1560 -1,
1610 1561 1583 -1,
1610 1588 1561 -1,
1611 1589 1562 -1,
1611 1562 1584 -1,
1612 1590 1563 -1,
1612 1563 1585 -1,
1613 953 1591 -1,
1613 1564 1586 -1,
1613 1591 1564 -1,
1614 1565 1587 -1,
1614 1592 1565 -1,
1615 1566 1588 -1,
1615 1593 1566 -1,
1616 1567 1589 -1,
1616 1594 1567 -1,
1617 1595 1568 -1,
1617 1568 1590 -1,
1618 474 475 -1,
1618 1596 473 -1,
1618 473 474 -1,
1619 1597 1570 -1,
1619 1570 1592 -1,
1620 1598 1571 -1,
1620 1571 1593 -1,
1621 1599 1572 -1,
1621 1572 1594 -1,
1622 1600 1573 -1,
1622 1573 1595 -1,
1623 1574 1596 -1,
1623 1601 1574 -1,
1624 1575 1597 -1,
1624 1602 1575 -1,
1625 1576 1598 -1,
1625 1603 1576 -1,
1626 1577 1599 -1,
1626 1604 1577 -1,
1627 1605 1578 -1,
1627 1578 1600 -1,
1628 1606 1579 -1,
1628 1579 1601 -1,
1629 1580 1602 -1,
1629 1607 1580 -1,
1630 1581 1603 -1,
1630 1608 1581 -1,
1631 1609 1582 -1,
1631 1582 1604 -1,
1632 1610 1583 -1,
1632 1583 1605 -1,
1633 1584 1606 -1,
1633 1611 1584 -1,
1634 1585 1607 -1,
1634 1612 1585 -1,
1635 953 1613 -1,
1635 1586 1608 -1,
1635 1613 1586 -1,
1636 1587 1609 -1,
1636 1614 1587 -1,
1637 1588 1610 -1,
1637 1615 1588 -1,
1638 1616 1589 -1,
1638 1589 1611 -1,
1639 1590 1612 -1,
1639 1617 1590 -1,
1640 475 476 -1,
1640 1618 475 -1,
1641 1619 1592 -1,
1641 1592 1614 -1,
1642 1620 1593 -1,
1642 1593 1615 -1,
1643 1594 1616 -1,
1643 1621 1594 -1,
1644 1622 1595 -1,
1644 1595 1617 -1,
1645 1623 1596 -1,
1645 1596 1618 -1,
1646 1597 1619 -1,
1646 1624 1597 -1,
1647 1598 1620 -1,
1647 1625 1598 -1,
1648 1599 1621 -1,
1648 1626 1599 -1,
1649 1627 1600 -1,
1649 1600 1622 -1,
1650 1628 1601 -1,
1650 1601 1623 -1,
1651 1629 1602 -1,
1651 1602 1624 -1,
1652 1603 1625 -1,
1652 1630 1603 -1,
1653 1631 1604 -1,
1653 1604 1626 -1,
1654 1632 1605 -1,
1654 1605 1627 -1,
1655 1633 1606 -1,
1655 1606 1628 -1,
1656 1607 1629 -1,
1656 1634 1607 -1,
1657 1608 1630 -1,
1657 1635 1608 -1,
1657 953 1635 -1,
1658 1609 1631 -1,
1658 1636 1609 -1,
1659 1637 1610 -1,
1659 1610 1632 -1,
1660 1611 1633 -1,
1660 1638 1611 -1,
1661 1612 1634 -1,
1661 1639 1612 -1,
1662 476 477 -1,
1662 477 478 -1,
1662 1640 476 -1,
1663 1614 1636 -1,
1663 1641 1614 -1,
1664 1615 1637 -1,
1664 1642 1615 -1,
1665 1643 1616 -1,
1665 1616 1638 -1,
1666 1644 1617 -1,
1666 1617 1639 -1,
1667 1645 1618 -1,
1667 1618 1640 -1,
1668 1646 1619 -1,
1668 1619 1641 -1,
1669 1620 1642 -1,
1669 1647 1620 -1,
1670 1648 1621 -1,
1670 1621 1643 -1,
1671 1649 1622 -1,
1671 1622 1644 -1,
1672 1650 1623 -1,
1672 1623 1645 -1,
1673 1624 1646 -1,
1673 1651 1624 -1,
1674 1625 1647 -1,
1674 1652 1625 -1,
1675 1626 1648 -1,
1675 1653 1626 -1,
1676 1627 1649 -1,
1676 1654 1627 -1,
1677 1628 1650 -1,
1677 1655 1628 -1,
1678 1629 1651 -1,
1678 1656 1629 -1,
1679 953 1657 -1,
1679 1657 1630 -1,
1679 1630 1652 -1,
1680 1658 1631 -1,
1680 1631 1653 -1,
1681 1659 1632 -1,
1681 1632 1654 -1,
1682 1660 1633 -1,
1682 1633 1655 -1,
1683 1634 1656 -1,
1683 1661 1634 -1,
1684 478 479 -1,
1684 1662 478 -1,
1685 1636 1658 -1,
1685 1663 1636 -1,
1686 1664 1637 -1,
1686 1637 1659 -1,
1687 1665 1638 -1,
1687 1638 1660 -1,
1688 1639 1661 -1,
1688 1666 1639 -1,
1689 1640 1662 -1,
1689 1667 1640 -1,
1690 1668 1641 -1,
1690 1641 1663 -1,
1691 1669 1642 -1,
1691 1642 1664 -1,
1692 1643 1665 -1,
1692 1670 1643 -1,
1693 1644 1666 -1,
1693 1671 1644 -1,
1694 1672 1645 -1,
1694 1645 1667 -1,
1695 1646 1668 -1,
1695 1673 1646 -1,
1696 1647 1669 -1,
1696 1674 1647 -1,
1697 1675 1648 -1,
1697 1648 1670 -1,
1698 1649 1671 -1,
1698 1676 1649 -1,
1699 1650 1672 -1,
1699 1677 1650 -1,
1700 1651 1673 -1,
1700 1678 1651 -1,
1701 1652 1674 -1,
1701 1679 1652 -1,
1701 953 1679 -1,
1702 1680 1653 -1,
1702 1653 1675 -1,
1703 1681 1654 -1,
1703 1654 1676 -1,
1704 1655 1677 -1,
1704 1682 1655 -1,
1705 1656 1678 -1,
1705 1683 1656 -1,
1706 479 480 -1,
1706 1684 479 -1,
1707 1685 1658 -1,
1707 1658 1680 -1,
1708 1659 1681 -1,
1708 1686 1659 -1,
1709 1660 1682 -1,
1709 1687 1660 -1,
1710 1661 1683 -1,
1710 1688 1661 -1,
1711 1662 1684 -1,
1711 1689 1662 -1,
1712 1663 1685 -1,
1712 1690 1663 -1,
1713 1664 1686 -1,
1713 1691 1664 -1,
1714 1665 1687 -1,
1714 1692 1665 -1,
1715 1666 1688 -1,
1715 1693 1666 -1,
1716 1694 1667 -1,
1716 1667 1689 -1,
1717 1695 1668 -1,
1717 1668 1690 -1,
1718 1669 1691 -1,
1718 1696 1669 -1,
1719 1670 1692 -1,
1719 1697 1670 -1,
1720 1698 1671 -1,
1720 1671 1693 -1,
1721 1699 1672 -1,
1721 1672 1694 -1,
1722 1700 1673 -1,
1722 1673 1695 -1,
1723 1674 1696 -1,
1723 953 1701 -1,
1723 1701 1674 -1,
1724 1702 1675 -1,
1724 1675 1697 -1,
1725 1676 1698 -1,
1725 1703 1676 -1,
1726 1677 1699 -1,
1726 1704 1677 -1,
1727 1678 1700 -1,
1727 1705 1678 -1,
1728 480 481 -1,
1728 481 482 -1,
1728 1706 480 -1,
1729 1680 1702 -1,
1729 1707 1680 -1,
1730 1681 1703 -1,
1730 1708 1681 -1,
1731 1682 1704 -1,
1731 1709 1682 -1,
1732 1710 1683 -1,
1732 1683 1705 -1,
1733 1711 1684 -1,
1733 1684 1706 -1,
1734 1712 1685 -1,
1734 1685 1707 -1,
1735 1686 1708 -1,
1735 1713 1686 -1,
1736 1687 1709 -1,
1736 1714 1687 -1,
1737 1715 1688 -1,
1737 1688 1710 -1,
1738 1689 1711 -1,
1738 1716 1689 -1,
1739 1690 1712 -1,
1739 1717 1690 -1,
1740 1691 1713 -1,
1740 1718 1691 -1,
1741 1692 1714 -1,
1741 1719 1692 -1,
1742 1693 1715 -1,
1742 1720 1693 -1,
1743 1694 1716 -1,
1743 1721 1694 -1,
1744 1695 1717 -1,
1744 1722 1695 -1,
1745 1723 1696 -1,
1745 953 1723 -1,
1745 1696 1718 -1,
1746 1697 1719 -1,
1746 1724 1697 -1,
1747 1725 1698 -1,
1747 1698 1720 -1,
1748 1699 1721 -1,
1748 1726 1699 -1,
1749 1700 1722 -1,
1749 1727 1700 -1,
1750 482 483 -1,
1750 1728 482 -1,
1751 1702 1724 -1,
1751 1729 1702 -1,
1752 1703 1725 -1,
1752 1730 1703 -1,
1753 1704 1726 -1,
1753 1731 1704 -1,
1754 1732 1705 -1,
1754 1705 1727 -1,
1755 1706 1728 -1,
1755 1733 1706 -1,
1756 1707 1729 -1,
1756 1734 1707 -1,
1757 1708 1730 -1,
1757 1735 1708 -1,
1758 1736 1709 -1,
1758 1709 1731 -1,
1759 1710 1732 -1,
1759 1737 1710 -1,
1760 1711 1733 -1,
1760 1738 1711 -1,
1761 1739 1712 -1,
1761 1712 1734 -1,
1762 1713 1735 -1,
1762 1740 1713 -1,
1763 1741 1714 -1,
1763 1714 1736 -1,
1764 1715 1737 -1,
1764 1742 1715 -1,
1765 1743 1716 -1,
1765 1716 1738 -1,
1766 1744 1717 -1,
1766 1717 1739 -1,
1767 1745 1718 -1,
1767 1718 1740 -1,
1767 953 1745 -1,
1768 1719 1741 -1,
1768 1746 1719 -1,
1769 1720 1742 -1,
1769 1747 1720 -1,
1770 1748 1721 -1,
1770 1721 1743 -1,
1771 1722 1744 -1,
1771 1749 1722 -1,
1772 483 484 -1,
1772 484 485 -1,
1772 1750 483 -1,
1773 1724 1746 -1,
1773 1751 1724 -1,
1774 1725 1747 -1,
1774 1752 1725 -1,
1775 1726 1748 -1,
1775 1753 1726 -1,
1776 1727 1749 -1,
1776 1754 1727 -1,
1777 1755 1728 -1,
1777 1728 1750 -1,
1778 1729 1751 -1,
1778 1756 1729 -1,
1779 1730 1752 -1,
1779 1757 1730 -1,
1780 1731 1753 -1,
1780 1758 1731 -1,
1781 1759 1732 -1,
1781 1732 1754 -1,
1782 1733 1755 -1,
1782 1760 1733 -1,
1783 1734 1756 -1,
1783 1761 1734 -1,
1784 1762 1735 -1,
1784 1735 1757 -1,
1785 1736 1758 -1,
1785 1763 1736 -1,
1786 1737 1759 -1,
1786 1764 1737 -1,
1787 1765 1738 -1,
1787 1738 1760 -1,
1788 1766 1739 -1,
1788 1739 1761 -1,
1789 1740 1762 -1,
1789 1767 1740 -1,
1789 953 1767 -1,
1790 1768 1741 -1,
1790 1741 1763 -1,
1791 1742 1764 -1,
1791 1769 1742 -1,
1792 1743 1765 -1,
1792 1770 1743 -1,
1793 1744 1766 -1,
1793 1771 1744 -1,
1794 485 486 -1,
1794 1772 485 -1,
1795 1773 1746 -1,
1795 1746 1768 -1,
1796 1774 1747 -1,
1796 1747 1769 -1,
1797 1775 1748 -1,
1797 1748 1770 -1,
1798 1749 1771 -1,
1798 1776 1749 -1,
1799 1777 1750 -1,
1799 1750 1772 -1,
1800 1778 1751 -1,
1800 1751 1773 -1,
1801 1752 1774 -1,
1801 1779 1752 -1,
1802 1753 1775 -1,
1802 1780 1753 -1,
1803 1754 1776 -1,
1803 1781 1754 -1,
1804 1782 1755 -1,
1804 1755 1777 -1,
1805 1756 1778 -1,
1805 1783 1756 -1,
1806 1757 1779 -1,
1806 1784 1757 -1,
1807 1785 1758 -1,
1807 1758 1780 -1,
1808 1786 1759 -1,
1808 1759 1781 -1,
1809 1787 1760 -1,
1809 1760 1782 -1,
1810 1788 1761 -1,
1810 1761 1783 -1,
1811 1762 1784 -1,
1811 1789 1762 -1,
1811 953 1789 -1,
1812 1790 1763 -1,
1812 1763 1785 -1,
1813 1791 1764 -1,
1813 1764 1786 -1,
1814 1765 1787 -1,
1814 1792 1765 -1,
1815 1793 1766 -1,
1815 1766 1788 -1,
1816 486 487 -1,
1816 487 488 -1,
1816 1794 486 -1,
1817 1768 1790 -1,
1817 1795 1768 -1,
1818 1796 1769 -1,
1818 1769 1791 -1,
1819 1770 1792 -1,
1819 1797 1770 -1,
1820 1798 1771 -1,
1820 1771 1793 -1,
1821 1772 1794 -1,
1821 1799 1772 -1,
1822 1800 1773 -1,
1822 1773 1795 -1,
1823 1774 1796 -1,
1823 1801 1774 -1,
1824 1775 1797 -1,
1824 1802 1775 -1,
1825 1803 1776 -1,
1825 1776 1798 -1,
1826 1804 1777 -1,
1826 1777 1799 -1,
1827 1805 1778 -1,
1827 1778 1800 -1,
1828 1779 1801 -1,
1828 1806 1779 -1,
1829 1807 1780 -1,
1829 1780 1802 -1,
1830 1781 1803 -1,
1830 1808 1781 -1,
1831 1809 1782 -1,
1831 1782 1804 -1,
1832 1810 1783 -1,
1832 1783 1805 -1,
1833 953 1811 -1,
1833 1784 1806 -1,
1833 1811 1784 -1,
1834 1785 1807 -1,
1834 1812 1785 -1,
1835 1813 1786 -1,
1835 1786 1808 -1,
1836 1787 1809 -1,
1836 1814 1787 -1,
1837 1815 1788 -1,
1837 1788 1810 -1,
1838 488 489 -1,
1838 1816 488 -1,
1839 1817 1790 -1,
1839 1790 1812 -1,
1840 1791 1813 -1,
1840 1818 1791 -1,
1841 1819 1792 -1,
1841 1792 1814 -1,
1842 1793 1815 -1,
1842 1820 1793 -1,
1843 1794 1816 -1,
1843 1821 1794 -1,
1844 1822 1795 -1,
1844 1795 1817 -1,
1845 1823 1796 -1,
1845 1796 1818 -1,
1846 1824 1797 -1,
1846 1797 1819 -1,
1847 1825 1798 -1,
1847 1798 1820 -1,
1848 1799 1821 -1,
1848 1826 1799 -1,
1849 1800 1822 -1,
1849 1827 1800 -1,
1850 1828 1801 -1,
1850 1801 1823 -1,
1851 1802 1824 -1,
1851 1829 1802 -1,
1852 1803 1825 -1,
1852 1830 1803 -1,
1853 1831 1804 -1,
1853 1804 1826 -1,
1854 1832 1805 -1,
1854 1805 1827 -1,
1855 1806 1828 -1,
1855 953 1833 -1,
1855 1833 1806 -1,
1856 1834 1807 -1,
1856 1807 1829 -1,
1857 1835 1808 -1,
1857 1808 1830 -1,
1858 1809 1831 -1,
1858 1836 1809 -1,
1859 1810 1832 -1,
1859 1837 1810 -1,
1860 1838 489 -1,
1860 489 490 -1,
1861 1812 1834 -1,
1861 1839 1812 -1,
1862 1813 1835 -1,
1862 1840 1813 -1,
1863 1814 1836 -1,
1863 1841 1814 -1,
1864 1842 1815 -1,
1864 1815 1837 -1,
1865 1816 1838 -1,
1865 1843 1816 -1,
1866 1817 1839 -1,
1866 1844 1817 -1,
1867 1818 1840 -1,
1867 1845 1818 -1,
1868 1846 1819 -1,
1868 1819 1841 -1,
1869 1820 1842 -1,
1869 1847 1820 -1,
1870 1821 1843 -1,
1870 1848 1821 -1,
1871 1822 1844 -1,
1871 1849 1822 -1,
1872 1823 1845 -1,
1872 1850 1823 -1,
1873 1824 1846 -1,
1873 1851 1824 -1,
1874 1825 1847 -1,
1874 1852 1825 -1,
1875 1826 1848 -1,
1875 1853 1826 -1,
1876 1854 1827 -1,
1876 1827 1849 -1,
1877 953 1855 -1,
1877 1855 1828 -1,
1877 1828 1850 -1,
1878 1829 1851 -1,
1878 1856 1829 -1,
1879 1830 1852 -1,
1879 1857 1830 -1,
1880 1858 1831 -1,
1880 1831 1853 -1,
1881 1832 1854 -1,
1881 1859 1832 -1,
1882 1860 490 -1,
1882 490 491 -1,
1882 491 492 -1,
1883 1834 1856 -1,
1883 1861 1834 -1,
1884 1835 1857 -1,
1884 1862 1835 -1,
1885 1863 1836 -1,
1885 1836 1858 -1,
1886 1837 1859 -1,
1886 1864 1837 -1,
1887 1838 1860 -1,
1887 1865 1838 -1,
1888 1866 1839 -1,
1888 1839 1861 -1,
1889 1867 1840 -1,
1889 1840 1862 -1,
1890 1841 1863 -1,
1890 1868 1841 -1,
1891 1869 1842 -1,
1891 1842 1864 -1,
1892 1843 1865 -1,
1892 1870 1843 -1,
1893 1844 1866 -1,
1893 1871 1844 -1,
1894 1845 1867 -1,
1894 1872 1845 -1,
1895 1873 1846 -1,
1895 1846 1868 -1,
1896 1847 1869 -1,
1896 1874 1847 -1,
1897 1875 1848 -1,
1897 1848 1870 -1,
1898 1849 1871 -1,
1898 1876 1849 -1,
1899 1850 1872 -1,
1899 953 1877 -1,
1899 1877 1850 -1,
1900 1878 1851 -1,
1900 1851 1873 -1,
1901 1852 1874 -1,
1901 1879 1852 -1,
1902 1880 1853 -1,
1902 1853 1875 -1,
1903 1881 1854 -1,
1903 1854 1876 -1,
1904 492 493 -1,
1904 1882 492 -1,
1905 1883 1856 -1,
1905 1856 1878 -1,
1906 1857 1879 -1,
1906 1884 1857 -1,
1907 1858 1880 -1,
1907 1885 1858 -1,
1908 1886 1859 -1,
1908 1859 1881 -1,
1909 1860 1882 -1,
1909 1887 1860 -1,
1910 1861 1883 -1,
1910 1888 1861 -1,
1911 1862 1884 -1,
1911 1889 1862 -1,
1912 1890 1863 -1,
1912 1863 1885 -1,
1913 1891 1864 -1,
1913 1864 1886 -1,
1914 1892 1865 -1,
1914 1865 1887 -1,
1915 1866 1888 -1,
1915 1893 1866 -1,
1916 1867 1889 -1,
1916 1894 1867 -1,
1917 1868 1890 -1,
1917 1895 1868 -1,
1918 1896 1869 -1,
1918 1869 1891 -1,
1919 1897 1870 -1,
1919 1870 1892 -1,
1920 1898 1871 -1,
1920 1871 1893 -1,
1921 1872 1894 -1,
1921 1899 1872 -1,
1921 953 1899 -1,
1922 1873 1895 -1,
1922 1900 1873 -1,
1923 1874 1896 -1,
1923 1901 1874 -1,
1924 1875 1897 -1,
1924 1902 1875 -1,
1925 1876 1898 -1,
1925 1903 1876 -1,
1926 493 494 -1,
1926 494 495 -1,
1926 1904 493 -1,
1927 1905 1878 -1,
1927 1878 1900 -1,
1928 1879 1901 -1,
1928 1906 1879 -1,
1929 1880 1902 -1,
1929 1907 1880 -1,
1930 1881 1903 -1,
1930 1908 1881 -1,
1931 1882 1904 -1,
1931 1909 1882 -1,
1932 1883 1905 -1,
1932 1910 1883 -1,
1933 1911 1884 -1,
1933 1884 1906 -1,
1934 1885 1907 -1,
1934 1912 1885 -1,
1935 1913 1886 -1,
1935 1886 1908 -1,
1936 1914 1887 -1,
1936 1887 1909 -1,
1937 1888 1910 -1,
1937 1915 1888 -1,
1938 1916 1889 -1,
1938 1889 1911 -1,
1939 1917 1890 -1,
1939 1890 1912 -1,
1940 1891 1913 -1,
1940 1918 1891 -1,
1941 1919 1892 -1,
1941 1892 1914 -1,
1942 1893 1915 -1,
1942 1920 1893 -1,
1943 1921 1894 -1,
1943 1894 1916 -1,
1943 953 1921 -1,
1944 1895 1917 -1,
1944 1922 1895 -1,
1945 1923 1896 -1,
1945 1896 1918 -1,
1946 1897 1919 -1,
1946 1924 1897 -1,
1947 1898 1920 -1,
1947 1925 1898 -1,
1948 1926 495 -1,
1948 495 496 -1,
1949 1900 1922 -1,
1949 1927 1900 -1,
1950 1928 1901 -1,
1950 1901 1923 -1,
1951 1902 1924 -1,
1951 1929 1902 -1,
1952 1903 1925 -1,
1952 1930 1903 -1,
1953 1904 1926 -1,
1953 1931 1904 -1,
1954 1932 1905 -1,
1954 1905 1927 -1,
1955 1933 1906 -1,
1955 1906 1928 -1,
1956 1907 1929 -1,
1956 1934 1907 -1,
1957 1908 1930 -1,
1957 1935 1908 -1,
1958 1936 1909 -1,
1958 1909 1931 -1,
1959 1910 1932 -1,
1959 1937 1910 -1,
1960 1911 1933 -1,
1960 1938 1911 -1,
1961 1939 1912 -1,
1961 1912 1934 -1,
1962 1913 1935 -1,
1962 1940 1913 -1,
1963 1914 1936 -1,
1963 1941 1914 -1,
1964 1915 1937 -1,
1964 1942 1915 -1,
1965 1916 1938 -1,
1965 1943 1916 -1,
1965 953 1943 -1,
1966 1917 1939 -1,
1966 1944 1917 -1,
1967 1945 1918 -1,
1967 1918 1940 -1,
1968 1946 1919 -1,
1968 1919 1941 -1,
1969 1920 1942 -1,
1969 1947 1920 -1,
1970 496 497 -1,
1970 1948 496 -1,
1971 1949 1922 -1,
1971 1922 1944 -1,
1972 1923 1945 -1,
1972 1950 1923 -1,
1973 1951 1924 -1,
1973 1924 1946 -1,
1974 1952 1925 -1,
1974 1925 1947 -1,
1975 1953 1926 -1,
1975 1926 1948 -1,
1976 1927 1949 -1,
1976 1954 1927 -1,
1977 1928 1950 -1,
1977 1955 1928 -1,
1978 1956 1929 -1,
1978 1929 1951 -1,
1979 1957 1930 -1,
1979 1930 1952 -1,
1980 1958 1931 -1,
1980 1931 1953 -1,
1981 1959 1932 -1,
1981 1932 1954 -1,
1982 1960 1933 -1,
1982 1933 1955 -1,
1983 1961 1934 -1,
1983 1934 1956 -1,
1984 1935 1957 -1,
1984 1962 1935 -1,
1985 1963 1936 -1,
1985 1936 1958 -1,
1986 1964 1937 -1,
1986 1937 1959 -1,
1987 1965 1938 -1,
1987 1938 1960 -1,
1987 953 1965 -1,
1988 1939 1961 -1,
1988 1966 1939 -1,
1989 1967 1940 -1,
1989 1940 1962 -1,
1990 1968 1941 -1,
1990 1941 1963 -1,
1991 1942 1964 -1,
1991 1969 1942 -1,
1992 497 498 -1,
1992 498 499 -1,
1992 1970 497 -1,
1993 1944 1966 -1,
1993 1971 1944 -1,
1994 1972 1945 -1,
1994 1945 1967 -1,
1995 1946 1968 -1,
1995 1973 1946 -1,
1996 1947 1969 -1,
1996 1974 1947 -1,
1997 1948 1970 -1,
1997 1975 1948 -1,
1998 1949 1971 -1,
1998 1976 1949 -1,
1999 1950 1972 -1,
1999 1977 1950 -1,
2000 1951 1973 -1,
2000 1978 1951 -1,
2001 1979 1952 -1,
2001 1952 1974 -1,
2002 1953 1975 -1,
2002 1980 1953 -1,
2003 1954 1976 -1,
2003 1981 1954 -1,
2004 1982 1955 -1,
2004 1955 1977 -1,
2005 1983 1956 -1,
2005 1956 1978 -1,
2006 1984 1957 -1,
2006 1957 1979 -1,
2007 1958 1980 -1,
2007 1985 1958 -1,
2008 1959 1981 -1,
2008 1986 1959 -1,
2009 1960 1982 -1,
2009 1987 1960 -1,
2009 953 1987 -1,
2010 1961 1983 -1,
2010 1988 1961 -1,
2011 1962 1984 -1,
2011 1989 1962 -1,
2012 1990 1963 -1,
2012 1963 1985 -1,
2013 1964 1986 -1,
2013 1991 1964 -1,
2014 499 500 -1,
2014 1992 499 -1,
2015 1966 1988 -1,
2015 1993 1966 -1,
2016 1994 1967 -1,
2016 1967 1989 -1,
2017 1968 1990 -1,
2017 1995 1968 -1,
2018 1996 1969 -1,
2018 1969 1991 -1,
2019 1970 1992 -1,
2019 1997 1970 -1,
2020 1998 1971 -1,
2020 1971 1993 -1,
2021 1999 1972 -1,
2021 1972 1994 -1,
2022 1973 1995 -1,
2022 2000 1973 -1,
2023 1974 1996 -1,
2023 2001 1974 -1,
2024 1975 1997 -1,
2024 2002 1975 -1,
2025 2003 1976 -1,
2025 1976 1998 -1,
2026 1977 1999 -1,
2026 2004 1977 -1,
2027 2005 1978 -1,
2027 1978 2000 -1,
2028 1979 2001 -1,
2028 2006 1979 -1,
2029 1980 2002 -1,
2029 2007 1980 -1,
2030 2008 1981 -1,
2030 1981 2003 -1,
2031 1982 2004 -1,
2031 2009 1982 -1,
2031 953 2009 -1,
2032 1983 2005 -1,
2032 2010 1983 -1,
2033 1984 2006 -1,
2033 2011 1984 -1,
2034 1985 2007 -1,
2034 2012 1985 -1,
2035 2013 1986 -1,
2035 1986 2008 -1,
2036 500 501 -1,
2036 501 502 -1,
2036 2014 500 -1,
2037 2015 1988 -1,
2037 1988 2010 -1,
2038 2016 1989 -1,
2038 1989 2011 -1,
2039 2017 1990 -1,
2039 1990 2012 -1,
2040 1991 2013 -1,
2040 2018 1991 -1,
2041 2019 1992 -1,
2041 1992 2014 -1,
2042 1993 2015 -1,
2042 2020 1993 -1,
2043 1994 2016 -1,
2043 2021 1994 -1,
2044 1995 2017 -1,
2044 2022 1995 -1,
2045 2023 1996 -1,
2045 1996 2018 -1,
2046 2024 1997 -1,
2046 1997 2019 -1,
2047 1998 2020 -1,
2047 2025 1998 -1,
2048 2026 1999 -1,
2048 1999 2021 -1,
2049 2027 2000 -1,
2049 2000 2022 -1,
2050 2028 2001 -1,
2050 2001 2023 -1,
2051 2029 2002 -1,
2051 2002 2024 -1,
2052 2003 2025 -1,
2052 2030 2003 -1,
2053 2031 2004 -1,
2053 2004 2026 -1,
2053 953 2031 -1,
2054 2032 2005 -1,
2054 2005 2027 -1,
2055 2006 2028 -1,
2055 2033 2006 -1,
2056 2034 2007 -1,
2056 2007 2029 -1,
2057 2008 2030 -1,
2057 2035 2008 -1,
2058 502 503 -1,
2058 2036 502 -1,
2059 2010 2032 -1,
2059 2037 2010 -1,
2060 2011 2033 -1,
2060 2038 2011 -1,
2061 2012 2034 -1,
2061 2039 2012 -1,
2062 2040 2013 -1,
2062 2013 2035 -1,
2063 2014 2036 -1,
2063 2041 2014 -1,
2064 2042 2015 -1,
2064 2015 2037 -1,
2065 2016 2038 -1,
2065 2043 2016 -1,
2066 2017 2039 -1,
2066 2044 2017 -1,
2067 2018 2040 -1,
2067 2045 2018 -1,
2068 2046 2019 -1,
2068 2019 2041 -1,
2069 2047 2020 -1,
2069 2020 2042 -1,
2070 2021 2043 -1,
2070 2048 2021 -1,
2071 2049 2022 -1,
2071 2022 2044 -1,
2072 2023 2045 -1,
2072 2050 2023 -1,
2073 2051 2024 -1,
2073 2024 2046 -1,
2074 2025 2047 -1,
2074 2052 2025 -1,
2075 2053 2026 -1,
2075 953 2053 -1,
2075 2026 2048 -1,
2076 2027 2049 -1,
2076 2054 2027 -1,
2077 2055 2028 -1,
2077 2028 2050 -1,
2078 2056 2029 -1,
2078 2029 2051 -1,
2079 2030 2052 -1,
2079 2057 2030 -1,
2080 503 504 -1,
2080 504 505 -1,
2080 2058 503 -1,
2081 2032 2054 -1,
2081 2059 2032 -1,
2082 2060 2033 -1,
2082 2033 2055 -1,
2083 2034 2056 -1,
2083 2061 2034 -1,
2084 2062 2035 -1,
2084 2035 2057 -1,
2085 2036 2058 -1,
2085 2063 2036 -1,
2086 2037 2059 -1,
2086 2064 2037 -1,
2087 2038 2060 -1,
2087 2065 2038 -1,
2088 2066 2039 -1,
2088 2039 2061 -1,
2089 2040 2062 -1,
2089 2067 2040 -1,
2090 2041 2063 -1,
2090 2068 2041 -1,
2091 2069 2042 -1,
2091 2042 2064 -1,
2092 2043 2065 -1,
2092 2070 2043 -1,
2093 2071 2044 -1,
2093 2044 2066 -1,
2094 2045 2067 -1,
2094 2072 2045 -1,
2095 2073 2046 -1,
2095 2046 2068 -1,
2096 2047 2069 -1,
2096 2074 2047 -1,
2097 2048 2070 -1,
2097 2075 2048 -1,
2097 953 2075 -1,
2098 2049 2071 -1,
2098 2076 2049 -1,
2099 2050 2072 -1,
2099 2077 2050 -1,
2100 2051 2073 -1,
2100 2078 2051 -1,
2101 2052 2074 -1,
2101 2079 2052 -1,
2102 505 506 -1,
2102 506 508 -1,
2102 2080 505 -1,
2103 2081 2054 -1,
2103 2054 2076 -1,
2104 2082 2055 -1,
2104 2055 2077 -1,
2105 2083 2056 -1,
2105 2056 2078 -1,
2106 2084 2057 -1,
2106 2057 2079 -1,
2107 2085 2058 -1,
2107 2058 2080 -1,
2108 2059 2081 -1,
2108 2086 2059 -1,
2109 2087 2060 -1,
2109 2060 2082 -1,
2110 2088 2061 -1,
2110 2061 2083 -1,
2111 2062 2084 -1,
2111 2089 2062 -1,
2112 2090 2063 -1,
2112 2063 2085 -1,
2113 2064 2086 -1,
2113 2091 2064 -1,
2114 2065 2087 -1,
2114 2092 2065 -1,
2115 2066 2088 -1,
2115 2093 2066 -1,
2116 2094 2067 -1,
2116 2067 2089 -1,
2117 2068 2090 -1,
2117 2095 2068 -1,
2118 2069 2091 -1,
2118 2096 2069 -1,
2119 953 2097 -1,
2119 2097 2070 -1,
2119 2070 2092 -1,
2120 2098 2071 -1,
2120 2071 2093 -1,
2121 2099 2072 -1,
2121 2072 2094 -1,
2122 2100 2073 -1,
2122 2073 2095 -1,
2123 2101 2074 -1,
2123 2074 2096 -1,
2124 2076 2098 -1,
2124 2103 2076 -1,
2125 2077 2099 -1,
2125 2104 2077 -1,
2126 2078 2100 -1,
2126 2105 2078 -1,
2127 2079 2101 -1,
2127 2106 2079 -1,
2128 2102 508 -1,
2128 2080 2102 -1,
2128 508 512 -1,
2128 2107 2080 -1,
2129 2081 2103 -1,
2129 2108 2081 -1,
2130 2082 2104 -1,
2130 2109 2082 -1,
2131 2110 2083 -1,
2131 2083 2105 -1,
2132 2111 2084 -1,
2132 2084 2106 -1,
2133 2112 2085 -1,
2133 2085 2107 -1,
2134 2113 2086 -1,
2134 2086 2108 -1,
2135 2087 2109 -1,
2135 2114 2087 -1,
2136 2115 2088 -1,
2136 2088 2110 -1,
2137 2116 2089 -1,
2137 2089 2111 -1,
2138 2117 2090 -1,
2138 2090 2112 -1,
2139 2091 2113 -1,
2139 2118 2091 -1,
2140 2092 2114 -1,
2140 2119 2092 -1,
2140 953 2119 -1,
2141 2093 2115 -1,
2141 2120 2093 -1,
2142 2094 2116 -1,
2142 2121 2094 -1,
2143 2122 2095 -1,
2143 2095 2117 -1,
2144 2123 2096 -1,
2144 2096 2118 -1,
2145 2098 2120 -1,
2145 2124 2098 -1,
2146 2125 2099 -1,
2146 2099 2121 -1,
2147 2100 2122 -1,
2147 2126 2100 -1,
2148 2101 2123 -1,
2148 2127 2101 -1,
2149 2103 2124 -1,
2149 2129 2103 -1,
2150 2130 2104 -1,
2150 2104 2125 -1,
2151 2131 2105 -1,
2151 2105 2126 -1,
2152 2132 2106 -1,
2152 2106 2127 -1,
2153 2107 2128 -1,
2153 2133 2107 -1,
2154 2134 2108 -1,
2154 2108 2129 -1,
2155 2109 2130 -1,
2155 2135 2109 -1,
2156 2110 2131 -1,
2156 2136 2110 -1,
2157 2111 2132 -1,
2157 2137 2111 -1,
2158 2112 2133 -1,
2158 2138 2112 -1,
2159 2113 2134 -1,
2159 2139 2113 -1,
2160 2140 2114 -1,
2160 2114 2135 -1,
2160 953 2140 -1,
2161 2115 2136 -1,
2161 2141 2115 -1,
2162 2116 2137 -1,
2162 2142 2116 -1,
2163 2143 2117 -1,
2163 2117 2138 -1,
2164 2144 2118 -1,
2164 2118 2139 -1,
2165 2120 2141 -1,
2165 2145 2120 -1,
2166 2121 2142 -1,
2166 2146 2121 -1,
2167 2122 2143 -1,
2167 2147 2122 -1,
2168 2123 2144 -1,
2168 2148 2123 -1,
2169 2149 2124 -1,
2169 2124 2145 -1,
2170 2125 2146 -1,
2170 2150 2125 -1,
2171 2151 2126 -1,
2171 2126 2147 -1,
2172 2127 2148 -1,
2172 2152 2127 -1,
2173 2128 512 -1,
2173 2153 2128 -1,
2173 512 516 -1,
2173 516 517 -1,
2174 2154 2129 -1,
2174 2129 2149 -1,
2175 2130 2150 -1,
2175 2155 2130 -1,
2176 2156 2131 -1,
2176 2131 2151 -1,
2177 2132 2152 -1,
2177 2157 2132 -1,
2178 2158 2133 -1,
2178 2133 2153 -1,
2179 2134 2154 -1,
2179 2159 2134 -1,
2180 2135 2155 -1,
2180 2160 2135 -1,
2180 953 2160 -1,
2181 2161 2136 -1,
2181 2136 2156 -1,
2182 2162 2137 -1,
2182 2137 2157 -1,
2183 2163 2138 -1,
2183 2138 2158 -1,
2184 2164 2139 -1,
2184 2139 2159 -1,
2185 2165 2141 -1,
2185 2141 2161 -1,
2186 2142 2162 -1,
2186 2166 2142 -1,
2187 2167 2143 -1,
2187 2143 2163 -1,
2188 2144 2164 -1,
2188 2168 2144 -1,
2189 2145 2165 -1,
2189 2169 2145 -1,
2190 2146 2166 -1,
2190 2170 2146 -1,
2191 2147 2167 -1,
2191 2171 2147 -1,
2192 2148 2168 -1,
2192 2172 2148 -1,
2193 2149 2169 -1,
2193 2174 2149 -1,
2194 2150 2170 -1,
2194 2175 2150 -1,
2195 2151 2171 -1,
2195 2176 2151 -1,
2196 2177 2152 -1,
2196 2152 2172 -1,
2197 2153 2173 -1,
2197 517 525 -1,
2197 2173 517 -1,
2197 2178 2153 -1,
2198 2179 2154 -1,
2198 2154 2174 -1,
2199 2155 2175 -1,
2199 2180 2155 -1,
2199 953 2180 -1,
2200 2156 2176 -1,
2200 2181 2156 -1,
2201 2157 2177 -1,
2201 2182 2157 -1,
2202 2183 2158 -1,
2202 2158 2178 -1,
2203 2159 2179 -1,
2203 2184 2159 -1,
2204 2185 2161 -1,
2204 2161 2181 -1,
2205 2186 2162 -1,
2205 2162 2182 -1,
2206 2187 2163 -1,
2206 2163 2183 -1,
2207 2164 2184 -1,
2207 2188 2164 -1,
2208 2165 2185 -1,
2208 2189 2165 -1,
2209 2190 2166 -1,
2209 2166 2186 -1,
2210 2191 2167 -1,
2210 2167 2187 -1,
2211 2192 2168 -1,
2211 2168 2188 -1,
2212 2169 2189 -1,
2212 2193 2169 -1,
2213 2170 2190 -1,
2213 2194 2170 -1,
2214 2195 2171 -1,
2214 2171 2191 -1,
2215 2196 2172 -1,
2215 2172 2192 -1,
2216 2198 2174 -1,
2216 2174 2193 -1,
2217 953 2199 -1,
2217 2199 2175 -1,
2217 2175 2194 -1,
2218 2200 2176 -1,
2218 2176 2195 -1,
2219 2201 2177 -1,
2219 2177 2196 -1,
2220 2178 2197 -1,
2220 2202 2178 -1,
2221 2203 2179 -1,
2221 2179 2198 -1,
2222 2181 2200 -1,
2222 2204 2181 -1,
2223 2205 2182 -1,
2223 2182 2201 -1,
2224 2183 2202 -1,
2224 2206 2183 -1,
2225 2184 2203 -1,
2225 2207 2184 -1,
2226 2185 2204 -1,
2226 2208 2185 -1,
2227 2186 2205 -1,
2227 2209 2186 -1,
2228 2187 2206 -1,
2228 2210 2187 -1,
2229 2188 2207 -1,
2229 2211 2188 -1,
2230 2189 2208 -1,
2230 2212 2189 -1,
2231 2213 2190 -1,
2231 2190 2209 -1,
2232 2191 2210 -1,
2232 2214 2191 -1,
2233 2192 2211 -1,
2233 2215 2192 -1,
2234 2216 2193 -1,
2234 2193 2212 -1,
2235 953 2217 -1,
2235 2194 2213 -1,
2235 2217 2194 -1,
2236 2195 2214 -1,
2236 2218 2195 -1,
2237 2219 2196 -1,
2237 2196 2215 -1,
2238 2197 525 -1,
2238 525 531 -1,
2238 531 532 -1,
2238 2220 2197 -1,
2239 2221 2198 -1,
2239 2198 2216 -1,
2240 2200 2218 -1,
2240 2222 2200 -1,
2241 2223 2201 -1,
2241 2201 2219 -1,
2242 2224 2202 -1,
2242 2202 2220 -1,
2243 2203 2221 -1,
2243 2225 2203 -1,
2244 2226 2204 -1,
2244 2204 2222 -1,
2245 2205 2223 -1,
2245 2227 2205 -1,
2246 2228 2206 -1,
2246 2206 2224 -1,
2247 2207 2225 -1,
2247 2229 2207 -1,
2248 2208 2226 -1,
2248 2230 2208 -1,
2249 2231 2209 -1,
2249 2209 2227 -1,
2250 2232 2210 -1,
2250 2210 2228 -1,
2251 2233 2211 -1,
2251 2211 2229 -1,
2252 2212 2230 -1,
2252 2234 2212 -1,
2253 2213 2231 -1,
2253 2235 2213 -1,
2253 953 2235 -1,
2254 2236 2214 -1,
2254 2214 2232 -1,
2255 2237 2215 -1,
2255 2215 2233 -1,
2256 2216 2234 -1,
2256 2239 2216 -1,
2257 2240 2218 -1,
2257 2218 2236 -1,
2258 2219 2237 -1,
2258 2241 2219 -1,
2259 2238 532 -1,
2259 2220 2238 -1,
2259 532 545 -1,
2259 2242 2220 -1,
2260 2243 2221 -1,
2260 2221 2239 -1,
2261 2244 2222 -1,
2261 2222 2240 -1,
2262 2223 2241 -1,
2262 2245 2223 -1,
2263 2246 2224 -1,
2263 2224 2242 -1,
2264 2225 2243 -1,
2264 2247 2225 -1,
2265 2248 2226 -1,
2265 2226 2244 -1,
2266 2227 2245 -1,
2266 2249 2227 -1,
2267 2250 2228 -1,
2267 2228 2246 -1,
2268 2251 2229 -1,
2268 2229 2247 -1,
2269 2252 2230 -1,
2269 2230 2248 -1,
2270 2253 2231 -1,
2270 2231 2249 -1,
2270 953 2253 -1,
2271 2232 2250 -1,
2271 2254 2232 -1,
2272 2233 2251 -1,
2272 2255 2233 -1,
2273 2234 2252 -1,
2273 2256 2234 -1,
2274 2236 2254 -1,
2274 2257 2236 -1,
2275 2258 2237 -1,
2275 2237 2255 -1,
2276 2239 2256 -1,
2276 2260 2239 -1,
2277 2261 2240 -1,
2277 2240 2257 -1,
2278 2262 2241 -1,
2278 2241 2258 -1,
2279 2263 2242 -1,
2279 2242 2259 -1,
2280 2243 2260 -1,
2280 2264 2243 -1,
2281 2244 2261 -1,
2281 2265 2244 -1,
2282 2245 2262 -1,
2282 2266 2245 -1,
2283 2267 2246 -1,
2283 2246 2263 -1,
2284 2268 2247 -1,
2284 2247 2264 -1,
2285 2248 2265 -1,
2285 2269 2248 -1,
2286 2249 2266 -1,
2286 2270 2249 -1,
2286 953 2270 -1,
2287 2250 2267 -1,
2287 2271 2250 -1,
2288 2251 2268 -1,
2288 2272 2251 -1,
2289 2273 2252 -1,
2289 2252 2269 -1,
2290 2254 2271 -1,
2290 2274 2254 -1,
2291 2255 2272 -1,
2291 2275 2255 -1,
2292 2256 2273 -1,
2292 2276 2256 -1,
2293 2257 2274 -1,
2293 2277 2257 -1,
2294 2258 2275 -1,
2294 2278 2258 -1,
2295 545 554 -1,
2295 2279 2259 -1,
2295 2259 545 -1,
2296 2280 2260 -1,
2296 2260 2276 -1,
2297 2261 2277 -1,
2297 2281 2261 -1,
2298 2262 2278 -1,
2298 2282 2262 -1,
2299 2283 2263 -1,
2299 2263 2279 -1,
2300 2284 2264 -1,
2300 2264 2280 -1,
2301 2265 2281 -1,
2301 2285 2265 -1,
2302 2266 2282 -1,
2302 953 2286 -1,
2302 2286 2266 -1,
2303 2267 2283 -1,
2303 2287 2267 -1,
2304 2268 2284 -1,
2304 2288 2268 -1,
2305 2289 2269 -1,
2305 2269 2285 -1,
2306 2290 2271 -1,
2306 2271 2287 -1,
2307 2291 2272 -1,
2307 2272 2288 -1,
2308 2273 2289 -1,
2308 2292 2273 -1,
2309 2293 2274 -1,
2309 2274 2290 -1,
2310 2275 2291 -1,
2310 2294 2275 -1,
2311 2296 2276 -1,
2311 2276 2292 -1,
2312 2297 2277 -1,
2312 2277 2293 -1,
2313 2298 2278 -1,
2313 2278 2294 -1,
2314 2279 2295 -1,
2314 2299 2279 -1,
2314 554 571 -1,
2314 571 572 -1,
2314 2295 554 -1,
2315 2280 2296 -1,
2315 2300 2280 -1,
2316 2281 2297 -1,
2316 2301 2281 -1,
2317 2302 2282 -1,
2317 2282 2298 -1,
2317 953 2302 -1,
2318 2283 2299 -1,
2318 2303 2283 -1,
2319 2304 2284 -1,
2319 2284 2300 -1,
2320 2305 2285 -1,
2320 2285 2301 -1,
2321 2287 2303 -1,
2321 2306 2287 -1,
2322 2288 2304 -1,
2322 2307 2288 -1,
2323 2289 2305 -1,
2323 2308 2289 -1,
2324 2309 2290 -1,
2324 2290 2306 -1,
2325 2291 2307 -1,
2325 2310 2291 -1,
2326 2311 2292 -1,
2326 2292 2308 -1,
2327 2293 2309 -1,
2327 2312 2293 -1,
2328 2313 2294 -1,
2328 2294 2310 -1,
2329 2315 2296 -1,
2329 2296 2311 -1,
2330 2316 2297 -1,
2330 2297 2312 -1,
2331 953 2317 -1,
2331 2317 2298 -1,
2331 2298 2313 -1,
2332 2318 2299 -1,
2332 2299 2314 -1,
2333 2319 2300 -1,
2333 2300 2315 -1,
2334 2301 2316 -1,
2334 2320 2301 -1,
2335 2321 2303 -1,
2335 2303 2318 -1,
2336 2322 2304 -1,
2336 2304 2319 -1,
2337 2305 2320 -1,
2337 2323 2305 -1,
2338 2306 2321 -1,
2338 2324 2306 -1,
2339 2307 2322 -1,
2339 2325 2307 -1,
2340 2308 2323 -1,
2340 2326 2308 -1,
2341 2309 2324 -1,
2341 2327 2309 -1,
2342 2310 2325 -1,
2342 2328 2310 -1,
2343 2311 2326 -1,
2343 2329 2311 -1,
2344 2330 2312 -1,
2344 2312 2327 -1,
2345 953 2331 -1,
2345 2313 2328 -1,
2345 2331 2313 -1,
2346 2332 2314 -1,
2346 572 583 -1,
2346 2314 572 -1,
2347 2333 2315 -1,
2347 2315 2329 -1,
2348 2316 2330 -1,
2348 2334 2316 -1,
2349 2335 2318 -1,
2349 2318 2332 -1,
2350 2319 2333 -1,
2350 2336 2319 -1,
2351 2337 2320 -1,
2351 2320 2334 -1,
2352 2321 2335 -1,
2352 2338 2321 -1,
2353 2339 2322 -1,
2353 2322 2336 -1,
2354 2340 2323 -1,
2354 2323 2337 -1,
2355 2324 2338 -1,
2355 2341 2324 -1,
2356 2325 2339 -1,
2356 2342 2325 -1,
2357 2326 2340 -1,
2357 2343 2326 -1,
2358 2344 2327 -1,
2358 2327 2341 -1,
2359 2328 2342 -1,
2359 2345 2328 -1,
2359 953 2345 -1,
2360 2347 2329 -1,
2360 2329 2343 -1,
2361 2348 2330 -1,
2361 2330 2344 -1,
2362 2349 2332 -1,
2362 583 605 -1,
2362 605 606 -1,
2362 2332 2346 -1,
2362 2346 583 -1,
2363 2333 2347 -1,
2363 2350 2333 -1,
2364 2334 2348 -1,
2364 2351 2334 -1,
2365 2352 2335 -1,
2365 2335 2349 -1,
2366 2336 2350 -1,
2366 2353 2336 -1,
2367 2337 2351 -1,
2367 2354 2337 -1,
2368 2355 2338 -1,
2368 2338 2352 -1,
2369 2356 2339 -1,
2369 2339 2353 -1,
2370 2340 2354 -1,
2370 2357 2340 -1,
2371 2358 2341 -1,
2371 2341 2355 -1,
2372 2342 2356 -1,
2372 2359 2342 -1,
2372 953 2359 -1,
2373 2343 2357 -1,
2373 2360 2343 -1,
2374 2344 2358 -1,
2374 2361 2344 -1,
2375 2363 2347 -1,
2375 2347 2360 -1,
2376 2364 2348 -1,
2376 2348 2361 -1,
2377 2365 2349 -1,
2377 2349 2362 -1,
2378 2366 2350 -1,
2378 2350 2363 -1,
2379 2351 2364 -1,
2379 2367 2351 -1,
2380 2352 2365 -1,
2380 2368 2352 -1,
2381 2353 2366 -1,
2381 2369 2353 -1,
2382 2354 2367 -1,
2382 2370 2354 -1,
2383 2371 2355 -1,
2383 2355 2368 -1,
2384 2356 2369 -1,
2384 2372 2356 -1,
2384 953 2372 -1,
2385 2357 2370 -1,
2385 2373 2357 -1,
2386 2374 2358 -1,
2386 2358 2371 -1,
2387 2375 2360 -1,
2387 2360 2373 -1,
2388 2376 2361 -1,
2388 2361 2374 -1,
2389 2377 2362 -1,
2389 2362 606 -1,
2389 606 620 -1,
2390 2363 2375 -1,
2390 2378 2363 -1,
2391 2379 2364 -1,
2391 2364 2376 -1,
2392 2380 2365 -1,
2392 2365 2377 -1,
2393 2366 2378 -1,
2393 2381 2366 -1,
2394 2367 2379 -1,
2394 2382 2367 -1,
2395 2383 2368 -1,
2395 2368 2380 -1,
2396 2384 2369 -1,
2396 2369 2381 -1,
2396 953 2384 -1,
2397 2370 2382 -1,
2397 2385 2370 -1,
2398 2386 2371 -1,
2398 2371 2383 -1,
2399 2387 2373 -1,
2399 2373 2385 -1,
2400 2374 2386 -1,
2400 2388 2374 -1,
2401 2390 2375 -1,
2401 2375 2387 -1,
2402 2391 2376 -1,
2402 2376 2388 -1,
2403 2377 2389 -1,
2403 620 646 -1,
2403 2392 2377 -1,
2403 2389 620 -1,
2404 2393 2378 -1,
2404 2378 2390 -1,
2405 2394 2379 -1,
2405 2379 2391 -1,
2406 2380 2392 -1,
2406 2395 2380 -1,
2407 953 2396 -1,
2407 2381 2393 -1,
2407 2396 2381 -1,
2408 2397 2382 -1,
2408 2382 2394 -1,
2409 2398 2383 -1,
2409 2383 2395 -1,
2410 2385 2397 -1,
2410 2399 2385 -1,
2411 2386 2398 -1,
2411 2400 2386 -1,
2412 2387 2399 -1,
2412 2401 2387 -1,
2413 2388 2400 -1,
2413 2402 2388 -1,
2414 2390 2401 -1,
2414 2404 2390 -1,
2415 2391 2402 -1,
2415 2405 2391 -1,
2416 2392 2403 -1,
2416 2406 2392 -1,
2417 953 2407 -1,
2417 2393 2404 -1,
2417 2407 2393 -1,
2418 2394 2405 -1,
2418 2408 2394 -1,
2419 2409 2395 -1,
2419 2395 2406 -1,
2420 2410 2397 -1,
2420 2397 2408 -1,
2421 2398 2409 -1,
2421 2411 2398 -1,
2422 2412 2399 -1,
2422 2399 2410 -1,
2423 2400 2411 -1,
2423 2413 2400 -1,
2424 2401 2412 -1,
2424 2414 2401 -1,
2425 2415 2402 -1,
2425 2402 2413 -1,
2426 2403 646 -1,
2426 2416 2403 -1,
2426 646 662 -1,
2426 662 663 -1,
2427 953 2417 -1,
2427 2404 2414 -1,
2427 2417 2404 -1,
2428 2405 2415 -1,
2428 2418 2405 -1,
2429 2406 2416 -1,
2429 2419 2406 -1,
2430 2420 2408 -1,
2430 2408 2418 -1,
2431 2421 2409 -1,
2431 2409 2419 -1,
2432 2410 2420 -1,
2432 2422 2410 -1,
2433 2423 2411 -1,
2433 2411 2421 -1,
2434 2412 2422 -1,
2434 2424 2412 -1,
2435 2413 2423 -1,
2435 2425 2413 -1,
2436 953 2427 -1,
2436 2414 2424 -1,
2436 2427 2414 -1,
2437 2428 2415 -1,
2437 2415 2425 -1,
2438 663 693 -1,
2438 2416 2426 -1,
2438 2426 663 -1,
2438 2429 2416 -1,
2439 2430 2418 -1,
2439 2418 2428 -1,
2440 2431 2419 -1,
2440 2419 2429 -1,
2441 2432 2420 -1,
2441 2420 2430 -1,
2442 2433 2421 -1,
2442 2421 2431 -1,
2443 2434 2422 -1,
2443 2422 2432 -1,
2444 2423 2433 -1,
2444 2435 2423 -1,
2445 2424 2434 -1,
2445 2436 2424 -1,
2445 953 2436 -1,
2446 2437 2425 -1,
2446 2425 2435 -1,
2447 2428 2437 -1,
2447 2439 2428 -1,
2448 2440 2429 -1,
2448 2429 2438 -1,
2449 2441 2430 -1,
2449 2430 2439 -1,
2450 2442 2431 -1,
2450 2431 2440 -1,
2451 2432 2441 -1,
2451 2443 2432 -1,
2452 2444 2433 -1,
2452 2433 2442 -1,
2453 2434 2443 -1,
2453 2445 2434 -1,
2453 953 2445 -1,
2454 2435 2444 -1,
2454 2446 2435 -1,
2455 2447 2437 -1,
2455 2437 2446 -1,
2456 693 712 -1,
2456 712 713 -1,
2456 2448 2438 -1,
2456 2438 693 -1,
2457 2439 2447 -1,
2457 2449 2439 -1,
2458 2450 2440 -1,
2458 2440 2448 -1,
2459 2451 2441 -1,
2459 2441 2449 -1,
2460 2442 2450 -1,
2460 2452 2442 -1,
2461 2443 2451 -1,
2461 953 2453 -1,
2461 2453 2443 -1,
2462 2454 2444 -1,
2462 2444 2452 -1,
2463 2446 2454 -1,
2463 2455 2446 -1,
2464 2457 2447 -1,
2464 2447 2455 -1,
2465 2458 2448 -1,
2465 2456 713 -1,
2465 713 748 -1,
2465 2448 2456 -1,
2466 2449 2457 -1,
2466 2459 2449 -1,
2467 2450 2458 -1,
2467 2460 2450 -1,
2468 2451 2459 -1,
2468 2461 2451 -1,
2468 953 2461 -1,
2469 2452 2460 -1,
2469 2462 2452 -1,
2470 2463 2454 -1,
2470 2454 2462 -1,
2471 2464 2455 -1,
2471 2455 2463 -1,
2472 2457 2464 -1,
2472 2466 2457 -1,
2473 2467 2458 -1,
2473 2458 2465 -1,
2474 2459 2466 -1,
2474 2468 2459 -1,
2474 953 2468 -1,
2475 2460 2467 -1,
2475 2469 2460 -1,
2476 2470 2462 -1,
2476 2462 2469 -1,
2477 2471 2463 -1,
2477 2463 2470 -1,
2478 2464 2471 -1,
2478 2472 2464 -1,
2479 2465 748 -1,
2479 748 769 -1,
2479 2473 2465 -1,
2480 2466 2472 -1,
2480 953 2474 -1,
2480 2474 2466 -1,
2481 2467 2473 -1,
2481 2475 2467 -1,
2482 2469 2475 -1,
2482 2476 2469 -1,
2483 2477 2470 -1,
2483 2470 2476 -1,
2484 2471 2477 -1,
2484 2478 2471 -1,
2485 2472 2478 -1,
2485 2480 2472 -1,
2485 953 2480 -1,
2486 2481 2473 -1,
2486 2473 2479 -1,
2486 2479 769 -1,
2486 769 808 -1,
2486 808 809 -1,
2487 2482 2475 -1,
2487 2475 2481 -1,
2488 2483 2476 -1,
2488 2476 2482 -1,
2489 2477 2483 -1,
2489 2484 2477 -1,
2490 2478 2484 -1,
2490 2485 2478 -1,
2490 953 2485 -1,
2491 2481 2486 -1,
2491 2487 2481 -1,
2492 2482 2487 -1,
2492 2488 2482 -1,
2493 2483 2488 -1,
2493 2489 2483 -1,
2494 2484 2489 -1,
2494 2490 2484 -1,
2494 953 2490 -1,
2495 809 833 -1,
2495 2486 809 -1,
2495 2491 2486 -1,
2496 2487 2491 -1,
2496 2492 2487 -1,
2497 2493 2488 -1,
2497 2488 2492 -1,
2498 2494 2489 -1,
2498 2489 2493 -1,
2498 953 2494 -1,
2499 833 877 -1,
2499 877 878 -1,
2499 2496 2491 -1,
2499 2495 833 -1,
2499 2491 2495 -1,
2500 2497 2492 -1,
2500 2492 2496 -1,
2501 953 2498 -1,
2501 2498 2493 -1,
2501 2493 2497 -1,
2502 2496 2499 -1,
2502 2500 2496 -1,
2503 2501 2497 -1,
2503 2497 2500 -1,
2503 953 2501 -1,
2504 2502 2499 -1,
2504 878 904 -1,
2504 2499 878 -1,
2505 953 2503 -1,
2505 2503 2500 -1,
2505 2500 2502 -1,
2506 953 2505 -1,
2506 2502 2504 -1,
2506 2505 2502 -1,
2506 2504 904 -1,
2506 904 952 -1,
2506 952 953 -1 ] } }
Shape { appearance Appearance { material Material { diffuseColor 0.7 0.72 0.74 } } geometry IndexedFaceSet { solid FALSE coord Coordinate { point [ 0.098303 0.004906 0.393701,
0.098425 -0.000000 0.393701,
0.098425 -0.000000 -0.984252,
0.098303 0.004906 -0.984252,
0.097936 0.009800 0.393701,
0.097936 0.009800 -0.984252,
0.097326 0.014670 0.393701,
0.097326 0.014670 -0.984252,
0.096474 0.019503 0.393701,
0.096474 0.019503 -0.984252,
0.095382 0.024287 0.393701,
0.095382 0.024287 -0.984252,
0.094052 0.029011 0.393701,
0.094052 0.029011 -0.984252,
0.092489 0.033663 -0.984252,
0.092489 0.033663 0.393701,
0.090696 0.038232 0.393701,
0.090696 0.038232 -0.984252,
0.088678 0.042705 0.393701,
0.088678 0.042705 -0.984252,
0.086439 0.047072 -0.984252,
0.086439 0.047072 0.393701,
0.083985 0.051322 -0.984252,
0.083985 0.051322 0.393701,
0.081323 0.055445 0.393701,
0.081323 0.055445 -0.984252,
0.078458 0.059430 0.393701,
0.078458 0.059430 -0.984252,
0.075398 0.063266 -0.984252,
0.075398 0.063266 0.393701,
0.072151 0.066946 0.393701,
0.072151 0.066946 -0.984252,
0.068724 0.070459 0.393701,
0.068724 0.070459 -0.984252,
0.065127 0.073797 -0.984252,
0.065127 0.073797 0.393701,
0.061367 0.076952 0.393701,
0.061367 0.076952 -0.984252,
0.057455 0.079915 0.393701,
0.057455 0.079915 -0.984252,
0.053400 0.082680 0.393701,
0.053400 0.082680 -0.984252,
0.049213 0.085239 0.393701,
0.049213 0.085239 -0.984252,
0.044903 0.087586 0.393701,
0.044903 0.087586 -0.984252,
0.040481 0.089715 0.393701,
0.040481 0.089715 -0.984252,
0.035959 0.091621 0.393701,
0.035959 0.091621 -0.984252,
0.031347 0.093300 -0.984252,
0.031347 0.093300 0.393701,
0.026658 0.094746 0.393701,
0.026658 0.094746 -0.984252,
0.021902 0.095957 0.393701,
0.021902 0.095957 -0.984252,
0.017091 0.096930 0.393701,
0.017091 0.096930 -0.984252,
0.012239 0.097661 0.393701,
0.012239 0.097661 -0.984252,
0.007355 0.098150 0.393701,
0.007355 0.098150 -0.984252,
0.002454 0.098395 0.393701,
0.002454 0.098395 -0.984252,
-0.002454 0.098395 0.393701,
-0.002454 0.098395 -0.984252,
-0.007355 0.098150 0.393701,
-0.007355 0.098150 -0.984252,
-0.012239 0.097661 0.393701,
-0.012239 0.097661 -0.984252,
-0.017091 0.096930 0.393701,
-0.017091 0.096930 -0.984252,
-0.021902 0.095957 0.393701,
-0.021902 0.095957 -0.984252,
-0.026658 0.094746 0.393701,
-0.026658 0.094746 -0.984252,
-0.031347 0.093300 -0.984252,
-0.031347 0.093300 0.393701,
-0.035959 0.091621 0.393701,
-0.035959 0.091621 -0.984252,
-0.040481 0.089715 0.393701,
-0.040481 0.089715 -0.984252,
-0.044903 0.087586 -0.984252,
-0.044903 0.087586 0.393701,
-0.049213 0.085239 0.393701,
-0.049213 0.085239 -0.984252,
-0.053400 0.082680 0.393701,
-0.053400 0.082680 -0.984252,
-0.057455 0.079915 -0.984252,
-0.057455 0.079915 0.393701,
-0.061367 0.076952 0.393701,
-0.061367 0.076952 -0.984252,
-0.065127 0.073797 0.393701,
-0.065127 0.073797 -0.984252,
-0.068724 0.070459 0.393701,
-0.068724 0.070459 -0.984252,
-0.072151 0.066946 0.393701,
-0.072151 0.066946 -0.984252,
-0.075398 0.063266 -0.984252,
-0.075398 0.063266 0.393701,
-0.078458 0.059430 0.393701,
-0.078458 0.059430 -0.984252,
-0.081323 0.055445 0.393701,
-0.081323 0.055445 -0.984252,
-0.083985 0.051322 -0.984252,
-0.083985 0.051322 0.393701,
-0.086439 0.047072 -0.984252,
-0.086439 0.047072 0.393701,
-0.088678 0.042705 -0.984252,
-0.088678 0.042705 0.393701,
-0.090696 0.038232 0.393701,
-0.090696 0.038232 -0.984252,
-0.092489 0.033663 -0.984252,
-0.092489 0.033663 0.393701,
-0.094052 0.029011 0.393701,
-0.094052 0.029011 -0.984252,
-0.095382 0.024287 0.393701,
-0.095382 0.024287 -0.984252,
-0.096474 0.019503 0.393701,
-0.096474 0.019503 -0.984252,
-0.097326 0.014670 -0.984252,
-0.097326 0.014670 0.393701,
-0.097936 0.009800 -0.984252,
-0.097936 0.009800 0.393701,
-0.098303 0.004906 -0.984252,
-0.098303 0.004906 0.393701,
-0.098425 -0.000000 0.393701,
-0.098425 -0.000000 -0.984252,
-0.098303 -0.004906 0.393701,
-0.098303 -0.004906 -0.984252,
-0.097936 -0.009800 0.393701,
-0.097936 -0.009800 -0.984252,
-0.097326 -0.014670 0.393701,
-0.097326 -0.014670 -0.984252,
-0.096474 -0.019503 -0.984252,
-0.096474 -0.019503 0.393701,
-0.095382 -0.024287 -0.984252,
-0.095382 -0.024287 0.393701,
-0.094052 -0.029011 0.393701,
-0.094052 -0.029011 -0.984252,
-0.092489 -0.033663 0.393701,
-0.092489 -0.033663 -0.984252,
-0.090696 -0.038232 -0.984252,
-0.090696 -0.038232 0.393701,
-0.088678 -0.042705 0.393701,
-0.088678 -0.042705 -0.984252,
-0.086439 -0.047072 0.393701,
-0.086439 -0.047072 -0.984252,
-0.083985 -0.051322 -0.984252,
-0.083985 -0.051322 0.393701,
-0.081323 -0.055445 -0.984252,
-0.081323 -0.055445 0.393701,
-0.078458 -0.059430 0.393701,
-0.078458 -0.059430 -0.984252,
-0.075398 -0.063266 -0.984252,
-0.075398 -0.063266 0.393701,
-0.072151 -0.066946 0.393701,
-0.072151 -0.066946 -0.984252,
-0.068724 -0.070459 0.393701,
-0.068724 -0.070459 -0.984252,
-0.065127 -0.073797 -0.984252,
-0.065127 -0.073797 0.393701,
-0.061367 -0.076952 0.393701,
-0.061367 -0.076952 -0.984252,
-0.057455 -0.079915 -0.984252,
-0.057455 -0.079915 0.393701,
-0.053400 -0.082680 0.393701,
-0.053400 -0.082680 -0.984252,
-0.049213 -0.085239 0.393701,
-0.049213 -0.085239 -0.984252,
-0.044903 -0.087586 0.393701,
-0.044903 -0.087586 -0.984252,
-0.040481 -0.089715 0.393701,
-0.040481 -0.089715 -0.984252,
-0.035959 -0.091621 -0.984252,
-0.035959 -0.091621 0.393701,
-0.031347 -0.093300 0.393701,
-0.031347 -0.093300 -0.984252,
-0.026658 -0.094746 0.393701,
-0.026658 -0.094746 -0.984252,
-0.021902 -0.095957 0.393701,
-0.021902 -0.095957 -0.984252,
-0.017091 -0.096930 0.393701,
-0.017091 -0.096930 -0.984252,
-0.012239 -0.097661 0.393701,
-0.012239 -0.097661 -0.984252,
-0.007355 -0.098150 -0.984252,
-0.007355 -0.098150 0.393701,
-0.002454 -0.098395 0.393701,
-0.002454 -0.098395 -0.984252,
0.002454 -0.098395 0.393701,
0.002454 -0.098395 -0.984252,
0.007355 -0.098150 0.393701,
0.007355 -0.098150 -0.984252,
0.012239 -0.097661 0.393701,
0.012239 -0.097661 -0.984252,
0.017091 -0.096930 0.393701,
0.017091 -0.096930 -0.984252,
0.021902 -0.095957 0.393701,
0.021902 -0.095957 -0.984252,
0.026658 -0.094746 0.393701,
0.026658 -0.094746 -0.984252,
0.031347 -0.093300 0.393701,
0.031347 -0.093300 -0.984252,
0.035959 -0.091621 0.393701,
0.035959 -0.091621 -0.984252,
0.040481 -0.089715 -0.984252,
0.040481 -0.089715 0.393701,
0.044903 -0.087586 0.393701,
0.044903 -0.087586 -0.984252,
0.049213 -0.085239 0.393701,
0.049213 -0.085239 -0.984252,
0.053400 -0.082680 0.393701,
0.053400 -0.082680 -0.984252,
0.057455 -0.079915 -0.984252,
0.057455 -0.079915 0.393701,
0.061367 -0.076952 0.393701,
0.061367 -0.076952 -0.984252,
0.065127 -0.073797 0.393701,
0.065127 -0.073797 -0.984252,
0.068724 -0.070459 0.393701,
0.068724 -0.070459 -0.984252,
0.072151 -0.066946 -0.984252,
0.072151 -0.066946 0.393701,
0.075398 -0.063266 0.393701,
0.075398 -0.063266 -0.984252,
0.078458 -0.059430 0.393701,
0.078458 -0.059430 -0.984252,
0.081323 -0.055445 -0.984252,
0.081323 -0.055445 0.393701,
0.083985 -0.051322 0.393701,
0.083985 -0.051322 -0.984252,
0.086439 -0.047072 -0.984252,
0.086439 -0.047072 0.393701,
0.088678 -0.042705 0.393701,
0.088678 -0.042705 -0.984252,
0.090696 -0.038232 -0.984252,
0.090696 -0.038232 0.393701,
0.092489 -0.033663 -0.984252,
0.092489 -0.033663 0.393701,
0.094052 -0.029011 0.393701,
0.094052 -0.029011 -0.984252,
0.095382 -0.024287 -0.984252,
0.095382 -0.024287 0.393701,
0.096474 -0.019503 0.393701,
0.096474 -0.019503 -0.984252,
0.097326 -0.014670 -0.984252,
0.097326 -0.014670 0.393701,
0.097936 -0.009800 0.393701,
0.097936 -0.009800 -0.984252,
0.098303 -0.004906 -0.984252,
0.098303 -0.004906 0.393701 ] } coordIndex [ 0 1 2 -1,
0 2 3 -1,
4 3 5 -1,
4 0 3 -1,
6 5 7 -1,
6 4 5 -1,
8 7 9 -1,
8 6 7 -1,
10 9 11 -1,
10 8 9 -1,
12 11 13 -1,
12 13 14 -1,
12 10 11 -1,
15 12 14 -1,
16 14 17 -1,
16 15 14 -1,
18 17 19 -1,
18 19 20 -1,
18 16 17 -1,
21 20 22 -1,
21 18 20 -1,
23 21 22 -1,
24 23 22 -1,
24 22 25 -1,
26 24 25 -1,
26 25 27 -1,
26 27 28 -1,
29 26 28 -1,
30 29 28 -1,
30 28 31 -1,
32 30 31 -1,
32 31 33 -1,
32 33 34 -1,
35 32 34 -1,
36 35 34 -1,
36 34 37 -1,
38 36 37 -1,
38 37 39 -1,
40 38 39 -1,
40 39 41 -1,
42 40 41 -1,
42 41 43 -1,
44 42 43 -1,
44 43 45 -1,
46 45 47 -1,
46 44 45 -1,
48 47 49 -1,
48 46 47 -1,
48 49 50 -1,
51 48 50 -1,
52 50 53 -1,
52 51 50 -1,
54 53 55 -1,
54 52 53 -1,
56 55 57 -1,
56 54 55 -1,
58 57 59 -1,
58 56 57 -1,
60 59 61 -1,
60 58 59 -1,
62 61 63 -1,
62 60 61 -1,
64 63 65 -1,
64 62 63 -1,
66 65 67 -1,
66 64 65 -1,
68 67 69 -1,
68 66 67 -1,
70 69 71 -1,
70 68 69 -1,
72 71 73 -1,
72 70 71 -1,
74 72 73 -1,
74 73 75 -1,
74 75 76 -1,
77 74 76 -1,
78 77 76 -1,
78 76 79 -1,
80 78 79 -1,
80 79 81 -1,
80 81 82 -1,
83 80 82 -1,
84 83 82 -1,
84 82 85 -1,
86 84 85 -1,
86 85 87 -1,
86 87 88 -1,
89 86 88 -1,
90 89 88 -1,
90 88 91 -1,
92 90 91 -1,
92 91 93 -1,
94 92 93 -1,
94 93 95 -1,
96 94 95 -1,
96 95 97 -1,
96 97 98 -1,
99 96 98 -1,
100 99 98 -1,
100 98 101 -1,
102 100 101 -1,
102 101 103 -1,
102 103 104 -1,
105 102 104 -1,
105 104 106 -1,
107 105 106 -1,
107 106 108 -1,
109 107 108 -1,
110 109 108 -1,
110 108 111 -1,
110 111 112 -1,
113 110 112 -1,
114 113 112 -1,
114 112 115 -1,
116 115 117 -1,
116 114 115 -1,
118 117 119 -1,
118 119 120 -1,
118 116 117 -1,
121 118 120 -1,
121 120 122 -1,
123 122 124 -1,
123 121 122 -1,
125 123 124 -1,
126 125 124 -1,
126 124 127 -1,
128 126 127 -1,
128 127 129 -1,
130 128 129 -1,
130 129 131 -1,
132 130 131 -1,
132 131 133 -1,
132 133 134 -1,
135 132 134 -1,
135 134 136 -1,
137 135 136 -1,
138 137 136 -1,
138 136 139 -1,
140 138 139 -1,
140 139 141 -1,
140 141 142 -1,
143 140 142 -1,
144 143 142 -1,
144 142 145 -1,
146 144 145 -1,
146 145 147 -1,
146 147 148 -1,
149 148 150 -1,
149 146 148 -1,
151 149 150 -1,
152 150 153 -1,
152 153 154 -1,
152 151 150 -1,
155 152 154 -1,
156 154 157 -1,
156 155 154 -1,
158 157 159 -1,
158 159 160 -1,
158 156 157 -1,
161 158 160 -1,
162 160 163 -1,
162 163 164 -1,
162 161 160 -1,
165 162 164 -1,
166 164 167 -1,
166 165 164 -1,
168 167 169 -1,
168 166 167 -1,
170 169 171 -1,
170 168 169 -1,
172 171 173 -1,
172 173 174 -1,
172 170 171 -1,
175 172 174 -1,
176 175 174 -1,
176 174 177 -1,
178 176 177 -1,
178 177 179 -1,
180 178 179 -1,
180 179 181 -1,
182 180 181 -1,
182 181 183 -1,
184 183 185 -1,
184 185 186 -1,
184 182 183 -1,
187 184 186 -1,
188 186 189 -1,
188 187 186 -1,
190 189 191 -1,
190 188 189 -1,
192 191 193 -1,
192 190 191 -1,
194 193 195 -1,
194 192 193 -1,
196 195 197 -1,
196 194 195 -1,
198 197 199 -1,
198 196 197 -1,
200 199 201 -1,
200 198 199 -1,
202 201 203 -1,
202 200 201 -1,
204 203 205 -1,
204 205 206 -1,
204 202 203 -1,
207 204 206 -1,
208 206 209 -1,
208 207 206 -1,
210 209 211 -1,
210 208 209 -1,
212 211 213 -1,
212 213 214 -1,
212 210 211 -1,
215 212 214 -1,
216 214 217 -1,
216 215 214 -1,
218 217 219 -1,
218 216 217 -1,
220 219 221 -1,
220 221 222 -1,
220 218 219 -1,
223 220 222 -1,
224 223 222 -1,
224 222 225 -1,
226 224 225 -1,
226 225 227 -1,
226 227 228 -1,
229 226 228 -1,
230 229 228 -1,
230 228 231 -1,
230 231 232 -1,
233 230 232 -1,
234 233 232 -1,
234 232 235 -1,
234 235 236 -1,
237 234 236 -1,
237 236 238 -1,
239 237 238 -1,
240 239 238 -1,
240 238 241 -1,
240 241 242 -1,
243 240 242 -1,
244 243 242 -1,
244 242 245 -1,
244 245 246 -1,
247 244 246 -1,
248 246 249 -1,
248 247 246 -1,
248 249 250 -1,
251 248 250 -1,
1 250 2 -1,
1 251 250 -1,
208 204 207 -1,
210 204 208 -1,
215 210 212 -1,
216 210 215 -1,
224 216 218 -1,
224 218 220 -1,
224 220 223 -1,
89 90 92 -1,
233 229 230 -1,
80 83 84 -1,
237 233 234 -1,
239 233 237 -1,
243 239 240 -1,
244 233 239 -1,
244 239 243 -1,
248 244 247 -1,
0 248 251 -1,
0 251 1 -1,
52 54 56 -1,
12 8 10 -1,
16 12 15 -1,
46 48 51 -1,
18 6 8 -1,
18 8 12 -1,
18 12 16 -1,
24 21 23 -1,
38 40 42 -1,
38 42 44 -1,
30 24 26 -1,
30 26 29 -1,
32 24 30 -1,
32 200 202 -1,
32 202 204 -1,
32 0 4 -1,
32 4 6 -1,
32 204 210 -1,
32 18 21 -1,
32 224 226 -1,
32 226 229 -1,
32 35 36 -1,
32 36 38 -1,
32 44 46 -1,
32 210 216 -1,
32 51 52 -1,
32 56 58 -1,
32 58 60 -1,
32 60 62 -1,
32 62 64 -1,
32 64 66 -1,
32 66 68 -1,
32 68 70 -1,
32 70 72 -1,
32 72 74 -1,
32 74 77 -1,
32 77 78 -1,
32 78 80 -1,
32 84 86 -1,
32 86 89 -1,
32 38 44 -1,
32 6 18 -1,
32 92 94 -1,
32 94 96 -1,
32 96 99 -1,
32 99 100 -1,
32 100 102 -1,
32 102 105 -1,
32 105 107 -1,
32 107 109 -1,
32 89 92 -1,
32 109 110 -1,
32 110 113 -1,
32 113 114 -1,
32 114 116 -1,
32 216 224 -1,
32 116 118 -1,
32 118 121 -1,
32 121 123 -1,
32 123 125 -1,
32 125 126 -1,
32 126 128 -1,
32 244 248 -1,
32 128 130 -1,
32 130 132 -1,
32 132 135 -1,
32 135 137 -1,
32 229 233 -1,
32 137 138 -1,
32 138 140 -1,
32 140 143 -1,
32 143 144 -1,
32 144 146 -1,
32 80 84 -1,
32 146 149 -1,
32 149 151 -1,
32 151 152 -1,
32 152 155 -1,
32 155 156 -1,
32 156 158 -1,
32 158 161 -1,
32 233 244 -1,
32 161 162 -1,
32 162 165 -1,
32 165 166 -1,
32 46 51 -1,
32 166 168 -1,
32 168 170 -1,
32 170 172 -1,
32 52 56 -1,
32 248 0 -1,
32 172 175 -1,
32 175 176 -1,
32 176 178 -1,
32 178 180 -1,
32 180 182 -1,
32 182 184 -1,
32 184 187 -1,
32 187 188 -1,
32 188 190 -1,
32 21 24 -1,
32 190 192 -1,
32 192 194 -1,
32 194 196 -1,
32 196 198 -1,
32 198 200 -1,
205 209 206 -1,
205 211 209 -1,
211 214 213 -1,
211 217 214 -1,
217 225 219 -1,
219 225 221 -1,
221 225 222 -1,
91 88 93 -1,
228 232 231 -1,
82 81 85 -1,
232 236 235 -1,
232 238 236 -1,
238 242 241 -1,
232 245 238 -1,
238 245 242 -1,
245 249 246 -1,
249 3 250 -1,
250 3 2 -1,
55 53 57 -1,
9 13 11 -1,
13 17 14 -1,
49 47 50 -1,
7 19 9 -1,
9 19 13 -1,
13 19 17 -1,
20 25 22 -1,
41 39 43 -1,
43 39 45 -1,
25 31 27 -1,
27 31 28 -1,
25 33 31 -1,
201 33 203 -1,
203 33 205 -1,
3 33 5 -1,
5 33 7 -1,
205 33 211 -1,
19 33 20 -1,
225 33 227 -1,
227 33 228 -1,
34 33 37 -1,
37 33 39 -1,
45 33 47 -1,
211 33 217 -1,
50 33 53 -1,
57 33 59 -1,
59 33 61 -1,
61 33 63 -1,
63 33 65 -1,
65 33 67 -1,
67 33 69 -1,
69 33 71 -1,
71 33 73 -1,
73 33 75 -1,
75 33 76 -1,
76 33 79 -1,
79 33 81 -1,
85 33 87 -1,
87 33 88 -1,
39 33 45 -1,
7 33 19 -1,
93 33 95 -1,
95 33 97 -1,
97 33 98 -1,
98 33 101 -1,
101 33 103 -1,
103 33 104 -1,
104 33 106 -1,
106 33 108 -1,
88 33 93 -1,
108 33 111 -1,
111 33 112 -1,
112 33 115 -1,
115 33 117 -1,
217 33 225 -1,
117 33 119 -1,
119 33 120 -1,
120 33 122 -1,
122 33 124 -1,
124 33 127 -1,
127 33 129 -1,
245 33 249 -1,
129 33 131 -1,
131 33 133 -1,
133 33 134 -1,
134 33 136 -1,
228 33 232 -1,
136 33 139 -1,
139 33 141 -1,
141 33 142 -1,
142 33 145 -1,
145 33 147 -1,
81 33 85 -1,
147 33 148 -1,
148 33 150 -1,
150 33 153 -1,
153 33 154 -1,
154 33 157 -1,
157 33 159 -1,
159 33 160 -1,
232 33 245 -1,
160 33 163 -1,
163 33 164 -1,
164 33 167 -1,
47 33 50 -1,
167 33 169 -1,
169 33 171 -1,
171 33 173 -1,
53 33 57 -1,
249 33 3 -1,
173 33 174 -1,
174 33 177 -1,
177 33 179 -1,
179 33 181 -1,
181 33 183 -1,
183 33 185 -1,
185 33 186 -1,
186 33 189 -1,
189 33 191 -1,
20 33 25 -1,
191 33 193 -1,
193 33 195 -1,
195 33 197 -1,
197 33 199 -1,
199 33 201 -1 ] } }
Shape { appearance Appearance { material Material { diffuseColor 0.7 0.72 0.74 } } geometry IndexedFaceSet { solid FALSE coord Coordinate { point [ 0.689186 -0.004906 1.061486,
0.689110 0.000000 1.061582,
-0.060890 0.000000 0.471031,
-0.060814 -0.004906 0.470935,
0.689413 -0.009800 1.061198,
-0.060587 -0.009800 0.470647,
0.689790 -0.014670 1.060718,
-0.060210 -0.014670 0.470167,
-0.059683 -0.019503 0.469498,
0.690317 -0.019503 1.060049,
0.690993 -0.024287 1.059191,
-0.059007 -0.024287 0.468640,
-0.058185 -0.029011 0.467595,
0.691815 -0.029011 1.058147,
-0.057218 -0.033663 0.466367,
0.692782 -0.033663 1.056919,
-0.056109 -0.038232 0.464959,
0.693891 -0.038232 1.055510,
0.695140 -0.042705 1.053924,
-0.054860 -0.042705 0.463373,
0.696525 -0.047072 1.052165,
-0.053475 -0.047072 0.461614,
0.698043 -0.051322 1.050237,
-0.051957 -0.051322 0.459686,
0.699690 -0.055445 1.048145,
-0.050310 -0.055445 0.457594,
0.701463 -0.059430 1.045894,
-0.048537 -0.059430 0.455343,
-0.046644 -0.063266 0.452939,
0.703356 -0.063266 1.043490,
0.705365 -0.066946 1.040939,
-0.044635 -0.066946 0.450388,
0.707484 -0.070459 1.038247,
-0.042516 -0.070459 0.447696,
0.709710 -0.073797 1.035420,
-0.040290 -0.073797 0.444869,
0.712036 -0.076952 1.032467,
-0.037964 -0.076952 0.441915,
0.714456 -0.079915 1.029393,
-0.035544 -0.079915 0.438842,
0.716964 -0.082680 1.026207,
-0.033036 -0.082680 0.435656,
-0.030445 -0.085239 0.432366,
0.719555 -0.085239 1.022917,
-0.027779 -0.087586 0.428980,
0.722221 -0.087586 1.019531,
-0.025043 -0.089715 0.425506,
0.724957 -0.089715 1.016057,
0.727754 -0.091621 1.012504,
-0.022246 -0.091621 0.421953,
0.730607 -0.093300 1.008881,
-0.019393 -0.093300 0.418329,
-0.016491 -0.094746 0.414645,
0.733509 -0.094746 1.005196,
0.736451 -0.095957 1.001460,
-0.013549 -0.095957 0.410908,
-0.010573 -0.096930 0.407129,
0.739427 -0.096930 0.997680,
0.742429 -0.097661 0.993867,
-0.007571 -0.097661 0.403316,
0.745450 -0.098150 0.990031,
-0.004550 -0.098150 0.399480,
-0.001518 -0.098395 0.395629,
0.748482 -0.098395 0.986180,
0.751518 -0.098395 0.982324,
0.001518 -0.098395 0.391773,
0.754550 -0.098150 0.978473,
0.004550 -0.098150 0.387922,
0.007571 -0.097661 0.384085,
0.757571 -0.097661 0.974636,
0.760573 -0.096930 0.970824,
0.010573 -0.096930 0.380273,
0.763549 -0.095957 0.967044,
0.013549 -0.095957 0.376493,
0.766491 -0.094746 0.963308,
0.016491 -0.094746 0.372757,
0.769393 -0.093300 0.959623,
0.019393 -0.093300 0.369072,
0.022246 -0.091621 0.365449,
0.772246 -0.091621 0.956000,
0.025043 -0.089715 0.361896,
0.775043 -0.089715 0.952447,
0.777779 -0.087586 0.948973,
0.027779 -0.087586 0.358422,
0.780445 -0.085239 0.945587,
0.030445 -0.085239 0.355036,
0.033036 -0.082680 0.351746,
0.783036 -0.082680 0.942297,
0.785544 -0.079915 0.939111,
0.035544 -0.079915 0.348560,
0.787964 -0.076952 0.936037,
0.037964 -0.076952 0.345486,
0.790290 -0.073797 0.933084,
0.040290 -0.073797 0.342533,
0.792516 -0.070459 0.930257,
0.042516 -0.070459 0.339706,
0.794635 -0.066946 0.927565,
0.044635 -0.066946 0.337014,
0.796644 -0.063266 0.925014,
0.046644 -0.063266 0.334462,
0.798537 -0.059430 0.922610,
0.048537 -0.059430 0.332058,
0.800310 -0.055445 0.920359,
0.050310 -0.055445 0.329808,
0.801957 -0.051322 0.918267,
0.051957 -0.051322 0.327716,
0.053475 -0.047072 0.325788,
0.803475 -0.047072 0.916339,
0.804860 -0.042705 0.914580,
0.054860 -0.042705 0.324029,
0.806109 -0.038232 0.912994,
0.056109 -0.038232 0.322443,
0.807218 -0.033663 0.911585,
0.057218 -0.033663 0.321034,
0.808185 -0.029011 0.910357,
0.058185 -0.029011 0.319806,
0.809007 -0.024287 0.909313,
0.059007 -0.024287 0.318762,
0.809683 -0.019503 0.908455,
0.059683 -0.019503 0.317904,
0.810210 -0.014670 0.907786,
0.060210 -0.014670 0.317234,
0.810587 -0.009800 0.907306,
0.060587 -0.009800 0.316755,
0.810814 -0.004906 0.907018,
0.060814 -0.004906 0.316467,
0.060890 0.000000 0.316371,
0.810890 0.000000 0.906922,
0.810814 0.004906 0.907018,
0.060814 0.004906 0.316467,
0.810587 0.009800 0.907306,
0.060587 0.009800 0.316755,
0.810210 0.014670 0.907786,
0.060210 0.014670 0.317234,
0.809683 0.019503 0.908455,
0.059683 0.019503 0.317904,
0.809007 0.024287 0.909313,
0.059007 0.024287 0.318762,
0.808185 0.029011 0.910357,
0.058185 0.029011 0.319806,
0.807218 0.033663 0.911585,
0.057218 0.033663 0.321034,
0.806109 0.038232 0.912994,
0.056109 0.038232 0.322443,
0.804860 0.042705 0.914580,
0.054860 0.042705 0.324029,
0.803475 0.047072 0.916339,
0.053475 0.047072 0.325788,
0.801957 0.051322 0.918267,
0.051957 0.051322 0.327716,
0.800310 0.055445 0.920359,
0.050310 0.055445 0.329808,
0.798537 0.059430 0.922610,
0.048537 0.059430 0.332058,
0.796644 0.063266 0.925014,
0.046644 0.063266 0.334462,
0.794635 0.066946 0.927565,
0.044635 0.066946 0.337014,
0.792516 0.070459 0.930257,
0.042516 0.070459 0.339706,
0.790290 0.073797 0.933084,
0.040290 0.073797 0.342533,
0.787964 0.076952 0.936037,
0.037964 0.076952 0.345486,
0.785544 0.079915 0.939111,
0.035544 0.079915 0.348560,
0.783036 0.082680 0.942297,
0.033036 0.082680 0.351746,
0.780445 0.085239 0.945587,
0.030445 0.085239 0.355036,
0.777779 0.087586 0.948973,
0.027779 0.087586 0.358422,
0.775043 0.089715 0.952447,
0.025043 0.089715 0.361896,
0.772246 0.091621 0.956000,
0.022246 0.091621 0.365449,
0.769393 0.093300 0.959623,
0.019393 0.093300 0.369072,
0.766491 0.094746 0.963308,
0.016491 0.094746 0.372757,
0.763549 0.095957 0.967044,
0.013549 0.095957 0.376493,
0.010573 0.096930 0.380273,
0.760573 0.096930 0.970824,
0.757571 0.097661 0.974636,
0.007571 0.097661 0.384085,
0.754550 0.098150 0.978473,
0.004550 0.098150 0.387922,
0.751518 0.098395 0.982324,
0.001518 0.098395 0.391773,
0.748482 0.098395 0.986180,
-0.001518 0.098395 0.395629,
0.745450 0.098150 0.990031,
-0.004550 0.098150 0.399480,
0.742429 0.097661 0.993867,
-0.007571 0.097661 0.403316,
0.739427 0.096930 0.997680,
-0.010573 0.096930 0.407129,
0.736451 0.095957 1.001460,
-0.013549 0.095957 0.410908,
0.733509 0.094746 1.005196,
-0.016491 0.094746 0.414645,
0.730607 0.093300 1.008881,
-0.019393 0.093300 0.418329,
0.727754 0.091621 1.012504,
-0.022246 0.091621 0.421953,
0.724957 0.089715 1.016057,
-0.025043 0.089715 0.425506,
0.722221 0.087586 1.019531,
-0.027779 0.087586 0.428980,
0.719555 0.085239 1.022917,
-0.030445 0.085239 0.432366,
0.716964 0.082680 1.026207,
-0.033036 0.082680 0.435656,
0.714456 0.079915 1.029393,
-0.035544 0.079915 0.438842,
0.712036 0.076952 1.032467,
-0.037964 0.076952 0.441915,
0.709710 0.073797 1.035420,
-0.040290 0.073797 0.444869,
-0.042516 0.070459 0.447696,
0.707484 0.070459 1.038247,
0.705365 0.066946 1.040939,
-0.044635 0.066946 0.450388,
0.703356 0.063266 1.043490,
-0.046644 0.063266 0.452939,
-0.048537 0.059430 0.455343,
0.701463 0.059430 1.045894,
0.699690 0.055445 1.048145,
-0.050310 0.055445 0.457594,
0.698043 0.051322 1.050237,
-0.051957 0.051322 0.459686,
-0.053475 0.047072 0.461614,
0.696525 0.047072 1.052165,
0.695140 0.042705 1.053924,
-0.054860 0.042705 0.463373,
0.693891 0.038232 1.055510,
-0.056109 0.038232 0.464959,
-0.057218 0.033663 0.466367,
0.692782 0.033663 1.056919,
-0.058185 0.029011 0.467595,
0.691815 0.029011 1.058147,
0.690993 0.024287 1.059191,
-0.059007 0.024287 0.468640,
0.690317 0.019503 1.060049,
-0.059683 0.019503 0.469498,
0.689790 0.014670 1.060718,
-0.060210 0.014670 0.470167,
0.689413 0.009800 1.061198,
-0.060587 0.009800 0.470647,
-0.060814 0.004906 0.470935,
0.689186 0.004906 1.061486 ] } coordIndex [ 0 1 2 -1,
0 2 3 -1,
4 3 5 -1,
4 0 3 -1,
6 5 7 -1,
6 7 8 -1,
6 4 5 -1,
9 6 8 -1,
10 8 11 -1,
10 11 12 -1,
10 9 8 -1,
13 12 14 -1,
13 10 12 -1,
15 14 16 -1,
15 13 14 -1,
17 15 16 -1,
18 16 19 -1,
18 17 16 -1,
20 19 21 -1,
20 18 19 -1,
22 20 21 -1,
22 21 23 -1,
24 22 23 -1,
24 23 25 -1,
26 24 25 -1,
26 25 27 -1,
26 27 28 -1,
29 26 28 -1,
30 29 28 -1,
30 28 31 -1,
32 30 31 -1,
32 31 33 -1,
34 32 33 -1,
34 33 35 -1,
36 34 35 -1,
36 35 37 -1,
38 36 37 -1,
38 37 39 -1,
40 38 39 -1,
40 39 41 -1,
40 41 42 -1,
43 40 42 -1,
43 42 44 -1,
45 43 44 -1,
45 44 46 -1,
47 45 46 -1,
48 46 49 -1,
48 47 46 -1,
50 49 51 -1,
50 51 52 -1,
50 48 49 -1,
53 50 52 -1,
54 52 55 -1,
54 55 56 -1,
54 53 52 -1,
57 54 56 -1,
58 56 59 -1,
58 57 56 -1,
60 59 61 -1,
60 61 62 -1,
60 58 59 -1,
63 60 62 -1,
64 62 65 -1,
64 63 62 -1,
66 65 67 -1,
66 67 68 -1,
66 64 65 -1,
69 66 68 -1,
70 68 71 -1,
70 69 68 -1,
72 71 73 -1,
72 70 71 -1,
74 72 73 -1,
74 73 75 -1,
76 74 75 -1,
76 75 77 -1,
76 77 78 -1,
79 76 78 -1,
79 78 80 -1,
81 79 80 -1,
82 81 80 -1,
82 80 83 -1,
84 82 83 -1,
84 83 85 -1,
84 85 86 -1,
87 84 86 -1,
88 87 86 -1,
88 86 89 -1,
90 88 89 -1,
90 89 91 -1,
92 90 91 -1,
92 91 93 -1,
94 92 93 -1,
94 93 95 -1,
96 94 95 -1,
96 95 97 -1,
98 96 97 -1,
98 97 99 -1,
100 98 99 -1,
100 99 101 -1,
102 100 101 -1,
102 101 103 -1,
104 102 103 -1,
104 103 105 -1,
104 105 106 -1,
107 104 106 -1,
108 107 106 -1,
108 106 109 -1,
110 108 109 -1,
110 109 111 -1,
112 110 111 -1,
112 111 113 -1,
114 112 113 -1,
114 113 115 -1,
116 115 117 -1,
116 114 115 -1,
118 117 119 -1,
118 116 117 -1,
120 119 121 -1,
120 118 119 -1,
122 121 123 -1,
122 120 121 -1,
124 122 123 -1,
124 123 125 -1,
124 125 126 -1,
127 124 126 -1,
128 127 126 -1,
128 126 129 -1,
130 128 129 -1,
130 129 131 -1,
132 130 131 -1,
132 131 133 -1,
134 132 133 -1,
134 133 135 -1,
136 134 135 -1,
136 135 137 -1,
138 136 137 -1,
138 137 139 -1,
140 138 139 -1,
140 139 141 -1,
142 140 141 -1,
142 141 143 -1,
144 142 143 -1,
144 143 145 -1,
146 144 145 -1,
146 145 147 -1,
148 146 147 -1,
148 147 149 -1,
150 149 151 -1,
150 148 149 -1,
152 151 153 -1,
152 150 151 -1,
154 153 155 -1,
154 152 153 -1,
156 155 157 -1,
156 154 155 -1,
158 157 159 -1,
158 156 157 -1,
160 159 161 -1,
160 158 159 -1,
162 161 163 -1,
162 160 161 -1,
164 163 165 -1,
164 162 163 -1,
166 165 167 -1,
166 164 165 -1,
168 167 169 -1,
168 166 167 -1,
170 169 171 -1,
170 168 169 -1,
172 171 173 -1,
172 170 171 -1,
174 173 175 -1,
174 172 173 -1,
176 174 175 -1,
176 175 177 -1,
178 176 177 -1,
178 177 179 -1,
180 178 179 -1,
180 179 181 -1,
180 181 182 -1,
183 180 182 -1,
184 182 185 -1,
184 183 182 -1,
186 185 187 -1,
186 184 185 -1,
188 187 189 -1,
188 186 187 -1,
190 189 191 -1,
190 188 189 -1,
192 191 193 -1,
192 190 191 -1,
194 193 195 -1,
194 192 193 -1,
196 195 197 -1,
196 194 195 -1,
198 197 199 -1,
198 196 197 -1,
200 199 201 -1,
200 198 199 -1,
202 201 203 -1,
202 200 201 -1,
204 203 205 -1,
204 202 203 -1,
206 205 207 -1,
206 204 205 -1,
208 207 209 -1,
208 206 207 -1,
210 209 211 -1,
210 208 209 -1,
212 211 213 -1,
212 210 211 -1,
214 213 215 -1,
214 212 213 -1,
216 215 217 -1,
216 214 215 -1,
218 217 219 -1,
218 219 220 -1,
218 216 217 -1,
221 218 220 -1,
222 220 223 -1,
222 221 220 -1,
224 223 225 -1,
224 225 226 -1,
224 222 223 -1,
227 224 226 -1,
228 227 226 -1,
228 226 229 -1,
230 228 229 -1,
230 229 231 -1,
230 231 232 -1,
233 230 232 -1,
234 233 232 -1,
234 232 235 -1,
236 234 235 -1,
236 235 237 -1,
236 237 238 -1,
239 236 238 -1,
239 238 240 -1,
241 239 240 -1,
242 241 240 -1,
242 240 243 -1,
244 242 243 -1,
244 243 245 -1,
246 244 245 -1,
246 245 247 -1,
248 246 247 -1,
248 247 249 -1,
248 249 250 -1,
251 248 250 -1,
1 250 2 -1,
1 251 250 -1,
200 196 198 -1,
206 202 204 -1,
104 107 108 -1,
212 208 210 -1,
222 218 221 -1,
227 222 224 -1,
88 90 92 -1,
230 227 228 -1,
234 230 233 -1,
234 227 230 -1,
81 82 84 -1,
236 227 234 -1,
242 236 239 -1,
242 239 241 -1,
246 242 244 -1,
69 70 72 -1,
251 246 248 -1,
0 251 1 -1,
4 251 0 -1,
58 60 63 -1,
13 6 9 -1,
13 9 10 -1,
18 15 17 -1,
20 15 18 -1,
43 45 47 -1,
43 47 48 -1,
43 48 50 -1,
36 38 40 -1,
36 40 43 -1,
29 24 26 -1,
30 24 29 -1,
32 200 202 -1,
32 4 6 -1,
32 206 208 -1,
32 24 30 -1,
32 246 251 -1,
32 212 214 -1,
32 13 15 -1,
32 214 216 -1,
32 216 218 -1,
32 20 22 -1,
32 202 206 -1,
32 36 43 -1,
32 22 24 -1,
32 196 200 -1,
32 6 13 -1,
32 251 4 -1,
32 34 36 -1,
32 104 108 -1,
32 222 227 -1,
32 69 72 -1,
32 50 53 -1,
32 53 54 -1,
32 54 57 -1,
32 57 58 -1,
32 63 64 -1,
32 64 66 -1,
32 66 69 -1,
32 208 212 -1,
32 72 74 -1,
32 74 76 -1,
32 76 79 -1,
32 79 81 -1,
32 218 222 -1,
32 84 87 -1,
32 87 88 -1,
32 43 50 -1,
32 92 94 -1,
32 94 96 -1,
32 96 98 -1,
32 227 236 -1,
32 98 100 -1,
32 100 102 -1,
32 102 104 -1,
32 108 110 -1,
32 110 112 -1,
32 112 114 -1,
32 114 116 -1,
32 116 118 -1,
32 118 120 -1,
32 120 122 -1,
32 122 124 -1,
32 124 127 -1,
32 127 128 -1,
32 128 130 -1,
32 236 242 -1,
32 130 132 -1,
32 15 20 -1,
32 132 134 -1,
32 134 136 -1,
32 136 138 -1,
32 138 140 -1,
32 140 142 -1,
32 142 144 -1,
32 144 146 -1,
32 146 148 -1,
32 148 150 -1,
32 150 152 -1,
32 152 154 -1,
32 154 156 -1,
32 156 158 -1,
32 158 160 -1,
32 81 84 -1,
32 160 162 -1,
32 162 164 -1,
32 164 166 -1,
32 166 168 -1,
32 168 170 -1,
32 170 172 -1,
32 242 246 -1,
32 172 174 -1,
32 174 176 -1,
32 176 178 -1,
32 178 180 -1,
32 180 183 -1,
32 183 184 -1,
32 184 186 -1,
32 186 188 -1,
32 88 92 -1,
32 188 190 -1,
32 190 192 -1,
32 192 194 -1,
32 58 63 -1,
32 194 196 -1,
197 201 199 -1,
203 207 205 -1,
106 105 109 -1,
209 213 211 -1,
219 223 220 -1,
223 226 225 -1,
91 89 93 -1,
226 231 229 -1,
231 235 232 -1,
226 235 231 -1,
83 80 85 -1,
226 237 235 -1,
237 243 238 -1,
238 243 240 -1,
243 247 245 -1,
71 68 73 -1,
247 250 249 -1,
250 3 2 -1,
250 5 3 -1,
61 59 62 -1,
7 12 8 -1,
8 12 11 -1,
14 19 16 -1,
14 21 19 -1,
44 42 46 -1,
46 42 49 -1,
49 42 51 -1,
39 37 41 -1,
41 37 42 -1,
25 28 27 -1,
25 31 28 -1,
201 33 203 -1,
5 33 7 -1,
207 33 209 -1,
25 33 31 -1,
247 33 250 -1,
213 33 215 -1,
12 33 14 -1,
215 33 217 -1,
217 33 219 -1,
21 33 23 -1,
203 33 207 -1,
37 33 42 -1,
23 33 25 -1,
197 33 201 -1,
7 33 12 -1,
250 33 5 -1,
35 33 37 -1,
105 33 109 -1,
223 33 226 -1,
68 33 73 -1,
51 33 52 -1,
52 33 55 -1,
55 33 56 -1,
56 33 59 -1,
62 33 65 -1,
65 33 67 -1,
67 33 68 -1,
209 33 213 -1,
73 33 75 -1,
75 33 77 -1,
77 33 78 -1,
78 33 80 -1,
219 33 223 -1,
85 33 86 -1,
86 33 89 -1,
42 33 51 -1,
93 33 95 -1,
95 33 97 -1,
97 33 99 -1,
226 33 237 -1,
99 33 101 -1,
101 33 103 -1,
103 33 105 -1,
109 33 111 -1,
111 33 113 -1,
113 33 115 -1,
115 33 117 -1,
117 33 119 -1,
119 33 121 -1,
121 33 123 -1,
123 33 125 -1,
125 33 126 -1,
126 33 129 -1,
129 33 131 -1,
237 33 243 -1,
131 33 133 -1,
14 33 21 -1,
133 33 135 -1,
135 33 137 -1,
137 33 139 -1,
139 33 141 -1,
141 33 143 -1,
143 33 145 -1,
145 33 147 -1,
147 33 149 -1,
149 33 151 -1,
151 33 153 -1,
153 33 155 -1,
155 33 157 -1,
157 33 159 -1,
159 33 161 -1,
80 33 85 -1,
161 33 163 -1,
163 33 165 -1,
165 33 167 -1,
167 33 169 -1,
169 33 171 -1,
171 33 173 -1,
243 33 247 -1,
173 33 175 -1,
175 33 177 -1,
177 33 179 -1,
179 33 181 -1,
181 33 182 -1,
182 33 185 -1,
185 33 187 -1,
187 33 189 -1,
89 33 93 -1,
189 33 191 -1,
191 33 193 -1,
193 33 195 -1,
59 33 62 -1,
195 33 197 -1 ] } }
Shape { appearance Appearance { material Material { diffuseColor 0.7 0.72 0.74 } } geometry IndexedFaceSet { solid FALSE coord Coordinate { point [ 0.848303 0.004906 1.968504,
0.848425 -0.000000 1.968504,
0.848425 -0.000000 0.984252,
0.848303 0.004906 0.984252,
0.847936 0.009800 1.968504,
0.847936 0.009800 0.984252,
0.847326 0.014670 1.968504,
0.847326 0.014670 0.984252,
0.846474 0.019503 1.968504,
0.846474 0.019503 0.984252,
0.845382 0.024287 1.968504,
0.845382 0.024287 0.984252,
0.844052 0.029011 1.968504,
0.844052 0.029011 0.984252,
0.842489 0.033663 1.968504,
0.842489 0.033663 0.984252,
0.840696 0.038232 0.984252,
0.840696 0.038232 1.968504,
0.838678 0.042705 1.968504,
0.838678 0.042705 0.984252,
0.836439 0.047072 1.968504,
0.836439 0.047072 0.984252,
0.833985 0.051322 1.968504,
0.833985 0.051322 0.984252,
0.831323 0.055445 0.984252,
0.831323 0.055445 1.968504,
0.828458 0.059430 1.968504,
0.828458 0.059430 0.984252,
0.825398 0.063266 1.968504,
0.825398 0.063266 0.984252,
0.822151 0.066946 1.968504,
0.822151 0.066946 0.984252,
0.818724 0.070459 0.984252,
0.818724 0.070459 1.968504,
0.815127 0.073797 1.968504,
0.815127 0.073797 0.984252,
0.811367 0.076952 1.968504,
0.811367 0.076952 0.984252,
0.807455 0.079915 0.984252,
0.807455 0.079915 1.968504,
0.803400 0.082680 1.968504,
0.803400 0.082680 0.984252,
0.799213 0.085239 1.968504,
0.799213 0.085239 0.984252,
0.794903 0.087586 1.968504,
0.794903 0.087586 0.984252,
0.790481 0.089715 1.968504,
0.790481 0.089715 0.984252,
0.785959 0.091621 1.968504,
0.785959 0.091621 0.984252,
0.781347 0.093300 1.968504,
0.781347 0.093300 0.984252,
0.776658 0.094746 1.968504,
0.776658 0.094746 0.984252,
0.771902 0.095957 1.968504,
0.771902 0.095957 0.984252,
0.767091 0.096930 1.968504,
0.767091 0.096930 0.984252,
0.762239 0.097661 0.984252,
0.762239 0.097661 1.968504,
0.757355 0.098150 1.968504,
0.757355 0.098150 0.984252,
0.752454 0.098395 1.968504,
0.752454 0.098395 0.984252,
0.747546 0.098395 1.968504,
0.747546 0.098395 0.984252,
0.742645 0.098150 1.968504,
0.742645 0.098150 0.984252,
0.737761 0.097661 1.968504,
0.737761 0.097661 0.984252,
0.732909 0.096930 1.968504,
0.732909 0.096930 0.984252,
0.728098 0.095957 1.968504,
0.728098 0.095957 0.984252,
0.723342 0.094746 1.968504,
0.723342 0.094746 0.984252,
0.718653 0.093300 0.984252,
0.718653 0.093300 1.968504,
0.714041 0.091621 0.984252,
0.714041 0.091621 1.968504,
0.709519 0.089715 1.968504,
0.709519 0.089715 0.984252,
0.705097 0.087586 1.968504,
0.705097 0.087586 0.984252,
0.700787 0.085239 1.968504,
0.700787 0.085239 0.984252,
0.696600 0.082680 1.968504,
0.696600 0.082680 0.984252,
0.692545 0.079915 1.968504,
0.692545 0.079915 0.984252,
0.688633 0.076952 1.968504,
0.688633 0.076952 0.984252,
0.684873 0.073797 1.968504,
0.684873 0.073797 0.984252,
0.681276 0.070459 0.984252,
0.681276 0.070459 1.968504,
0.677849 0.066946 1.968504,
0.677849 0.066946 0.984252,
0.674602 0.063266 1.968504,
0.674602 0.063266 0.984252,
0.671542 0.059430 1.968504,
0.671542 0.059430 0.984252,
0.668677 0.055445 0.984252,
0.668677 0.055445 1.968504,
0.666015 0.051322 1.968504,
0.666015 0.051322 0.984252,
0.663561 0.047072 0.984252,
0.663561 0.047072 1.968504,
0.661322 0.042705 1.968504,
0.661322 0.042705 0.984252,
0.659304 0.038232 0.984252,
0.659304 0.038232 1.968504,
0.657511 0.033663 1.968504,
0.657511 0.033663 0.984252,
0.655948 0.029011 1.968504,
0.655948 0.029011 0.984252,
0.654618 0.024287 0.984252,
0.654618 0.024287 1.968504,
0.653526 0.019503 1.968504,
0.653526 0.019503 0.984252,
0.652674 0.014670 1.968504,
0.652674 0.014670 0.984252,
0.652064 0.009800 1.968504,
0.652064 0.009800 0.984252,
0.651697 0.004906 1.968504,
0.651697 0.004906 0.984252,
0.651575 -0.000000 0.984252,
0.651575 -0.000000 1.968504,
0.651697 -0.004906 0.984252,
0.651697 -0.004906 1.968504,
0.652064 -0.009800 1.968504,
0.652064 -0.009800 0.984252,
0.652674 -0.014670 0.984252,
0.652674 -0.014670 1.968504,
0.653526 -0.019503 0.984252,
0.653526 -0.019503 1.968504,
0.654618 -0.024287 0.984252,
0.654618 -0.024287 1.968504,
0.655948 -0.029011 1.968504,
0.655948 -0.029011 0.984252,
0.657511 -0.033663 0.984252,
0.657511 -0.033663 1.968504,
0.659304 -0.038232 1.968504,
0.659304 -0.038232 0.984252,
0.661322 -0.042705 1.968504,
0.661322 -0.042705 0.984252,
0.663561 -0.047072 0.984252,
0.663561 -0.047072 1.968504,
0.666015 -0.051322 1.968504,
0.666015 -0.051322 0.984252,
0.668677 -0.055445 1.968504,
0.668677 -0.055445 0.984252,
0.671542 -0.059430 1.968504,
0.671542 -0.059430 0.984252,
0.674602 -0.063266 0.984252,
0.674602 -0.063266 1.968504,
0.677849 -0.066946 1.968504,
0.677849 -0.066946 0.984252,
0.681276 -0.070459 1.968504,
0.681276 -0.070459 0.984252,
0.684873 -0.073797 0.984252,
0.684873 -0.073797 1.968504,
0.688633 -0.076952 1.968504,
0.688633 -0.076952 0.984252,
0.692545 -0.079915 1.968504,
0.692545 -0.079915 0.984252,
0.696600 -0.082680 1.968504,
0.696600 -0.082680 0.984252,
0.700787 -0.085239 0.984252,
0.700787 -0.085239 1.968504,
0.705097 -0.087586 1.968504,
0.705097 -0.087586 0.984252,
0.709519 -0.089715 1.968504,
0.709519 -0.089715 0.984252,
0.714041 -0.091621 1.968504,
0.714041 -0.091621 0.984252,
0.718653 -0.093300 1.968504,
0.718653 -0.093300 0.984252,
0.723342 -0.094746 1.968504,
0.723342 -0.094746 0.984252,
0.728098 -0.095957 1.968504,
0.728098 -0.095957 0.984252,
0.732909 -0.096930 1.968504,
0.732909 -0.096930 0.984252,
0.737761 -0.097661 0.984252,
0.737761 -0.097661 1.968504,
0.742645 -0.098150 1.968504,
0.742645 -0.098150 0.984252,
0.747546 -0.098395 1.968504,
0.747546 -0.098395 0.984252,
0.752454 -0.098395 1.968504,
0.752454 -0.098395 0.984252,
0.757355 -0.098150 1.968504,
0.757355 -0.098150 0.984252,
0.762239 -0.097661 1.968504,
0.762239 -0.097661 0.984252,
0.767091 -0.096930 1.968504,
0.767091 -0.096930 0.984252,
0.771902 -0.095957 1.968504,
0.771902 -0.095957 0.984252,
0.776658 -0.094746 1.968504,
0.776658 -0.094746 0.984252,
0.781347 -0.093300 1.968504,
0.781347 -0.093300 0.984252,
0.785959 -0.091621 1.968504,
0.785959 -0.091621 0.984252,
0.790481 -0.089715 1.968504,
0.790481 -0.089715 0.984252,
0.794903 -0.087586 1.968504,
0.794903 -0.087586 0.984252,
0.799213 -0.085239 0.984252,
0.799213 -0.085239 1.968504,
0.803400 -0.082680 1.968504,
0.803400 -0.082680 0.984252,
0.807455 -0.079915 1.968504,
0.807455 -0.079915 0.984252,
0.811367 -0.076952 1.968504,
0.811367 -0.076952 0.984252,
0.815127 -0.073797 1.968504,
0.815127 -0.073797 0.984252,
0.818724 -0.070459 1.968504,
0.818724 -0.070459 0.984252,
0.822151 -0.066946 1.968504,
0.822151 -0.066946 0.984252,
0.825398 -0.063266 1.968504,
0.825398 -0.063266 0.984252,
0.828458 -0.059430 1.968504,
0.828458 -0.059430 0.984252,
0.831323 -0.055445 1.968504,
0.831323 -0.055445 0.984252,
0.833985 -0.051322 1.968504,
0.833985 -0.051322 0.984252,
0.836439 -0.047072 1.968504,
0.836439 -0.047072 0.984252,
0.838678 -0.042705 1.968504,
0.838678 -0.042705 0.984252,
0.840696 -0.038232 1.968504,
0.840696 -0.038232 0.984252,
0.842489 -0.033663 1.968504,
0.842489 -0.033663 0.984252,
0.844052 -0.029011 0.984252,
0.844052 -0.029011 1.968504,
0.845382 -0.024287 1.968504,
0.845382 -0.024287 0.984252,
0.846474 -0.019503 1.968504,
0.846474 -0.019503 0.984252,
0.847326 -0.014670 1.968504,
0.847326 -0.014670 0.984252,
0.847936 -0.009800 1.968504,
0.847936 -0.009800 0.984252,
0.848303 -0.004906 1.968504,
0.848303 -0.004906 0.984252 ] } coordIndex [ 0 1 2 -1,
0 2 3 -1,
4 3 5 -1,
4 0 3 -1,
6 5 7 -1,
6 4 5 -1,
8 7 9 -1,
8 6 7 -1,
10 9 11 -1,
10 8 9 -1,
12 11 13 -1,
12 10 11 -1,
14 13 15 -1,
14 15 16 -1,
14 12 13 -1,
17 14 16 -1,
18 16 19 -1,
18 17 16 -1,
20 19 21 -1,
20 18 19 -1,
22 20 21 -1,
22 21 23 -1,
22 23 24 -1,
25 22 24 -1,
26 25 24 -1,
26 24 27 -1,
28 26 27 -1,
28 27 29 -1,
30 28 29 -1,
30 29 31 -1,
30 31 32 -1,
33 30 32 -1,
34 33 32 -1,
34 32 35 -1,
36 34 35 -1,
36 35 37 -1,
36 37 38 -1,
39 36 38 -1,
40 39 38 -1,
40 38 41 -1,
42 40 41 -1,
42 41 43 -1,
44 42 43 -1,
44 43 45 -1,
46 45 47 -1,
46 44 45 -1,
48 47 49 -1,
48 46 47 -1,
50 49 51 -1,
50 48 49 -1,
52 51 53 -1,
52 50 51 -1,
54 53 55 -1,
54 52 53 -1,
56 55 57 -1,
56 57 58 -1,
56 54 55 -1,
59 56 58 -1,
60 58 61 -1,
60 59 58 -1,
62 61 63 -1,
62 60 61 -1,
64 63 65 -1,
64 62 63 -1,
66 65 67 -1,
66 64 65 -1,
68 67 69 -1,
68 66 67 -1,
70 69 71 -1,
70 68 69 -1,
72 71 73 -1,
72 70 71 -1,
74 72 73 -1,
74 73 75 -1,
74 75 76 -1,
77 74 76 -1,
77 76 78 -1,
79 77 78 -1,
80 79 78 -1,
80 78 81 -1,
82 80 81 -1,
82 81 83 -1,
84 82 83 -1,
84 83 85 -1,
86 84 85 -1,
86 85 87 -1,
88 86 87 -1,
88 87 89 -1,
90 88 89 -1,
90 89 91 -1,
92 90 91 -1,
92 91 93 -1,
92 93 94 -1,
95 92 94 -1,
96 95 94 -1,
96 94 97 -1,
98 96 97 -1,
98 97 99 -1,
100 98 99 -1,
100 99 101 -1,
100 101 102 -1,
103 100 102 -1,
104 103 102 -1,
104 102 105 -1,
104 105 106 -1,
107 104 106 -1,
108 107 106 -1,
108 106 109 -1,
108 109 110 -1,
111 108 110 -1,
112 111 110 -1,
112 110 113 -1,
114 112 113 -1,
114 113 115 -1,
114 115 116 -1,
117 114 116 -1,
118 116 119 -1,
118 117 116 -1,
120 119 121 -1,
120 118 119 -1,
122 121 123 -1,
122 120 121 -1,
124 122 123 -1,
124 123 125 -1,
124 125 126 -1,
127 124 126 -1,
127 126 128 -1,
129 127 128 -1,
130 129 128 -1,
130 128 131 -1,
130 131 132 -1,
133 130 132 -1,
133 132 134 -1,
135 133 134 -1,
135 134 136 -1,
137 135 136 -1,
138 137 136 -1,
138 136 139 -1,
138 139 140 -1,
141 138 140 -1,
142 141 140 -1,
142 140 143 -1,
144 142 143 -1,
144 143 145 -1,
144 145 146 -1,
147 144 146 -1,
148 147 146 -1,
148 146 149 -1,
150 149 151 -1,
150 148 149 -1,
152 151 153 -1,
152 153 154 -1,
152 150 151 -1,
155 152 154 -1,
156 154 157 -1,
156 155 154 -1,
158 157 159 -1,
158 159 160 -1,
158 156 157 -1,
161 158 160 -1,
162 160 163 -1,
162 161 160 -1,
164 163 165 -1,
164 162 163 -1,
166 165 167 -1,
166 167 168 -1,
166 164 165 -1,
169 166 168 -1,
170 168 171 -1,
170 169 168 -1,
172 171 173 -1,
172 170 171 -1,
174 173 175 -1,
174 172 173 -1,
176 174 175 -1,
176 175 177 -1,
178 176 177 -1,
178 177 179 -1,
180 178 179 -1,
180 179 181 -1,
182 180 181 -1,
182 181 183 -1,
182 183 184 -1,
185 182 184 -1,
186 184 187 -1,
186 185 184 -1,
188 187 189 -1,
188 186 187 -1,
190 189 191 -1,
190 188 189 -1,
192 191 193 -1,
192 190 191 -1,
194 193 195 -1,
194 192 193 -1,
196 195 197 -1,
196 194 195 -1,
198 197 199 -1,
198 196 197 -1,
200 199 201 -1,
200 198 199 -1,
202 201 203 -1,
202 200 201 -1,
204 203 205 -1,
204 202 203 -1,
206 205 207 -1,
206 204 205 -1,
208 207 209 -1,
208 209 210 -1,
208 206 207 -1,
211 208 210 -1,
212 210 213 -1,
212 211 210 -1,
214 213 215 -1,
214 212 213 -1,
216 215 217 -1,
216 214 215 -1,
218 217 219 -1,
218 216 217 -1,
220 219 221 -1,
220 218 219 -1,
222 221 223 -1,
222 220 221 -1,
224 222 223 -1,
224 223 225 -1,
226 224 225 -1,
226 225 227 -1,
228 226 227 -1,
228 227 229 -1,
230 228 229 -1,
230 229 231 -1,
232 230 231 -1,
232 231 233 -1,
234 232 233 -1,
234 233 235 -1,
236 234 235 -1,
236 235 237 -1,
238 236 237 -1,
238 237 239 -1,
238 239 240 -1,
241 238 240 -1,
242 241 240 -1,
242 240 243 -1,
244 242 243 -1,
244 243 245 -1,
246 244 245 -1,
246 245 247 -1,
248 246 247 -1,
248 247 249 -1,
250 249 251 -1,
250 248 249 -1,
250 251 2 -1,
1 250 2 -1,
208 204 206 -1,
211 204 208 -1,
214 211 212 -1,
216 211 214 -1,
224 216 218 -1,
224 218 220 -1,
224 220 222 -1,
88 90 92 -1,
232 228 230 -1,
80 82 84 -1,
236 232 234 -1,
238 232 236 -1,
242 238 241 -1,
244 232 238 -1,
244 238 242 -1,
248 244 246 -1,
0 248 250 -1,
0 250 1 -1,
52 54 56 -1,
12 8 10 -1,
17 12 14 -1,
46 48 50 -1,
18 6 8 -1,
18 8 12 -1,
18 12 17 -1,
25 20 22 -1,
39 40 42 -1,
39 42 44 -1,
30 25 26 -1,
30 26 28 -1,
33 25 30 -1,
33 200 202 -1,
33 202 204 -1,
33 0 4 -1,
33 4 6 -1,
33 204 211 -1,
33 18 20 -1,
33 224 226 -1,
33 226 228 -1,
33 34 36 -1,
33 36 39 -1,
33 44 46 -1,
33 211 216 -1,
33 50 52 -1,
33 56 59 -1,
33 59 60 -1,
33 60 62 -1,
33 62 64 -1,
33 64 66 -1,
33 66 68 -1,
33 68 70 -1,
33 70 72 -1,
33 72 74 -1,
33 74 77 -1,
33 77 79 -1,
33 79 80 -1,
33 84 86 -1,
33 86 88 -1,
33 39 44 -1,
33 6 18 -1,
33 92 95 -1,
33 95 96 -1,
33 96 98 -1,
33 98 100 -1,
33 100 103 -1,
33 103 104 -1,
33 104 107 -1,
33 107 108 -1,
33 88 92 -1,
33 108 111 -1,
33 111 112 -1,
33 112 114 -1,
33 114 117 -1,
33 216 224 -1,
33 117 118 -1,
33 118 120 -1,
33 120 122 -1,
33 122 124 -1,
33 124 127 -1,
33 127 129 -1,
33 244 248 -1,
33 129 130 -1,
33 130 133 -1,
33 133 135 -1,
33 135 137 -1,
33 228 232 -1,
33 137 138 -1,
33 138 141 -1,
33 141 142 -1,
33 142 144 -1,
33 144 147 -1,
33 80 84 -1,
33 147 148 -1,
33 148 150 -1,
33 150 152 -1,
33 152 155 -1,
33 155 156 -1,
33 156 158 -1,
33 158 161 -1,
33 232 244 -1,
33 161 162 -1,
33 162 164 -1,
33 164 166 -1,
33 46 50 -1,
33 166 169 -1,
33 169 170 -1,
33 170 172 -1,
33 52 56 -1,
33 248 0 -1,
33 172 174 -1,
33 174 176 -1,
33 176 178 -1,
33 178 180 -1,
33 180 182 -1,
33 182 185 -1,
33 185 186 -1,
33 186 188 -1,
33 188 190 -1,
33 20 25 -1,
33 190 192 -1,
33 192 194 -1,
33 194 196 -1,
33 196 198 -1,
33 198 200 -1,
205 209 207 -1,
205 210 209 -1,
210 215 213 -1,
210 217 215 -1,
217 225 219 -1,
219 225 221 -1,
221 225 223 -1,
91 89 93 -1,
229 233 231 -1,
83 81 85 -1,
233 237 235 -1,
233 239 237 -1,
239 243 240 -1,
233 245 239 -1,
239 245 243 -1,
245 249 247 -1,
249 3 251 -1,
251 3 2 -1,
55 53 57 -1,
9 13 11 -1,
13 16 15 -1,
49 47 51 -1,
7 19 9 -1,
9 19 13 -1,
13 19 16 -1,
21 24 23 -1,
41 38 43 -1,
43 38 45 -1,
24 31 27 -1,
27 31 29 -1,
24 32 31 -1,
201 32 203 -1,
203 32 205 -1,
3 32 5 -1,
5 32 7 -1,
205 32 210 -1,
19 32 21 -1,
225 32 227 -1,
227 32 229 -1,
35 32 37 -1,
37 32 38 -1,
45 32 47 -1,
210 32 217 -1,
51 32 53 -1,
57 32 58 -1,
58 32 61 -1,
61 32 63 -1,
63 32 65 -1,
65 32 67 -1,
67 32 69 -1,
69 32 71 -1,
71 32 73 -1,
73 32 75 -1,
75 32 76 -1,
76 32 78 -1,
78 32 81 -1,
85 32 87 -1,
87 32 89 -1,
38 32 45 -1,
7 32 19 -1,
93 32 94 -1,
94 32 97 -1,
97 32 99 -1,
99 32 101 -1,
101 32 102 -1,
102 32 105 -1,
105 32 106 -1,
106 32 109 -1,
89 32 93 -1,
109 32 110 -1,
110 32 113 -1,
113 32 115 -1,
115 32 116 -1,
217 32 225 -1,
116 32 119 -1,
119 32 121 -1,
121 32 123 -1,
123 32 125 -1,
125 32 126 -1,
126 32 128 -1,
245 32 249 -1,
128 32 131 -1,
131 32 132 -1,
132 32 134 -1,
134 32 136 -1,
229 32 233 -1,
136 32 139 -1,
139 32 140 -1,
140 32 143 -1,
143 32 145 -1,
145 32 146 -1,
81 32 85 -1,
146 32 149 -1,
149 32 151 -1,
151 32 153 -1,
153 32 154 -1,
154 32 157 -1,
157 32 159 -1,
159 32 160 -1,
233 32 245 -1,
160 32 163 -1,
163 32 165 -1,
165 32 167 -1,
47 32 51 -1,
167 32 168 -1,
168 32 171 -1,
171 32 173 -1,
53 32 57 -1,
249 32 3 -1,
173 32 175 -1,
175 32 177 -1,
177 32 179 -1,
179 32 181 -1,
181 32 183 -1,
183 32 184 -1,
184 32 187 -1,
187 32 189 -1,
189 32 191 -1,
21 32 24 -1,
191 32 193 -1,
193 32 195 -1,
195 32 197 -1,
197 32 199 -1,
199 32 201 -1 ] } }
Shape { appearance Appearance { material Material { diffuseColor 0.7 0.72 0.74 } } geometry IndexedFaceSet { solid FALSE coord Coordinate { point [ 1.098303 0.004906 0.393701,
1.098425 -0.000000 0.393701,
1.098425 -0.000000 -0.984252,
1.098303 0.004906 -0.984252,
1.097936 0.009800 0.393701,
1.097936 0.009800 -0.984252,
1.097326 0.014670 0.393701,
1.097326 0.014670 -0.984252,
1.096474 0.019503 0.393701,
1.096474 0.019503 -0.984252,
1.095382 0.024287 0.393701,
1.095382 0.024287 -0.984252,
1.094052 0.029011 0.393701,
1.094052 0.029011 -0.984252,
1.092489 0.033663 -0.984252,
1.092489 0.033663 0.393701,
1.090696 0.038232 0.393701,
1.090696 0.038232 -0.984252,
1.088678 0.042705 0.393701,
1.088678 0.042705 -0.984252,
1.086439 0.047072 -0.984252,
1.086439 0.047072 0.393701,
1.083985 0.051322 -0.984252,
1.083985 0.051322 0.393701,
1.081323 0.055445 0.393701,
1.081323 0.055445 -0.984252,
1.078458 0.059430 0.393701,
1.078458 0.059430 -0.984252,
1.075398 0.063266 -0.984252,
1.075398 0.063266 0.393701,
1.072151 0.066946 0.393701,
1.072151 0.066946 -0.984252,
1.068724 0.070459 0.393701,
1.068724 0.070459 -0.984252,
1.065127 0.073797 -0.984252,
1.065127 0.073797 0.393701,
1.061367 0.076952 0.393701,
1.061367 0.076952 -0.984252,
1.057455 0.079915 0.393701,
1.057455 0.079915 -0.984252,
1.053400 0.082680 0.393701,
1.053400 0.082680 -0.984252,
1.049213 0.085239 0.393701,
1.049213 0.085239 -0.984252,
1.044903 0.087586 0.393701,
1.044903 0.087586 -0.984252,
1.040481 0.089715 0.393701,
1.040481 0.089715 -0.984252,
1.035959 0.091621 0.393701,
1.035959 0.091621 -0.984252,
1.031347 0.093300 -0.984252,
1.031347 0.093300 0.393701,
1.026658 0.094746 0.393701,
1.026658 0.094746 -0.984252,
1.021902 0.095957 0.393701,
1.021902 0.095957 -0.984252,
1.017091 0.096930 0.393701,
1.017091 0.096930 -0.984252,
1.012239 0.097661 0.393701,
1.012239 0.097661 -0.984252,
1.007355 0.098150 0.393701,
1.007355 0.098150 -0.984252,
1.002454 0.098395 0.393701,
1.002454 0.098395 -0.984252,
0.997546 0.098395 0.393701,
0.997546 0.098395 -0.984252,
0.992645 0.098150 0.393701,
0.992645 0.098150 -0.984252,
0.987761 0.097661 0.393701,
0.987761 0.097661 -0.984252,
0.982909 0.096930 0.393701,
0.982909 0.096930 -0.984252,
0.978098 0.095957 0.393701,
0.978098 0.095957 -0.984252,
0.973342 0.094746 0.393701,
0.973342 0.094746 -0.984252,
0.968653 0.093300 -0.984252,
0.968653 0.093300 0.393701,
0.964041 0.091621 0.393701,
0.964041 0.091621 -0.984252,
0.959519 0.089715 0.393701,
0.959519 0.089715 -0.984252,
0.955097 0.087586 -0.984252,
0.955097 0.087586 0.393701,
0.950787 0.085239 0.393701,
0.950787 0.085239 -0.984252,
0.946600 0.082680 0.393701,
0.946600 0.082680 -0.984252,
0.942545 0.079915 -0.984252,
0.942545 0.079915 0.393701,
0.938633 0.076952 0.393701,
0.938633 0.076952 -0.984252,
0.934873 0.073797 0.393701,
0.934873 0.073797 -0.984252,
0.931276 0.070459 0.393701,
0.931276 0.070459 -0.984252,
0.927849 0.066946 0.393701,
0.927849 0.066946 -0.984252,
0.924602 0.063266 -0.984252,
0.924602 0.063266 0.393701,
0.921542 0.059430 0.393701,
0.921542 0.059430 -0.984252,
0.918677 0.055445 0.393701,
0.918677 0.055445 -0.984252,
0.916015 0.051322 -0.984252,
0.916015 0.051322 0.393701,
0.913561 0.047072 -0.984252,
0.913561 0.047072 0.393701,
0.911322 0.042705 -0.984252,
0.911322 0.042705 0.393701,
0.909304 0.038232 0.393701,
0.909304 0.038232 -0.984252,
0.907511 0.033663 -0.984252,
0.907511 0.033663 0.393701,
0.905948 0.029011 0.393701,
0.905948 0.029011 -0.984252,
0.904618 0.024287 0.393701,
0.904618 0.024287 -0.984252,
0.903526 0.019503 0.393701,
0.903526 0.019503 -0.984252,
0.902674 0.014670 -0.984252,
0.902674 0.014670 0.393701,
0.902064 0.009800 -0.984252,
0.902064 0.009800 0.393701,
0.901697 0.004906 -0.984252,
0.901697 0.004906 0.393701,
0.901575 -0.000000 0.393701,
0.901575 -0.000000 -0.984252,
0.901697 -0.004906 0.393701,
0.901697 -0.004906 -0.984252,
0.902064 -0.009800 0.393701,
0.902064 -0.009800 -0.984252,
0.902674 -0.014670 0.393701,
0.902674 -0.014670 -0.984252,
0.903526 -0.019503 -0.984252,
0.903526 -0.019503 0.393701,
0.904618 -0.024287 -0.984252,
0.904618 -0.024287 0.393701,
0.905948 -0.029011 0.393701,
0.905948 -0.029011 -0.984252,
0.907511 -0.033663 0.393701,
0.907511 -0.033663 -0.984252,
0.909304 -0.038232 -0.984252,
0.909304 -0.038232 0.393701,
0.911322 -0.042705 0.393701,
0.911322 -0.042705 -0.984252,
0.913561 -0.047072 0.393701,
0.913561 -0.047072 -0.984252,
0.916015 -0.051322 -0.984252,
0.916015 -0.051322 0.393701,
0.918677 -0.055445 -0.984252,
0.918677 -0.055445 0.393701,
0.921542 -0.059430 0.393701,
0.921542 -0.059430 -0.984252,
0.924602 -0.063266 -0.984252,
0.924602 -0.063266 0.393701,
0.927849 -0.066946 0.393701,
0.927849 -0.066946 -0.984252,
0.931276 -0.070459 0.393701,
0.931276 -0.070459 -0.984252,
0.934873 -0.073797 -0.984252,
0.934873 -0.073797 0.393701,
0.938633 -0.076952 0.393701,
0.938633 -0.076952 -0.984252,
0.942545 -0.079915 -0.984252,
0.942545 -0.079915 0.393701,
0.946600 -0.082680 0.393701,
0.946600 -0.082680 -0.984252,
0.950787 -0.085239 0.393701,
0.950787 -0.085239 -0.984252,
0.955097 -0.087586 0.393701,
0.955097 -0.087586 -0.984252,
0.959519 -0.089715 0.393701,
0.959519 -0.089715 -0.984252,
0.964041 -0.091621 -0.984252,
0.964041 -0.091621 0.393701,
0.968653 -0.093300 0.393701,
0.968653 -0.093300 -0.984252,
0.973342 -0.094746 0.393701,
0.973342 -0.094746 -0.984252,
0.978098 -0.095957 0.393701,
0.978098 -0.095957 -0.984252,
0.982909 -0.096930 0.393701,
0.982909 -0.096930 -0.984252,
0.987761 -0.097661 0.393701,
0.987761 -0.097661 -0.984252,
0.992645 -0.098150 -0.984252,
0.992645 -0.098150 0.393701,
0.997546 -0.098395 0.393701,
0.997546 -0.098395 -0.984252,
1.002454 -0.098395 0.393701,
1.002454 -0.098395 -0.984252,
1.007355 -0.098150 0.393701,
1.007355 -0.098150 -0.984252,
1.012239 -0.097661 0.393701,
1.012239 -0.097661 -0.984252,
1.017091 -0.096930 0.393701,
1.017091 -0.096930 -0.984252,
1.021902 -0.095957 0.393701,
1.021902 -0.095957 -0.984252,
1.026658 -0.094746 0.393701,
1.026658 -0.094746 -0.984252,
1.031347 -0.093300 0.393701,
1.031347 -0.093300 -0.984252,
1.035959 -0.091621 0.393701,
1.035959 -0.091621 -0.984252,
1.040481 -0.089715 -0.984252,
1.040481 -0.089715 0.393701,
1.044903 -0.087586 0.393701,
1.044903 -0.087586 -0.984252,
1.049213 -0.085239 0.393701,
1.049213 -0.085239 -0.984252,
1.053400 -0.082680 0.393701,
1.053400 -0.082680 -0.984252,
1.057455 -0.079915 -0.984252,
1.057455 -0.079915 0.393701,
1.061367 -0.076952 0.393701,
1.061367 -0.076952 -0.984252,
1.065127 -0.073797 0.393701,
1.065127 -0.073797 -0.984252,
1.068724 -0.070459 0.393701,
1.068724 -0.070459 -0.984252,
1.072151 -0.066946 -0.984252,
1.072151 -0.066946 0.393701,
1.075398 -0.063266 0.393701,
1.075398 -0.063266 -0.984252,
1.078458 -0.059430 0.393701,
1.078458 -0.059430 -0.984252,
1.081323 -0.055445 -0.984252,
1.081323 -0.055445 0.393701,
1.083985 -0.051322 0.393701,
1.083985 -0.051322 -0.984252,
1.086439 -0.047072 -0.984252,
1.086439 -0.047072 0.393701,
1.088678 -0.042705 0.393701,
1.088678 -0.042705 -0.984252,
1.090696 -0.038232 -0.984252,
1.090696 -0.038232 0.393701,
1.092489 -0.033663 -0.984252,
1.092489 -0.033663 0.393701,
1.094052 -0.029011 0.393701,
1.094052 -0.029011 -0.984252,
1.095382 -0.024287 -0.984252,
1.095382 -0.024287 0.393701,
1.096474 -0.019503 0.393701,
1.096474 -0.019503 -0.984252,
1.097326 -0.014670 -0.984252,
1.097326 -0.014670 0.393701,
1.097936 -0.009800 0.393701,
1.097936 -0.009800 -0.984252,
1.098303 -0.004906 -0.984252,
1.098303 -0.004906 0.393701 ] } coordIndex [ 0 1 2 -1,
0 2 3 -1,
4 3 5 -1,
4 0 3 -1,
6 5 7 -1,
6 4 5 -1,
8 7 9 -1,
8 6 7 -1,
10 9 11 -1,
10 8 9 -1,
12 11 13 -1,
12 13 14 -1,
12 10 11 -1,
15 12 14 -1,
16 14 17 -1,
16 15 14 -1,
18 17 19 -1,
18 19 20 -1,
18 16 17 -1,
21 20 22 -1,
21 18 20 -1,
23 21 22 -1,
24 23 22 -1,
24 22 25 -1,
26 24 25 -1,
26 25 27 -1,
26 27 28 -1,
29 26 28 -1,
30 29 28 -1,
30 28 31 -1,
32 30 31 -1,
32 31 33 -1,
32 33 34 -1,
35 32 34 -1,
36 35 34 -1,
36 34 37 -1,
38 36 37 -1,
38 37 39 -1,
40 38 39 -1,
40 39 41 -1,
42 40 41 -1,
42 41 43 -1,
44 42 43 -1,
44 43 45 -1,
46 45 47 -1,
46 44 45 -1,
48 47 49 -1,
48 46 47 -1,
48 49 50 -1,
51 48 50 -1,
52 50 53 -1,
52 51 50 -1,
54 53 55 -1,
54 52 53 -1,
56 55 57 -1,
56 54 55 -1,
58 57 59 -1,
58 56 57 -1,
60 59 61 -1,
60 58 59 -1,
62 61 63 -1,
62 60 61 -1,
64 63 65 -1,
64 62 63 -1,
66 65 67 -1,
66 64 65 -1,
68 67 69 -1,
68 66 67 -1,
70 69 71 -1,
70 68 69 -1,
72 71 73 -1,
72 70 71 -1,
74 72 73 -1,
74 73 75 -1,
74 75 76 -1,
77 74 76 -1,
78 77 76 -1,
78 76 79 -1,
80 78 79 -1,
80 79 81 -1,
80 81 82 -1,
83 80 82 -1,
84 83 82 -1,
84 82 85 -1,
86 84 85 -1,
86 85 87 -1,
86 87 88 -1,
89 86 88 -1,
90 89 88 -1,
90 88 91 -1,
92 90 91 -1,
92 91 93 -1,
94 92 93 -1,
94 93 95 -1,
96 94 95 -1,
96 95 97 -1,
96 97 98 -1,
99 96 98 -1,
100 99 98 -1,
100 98 101 -1,
102 100 101 -1,
102 101 103 -1,
102 103 104 -1,
105 102 104 -1,
105 104 106 -1,
107 105 106 -1,
107 106 108 -1,
109 107 108 -1,
110 109 108 -1,
110 108 111 -1,
110 111 112 -1,
113 110 112 -1,
114 113 112 -1,
114 112 115 -1,
116 115 117 -1,
116 114 115 -1,
118 117 119 -1,
118 119 120 -1,
118 116 117 -1,
121 118 120 -1,
121 120 122 -1,
123 122 124 -1,
123 121 122 -1,
125 123 124 -1,
126 125 124 -1,
126 124 127 -1,
128 126 127 -1,
128 127 129 -1,
130 128 129 -1,
130 129 131 -1,
132 130 131 -1,
132 131 133 -1,
132 133 134 -1,
135 132 134 -1,
135 134 136 -1,
137 135 136 -1,
138 137 136 -1,
138 136 139 -1,
140 138 139 -1,
140 139 141 -1,
140 141 142 -1,
143 140 142 -1,
144 143 142 -1,
144 142 145 -1,
146 144 145 -1,
146 145 147 -1,
146 147 148 -1,
149 148 150 -1,
149 146 148 -1,
151 149 150 -1,
152 150 153 -1,
152 153 154 -1,
152 151 150 -1,
155 152 154 -1,
156 154 157 -1,
156 155 154 -1,
158 157 159 -1,
158 159 160 -1,
158 156 157 -1,
161 158 160 -1,
162 160 163 -1,
162 163 164 -1,
162 161 160 -1,
165 162 164 -1,
166 164 167 -1,
166 165 164 -1,
168 167 169 -1,
168 166 167 -1,
170 169 171 -1,
170 168 169 -1,
172 171 173 -1,
172 173 174 -1,
172 170 171 -1,
175 172 174 -1,
176 175 174 -1,
176 174 177 -1,
178 176 177 -1,
178 177 179 -1,
180 178 179 -1,
180 179 181 -1,
182 180 181 -1,
182 181 183 -1,
184 183 185 -1,
184 185 186 -1,
184 182 183 -1,
187 184 186 -1,
188 186 189 -1,
188 187 186 -1,
190 189 191 -1,
190 188 189 -1,
192 191 193 -1,
192 190 191 -1,
194 193 195 -1,
194 192 193 -1,
196 195 197 -1,
196 194 195 -1,
198 197 199 -1,
198 196 197 -1,
200 199 201 -1,
200 198 199 -1,
202 201 203 -1,
202 200 201 -1,
204 203 205 -1,
204 205 206 -1,
204 202 203 -1,
207 204 206 -1,
208 206 209 -1,
208 207 206 -1,
210 209 211 -1,
210 208 209 -1,
212 211 213 -1,
212 213 214 -1,
212 210 211 -1,
215 212 214 -1,
216 214 217 -1,
216 215 214 -1,
218 217 219 -1,
218 216 217 -1,
220 219 221 -1,
220 221 222 -1,
220 218 219 -1,
223 220 222 -1,
224 223 222 -1,
224 222 225 -1,
226 224 225 -1,
226 225 227 -1,
226 227 228 -1,
229 226 228 -1,
230 229 228 -1,
230 228 231 -1,
230 231 232 -1,
233 230 232 -1,
234 233 232 -1,
234 232 235 -1,
234 235 236 -1,
237 234 236 -1,
237 236 238 -1,
239 237 238 -1,
240 239 238 -1,
240 238 241 -1,
240 241 242 -1,
243 240 242 -1,
244 243 242 -1,
244 242 245 -1,
244 245 246 -1,
247 244 246 -1,
248 246 249 -1,
248 247 246 -1,
248 249 250 -1,
251 248 250 -1,
1 250 2 -1,
1 251 250 -1,
200 196 198 -1,
207 202 204 -1,
105 107 109 -1,
212 208 210 -1,
223 218 220 -1,
226 223 224 -1,
89 90 92 -1,
230 226 229 -1,
234 230 233 -1,
234 226 230 -1,
80 83 84 -1,
237 226 234 -1,
243 237 239 -1,
243 239 240 -1,
247 243 244 -1,
68 70 72 -1,
251 247 248 -1,
0 251 1 -1,
4 251 0 -1,
58 60 62 -1,
12 6 8 -1,
12 8 10 -1,
18 15 16 -1,
21 15 18 -1,
42 44 46 -1,
42 46 48 -1,
42 48 51 -1,
36 38 40 -1,
36 40 42 -1,
29 24 26 -1,
30 24 29 -1,
32 200 202 -1,
32 4 6 -1,
32 207 208 -1,
32 24 30 -1,
32 247 251 -1,
32 212 215 -1,
32 12 15 -1,
32 215 216 -1,
32 216 218 -1,
32 21 23 -1,
32 202 207 -1,
32 36 42 -1,
32 23 24 -1,
32 196 200 -1,
32 6 12 -1,
32 251 4 -1,
32 35 36 -1,
32 105 109 -1,
32 223 226 -1,
32 68 72 -1,
32 51 52 -1,
32 52 54 -1,
32 54 56 -1,
32 56 58 -1,
32 62 64 -1,
32 64 66 -1,
32 66 68 -1,
32 208 212 -1,
32 72 74 -1,
32 74 77 -1,
32 77 78 -1,
32 78 80 -1,
32 218 223 -1,
32 84 86 -1,
32 86 89 -1,
32 42 51 -1,
32 92 94 -1,
32 94 96 -1,
32 96 99 -1,
32 226 237 -1,
32 99 100 -1,
32 100 102 -1,
32 102 105 -1,
32 109 110 -1,
32 110 113 -1,
32 113 114 -1,
32 114 116 -1,
32 116 118 -1,
32 118 121 -1,
32 121 123 -1,
32 123 125 -1,
32 125 126 -1,
32 126 128 -1,
32 128 130 -1,
32 237 243 -1,
32 130 132 -1,
32 15 21 -1,
32 132 135 -1,
32 135 137 -1,
32 137 138 -1,
32 138 140 -1,
32 140 143 -1,
32 143 144 -1,
32 144 146 -1,
32 146 149 -1,
32 149 151 -1,
32 151 152 -1,
32 152 155 -1,
32 155 156 -1,
32 156 158 -1,
32 158 161 -1,
32 80 84 -1,
32 161 162 -1,
32 162 165 -1,
32 165 166 -1,
32 166 168 -1,
32 168 170 -1,
32 170 172 -1,
32 243 247 -1,
32 172 175 -1,
32 175 176 -1,
32 176 178 -1,
32 178 180 -1,
32 180 182 -1,
32 182 184 -1,
32 184 187 -1,
32 187 188 -1,
32 89 92 -1,
32 188 190 -1,
32 190 192 -1,
32 192 194 -1,
32 58 62 -1,
32 194 196 -1,
197 201 199 -1,
203 206 205 -1,
106 104 108 -1,
209 213 211 -1,
219 222 221 -1,
222 227 225 -1,
91 88 93 -1,
227 231 228 -1,
231 235 232 -1,
227 235 231 -1,
82 81 85 -1,
227 236 235 -1,
236 242 238 -1,
238 242 241 -1,
242 246 245 -1,
71 69 73 -1,
246 250 249 -1,
250 3 2 -1,
250 5 3 -1,
61 59 63 -1,
7 13 9 -1,
9 13 11 -1,
14 19 17 -1,
14 20 19 -1,
45 43 47 -1,
47 43 49 -1,
49 43 50 -1,
39 37 41 -1,
41 37 43 -1,
25 28 27 -1,
25 31 28 -1,
201 33 203 -1,
5 33 7 -1,
206 33 209 -1,
25 33 31 -1,
246 33 250 -1,
213 33 214 -1,
13 33 14 -1,
214 33 217 -1,
217 33 219 -1,
20 33 22 -1,
203 33 206 -1,
37 33 43 -1,
22 33 25 -1,
197 33 201 -1,
7 33 13 -1,
250 33 5 -1,
34 33 37 -1,
104 33 108 -1,
222 33 227 -1,
69 33 73 -1,
50 33 53 -1,
53 33 55 -1,
55 33 57 -1,
57 33 59 -1,
63 33 65 -1,
65 33 67 -1,
67 33 69 -1,
209 33 213 -1,
73 33 75 -1,
75 33 76 -1,
76 33 79 -1,
79 33 81 -1,
219 33 222 -1,
85 33 87 -1,
87 33 88 -1,
43 33 50 -1,
93 33 95 -1,
95 33 97 -1,
97 33 98 -1,
227 33 236 -1,
98 33 101 -1,
101 33 103 -1,
103 33 104 -1,
108 33 111 -1,
111 33 112 -1,
112 33 115 -1,
115 33 117 -1,
117 33 119 -1,
119 33 120 -1,
120 33 122 -1,
122 33 124 -1,
124 33 127 -1,
127 33 129 -1,
129 33 131 -1,
236 33 242 -1,
131 33 133 -1,
14 33 20 -1,
133 33 134 -1,
134 33 136 -1,
136 33 139 -1,
139 33 141 -1,
141 33 142 -1,
142 33 145 -1,
145 33 147 -1,
147 33 148 -1,
148 33 150 -1,
150 33 153 -1,
153 33 154 -1,
154 33 157 -1,
157 33 159 -1,
159 33 160 -1,
81 33 85 -1,
160 33 163 -1,
163 33 164 -1,
164 33 167 -1,
167 33 169 -1,
169 33 171 -1,
171 33 173 -1,
242 33 246 -1,
173 33 174 -1,
174 33 177 -1,
177 33 179 -1,
179 33 181 -1,
181 33 183 -1,
183 33 185 -1,
185 33 186 -1,
186 33 189 -1,
88 33 93 -1,
189 33 191 -1,
191 33 193 -1,
193 33 195 -1,
59 33 63 -1,
195 33 197 -1 ] } }
Shape { appearance Appearance { material Material { diffuseColor 0.7 0.72 0.74 } } geometry IndexedFaceSet { solid FALSE coord Coordinate { point [ 1.340525 0.004906 0.945930,
1.340638 -0.000000 0.945882,
1.090638 -0.000000 0.355331,
1.090525 0.004906 0.355378,
1.340188 0.009800 0.946073,
1.090188 0.009800 0.355521,
1.339626 0.014670 0.946310,
1.089626 0.014670 0.355759,
1.338841 0.019503 0.946643,
1.088841 0.019503 0.356091,
1.337835 0.024287 0.947068,
1.087835 0.024287 0.356517,
1.336611 0.029011 0.947587,
1.086611 0.029011 0.357035,
1.335172 0.033663 0.948196,
1.085172 0.033663 0.357645,
1.333521 0.038232 0.948895,
1.083521 0.038232 0.358344,
1.081662 0.042705 0.359131,
1.331662 0.042705 0.949682,
1.079600 0.047072 0.360003,
1.329600 0.047072 0.950555,
1.327341 0.051322 0.951511,
1.077341 0.051322 0.360960,
1.324889 0.055445 0.952549,
1.074889 0.055445 0.361998,
1.322251 0.059430 0.953666,
1.072251 0.059430 0.363115,
1.319433 0.063266 0.954859,
1.069433 0.063266 0.364308,
1.316442 0.066946 0.956125,
1.066442 0.066946 0.365574,
1.313287 0.070459 0.957461,
1.063287 0.070459 0.366909,
1.309974 0.073797 0.958863,
1.059974 0.073797 0.368312,
1.056512 0.076952 0.369777,
1.306512 0.076952 0.960329,
1.302909 0.079915 0.961854,
1.052909 0.079915 0.371302,
1.049175 0.082680 0.372883,
1.299175 0.082680 0.963434,
1.295319 0.085239 0.965067,
1.045319 0.085239 0.374516,
1.291350 0.087586 0.966747,
1.041350 0.087586 0.376196,
1.037278 0.089715 0.377920,
1.287278 0.089715 0.968471,
1.283114 0.091621 0.970234,
1.033114 0.091621 0.379683,
1.278867 0.093300 0.972032,
1.028867 0.093300 0.381480,
1.274548 0.094746 0.973860,
1.024548 0.094746 0.383309,
1.020169 0.095957 0.385163,
1.270169 0.095957 0.975714,
1.265739 0.096930 0.977589,
1.015739 0.096930 0.387038,
1.261270 0.097661 0.979481,
1.011270 0.097661 0.388930,
1.256773 0.098150 0.981385,
1.006773 0.098150 0.390833,
1.252260 0.098395 0.983295,
1.002260 0.098395 0.392744,
1.247740 0.098395 0.985209,
0.997740 0.098395 0.394657,
1.243227 0.098150 0.987119,
0.993227 0.098150 0.396568,
1.238730 0.097661 0.989023,
0.988730 0.097661 0.398472,
0.984261 0.096930 0.400364,
1.234261 0.096930 0.990915,
1.229831 0.095957 0.992790,
0.979831 0.095957 0.402239,
1.225452 0.094746 0.994644,
0.975452 0.094746 0.404093,
1.221133 0.093300 0.996472,
0.971133 0.093300 0.405921,
1.216886 0.091621 0.998270,
0.966886 0.091621 0.407719,
1.212722 0.089715 1.000033,
0.962722 0.089715 0.409482,
0.958650 0.087586 0.411206,
1.208650 0.087586 1.001757,
1.204681 0.085239 1.003437,
0.954681 0.085239 0.412886,
1.200825 0.082680 1.005070,
0.950825 0.082680 0.414518,
1.197091 0.079915 1.006650,
0.947091 0.079915 0.416099,
1.193488 0.076952 1.008175,
0.943488 0.076952 0.417624,
1.190026 0.073797 1.009641,
0.940026 0.073797 0.419090,
1.186713 0.070459 1.011043,
0.936713 0.070459 0.420492,
1.183558 0.066946 1.012379,
0.933558 0.066946 0.421828,
1.180567 0.063266 1.013645,
0.930567 0.063266 0.423094,
1.177749 0.059430 1.014838,
0.927749 0.059430 0.424287,
1.175111 0.055445 1.015955,
0.925111 0.055445 0.425404,
1.172659 0.051322 1.016993,
0.922659 0.051322 0.426442,
1.170400 0.047072 1.017949,
0.920400 0.047072 0.427398,
1.168338 0.042705 1.018822,
0.918338 0.042705 0.428271,
1.166479 0.038232 1.019609,
0.916479 0.038232 0.429058,
1.164828 0.033663 1.020308,
0.914828 0.033663 0.429757,
1.163389 0.029011 1.020917,
0.913389 0.029011 0.430366,
1.162165 0.024287 1.021436,
0.912165 0.024287 0.430884,
0.911159 0.019503 0.431310,
1.161159 0.019503 1.021861,
1.160374 0.014670 1.022194,
0.910374 0.014670 0.431642,
1.159812 0.009800 1.022431,
0.909812 0.009800 0.431880,
1.159475 0.004906 1.022574,
0.909475 0.004906 0.432023,
1.159362 -0.000000 1.022622,
0.909362 -0.000000 0.432071,
1.159475 -0.004906 1.022574,
0.909475 -0.004906 0.432023,
1.159812 -0.009800 1.022431,
0.909812 -0.009800 0.431880,
1.160374 -0.014670 1.022194,
0.910374 -0.014670 0.431642,
1.161159 -0.019503 1.021861,
0.911159 -0.019503 0.431310,
1.162165 -0.024287 1.021436,
0.912165 -0.024287 0.430884,
1.163389 -0.029011 1.020917,
0.913389 -0.029011 0.430366,
1.164828 -0.033663 1.020308,
0.914828 -0.033663 0.429757,
1.166479 -0.038232 1.019609,
0.916479 -0.038232 0.429058,
1.168338 -0.042705 1.018822,
0.918338 -0.042705 0.428271,
1.170400 -0.047072 1.017949,
0.920400 -0.047072 0.427398,
1.172659 -0.051322 1.016993,
0.922659 -0.051322 0.426442,
1.175111 -0.055445 1.015955,
0.925111 -0.055445 0.425404,
1.177749 -0.059430 1.014838,
0.927749 -0.059430 0.424287,
1.180567 -0.063266 1.013645,
0.930567 -0.063266 0.423094,
1.183558 -0.066946 1.012379,
0.933558 -0.066946 0.421828,
1.186713 -0.070459 1.011043,
0.936713 -0.070459 0.420492,
1.190026 -0.073797 1.009641,
0.940026 -0.073797 0.419090,
1.193488 -0.076952 1.008175,
0.943488 -0.076952 0.417624,
1.197091 -0.079915 1.006650,
0.947091 -0.079915 0.416099,
1.200825 -0.082680 1.005070,
0.950825 -0.082680 0.414518,
1.204681 -0.085239 1.003437,
0.954681 -0.085239 0.412886,
1.208650 -0.087586 1.001757,
0.958650 -0.087586 0.411206,
1.212722 -0.089715 1.000033,
0.962722 -0.089715 0.409482,
1.216886 -0.091621 0.998270,
0.966886 -0.091621 0.407719,
1.221133 -0.093300 0.996472,
0.971133 -0.093300 0.405921,
1.225452 -0.094746 0.994644,
0.975452 -0.094746 0.404093,
1.229831 -0.095957 0.992790,
0.979831 -0.095957 0.402239,
1.234261 -0.096930 0.990915,
0.984261 -0.096930 0.400364,
1.238730 -0.097661 0.989023,
0.988730 -0.097661 0.398472,
1.243227 -0.098150 0.987119,
0.993227 -0.098150 0.396568,
1.247740 -0.098395 0.985209,
0.997740 -0.098395 0.394657,
1.252260 -0.098395 0.983295,
1.002260 -0.098395 0.392744,
1.256773 -0.098150 0.981385,
1.006773 -0.098150 0.390833,
1.261270 -0.097661 0.979481,
1.011270 -0.097661 0.388930,
1.265739 -0.096930 0.977589,
1.015739 -0.096930 0.387038,
1.270169 -0.095957 0.975714,
1.020169 -0.095957 0.385163,
1.274548 -0.094746 0.973860,
1.024548 -0.094746 0.383309,
1.278867 -0.093300 0.972032,
1.028867 -0.093300 0.381480,
1.283114 -0.091621 0.970234,
1.033114 -0.091621 0.379683,
1.287278 -0.089715 0.968471,
1.037278 -0.089715 0.377920,
1.291350 -0.087586 0.966747,
1.041350 -0.087586 0.376196,
1.295319 -0.085239 0.965067,
1.045319 -0.085239 0.374516,
1.299175 -0.082680 0.963434,
1.049175 -0.082680 0.372883,
1.302909 -0.079915 0.961854,
1.052909 -0.079915 0.371302,
1.306512 -0.076952 0.960329,
1.056512 -0.076952 0.369777,
1.309974 -0.073797 0.958863,
1.059974 -0.073797 0.368312,
1.313287 -0.070459 0.957461,
1.063287 -0.070459 0.366909,
1.316442 -0.066946 0.956125,
1.066442 -0.066946 0.365574,
1.319433 -0.063266 0.954859,
1.069433 -0.063266 0.364308,
1.322251 -0.059430 0.953666,
1.072251 -0.059430 0.363115,
1.324889 -0.055445 0.952549,
1.074889 -0.055445 0.361998,
1.327341 -0.051322 0.951511,
1.077341 -0.051322 0.360960,
1.329600 -0.047072 0.950555,
1.079600 -0.047072 0.360003,
1.331662 -0.042705 0.949682,
1.081662 -0.042705 0.359131,
1.333521 -0.038232 0.948895,
1.083521 -0.038232 0.358344,
1.335172 -0.033663 0.948196,
1.085172 -0.033663 0.357645,
1.336611 -0.029011 0.947587,
1.086611 -0.029011 0.357035,
1.337835 -0.024287 0.947068,
1.087835 -0.024287 0.356517,
1.338841 -0.019503 0.946643,
1.088841 -0.019503 0.356091,
1.339626 -0.014670 0.946310,
1.089626 -0.014670 0.355759,
1.340188 -0.009800 0.946073,
1.090188 -0.009800 0.355521,
1.340525 -0.004906 0.945930,
1.090525 -0.004906 0.355378 ] } coordIndex [ 0 1 2 -1,
0 2 3 -1,
4 3 5 -1,
4 0 3 -1,
6 5 7 -1,
6 4 5 -1,
8 7 9 -1,
8 6 7 -1,
10 9 11 -1,
10 8 9 -1,
12 11 13 -1,
12 10 11 -1,
14 13 15 -1,
14 12 13 -1,
16 15 17 -1,
16 17 18 -1,
16 14 15 -1,
19 18 20 -1,
19 16 18 -1,
21 19 20 -1,
22 21 20 -1,
22 20 23 -1,
24 22 23 -1,
24 23 25 -1,
26 24 25 -1,
26 25 27 -1,
28 26 27 -1,
28 27 29 -1,
30 28 29 -1,
30 29 31 -1,
32 30 31 -1,
32 31 33 -1,
34 32 33 -1,
34 33 35 -1,
34 35 36 -1,
37 34 36 -1,
38 37 36 -1,
38 36 39 -1,
38 39 40 -1,
41 38 40 -1,
42 41 40 -1,
42 40 43 -1,
44 42 43 -1,
44 43 45 -1,
44 45 46 -1,
47 44 46 -1,
48 46 49 -1,
48 47 46 -1,
50 49 51 -1,
50 48 49 -1,
52 51 53 -1,
52 53 54 -1,
52 50 51 -1,
55 52 54 -1,
56 54 57 -1,
56 55 54 -1,
58 57 59 -1,
58 56 57 -1,
60 59 61 -1,
60 58 59 -1,
62 61 63 -1,
62 60 61 -1,
64 63 65 -1,
64 62 63 -1,
66 65 67 -1,
66 64 65 -1,
68 67 69 -1,
68 69 70 -1,
68 66 67 -1,
71 68 70 -1,
72 71 70 -1,
72 70 73 -1,
74 72 73 -1,
74 73 75 -1,
76 74 75 -1,
76 75 77 -1,
78 76 77 -1,
78 77 79 -1,
80 78 79 -1,
80 79 81 -1,
80 81 82 -1,
83 80 82 -1,
84 83 82 -1,
84 82 85 -1,
86 84 85 -1,
86 85 87 -1,
88 86 87 -1,
88 87 89 -1,
90 88 89 -1,
90 89 91 -1,
92 90 91 -1,
92 91 93 -1,
94 92 93 -1,
94 93 95 -1,
96 94 95 -1,
96 95 97 -1,
98 96 97 -1,
98 97 99 -1,
100 98 99 -1,
100 99 101 -1,
102 100 101 -1,
102 101 103 -1,
104 102 103 -1,
104 103 105 -1,
106 104 105 -1,
106 105 107 -1,
108 106 107 -1,
108 107 109 -1,
110 108 109 -1,
110 109 111 -1,
112 110 111 -1,
112 111 113 -1,
114 112 113 -1,
114 113 115 -1,
116 115 117 -1,
116 117 118 -1,
116 114 115 -1,
119 116 118 -1,
120 118 121 -1,
120 119 118 -1,
122 121 123 -1,
122 120 121 -1,
124 122 123 -1,
124 123 125 -1,
126 124 125 -1,
126 125 127 -1,
128 126 127 -1,
128 127 129 -1,
130 128 129 -1,
130 129 131 -1,
132 130 131 -1,
132 131 133 -1,
134 132 133 -1,
134 133 135 -1,
136 134 135 -1,
136 135 137 -1,
138 136 137 -1,
138 137 139 -1,
140 138 139 -1,
140 139 141 -1,
142 140 141 -1,
142 141 143 -1,
144 142 143 -1,
144 143 145 -1,
146 144 145 -1,
146 145 147 -1,
148 146 147 -1,
148 147 149 -1,
150 149 151 -1,
150 148 149 -1,
152 151 153 -1,
152 150 151 -1,
154 153 155 -1,
154 152 153 -1,
156 155 157 -1,
156 154 155 -1,
158 157 159 -1,
158 156 157 -1,
160 159 161 -1,
160 158 159 -1,
162 161 163 -1,
162 160 161 -1,
164 163 165 -1,
164 162 163 -1,
166 165 167 -1,
166 164 165 -1,
168 167 169 -1,
168 166 167 -1,
170 169 171 -1,
170 168 169 -1,
172 171 173 -1,
172 170 171 -1,
174 173 175 -1,
174 172 173 -1,
176 174 175 -1,
176 175 177 -1,
178 176 177 -1,
178 177 179 -1,
180 178 179 -1,
180 179 181 -1,
182 180 181 -1,
182 181 183 -1,
184 183 185 -1,
184 182 183 -1,
186 185 187 -1,
186 184 185 -1,
188 187 189 -1,
188 186 187 -1,
190 189 191 -1,
190 188 189 -1,
192 191 193 -1,
192 190 191 -1,
194 193 195 -1,
194 192 193 -1,
196 195 197 -1,
196 194 195 -1,
198 197 199 -1,
198 196 197 -1,
200 199 201 -1,
200 198 199 -1,
202 201 203 -1,
202 200 201 -1,
204 203 205 -1,
204 202 203 -1,
206 205 207 -1,
206 204 205 -1,
208 207 209 -1,
208 206 207 -1,
210 209 211 -1,
210 208 209 -1,
212 211 213 -1,
212 210 211 -1,
214 213 215 -1,
214 212 213 -1,
216 215 217 -1,
216 214 215 -1,
218 217 219 -1,
218 216 217 -1,
220 219 221 -1,
220 218 219 -1,
222 221 223 -1,
222 220 221 -1,
224 222 223 -1,
224 223 225 -1,
226 224 225 -1,
226 225 227 -1,
228 226 227 -1,
228 227 229 -1,
230 228 229 -1,
230 229 231 -1,
232 230 231 -1,
232 231 233 -1,
234 232 233 -1,
234 233 235 -1,
236 234 235 -1,
236 235 237 -1,
238 236 237 -1,
238 237 239 -1,
240 238 239 -1,
240 239 241 -1,
242 240 241 -1,
242 241 243 -1,
244 242 243 -1,
244 243 245 -1,
246 244 245 -1,
246 245 247 -1,
248 246 247 -1,
248 247 249 -1,
250 249 251 -1,
250 248 249 -1,
1 251 2 -1,
1 250 251 -1,
200 196 198 -1,
206 202 204 -1,
104 106 108 -1,
212 208 210 -1,
222 218 220 -1,
226 222 224 -1,
88 90 92 -1,
230 226 228 -1,
234 230 232 -1,
234 226 230 -1,
80 83 84 -1,
236 226 234 -1,
242 236 238 -1,
242 238 240 -1,
246 242 244 -1,
68 71 72 -1,
250 246 248 -1,
0 250 1 -1,
4 250 0 -1,
58 60 62 -1,
12 6 8 -1,
12 8 10 -1,
19 14 16 -1,
21 14 19 -1,
42 44 47 -1,
42 47 48 -1,
42 48 50 -1,
37 38 41 -1,
37 41 42 -1,
28 24 26 -1,
30 24 28 -1,
32 200 202 -1,
32 4 6 -1,
32 206 208 -1,
32 24 30 -1,
32 246 250 -1,
32 212 214 -1,
32 12 14 -1,
32 214 216 -1,
32 216 218 -1,
32 21 22 -1,
32 202 206 -1,
32 37 42 -1,
32 22 24 -1,
32 196 200 -1,
32 6 12 -1,
32 250 4 -1,
32 34 37 -1,
32 104 108 -1,
32 222 226 -1,
32 68 72 -1,
32 50 52 -1,
32 52 55 -1,
32 55 56 -1,
32 56 58 -1,
32 62 64 -1,
32 64 66 -1,
32 66 68 -1,
32 208 212 -1,
32 72 74 -1,
32 74 76 -1,
32 76 78 -1,
32 78 80 -1,
32 218 222 -1,
32 84 86 -1,
32 86 88 -1,
32 42 50 -1,
32 92 94 -1,
32 94 96 -1,
32 96 98 -1,
32 226 236 -1,
32 98 100 -1,
32 100 102 -1,
32 102 104 -1,
32 108 110 -1,
32 110 112 -1,
32 112 114 -1,
32 114 116 -1,
32 116 119 -1,
32 119 120 -1,
32 120 122 -1,
32 122 124 -1,
32 124 126 -1,
32 126 128 -1,
32 128 130 -1,
32 236 242 -1,
32 130 132 -1,
32 14 21 -1,
32 132 134 -1,
32 134 136 -1,
32 136 138 -1,
32 138 140 -1,
32 140 142 -1,
32 142 144 -1,
32 144 146 -1,
32 146 148 -1,
32 148 150 -1,
32 150 152 -1,
32 152 154 -1,
32 154 156 -1,
32 156 158 -1,
32 158 160 -1,
32 80 84 -1,
32 160 162 -1,
32 162 164 -1,
32 164 166 -1,
32 166 168 -1,
32 168 170 -1,
32 170 172 -1,
32 242 246 -1,
32 172 174 -1,
32 174 176 -1,
32 176 178 -1,
32 178 180 -1,
32 180 182 -1,
32 182 184 -1,
32 184 186 -1,
32 186 188 -1,
32 88 92 -1,
32 188 190 -1,
32 190 192 -1,
32 192 194 -1,
32 58 62 -1,
32 194 196 -1,
201 207 203 -1,
203 207 205 -1,
199 207 201 -1,
107 105 109 -1,
207 213 209 -1,
209 213 211 -1,
101 99 103 -1,
91 89 93 -1,
227 231 229 -1,
231 235 233 -1,
82 81 85 -1,
85 81 87 -1,
87 81 89 -1,
235 239 237 -1,
235 241 239 -1,
245 249 247 -1,
249 2 251 -1,
249 3 2 -1,
61 59 63 -1,
3 7 5 -1,
3 9 7 -1,
57 54 59 -1,
53 51 54 -1,
11 15 13 -1,
46 45 49 -1,
49 45 51 -1,
18 25 20 -1,
20 25 23 -1,
40 39 43 -1,
39 36 43 -1,
25 29 27 -1,
207 33 213 -1,
9 33 11 -1,
45 33 51 -1,
213 33 215 -1,
105 33 109 -1,
215 33 217 -1,
15 33 17 -1,
249 33 3 -1,
217 33 219 -1,
17 33 18 -1,
219 33 221 -1,
11 33 15 -1,
221 33 223 -1,
223 33 225 -1,
225 33 227 -1,
29 33 31 -1,
231 33 235 -1,
35 33 36 -1,
241 33 243 -1,
243 33 245 -1,
43 33 45 -1,
199 33 207 -1,
99 33 103 -1,
51 33 54 -1,
25 33 29 -1,
63 33 65 -1,
65 33 67 -1,
67 33 69 -1,
69 33 70 -1,
70 33 73 -1,
73 33 75 -1,
75 33 77 -1,
77 33 79 -1,
79 33 81 -1,
59 33 63 -1,
93 33 95 -1,
95 33 97 -1,
97 33 99 -1,
81 33 89 -1,
103 33 105 -1,
109 33 111 -1,
111 33 113 -1,
113 33 115 -1,
115 33 117 -1,
117 33 118 -1,
118 33 121 -1,
3 33 9 -1,
121 33 123 -1,
123 33 125 -1,
125 33 127 -1,
127 33 129 -1,
129 33 131 -1,
227 33 231 -1,
131 33 133 -1,
36 33 43 -1,
133 33 135 -1,
135 33 137 -1,
137 33 139 -1,
139 33 141 -1,
141 33 143 -1,
143 33 145 -1,
145 33 147 -1,
147 33 149 -1,
149 33 151 -1,
151 33 153 -1,
153 33 155 -1,
235 33 241 -1,
155 33 157 -1,
157 33 159 -1,
159 33 161 -1,
54 33 59 -1,
161 33 163 -1,
163 33 165 -1,
18 33 25 -1,
165 33 167 -1,
167 33 169 -1,
169 33 171 -1,
171 33 173 -1,
173 33 175 -1,
175 33 177 -1,
177 33 179 -1,
179 33 181 -1,
181 33 183 -1,
183 33 185 -1,
185 33 187 -1,
245 33 249 -1,
187 33 189 -1,
189 33 191 -1,
191 33 193 -1,
193 33 195 -1,
195 33 197 -1,
89 33 93 -1,
197 33 199 -1 ] } }
Shape { appearance Appearance { material Material { diffuseColor 0.7 0.72 0.74 } } geometry IndexedFaceSet { solid FALSE coord Coordinate { point [ 1.348303 0.004906 1.968504,
1.348425 -0.000000 1.968504,
1.348425 -0.000000 0.984252,
1.348303 0.004906 0.984252,
1.347936 0.009800 1.968504,
1.347936 0.009800 0.984252,
1.347326 0.014670 1.968504,
1.347326 0.014670 0.984252,
1.346474 0.019503 1.968504,
1.346474 0.019503 0.984252,
1.345382 0.024287 1.968504,
1.345382 0.024287 0.984252,
1.344052 0.029011 1.968504,
1.344052 0.029011 0.984252,
1.342489 0.033663 1.968504,
1.342489 0.033663 0.984252,
1.340696 0.038232 0.984252,
1.340696 0.038232 1.968504,
1.338678 0.042705 1.968504,
1.338678 0.042705 0.984252,
1.336439 0.047072 1.968504,
1.336439 0.047072 0.984252,
1.333985 0.051322 1.968504,
1.333985 0.051322 0.984252,
1.331323 0.055445 0.984252,
1.331323 0.055445 1.968504,
1.328458 0.059430 1.968504,
1.328458 0.059430 0.984252,
1.325398 0.063266 1.968504,
1.325398 0.063266 0.984252,
1.322151 0.066946 1.968504,
1.322151 0.066946 0.984252,
1.318724 0.070459 0.984252,
1.318724 0.070459 1.968504,
1.315127 0.073797 1.968504,
1.315127 0.073797 0.984252,
1.311367 0.076952 1.968504,
1.311367 0.076952 0.984252,
1.307455 0.079915 0.984252,
1.307455 0.079915 1.968504,
1.303400 0.082680 1.968504,
1.303400 0.082680 0.984252,
1.299213 0.085239 1.968504,
1.299213 0.085239 0.984252,
1.294903 0.087586 1.968504,
1.294903 0.087586 0.984252,
1.290481 0.089715 1.968504,
1.290481 0.089715 0.984252,
1.285959 0.091621 1.968504,
1.285959 0.091621 0.984252,
1.281347 0.093300 1.968504,
1.281347 0.093300 0.984252,
1.276658 0.094746 1.968504,
1.276658 0.094746 0.984252,
1.271902 0.095957 1.968504,
1.271902 0.095957 0.984252,
1.267091 0.096930 1.968504,
1.267091 0.096930 0.984252,
1.262239 0.097661 0.984252,
1.262239 0.097661 1.968504,
1.257355 0.098150 1.968504,
1.257355 0.098150 0.984252,
1.252454 0.098395 1.968504,
1.252454 0.098395 0.984252,
1.247546 0.098395 1.968504,
1.247546 0.098395 0.984252,
1.242645 0.098150 1.968504,
1.242645 0.098150 0.984252,
1.237761 0.097661 1.968504,
1.237761 0.097661 0.984252,
1.232909 0.096930 1.968504,
1.232909 0.096930 0.984252,
1.228098 0.095957 1.968504,
1.228098 0.095957 0.984252,
1.223342 0.094746 1.968504,
1.223342 0.094746 0.984252,
1.218653 0.093300 0.984252,
1.218653 0.093300 1.968504,
1.214041 0.091621 0.984252,
1.214041 0.091621 1.968504,
1.209519 0.089715 1.968504,
1.209519 0.089715 0.984252,
1.205097 0.087586 1.968504,
1.205097 0.087586 0.984252,
1.200787 0.085239 1.968504,
1.200787 0.085239 0.984252,
1.196600 0.082680 1.968504,
1.196600 0.082680 0.984252,
1.192545 0.079915 1.968504,
1.192545 0.079915 0.984252,
1.188633 0.076952 1.968504,
1.188633 0.076952 0.984252,
1.184873 0.073797 1.968504,
1.184873 0.073797 0.984252,
1.181276 0.070459 0.984252,
1.181276 0.070459 1.968504,
1.177849 0.066946 1.968504,
1.177849 0.066946 0.984252,
1.174602 0.063266 1.968504,
1.174602 0.063266 0.984252,
1.171542 0.059430 1.968504,
1.171542 0.059430 0.984252,
1.168677 0.055445 0.984252,
1.168677 0.055445 1.968504,
1.166015 0.051322 1.968504,
1.166015 0.051322 0.984252,
1.163561 0.047072 0.984252,
1.163561 0.047072 1.968504,
1.161322 0.042705 1.968504,
1.161322 0.042705 0.984252,
1.159304 0.038232 0.984252,
1.159304 0.038232 1.968504,
1.157511 0.033663 1.968504,
1.157511 0.033663 0.984252,
1.155948 0.029011 1.968504,
1.155948 0.029011 0.984252,
1.154618 0.024287 0.984252,
1.154618 0.024287 1.968504,
1.153526 0.019503 1.968504,
1.153526 0.019503 0.984252,
1.152674 0.014670 1.968504,
1.152674 0.014670 0.984252,
1.152064 0.009800 1.968504,
1.152064 0.009800 0.984252,
1.151697 0.004906 1.968504,
1.151697 0.004906 0.984252,
1.151575 -0.000000 0.984252,
1.151575 -0.000000 1.968504,
1.151697 -0.004906 0.984252,
1.151697 -0.004906 1.968504,
1.152064 -0.009800 1.968504,
1.152064 -0.009800 0.984252,
1.152674 -0.014670 0.984252,
1.152674 -0.014670 1.968504,
1.153526 -0.019503 0.984252,
1.153526 -0.019503 1.968504,
1.154618 -0.024287 0.984252,
1.154618 -0.024287 1.968504,
1.155948 -0.029011 1.968504,
1.155948 -0.029011 0.984252,
1.157511 -0.033663 0.984252,
1.157511 -0.033663 1.968504,
1.159304 -0.038232 1.968504,
1.159304 -0.038232 0.984252,
1.161322 -0.042705 1.968504,
1.161322 -0.042705 0.984252,
1.163561 -0.047072 0.984252,
1.163561 -0.047072 1.968504,
1.166015 -0.051322 1.968504,
1.166015 -0.051322 0.984252,
1.168677 -0.055445 1.968504,
1.168677 -0.055445 0.984252,
1.171542 -0.059430 1.968504,
1.171542 -0.059430 0.984252,
1.174602 -0.063266 0.984252,
1.174602 -0.063266 1.968504,
1.177849 -0.066946 1.968504,
1.177849 -0.066946 0.984252,
1.181276 -0.070459 1.968504,
1.181276 -0.070459 0.984252,
1.184873 -0.073797 0.984252,
1.184873 -0.073797 1.968504,
1.188633 -0.076952 1.968504,
1.188633 -0.076952 0.984252,
1.192545 -0.079915 1.968504,
1.192545 -0.079915 0.984252,
1.196600 -0.082680 1.968504,
1.196600 -0.082680 0.984252,
1.200787 -0.085239 0.984252,
1.200787 -0.085239 1.968504,
1.205097 -0.087586 1.968504,
1.205097 -0.087586 0.984252,
1.209519 -0.089715 1.968504,
1.209519 -0.089715 0.984252,
1.214041 -0.091621 1.968504,
1.214041 -0.091621 0.984252,
1.218653 -0.093300 1.968504,
1.218653 -0.093300 0.984252,
1.223342 -0.094746 1.968504,
1.223342 -0.094746 0.984252,
1.228098 -0.095957 1.968504,
1.228098 -0.095957 0.984252,
1.232909 -0.096930 1.968504,
1.232909 -0.096930 0.984252,
1.237761 -0.097661 0.984252,
1.237761 -0.097661 1.968504,
1.242645 -0.098150 1.968504,
1.242645 -0.098150 0.984252,
1.247546 -0.098395 1.968504,
1.247546 -0.098395 0.984252,
1.252454 -0.098395 1.968504,
1.252454 -0.098395 0.984252,
1.257355 -0.098150 1.968504,
1.257355 -0.098150 0.984252,
1.262239 -0.097661 1.968504,
1.262239 -0.097661 0.984252,
1.267091 -0.096930 1.968504,
1.267091 -0.096930 0.984252,
1.271902 -0.095957 1.968504,
1.271902 -0.095957 0.984252,
1.276658 -0.094746 1.968504,
1.276658 -0.094746 0.984252,
1.281347 -0.093300 1.968504,
1.281347 -0.093300 0.984252,
1.285959 -0.091621 1.968504,
1.285959 -0.091621 0.984252,
1.290481 -0.089715 1.968504,
1.290481 -0.089715 0.984252,
1.294903 -0.087586 1.968504,
1.294903 -0.087586 0.984252,
1.299213 -0.085239 0.984252,
1.299213 -0.085239 1.968504,
1.303400 -0.082680 1.968504,
1.303400 -0.082680 0.984252,
1.307455 -0.079915 1.968504,
1.307455 -0.079915 0.984252,
1.311367 -0.076952 1.968504,
1.311367 -0.076952 0.984252,
1.315127 -0.073797 1.968504,
1.315127 -0.073797 0.984252,
1.318724 -0.070459 1.968504,
1.318724 -0.070459 0.984252,
1.322151 -0.066946 1.968504,
1.322151 -0.066946 0.984252,
1.325398 -0.063266 1.968504,
1.325398 -0.063266 0.984252,
1.328458 -0.059430 1.968504,
1.328458 -0.059430 0.984252,
1.331323 -0.055445 1.968504,
1.331323 -0.055445 0.984252,
1.333985 -0.051322 1.968504,
1.333985 -0.051322 0.984252,
1.336439 -0.047072 1.968504,
1.336439 -0.047072 0.984252,
1.338678 -0.042705 1.968504,
1.338678 -0.042705 0.984252,
1.340696 -0.038232 1.968504,
1.340696 -0.038232 0.984252,
1.342489 -0.033663 1.968504,
1.342489 -0.033663 0.984252,
1.344052 -0.029011 0.984252,
1.344052 -0.029011 1.968504,
1.345382 -0.024287 1.968504,
1.345382 -0.024287 0.984252,
1.346474 -0.019503 1.968504,
1.346474 -0.019503 0.984252,
1.347326 -0.014670 1.968504,
1.347326 -0.014670 0.984252,
1.347936 -0.009800 1.968504,
1.347936 -0.009800 0.984252,
1.348303 -0.004906 1.968504,
1.348303 -0.004906 0.984252 ] } coordIndex [ 0 1 2 -1,
0 2 3 -1,
4 3 5 -1,
4 0 3 -1,
6 5 7 -1,
6 4 5 -1,
8 7 9 -1,
8 6 7 -1,
10 9 11 -1,
10 8 9 -1,
12 11 13 -1,
12 10 11 -1,
14 13 15 -1,
14 15 16 -1,
14 12 13 -1,
17 14 16 -1,
18 16 19 -1,
18 17 16 -1,
20 19 21 -1,
20 18 19 -1,
22 20 21 -1,
22 21 23 -1,
22 23 24 -1,
25 22 24 -1,
26 25 24 -1,
26 24 27 -1,
28 26 27 -1,
28 27 29 -1,
30 28 29 -1,
30 29 31 -1,
30 31 32 -1,
33 30 32 -1,
34 33 32 -1,
34 32 35 -1,
36 34 35 -1,
36 35 37 -1,
36 37 38 -1,
39 36 38 -1,
40 39 38 -1,
40 38 41 -1,
42 40 41 -1,
42 41 43 -1,
44 42 43 -1,
44 43 45 -1,
46 45 47 -1,
46 44 45 -1,
48 47 49 -1,
48 46 47 -1,
50 49 51 -1,
50 48 49 -1,
52 51 53 -1,
52 50 51 -1,
54 53 55 -1,
54 52 53 -1,
56 55 57 -1,
56 57 58 -1,
56 54 55 -1,
59 56 58 -1,
60 58 61 -1,
60 59 58 -1,
62 61 63 -1,
62 60 61 -1,
64 63 65 -1,
64 62 63 -1,
66 65 67 -1,
66 64 65 -1,
68 67 69 -1,
68 66 67 -1,
70 69 71 -1,
70 68 69 -1,
72 71 73 -1,
72 70 71 -1,
74 72 73 -1,
74 73 75 -1,
74 75 76 -1,
77 74 76 -1,
77 76 78 -1,
79 77 78 -1,
80 79 78 -1,
80 78 81 -1,
82 80 81 -1,
82 81 83 -1,
84 82 83 -1,
84 83 85 -1,
86 84 85 -1,
86 85 87 -1,
88 86 87 -1,
88 87 89 -1,
90 88 89 -1,
90 89 91 -1,
92 90 91 -1,
92 91 93 -1,
92 93 94 -1,
95 92 94 -1,
96 95 94 -1,
96 94 97 -1,
98 96 97 -1,
98 97 99 -1,
100 98 99 -1,
100 99 101 -1,
100 101 102 -1,
103 100 102 -1,
104 103 102 -1,
104 102 105 -1,
104 105 106 -1,
107 104 106 -1,
108 107 106 -1,
108 106 109 -1,
108 109 110 -1,
111 108 110 -1,
112 111 110 -1,
112 110 113 -1,
114 112 113 -1,
114 113 115 -1,
114 115 116 -1,
117 114 116 -1,
118 116 119 -1,
118 117 116 -1,
120 119 121 -1,
120 118 119 -1,
122 121 123 -1,
122 120 121 -1,
124 122 123 -1,
124 123 125 -1,
124 125 126 -1,
127 124 126 -1,
127 126 128 -1,
129 127 128 -1,
130 129 128 -1,
130 128 131 -1,
130 131 132 -1,
133 130 132 -1,
133 132 134 -1,
135 133 134 -1,
135 134 136 -1,
137 135 136 -1,
138 137 136 -1,
138 136 139 -1,
138 139 140 -1,
141 138 140 -1,
142 141 140 -1,
142 140 143 -1,
144 142 143 -1,
144 143 145 -1,
144 145 146 -1,
147 144 146 -1,
148 147 146 -1,
148 146 149 -1,
150 149 151 -1,
150 148 149 -1,
152 151 153 -1,
152 153 154 -1,
152 150 151 -1,
155 152 154 -1,
156 154 157 -1,
156 155 154 -1,
158 157 159 -1,
158 159 160 -1,
158 156 157 -1,
161 158 160 -1,
162 160 163 -1,
162 161 160 -1,
164 163 165 -1,
164 162 163 -1,
166 165 167 -1,
166 167 168 -1,
166 164 165 -1,
169 166 168 -1,
170 168 171 -1,
170 169 168 -1,
172 171 173 -1,
172 170 171 -1,
174 173 175 -1,
174 172 173 -1,
176 174 175 -1,
176 175 177 -1,
178 176 177 -1,
178 177 179 -1,
180 178 179 -1,
180 179 181 -1,
182 180 181 -1,
182 181 183 -1,
182 183 184 -1,
185 182 184 -1,
186 184 187 -1,
186 185 184 -1,
188 187 189 -1,
188 186 187 -1,
190 189 191 -1,
190 188 189 -1,
192 191 193 -1,
192 190 191 -1,
194 193 195 -1,
194 192 193 -1,
196 195 197 -1,
196 194 195 -1,
198 197 199 -1,
198 196 197 -1,
200 199 201 -1,
200 198 199 -1,
202 201 203 -1,
202 200 201 -1,
204 203 205 -1,
204 202 203 -1,
206 205 207 -1,
206 204 205 -1,
208 207 209 -1,
208 209 210 -1,
208 206 207 -1,
211 208 210 -1,
212 210 213 -1,
212 211 210 -1,
214 213 215 -1,
214 212 213 -1,
216 215 217 -1,
216 214 215 -1,
218 217 219 -1,
218 216 217 -1,
220 219 221 -1,
220 218 219 -1,
222 221 223 -1,
222 220 221 -1,
224 222 223 -1,
224 223 225 -1,
226 224 225 -1,
226 225 227 -1,
228 226 227 -1,
228 227 229 -1,
230 228 229 -1,
230 229 231 -1,
232 230 231 -1,
232 231 233 -1,
234 232 233 -1,
234 233 235 -1,
236 234 235 -1,
236 235 237 -1,
238 236 237 -1,
238 237 239 -1,
238 239 240 -1,
241 238 240 -1,
242 241 240 -1,
242 240 243 -1,
244 242 243 -1,
244 243 245 -1,
246 244 245 -1,
246 245 247 -1,
248 246 247 -1,
248 247 249 -1,
250 249 251 -1,
250 248 249 -1,
250 251 2 -1,
1 250 2 -1,
200 196 198 -1,
206 202 204 -1,
104 107 108 -1,
212 208 211 -1,
222 218 220 -1,
226 222 224 -1,
88 90 92 -1,
230 226 228 -1,
234 230 232 -1,
234 226 230 -1,
80 82 84 -1,
236 226 234 -1,
242 236 238 -1,
242 238 241 -1,
246 242 244 -1,
68 70 72 -1,
250 246 248 -1,
0 250 1 -1,
4 250 0 -1,
59 60 62 -1,
12 6 8 -1,
12 8 10 -1,
18 14 17 -1,
20 14 18 -1,
42 44 46 -1,
42 46 48 -1,
42 48 50 -1,
36 39 40 -1,
36 40 42 -1,
28 25 26 -1,
30 25 28 -1,
33 200 202 -1,
33 4 6 -1,
33 206 208 -1,
33 25 30 -1,
33 246 250 -1,
33 212 214 -1,
33 12 14 -1,
33 214 216 -1,
33 216 218 -1,
33 20 22 -1,
33 202 206 -1,
33 36 42 -1,
33 22 25 -1,
33 196 200 -1,
33 6 12 -1,
33 250 4 -1,
33 34 36 -1,
33 104 108 -1,
33 222 226 -1,
33 68 72 -1,
33 50 52 -1,
33 52 54 -1,
33 54 56 -1,
33 56 59 -1,
33 62 64 -1,
33 64 66 -1,
33 66 68 -1,
33 208 212 -1,
33 72 74 -1,
33 74 77 -1,
33 77 79 -1,
33 79 80 -1,
33 218 222 -1,
33 84 86 -1,
33 86 88 -1,
33 42 50 -1,
33 92 95 -1,
33 95 96 -1,
33 96 98 -1,
33 226 236 -1,
33 98 100 -1,
33 100 103 -1,
33 103 104 -1,
33 108 111 -1,
33 111 112 -1,
33 112 114 -1,
33 114 117 -1,
33 117 118 -1,
33 118 120 -1,
33 120 122 -1,
33 122 124 -1,
33 124 127 -1,
33 127 129 -1,
33 129 130 -1,
33 236 242 -1,
33 130 133 -1,
33 14 20 -1,
33 133 135 -1,
33 135 137 -1,
33 137 138 -1,
33 138 141 -1,
33 141 142 -1,
33 142 144 -1,
33 144 147 -1,
33 147 148 -1,
33 148 150 -1,
33 150 152 -1,
33 152 155 -1,
33 155 156 -1,
33 156 158 -1,
33 158 161 -1,
33 80 84 -1,
33 161 162 -1,
33 162 164 -1,
33 164 166 -1,
33 166 169 -1,
33 169 170 -1,
33 170 172 -1,
33 242 246 -1,
33 172 174 -1,
33 174 176 -1,
33 176 178 -1,
33 178 180 -1,
33 180 182 -1,
33 182 185 -1,
33 185 186 -1,
33 186 188 -1,
33 88 92 -1,
33 188 190 -1,
33 190 192 -1,
33 192 194 -1,
33 59 62 -1,
33 194 196 -1,
197 201 199 -1,
203 207 205 -1,
106 105 109 -1,
209 213 210 -1,
219 223 221 -1,
223 227 225 -1,
91 89 93 -1,
227 231 229 -1,
231 235 233 -1,
227 235 231 -1,
83 81 85 -1,
227 237 235 -1,
237 243 239 -1,
239 243 240 -1,
243 247 245 -1,
71 69 73 -1,
247 251 249 -1,
251 3 2 -1,
251 5 3 -1,
61 58 63 -1,
7 13 9 -1,
9 13 11 -1,
15 19 16 -1,
15 21 19 -1,
45 43 47 -1,
47 43 49 -1,
49 43 51 -1,
38 37 41 -1,
41 37 43 -1,
24 29 27 -1,
24 31 29 -1,
201 32 203 -1,
5 32 7 -1,
207 32 209 -1,
24 32 31 -1,
247 32 251 -1,
213 32 215 -1,
13 32 15 -1,
215 32 217 -1,
217 32 219 -1,
21 32 23 -1,
203 32 207 -1,
37 32 43 -1,
23 32 24 -1,
197 32 201 -1,
7 32 13 -1,
251 32 5 -1,
35 32 37 -1,
105 32 109 -1,
223 32 227 -1,
69 32 73 -1,
51 32 53 -1,
53 32 55 -1,
55 32 57 -1,
57 32 58 -1,
63 32 65 -1,
65 32 67 -1,
67 32 69 -1,
209 32 213 -1,
73 32 75 -1,
75 32 76 -1,
76 32 78 -1,
78 32 81 -1,
219 32 223 -1,
85 32 87 -1,
87 32 89 -1,
43 32 51 -1,
93 32 94 -1,
94 32 97 -1,
97 32 99 -1,
227 32 237 -1,
99 32 101 -1,
101 32 102 -1,
102 32 105 -1,
109 32 110 -1,
110 32 113 -1,
113 32 115 -1,
115 32 116 -1,
116 32 119 -1,
119 32 121 -1,
121 32 123 -1,
123 32 125 -1,
125 32 126 -1,
126 32 128 -1,
128 32 131 -1,
237 32 243 -1,
131 32 132 -1,
15 32 21 -1,
132 32 134 -1,
134 32 136 -1,
136 32 139 -1,
139 32 140 -1,
140 32 143 -1,
143 32 145 -1,
145 32 146 -1,
146 32 149 -1,
149 32 151 -1,
151 32 153 -1,
153 32 154 -1,
154 32 157 -1,
157 32 159 -1,
159 32 160 -1,
81 32 85 -1,
160 32 163 -1,
163 32 165 -1,
165 32 167 -1,
167 32 168 -1,
168 32 171 -1,
171 32 173 -1,
243 32 247 -1,
173 32 175 -1,
175 32 177 -1,
177 32 179 -1,
179 32 181 -1,
181 32 183 -1,
183 32 184 -1,
184 32 187 -1,
187 32 189 -1,
89 32 93 -1,
189 32 191 -1,
191 32 193 -1,
193 32 195 -1,
58 32 63 -1,
195 32 197 -1 ] } }
Shape { appearance Appearance { material Material { diffuseColor 0.7 0.72 0.74 } } geometry IndexedFaceSet { solid FALSE coord Coordinate { point [ 2.098303 0.004906 0.393701,
2.098425 -0.000000 0.393701,
2.098425 -0.000000 -0.984252,
2.098303 0.004906 -0.984252,
2.097936 0.009800 0.393701,
2.097936 0.009800 -0.984252,
2.097326 0.014670 0.393701,
2.097326 0.014670 -0.984252,
2.096474 0.019503 0.393701,
2.096474 0.019503 -0.984252,
2.095382 0.024287 0.393701,
2.095382 0.024287 -0.984252,
2.094052 0.029011 0.393701,
2.094052 0.029011 -0.984252,
2.092489 0.033663 -0.984252,
2.092489 0.033663 0.393701,
2.090696 0.038232 0.393701,
2.090696 0.038232 -0.984252,
2.088678 0.042705 0.393701,
2.088678 0.042705 -0.984252,
2.086439 0.047072 -0.984252,
2.086439 0.047072 0.393701,
2.083985 0.051322 -0.984252,
2.083985 0.051322 0.393701,
2.081323 0.055445 0.393701,
2.081323 0.055445 -0.984252,
2.078458 0.059430 0.393701,
2.078458 0.059430 -0.984252,
2.075398 0.063266 -0.984252,
2.075398 0.063266 0.393701,
2.072151 0.066946 0.393701,
2.072151 0.066946 -0.984252,
2.068724 0.070459 0.393701,
2.068724 0.070459 -0.984252,
2.065127 0.073797 -0.984252,
2.065127 0.073797 0.393701,
2.061367 0.076952 0.393701,
2.061367 0.076952 -0.984252,
2.057455 0.079915 0.393701,
2.057455 0.079915 -0.984252,
2.053400 0.082680 0.393701,
2.053400 0.082680 -0.984252,
2.049213 0.085239 0.393701,
2.049213 0.085239 -0.984252,
2.044903 0.087586 0.393701,
2.044903 0.087586 -0.984252,
2.040481 0.089715 0.393701,
2.040481 0.089715 -0.984252,
2.035959 0.091621 0.393701,
2.035959 0.091621 -0.984252,
2.031347 0.093300 -0.984252,
2.031347 0.093300 0.393701,
2.026658 0.094746 0.393701,
2.026658 0.094746 -0.984252,
2.021902 0.095957 0.393701,
2.021902 0.095957 -0.984252,
2.017091 0.096930 0.393701,
2.017091 0.096930 -0.984252,
2.012239 0.097661 0.393701,
2.012239 0.097661 -0.984252,
2.007355 0.098150 0.393701,
2.007355 0.098150 -0.984252,
2.002454 0.098395 0.393701,
2.002454 0.098395 -0.984252,
1.997546 0.098395 0.393701,
1.997546 0.098395 -0.984252,
1.992645 0.098150 0.393701,
1.992645 0.098150 -0.984252,
1.987761 0.097661 0.393701,
1.987761 0.097661 -0.984252,
1.982909 0.096930 0.393701,
1.982909 0.096930 -0.984252,
1.978098 0.095957 0.393701,
1.978098 0.095957 -0.984252,
1.973342 0.094746 0.393701,
1.973342 0.094746 -0.984252,
1.968653 0.093300 -0.984252,
1.968653 0.093300 0.393701,
1.964041 0.091621 0.393701,
1.964041 0.091621 -0.984252,
1.959519 0.089715 0.393701,
1.959519 0.089715 -0.984252,
1.955097 0.087586 -0.984252,
1.955097 0.087586 0.393701,
1.950787 0.085239 0.393701,
1.950787 0.085239 -0.984252,
1.946600 0.082680 0.393701,
1.946600 0.082680 -0.984252,
1.942545 0.079915 -0.984252,
1.942545 0.079915 0.393701,
1.938633 0.076952 0.393701,
1.938633 0.076952 -0.984252,
1.934873 0.073797 0.393701,
1.934873 0.073797 -0.984252,
1.931276 0.070459 0.393701,
1.931276 0.070459 -0.984252,
1.927849 0.066946 0.393701,
1.927849 0.066946 -0.984252,
1.924602 0.063266 -0.984252,
1.924602 0.063266 0.393701,
1.921542 0.059430 0.393701,
1.921542 0.059430 -0.984252,
1.918677 0.055445 0.393701,
1.918677 0.055445 -0.984252,
1.916015 0.051322 -0.984252,
1.916015 0.051322 0.393701,
1.913561 0.047072 -0.984252,
1.913561 0.047072 0.393701,
1.911322 0.042705 -0.984252,
1.911322 0.042705 0.393701,
1.909304 0.038232 0.393701,
1.909304 0.038232 -0.984252,
1.907511 0.033663 -0.984252,
1.907511 0.033663 0.393701,
1.905948 0.029011 0.393701,
1.905948 0.029011 -0.984252,
1.904618 0.024287 0.393701,
1.904618 0.024287 -0.984252,
1.903526 0.019503 0.393701,
1.903526 0.019503 -0.984252,
1.902674 0.014670 -0.984252,
1.902674 0.014670 0.393701,
1.902064 0.009800 -0.984252,
1.902064 0.009800 0.393701,
1.901697 0.004906 -0.984252,
1.901697 0.004906 0.393701,
1.901575 -0.000000 0.393701,
1.901575 -0.000000 -0.984252,
1.901697 -0.004906 0.393701,
1.901697 -0.004906 -0.984252,
1.902064 -0.009800 0.393701,
1.902064 -0.009800 -0.984252,
1.902674 -0.014670 0.393701,
1.902674 -0.014670 -0.984252,
1.903526 -0.019503 -0.984252,
1.903526 -0.019503 0.393701,
1.904618 -0.024287 -0.984252,
1.904618 -0.024287 0.393701,
1.905948 -0.029011 0.393701,
1.905948 -0.029011 -0.984252,
1.907511 -0.033663 0.393701,
1.907511 -0.033663 -0.984252,
1.909304 -0.038232 -0.984252,
1.909304 -0.038232 0.393701,
1.911322 -0.042705 0.393701,
1.911322 -0.042705 -0.984252,
1.913561 -0.047072 0.393701,
1.913561 -0.047072 -0.984252,
1.916015 -0.051322 -0.984252,
1.916015 -0.051322 0.393701,
1.918677 -0.055445 -0.984252,
1.918677 -0.055445 0.393701,
1.921542 -0.059430 0.393701,
1.921542 -0.059430 -0.984252,
1.924602 -0.063266 -0.984252,
1.924602 -0.063266 0.393701,
1.927849 -0.066946 0.393701,
1.927849 -0.066946 -0.984252,
1.931276 -0.070459 0.393701,
1.931276 -0.070459 -0.984252,
1.934873 -0.073797 -0.984252,
1.934873 -0.073797 0.393701,
1.938633 -0.076952 0.393701,
1.938633 -0.076952 -0.984252,
1.942545 -0.079915 -0.984252,
1.942545 -0.079915 0.393701,
1.946600 -0.082680 0.393701,
1.946600 -0.082680 -0.984252,
1.950787 -0.085239 0.393701,
1.950787 -0.085239 -0.984252,
1.955097 -0.087586 0.393701,
1.955097 -0.087586 -0.984252,
1.959519 -0.089715 0.393701,
1.959519 -0.089715 -0.984252,
1.964041 -0.091621 -0.984252,
1.964041 -0.091621 0.393701,
1.968653 -0.093300 0.393701,
1.968653 -0.093300 -0.984252,
1.973342 -0.094746 0.393701,
1.973342 -0.094746 -0.984252,
1.978098 -0.095957 0.393701,
1.978098 -0.095957 -0.984252,
1.982909 -0.096930 0.393701,
1.982909 -0.096930 -0.984252,
1.987761 -0.097661 0.393701,
1.987761 -0.097661 -0.984252,
1.992645 -0.098150 -0.984252,
1.992645 -0.098150 0.393701,
1.997546 -0.098395 0.393701,
1.997546 -0.098395 -0.984252,
2.002454 -0.098395 0.393701,
2.002454 -0.098395 -0.984252,
2.007355 -0.098150 0.393701,
2.007355 -0.098150 -0.984252,
2.012239 -0.097661 0.393701,
2.012239 -0.097661 -0.984252,
2.017091 -0.096930 0.393701,
2.017091 -0.096930 -0.984252,
2.021902 -0.095957 0.393701,
2.021902 -0.095957 -0.984252,
2.026658 -0.094746 0.393701,
2.026658 -0.094746 -0.984252,
2.031347 -0.093300 0.393701,
2.031347 -0.093300 -0.984252,
2.035959 -0.091621 0.393701,
2.035959 -0.091621 -0.984252,
2.040481 -0.089715 -0.984252,
2.040481 -0.089715 0.393701,
2.044903 -0.087586 0.393701,
2.044903 -0.087586 -0.984252,
2.049213 -0.085239 0.393701,
2.049213 -0.085239 -0.984252,
2.053400 -0.082680 0.393701,
2.053400 -0.082680 -0.984252,
2.057455 -0.079915 -0.984252,
2.057455 -0.079915 0.393701,
2.061367 -0.076952 0.393701,
2.061367 -0.076952 -0.984252,
2.065127 -0.073797 0.393701,
2.065127 -0.073797 -0.984252,
2.068724 -0.070459 0.393701,
2.068724 -0.070459 -0.984252,
2.072151 -0.066946 -0.984252,
2.072151 -0.066946 0.393701,
2.075398 -0.063266 0.393701,
2.075398 -0.063266 -0.984252,
2.078458 -0.059430 0.393701,
2.078458 -0.059430 -0.984252,
2.081323 -0.055445 -0.984252,
2.081323 -0.055445 0.393701,
2.083985 -0.051322 0.393701,
2.083985 -0.051322 -0.984252,
2.086439 -0.047072 -0.984252,
2.086439 -0.047072 0.393701,
2.088678 -0.042705 0.393701,
2.088678 -0.042705 -0.984252,
2.090696 -0.038232 -0.984252,
2.090696 -0.038232 0.393701,
2.092489 -0.033663 -0.984252,
2.092489 -0.033663 0.393701,
2.094052 -0.029011 0.393701,
2.094052 -0.029011 -0.984252,
2.095382 -0.024287 -0.984252,
2.095382 -0.024287 0.393701,
2.096474 -0.019503 0.393701,
2.096474 -0.019503 -0.984252,
2.097326 -0.014670 -0.984252,
2.097326 -0.014670 0.393701,
2.097936 -0.009800 0.393701,
2.097936 -0.009800 -0.984252,
2.098303 -0.004906 -0.984252,
2.098303 -0.004906 0.393701 ] } coordIndex [ 0 1 2 -1,
0 2 3 -1,
4 3 5 -1,
4 0 3 -1,
6 5 7 -1,
6 4 5 -1,
8 7 9 -1,
8 6 7 -1,
10 9 11 -1,
10 8 9 -1,
12 11 13 -1,
12 13 14 -1,
12 10 11 -1,
15 12 14 -1,
16 14 17 -1,
16 15 14 -1,
18 17 19 -1,
18 19 20 -1,
18 16 17 -1,
21 20 22 -1,
21 18 20 -1,
23 21 22 -1,
24 23 22 -1,
24 22 25 -1,
26 24 25 -1,
26 25 27 -1,
26 27 28 -1,
29 26 28 -1,
30 29 28 -1,
30 28 31 -1,
32 30 31 -1,
32 31 33 -1,
32 33 34 -1,
35 32 34 -1,
36 35 34 -1,
36 34 37 -1,
38 36 37 -1,
38 37 39 -1,
40 38 39 -1,
40 39 41 -1,
42 40 41 -1,
42 41 43 -1,
44 42 43 -1,
44 43 45 -1,
46 45 47 -1,
46 44 45 -1,
48 47 49 -1,
48 46 47 -1,
48 49 50 -1,
51 48 50 -1,
52 50 53 -1,
52 51 50 -1,
54 53 55 -1,
54 52 53 -1,
56 55 57 -1,
56 54 55 -1,
58 57 59 -1,
58 56 57 -1,
60 59 61 -1,
60 58 59 -1,
62 61 63 -1,
62 60 61 -1,
64 63 65 -1,
64 62 63 -1,
66 65 67 -1,
66 64 65 -1,
68 67 69 -1,
68 66 67 -1,
70 69 71 -1,
70 68 69 -1,
72 71 73 -1,
72 70 71 -1,
74 72 73 -1,
74 73 75 -1,
74 75 76 -1,
77 74 76 -1,
78 77 76 -1,
78 76 79 -1,
80 78 79 -1,
80 79 81 -1,
80 81 82 -1,
83 80 82 -1,
84 83 82 -1,
84 82 85 -1,
86 84 85 -1,
86 85 87 -1,
86 87 88 -1,
89 86 88 -1,
90 89 88 -1,
90 88 91 -1,
92 90 91 -1,
92 91 93 -1,
94 92 93 -1,
94 93 95 -1,
96 94 95 -1,
96 95 97 -1,
96 97 98 -1,
99 96 98 -1,
100 99 98 -1,
100 98 101 -1,
102 100 101 -1,
102 101 103 -1,
102 103 104 -1,
105 102 104 -1,
105 104 106 -1,
107 105 106 -1,
107 106 108 -1,
109 107 108 -1,
110 109 108 -1,
110 108 111 -1,
110 111 112 -1,
113 110 112 -1,
114 113 112 -1,
114 112 115 -1,
116 115 117 -1,
116 114 115 -1,
118 117 119 -1,
118 119 120 -1,
118 116 117 -1,
121 118 120 -1,
121 120 122 -1,
123 122 124 -1,
123 121 122 -1,
125 123 124 -1,
126 125 124 -1,
126 124 127 -1,
128 126 127 -1,
128 127 129 -1,
130 128 129 -1,
130 129 131 -1,
132 130 131 -1,
132 131 133 -1,
132 133 134 -1,
135 132 134 -1,
135 134 136 -1,
137 135 136 -1,
138 137 136 -1,
138 136 139 -1,
140 138 139 -1,
140 139 141 -1,
140 141 142 -1,
143 140 142 -1,
144 143 142 -1,
144 142 145 -1,
146 144 145 -1,
146 145 147 -1,
146 147 148 -1,
149 148 150 -1,
149 146 148 -1,
151 149 150 -1,
152 150 153 -1,
152 153 154 -1,
152 151 150 -1,
155 152 154 -1,
156 154 157 -1,
156 155 154 -1,
158 157 159 -1,
158 159 160 -1,
158 156 157 -1,
161 158 160 -1,
162 160 163 -1,
162 163 164 -1,
162 161 160 -1,
165 162 164 -1,
166 164 167 -1,
166 165 164 -1,
168 167 169 -1,
168 166 167 -1,
170 169 171 -1,
170 168 169 -1,
172 171 173 -1,
172 173 174 -1,
172 170 171 -1,
175 172 174 -1,
176 175 174 -1,
176 174 177 -1,
178 176 177 -1,
178 177 179 -1,
180 178 179 -1,
180 179 181 -1,
182 180 181 -1,
182 181 183 -1,
184 183 185 -1,
184 185 186 -1,
184 182 183 -1,
187 184 186 -1,
188 186 189 -1,
188 187 186 -1,
190 189 191 -1,
190 188 189 -1,
192 191 193 -1,
192 190 191 -1,
194 193 195 -1,
194 192 193 -1,
196 195 197 -1,
196 194 195 -1,
198 197 199 -1,
198 196 197 -1,
200 199 201 -1,
200 198 199 -1,
202 201 203 -1,
202 200 201 -1,
204 203 205 -1,
204 205 206 -1,
204 202 203 -1,
207 204 206 -1,
208 206 209 -1,
208 207 206 -1,
210 209 211 -1,
210 208 209 -1,
212 211 213 -1,
212 213 214 -1,
212 210 211 -1,
215 212 214 -1,
216 214 217 -1,
216 215 214 -1,
218 217 219 -1,
218 216 217 -1,
220 219 221 -1,
220 221 222 -1,
220 218 219 -1,
223 220 222 -1,
224 223 222 -1,
224 222 225 -1,
226 224 225 -1,
226 225 227 -1,
226 227 228 -1,
229 226 228 -1,
230 229 228 -1,
230 228 231 -1,
230 231 232 -1,
233 230 232 -1,
234 233 232 -1,
234 232 235 -1,
234 235 236 -1,
237 234 236 -1,
237 236 238 -1,
239 237 238 -1,
240 239 238 -1,
240 238 241 -1,
240 241 242 -1,
243 240 242 -1,
244 243 242 -1,
244 242 245 -1,
244 245 246 -1,
247 244 246 -1,
248 246 249 -1,
248 247 246 -1,
248 249 250 -1,
251 248 250 -1,
1 250 2 -1,
1 251 250 -1,
200 196 198 -1,
207 202 204 -1,
105 107 109 -1,
212 208 210 -1,
223 218 220 -1,
226 223 224 -1,
89 90 92 -1,
230 226 229 -1,
234 230 233 -1,
234 226 230 -1,
80 83 84 -1,
237 226 234 -1,
243 237 239 -1,
243 239 240 -1,
247 243 244 -1,
68 70 72 -1,
251 247 248 -1,
0 251 1 -1,
4 251 0 -1,
58 60 62 -1,
12 6 8 -1,
12 8 10 -1,
18 15 16 -1,
21 15 18 -1,
42 44 46 -1,
42 46 48 -1,
42 48 51 -1,
36 38 40 -1,
36 40 42 -1,
29 24 26 -1,
30 24 29 -1,
32 200 202 -1,
32 4 6 -1,
32 207 208 -1,
32 24 30 -1,
32 247 251 -1,
32 212 215 -1,
32 12 15 -1,
32 215 216 -1,
32 216 218 -1,
32 21 23 -1,
32 202 207 -1,
32 36 42 -1,
32 23 24 -1,
32 196 200 -1,
32 6 12 -1,
32 251 4 -1,
32 35 36 -1,
32 105 109 -1,
32 223 226 -1,
32 68 72 -1,
32 51 52 -1,
32 52 54 -1,
32 54 56 -1,
32 56 58 -1,
32 62 64 -1,
32 64 66 -1,
32 66 68 -1,
32 208 212 -1,
32 72 74 -1,
32 74 77 -1,
32 77 78 -1,
32 78 80 -1,
32 218 223 -1,
32 84 86 -1,
32 86 89 -1,
32 42 51 -1,
32 92 94 -1,
32 94 96 -1,
32 96 99 -1,
32 226 237 -1,
32 99 100 -1,
32 100 102 -1,
32 102 105 -1,
32 109 110 -1,
32 110 113 -1,
32 113 114 -1,
32 114 116 -1,
32 116 118 -1,
32 118 121 -1,
32 121 123 -1,
32 123 125 -1,
32 125 126 -1,
32 126 128 -1,
32 128 130 -1,
32 237 243 -1,
32 130 132 -1,
32 15 21 -1,
32 132 135 -1,
32 135 137 -1,
32 137 138 -1,
32 138 140 -1,
32 140 143 -1,
32 143 144 -1,
32 144 146 -1,
32 146 149 -1,
32 149 151 -1,
32 151 152 -1,
32 152 155 -1,
32 155 156 -1,
32 156 158 -1,
32 158 161 -1,
32 80 84 -1,
32 161 162 -1,
32 162 165 -1,
32 165 166 -1,
32 166 168 -1,
32 168 170 -1,
32 170 172 -1,
32 243 247 -1,
32 172 175 -1,
32 175 176 -1,
32 176 178 -1,
32 178 180 -1,
32 180 182 -1,
32 182 184 -1,
32 184 187 -1,
32 187 188 -1,
32 89 92 -1,
32 188 190 -1,
32 190 192 -1,
32 192 194 -1,
32 58 62 -1,
32 194 196 -1,
197 201 199 -1,
203 206 205 -1,
106 104 108 -1,
209 213 211 -1,
219 222 221 -1,
222 227 225 -1,
91 88 93 -1,
227 231 228 -1,
231 235 232 -1,
227 235 231 -1,
82 81 85 -1,
227 236 235 -1,
236 242 238 -1,
238 242 241 -1,
242 246 245 -1,
71 69 73 -1,
246 250 249 -1,
250 3 2 -1,
250 5 3 -1,
61 59 63 -1,
7 13 9 -1,
9 13 11 -1,
14 19 17 -1,
14 20 19 -1,
45 43 47 -1,
47 43 49 -1,
49 43 50 -1,
39 37 41 -1,
41 37 43 -1,
25 28 27 -1,
25 31 28 -1,
201 33 203 -1,
5 33 7 -1,
206 33 209 -1,
25 33 31 -1,
246 33 250 -1,
213 33 214 -1,
13 33 14 -1,
214 33 217 -1,
217 33 219 -1,
20 33 22 -1,
203 33 206 -1,
37 33 43 -1,
22 33 25 -1,
197 33 201 -1,
7 33 13 -1,
250 33 5 -1,
34 33 37 -1,
104 33 108 -1,
222 33 227 -1,
69 33 73 -1,
50 33 53 -1,
53 33 55 -1,
55 33 57 -1,
57 33 59 -1,
63 33 65 -1,
65 33 67 -1,
67 33 69 -1,
209 33 213 -1,
73 33 75 -1,
75 33 76 -1,
76 33 79 -1,
79 33 81 -1,
219 33 222 -1,
85 33 87 -1,
87 33 88 -1,
43 33 50 -1,
93 33 95 -1,
95 33 97 -1,
97 33 98 -1,
227 33 236 -1,
98 33 101 -1,
101 33 103 -1,
103 33 104 -1,
108 33 111 -1,
111 33 112 -1,
112 33 115 -1,
115 33 117 -1,
117 33 119 -1,
119 33 120 -1,
120 33 122 -1,
122 33 124 -1,
124 33 127 -1,
127 33 129 -1,
129 33 131 -1,
236 33 242 -1,
131 33 133 -1,
14 33 20 -1,
133 33 134 -1,
134 33 136 -1,
136 33 139 -1,
139 33 141 -1,
141 33 142 -1,
142 33 145 -1,
145 33 147 -1,
147 33 148 -1,
148 33 150 -1,
150 33 153 -1,
153 33 154 -1,
154 33 157 -1,
157 33 159 -1,
159 33 160 -1,
81 33 85 -1,
160 33 163 -1,
163 33 164 -1,
164 33 167 -1,
167 33 169 -1,
169 33 171 -1,
171 33 173 -1,
242 33 246 -1,
173 33 174 -1,
174 33 177 -1,
177 33 179 -1,
179 33 181 -1,
181 33 183 -1,
183 33 185 -1,
185 33 186 -1,
186 33 189 -1,
88 33 93 -1,
189 33 191 -1,
191 33 193 -1,
193 33 195 -1,
59 33 63 -1,
195 33 197 -1 ] } }
Shape { appearance Appearance { material Material { diffuseColor 0.7 0.72 0.74 } } geometry IndexedFaceSet { solid FALSE coord Coordinate { point [ 1.840525 0.004906 1.022574,
1.840638 -0.000000 1.022622,
2.090638 -0.000000 0.432071,
2.090525 0.004906 0.432023,
1.840188 0.009800 1.022431,
2.090188 0.009800 0.431880,
1.839626 0.014670 1.022194,
2.089626 0.014670 0.431642,
1.838841 0.019503 1.021861,
2.088841 0.019503 0.431310,
1.837835 0.024287 1.021436,
2.087835 0.024287 0.430884,
1.836611 0.029011 1.020917,
2.086611 0.029011 0.430366,
2.085172 0.033663 0.429757,
1.835172 0.033663 1.020308,
2.083521 0.038232 0.429058,
1.833521 0.038232 1.019609,
1.831662 0.042705 1.018822,
2.081662 0.042705 0.428271,
1.829600 0.047072 1.017949,
2.079600 0.047072 0.427398,
1.827341 0.051322 1.016993,
2.077341 0.051322 0.426442,
1.824889 0.055445 1.015955,
2.074889 0.055445 0.425404,
1.822251 0.059430 1.014838,
2.072251 0.059430 0.424287,
1.819433 0.063266 1.013645,
2.069433 0.063266 0.423094,
2.066442 0.066946 0.421828,
1.816442 0.066946 1.012379,
1.813287 0.070459 1.011043,
2.063287 0.070459 0.420492,
2.059974 0.073797 0.419090,
1.809974 0.073797 1.009641,
1.806512 0.076952 1.008175,
2.056512 0.076952 0.417624,
1.802909 0.079915 1.006650,
2.052909 0.079915 0.416099,
2.049175 0.082680 0.414518,
1.799175 0.082680 1.005070,
1.795319 0.085239 1.003437,
2.045319 0.085239 0.412886,
1.791350 0.087586 1.001757,
2.041350 0.087586 0.411206,
2.037278 0.089715 0.409482,
1.787278 0.089715 1.000033,
1.783114 0.091621 0.998270,
2.033114 0.091621 0.407719,
1.778867 0.093300 0.996472,
2.028867 0.093300 0.405921,
2.024548 0.094746 0.404093,
1.774548 0.094746 0.994644,
1.770169 0.095957 0.992790,
2.020169 0.095957 0.402239,
1.765739 0.096930 0.990915,
2.015739 0.096930 0.400364,
2.011270 0.097661 0.398472,
1.761270 0.097661 0.989023,
1.756773 0.098150 0.987119,
2.006773 0.098150 0.396568,
1.752260 0.098395 0.985209,
2.002260 0.098395 0.394657,
1.747740 0.098395 0.983295,
1.997740 0.098395 0.392744,
1.993227 0.098150 0.390833,
1.743227 0.098150 0.981385,
1.738730 0.097661 0.979481,
1.988730 0.097661 0.388930,
1.984261 0.096930 0.387038,
1.734261 0.096930 0.977589,
1.729831 0.095957 0.975714,
1.979831 0.095957 0.385163,
1.725452 0.094746 0.973860,
1.975452 0.094746 0.383309,
1.721133 0.093300 0.972032,
1.971133 0.093300 0.381480,
1.966886 0.091621 0.379683,
1.716886 0.091621 0.970234,
1.712722 0.089715 0.968471,
1.962722 0.089715 0.377920,
1.708650 0.087586 0.966747,
1.958650 0.087586 0.376196,
1.704681 0.085239 0.965067,
1.954681 0.085239 0.374516,
1.700825 0.082680 0.963434,
1.950825 0.082680 0.372883,
1.697091 0.079915 0.961854,
1.947091 0.079915 0.371302,
1.693488 0.076952 0.960329,
1.943488 0.076952 0.369777,
1.940026 0.073797 0.368312,
1.690026 0.073797 0.958863,
1.686713 0.070459 0.957461,
1.936713 0.070459 0.366909,
1.683558 0.066946 0.956125,
1.933558 0.066946 0.365574,
1.930567 0.063266 0.364308,
1.680567 0.063266 0.954859,
1.677749 0.059430 0.953666,
1.927749 0.059430 0.363115,
1.675111 0.055445 0.952549,
1.925111 0.055445 0.361998,
1.672659 0.051322 0.951511,
1.922659 0.051322 0.360960,
1.670400 0.047072 0.950555,
1.920400 0.047072 0.360003,
1.668338 0.042705 0.949682,
1.918338 0.042705 0.359131,
1.666479 0.038232 0.948895,
1.916479 0.038232 0.358344,
1.664828 0.033663 0.948196,
1.914828 0.033663 0.357645,
1.663389 0.029011 0.947587,
1.913389 0.029011 0.357035,
1.662165 0.024287 0.947068,
1.912165 0.024287 0.356517,
1.661159 0.019503 0.946643,
1.911159 0.019503 0.356091,
1.660374 0.014670 0.946310,
1.910374 0.014670 0.355759,
1.659812 0.009800 0.946073,
1.909812 0.009800 0.355521,
1.659475 0.004906 0.945930,
1.909475 0.004906 0.355378,
1.659362 -0.000000 0.945882,
1.909362 -0.000000 0.355331,
1.659475 -0.004906 0.945930,
1.909475 -0.004906 0.355378,
1.659812 -0.009800 0.946073,
1.909812 -0.009800 0.355521,
1.660374 -0.014670 0.946310,
1.910374 -0.014670 0.355759,
1.661159 -0.019503 0.946643,
1.911159 -0.019503 0.356091,
1.662165 -0.024287 0.947068,
1.912165 -0.024287 0.356517,
1.663389 -0.029011 0.947587,
1.913389 -0.029011 0.357035,
1.664828 -0.033663 0.948196,
1.914828 -0.033663 0.357645,
1.666479 -0.038232 0.948895,
1.916479 -0.038232 0.358344,
1.668338 -0.042705 0.949682,
1.918338 -0.042705 0.359131,
1.670400 -0.047072 0.950555,
1.920400 -0.047072 0.360003,
1.672659 -0.051322 0.951511,
1.922659 -0.051322 0.360960,
1.675111 -0.055445 0.952549,
1.925111 -0.055445 0.361998,
1.677749 -0.059430 0.953666,
1.927749 -0.059430 0.363115,
1.680567 -0.063266 0.954859,
1.930567 -0.063266 0.364308,
1.683558 -0.066946 0.956125,
1.933558 -0.066946 0.365574,
1.686713 -0.070459 0.957461,
1.936713 -0.070459 0.366909,
1.690026 -0.073797 0.958863,
1.940026 -0.073797 0.368312,
1.693488 -0.076952 0.960329,
1.943488 -0.076952 0.369777,
1.697091 -0.079915 0.961854,
1.947091 -0.079915 0.371302,
1.700825 -0.082680 0.963434,
1.950825 -0.082680 0.372883,
1.704681 -0.085239 0.965067,
1.954681 -0.085239 0.374516,
1.708650 -0.087586 0.966747,
1.958650 -0.087586 0.376196,
1.712722 -0.089715 0.968471,
1.962722 -0.089715 0.377920,
1.716886 -0.091621 0.970234,
1.966886 -0.091621 0.379683,
1.721133 -0.093300 0.972032,
1.971133 -0.093300 0.381480,
1.725452 -0.094746 0.973860,
1.975452 -0.094746 0.383309,
1.729831 -0.095957 0.975714,
1.979831 -0.095957 0.385163,
1.734261 -0.096930 0.977589,
1.984261 -0.096930 0.387038,
1.738730 -0.097661 0.979481,
1.988730 -0.097661 0.388930,
1.743227 -0.098150 0.981385,
1.993227 -0.098150 0.390833,
1.747740 -0.098395 0.983295,
1.997740 -0.098395 0.392744,
1.752260 -0.098395 0.985209,
2.002260 -0.098395 0.394657,
1.756773 -0.098150 0.987119,
2.006773 -0.098150 0.396568,
1.761270 -0.097661 0.989023,
2.011270 -0.097661 0.398472,
1.765739 -0.096930 0.990915,
2.015739 -0.096930 0.400364,
1.770169 -0.095957 0.992790,
2.020169 -0.095957 0.402239,
1.774548 -0.094746 0.994644,
2.024548 -0.094746 0.404093,
1.778867 -0.093300 0.996472,
2.028867 -0.093300 0.405921,
1.783114 -0.091621 0.998270,
2.033114 -0.091621 0.407719,
1.787278 -0.089715 1.000033,
2.037278 -0.089715 0.409482,
1.791350 -0.087586 1.001757,
2.041350 -0.087586 0.411206,
1.795319 -0.085239 1.003437,
2.045319 -0.085239 0.412886,
1.799175 -0.082680 1.005070,
2.049175 -0.082680 0.414518,
1.802909 -0.079915 1.006650,
2.052909 -0.079915 0.416099,
1.806512 -0.076952 1.008175,
2.056512 -0.076952 0.417624,
1.809974 -0.073797 1.009641,
2.059974 -0.073797 0.419090,
1.813287 -0.070459 1.011043,
2.063287 -0.070459 0.420492,
1.816442 -0.066946 1.012379,
2.066442 -0.066946 0.421828,
1.819433 -0.063266 1.013645,
2.069433 -0.063266 0.423094,
1.822251 -0.059430 1.014838,
2.072251 -0.059430 0.424287,
1.824889 -0.055445 1.015955,
2.074889 -0.055445 0.425404,
1.827341 -0.051322 1.016993,
2.077341 -0.051322 0.426442,
1.829600 -0.047072 1.017949,
2.079600 -0.047072 0.427398,
1.831662 -0.042705 1.018822,
2.081662 -0.042705 0.428271,
1.833521 -0.038232 1.019609,
2.083521 -0.038232 0.429058,
2.085172 -0.033663 0.429757,
1.835172 -0.033663 1.020308,
1.836611 -0.029011 1.020917,
2.086611 -0.029011 0.430366,
1.837835 -0.024287 1.021436,
2.087835 -0.024287 0.430884,
1.838841 -0.019503 1.021861,
2.088841 -0.019503 0.431310,
1.839626 -0.014670 1.022194,
2.089626 -0.014670 0.431642,
2.090188 -0.009800 0.431880,
1.840188 -0.009800 1.022431,
1.840525 -0.004906 1.022574,
2.090525 -0.004906 0.432023 ] } coordIndex [ 0 1 2 -1,
0 2 3 -1,
4 3 5 -1,
4 0 3 -1,
6 5 7 -1,
6 4 5 -1,
8 7 9 -1,
8 6 7 -1,
10 9 11 -1,
10 8 9 -1,
12 11 13 -1,
12 13 14 -1,
12 10 11 -1,
15 14 16 -1,
15 12 14 -1,
17 15 16 -1,
18 16 19 -1,
18 17 16 -1,
20 19 21 -1,
20 18 19 -1,
22 20 21 -1,
22 21 23 -1,
24 22 23 -1,
24 23 25 -1,
26 24 25 -1,
26 25 27 -1,
28 26 27 -1,
28 27 29 -1,
28 29 30 -1,
31 28 30 -1,
32 31 30 -1,
32 30 33 -1,
32 33 34 -1,
35 32 34 -1,
36 35 34 -1,
36 34 37 -1,
38 36 37 -1,
38 37 39 -1,
38 39 40 -1,
41 38 40 -1,
42 41 40 -1,
42 40 43 -1,
44 42 43 -1,
44 43 45 -1,
44 45 46 -1,
47 44 46 -1,
48 46 49 -1,
48 47 46 -1,
50 49 51 -1,
50 51 52 -1,
50 48 49 -1,
53 50 52 -1,
54 52 55 -1,
54 53 52 -1,
56 55 57 -1,
56 57 58 -1,
56 54 55 -1,
59 56 58 -1,
60 58 61 -1,
60 59 58 -1,
62 61 63 -1,
62 60 61 -1,
64 63 65 -1,
64 65 66 -1,
64 62 63 -1,
67 64 66 -1,
68 66 69 -1,
68 69 70 -1,
68 67 66 -1,
71 68 70 -1,
72 71 70 -1,
72 70 73 -1,
74 72 73 -1,
74 73 75 -1,
76 74 75 -1,
76 75 77 -1,
76 77 78 -1,
79 76 78 -1,
80 79 78 -1,
80 78 81 -1,
82 80 81 -1,
82 81 83 -1,
84 82 83 -1,
84 83 85 -1,
86 84 85 -1,
86 85 87 -1,
88 86 87 -1,
88 87 89 -1,
90 88 89 -1,
90 89 91 -1,
90 91 92 -1,
93 90 92 -1,
94 93 92 -1,
94 92 95 -1,
96 94 95 -1,
96 95 97 -1,
96 97 98 -1,
99 96 98 -1,
100 99 98 -1,
100 98 101 -1,
102 100 101 -1,
102 101 103 -1,
104 102 103 -1,
104 103 105 -1,
106 104 105 -1,
106 105 107 -1,
108 106 107 -1,
108 107 109 -1,
110 108 109 -1,
110 109 111 -1,
112 110 111 -1,
112 111 113 -1,
114 112 113 -1,
114 113 115 -1,
116 115 117 -1,
116 114 115 -1,
118 117 119 -1,
118 116 117 -1,
120 119 121 -1,
120 118 119 -1,
122 121 123 -1,
122 120 121 -1,
124 122 123 -1,
124 123 125 -1,
126 124 125 -1,
126 125 127 -1,
128 126 127 -1,
128 127 129 -1,
130 128 129 -1,
130 129 131 -1,
132 130 131 -1,
132 131 133 -1,
134 132 133 -1,
134 133 135 -1,
136 134 135 -1,
136 135 137 -1,
138 136 137 -1,
138 137 139 -1,
140 138 139 -1,
140 139 141 -1,
142 140 141 -1,
142 141 143 -1,
144 142 143 -1,
144 143 145 -1,
146 144 145 -1,
146 145 147 -1,
148 146 147 -1,
148 147 149 -1,
150 149 151 -1,
150 148 149 -1,
152 151 153 -1,
152 150 151 -1,
154 153 155 -1,
154 152 153 -1,
156 155 157 -1,
156 154 155 -1,
158 157 159 -1,
158 156 157 -1,
160 159 161 -1,
160 158 159 -1,
162 161 163 -1,
162 160 161 -1,
164 163 165 -1,
164 162 163 -1,
166 165 167 -1,
166 164 165 -1,
168 167 169 -1,
168 166 167 -1,
170 169 171 -1,
170 168 169 -1,
172 171 173 -1,
172 170 171 -1,
174 173 175 -1,
174 172 173 -1,
176 174 175 -1,
176 175 177 -1,
178 176 177 -1,
178 177 179 -1,
180 178 179 -1,
180 179 181 -1,
182 180 181 -1,
182 181 183 -1,
184 183 185 -1,
184 182 183 -1,
186 185 187 -1,
186 184 185 -1,
188 187 189 -1,
188 186 187 -1,
190 189 191 -1,
190 188 189 -1,
192 191 193 -1,
192 190 191 -1,
194 193 195 -1,
194 192 193 -1,
196 195 197 -1,
196 194 195 -1,
198 197 199 -1,
198 196 197 -1,
200 199 201 -1,
200 198 199 -1,
202 201 203 -1,
202 200 201 -1,
204 203 205 -1,
204 202 203 -1,
206 205 207 -1,
206 204 205 -1,
208 207 209 -1,
208 206 207 -1,
210 209 211 -1,
210 208 209 -1,
212 211 213 -1,
212 210 211 -1,
214 213 215 -1,
214 212 213 -1,
216 215 217 -1,
216 214 215 -1,
218 217 219 -1,
218 216 217 -1,
220 219 221 -1,
220 218 219 -1,
222 221 223 -1,
222 220 221 -1,
224 222 223 -1,
224 223 225 -1,
226 224 225 -1,
226 225 227 -1,
228 226 227 -1,
228 227 229 -1,
230 228 229 -1,
230 229 231 -1,
232 230 231 -1,
232 231 233 -1,
234 232 233 -1,
234 233 235 -1,
236 234 235 -1,
236 235 237 -1,
236 237 238 -1,
239 236 238 -1,
240 239 238 -1,
240 238 241 -1,
242 240 241 -1,
242 241 243 -1,
244 242 243 -1,
244 243 245 -1,
246 244 245 -1,
246 245 247 -1,
246 247 248 -1,
249 246 248 -1,
250 248 251 -1,
250 251 2 -1,
250 249 248 -1,
1 250 2 -1,
200 196 198 -1,
206 202 204 -1,
104 106 108 -1,
212 208 210 -1,
222 218 220 -1,
226 222 224 -1,
88 90 93 -1,
230 226 228 -1,
234 230 232 -1,
234 226 230 -1,
80 82 84 -1,
236 226 234 -1,
242 236 239 -1,
242 239 240 -1,
246 242 244 -1,
68 71 72 -1,
250 246 249 -1,
0 250 1 -1,
4 250 0 -1,
59 60 62 -1,
12 6 8 -1,
12 8 10 -1,
18 15 17 -1,
20 15 18 -1,
42 44 47 -1,
42 47 48 -1,
42 48 50 -1,
36 38 41 -1,
36 41 42 -1,
28 24 26 -1,
31 24 28 -1,
32 200 202 -1,
32 4 6 -1,
32 206 208 -1,
32 24 31 -1,
32 246 250 -1,
32 212 214 -1,
32 12 15 -1,
32 214 216 -1,
32 216 218 -1,
32 20 22 -1,
32 202 206 -1,
32 36 42 -1,
32 22 24 -1,
32 196 200 -1,
32 6 12 -1,
32 250 4 -1,
32 35 36 -1,
32 104 108 -1,
32 222 226 -1,
32 68 72 -1,
32 50 53 -1,
32 53 54 -1,
32 54 56 -1,
32 56 59 -1,
32 62 64 -1,
32 64 67 -1,
32 67 68 -1,
32 208 212 -1,
32 72 74 -1,
32 74 76 -1,
32 76 79 -1,
32 79 80 -1,
32 218 222 -1,
32 84 86 -1,
32 86 88 -1,
32 42 50 -1,
32 93 94 -1,
32 94 96 -1,
32 96 99 -1,
32 226 236 -1,
32 99 100 -1,
32 100 102 -1,
32 102 104 -1,
32 108 110 -1,
32 110 112 -1,
32 112 114 -1,
32 114 116 -1,
32 116 118 -1,
32 118 120 -1,
32 120 122 -1,
32 122 124 -1,
32 124 126 -1,
32 126 128 -1,
32 128 130 -1,
32 236 242 -1,
32 130 132 -1,
32 15 20 -1,
32 132 134 -1,
32 134 136 -1,
32 136 138 -1,
32 138 140 -1,
32 140 142 -1,
32 142 144 -1,
32 144 146 -1,
32 146 148 -1,
32 148 150 -1,
32 150 152 -1,
32 152 154 -1,
32 154 156 -1,
32 156 158 -1,
32 158 160 -1,
32 80 84 -1,
32 160 162 -1,
32 162 164 -1,
32 164 166 -1,
32 166 168 -1,
32 168 170 -1,
32 170 172 -1,
32 242 246 -1,
32 172 174 -1,
32 174 176 -1,
32 176 178 -1,
32 178 180 -1,
32 180 182 -1,
32 182 184 -1,
32 184 186 -1,
32 186 188 -1,
32 88 93 -1,
32 188 190 -1,
32 190 192 -1,
32 192 194 -1,
32 59 62 -1,
32 194 196 -1,
19 23 21 -1,
23 29 25 -1,
25 29 27 -1,
201 207 203 -1,
203 207 205 -1,
199 207 201 -1,
14 33 16 -1,
16 33 19 -1,
29 33 30 -1,
34 33 37 -1,
37 33 39 -1,
39 33 40 -1,
40 33 43 -1,
43 33 45 -1,
45 33 46 -1,
57 33 58 -1,
58 33 61 -1,
61 33 63 -1,
63 33 65 -1,
65 33 66 -1,
66 33 69 -1,
73 33 75 -1,
75 33 77 -1,
77 33 78 -1,
78 33 81 -1,
81 33 83 -1,
89 33 91 -1,
91 33 92 -1,
92 33 95 -1,
95 33 97 -1,
97 33 98 -1,
105 33 107 -1,
107 33 109 -1,
109 33 111 -1,
111 33 113 -1,
113 33 115 -1,
115 33 117 -1,
117 33 119 -1,
119 33 121 -1,
121 33 123 -1,
123 33 125 -1,
125 33 127 -1,
127 33 129 -1,
129 33 131 -1,
131 33 133 -1,
133 33 135 -1,
135 33 137 -1,
137 33 139 -1,
139 33 141 -1,
141 33 143 -1,
143 33 145 -1,
145 33 147 -1,
147 33 149 -1,
149 33 151 -1,
151 33 153 -1,
153 33 155 -1,
155 33 157 -1,
157 33 159 -1,
159 33 161 -1,
161 33 163 -1,
163 33 165 -1,
165 33 167 -1,
167 33 169 -1,
169 33 171 -1,
171 33 173 -1,
173 33 175 -1,
175 33 177 -1,
177 33 179 -1,
179 33 181 -1,
181 33 183 -1,
183 33 185 -1,
185 33 187 -1,
187 33 189 -1,
189 33 191 -1,
191 33 193 -1,
193 33 195 -1,
195 33 197 -1,
197 33 199 -1,
207 33 209 -1,
209 33 211 -1,
211 33 213 -1,
217 33 219 -1,
219 33 221 -1,
221 33 223 -1,
223 33 225 -1,
233 33 235 -1,
245 33 247 -1,
247 33 248 -1,
248 33 251 -1,
251 33 2 -1,
83 33 89 -1,
199 33 207 -1,
213 33 217 -1,
98 33 105 -1,
46 33 52 -1,
241 33 245 -1,
225 33 229 -1,
229 33 233 -1,
69 33 73 -1,
235 33 241 -1,
2 33 11 -1,
19 33 23 -1,
52 33 57 -1,
11 33 14 -1,
23 33 29 -1,
213 217 215 -1,
101 98 103 -1,
103 98 105 -1,
225 229 227 -1,
229 233 231 -1,
85 83 87 -1,
87 83 89 -1,
235 241 237 -1,
237 241 238 -1,
241 245 243 -1,
70 69 73 -1,
2 9 3 -1,
3 9 5 -1,
5 9 7 -1,
2 11 9 -1,
55 52 57 -1,
11 14 13 -1,
49 46 51 -1,
51 46 52 -1 ] } }
Shape { appearance Appearance { material Material { diffuseColor 0.7 0.72 0.74 } } geometry IndexedFaceSet { solid FALSE coord Coordinate { point [ 1.848303 0.004906 1.968504,
1.848425 -0.000000 1.968504,
1.848425 -0.000000 0.984252,
1.848303 0.004906 0.984252,
1.847936 0.009800 1.968504,
1.847936 0.009800 0.984252,
1.847326 0.014670 1.968504,
1.847326 0.014670 0.984252,
1.846474 0.019503 1.968504,
1.846474 0.019503 0.984252,
1.845382 0.024287 1.968504,
1.845382 0.024287 0.984252,
1.844052 0.029011 1.968504,
1.844052 0.029011 0.984252,
1.842489 0.033663 1.968504,
1.842489 0.033663 0.984252,
1.840696 0.038232 0.984252,
1.840696 0.038232 1.968504,
1.838678 0.042705 1.968504,
1.838678 0.042705 0.984252,
1.836439 0.047072 1.968504,
1.836439 0.047072 0.984252,
1.833985 0.051322 1.968504,
1.833985 0.051322 0.984252,
1.831323 0.055445 0.984252,
1.831323 0.055445 1.968504,
1.828458 0.059430 1.968504,
1.828458 0.059430 0.984252,
1.825398 0.063266 1.968504,
1.825398 0.063266 0.984252,
1.822151 0.066946 1.968504,
1.822151 0.066946 0.984252,
1.818724 0.070459 0.984252,
1.818724 0.070459 1.968504,
1.815127 0.073797 1.968504,
1.815127 0.073797 0.984252,
1.811367 0.076952 1.968504,
1.811367 0.076952 0.984252,
1.807455 0.079915 0.984252,
1.807455 0.079915 1.968504,
1.803400 0.082680 1.968504,
1.803400 0.082680 0.984252,
1.799213 0.085239 1.968504,
1.799213 0.085239 0.984252,
1.794903 0.087586 1.968504,
1.794903 0.087586 0.984252,
1.790481 0.089715 1.968504,
1.790481 0.089715 0.984252,
1.785959 0.091621 1.968504,
1.785959 0.091621 0.984252,
1.781347 0.093300 1.968504,
1.781347 0.093300 0.984252,
1.776658 0.094746 1.968504,
1.776658 0.094746 0.984252,
1.771902 0.095957 1.968504,
1.771902 0.095957 0.984252,
1.767091 0.096930 1.968504,
1.767091 0.096930 0.984252,
1.762239 0.097661 0.984252,
1.762239 0.097661 1.968504,
1.757355 0.098150 1.968504,
1.757355 0.098150 0.984252,
1.752454 0.098395 1.968504,
1.752454 0.098395 0.984252,
1.747546 0.098395 1.968504,
1.747546 0.098395 0.984252,
1.742645 0.098150 1.968504,
1.742645 0.098150 0.984252,
1.737761 0.097661 1.968504,
1.737761 0.097661 0.984252,
1.732909 0.096930 1.968504,
1.732909 0.096930 0.984252,
1.728098 0.095957 1.968504,
1.728098 0.095957 0.984252,
1.723342 0.094746 1.968504,
1.723342 0.094746 0.984252,
1.718653 0.093300 0.984252,
1.718653 0.093300 1.968504,
1.714041 0.091621 0.984252,
1.714041 0.091621 1.968504,
1.709519 0.089715 1.968504,
1.709519 0.089715 0.984252,
1.705097 0.087586 1.968504,
1.705097 0.087586 0.984252,
1.700787 0.085239 1.968504,
1.700787 0.085239 0.984252,
1.696600 0.082680 1.968504,
1.696600 0.082680 0.984252,
1.692545 0.079915 1.968504,
1.692545 0.079915 0.984252,
1.688633 0.076952 1.968504,
1.688633 0.076952 0.984252,
1.684873 0.073797 1.968504,
1.684873 0.073797 0.984252,
1.681276 0.070459 0.984252,
1.681276 0.070459 1.968504,
1.677849 0.066946 1.968504,
1.677849 0.066946 0.984252,
1.674602 0.063266 1.968504,
1.674602 0.063266 0.984252,
1.671542 0.059430 1.968504,
1.671542 0.059430 0.984252,
1.668677 0.055445 0.984252,
1.668677 0.055445 1.968504,
1.666015 0.051322 1.968504,
1.666015 0.051322 0.984252,
1.663561 0.047072 0.984252,
1.663561 0.047072 1.968504,
1.661322 0.042705 1.968504,
1.661322 0.042705 0.984252,
1.659304 0.038232 0.984252,
1.659304 0.038232 1.968504,
1.657511 0.033663 1.968504,
1.657511 0.033663 0.984252,
1.655948 0.029011 1.968504,
1.655948 0.029011 0.984252,
1.654618 0.024287 0.984252,
1.654618 0.024287 1.968504,
1.653526 0.019503 1.968504,
1.653526 0.019503 0.984252,
1.652674 0.014670 1.968504,
1.652674 0.014670 0.984252,
1.652064 0.009800 1.968504,
1.652064 0.009800 0.984252,
1.651697 0.004906 1.968504,
1.651697 0.004906 0.984252,
1.651575 -0.000000 0.984252,
1.651575 -0.000000 1.968504,
1.651697 -0.004906 0.984252,
1.651697 -0.004906 1.968504,
1.652064 -0.009800 1.968504,
1.652064 -0.009800 0.984252,
1.652674 -0.014670 0.984252,
1.652674 -0.014670 1.968504,
1.653526 -0.019503 0.984252,
1.653526 -0.019503 1.968504,
1.654618 -0.024287 0.984252,
1.654618 -0.024287 1.968504,
1.655948 -0.029011 1.968504,
1.655948 -0.029011 0.984252,
1.657511 -0.033663 0.984252,
1.657511 -0.033663 1.968504,
1.659304 -0.038232 1.968504,
1.659304 -0.038232 0.984252,
1.661322 -0.042705 1.968504,
1.661322 -0.042705 0.984252,
1.663561 -0.047072 0.984252,
1.663561 -0.047072 1.968504,
1.666015 -0.051322 1.968504,
1.666015 -0.051322 0.984252,
1.668677 -0.055445 1.968504,
1.668677 -0.055445 0.984252,
1.671542 -0.059430 1.968504,
1.671542 -0.059430 0.984252,
1.674602 -0.063266 0.984252,
1.674602 -0.063266 1.968504,
1.677849 -0.066946 1.968504,
1.677849 -0.066946 0.984252,
1.681276 -0.070459 1.968504,
1.681276 -0.070459 0.984252,
1.684873 -0.073797 0.984252,
1.684873 -0.073797 1.968504,
1.688633 -0.076952 1.968504,
1.688633 -0.076952 0.984252,
1.692545 -0.079915 1.968504,
1.692545 -0.079915 0.984252,
1.696600 -0.082680 1.968504,
1.696600 -0.082680 0.984252,
1.700787 -0.085239 0.984252,
1.700787 -0.085239 1.968504,
1.705097 -0.087586 1.968504,
1.705097 -0.087586 0.984252,
1.709519 -0.089715 1.968504,
1.709519 -0.089715 0.984252,
1.714041 -0.091621 1.968504,
1.714041 -0.091621 0.984252,
1.718653 -0.093300 1.968504,
1.718653 -0.093300 0.984252,
1.723342 -0.094746 1.968504,
1.723342 -0.094746 0.984252,
1.728098 -0.095957 1.968504,
1.728098 -0.095957 0.984252,
1.732909 -0.096930 1.968504,
1.732909 -0.096930 0.984252,
1.737761 -0.097661 0.984252,
1.737761 -0.097661 1.968504,
1.742645 -0.098150 1.968504,
1.742645 -0.098150 0.984252,
1.747546 -0.098395 1.968504,
1.747546 -0.098395 0.984252,
1.752454 -0.098395 1.968504,
1.752454 -0.098395 0.984252,
1.757355 -0.098150 1.968504,
1.757355 -0.098150 0.984252,
1.762239 -0.097661 1.968504,
1.762239 -0.097661 0.984252,
1.767091 -0.096930 1.968504,
1.767091 -0.096930 0.984252,
1.771902 -0.095957 1.968504,
1.771902 -0.095957 0.984252,
1.776658 -0.094746 1.968504,
1.776658 -0.094746 0.984252,
1.781347 -0.093300 1.968504,
1.781347 -0.093300 0.984252,
1.785959 -0.091621 1.968504,
1.785959 -0.091621 0.984252,
1.790481 -0.089715 1.968504,
1.790481 -0.089715 0.984252,
1.794903 -0.087586 1.968504,
1.794903 -0.087586 0.984252,
1.799213 -0.085239 0.984252,
1.799213 -0.085239 1.968504,
1.803400 -0.082680 1.968504,
1.803400 -0.082680 0.984252,
1.807455 -0.079915 1.968504,
1.807455 -0.079915 0.984252,
1.811367 -0.076952 1.968504,
1.811367 -0.076952 0.984252,
1.815127 -0.073797 1.968504,
1.815127 -0.073797 0.984252,
1.818724 -0.070459 1.968504,
1.818724 -0.070459 0.984252,
1.822151 -0.066946 1.968504,
1.822151 -0.066946 0.984252,
1.825398 -0.063266 1.968504,
1.825398 -0.063266 0.984252,
1.828458 -0.059430 1.968504,
1.828458 -0.059430 0.984252,
1.831323 -0.055445 1.968504,
1.831323 -0.055445 0.984252,
1.833985 -0.051322 1.968504,
1.833985 -0.051322 0.984252,
1.836439 -0.047072 1.968504,
1.836439 -0.047072 0.984252,
1.838678 -0.042705 1.968504,
1.838678 -0.042705 0.984252,
1.840696 -0.038232 1.968504,
1.840696 -0.038232 0.984252,
1.842489 -0.033663 1.968504,
1.842489 -0.033663 0.984252,
1.844052 -0.029011 0.984252,
1.844052 -0.029011 1.968504,
1.845382 -0.024287 1.968504,
1.845382 -0.024287 0.984252,
1.846474 -0.019503 1.968504,
1.846474 -0.019503 0.984252,
1.847326 -0.014670 1.968504,
1.847326 -0.014670 0.984252,
1.847936 -0.009800 1.968504,
1.847936 -0.009800 0.984252,
1.848303 -0.004906 1.968504,
1.848303 -0.004906 0.984252 ] } coordIndex [ 0 1 2 -1,
0 2 3 -1,
4 3 5 -1,
4 0 3 -1,
6 5 7 -1,
6 4 5 -1,
8 7 9 -1,
8 6 7 -1,
10 9 11 -1,
10 8 9 -1,
12 11 13 -1,
12 10 11 -1,
14 13 15 -1,
14 15 16 -1,
14 12 13 -1,
17 14 16 -1,
18 16 19 -1,
18 17 16 -1,
20 19 21 -1,
20 18 19 -1,
22 20 21 -1,
22 21 23 -1,
22 23 24 -1,
25 22 24 -1,
26 25 24 -1,
26 24 27 -1,
28 26 27 -1,
28 27 29 -1,
30 28 29 -1,
30 29 31 -1,
30 31 32 -1,
33 30 32 -1,
34 33 32 -1,
34 32 35 -1,
36 34 35 -1,
36 35 37 -1,
36 37 38 -1,
39 36 38 -1,
40 39 38 -1,
40 38 41 -1,
42 40 41 -1,
42 41 43 -1,
44 42 43 -1,
44 43 45 -1,
46 45 47 -1,
46 44 45 -1,
48 47 49 -1,
48 46 47 -1,
50 49 51 -1,
50 48 49 -1,
52 51 53 -1,
52 50 51 -1,
54 53 55 -1,
54 52 53 -1,
56 55 57 -1,
56 57 58 -1,
56 54 55 -1,
59 56 58 -1,
60 58 61 -1,
60 59 58 -1,
62 61 63 -1,
62 60 61 -1,
64 63 65 -1,
64 62 63 -1,
66 65 67 -1,
66 64 65 -1,
68 67 69 -1,
68 66 67 -1,
70 69 71 -1,
70 68 69 -1,
72 71 73 -1,
72 70 71 -1,
74 72 73 -1,
74 73 75 -1,
74 75 76 -1,
77 74 76 -1,
77 76 78 -1,
79 77 78 -1,
80 79 78 -1,
80 78 81 -1,
82 80 81 -1,
82 81 83 -1,
84 82 83 -1,
84 83 85 -1,
86 84 85 -1,
86 85 87 -1,
88 86 87 -1,
88 87 89 -1,
90 88 89 -1,
90 89 91 -1,
92 90 91 -1,
92 91 93 -1,
92 93 94 -1,
95 92 94 -1,
96 95 94 -1,
96 94 97 -1,
98 96 97 -1,
98 97 99 -1,
100 98 99 -1,
100 99 101 -1,
100 101 102 -1,
103 100 102 -1,
104 103 102 -1,
104 102 105 -1,
104 105 106 -1,
107 104 106 -1,
108 107 106 -1,
108 106 109 -1,
108 109 110 -1,
111 108 110 -1,
112 111 110 -1,
112 110 113 -1,
114 112 113 -1,
114 113 115 -1,
114 115 116 -1,
117 114 116 -1,
118 116 119 -1,
118 117 116 -1,
120 119 121 -1,
120 118 119 -1,
122 121 123 -1,
122 120 121 -1,
124 122 123 -1,
124 123 125 -1,
124 125 126 -1,
127 124 126 -1,
127 126 128 -1,
129 127 128 -1,
130 129 128 -1,
130 128 131 -1,
130 131 132 -1,
133 130 132 -1,
133 132 134 -1,
135 133 134 -1,
135 134 136 -1,
137 135 136 -1,
138 137 136 -1,
138 136 139 -1,
138 139 140 -1,
141 138 140 -1,
142 141 140 -1,
142 140 143 -1,
144 142 143 -1,
144 143 145 -1,
144 145 146 -1,
147 144 146 -1,
148 147 146 -1,
148 146 149 -1,
150 149 151 -1,
150 148 149 -1,
152 151 153 -1,
152 153 154 -1,
152 150 151 -1,
155 152 154 -1,
156 154 157 -1,
156 155 154 -1,
158 157 159 -1,
158 159 160 -1,
158 156 157 -1,
161 158 160 -1,
162 160 163 -1,
162 161 160 -1,
164 163 165 -1,
164 162 163 -1,
166 165 167 -1,
166 167 168 -1,
166 164 165 -1,
169 166 168 -1,
170 168 171 -1,
170 169 168 -1,
172 171 173 -1,
172 170 171 -1,
174 173 175 -1,
174 172 173 -1,
176 174 175 -1,
176 175 177 -1,
178 176 177 -1,
178 177 179 -1,
180 178 179 -1,
180 179 181 -1,
182 180 181 -1,
182 181 183 -1,
182 183 184 -1,
185 182 184 -1,
186 184 187 -1,
186 185 184 -1,
188 187 189 -1,
188 186 187 -1,
190 189 191 -1,
190 188 189 -1,
192 191 193 -1,
192 190 191 -1,
194 193 195 -1,
194 192 193 -1,
196 195 197 -1,
196 194 195 -1,
198 197 199 -1,
198 196 197 -1,
200 199 201 -1,
200 198 199 -1,
202 201 203 -1,
202 200 201 -1,
204 203 205 -1,
204 202 203 -1,
206 205 207 -1,
206 204 205 -1,
208 207 209 -1,
208 209 210 -1,
208 206 207 -1,
211 208 210 -1,
212 210 213 -1,
212 211 210 -1,
214 213 215 -1,
214 212 213 -1,
216 215 217 -1,
216 214 215 -1,
218 217 219 -1,
218 216 217 -1,
220 219 221 -1,
220 218 219 -1,
222 221 223 -1,
222 220 221 -1,
224 222 223 -1,
224 223 225 -1,
226 224 225 -1,
226 225 227 -1,
228 226 227 -1,
228 227 229 -1,
230 228 229 -1,
230 229 231 -1,
232 230 231 -1,
232 231 233 -1,
234 232 233 -1,
234 233 235 -1,
236 234 235 -1,
236 235 237 -1,
238 236 237 -1,
238 237 239 -1,
238 239 240 -1,
241 238 240 -1,
242 241 240 -1,
242 240 243 -1,
244 242 243 -1,
244 243 245 -1,
246 244 245 -1,
246 245 247 -1,
248 246 247 -1,
248 247 249 -1,
250 249 251 -1,
250 248 249 -1,
250 251 2 -1,
1 250 2 -1,
200 196 198 -1,
206 202 204 -1,
104 107 108 -1,
212 208 211 -1,
222 218 220 -1,
226 222 224 -1,
88 90 92 -1,
230 226 228 -1,
234 230 232 -1,
234 226 230 -1,
80 82 84 -1,
236 226 234 -1,
242 236 238 -1,
242 238 241 -1,
246 242 244 -1,
68 70 72 -1,
250 246 248 -1,
0 250 1 -1,
4 250 0 -1,
59 60 62 -1,
12 6 8 -1,
12 8 10 -1,
18 14 17 -1,
20 14 18 -1,
42 44 46 -1,
42 46 48 -1,
42 48 50 -1,
36 39 40 -1,
36 40 42 -1,
28 25 26 -1,
30 25 28 -1,
33 200 202 -1,
33 4 6 -1,
33 206 208 -1,
33 25 30 -1,
33 246 250 -1,
33 212 214 -1,
33 12 14 -1,
33 214 216 -1,
33 216 218 -1,
33 20 22 -1,
33 202 206 -1,
33 36 42 -1,
33 22 25 -1,
33 196 200 -1,
33 6 12 -1,
33 250 4 -1,
33 34 36 -1,
33 104 108 -1,
33 222 226 -1,
33 68 72 -1,
33 50 52 -1,
33 52 54 -1,
33 54 56 -1,
33 56 59 -1,
33 62 64 -1,
33 64 66 -1,
33 66 68 -1,
33 208 212 -1,
33 72 74 -1,
33 74 77 -1,
33 77 79 -1,
33 79 80 -1,
33 218 222 -1,
33 84 86 -1,
33 86 88 -1,
33 42 50 -1,
33 92 95 -1,
33 95 96 -1,
33 96 98 -1,
33 226 236 -1,
33 98 100 -1,
33 100 103 -1,
33 103 104 -1,
33 108 111 -1,
33 111 112 -1,
33 112 114 -1,
33 114 117 -1,
33 117 118 -1,
33 118 120 -1,
33 120 122 -1,
33 122 124 -1,
33 124 127 -1,
33 127 129 -1,
33 129 130 -1,
33 236 242 -1,
33 130 133 -1,
33 14 20 -1,
33 133 135 -1,
33 135 137 -1,
33 137 138 -1,
33 138 141 -1,
33 141 142 -1,
33 142 144 -1,
33 144 147 -1,
33 147 148 -1,
33 148 150 -1,
33 150 152 -1,
33 152 155 -1,
33 155 156 -1,
33 156 158 -1,
33 158 161 -1,
33 80 84 -1,
33 161 162 -1,
33 162 164 -1,
33 164 166 -1,
33 166 169 -1,
33 169 170 -1,
33 170 172 -1,
33 242 246 -1,
33 172 174 -1,
33 174 176 -1,
33 176 178 -1,
33 178 180 -1,
33 180 182 -1,
33 182 185 -1,
33 185 186 -1,
33 186 188 -1,
33 88 92 -1,
33 188 190 -1,
33 190 192 -1,
33 192 194 -1,
33 59 62 -1,
33 194 196 -1,
197 201 199 -1,
203 207 205 -1,
106 105 109 -1,
209 213 210 -1,
219 223 221 -1,
223 227 225 -1,
91 89 93 -1,
227 231 229 -1,
231 235 233 -1,
227 235 231 -1,
83 81 85 -1,
227 237 235 -1,
237 243 239 -1,
239 243 240 -1,
243 247 245 -1,
71 69 73 -1,
247 251 249 -1,
251 3 2 -1,
251 5 3 -1,
61 58 63 -1,
7 13 9 -1,
9 13 11 -1,
15 19 16 -1,
15 21 19 -1,
45 43 47 -1,
47 43 49 -1,
49 43 51 -1,
38 37 41 -1,
41 37 43 -1,
24 29 27 -1,
24 31 29 -1,
201 32 203 -1,
5 32 7 -1,
207 32 209 -1,
24 32 31 -1,
247 32 251 -1,
213 32 215 -1,
13 32 15 -1,
215 32 217 -1,
217 32 219 -1,
21 32 23 -1,
203 32 207 -1,
37 32 43 -1,
23 32 24 -1,
197 32 201 -1,
7 32 13 -1,
251 32 5 -1,
35 32 37 -1,
105 32 109 -1,
223 32 227 -1,
69 32 73 -1,
51 32 53 -1,
53 32 55 -1,
55 32 57 -1,
57 32 58 -1,
63 32 65 -1,
65 32 67 -1,
67 32 69 -1,
209 32 213 -1,
73 32 75 -1,
75 32 76 -1,
76 32 78 -1,
78 32 81 -1,
219 32 223 -1,
85 32 87 -1,
87 32 89 -1,
43 32 51 -1,
93 32 94 -1,
94 32 97 -1,
97 32 99 -1,
227 32 237 -1,
99 32 101 -1,
101 32 102 -1,
102 32 105 -1,
109 32 110 -1,
110 32 113 -1,
113 32 115 -1,
115 32 116 -1,
116 32 119 -1,
119 32 121 -1,
121 32 123 -1,
123 32 125 -1,
125 32 126 -1,
126 32 128 -1,
128 32 131 -1,
237 32 243 -1,
131 32 132 -1,
15 32 21 -1,
132 32 134 -1,
134 32 136 -1,
136 32 139 -1,
139 32 140 -1,
140 32 143 -1,
143 32 145 -1,
145 32 146 -1,
146 32 149 -1,
149 32 151 -1,
151 32 153 -1,
153 32 154 -1,
154 32 157 -1,
157 32 159 -1,
159 32 160 -1,
81 32 85 -1,
160 32 163 -1,
163 32 165 -1,
165 32 167 -1,
167 32 168 -1,
168 32 171 -1,
171 32 173 -1,
243 32 247 -1,
173 32 175 -1,
175 32 177 -1,
177 32 179 -1,
179 32 181 -1,
181 32 183 -1,
183 32 184 -1,
184 32 187 -1,
187 32 189 -1,
89 32 93 -1,
189 32 191 -1,
191 32 193 -1,
193 32 195 -1,
58 32 63 -1,
195 32 197 -1 ] } }
Shape { appearance Appearance { material Material { diffuseColor 0.7 0.72 0.74 } } geometry IndexedFaceSet { solid FALSE coord Coordinate { point [ 3.098303 0.004906 0.393701,
3.098425 -0.000000 0.393701,
3.098425 -0.000000 -0.984252,
3.098303 0.004906 -0.984252,
3.097936 0.009800 0.393701,
3.097936 0.009800 -0.984252,
3.097326 0.014670 0.393701,
3.097326 0.014670 -0.984252,
3.096474 0.019503 0.393701,
3.096474 0.019503 -0.984252,
3.095382 0.024287 0.393701,
3.095382 0.024287 -0.984252,
3.094052 0.029011 0.393701,
3.094052 0.029011 -0.984252,
3.092489 0.033663 -0.984252,
3.092489 0.033663 0.393701,
3.090696 0.038232 0.393701,
3.090696 0.038232 -0.984252,
3.088678 0.042705 0.393701,
3.088678 0.042705 -0.984252,
3.086439 0.047072 -0.984252,
3.086439 0.047072 0.393701,
3.083985 0.051322 -0.984252,
3.083985 0.051322 0.393701,
3.081323 0.055445 0.393701,
3.081323 0.055445 -0.984252,
3.078458 0.059430 0.393701,
3.078458 0.059430 -0.984252,
3.075398 0.063266 -0.984252,
3.075398 0.063266 0.393701,
3.072151 0.066946 0.393701,
3.072151 0.066946 -0.984252,
3.068724 0.070459 0.393701,
3.068724 0.070459 -0.984252,
3.065127 0.073797 -0.984252,
3.065127 0.073797 0.393701,
3.061367 0.076952 0.393701,
3.061367 0.076952 -0.984252,
3.057455 0.079915 0.393701,
3.057455 0.079915 -0.984252,
3.053400 0.082680 0.393701,
3.053400 0.082680 -0.984252,
3.049213 0.085239 0.393701,
3.049213 0.085239 -0.984252,
3.044903 0.087586 0.393701,
3.044903 0.087586 -0.984252,
3.040481 0.089715 0.393701,
3.040481 0.089715 -0.984252,
3.035959 0.091621 0.393701,
3.035959 0.091621 -0.984252,
3.031347 0.093300 -0.984252,
3.031347 0.093300 0.393701,
3.026658 0.094746 0.393701,
3.026658 0.094746 -0.984252,
3.021902 0.095957 0.393701,
3.021902 0.095957 -0.984252,
3.017091 0.096930 0.393701,
3.017091 0.096930 -0.984252,
3.012239 0.097661 0.393701,
3.012239 0.097661 -0.984252,
3.007355 0.098150 0.393701,
3.007355 0.098150 -0.984252,
3.002454 0.098395 0.393701,
3.002454 0.098395 -0.984252,
2.997546 0.098395 0.393701,
2.997546 0.098395 -0.984252,
2.992645 0.098150 0.393701,
2.992645 0.098150 -0.984252,
2.987761 0.097661 0.393701,
2.987761 0.097661 -0.984252,
2.982909 0.096930 0.393701,
2.982909 0.096930 -0.984252,
2.978098 0.095957 0.393701,
2.978098 0.095957 -0.984252,
2.973342 0.094746 0.393701,
2.973342 0.094746 -0.984252,
2.968653 0.093300 -0.984252,
2.968653 0.093300 0.393701,
2.964041 0.091621 0.393701,
2.964041 0.091621 -0.984252,
2.959519 0.089715 0.393701,
2.959519 0.089715 -0.984252,
2.955097 0.087586 -0.984252,
2.955097 0.087586 0.393701,
2.950787 0.085239 0.393701,
2.950787 0.085239 -0.984252,
2.946600 0.082680 0.393701,
2.946600 0.082680 -0.984252,
2.942545 0.079915 -0.984252,
2.942545 0.079915 0.393701,
2.938633 0.076952 0.393701,
2.938633 0.076952 -0.984252,
2.934873 0.073797 0.393701,
2.934873 0.073797 -0.984252,
2.931276 0.070459 0.393701,
2.931276 0.070459 -0.984252,
2.927849 0.066946 0.393701,
2.927849 0.066946 -0.984252,
2.924602 0.063266 -0.984252,
2.924602 0.063266 0.393701,
2.921542 0.059430 0.393701,
2.921542 0.059430 -0.984252,
2.918677 0.055445 0.393701,
2.918677 0.055445 -0.984252,
2.916015 0.051322 -0.984252,
2.916015 0.051322 0.393701,
2.913561 0.047072 -0.984252,
2.913561 0.047072 0.393701,
2.911322 0.042705 -0.984252,
2.911322 0.042705 0.393701,
2.909304 0.038232 0.393701,
2.909304 0.038232 -0.984252,
2.907511 0.033663 -0.984252,
2.907511 0.033663 0.393701,
2.905948 0.029011 0.393701,
2.905948 0.029011 -0.984252,
2.904618 0.024287 0.393701,
2.904618 0.024287 -0.984252,
2.903526 0.019503 0.393701,
2.903526 0.019503 -0.984252,
2.902674 0.014670 -0.984252,
2.902674 0.014670 0.393701,
2.902064 0.009800 -0.984252,
2.902064 0.009800 0.393701,
2.901697 0.004906 -0.984252,
2.901697 0.004906 0.393701,
2.901575 -0.000000 0.393701,
2.901575 -0.000000 -0.984252,
2.901697 -0.004906 0.393701,
2.901697 -0.004906 -0.984252,
2.902064 -0.009800 0.393701,
2.902064 -0.009800 -0.984252,
2.902674 -0.014670 0.393701,
2.902674 -0.014670 -0.984252,
2.903526 -0.019503 -0.984252,
2.903526 -0.019503 0.393701,
2.904618 -0.024287 -0.984252,
2.904618 -0.024287 0.393701,
2.905948 -0.029011 0.393701,
2.905948 -0.029011 -0.984252,
2.907511 -0.033663 0.393701,
2.907511 -0.033663 -0.984252,
2.909304 -0.038232 -0.984252,
2.909304 -0.038232 0.393701,
2.911322 -0.042705 0.393701,
2.911322 -0.042705 -0.984252,
2.913561 -0.047072 0.393701,
2.913561 -0.047072 -0.984252,
2.916015 -0.051322 -0.984252,
2.916015 -0.051322 0.393701,
2.918677 -0.055445 -0.984252,
2.918677 -0.055445 0.393701,
2.921542 -0.059430 0.393701,
2.921542 -0.059430 -0.984252,
2.924602 -0.063266 -0.984252,
2.924602 -0.063266 0.393701,
2.927849 -0.066946 0.393701,
2.927849 -0.066946 -0.984252,
2.931276 -0.070459 0.393701,
2.931276 -0.070459 -0.984252,
2.934873 -0.073797 -0.984252,
2.934873 -0.073797 0.393701,
2.938633 -0.076952 0.393701,
2.938633 -0.076952 -0.984252,
2.942545 -0.079915 -0.984252,
2.942545 -0.079915 0.393701,
2.946600 -0.082680 0.393701,
2.946600 -0.082680 -0.984252,
2.950787 -0.085239 0.393701,
2.950787 -0.085239 -0.984252,
2.955097 -0.087586 0.393701,
2.955097 -0.087586 -0.984252,
2.959519 -0.089715 0.393701,
2.959519 -0.089715 -0.984252,
2.964041 -0.091621 -0.984252,
2.964041 -0.091621 0.393701,
2.968653 -0.093300 0.393701,
2.968653 -0.093300 -0.984252,
2.973342 -0.094746 0.393701,
2.973342 -0.094746 -0.984252,
2.978098 -0.095957 0.393701,
2.978098 -0.095957 -0.984252,
2.982909 -0.096930 0.393701,
2.982909 -0.096930 -0.984252,
2.987761 -0.097661 0.393701,
2.987761 -0.097661 -0.984252,
2.992645 -0.098150 -0.984252,
2.992645 -0.098150 0.393701,
2.997546 -0.098395 0.393701,
2.997546 -0.098395 -0.984252,
3.002454 -0.098395 0.393701,
3.002454 -0.098395 -0.984252,
3.007355 -0.098150 0.393701,
3.007355 -0.098150 -0.984252,
3.012239 -0.097661 0.393701,
3.012239 -0.097661 -0.984252,
3.017091 -0.096930 0.393701,
3.017091 -0.096930 -0.984252,
3.021902 -0.095957 0.393701,
3.021902 -0.095957 -0.984252,
3.026658 -0.094746 0.393701,
3.026658 -0.094746 -0.984252,
3.031347 -0.093300 0.393701,
3.031347 -0.093300 -0.984252,
3.035959 -0.091621 0.393701,
3.035959 -0.091621 -0.984252,
3.040481 -0.089715 -0.984252,
3.040481 -0.089715 0.393701,
3.044903 -0.087586 0.393701,
3.044903 -0.087586 -0.984252,
3.049213 -0.085239 0.393701,
3.049213 -0.085239 -0.984252,
3.053400 -0.082680 0.393701,
3.053400 -0.082680 -0.984252,
3.057455 -0.079915 -0.984252,
3.057455 -0.079915 0.393701,
3.061367 -0.076952 0.393701,
3.061367 -0.076952 -0.984252,
3.065127 -0.073797 0.393701,
3.065127 -0.073797 -0.984252,
3.068724 -0.070459 0.393701,
3.068724 -0.070459 -0.984252,
3.072151 -0.066946 -0.984252,
3.072151 -0.066946 0.393701,
3.075398 -0.063266 0.393701,
3.075398 -0.063266 -0.984252,
3.078458 -0.059430 0.393701,
3.078458 -0.059430 -0.984252,
3.081323 -0.055445 -0.984252,
3.081323 -0.055445 0.393701,
3.083985 -0.051322 0.393701,
3.083985 -0.051322 -0.984252,
3.086439 -0.047072 -0.984252,
3.086439 -0.047072 0.393701,
3.088678 -0.042705 0.393701,
3.088678 -0.042705 -0.984252,
3.090696 -0.038232 -0.984252,
3.090696 -0.038232 0.393701,
3.092489 -0.033663 -0.984252,
3.092489 -0.033663 0.393701,
3.094052 -0.029011 0.393701,
3.094052 -0.029011 -0.984252,
3.095382 -0.024287 -0.984252,
3.095382 -0.024287 0.393701,
3.096474 -0.019503 0.393701,
3.096474 -0.019503 -0.984252,
3.097326 -0.014670 -0.984252,
3.097326 -0.014670 0.393701,
3.097936 -0.009800 0.393701,
3.097936 -0.009800 -0.984252,
3.098303 -0.004906 -0.984252,
3.098303 -0.004906 0.393701 ] } coordIndex [ 0 1 2 -1,
0 2 3 -1,
4 3 5 -1,
4 0 3 -1,
6 5 7 -1,
6 4 5 -1,
8 7 9 -1,
8 6 7 -1,
10 9 11 -1,
10 8 9 -1,
12 11 13 -1,
12 13 14 -1,
12 10 11 -1,
15 12 14 -1,
16 14 17 -1,
16 15 14 -1,
18 17 19 -1,
18 19 20 -1,
18 16 17 -1,
21 20 22 -1,
21 18 20 -1,
23 21 22 -1,
24 23 22 -1,
24 22 25 -1,
26 24 25 -1,
26 25 27 -1,
26 27 28 -1,
29 26 28 -1,
30 29 28 -1,
30 28 31 -1,
32 30 31 -1,
32 31 33 -1,
32 33 34 -1,
35 32 34 -1,
36 35 34 -1,
36 34 37 -1,
38 36 37 -1,
38 37 39 -1,
40 38 39 -1,
40 39 41 -1,
42 40 41 -1,
42 41 43 -1,
44 42 43 -1,
44 43 45 -1,
46 45 47 -1,
46 44 45 -1,
48 47 49 -1,
48 46 47 -1,
48 49 50 -1,
51 48 50 -1,
52 50 53 -1,
52 51 50 -1,
54 53 55 -1,
54 52 53 -1,
56 55 57 -1,
56 54 55 -1,
58 57 59 -1,
58 56 57 -1,
60 59 61 -1,
60 58 59 -1,
62 61 63 -1,
62 60 61 -1,
64 63 65 -1,
64 62 63 -1,
66 65 67 -1,
66 64 65 -1,
68 67 69 -1,
68 66 67 -1,
70 69 71 -1,
70 68 69 -1,
72 71 73 -1,
72 70 71 -1,
74 72 73 -1,
74 73 75 -1,
74 75 76 -1,
77 74 76 -1,
78 77 76 -1,
78 76 79 -1,
80 78 79 -1,
80 79 81 -1,
80 81 82 -1,
83 80 82 -1,
84 83 82 -1,
84 82 85 -1,
86 84 85 -1,
86 85 87 -1,
86 87 88 -1,
89 86 88 -1,
90 89 88 -1,
90 88 91 -1,
92 90 91 -1,
92 91 93 -1,
94 92 93 -1,
94 93 95 -1,
96 94 95 -1,
96 95 97 -1,
96 97 98 -1,
99 96 98 -1,
100 99 98 -1,
100 98 101 -1,
102 100 101 -1,
102 101 103 -1,
102 103 104 -1,
105 102 104 -1,
105 104 106 -1,
107 105 106 -1,
107 106 108 -1,
109 107 108 -1,
110 109 108 -1,
110 108 111 -1,
110 111 112 -1,
113 110 112 -1,
114 113 112 -1,
114 112 115 -1,
116 115 117 -1,
116 114 115 -1,
118 117 119 -1,
118 119 120 -1,
118 116 117 -1,
121 118 120 -1,
121 120 122 -1,
123 122 124 -1,
123 121 122 -1,
125 123 124 -1,
126 125 124 -1,
126 124 127 -1,
128 126 127 -1,
128 127 129 -1,
130 128 129 -1,
130 129 131 -1,
132 130 131 -1,
132 131 133 -1,
132 133 134 -1,
135 132 134 -1,
135 134 136 -1,
137 135 136 -1,
138 137 136 -1,
138 136 139 -1,
140 138 139 -1,
140 139 141 -1,
140 141 142 -1,
143 140 142 -1,
144 143 142 -1,
144 142 145 -1,
146 144 145 -1,
146 145 147 -1,
146 147 148 -1,
149 148 150 -1,
149 146 148 -1,
151 149 150 -1,
152 150 153 -1,
152 153 154 -1,
152 151 150 -1,
155 152 154 -1,
156 154 157 -1,
156 155 154 -1,
158 157 159 -1,
158 159 160 -1,
158 156 157 -1,
161 158 160 -1,
162 160 163 -1,
162 163 164 -1,
162 161 160 -1,
165 162 164 -1,
166 164 167 -1,
166 165 164 -1,
168 167 169 -1,
168 166 167 -1,
170 169 171 -1,
170 168 169 -1,
172 171 173 -1,
172 173 174 -1,
172 170 171 -1,
175 172 174 -1,
176 175 174 -1,
176 174 177 -1,
178 176 177 -1,
178 177 179 -1,
180 178 179 -1,
180 179 181 -1,
182 180 181 -1,
182 181 183 -1,
184 183 185 -1,
184 185 186 -1,
184 182 183 -1,
187 184 186 -1,
188 186 189 -1,
188 187 186 -1,
190 189 191 -1,
190 188 189 -1,
192 191 193 -1,
192 190 191 -1,
194 193 195 -1,
194 192 193 -1,
196 195 197 -1,
196 194 195 -1,
198 197 199 -1,
198 196 197 -1,
200 199 201 -1,
200 198 199 -1,
202 201 203 -1,
202 200 201 -1,
204 203 205 -1,
204 205 206 -1,
204 202 203 -1,
207 204 206 -1,
208 206 209 -1,
208 207 206 -1,
210 209 211 -1,
210 208 209 -1,
212 211 213 -1,
212 213 214 -1,
212 210 211 -1,
215 212 214 -1,
216 214 217 -1,
216 215 214 -1,
218 217 219 -1,
218 216 217 -1,
220 219 221 -1,
220 221 222 -1,
220 218 219 -1,
223 220 222 -1,
224 223 222 -1,
224 222 225 -1,
226 224 225 -1,
226 225 227 -1,
226 227 228 -1,
229 226 228 -1,
230 229 228 -1,
230 228 231 -1,
230 231 232 -1,
233 230 232 -1,
234 233 232 -1,
234 232 235 -1,
234 235 236 -1,
237 234 236 -1,
237 236 238 -1,
239 237 238 -1,
240 239 238 -1,
240 238 241 -1,
240 241 242 -1,
243 240 242 -1,
244 243 242 -1,
244 242 245 -1,
244 245 246 -1,
247 244 246 -1,
248 246 249 -1,
248 247 246 -1,
248 249 250 -1,
251 248 250 -1,
1 250 2 -1,
1 251 250 -1,
200 196 198 -1,
207 202 204 -1,
105 107 109 -1,
212 208 210 -1,
223 218 220 -1,
226 223 224 -1,
89 90 92 -1,
230 226 229 -1,
234 230 233 -1,
234 226 230 -1,
80 83 84 -1,
237 226 234 -1,
243 237 239 -1,
243 239 240 -1,
247 243 244 -1,
68 70 72 -1,
251 247 248 -1,
0 251 1 -1,
4 251 0 -1,
58 60 62 -1,
12 6 8 -1,
12 8 10 -1,
18 15 16 -1,
21 15 18 -1,
42 44 46 -1,
42 46 48 -1,
42 48 51 -1,
36 38 40 -1,
36 40 42 -1,
29 24 26 -1,
30 24 29 -1,
32 200 202 -1,
32 4 6 -1,
32 207 208 -1,
32 24 30 -1,
32 247 251 -1,
32 212 215 -1,
32 12 15 -1,
32 215 216 -1,
32 216 218 -1,
32 21 23 -1,
32 202 207 -1,
32 36 42 -1,
32 23 24 -1,
32 196 200 -1,
32 6 12 -1,
32 251 4 -1,
32 35 36 -1,
32 105 109 -1,
32 223 226 -1,
32 68 72 -1,
32 51 52 -1,
32 52 54 -1,
32 54 56 -1,
32 56 58 -1,
32 62 64 -1,
32 64 66 -1,
32 66 68 -1,
32 208 212 -1,
32 72 74 -1,
32 74 77 -1,
32 77 78 -1,
32 78 80 -1,
32 218 223 -1,
32 84 86 -1,
32 86 89 -1,
32 42 51 -1,
32 92 94 -1,
32 94 96 -1,
32 96 99 -1,
32 226 237 -1,
32 99 100 -1,
32 100 102 -1,
32 102 105 -1,
32 109 110 -1,
32 110 113 -1,
32 113 114 -1,
32 114 116 -1,
32 116 118 -1,
32 118 121 -1,
32 121 123 -1,
32 123 125 -1,
32 125 126 -1,
32 126 128 -1,
32 128 130 -1,
32 237 243 -1,
32 130 132 -1,
32 15 21 -1,
32 132 135 -1,
32 135 137 -1,
32 137 138 -1,
32 138 140 -1,
32 140 143 -1,
32 143 144 -1,
32 144 146 -1,
32 146 149 -1,
32 149 151 -1,
32 151 152 -1,
32 152 155 -1,
32 155 156 -1,
32 156 158 -1,
32 158 161 -1,
32 80 84 -1,
32 161 162 -1,
32 162 165 -1,
32 165 166 -1,
32 166 168 -1,
32 168 170 -1,
32 170 172 -1,
32 243 247 -1,
32 172 175 -1,
32 175 176 -1,
32 176 178 -1,
32 178 180 -1,
32 180 182 -1,
32 182 184 -1,
32 184 187 -1,
32 187 188 -1,
32 89 92 -1,
32 188 190 -1,
32 190 192 -1,
32 192 194 -1,
32 58 62 -1,
32 194 196 -1,
197 201 199 -1,
203 206 205 -1,
106 104 108 -1,
209 213 211 -1,
219 222 221 -1,
222 227 225 -1,
91 88 93 -1,
227 231 228 -1,
231 235 232 -1,
227 235 231 -1,
82 81 85 -1,
227 236 235 -1,
236 242 238 -1,
238 242 241 -1,
242 246 245 -1,
71 69 73 -1,
246 250 249 -1,
250 3 2 -1,
250 5 3 -1,
61 59 63 -1,
7 13 9 -1,
9 13 11 -1,
14 19 17 -1,
14 20 19 -1,
45 43 47 -1,
47 43 49 -1,
49 43 50 -1,
39 37 41 -1,
41 37 43 -1,
25 28 27 -1,
25 31 28 -1,
201 33 203 -1,
5 33 7 -1,
206 33 209 -1,
25 33 31 -1,
246 33 250 -1,
213 33 214 -1,
13 33 14 -1,
214 33 217 -1,
217 33 219 -1,
20 33 22 -1,
203 33 206 -1,
37 33 43 -1,
22 33 25 -1,
197 33 201 -1,
7 33 13 -1,
250 33 5 -1,
34 33 37 -1,
104 33 108 -1,
222 33 227 -1,
69 33 73 -1,
50 33 53 -1,
53 33 55 -1,
55 33 57 -1,
57 33 59 -1,
63 33 65 -1,
65 33 67 -1,
67 33 69 -1,
209 33 213 -1,
73 33 75 -1,
75 33 76 -1,
76 33 79 -1,
79 33 81 -1,
219 33 222 -1,
85 33 87 -1,
87 33 88 -1,
43 33 50 -1,
93 33 95 -1,
95 33 97 -1,
97 33 98 -1,
227 33 236 -1,
98 33 101 -1,
101 33 103 -1,
103 33 104 -1,
108 33 111 -1,
111 33 112 -1,
112 33 115 -1,
115 33 117 -1,
117 33 119 -1,
119 33 120 -1,
120 33 122 -1,
122 33 124 -1,
124 33 127 -1,
127 33 129 -1,
129 33 131 -1,
236 33 242 -1,
131 33 133 -1,
14 33 20 -1,
133 33 134 -1,
134 33 136 -1,
136 33 139 -1,
139 33 141 -1,
141 33 142 -1,
142 33 145 -1,
145 33 147 -1,
147 33 148 -1,
148 33 150 -1,
150 33 153 -1,
153 33 154 -1,
154 33 157 -1,
157 33 159 -1,
159 33 160 -1,
81 33 85 -1,
160 33 163 -1,
163 33 164 -1,
164 33 167 -1,
167 33 169 -1,
169 33 171 -1,
171 33 173 -1,
242 33 246 -1,
173 33 174 -1,
174 33 177 -1,
177 33 179 -1,
179 33 181 -1,
181 33 183 -1,
183 33 185 -1,
185 33 186 -1,
186 33 189 -1,
88 33 93 -1,
189 33 191 -1,
191 33 193 -1,
193 33 195 -1,
59 33 63 -1,
195 33 197 -1 ] } }
Shape { appearance Appearance { material Material { diffuseColor 0.7 0.72 0.74 } } geometry IndexedFaceSet { solid FALSE coord Coordinate { point [ 2.189186 -0.004906 0.907018,
2.189110 0.000000 0.906922,
2.939110 0.000000 0.316371,
2.939186 -0.004906 0.316467,
2.189413 -0.009800 0.907306,
2.939413 -0.009800 0.316755,
2.189790 -0.014670 0.907786,
2.939790 -0.014670 0.317234,
2.190317 -0.019503 0.908455,
2.940317 -0.019503 0.317904,
2.940993 -0.024287 0.318762,
2.190993 -0.024287 0.909313,
2.941815 -0.029011 0.319806,
2.191815 -0.029011 0.910357,
2.192782 -0.033663 0.911585,
2.942782 -0.033663 0.321034,
2.193891 -0.038232 0.912994,
2.943891 -0.038232 0.322443,
2.195140 -0.042705 0.914580,
2.945140 -0.042705 0.324029,
2.946525 -0.047072 0.325788,
2.196525 -0.047072 0.916339,
2.198043 -0.051322 0.918267,
2.948043 -0.051322 0.327716,
2.199690 -0.055445 0.920359,
2.949690 -0.055445 0.329808,
2.951463 -0.059430 0.332058,
2.201463 -0.059430 0.922610,
2.203356 -0.063266 0.925014,
2.953356 -0.063266 0.334462,
2.205365 -0.066946 0.927565,
2.955365 -0.066946 0.337014,
2.207484 -0.070459 0.930257,
2.957484 -0.070459 0.339706,
2.209710 -0.073797 0.933084,
2.959710 -0.073797 0.342533,
2.212036 -0.076952 0.936037,
2.962036 -0.076952 0.345486,
2.214456 -0.079915 0.939111,
2.964456 -0.079915 0.348560,
2.216964 -0.082680 0.942297,
2.966964 -0.082680 0.351746,
2.969555 -0.085239 0.355036,
2.219555 -0.085239 0.945587,
2.222221 -0.087586 0.948973,
2.972221 -0.087586 0.358422,
2.974957 -0.089715 0.361896,
2.224957 -0.089715 0.952447,
2.977754 -0.091621 0.365449,
2.227754 -0.091621 0.956000,
2.230607 -0.093300 0.959623,
2.980607 -0.093300 0.369072,
2.983509 -0.094746 0.372757,
2.233509 -0.094746 0.963308,
2.236451 -0.095957 0.967044,
2.986451 -0.095957 0.376493,
2.989427 -0.096930 0.380273,
2.239427 -0.096930 0.970824,
2.242429 -0.097661 0.974636,
2.992429 -0.097661 0.384085,
2.245450 -0.098150 0.978473,
2.995450 -0.098150 0.387922,
2.998482 -0.098395 0.391773,
2.248482 -0.098395 0.982324,
3.001518 -0.098395 0.395629,
2.251518 -0.098395 0.986180,
2.254550 -0.098150 0.990031,
3.004550 -0.098150 0.399480,
2.257571 -0.097661 0.993867,
3.007571 -0.097661 0.403316,
3.010573 -0.096930 0.407129,
2.260573 -0.096930 0.997680,
2.263549 -0.095957 1.001460,
3.013549 -0.095957 0.410908,
2.266491 -0.094746 1.005196,
3.016491 -0.094746 0.414645,
3.019393 -0.093300 0.418329,
2.269393 -0.093300 1.008881,
2.272246 -0.091621 1.012504,
3.022246 -0.091621 0.421953,
2.275043 -0.089715 1.016057,
3.025043 -0.089715 0.425506,
2.277779 -0.087586 1.019531,
3.027779 -0.087586 0.428980,
2.280445 -0.085239 1.022917,
3.030445 -0.085239 0.432366,
2.283036 -0.082680 1.026207,
3.033036 -0.082680 0.435656,
2.285544 -0.079915 1.029393,
3.035544 -0.079915 0.438842,
2.287964 -0.076952 1.032467,
3.037964 -0.076952 0.441915,
2.290290 -0.073797 1.035420,
3.040290 -0.073797 0.444869,
2.292516 -0.070459 1.038247,
3.042516 -0.070459 0.447696,
2.294635 -0.066946 1.040939,
3.044635 -0.066946 0.450388,
3.046644 -0.063266 0.452939,
2.296644 -0.063266 1.043490,
2.298537 -0.059430 1.045894,
3.048537 -0.059430 0.455343,
2.300310 -0.055445 1.048145,
3.050310 -0.055445 0.457594,
2.301957 -0.051322 1.050237,
3.051957 -0.051322 0.459686,
2.303475 -0.047072 1.052165,
3.053475 -0.047072 0.461614,
2.304860 -0.042705 1.053924,
3.054860 -0.042705 0.463373,
2.306109 -0.038232 1.055510,
3.056109 -0.038232 0.464959,
2.307218 -0.033663 1.056919,
3.057218 -0.033663 0.466367,
3.058185 -0.029011 0.467595,
2.308185 -0.029011 1.058147,
2.309007 -0.024287 1.059191,
3.059007 -0.024287 0.468640,
3.059683 -0.019503 0.469498,
2.309683 -0.019503 1.060049,
2.310210 -0.014670 1.060718,
3.060210 -0.014670 0.470167,
2.310587 -0.009800 1.061198,
3.060587 -0.009800 0.470647,
2.310814 -0.004906 1.061486,
3.060814 -0.004906 0.470935,
2.310890 0.000000 1.061582,
3.060890 0.000000 0.471031,
2.310814 0.004906 1.061486,
3.060814 0.004906 0.470935,
2.310587 0.009800 1.061198,
3.060587 0.009800 0.470647,
2.310210 0.014670 1.060718,
3.060210 0.014670 0.470167,
2.309683 0.019503 1.060049,
3.059683 0.019503 0.469498,
2.309007 0.024287 1.059191,
3.059007 0.024287 0.468640,
2.308185 0.029011 1.058147,
3.058185 0.029011 0.467595,
2.307218 0.033663 1.056919,
3.057218 0.033663 0.466367,
2.306109 0.038232 1.055510,
3.056109 0.038232 0.464959,
2.304860 0.042705 1.053924,
3.054860 0.042705 0.463373,
2.303475 0.047072 1.052165,
3.053475 0.047072 0.461614,
2.301957 0.051322 1.050237,
3.051957 0.051322 0.459686,
2.300310 0.055445 1.048145,
3.050310 0.055445 0.457594,
2.298537 0.059430 1.045894,
3.048537 0.059430 0.455343,
2.296644 0.063266 1.043490,
3.046644 0.063266 0.452939,
2.294635 0.066946 1.040939,
3.044635 0.066946 0.450388,
2.292516 0.070459 1.038247,
3.042516 0.070459 0.447696,
2.290290 0.073797 1.035420,
3.040290 0.073797 0.444869,
3.037964 0.076952 0.441915,
2.287964 0.076952 1.032467,
2.285544 0.079915 1.029393,
3.035544 0.079915 0.438842,
2.283036 0.082680 1.026207,
3.033036 0.082680 0.435656,
2.280445 0.085239 1.022917,
3.030445 0.085239 0.432366,
2.277779 0.087586 1.019531,
3.027779 0.087586 0.428980,
2.275043 0.089715 1.016057,
3.025043 0.089715 0.425506,
2.272246 0.091621 1.012504,
3.022246 0.091621 0.421953,
2.269393 0.093300 1.008881,
3.019393 0.093300 0.418329,
2.266491 0.094746 1.005196,
3.016491 0.094746 0.414645,
2.263549 0.095957 1.001460,
3.013549 0.095957 0.410908,
2.260573 0.096930 0.997680,
3.010573 0.096930 0.407129,
2.257571 0.097661 0.993867,
3.007571 0.097661 0.403316,
2.254550 0.098150 0.990031,
3.004550 0.098150 0.399480,
2.251518 0.098395 0.986180,
3.001518 0.098395 0.395629,
2.248482 0.098395 0.982324,
2.998482 0.098395 0.391773,
2.245450 0.098150 0.978473,
2.995450 0.098150 0.387922,
2.242429 0.097661 0.974636,
2.992429 0.097661 0.384085,
2.239427 0.096930 0.970824,
2.989427 0.096930 0.380273,
2.236451 0.095957 0.967044,
2.986451 0.095957 0.376493,
2.233509 0.094746 0.963308,
2.983509 0.094746 0.372757,
2.230607 0.093300 0.959623,
2.980607 0.093300 0.369072,
2.227754 0.091621 0.956000,
2.977754 0.091621 0.365449,
2.224957 0.089715 0.952447,
2.974957 0.089715 0.361896,
2.222221 0.087586 0.948973,
2.972221 0.087586 0.358422,
2.219555 0.085239 0.945587,
2.969555 0.085239 0.355036,
2.216964 0.082680 0.942297,
2.966964 0.082680 0.351746,
2.214456 0.079915 0.939111,
2.964456 0.079915 0.348560,
2.212036 0.076952 0.936037,
2.962036 0.076952 0.345486,
2.209710 0.073797 0.933084,
2.959710 0.073797 0.342533,
2.207484 0.070459 0.930257,
2.957484 0.070459 0.339706,
2.955365 0.066946 0.337014,
2.205365 0.066946 0.927565,
2.203356 0.063266 0.925014,
2.953356 0.063266 0.334462,
2.201463 0.059430 0.922610,
2.951463 0.059430 0.332058,
2.949690 0.055445 0.329808,
2.199690 0.055445 0.920359,
2.198043 0.051322 0.918267,
2.948043 0.051322 0.327716,
2.196525 0.047072 0.916339,
2.946525 0.047072 0.325788,
2.195140 0.042705 0.914580,
2.945140 0.042705 0.324029,
2.193891 0.038232 0.912994,
2.943891 0.038232 0.322443,
2.192782 0.033663 0.911585,
2.942782 0.033663 0.321034,
2.191815 0.029011 0.910357,
2.941815 0.029011 0.319806,
2.190993 0.024287 0.909313,
2.940993 0.024287 0.318762,
2.190317 0.019503 0.908455,
2.940317 0.019503 0.317904,
2.939790 0.014670 0.317234,
2.189790 0.014670 0.907786,
2.189413 0.009800 0.907306,
2.939413 0.009800 0.316755,
2.189186 0.004906 0.907018,
2.939186 0.004906 0.316467 ] } coordIndex [ 0 1 2 -1,
0 2 3 -1,
4 3 5 -1,
4 0 3 -1,
6 5 7 -1,
6 4 5 -1,
8 7 9 -1,
8 9 10 -1,
8 6 7 -1,
11 10 12 -1,
11 8 10 -1,
13 11 12 -1,
14 12 15 -1,
14 13 12 -1,
16 15 17 -1,
16 14 15 -1,
18 17 19 -1,
18 19 20 -1,
18 16 17 -1,
21 18 20 -1,
22 21 20 -1,
22 20 23 -1,
24 22 23 -1,
24 23 25 -1,
24 25 26 -1,
27 24 26 -1,
28 27 26 -1,
28 26 29 -1,
30 28 29 -1,
30 29 31 -1,
32 30 31 -1,
32 31 33 -1,
34 32 33 -1,
34 33 35 -1,
36 34 35 -1,
36 35 37 -1,
38 36 37 -1,
38 37 39 -1,
40 38 39 -1,
40 39 41 -1,
40 41 42 -1,
43 40 42 -1,
44 43 42 -1,
44 42 45 -1,
44 45 46 -1,
47 46 48 -1,
47 44 46 -1,
49 47 48 -1,
50 49 48 -1,
50 48 51 -1,
50 51 52 -1,
53 50 52 -1,
54 52 55 -1,
54 55 56 -1,
54 53 52 -1,
57 54 56 -1,
58 56 59 -1,
58 57 56 -1,
60 59 61 -1,
60 61 62 -1,
60 58 59 -1,
63 62 64 -1,
63 60 62 -1,
65 63 64 -1,
66 64 67 -1,
66 65 64 -1,
68 67 69 -1,
68 69 70 -1,
68 66 67 -1,
71 68 70 -1,
72 71 70 -1,
72 70 73 -1,
74 72 73 -1,
74 73 75 -1,
74 75 76 -1,
77 74 76 -1,
78 77 76 -1,
78 76 79 -1,
80 78 79 -1,
80 79 81 -1,
82 80 81 -1,
82 81 83 -1,
84 82 83 -1,
84 83 85 -1,
86 84 85 -1,
86 85 87 -1,
88 86 87 -1,
88 87 89 -1,
90 88 89 -1,
90 89 91 -1,
92 90 91 -1,
92 91 93 -1,
94 92 93 -1,
94 93 95 -1,
96 94 95 -1,
96 95 97 -1,
96 97 98 -1,
99 96 98 -1,
100 99 98 -1,
100 98 101 -1,
102 100 101 -1,
102 101 103 -1,
104 102 103 -1,
104 103 105 -1,
106 104 105 -1,
106 105 107 -1,
108 106 107 -1,
108 107 109 -1,
110 108 109 -1,
110 109 111 -1,
112 110 111 -1,
112 111 113 -1,
112 113 114 -1,
115 112 114 -1,
116 114 117 -1,
116 117 118 -1,
116 115 114 -1,
119 116 118 -1,
120 118 121 -1,
120 119 118 -1,
122 121 123 -1,
122 120 121 -1,
124 122 123 -1,
124 123 125 -1,
126 124 125 -1,
126 125 127 -1,
128 126 127 -1,
128 127 129 -1,
130 128 129 -1,
130 129 131 -1,
132 130 131 -1,
132 131 133 -1,
134 132 133 -1,
134 133 135 -1,
136 134 135 -1,
136 135 137 -1,
138 136 137 -1,
138 137 139 -1,
140 138 139 -1,
140 139 141 -1,
142 140 141 -1,
142 141 143 -1,
144 142 143 -1,
144 143 145 -1,
146 144 145 -1,
146 145 147 -1,
148 146 147 -1,
148 147 149 -1,
150 149 151 -1,
150 148 149 -1,
152 151 153 -1,
152 150 151 -1,
154 153 155 -1,
154 152 153 -1,
156 155 157 -1,
156 154 155 -1,
158 157 159 -1,
158 156 157 -1,
160 159 161 -1,
160 161 162 -1,
160 158 159 -1,
163 160 162 -1,
164 162 165 -1,
164 163 162 -1,
166 165 167 -1,
166 164 165 -1,
168 167 169 -1,
168 166 167 -1,
170 169 171 -1,
170 168 169 -1,
172 171 173 -1,
172 170 171 -1,
174 173 175 -1,
174 172 173 -1,
176 174 175 -1,
176 175 177 -1,
178 176 177 -1,
178 177 179 -1,
180 178 179 -1,
180 179 181 -1,
182 180 181 -1,
182 181 183 -1,
184 183 185 -1,
184 182 183 -1,
186 185 187 -1,
186 184 185 -1,
188 187 189 -1,
188 186 187 -1,
190 189 191 -1,
190 188 189 -1,
192 191 193 -1,
192 190 191 -1,
194 193 195 -1,
194 192 193 -1,
196 195 197 -1,
196 194 195 -1,
198 197 199 -1,
198 196 197 -1,
200 199 201 -1,
200 198 199 -1,
202 201 203 -1,
202 200 201 -1,
204 203 205 -1,
204 202 203 -1,
206 205 207 -1,
206 204 205 -1,
208 207 209 -1,
208 206 207 -1,
210 209 211 -1,
210 208 209 -1,
212 211 213 -1,
212 210 211 -1,
214 213 215 -1,
214 212 213 -1,
216 215 217 -1,
216 214 215 -1,
218 217 219 -1,
218 216 217 -1,
220 219 221 -1,
220 221 222 -1,
220 218 219 -1,
223 220 222 -1,
224 223 222 -1,
224 222 225 -1,
226 224 225 -1,
226 225 227 -1,
226 227 228 -1,
229 226 228 -1,
230 229 228 -1,
230 228 231 -1,
232 230 231 -1,
232 231 233 -1,
234 232 233 -1,
234 233 235 -1,
236 234 235 -1,
236 235 237 -1,
238 236 237 -1,
238 237 239 -1,
240 238 239 -1,
240 239 241 -1,
242 240 241 -1,
242 241 243 -1,
244 242 243 -1,
244 243 245 -1,
244 245 246 -1,
247 244 246 -1,
248 247 246 -1,
248 246 249 -1,
250 249 251 -1,
250 248 249 -1,
1 251 2 -1,
1 250 251 -1,
43 44 47 -1,
22 16 18 -1,
22 18 21 -1,
40 43 47 -1,
36 38 40 -1,
28 22 24 -1,
28 24 27 -1,
202 198 200 -1,
208 202 204 -1,
208 204 206 -1,
32 8 11 -1,
32 202 208 -1,
32 11 13 -1,
32 212 214 -1,
32 50 54 -1,
32 0 8 -1,
32 220 229 -1,
32 229 230 -1,
32 28 30 -1,
32 198 202 -1,
32 34 36 -1,
32 238 240 -1,
32 247 248 -1,
32 47 49 -1,
32 49 50 -1,
32 208 212 -1,
32 58 60 -1,
32 88 92 -1,
32 60 63 -1,
32 54 58 -1,
32 63 65 -1,
32 65 66 -1,
32 66 68 -1,
32 68 71 -1,
32 13 16 -1,
32 214 220 -1,
32 74 77 -1,
32 77 78 -1,
32 78 80 -1,
32 80 82 -1,
32 82 84 -1,
32 84 86 -1,
32 86 88 -1,
32 96 99 -1,
32 99 100 -1,
32 100 102 -1,
32 102 104 -1,
32 104 106 -1,
32 16 22 -1,
32 106 108 -1,
32 108 110 -1,
32 110 112 -1,
32 92 96 -1,
32 112 115 -1,
32 115 116 -1,
32 40 47 -1,
32 116 119 -1,
32 119 120 -1,
32 120 122 -1,
32 122 124 -1,
32 124 126 -1,
32 126 128 -1,
32 128 130 -1,
32 130 132 -1,
32 132 134 -1,
32 134 136 -1,
32 136 138 -1,
32 138 140 -1,
32 22 28 -1,
32 140 142 -1,
32 142 144 -1,
32 144 146 -1,
32 146 148 -1,
32 148 150 -1,
32 150 152 -1,
32 152 154 -1,
32 154 156 -1,
32 156 158 -1,
32 158 160 -1,
32 160 163 -1,
32 163 164 -1,
32 164 166 -1,
32 166 168 -1,
32 230 238 -1,
32 168 170 -1,
32 170 172 -1,
32 172 174 -1,
32 174 176 -1,
32 176 178 -1,
32 178 180 -1,
32 180 182 -1,
32 182 184 -1,
32 184 186 -1,
32 186 188 -1,
32 248 0 -1,
32 188 190 -1,
32 190 192 -1,
32 240 247 -1,
32 192 194 -1,
32 194 196 -1,
212 208 210 -1,
32 196 198 -1,
32 71 74 -1,
32 36 40 -1,
218 214 216 -1,
220 214 218 -1,
92 94 96 -1,
88 90 92 -1,
229 220 223 -1,
229 223 224 -1,
229 224 226 -1,
236 232 234 -1,
238 230 232 -1,
238 232 236 -1,
71 72 74 -1,
247 240 242 -1,
247 242 244 -1,
0 248 250 -1,
0 250 1 -1,
8 0 4 -1,
8 4 6 -1,
54 57 58 -1,
50 53 54 -1,
16 13 14 -1,
45 42 46 -1,
17 23 19 -1,
19 23 20 -1,
42 41 46 -1,
39 37 41 -1,
23 29 25 -1,
25 29 26 -1,
199 203 201 -1,
203 209 205 -1,
205 209 207 -1,
9 33 10 -1,
203 33 209 -1,
10 33 12 -1,
213 33 215 -1,
51 33 55 -1,
3 33 9 -1,
221 33 228 -1,
228 33 231 -1,
29 33 31 -1,
199 33 203 -1,
35 33 37 -1,
239 33 241 -1,
246 33 249 -1,
46 33 48 -1,
48 33 51 -1,
209 33 213 -1,
59 33 61 -1,
89 33 93 -1,
61 33 62 -1,
55 33 59 -1,
62 33 64 -1,
64 33 67 -1,
67 33 69 -1,
69 33 70 -1,
12 33 17 -1,
215 33 221 -1,
75 33 76 -1,
76 33 79 -1,
79 33 81 -1,
81 33 83 -1,
83 33 85 -1,
85 33 87 -1,
87 33 89 -1,
97 33 98 -1,
98 33 101 -1,
101 33 103 -1,
103 33 105 -1,
105 33 107 -1,
17 33 23 -1,
107 33 109 -1,
109 33 111 -1,
111 33 113 -1,
93 33 97 -1,
113 33 114 -1,
114 33 117 -1,
41 33 46 -1,
117 33 118 -1,
118 33 121 -1,
121 33 123 -1,
123 33 125 -1,
125 33 127 -1,
127 33 129 -1,
129 33 131 -1,
131 33 133 -1,
133 33 135 -1,
135 33 137 -1,
137 33 139 -1,
139 33 141 -1,
23 33 29 -1,
141 33 143 -1,
143 33 145 -1,
145 33 147 -1,
147 33 149 -1,
149 33 151 -1,
151 33 153 -1,
153 33 155 -1,
155 33 157 -1,
157 33 159 -1,
159 33 161 -1,
161 33 162 -1,
162 33 165 -1,
165 33 167 -1,
167 33 169 -1,
231 33 239 -1,
169 33 171 -1,
171 33 173 -1,
173 33 175 -1,
175 33 177 -1,
177 33 179 -1,
179 33 181 -1,
181 33 183 -1,
183 33 185 -1,
185 33 187 -1,
187 33 189 -1,
249 33 3 -1,
189 33 191 -1,
191 33 193 -1,
241 33 246 -1,
193 33 195 -1,
195 33 197 -1,
209 213 211 -1,
197 33 199 -1,
70 33 75 -1,
37 33 41 -1,
215 219 217 -1,
215 221 219 -1,
95 93 97 -1,
91 89 93 -1,
221 228 222 -1,
222 228 225 -1,
225 228 227 -1,
233 237 235 -1,
231 239 233 -1,
233 239 237 -1,
73 70 75 -1,
241 246 243 -1,
243 246 245 -1,
249 3 251 -1,
251 3 2 -1,
3 9 5 -1,
5 9 7 -1,
56 55 59 -1,
52 51 55 -1,
12 17 15 -1 ] } }
Shape { appearance Appearance { material Material { diffuseColor 0.7 0.72 0.74 } } geometry IndexedFaceSet { solid FALSE coord Coordinate { point [ 2.348303 0.004906 1.968504,
2.348425 -0.000000 1.968504,
2.348425 -0.000000 0.984252,
2.348303 0.004906 0.984252,
2.347936 0.009800 1.968504,
2.347936 0.009800 0.984252,
2.347326 0.014670 1.968504,
2.347326 0.014670 0.984252,
2.346474 0.019503 1.968504,
2.346474 0.019503 0.984252,
2.345382 0.024287 1.968504,
2.345382 0.024287 0.984252,
2.344052 0.029011 1.968504,
2.344052 0.029011 0.984252,
2.342489 0.033663 1.968504,
2.342489 0.033663 0.984252,
2.340696 0.038232 0.984252,
2.340696 0.038232 1.968504,
2.338678 0.042705 1.968504,
2.338678 0.042705 0.984252,
2.336439 0.047072 1.968504,
2.336439 0.047072 0.984252,
2.333985 0.051322 1.968504,
2.333985 0.051322 0.984252,
2.331323 0.055445 0.984252,
2.331323 0.055445 1.968504,
2.328458 0.059430 1.968504,
2.328458 0.059430 0.984252,
2.325398 0.063266 1.968504,
2.325398 0.063266 0.984252,
2.322151 0.066946 1.968504,
2.322151 0.066946 0.984252,
2.318724 0.070459 0.984252,
2.318724 0.070459 1.968504,
2.315127 0.073797 1.968504,
2.315127 0.073797 0.984252,
2.311367 0.076952 1.968504,
2.311367 0.076952 0.984252,
2.307455 0.079915 0.984252,
2.307455 0.079915 1.968504,
2.303400 0.082680 1.968504,
2.303400 0.082680 0.984252,
2.299213 0.085239 1.968504,
2.299213 0.085239 0.984252,
2.294903 0.087586 1.968504,
2.294903 0.087586 0.984252,
2.290481 0.089715 1.968504,
2.290481 0.089715 0.984252,
2.285959 0.091621 1.968504,
2.285959 0.091621 0.984252,
2.281347 0.093300 1.968504,
2.281347 0.093300 0.984252,
2.276658 0.094746 1.968504,
2.276658 0.094746 0.984252,
2.271902 0.095957 1.968504,
2.271902 0.095957 0.984252,
2.267091 0.096930 1.968504,
2.267091 0.096930 0.984252,
2.262239 0.097661 0.984252,
2.262239 0.097661 1.968504,
2.257355 0.098150 1.968504,
2.257355 0.098150 0.984252,
2.252454 0.098395 1.968504,
2.252454 0.098395 0.984252,
2.247546 0.098395 1.968504,
2.247546 0.098395 0.984252,
2.242645 0.098150 1.968504,
2.242645 0.098150 0.984252,
2.237761 0.097661 1.968504,
2.237761 0.097661 0.984252,
2.232909 0.096930 1.968504,
2.232909 0.096930 0.984252,
2.228098 0.095957 1.968504,
2.228098 0.095957 0.984252,
2.223342 0.094746 1.968504,
2.223342 0.094746 0.984252,
2.218653 0.093300 0.984252,
2.218653 0.093300 1.968504,
2.214041 0.091621 0.984252,
2.214041 0.091621 1.968504,
2.209519 0.089715 1.968504,
2.209519 0.089715 0.984252,
2.205097 0.087586 1.968504,
2.205097 0.087586 0.984252,
2.200787 0.085239 1.968504,
2.200787 0.085239 0.984252,
2.196600 0.082680 1.968504,
2.196600 0.082680 0.984252,
2.192545 0.079915 1.968504,
2.192545 0.079915 0.984252,
2.188633 0.076952 1.968504,
2.188633 0.076952 0.984252,
2.184873 0.073797 1.968504,
2.184873 0.073797 0.984252,
2.181276 0.070459 0.984252,
2.181276 0.070459 1.968504,
2.177849 0.066946 1.968504,
2.177849 0.066946 0.984252,
2.174602 0.063266 1.968504,
2.174602 0.063266 0.984252,
2.171542 0.059430 1.968504,
2.171542 0.059430 0.984252,
2.168677 0.055445 0.984252,
2.168677 0.055445 1.968504,
2.166015 0.051322 1.968504,
2.166015 0.051322 0.984252,
2.163561 0.047072 0.984252,
2.163561 0.047072 1.968504,
2.161322 0.042705 1.968504,
2.161322 0.042705 0.984252,
2.159304 0.038232 0.984252,
2.159304 0.038232 1.968504,
2.157511 0.033663 1.968504,
2.157511 0.033663 0.984252,
2.155948 0.029011 1.968504,
2.155948 0.029011 0.984252,
2.154618 0.024287 0.984252,
2.154618 0.024287 1.968504,
2.153526 0.019503 1.968504,
2.153526 0.019503 0.984252,
2.152674 0.014670 1.968504,
2.152674 0.014670 0.984252,
2.152064 0.009800 1.968504,
2.152064 0.009800 0.984252,
2.151697 0.004906 1.968504,
2.151697 0.004906 0.984252,
2.151575 -0.000000 0.984252,
2.151575 -0.000000 1.968504,
2.151697 -0.004906 0.984252,
2.151697 -0.004906 1.968504,
2.152064 -0.009800 1.968504,
2.152064 -0.009800 0.984252,
2.152674 -0.014670 0.984252,
2.152674 -0.014670 1.968504,
2.153526 -0.019503 0.984252,
2.153526 -0.019503 1.968504,
2.154618 -0.024287 0.984252,
2.154618 -0.024287 1.968504,
2.155948 -0.029011 1.968504,
2.155948 -0.029011 0.984252,
2.157511 -0.033663 0.984252,
2.157511 -0.033663 1.968504,
2.159304 -0.038232 1.968504,
2.159304 -0.038232 0.984252,
2.161322 -0.042705 1.968504,
2.161322 -0.042705 0.984252,
2.163561 -0.047072 0.984252,
2.163561 -0.047072 1.968504,
2.166015 -0.051322 1.968504,
2.166015 -0.051322 0.984252,
2.168677 -0.055445 1.968504,
2.168677 -0.055445 0.984252,
2.171542 -0.059430 1.968504,
2.171542 -0.059430 0.984252,
2.174602 -0.063266 0.984252,
2.174602 -0.063266 1.968504,
2.177849 -0.066946 1.968504,
2.177849 -0.066946 0.984252,
2.181276 -0.070459 1.968504,
2.181276 -0.070459 0.984252,
2.184873 -0.073797 0.984252,
2.184873 -0.073797 1.968504,
2.188633 -0.076952 1.968504,
2.188633 -0.076952 0.984252,
2.192545 -0.079915 1.968504,
2.192545 -0.079915 0.984252,
2.196600 -0.082680 1.968504,
2.196600 -0.082680 0.984252,
2.200787 -0.085239 0.984252,
2.200787 -0.085239 1.968504,
2.205097 -0.087586 1.968504,
2.205097 -0.087586 0.984252,
2.209519 -0.089715 1.968504,
2.209519 -0.089715 0.984252,
2.214041 -0.091621 1.968504,
2.214041 -0.091621 0.984252,
2.218653 -0.093300 1.968504,
2.218653 -0.093300 0.984252,
2.223342 -0.094746 1.968504,
2.223342 -0.094746 0.984252,
2.228098 -0.095957 1.968504,
2.228098 -0.095957 0.984252,
2.232909 -0.096930 1.968504,
2.232909 -0.096930 0.984252,
2.237761 -0.097661 0.984252,
2.237761 -0.097661 1.968504,
2.242645 -0.098150 1.968504,
2.242645 -0.098150 0.984252,
2.247546 -0.098395 1.968504,
2.247546 -0.098395 0.984252,
2.252454 -0.098395 1.968504,
2.252454 -0.098395 0.984252,
2.257355 -0.098150 1.968504,
2.257355 -0.098150 0.984252,
2.262239 -0.097661 1.968504,
2.262239 -0.097661 0.984252,
2.267091 -0.096930 1.968504,
2.267091 -0.096930 0.984252,
2.271902 -0.095957 1.968504,
2.271902 -0.095957 0.984252,
2.276658 -0.094746 1.968504,
2.276658 -0.094746 0.984252,
2.281347 -0.093300 1.968504,
2.281347 -0.093300 0.984252,
2.285959 -0.091621 1.968504,
2.285959 -0.091621 0.984252,
2.290481 -0.089715 1.968504,
2.290481 -0.089715 0.984252,
2.294903 -0.087586 1.968504,
2.294903 -0.087586 0.984252,
2.299213 -0.085239 0.984252,
2.299213 -0.085239 1.968504,
2.303400 -0.082680 1.968504,
2.303400 -0.082680 0.984252,
2.307455 -0.079915 1.968504,
2.307455 -0.079915 0.984252,
2.311367 -0.076952 1.968504,
2.311367 -0.076952 0.984252,
2.315127 -0.073797 1.968504,
2.315127 -0.073797 0.984252,
2.318724 -0.070459 1.968504,
2.318724 -0.070459 0.984252,
2.322151 -0.066946 1.968504,
2.322151 -0.066946 0.984252,
2.325398 -0.063266 1.968504,
2.325398 -0.063266 0.984252,
2.328458 -0.059430 1.968504,
2.328458 -0.059430 0.984252,
2.331323 -0.055445 1.968504,
2.331323 -0.055445 0.984252,
2.333985 -0.051322 1.968504,
2.333985 -0.051322 0.984252,
2.336439 -0.047072 1.968504,
2.336439 -0.047072 0.984252,
2.338678 -0.042705 1.968504,
2.338678 -0.042705 0.984252,
2.340696 -0.038232 1.968504,
2.340696 -0.038232 0.984252,
2.342489 -0.033663 1.968504,
2.342489 -0.033663 0.984252,
2.344052 -0.029011 0.984252,
2.344052 -0.029011 1.968504,
2.345382 -0.024287 1.968504,
2.345382 -0.024287 0.984252,
2.346474 -0.019503 1.968504,
2.346474 -0.019503 0.984252,
2.347326 -0.014670 1.968504,
2.347326 -0.014670 0.984252,
2.347936 -0.009800 1.968504,
2.347936 -0.009800 0.984252,
2.348303 -0.004906 1.968504,
2.348303 -0.004906 0.984252 ] } coordIndex [ 0 1 2 -1,
0 2 3 -1,
4 3 5 -1,
4 0 3 -1,
6 5 7 -1,
6 4 5 -1,
8 7 9 -1,
8 6 7 -1,
10 9 11 -1,
10 8 9 -1,
12 11 13 -1,
12 10 11 -1,
14 13 15 -1,
14 15 16 -1,
14 12 13 -1,
17 14 16 -1,
18 16 19 -1,
18 17 16 -1,
20 19 21 -1,
20 18 19 -1,
22 20 21 -1,
22 21 23 -1,
22 23 24 -1,
25 22 24 -1,
26 25 24 -1,
26 24 27 -1,
28 26 27 -1,
28 27 29 -1,
30 28 29 -1,
30 29 31 -1,
30 31 32 -1,
33 30 32 -1,
34 33 32 -1,
34 32 35 -1,
36 34 35 -1,
36 35 37 -1,
36 37 38 -1,
39 36 38 -1,
40 39 38 -1,
40 38 41 -1,
42 40 41 -1,
42 41 43 -1,
44 42 43 -1,
44 43 45 -1,
46 45 47 -1,
46 44 45 -1,
48 47 49 -1,
48 46 47 -1,
50 49 51 -1,
50 48 49 -1,
52 51 53 -1,
52 50 51 -1,
54 53 55 -1,
54 52 53 -1,
56 55 57 -1,
56 57 58 -1,
56 54 55 -1,
59 56 58 -1,
60 58 61 -1,
60 59 58 -1,
62 61 63 -1,
62 60 61 -1,
64 63 65 -1,
64 62 63 -1,
66 65 67 -1,
66 64 65 -1,
68 67 69 -1,
68 66 67 -1,
70 69 71 -1,
70 68 69 -1,
72 71 73 -1,
72 70 71 -1,
74 72 73 -1,
74 73 75 -1,
74 75 76 -1,
77 74 76 -1,
77 76 78 -1,
79 77 78 -1,
80 79 78 -1,
80 78 81 -1,
82 80 81 -1,
82 81 83 -1,
84 82 83 -1,
84 83 85 -1,
86 84 85 -1,
86 85 87 -1,
88 86 87 -1,
88 87 89 -1,
90 88 89 -1,
90 89 91 -1,
92 90 91 -1,
92 91 93 -1,
92 93 94 -1,
95 92 94 -1,
96 95 94 -1,
96 94 97 -1,
98 96 97 -1,
98 97 99 -1,
100 98 99 -1,
100 99 101 -1,
100 101 102 -1,
103 100 102 -1,
104 103 102 -1,
104 102 105 -1,
104 105 106 -1,
107 104 106 -1,
108 107 106 -1,
108 106 109 -1,
108 109 110 -1,
111 108 110 -1,
112 111 110 -1,
112 110 113 -1,
114 112 113 -1,
114 113 115 -1,
114 115 116 -1,
117 114 116 -1,
118 116 119 -1,
118 117 116 -1,
120 119 121 -1,
120 118 119 -1,
122 121 123 -1,
122 120 121 -1,
124 122 123 -1,
124 123 125 -1,
124 125 126 -1,
127 124 126 -1,
127 126 128 -1,
129 127 128 -1,
130 129 128 -1,
130 128 131 -1,
130 131 132 -1,
133 130 132 -1,
133 132 134 -1,
135 133 134 -1,
135 134 136 -1,
137 135 136 -1,
138 137 136 -1,
138 136 139 -1,
138 139 140 -1,
141 138 140 -1,
142 141 140 -1,
142 140 143 -1,
144 142 143 -1,
144 143 145 -1,
144 145 146 -1,
147 144 146 -1,
148 147 146 -1,
148 146 149 -1,
150 149 151 -1,
150 148 149 -1,
152 151 153 -1,
152 153 154 -1,
152 150 151 -1,
155 152 154 -1,
156 154 157 -1,
156 155 154 -1,
158 157 159 -1,
158 159 160 -1,
158 156 157 -1,
161 158 160 -1,
162 160 163 -1,
162 161 160 -1,
164 163 165 -1,
164 162 163 -1,
166 165 167 -1,
166 167 168 -1,
166 164 165 -1,
169 166 168 -1,
170 168 171 -1,
170 169 168 -1,
172 171 173 -1,
172 170 171 -1,
174 173 175 -1,
174 172 173 -1,
176 174 175 -1,
176 175 177 -1,
178 176 177 -1,
178 177 179 -1,
180 178 179 -1,
180 179 181 -1,
182 180 181 -1,
182 181 183 -1,
182 183 184 -1,
185 182 184 -1,
186 184 187 -1,
186 185 184 -1,
188 187 189 -1,
188 186 187 -1,
190 189 191 -1,
190 188 189 -1,
192 191 193 -1,
192 190 191 -1,
194 193 195 -1,
194 192 193 -1,
196 195 197 -1,
196 194 195 -1,
198 197 199 -1,
198 196 197 -1,
200 199 201 -1,
200 198 199 -1,
202 201 203 -1,
202 200 201 -1,
204 203 205 -1,
204 202 203 -1,
206 205 207 -1,
206 204 205 -1,
208 207 209 -1,
208 209 210 -1,
208 206 207 -1,
211 208 210 -1,
212 210 213 -1,
212 211 210 -1,
214 213 215 -1,
214 212 213 -1,
216 215 217 -1,
216 214 215 -1,
218 217 219 -1,
218 216 217 -1,
220 219 221 -1,
220 218 219 -1,
222 221 223 -1,
222 220 221 -1,
224 222 223 -1,
224 223 225 -1,
226 224 225 -1,
226 225 227 -1,
228 226 227 -1,
228 227 229 -1,
230 228 229 -1,
230 229 231 -1,
232 230 231 -1,
232 231 233 -1,
234 232 233 -1,
234 233 235 -1,
236 234 235 -1,
236 235 237 -1,
238 236 237 -1,
238 237 239 -1,
238 239 240 -1,
241 238 240 -1,
242 241 240 -1,
242 240 243 -1,
244 242 243 -1,
244 243 245 -1,
246 244 245 -1,
246 245 247 -1,
248 246 247 -1,
248 247 249 -1,
250 249 251 -1,
250 248 249 -1,
250 251 2 -1,
1 250 2 -1,
200 196 198 -1,
206 202 204 -1,
104 107 108 -1,
212 208 211 -1,
222 218 220 -1,
226 222 224 -1,
88 90 92 -1,
230 226 228 -1,
234 230 232 -1,
234 226 230 -1,
80 82 84 -1,
236 226 234 -1,
242 236 238 -1,
242 238 241 -1,
246 242 244 -1,
68 70 72 -1,
250 246 248 -1,
0 250 1 -1,
4 250 0 -1,
59 60 62 -1,
12 6 8 -1,
12 8 10 -1,
18 14 17 -1,
20 14 18 -1,
42 44 46 -1,
42 46 48 -1,
42 48 50 -1,
36 39 40 -1,
36 40 42 -1,
28 25 26 -1,
30 25 28 -1,
33 200 202 -1,
33 4 6 -1,
33 206 208 -1,
33 25 30 -1,
33 246 250 -1,
33 212 214 -1,
33 12 14 -1,
33 214 216 -1,
33 216 218 -1,
33 20 22 -1,
33 202 206 -1,
33 36 42 -1,
33 22 25 -1,
33 196 200 -1,
33 6 12 -1,
33 250 4 -1,
33 34 36 -1,
33 104 108 -1,
33 222 226 -1,
33 68 72 -1,
33 50 52 -1,
33 52 54 -1,
33 54 56 -1,
33 56 59 -1,
33 62 64 -1,
33 64 66 -1,
33 66 68 -1,
33 208 212 -1,
33 72 74 -1,
33 74 77 -1,
33 77 79 -1,
33 79 80 -1,
33 218 222 -1,
33 84 86 -1,
33 86 88 -1,
33 42 50 -1,
33 92 95 -1,
33 95 96 -1,
33 96 98 -1,
33 226 236 -1,
33 98 100 -1,
33 100 103 -1,
33 103 104 -1,
33 108 111 -1,
33 111 112 -1,
33 112 114 -1,
33 114 117 -1,
33 117 118 -1,
33 118 120 -1,
33 120 122 -1,
33 122 124 -1,
33 124 127 -1,
33 127 129 -1,
33 129 130 -1,
33 236 242 -1,
33 130 133 -1,
33 14 20 -1,
33 133 135 -1,
33 135 137 -1,
33 137 138 -1,
33 138 141 -1,
33 141 142 -1,
33 142 144 -1,
33 144 147 -1,
33 147 148 -1,
33 148 150 -1,
33 150 152 -1,
33 152 155 -1,
33 155 156 -1,
33 156 158 -1,
33 158 161 -1,
33 80 84 -1,
33 161 162 -1,
33 162 164 -1,
33 164 166 -1,
33 166 169 -1,
33 169 170 -1,
33 170 172 -1,
33 242 246 -1,
33 172 174 -1,
33 174 176 -1,
33 176 178 -1,
33 178 180 -1,
33 180 182 -1,
33 182 185 -1,
33 185 186 -1,
33 186 188 -1,
33 88 92 -1,
33 188 190 -1,
33 190 192 -1,
33 192 194 -1,
33 59 62 -1,
33 194 196 -1,
197 201 199 -1,
203 207 205 -1,
106 105 109 -1,
209 213 210 -1,
219 223 221 -1,
223 227 225 -1,
91 89 93 -1,
227 231 229 -1,
231 235 233 -1,
227 235 231 -1,
83 81 85 -1,
227 237 235 -1,
237 243 239 -1,
239 243 240 -1,
243 247 245 -1,
71 69 73 -1,
247 251 249 -1,
251 3 2 -1,
251 5 3 -1,
61 58 63 -1,
7 13 9 -1,
9 13 11 -1,
15 19 16 -1,
15 21 19 -1,
45 43 47 -1,
47 43 49 -1,
49 43 51 -1,
38 37 41 -1,
41 37 43 -1,
24 29 27 -1,
24 31 29 -1,
201 32 203 -1,
5 32 7 -1,
207 32 209 -1,
24 32 31 -1,
247 32 251 -1,
213 32 215 -1,
13 32 15 -1,
215 32 217 -1,
217 32 219 -1,
21 32 23 -1,
203 32 207 -1,
37 32 43 -1,
23 32 24 -1,
197 32 201 -1,
7 32 13 -1,
251 32 5 -1,
35 32 37 -1,
105 32 109 -1,
223 32 227 -1,
69 32 73 -1,
51 32 53 -1,
53 32 55 -1,
55 32 57 -1,
57 32 58 -1,
63 32 65 -1,
65 32 67 -1,
67 32 69 -1,
209 32 213 -1,
73 32 75 -1,
75 32 76 -1,
76 32 78 -1,
78 32 81 -1,
219 32 223 -1,
85 32 87 -1,
87 32 89 -1,
43 32 51 -1,
93 32 94 -1,
94 32 97 -1,
97 32 99 -1,
227 32 237 -1,
99 32 101 -1,
101 32 102 -1,
102 32 105 -1,
109 32 110 -1,
110 32 113 -1,
113 32 115 -1,
115 32 116 -1,
116 32 119 -1,
119 32 121 -1,
121 32 123 -1,
123 32 125 -1,
125 32 126 -1,
126 32 128 -1,
128 32 131 -1,
237 32 243 -1,
131 32 132 -1,
15 32 21 -1,
132 32 134 -1,
134 32 136 -1,
136 32 139 -1,
139 32 140 -1,
140 32 143 -1,
143 32 145 -1,
145 32 146 -1,
146 32 149 -1,
149 32 151 -1,
151 32 153 -1,
153 32 154 -1,
154 32 157 -1,
157 32 159 -1,
159 32 160 -1,
81 32 85 -1,
160 32 163 -1,
163 32 165 -1,
165 32 167 -1,
167 32 168 -1,
168 32 171 -1,
171 32 173 -1,
243 32 247 -1,
173 32 175 -1,
175 32 177 -1,
177 32 179 -1,
179 32 181 -1,
181 32 183 -1,
183 32 184 -1,
184 32 187 -1,
187 32 189 -1,
89 32 93 -1,
189 32 191 -1,
191 32 193 -1,
193 32 195 -1,
58 32 63 -1,
195 32 197 -1 ] } }
