#VRML V2.0 utf8
# Project-owned nominal model; units 0.1 inch for KiCad.
Shape { appearance Appearance { material Material { diffuseColor 0.06 0.04 0.07 } } geometry IndexedFaceSet { solid FALSE coord Coordinate { point [ 0.015748 -0.551181 0.787402,
0.015748 -0.551181 4.035433,
0.015748 0.551181 0.787402,
0.015748 0.551181 4.035433,
1.984252 -0.551181 4.035433,
1.984252 -0.551181 0.787402,
1.984252 0.551181 0.787402,
1.984252 0.551181 4.035433 ] } coordIndex [ 0 1 2 -1,
2 1 3 -1,
4 5 6 -1,
4 6 7 -1,
5 1 0 -1,
5 4 1 -1,
3 6 2 -1,
7 6 3 -1,
2 6 0 -1,
0 6 5 -1,
7 3 1 -1,
7 1 4 -1 ] } }
Shape { appearance Appearance { material Material { diffuseColor 0.13 0.06 0.13 } } geometry IndexedFaceSet { solid FALSE coord Coordinate { point [ 0.945107 -0.553098 1.625934,
0.921600 -0.551181 1.627929,
0.960751 -0.551181 1.624995,
0.945375 -0.556922 1.625934,
1.000000 -0.551181 1.624016,
0.945908 -0.560719 1.625934,
0.946705 -0.564469 1.625934,
0.890682 -0.558825 1.631679,
0.882644 -0.551181 1.632810,
0.843979 -0.551181 1.639628,
0.947762 -0.568154 1.625934,
0.891481 -0.566432 1.631679,
0.949073 -0.571757 1.625934,
0.892810 -0.573965 1.631679,
0.836390 -0.556894 1.641222,
0.805703 -0.551181 1.648364,
0.950633 -0.575259 1.625934,
0.894660 -0.581387 1.631679,
0.837187 -0.568293 1.641222,
0.952432 -0.578644 1.625934,
0.897024 -0.588661 1.631679,
0.838777 -0.579609 1.641222,
0.954464 -0.581896 1.625934,
0.899889 -0.595753 1.631679,
0.841153 -0.590786 1.641222,
0.956717 -0.584997 1.625934,
0.783491 -0.566321 1.654518,
0.767909 -0.551181 1.658998,
0.903242 -0.602628 1.631679,
0.844303 -0.601770 1.641222,
0.959182 -0.587934 1.625934,
0.785075 -0.581387 1.654518,
0.907067 -0.609252 1.631679,
0.848211 -0.612508 1.641222,
0.961845 -0.590692 1.625934,
0.787705 -0.596306 1.654518,
0.911344 -0.615594 1.631679,
0.964694 -0.593257 1.625934,
0.730857 -0.560580 1.671502,
0.730693 -0.551181 1.671502,
0.694146 -0.551181 1.685846,
0.852858 -0.622947 1.641222,
0.791370 -0.611005 1.654518,
0.916053 -0.621621 1.631679,
0.967715 -0.595617 1.625934,
0.732168 -0.579331 1.671502,
0.858223 -0.633036 1.641222,
0.796052 -0.625412 1.654518,
0.921171 -0.627305 1.631679,
0.970893 -0.597761 1.625934,
0.734784 -0.597946 1.671502,
0.864278 -0.642727 1.641222,
0.801727 -0.639458 1.654518,
0.926673 -0.632619 1.631679,
0.738692 -0.616332 1.671502,
0.974214 -0.599678 1.625934,
0.870995 -0.651971 1.641222,
0.680515 -0.573522 1.692090,
0.658359 -0.551181 1.701993,
0.808367 -0.653074 1.654518,
0.932533 -0.637535 1.631679,
0.743874 -0.634402 1.671502,
0.977659 -0.601359 1.625934,
0.878340 -0.660724 1.641222,
0.682852 -0.595753 1.692090,
0.815942 -0.666193 1.654518,
0.938721 -0.642031 1.631679,
0.981214 -0.602795 1.625934,
0.750303 -0.652065 1.671502,
0.886277 -0.668944 1.641222,
0.686733 -0.617768 1.692090,
0.824413 -0.678752 1.654518,
0.945207 -0.646085 1.631679,
0.630563 -0.564082 1.716183,
0.623422 -0.551181 1.719904,
0.894769 -0.676590 1.641222,
0.757948 -0.669238 1.671502,
0.984860 -0.603980 1.625934,
0.692141 -0.639458 1.692090,
0.833740 -0.690690 1.654518,
0.951961 -0.649676 1.631679,
0.632362 -0.589821 1.716183,
0.903774 -0.683625 1.641222,
0.988580 -0.604907 1.625934,
0.766773 -0.685835 1.671502,
0.699049 -0.660718 1.692090,
0.843876 -0.701948 1.654518,
0.958949 -0.652787 1.631679,
0.635953 -0.615372 1.716183,
0.776734 -0.701776 1.671502,
0.913247 -0.690015 1.641222,
0.992356 -0.605573 1.625934,
0.707423 -0.681445 1.692090,
0.854774 -0.712471 1.654518,
0.966136 -0.655403 1.631679,
0.923143 -0.695728 1.641222,
0.641318 -0.640611 1.716183,
0.996169 -0.605974 1.625934,
0.787783 -0.716983 1.671502,
0.583757 -0.580288 1.743663,
0.589421 -0.551181 1.739535,
0.556441 -0.551181 1.760836,
0.717223 -0.701536 1.692090,
0.866379 -0.722209 1.654518,
0.973489 -0.657511 1.631679,
0.648430 -0.665413 1.716183,
0.799866 -0.731383 1.671502,
1.000000 -0.606107 1.625934,
0.933413 -0.700738 1.641222,
0.586801 -0.609252 1.743663,
0.728400 -0.720896 1.692090,
0.878634 -0.731113 1.654518,
0.980971 -0.659101 1.631679,
0.657255 -0.689659 1.716183,
0.944008 -0.705018 1.641222,
0.812923 -0.744904 1.671502,
1.003831 -0.605974 1.625934,
0.591859 -0.637934 1.743663,
0.740900 -0.739428 1.692090,
0.891481 -0.739141 1.654518,
0.988545 -0.660166 1.631679,
0.537459 -0.567333 1.774396,
0.524563 -0.551181 1.783754,
0.826893 -0.757482 1.671502,
0.667749 -0.713231 1.716183,
0.954875 -0.708549 1.641222,
1.007644 -0.605573 1.625934,
0.598905 -0.666193 1.743663,
0.904857 -0.746253 1.654518,
0.754663 -0.757044 1.692090,
0.996176 -0.660699 1.631679,
0.539712 -0.599559 1.774396,
0.965963 -0.711314 1.641222,
0.841705 -0.769055 1.671502,
0.679863 -0.736012 1.716183,
1.011420 -0.604907 1.625934,
0.607905 -0.693892 1.743663,
0.769621 -0.773656 1.692090,
0.918696 -0.752415 1.654518,
1.003824 -0.660699 1.631679,
0.544208 -0.631549 1.774396,
0.693536 -0.757894 1.716183,
0.857289 -0.779567 1.671502,
0.977216 -0.713298 1.641222,
1.015140 -0.603980 1.625934,
0.618815 -0.720896 1.743663,
0.785701 -0.789184 1.692090,
0.932932 -0.757596 1.654518,
1.011455 -0.660166 1.631679,
0.550925 -0.663148 1.774396,
0.708702 -0.778768 1.716183,
0.873568 -0.788965 1.671502,
0.988580 -0.714492 1.641222,
1.018786 -0.602795 1.625934,
0.495101 -0.586487 1.808233,
0.493868 -0.551181 1.808233,
0.464431 -0.551181 1.834211,
0.631582 -0.747072 1.743663,
0.802825 -0.803553 1.692090,
0.947494 -0.761771 1.654518,
1.019029 -0.659101 1.631679,
0.559829 -0.694201 1.774396,
1.000000 -0.714891 1.641222,
0.725287 -0.798534 1.716183,
0.890463 -0.797205 1.671502,
1.022341 -0.601359 1.625934,
0.498794 -0.621621 1.808233,
0.646144 -0.772295 1.743663,
0.820910 -0.816693 1.692090,
0.962312 -0.764921 1.654518,
1.026511 -0.657511 1.631679,
0.570878 -0.724558 1.774396,
0.907892 -0.804247 1.671502,
0.743211 -0.817094 1.716183,
1.025786 -0.599678 1.625934,
1.011420 -0.714492 1.641222,
0.504928 -0.656412 1.808233,
0.662430 -0.796440 1.743663,
0.977313 -0.767029 1.654518,
0.839867 -0.828539 1.692090,
1.033864 -0.655403 1.631679,
0.453358 -0.570270 1.845008,
0.436325 -0.551181 1.861625,
0.584017 -0.754069 1.774396,
0.762385 -0.834359 1.716183,
1.022784 -0.713298 1.641222,
0.925769 -0.810056 1.671502,
1.029107 -0.597761 1.625934,
0.513475 -0.690690 1.808233,
0.680361 -0.819390 1.743663,
0.859605 -0.839033 1.692090,
0.992426 -0.768086 1.654518,
1.041051 -0.652787 1.631679,
0.456021 -0.608356 1.845008,
0.599183 -0.782593 1.774396,
0.944008 -0.814603 1.671502,
0.782718 -0.850244 1.716183,
1.032285 -0.595617 1.625934,
1.034037 -0.711314 1.641222,
0.524392 -0.724288 1.808233,
0.699849 -0.841034 1.743663,
1.007574 -0.768086 1.654518,
0.880027 -0.848126 1.692090,
1.048039 -0.649676 1.631679,
0.461335 -0.646162 1.845008,
0.616302 -0.809988 1.774396,
0.804109 -0.864673 1.716183,
0.962520 -0.817867 1.671502,
1.045125 -0.708549 1.641222,
1.035306 -0.593257 1.625934,
0.537625 -0.757044 1.808233,
0.901033 -0.855771 1.692090,
0.720799 -0.861265 1.743663,
1.022687 -0.767029 1.654518,
1.054793 -0.646085 1.631679,
0.469272 -0.683506 1.845008,
0.635290 -0.836123 1.774396,
0.826454 -0.877574 1.716183,
1.055992 -0.705018 1.641222,
0.981214 -0.819832 1.671502,
1.038155 -0.590692 1.625934,
0.416272 -0.591999 1.884543,
0.409621 -0.551181 1.890405,
0.384385 -0.551181 1.920480,
0.553112 -0.788796 1.808233,
0.743110 -0.879986 1.743663,
0.922521 -0.861933 1.692090,
1.037688 -0.764921 1.654518,
1.061279 -0.642031 1.631679,
0.479796 -0.720206 1.845008,
0.656055 -0.860870 1.774396,
0.849645 -0.888885 1.716183,
1.000000 -0.820488 1.671502,
1.040818 -0.587934 1.625934,
1.066587 -0.700738 1.641222,
0.420541 -0.632619 1.884543,
0.570776 -0.819390 1.808233,
0.766672 -0.897105 1.743663,
1.052506 -0.761771 1.654518,
0.944387 -0.866581 1.692090,
1.067467 -0.637535 1.631679,
0.492854 -0.756082 1.845008,
0.873568 -0.898550 1.716183,
0.678496 -0.884108 1.774396,
1.076857 -0.695728 1.641222,
1.018786 -0.819832 1.671502,
1.043283 -0.584997 1.625934,
0.427634 -0.672841 1.884543,
0.590531 -0.848678 1.808233,
0.791370 -0.912538 1.743663,
0.966523 -0.869692 1.692090,
1.073327 -0.632619 1.631679,
1.067068 -0.757596 1.654518,
0.379897 -0.572836 1.926645,
0.360679 -0.551181 1.951777,
0.508382 -0.790959 1.845008,
0.702503 -0.905724 1.774396,
0.898107 -0.906524 1.716183,
1.037480 -0.817867 1.671502,
1.045536 -0.581896 1.625934,
1.086753 -0.690015 1.641222,
0.437514 -0.712471 1.884543,
0.612280 -0.876516 1.808233,
0.817086 -0.926211 1.743663,
0.988823 -0.871251 1.692090,
1.081304 -0.752415 1.654518,
1.078829 -0.627305 1.631679,
0.382918 -0.616039 1.926645,
0.526306 -0.824669 1.845008,
0.727959 -0.925613 1.774396,
0.923143 -0.912766 1.716183,
1.055992 -0.814603 1.671502,
1.096226 -0.683625 1.641222,
1.047568 -0.578644 1.625934,
0.450136 -0.751315 1.884543,
0.635919 -0.902770 1.808233,
0.843692 -0.938057 1.743663,
1.011177 -0.871251 1.692090,
1.095143 -0.746253 1.654518,
1.083947 -0.621621 1.631679,
0.388946 -0.658926 1.926645,
0.546537 -0.857046 1.845008,
0.754741 -0.943677 1.774396,
0.948553 -0.917246 1.716183,
1.074231 -0.810056 1.671502,
1.049367 -0.575259 1.625934,
1.105231 -0.676590 1.641222,
0.465436 -0.789184 1.884543,
0.661332 -0.927310 1.808233,
0.871060 -0.948018 1.743663,
1.033477 -0.869692 1.692090,
1.108519 -0.739141 1.654518,
1.088656 -0.615594 1.631679,
0.397950 -0.701289 1.926645,
0.568978 -0.887933 1.845008,
0.782718 -0.959830 1.774396,
0.974214 -0.919943 1.716183,
1.092108 -0.804247 1.671502,
1.113723 -0.668944 1.641222,
1.050927 -0.571757 1.625934,
0.348805 -0.596717 1.971108,
0.338562 -0.551181 1.984216,
0.483340 -0.825894 1.884543,
0.688394 -0.950019 1.808233,
0.899056 -0.956046 1.743663,
1.055613 -0.866581 1.692090,
1.121366 -0.731113 1.654518,
1.092933 -0.609252 1.631679,
0.409888 -0.742920 1.926645,
0.811753 -0.973991 1.774396,
0.593518 -0.917179 1.845008,
1.109537 -0.797205 1.671502,
1.000000 -0.920844 1.716183,
1.121660 -0.660724 1.641222,
1.052238 -0.568154 1.625934,
0.353567 -0.642031 1.971108,
0.503762 -0.861265 1.884543,
0.716975 -0.970784 1.808233,
0.927544 -0.962101 1.743663,
1.133621 -0.722209 1.654518,
1.077479 -0.861933 1.692090,
1.096758 -0.602628 1.631679,
0.424700 -0.783617 1.926645,
0.620039 -0.944642 1.845008,
0.841705 -0.986092 1.774396,
1.025786 -0.919943 1.716183,
1.126432 -0.788965 1.671502,
1.053295 -0.564469 1.625934,
1.129005 -0.651971 1.641222,
0.361479 -0.686903 1.971108,
0.526601 -0.895126 1.884543,
0.746934 -0.989504 1.808233,
1.145226 -0.712471 1.654518,
0.956385 -0.966155 1.743663,
1.098967 -0.855771 1.692090,
1.100111 -0.595753 1.631679,
0.318506 -0.574979 2.017717,
0.318090 -0.551181 2.017717,
0.299314 -0.551181 2.052196,
0.442315 -0.823182 1.926645,
0.648411 -0.970188 1.845008,
0.872429 -0.996075 1.774396,
1.051447 -0.917246 1.716183,
1.135722 -0.642727 1.641222,
1.142711 -0.779567 1.671502,
1.054092 -0.560719 1.625934,
0.372502 -0.731113 1.971108,
0.551746 -0.927310 1.884543,
0.778126 -1.006090 1.808233,
0.985438 -0.968186 1.743663,
1.119973 -0.848126 1.692090,
1.102976 -0.588661 1.631679,
1.156124 -0.701948 1.654518,
0.321826 -0.622460 2.017717,
0.462648 -0.861422 1.926645,
0.678496 -0.993693 1.845008,
0.903774 -1.003890 1.774396,
1.076857 -0.912766 1.716183,
1.141777 -0.633036 1.641222,
1.158295 -0.769055 1.671502,
1.054625 -0.556922 1.625934,
1.039249 -0.551181 1.624995,
0.386582 -0.774447 1.971108,
0.579076 -0.957663 1.884543,
0.810400 -1.020458 1.808233,
1.014562 -0.968186 1.743663,
1.140395 -0.839033 1.692090,
1.166260 -0.690690 1.654518,
1.105340 -0.581387 1.631679,
0.328450 -0.669593 2.017717,
0.485598 -0.898150 1.926645,
0.710147 -1.015042 1.845008,
0.935587 -1.009500 1.774396,
1.101893 -0.906524 1.716183,
1.173107 -0.757482 1.671502,
1.054893 -0.553098 1.625934,
1.078400 -0.551181 1.627929,
1.147142 -0.622947 1.641222,
0.403651 -0.816693 1.971108,
0.608456 -0.986035 1.884543,
0.843597 -1.032541 1.808233,
1.043615 -0.966155 1.743663,
1.160133 -0.828539 1.692090,
1.175587 -0.678752 1.654518,
1.107190 -0.573965 1.631679,
0.338346 -0.716150 2.017717,
0.511054 -0.933187 1.926645,
0.743211 -1.034131 1.845008,
0.967715 -1.012877 1.774396,
1.126432 -0.898550 1.716183,
1.187077 -0.744904 1.671502,
1.151789 -0.612508 1.641222,
0.294012 -0.600549 2.066243,
0.282279 -0.551181 2.087569,
0.423625 -0.857645 1.971108,
0.639744 -1.012288 1.884543,
0.877556 -1.042279 1.808233,
1.179090 -0.816693 1.692090,
1.184058 -0.666193 1.654518,
1.072456 -0.962101 1.743663,
1.108519 -0.566432 1.631679,
0.351465 -0.761903 2.017717,
0.538893 -0.966364 1.926645,
0.777525 -1.050868 1.845008,
1.000000 -1.014004 1.774396,
1.200134 -0.731383 1.671502,
1.150355 -0.888885 1.716183,
1.155697 -0.601770 1.641222,
0.299176 -0.649676 2.066243,
0.446407 -0.897105 1.971108,
0.672786 -1.036295 1.884543,
0.912111 -1.049624 1.808233,
1.197175 -0.803553 1.692090,
1.100944 -0.956046 1.743663,
1.191633 -0.653074 1.654518,
1.109318 -0.558825 1.631679,
1.117356 -0.551181 1.632810,
1.156021 -0.551181 1.639628,
0.367744 -0.806629 2.017717,
0.568978 -0.997518 1.926645,
0.812923 -1.065170 1.845008,
1.173546 -0.877574 1.716183,
1.032285 -1.012877 1.774396,
1.158847 -0.590786 1.641222,
1.212217 -0.716983 1.671502,
0.307753 -0.698323 2.066243,
0.471885 -0.934879 1.971108,
0.707423 -1.057939 1.884543,
0.947095 -1.054540 1.808233,
1.214299 -0.789184 1.692090,
1.128940 -0.948018 1.743663,
1.198273 -0.639458 1.654518,
0.270379 -0.576660 2.116452,
0.267029 -0.551181 2.123747,
0.387104 -0.850111 2.017717,
0.601163 -1.026497 1.926645,
0.849233 -1.076967 1.845008,
1.064413 -1.009500 1.774396,
1.195891 -0.864673 1.716183,
1.223266 -0.701776 1.671502,
1.161223 -0.579609 1.641222,
0.319704 -0.746253 2.066243,
0.499937 -0.970784 1.971108,
0.743486 -1.077113 1.884543,
1.156308 -0.938057 1.743663,
0.982336 -1.057005 1.808233,
1.203948 -0.625412 1.654518,
1.230379 -0.773656 1.692090,
0.273933 -0.627494 2.116452,
0.409449 -0.892136 2.017717,
0.635290 -1.053161 1.926645,
0.886277 -1.086203 1.845008,
1.096226 -1.003890 1.774396,
1.217282 -0.850244 1.716183,
1.162813 -0.568293 1.641222,
1.233227 -0.685835 1.671502,
0.334968 -0.793233 2.066243,
0.530425 -1.004644 1.971108,
0.780798 -1.093726 1.884543,
1.017664 -1.057005 1.808233,
1.182914 -0.926211 1.743663,
1.245337 -0.757044 1.692090,
1.208630 -0.611005 1.654518,
0.281025 -0.677956 2.116452,
0.434671 -0.932500 2.017717,
0.671195 -1.077379 1.926645,
0.923876 -1.092833 1.845008,
1.127571 -0.996075 1.774396,
1.163610 -0.556894 1.641222,
1.194297 -0.551181 1.648364,
1.237615 -0.834359 1.716183,
1.242052 -0.669238 1.671502,
0.353473 -0.839033 2.066243,
0.563201 -1.036295 1.971108,
0.819178 -1.107695 1.884543,
1.052905 -1.054540 1.808233,
1.259100 -0.739428 1.692090,
1.208630 -0.912538 1.743663,
1.212295 -0.596306 1.654518,
0.291620 -0.727800 2.116452,
0.462648 -0.971007 2.017717,
0.708702 -1.099033 1.926645,
0.961845 -1.096824 1.845008,
1.158295 -0.986092 1.774396,
1.256789 -0.817094 1.716183,
1.249697 -0.652065 1.671502,
0.252961 -0.603419 2.168097,
0.253601 -0.551181 2.160640,
0.242028 -0.551181 2.198157,
0.375128 -0.883432 2.066243,
0.598105 -1.065583 1.971108,
0.858439 -1.118953 1.884543,
1.087889 -1.049624 1.808233,
1.233328 -0.897105 1.743663,
1.271600 -0.720896 1.692090,
1.214925 -0.581387 1.654518,
0.305666 -0.776784 2.116452,
0.493242 -1.007468 2.017717,
0.747628 -1.118019 1.926645,
1.000000 -1.098156 1.845008,
1.274713 -0.798534 1.716183,
1.188247 -0.973991 1.774396,
1.256126 -0.634402 1.671502,
0.258424 -0.655403 2.168097,
0.399826 -0.926211 2.066243,
0.634967 -1.092365 1.971108,
0.898389 -1.127445 1.884543,
1.122444 -1.042279 1.808233,
1.256890 -0.879986 1.743663,
1.282777 -0.701536 1.692090,
1.216509 -0.566321 1.654518,
1.232091 -0.551181 1.658998,
0.323095 -0.824669 2.116452,
0.526306 -1.041706 2.017717,
0.787783 -1.134242 1.926645,
1.038155 -1.096824 1.845008,
1.217282 -0.959830 1.774396,
1.291298 -0.778768 1.716183,
1.261308 -0.616332 1.671502,
0.267501 -0.706879 2.168097,
0.427449 -0.967164 2.066243,
0.673607 -1.116510 1.971108,
0.938835 -1.133129 1.884543,
1.156403 -1.032541 1.808233,
1.279201 -0.861265 1.743663,
1.292577 -0.681445 1.692090,
0.236453 -0.577845 2.220928,
0.232340 -0.551181 2.236204,
0.343821 -0.871221 2.116452,
0.561677 -1.073554 2.017717,
0.828972 -1.147626 1.926645,
1.245259 -0.943677 1.774396,
1.076124 -1.092833 1.845008,
1.306464 -0.757894 1.716183,
1.265216 -0.597946 1.671502,
0.280146 -0.757596 2.168097,
0.457861 -1.006090 2.066243,
0.713838 -1.137901 1.971108,
0.979578 -1.135978 1.884543,
1.189600 -1.020458 1.808233,
1.300151 -0.841034 1.743663,
1.300951 -0.660718 1.692090,
0.240173 -0.631042 2.220928,
0.599183 -1.102858 2.017717,
0.367744 -0.916214 2.116452,
0.870995 -1.158103 1.926645,
1.113723 -1.086203 1.845008,
1.272041 -0.925613 1.774396,
1.320137 -0.736012 1.716183,
1.267832 -0.579331 1.671502,
0.296299 -0.807307 2.168097,
0.490915 -1.042799 2.066243,
0.755462 -1.156433 1.971108,
1.020422 -1.135978 1.884543,
1.221874 -1.006090 1.808233,
1.319639 -0.819390 1.743663,
1.307859 -0.639458 1.692090,
0.247595 -0.683850 2.220928,
0.638643 -1.129473 2.017717,
0.394748 -0.959429 2.116452,
0.913646 -1.165624 1.926645,
1.150767 -1.076967 1.845008,
1.332251 -0.713231 1.716183,
1.269143 -0.560580 1.671502,
1.269307 -0.551181 1.671502,
1.305854 -0.551181 1.685846,
1.297497 -0.905724 1.774396,
0.315879 -0.855771 2.168097,
0.526448 -1.077113 2.066243,
0.798278 -1.172017 1.971108,
1.061165 -1.133129 1.884543,
1.253066 -0.989504 1.808233,
1.313267 -0.617768 1.692090,
1.337570 -0.796440 1.743663,
0.258682 -0.736012 2.220928,
0.679863 -1.153272 2.017717,
0.424700 -1.000655 2.116452,
0.956717 -1.170151 1.926645,
1.187077 -1.065170 1.845008,
1.321504 -0.884108 1.774396,
1.342745 -0.689659 1.716183,
0.226450 -0.605273 2.274686,
0.224561 -0.551181 2.274686,
0.218709 -0.551181 2.313509,
0.338793 -0.902751 2.168097,
0.564289 -1.108866 2.066243,
0.842077 -1.184576 1.971108,
1.101611 -1.127445 1.884543,
1.353856 -0.772295 1.743663,
1.283025 -0.970784 1.808233,
1.317148 -0.595753 1.692090,
0.273381 -0.787274 2.220928,
0.457455 -1.039691 2.116452,
0.722642 -1.174137 2.017717,
1.000000 -1.171662 1.926645,
1.222475 -1.050868 1.845008,
1.343945 -0.860870 1.774396,
1.351570 -0.665413 1.716183,
0.232107 -0.659101 2.274686,
0.364928 -0.948018 2.168097,
0.604253 -1.137901 2.066243,
0.886645 -1.194049 1.971108,
1.141561 -1.118953 1.884543,
1.311606 -0.950019 1.808233,
1.368418 -0.747072 1.743663,
1.319485 -0.573522 1.692090,
1.341641 -0.551181 1.701993,
0.291620 -0.837385 2.220928,
0.766773 -1.191967 2.017717,
0.492854 -1.076347 2.116452,
1.043283 -1.170151 1.926645,
1.364710 -0.836123 1.774396,
1.256789 -1.034131 1.845008,
1.358682 -0.640611 1.716183,
0.241506 -0.712404 2.274686,
0.394157 -0.991352 2.168097,
0.646144 -1.164078 2.066243,
0.931765 -1.200391 1.971108,
1.180822 -1.107695 1.884543,
1.338668 -0.927310 1.808233,
1.381185 -0.720896 1.743663,
0.217389 -0.578510 2.329111,
0.214800 -0.551181 2.352575,
0.313310 -0.886102 2.220928,
0.812040 -1.206675 2.017717,
0.530723 -1.110444 2.116452,
1.086354 -1.165624 1.926645,
1.289853 -1.015042 1.845008,
1.383698 -0.809988 1.774396,
1.364047 -0.615372 1.716183,
0.426337 -1.032541 2.168097,
0.254600 -0.764921 2.274686,
0.689760 -1.187268 2.066243,
0.977218 -1.203569 1.971108,
1.219202 -1.093726 1.884543,
1.364081 -0.902770 1.808233,
1.392095 -0.693892 1.743663,
0.221202 -0.633036 2.329111,
0.338346 -0.933187 2.220928,
0.570878 -1.141817 2.116452,
0.858223 -1.218190 2.017717,
1.129005 -1.158103 1.926645,
1.321504 -0.993693 1.845008,
1.367638 -0.589821 1.716183,
1.400817 -0.782593 1.774396,
0.271326 -0.816397 2.274686,
0.461313 -1.071385 2.168097,
0.734886 -1.207360 2.066243,
1.022782 -1.203569 1.971108,
1.256514 -1.077113 1.884543,
1.387720 -0.876516 1.808233,
1.401095 -0.666193 1.743663,
0.228809 -0.687163 2.329111,
0.366605 -0.978411 2.220928,
0.613124 -1.170312 2.116452,
0.905097 -1.226455 2.017717,
1.171028 -1.147626 1.926645,
1.351589 -0.970188 1.845008,
1.415983 -0.754069 1.774396,
1.369437 -0.564082 1.716183,
1.376578 -0.551181 1.719904,
0.291601 -0.866581 2.274686,
0.498913 -1.107695 2.168097,
0.781305 -1.224255 2.066243,
1.068235 -1.200391 1.971108,
1.292577 -1.057939 1.884543,
1.408141 -0.637934 1.743663,
1.409469 -0.848678 1.808233,
0.240173 -0.740627 2.329111,
0.397950 -1.021554 2.220928,
0.657255 -1.195791 2.116452,
0.952432 -1.231430 2.017717,
1.212217 -1.134242 1.926645,
1.379961 -0.944642 1.845008,
1.429122 -0.724558 1.774396,
0.214995 -0.606074 2.383937,
0.212843 -0.551181 2.391787,
0.212843 -0.551181 2.431048,
0.315328 -0.915228 2.274686,
0.538954 -1.141294 2.168097,
0.828789 -1.237871 2.066243,
1.113355 -1.194049 1.971108,
1.327214 -1.036295 1.884543,
1.429224 -0.819390 1.808233,
1.413199 -0.609252 1.743663,
0.432228 -1.062405 2.220928,
0.255239 -0.793169 2.329111,
0.703055 -1.218130 2.116452,
1.000000 -1.233091 2.017717,
1.252372 -1.118019 1.926645,
1.406482 -0.917179 1.845008,
1.440171 -0.694201 1.774396,
0.220736 -0.660699 2.383937,
0.581241 -1.172017 2.168097,
0.342390 -0.962101 2.274686,
0.877107 -1.248141 2.066243,
1.157923 -1.184576 1.971108,
1.360256 -1.012288 1.884543,
1.446888 -0.788796 1.808233,
1.416243 -0.580288 1.743663,
1.443559 -0.551181 1.760836,
1.410579 -0.551181 1.739535,
0.273933 -0.844531 2.329111,
0.469272 -1.100766 2.220928,
1.047568 -1.231430 2.017717,
0.750303 -1.237219 2.116452,
1.291298 -1.099033 1.926645,
1.431022 -0.887933 1.845008,
1.449075 -0.663148 1.774396,
0.230274 -0.714791 2.383937,
0.372657 -1.006973 2.274686,
0.625568 -1.199716 2.168097,
0.926024 -1.255016 2.066243,
1.201722 -1.172017 1.971108,
1.391544 -0.986035 1.884543,
1.462375 -0.757044 1.808233,
0.213557 -0.578644 2.438897,
0.214800 -0.551181 2.470260,
0.296165 -0.894464 2.329111,
0.508902 -1.136449 2.220928,
0.798767 -1.252966 2.116452,
1.094903 -1.226455 2.017717,
1.328805 -1.077379 1.926645,
1.453463 -0.857046 1.845008,
1.455792 -0.631549 1.774396,
0.243562 -0.768086 2.383937,
0.405979 -1.049624 2.274686,
0.671720 -1.224255 2.168097,
0.975301 -1.258462 2.066243,
1.244538 -1.156433 1.971108,
1.420924 -0.957663 1.884543,
1.475608 -0.724288 1.808233,
0.217389 -0.633437 2.438897,
0.321826 -0.942725 2.329111,
0.550925 -1.169280 2.220928,
0.848211 -1.265293 2.116452,
1.141777 -1.218190 2.017717,
1.364710 -1.053161 1.926645,
1.473694 -0.824669 1.845008,
1.460288 -0.599559 1.774396,
0.260535 -0.820324 2.383937,
0.719471 -1.245515 2.168097,
0.442196 -1.089846 2.274686,
1.024699 -1.258462 2.066243,
1.286162 -1.137901 1.971108,
1.448254 -0.927310 1.884543,
1.486525 -0.690690 1.808233,
0.225033 -0.687829 2.438897,
0.595135 -1.199100 2.220928,
0.350791 -0.989078 2.329111,
0.898394 -1.274142 2.116452,
1.187960 -1.206675 2.017717,
1.398837 -1.026497 1.926645,
1.462541 -0.567333 1.774396,
1.475437 -0.551181 1.783754,
1.491618 -0.790959 1.845008,
0.281111 -0.871251 2.383937,
0.481130 -1.127445 2.274686,
0.768588 -1.263393 2.168097,
1.073976 -1.255016 2.066243,
1.326393 -1.116510 1.971108,
1.473399 -0.895126 1.884543,
1.495072 -0.656412 1.808233,
0.236453 -0.741555 2.438897,
0.641318 -1.225764 2.220928,
0.382918 -1.033298 2.329111,
1.233227 -1.191967 2.017717,
0.949073 -1.279469 2.116452,
1.431022 -0.997518 1.926645,
1.507146 -0.756082 1.845008,
0.218819 -0.605807 2.493723,
0.218709 -0.551181 2.509326,
0.305189 -0.920619 2.383937,
0.818834 -1.277800 2.168097,
0.522592 -1.162236 2.274686,
1.122893 -1.248141 2.066243,
1.365033 -1.092365 1.971108,
1.496238 -0.861265 1.884543,
1.501206 -0.621621 1.808233,
0.251593 -0.794353 2.438897,
0.689248 -1.249141 2.220928,
0.418052 -1.075169 2.329111,
1.277358 -1.174137 2.017717,
1.000000 -1.281247 2.116452,
1.461107 -0.966364 1.926645,
1.520204 -0.720206 1.845008,
0.224533 -0.660166 2.493723,
0.332652 -0.968186 2.383937,
0.869961 -1.288668 2.168097,
0.566380 -1.194049 2.274686,
1.171211 -1.237871 2.066243,
1.401895 -1.065583 1.971108,
1.516660 -0.825894 1.884543,
1.504899 -0.586487 1.808233,
1.506132 -0.551181 1.808233,
1.535569 -0.551181 1.834211,
0.270379 -0.845967 2.438897,
0.738692 -1.269118 2.220928,
0.456021 -1.114488 2.329111,
1.050927 -1.279469 2.116452,
1.320137 -1.153272 2.017717,
1.488946 -0.933187 1.926645,
1.530728 -0.683506 1.845008,
0.234024 -0.713994 2.493723,
0.363367 -1.013722 2.383937,
0.612280 -1.222731 2.274686,
0.921722 -1.295942 2.168097,
1.218695 -1.224255 2.066243,
1.436799 -1.036295 1.971108,
1.534564 -0.789184 1.884543,
0.225033 -0.578244 2.548148,
0.224561 -0.551181 2.548148,
0.232340 -0.551181 2.586631,
0.292719 -0.896145 2.438897,
0.789410 -1.285597 2.220928,
0.496641 -1.151061 2.329111,
1.101606 -1.274142 2.116452,
1.361357 -1.129473 2.017717,
1.514402 -0.898150 1.926645,
1.538665 -0.646162 1.845008,
0.247247 -0.767029 2.493723,
0.397183 -1.057005 2.383937,
0.660070 -1.248141 2.274686,
0.973865 -1.299588 2.168097,
1.265114 -1.207360 2.066243,
1.469575 -1.004644 1.971108,
1.549864 -0.751315 1.884543,
0.228809 -0.632237 2.548148,
0.318506 -0.944642 2.438897,
0.539712 -1.184713 2.329111,
0.841153 -1.298498 2.220928,
1.151789 -1.265293 2.116452,
1.400817 -1.102858 2.017717,
1.537352 -0.861422 1.926645,
1.543979 -0.608356 1.845008,
0.264138 -0.819013 2.493723,
0.433936 -1.097823 2.383937,
0.709515 -1.270156 2.274686,
1.026135 -1.299588 2.168097,
1.310240 -1.187268 2.066243,
1.500063 -0.970784 1.971108,
1.562486 -0.712471 1.884543,
0.236341 -0.685835 2.548148,
0.347612 -0.991222 2.438897,
0.893670 -1.307758 2.220928,
0.585027 -1.215277 2.329111,
1.438323 -1.073554 2.017717,
1.201233 -1.252966 2.116452,
1.557685 -0.823182 1.926645,
1.546642 -0.570270 1.845008,
1.563675 -0.551181 1.861625,
0.284613 -0.869692 2.493723,
0.473446 -1.135978 2.383937,
0.760376 -1.288668 2.274686,
1.078278 -1.295942 2.168097,
1.353856 -1.164078 2.066243,
1.528115 -0.934879 1.971108,
1.572366 -0.672841 1.884543,
0.247595 -0.738777 2.548148,
0.379897 -1.035659 2.438897,
0.946705 -1.313332 2.220928,
0.632362 -1.242607 2.329111,
1.249697 -1.237219 2.116452,
1.473694 -1.041706 2.017717,
1.575300 -0.783617 1.926645,
0.237849 -0.604476 2.601907,
0.242028 -0.551181 2.624678,
0.308574 -0.918819 2.493723,
0.515522 -1.171284 2.383937,
0.812404 -1.303586 2.274686,
1.130039 -1.288668 2.168097,
1.395747 -1.137901 2.066243,
1.553593 -0.897105 1.971108,
1.579459 -0.632619 1.884543,
0.262514 -0.790805 2.548148,
0.681489 -1.266568 2.329111,
0.415203 -1.077735 2.438897,
1.000000 -1.315193 2.220928,
1.296945 -1.218130 2.116452,
1.506758 -1.007468 2.017717,
1.590112 -0.742920 1.926645,
0.243423 -0.657511 2.601907,
0.335904 -0.966155 2.493723,
0.559959 -1.203569 2.383937,
0.865346 -1.314840 2.274686,
1.181166 -1.277800 2.168097,
1.435711 -1.108866 2.066243,
1.576375 -0.857645 1.971108,
1.583728 -0.591999 1.884543,
1.590379 -0.551181 1.890405,
1.615615 -0.551181 1.920480,
0.281025 -0.841666 2.548148,
0.453358 -1.117245 2.438897,
0.732168 -1.287043 2.329111,
1.053295 -1.313332 2.220928,
1.342745 -1.195791 2.116452,
1.537352 -0.971007 2.017717,
1.602050 -0.701289 1.926645,
0.252683 -0.710028 2.601907,
0.366468 -1.011469 2.493723,
0.606539 -1.232675 2.383937,
0.918945 -1.322372 2.274686,
1.231412 -1.263393 2.168097,
1.473552 -1.077113 2.066243,
1.596349 -0.816693 1.971108,
0.251593 -0.577316 2.654738,
0.253601 -0.551181 2.662194,
0.303040 -0.891111 2.548148,
0.494176 -1.153998 2.438897,
0.784152 -1.303934 2.329111,
1.106330 -1.307758 2.220928,
1.565329 -0.932500 2.017717,
1.386876 -1.170312 2.116452,
1.611054 -0.658926 1.926645,
0.265584 -0.761771 2.601907,
0.400120 -1.054540 2.493723,
0.655036 -1.258462 2.383937,
0.972938 -1.326148 2.274686,
1.280529 -1.245515 2.168097,
1.509085 -1.042799 2.066243,
1.613418 -0.774447 1.971108,
0.255239 -0.629459 2.654738,
0.328450 -0.938901 2.548148,
0.537459 -1.187814 2.438897,
1.158847 -1.298498 2.220928,
0.837187 -1.317157 2.329111,
1.590551 -0.892136 2.017717,
1.429122 -1.141817 2.116452,
1.617082 -0.616039 1.926645,
0.282063 -0.812489 2.601907,
0.436694 -1.095160 2.493723,
0.705214 -1.280802 2.383937,
1.328280 -1.224255 2.168097,
1.027062 -1.326148 2.274686,
1.542139 -1.006090 2.066243,
1.627498 -0.731113 1.971108,
0.262514 -0.681220 2.654738,
0.357132 -0.984801 2.548148,
0.582995 -1.218529 2.438897,
1.210590 -1.285597 2.220928,
0.891015 -1.326648 2.329111,
1.469277 -1.110444 2.116452,
1.612896 -0.850111 2.017717,
1.620103 -0.572836 1.926645,
1.639321 -0.551181 1.951777,
0.302040 -0.861933 2.601907,
0.476012 -1.133129 2.493723,
0.756828 -1.299588 2.383937,
1.081055 -1.322372 2.274686,
1.374432 -1.199716 2.168097,
1.572551 -0.967164 2.066243,
1.638521 -0.686903 1.971108,
0.273381 -0.732348 2.654738,
0.388946 -1.028589 2.548148,
0.630563 -1.245992 2.438897,
0.945375 -1.332362 2.329111,
1.261308 -1.269118 2.220928,
1.507146 -1.076347 2.116452,
1.632256 -0.806629 2.017717,
0.271712 -0.602108 2.706383,
0.267029 -0.551181 2.699087,
0.282279 -0.551181 2.735265,
0.325417 -0.909863 2.601907,
0.517883 -1.168263 2.493723,
0.809626 -1.314728 2.383937,
1.134654 -1.314840 2.274686,
1.418759 -1.172017 2.168097,
1.600174 -0.926211 2.066243,
1.646433 -0.642031 1.971108,
0.287789 -0.782593 2.654738,
0.423736 -1.070051 2.548148,
0.679930 -1.270070 2.438897,
1.000000 -1.334269 2.329111,
1.310752 -1.249141 2.220928,
1.542545 -1.039691 2.116452,
1.648535 -0.761903 2.017717,
0.277039 -0.652787 2.706383,
0.352081 -0.956046 2.601907,
0.562103 -1.200391 2.493723,
0.863352 -1.326148 2.383937,
1.187596 -1.303586 2.274686,
1.461046 -1.141294 2.168097,
1.624872 -0.883432 2.066243,
1.651195 -0.596717 1.971108,
1.661438 -0.551181 1.984216,
0.305666 -0.831710 2.654738,
0.461335 -1.108985 2.548148,
0.730857 -1.290646 2.438897,
1.054625 -1.332362 2.329111,
1.358682 -1.225764 2.220928,
1.661654 -0.716150 2.017717,
1.575300 -1.000655 2.116452,
0.381901 -1.000256 2.601907,
0.285888 -0.702970 2.706383,
0.608456 -1.229355 2.493723,
0.917744 -1.333792 2.383937,
1.501087 -1.107695 2.168097,
1.239624 -1.288668 2.274686,
1.646527 -0.839033 2.066243,
0.501557 -1.145202 2.548148,
0.326926 -0.879461 2.654738,
0.292719 -0.575880 2.756591,
0.299314 -0.551181 2.770638,
0.783095 -1.307619 2.438897,
1.404865 -1.199100 2.220928,
1.108985 -1.326648 2.329111,
1.671550 -0.669593 2.017717,
1.605252 -0.959429 2.116452,
0.298215 -0.752415 2.706383,
0.656717 -1.255016 2.493723,
0.414733 -1.042279 2.601907,
0.972537 -1.337624 2.383937,
1.290485 -1.270156 2.274686,
1.538687 -1.071385 2.168097,
1.665032 -0.793233 2.066243,
0.351465 -0.925613 2.654738,
0.296165 -0.625157 2.756591,
0.544208 -1.178525 2.548148,
0.836390 -1.320907 2.438897,
1.449075 -1.169280 2.220928,
1.162813 -1.317157 2.329111,
1.632256 -0.916214 2.116452,
1.678174 -0.622460 2.017717,
0.313962 -0.800878 2.706383,
0.450415 -1.081909 2.601907,
0.706650 -1.277248 2.493723,
1.027463 -1.337624 2.383937,
1.339930 -1.248141 2.274686,
1.680296 -0.746253 2.066243,
1.573663 -1.032541 2.168097,
0.379164 -0.969940 2.654738,
0.303040 -0.674074 2.756591,
0.589080 -1.208791 2.548148,
1.215848 -1.303934 2.329111,
0.890482 -1.330445 2.438897,
1.681494 -0.574979 2.017717,
1.700686 -0.551181 2.052196,
1.681910 -0.551181 2.017717,
1.656179 -0.871221 2.116452,
1.491098 -1.136449 2.220928,
0.333051 -0.848126 2.706383,
0.488776 -1.118953 2.601907,
0.758012 -1.295942 2.493723,
1.387720 -1.222731 2.274686,
1.082256 -1.333792 2.383937,
1.605843 -0.991352 2.168097,
1.692247 -0.698323 2.066243,
0.313310 -0.722392 2.756591,
0.635953 -1.235853 2.548148,
0.409888 -1.012227 2.654738,
1.267832 -1.287043 2.329111,
0.945107 -1.336186 2.438897,
1.530728 -1.100766 2.220928,
1.676905 -0.824669 2.116452,
0.355390 -0.893926 2.706383,
0.319751 -0.598749 2.805118,
0.318090 -0.551181 2.805118,
0.338562 -0.551181 2.838619,
0.529627 -1.153231 2.601907,
0.810554 -1.311008 2.493723,
1.136648 -1.326148 2.383937,
1.635072 -0.948018 2.168097,
1.433620 -1.194049 2.274686,
1.700824 -0.649676 2.066243,
0.326926 -0.769876 2.756591,
0.684600 -1.259580 2.548148,
0.443486 -1.052269 2.654738,
1.000000 -1.338103 2.438897,
1.567772 -1.062405 2.220928,
1.318511 -1.266568 2.329111,
1.694334 -0.776784 2.116452,
0.324727 -0.646085 2.805118,
0.572770 -1.184576 2.601907,
0.380869 -0.938057 2.706383,
0.864018 -1.322372 2.493723,
1.190374 -1.314728 2.383937,
1.661207 -0.902751 2.168097,
1.477408 -1.162236 2.274686,
1.705988 -0.600549 2.066243,
1.717721 -0.551181 2.087569,
0.734784 -1.279856 2.548148,
0.343821 -0.816295 2.756591,
0.479796 -1.089868 2.654738,
1.054893 -1.336186 2.438897,
1.602050 -1.021554 2.220928,
1.367638 -1.242607 2.329111,
1.708380 -0.727800 2.116452,
0.409364 -0.980303 2.706383,
0.332992 -0.692958 2.805118,
0.918145 -1.329979 2.493723,
0.617994 -1.212835 2.601907,
1.243172 -1.299588 2.383937,
1.684121 -0.855771 2.168097,
1.518870 -1.127445 2.274686,
0.347612 -0.573963 2.851727,
0.360679 -0.551181 2.871058,
0.518640 -1.124844 2.654738,
0.363913 -0.861422 2.756591,
0.786260 -1.296581 2.548148,
1.633395 -0.978411 2.220928,
1.414973 -1.215277 2.329111,
1.109518 -1.330445 2.438897,
1.718975 -0.677956 2.116452,
0.440737 -1.020458 2.706383,
0.344506 -0.739141 2.805118,
0.665079 -1.237871 2.601907,
0.972671 -1.333792 2.493723,
1.294786 -1.280802 2.383937,
1.557804 -1.089846 2.274686,
1.703701 -0.807307 2.168097,
0.350791 -0.619416 2.851727,
0.559829 -1.157024 2.654738,
0.387104 -0.905037 2.756591,
0.838777 -1.309675 2.548148,
1.163610 -1.320907 2.438897,
1.726067 -0.627494 2.116452,
1.460288 -1.184713 2.329111,
1.661654 -0.933187 2.220928,
0.474834 -1.058328 2.706383,
0.359214 -0.784408 2.805118,
0.713796 -1.259561 2.601907,
1.027329 -1.333792 2.493723,
1.594021 -1.049624 2.274686,
1.344964 -1.258462 2.383937,
1.719854 -0.757596 2.168097,
0.357132 -0.664536 2.851727,
0.413280 -0.946929 2.756591,
0.603163 -1.186253 2.654738,
0.892080 -1.319074 2.548148,
1.216905 -1.307619 2.438897,
1.686690 -0.886102 2.220928,
1.503359 -1.151061 2.329111,
1.729621 -0.576660 2.116452,
1.732971 -0.551181 2.123747,
0.377044 -0.828539 2.805118,
0.763907 -1.277800 2.601907,
0.511490 -1.093726 2.706383,
1.081855 -1.329979 2.493723,
1.393461 -1.232675 2.383937,
1.732499 -0.706879 2.168097,
1.627343 -1.006973 2.274686,
0.366605 -0.709104 2.851727,
0.945908 -1.324731 2.548148,
0.442315 -0.986892 2.756591,
0.648430 -1.212388 2.654738,
1.269143 -1.290646 2.438897,
1.708380 -0.837385 2.220928,
1.543979 -1.114488 2.329111,
0.381031 -0.594464 2.896190,
0.384385 -0.551181 2.902354,
0.409621 -0.551181 2.932430,
0.550526 -1.126481 2.706383,
0.397909 -0.871318 2.805118,
0.815169 -1.292499 2.601907,
1.135982 -1.322372 2.493723,
1.440041 -1.203569 2.383937,
1.741576 -0.655403 2.168097,
1.657610 -0.962101 2.274686,
0.379164 -0.752903 2.851727,
0.695410 -1.235302 2.654738,
0.474068 -1.024733 2.756591,
1.000000 -1.326620 2.548148,
1.320070 -1.270070 2.438897,
1.726619 -0.787274 2.220928,
1.581948 -1.075169 2.329111,
0.385558 -0.637535 2.896190,
0.421708 -0.912538 2.805118,
0.591752 -1.156433 2.706383,
1.189446 -1.311008 2.493723,
0.867331 -1.303586 2.601907,
1.747039 -0.603419 2.168097,
1.746399 -0.551181 2.160640,
1.757972 -0.551181 2.198157,
1.684672 -0.915228 2.274686,
1.484478 -1.171284 2.383937,
0.394748 -0.795719 2.851727,
0.743874 -1.254883 2.654738,
0.508382 -1.060266 2.756591,
1.054092 -1.324731 2.548148,
1.741318 -0.736012 2.220928,
1.617082 -1.033298 2.329111,
1.369437 -1.245992 2.438897,
0.393078 -0.680186 2.896190,
0.634967 -1.183437 2.706383,
0.448323 -0.951998 2.805118,
0.920139 -1.311008 2.601907,
1.241988 -1.295942 2.493723,
1.526554 -1.135978 2.383937,
1.708399 -0.866581 2.274686,
0.413280 -0.837343 2.851727,
0.415203 -0.571603 2.938292,
0.436325 -0.551181 2.961210,
0.793585 -1.271035 2.654738,
0.545092 -1.093320 2.756591,
1.107920 -1.319074 2.548148,
1.417005 -1.218529 2.438897,
1.752405 -0.683850 2.220928,
1.649209 -0.989078 2.329111,
0.403555 -0.722209 2.896190,
0.477627 -0.989504 2.805118,
0.973336 -1.314728 2.601907,
0.679960 -1.207360 2.706383,
1.293350 -1.277248 2.493723,
1.728674 -0.816397 2.274686,
1.566064 -1.097823 2.383937,
0.434671 -0.877574 2.851727,
0.418052 -0.612346 2.938292,
0.844303 -1.283680 2.654738,
0.584017 -1.123732 2.756591,
1.161223 -1.309675 2.548148,
1.462541 -1.187814 2.438897,
1.759827 -0.631042 2.220928,
1.678174 -0.942725 2.329111,
0.416939 -0.763398 2.896190,
0.509475 -1.024875 2.805118,
0.726512 -1.228087 2.706383,
1.343283 -1.255016 2.493723,
1.026664 -1.314728 2.601907,
1.602817 -1.057005 2.383937,
1.745400 -0.764921 2.274686,
0.458816 -0.916214 2.851727,
0.423736 -0.652792 2.938292,
0.624970 -1.151355 2.756591,
1.213740 -1.296581 2.548148,
0.895778 -1.292757 2.654738,
1.505824 -1.153998 2.438897,
1.763547 -0.577845 2.220928,
1.767660 -0.551181 2.236204,
1.703835 -0.894464 2.329111,
0.433162 -0.803553 2.896190,
0.774397 -1.245515 2.706383,
0.543713 -1.057939 2.805118,
1.079861 -1.311008 2.601907,
1.391544 -1.229355 2.493723,
1.636633 -1.013722 2.383937,
1.758494 -0.712404 2.274686,
0.432228 -0.692743 2.938292,
0.667749 -1.176054 2.756591,
0.485598 -0.953076 2.851727,
0.947762 -1.298220 2.654738,
1.265216 -1.279856 2.548148,
1.546642 -1.117245 2.438897,
1.726067 -0.844531 2.329111,
0.454357 -0.589336 2.977827,
0.464431 -0.551181 2.988624,
0.452148 -0.842479 2.896190,
0.823381 -1.259561 2.706383,
0.580174 -1.088533 2.805118,
1.132669 -1.303586 2.601907,
1.437897 -1.200391 2.493723,
1.767893 -0.659101 2.274686,
1.667348 -0.968186 2.383937,
0.443486 -0.732003 2.938292,
0.514886 -0.987980 2.851727,
1.000000 -1.300045 2.654738,
0.712148 -1.197708 2.756591,
1.315400 -1.259580 2.548148,
1.744761 -0.793169 2.329111,
1.584797 -1.077735 2.438897,
0.458348 -0.627305 2.977827,
0.473802 -0.879986 2.896190,
0.873225 -1.270156 2.706383,
0.618681 -1.116510 2.805118,
1.184831 -1.292499 2.601907,
1.482117 -1.168263 2.493723,
1.694811 -0.920619 2.383937,
1.773550 -0.605273 2.274686,
1.775439 -0.551181 2.274686,
1.781291 -0.551181 2.313509,
0.546537 -1.020756 2.851727,
0.457455 -0.770383 2.938292,
1.052238 -1.298220 2.654738,
0.757948 -1.216213 2.756591,
1.364047 -1.235853 2.548148,
1.620103 -1.035659 2.438897,
1.759827 -0.740627 2.329111,
0.464978 -0.664904 2.977827,
0.498020 -0.915891 2.896190,
0.659045 -1.141732 2.805118,
1.236093 -1.277800 2.601907,
0.923687 -1.277248 2.706383,
1.523988 -1.133129 2.493723,
1.718889 -0.871251 2.383937,
0.474068 -0.807695 2.938292,
0.494176 -0.568845 3.014602,
0.493868 -0.551181 3.014602,
0.524563 -0.551181 3.039081,
0.580398 -1.051244 2.851727,
1.104222 -1.292757 2.654738,
0.804928 -1.231477 2.756591,
1.410920 -1.208791 2.548148,
1.652388 -0.991222 2.438897,
1.771191 -0.687163 2.329111,
0.524684 -0.950019 2.896190,
0.474214 -0.701948 2.977827,
0.701070 -1.164078 2.805118,
0.974521 -1.280802 2.706383,
1.563306 -1.095160 2.493723,
1.286204 -1.259561 2.601907,
1.739465 -0.820324 2.383937,
0.616302 -1.079296 2.851727,
0.496641 -0.604086 3.014602,
0.493242 -0.843758 2.938292,
0.852858 -1.243428 2.756591,
1.455792 -1.178525 2.548148,
1.155697 -1.283680 2.654738,
1.681494 -0.944642 2.438897,
1.778798 -0.633036 2.329111,
0.553663 -0.982203 2.896190,
0.486012 -0.738258 2.977827,
1.025479 -1.280802 2.706383,
0.744552 -1.183437 2.805118,
1.334921 -1.237871 2.601907,
1.599880 -1.054540 2.493723,
1.756438 -0.768086 2.383937,
0.654076 -1.104775 2.851727,
0.514886 -0.878395 2.938292,
0.501557 -0.639070 3.014602,
1.206415 -1.271035 2.654738,
0.901506 -1.252006 2.756591,
1.498443 -1.145202 2.548148,
1.707281 -0.896145 2.438897,
1.782611 -0.578510 2.329111,
1.785200 -0.551181 2.352575,
0.500313 -0.773656 2.977827,
0.584817 -1.012288 2.896190,
1.076313 -1.277248 2.706383,
0.789278 -1.199716 2.805118,
1.382006 -1.212835 2.601907,
1.633532 -1.011469 2.493723,
1.769726 -0.714791 2.383937,
0.693536 -1.127556 2.851727,
0.508902 -0.673626 3.014602,
0.538893 -0.911438 2.938292,
1.256126 -1.254883 2.654738,
0.950633 -1.257169 2.756591,
1.538665 -1.108985 2.548148,
1.729621 -0.845967 2.438897,
0.538304 -0.583466 3.048439,
0.556441 -0.551181 3.061999,
0.517050 -0.807970 2.977827,
0.617994 -1.040127 2.896190,
1.126775 -1.270156 2.706383,
0.835031 -1.212835 2.805118,
1.427230 -1.184576 2.601907,
1.664096 -0.966155 2.493723,
1.779264 -0.660699 2.383937,
0.518640 -0.707584 3.014602,
0.734488 -1.147530 2.851727,
0.565146 -0.942725 2.938292,
1.304590 -1.235302 2.654738,
1.000000 -1.258893 2.756591,
1.576264 -1.070051 2.548148,
1.748407 -0.794353 2.438897,
0.541681 -0.615594 3.048439,
0.653031 -1.065583 2.896190,
0.536139 -0.841034 2.977827,
0.881588 -1.222731 2.805118,
1.470373 -1.153231 2.601907,
1.176619 -1.259561 2.706383,
1.691426 -0.918819 2.493723,
1.785005 -0.606074 2.383937,
1.787157 -0.551181 2.391787,
1.787157 -0.551181 2.431048,
0.776734 -1.164599 2.851727,
0.593518 -0.972105 2.938292,
0.530723 -0.740781 3.014602,
1.351570 -1.212388 2.654738,
1.049367 -1.257169 2.756591,
1.611054 -1.028589 2.548148,
1.763547 -0.741555 2.438897,
0.547291 -0.647407 3.048439,
0.689760 -1.088533 2.896190,
0.557488 -0.872685 2.977827,
0.928721 -1.229355 2.805118,
1.225603 -1.245515 2.706383,
1.715387 -0.869692 2.493723,
1.511224 -1.118953 2.601907,
0.582995 -0.565743 3.079172,
0.589421 -0.551181 3.083300,
0.820068 -1.178679 2.851727,
0.623871 -0.999435 2.938292,
0.545092 -0.773055 3.014602,
1.642868 -0.984801 2.548148,
1.396837 -1.186253 2.654738,
1.098494 -1.252006 2.756591,
1.774967 -0.687829 2.438897,
0.555106 -0.678752 3.048439,
0.727999 -1.108866 2.896190,
0.580993 -0.902770 2.977827,
1.273488 -1.228087 2.706383,
0.976202 -1.232675 2.805118,
1.549585 -1.081909 2.601907,
1.735862 -0.819013 2.493723,
0.585027 -0.594797 3.079172,
0.864278 -1.189702 2.851727,
0.656055 -1.024580 2.938292,
0.561677 -0.804247 3.014602,
1.440171 -1.157024 2.654738,
1.147142 -1.243428 2.756591,
1.671550 -0.938901 2.548148,
1.782611 -0.633437 2.438897,
0.565089 -0.709476 3.048439,
0.606539 -0.931142 2.977827,
0.767564 -1.126481 2.896190,
1.320040 -1.207360 2.706383,
1.023798 -1.232675 2.805118,
1.585267 -1.042279 2.601907,
1.752753 -0.767029 2.493723,
0.589080 -0.623637 3.079172,
0.689916 -1.047419 2.938292,
0.580398 -0.834207 3.014602,
0.909150 -1.197614 2.851727,
1.481360 -1.124844 2.654738,
1.195072 -1.231477 2.756591,
1.696960 -0.891111 2.548148,
1.786443 -0.578644 2.438897,
1.785200 -0.551181 2.470260,
0.577190 -0.739428 3.048439,
0.808261 -1.141294 2.896190,
0.634002 -0.957663 2.977827,
1.365033 -1.183437 2.706383,
1.071279 -1.229355 2.805118,
1.618099 -1.000256 2.601907,
1.765976 -0.713994 2.493723,
0.595135 -0.652125 3.079172,
0.954464 -1.202376 2.851727,
0.725287 -1.067841 2.938292,
0.601163 -0.862787 3.014602,
1.520204 -1.089868 2.654738,
1.242052 -1.216213 2.756591,
1.718975 -0.841666 2.548148,
0.591352 -0.768463 3.048439,
0.631238 -0.576967 3.106652,
0.623422 -0.551181 3.102930,
0.658359 -0.551181 3.120842,
0.849892 -1.153231 2.896190,
0.663249 -0.982203 2.977827,
1.647919 -0.956046 2.601907,
1.408248 -1.156433 2.706383,
1.118412 -1.222731 2.805118,
1.775467 -0.660166 2.493723,
0.603163 -0.680121 3.079172,
0.623871 -0.889849 3.014602,
1.000000 -1.203967 2.851727,
0.761997 -1.085745 2.938292,
1.556514 -1.052269 2.654738,
1.287852 -1.197708 2.756591,
1.737486 -0.790805 2.548148,
0.607504 -0.796440 3.048439,
0.633935 -0.602628 3.106652,
0.892255 -1.162236 2.896190,
0.694135 -1.004644 2.977827,
1.164969 -1.212835 2.805118,
1.449474 -1.126481 2.706383,
1.781181 -0.605807 2.493723,
1.781291 -0.551181 2.509326,
1.674583 -0.909863 2.601907,
0.613124 -0.707489 3.079172,
1.045536 -1.202376 2.851727,
0.799866 -1.101045 2.938292,
0.648411 -0.915262 3.014602,
1.752405 -0.738777 2.548148,
1.590112 -1.012227 2.654738,
1.332251 -1.176054 2.756591,
0.625568 -0.823222 3.048439,
0.935142 -1.168263 2.896190,
0.726512 -1.024875 2.977827,
0.638415 -0.628038 3.106652,
1.488510 -1.093726 2.706383,
1.210722 -1.199716 2.805118,
1.697960 -0.861933 2.601907,
0.624970 -0.734096 3.079172,
0.679930 -0.562358 3.130744,
0.694146 -0.551181 3.136989,
0.838710 -1.113667 2.938292,
0.674665 -0.938901 3.014602,
1.090850 -1.197614 2.851727,
1.620836 -0.969940 2.654738,
1.375030 -1.151355 2.756591,
1.763659 -0.685835 2.548148,
0.645457 -0.848678 3.048439,
0.644657 -0.653074 3.106652,
0.978346 -1.171284 2.896190,
0.760222 -1.042799 2.977827,
1.525166 -1.058328 2.706383,
1.255448 -1.183437 2.805118,
1.717937 -0.812489 2.601907,
0.638643 -0.759811 3.079172,
0.681489 -0.584658 3.130744,
0.878340 -1.123548 2.938292,
0.702503 -0.960650 3.014602,
1.135722 -1.189702 2.851727,
1.648535 -0.925613 2.654738,
1.415983 -1.123732 2.756591,
1.771191 -0.632237 2.548148,
0.667073 -0.872685 3.048439,
0.652631 -0.677613 3.106652,
1.021654 -1.171284 2.896190,
0.795100 -1.058328 2.977827,
1.559263 -1.020458 2.706383,
1.298930 -1.164078 2.805118,
1.734416 -0.761771 2.601907,
0.654076 -0.784510 3.079172,
0.684600 -0.606795 3.130744,
0.731791 -0.980405 3.014602,
1.179932 -1.178679 2.851727,
0.918562 -1.130640 2.938292,
1.454908 -1.093320 2.756591,
1.774967 -0.578244 2.548148,
1.767660 -0.551181 2.586631,
1.775439 -0.551181 2.548148,
1.673074 -0.879461 2.654738,
0.690311 -0.895126 3.048439,
0.662296 -0.701536 3.106652,
1.064858 -1.168263 2.896190,
0.830975 -1.071385 2.977827,
1.747317 -0.710028 2.601907,
1.590636 -0.980303 2.706383,
1.340955 -1.141732 2.805118,
0.689248 -0.628660 3.130744,
0.762385 -0.998069 3.014602,
0.671195 -0.808072 3.079172,
1.223266 -1.164599 2.851727,
0.959182 -1.134909 2.938292,
1.491618 -1.060266 2.756591,
1.694334 -0.831710 2.654738,
0.715058 -0.915891 3.048439,
0.673607 -0.724727 3.106652,
0.731349 -0.569967 3.151333,
0.730693 -0.551181 3.151333,
0.767909 -0.551181 3.163837,
0.867675 -1.081909 2.977827,
1.107745 -1.162236 2.896190,
1.619131 -0.938057 2.706383,
1.381319 -1.116510 2.805118,
1.756577 -0.657511 2.601907,
0.695410 -0.650148 3.130744,
0.689916 -0.830382 3.079172,
1.265512 -1.147530 2.851727,
1.000000 -1.136335 2.938292,
0.794138 -1.013556 3.014602,
1.712211 -0.782593 2.654738,
1.525932 -1.024733 2.756591,
0.741193 -0.934879 3.048439,
0.733314 -0.588661 3.151333,
1.150108 -1.153231 2.896190,
0.905019 -1.089846 2.977827,
0.686508 -0.747072 3.106652,
1.644610 -0.893926 2.706383,
1.419826 -1.088533 2.805118,
1.762151 -0.604476 2.601907,
1.757972 -0.551181 2.624678,
0.710147 -0.851332 3.079172,
0.703055 -0.671155 3.130744,
1.040818 -1.134909 2.938292,
0.826893 -1.026790 3.014602,
1.306464 -1.127556 2.851727,
1.726619 -0.732348 2.654738,
1.557685 -0.986892 2.756591,
0.768588 -0.951998 3.048439,
0.700937 -0.768463 3.106652,
0.736578 -0.607173 3.151333,
1.191739 -1.141294 2.896190,
0.942826 -1.095160 2.977827,
1.456287 -1.057939 2.805118,
1.666949 -0.848126 2.706383,
0.731791 -0.870820 3.079172,
0.712148 -0.691576 3.130744,
0.783095 -0.558756 3.168316,
0.805703 -0.551181 3.174470,
1.081438 -1.130640 2.938292,
0.860491 -1.037706 3.014602,
1.345924 -1.104775 2.851727,
1.737486 -0.681220 2.654738,
1.586720 -0.946929 2.756591,
0.797112 -0.967164 3.048439,
0.716822 -0.788796 3.106652,
0.741125 -0.625412 3.151333,
1.232436 -1.126481 2.896190,
0.980911 -1.097823 2.977827,
1.686038 -0.800878 2.706383,
1.490525 -1.024875 2.805118,
0.754741 -0.888751 3.079172,
0.722642 -0.711314 3.130744,
0.784152 -0.573868 3.168316,
0.894769 -1.046253 3.014602,
1.383698 -1.079296 2.851727,
1.121660 -1.123548 2.938292,
1.612896 -0.905037 2.756591,
1.744761 -0.629459 2.654738,
0.826623 -0.980303 3.048439,
0.734087 -0.807970 3.106652,
0.746934 -0.643290 3.151333,
1.272001 -1.108866 2.896190,
1.019089 -1.097823 2.977827,
1.701785 -0.752415 2.706383,
1.522373 -0.989504 2.805118,
0.778886 -0.905037 3.079172,
0.734488 -0.730271 3.130744,
0.786260 -0.588869 3.168316,
1.419602 -1.051244 2.851727,
1.161290 -1.113667 2.938292,
0.929560 -1.052387 3.014602,
1.748407 -0.577316 2.654738,
1.746399 -0.551181 2.662194,
1.636087 -0.861422 2.756591,
0.856980 -0.991352 3.048439,
0.753976 -0.660718 3.151333,
1.057174 -1.095160 2.977827,
0.752647 -0.825894 3.106652,
1.310240 -1.088533 2.896190,
1.714112 -0.702970 2.706383,
1.551677 -0.951998 2.805118,
0.789410 -0.603687 3.168316,
0.804109 -0.919599 3.079172,
0.747628 -0.748356 3.130744,
1.453463 -1.020756 2.851727,
1.200134 -1.101045 2.938292,
0.964694 -1.056080 3.014602,
1.656179 -0.816295 2.756591,
0.888033 -1.000256 3.048439,
0.836689 -0.562601 3.181612,
0.843979 -0.551181 3.183207,
0.882644 -0.551181 3.190024,
1.094981 -1.089846 2.977827,
0.772413 -0.842479 3.106652,
0.762216 -0.677613 3.151333,
1.346969 -1.065583 2.896190,
1.722961 -0.652787 2.706383,
1.578292 -0.912538 2.805118,
0.793585 -0.618249 3.168316,
0.830285 -0.932366 3.079172,
0.761997 -0.765480 3.130744,
1.238003 -1.085745 2.938292,
1.000000 -1.057313 3.014602,
1.485114 -0.987980 2.851727,
1.673074 -0.769876 2.756591,
0.919632 -1.006973 3.048439,
0.837883 -0.573965 3.181612,
0.793287 -0.857645 3.106652,
0.771615 -0.693892 3.151333,
1.382006 -1.040127 2.896190,
1.132325 -1.081909 2.977827,
1.602091 -0.871318 2.805118,
1.728288 -0.602108 2.706383,
1.717721 -0.551181 2.735265,
1.732971 -0.551181 2.699087,
0.857289 -0.943277 3.079172,
0.777525 -0.781561 3.130744,
0.798767 -0.632485 3.168316,
1.274713 -1.067841 2.938292,
1.035306 -1.056080 3.014602,
1.514402 -0.953076 2.851727,
1.686690 -0.722392 2.756591,
0.951622 -1.011469 3.048439,
0.815169 -0.871318 3.106652,
0.782126 -0.709476 3.151333,
0.839867 -0.585218 3.181612,
1.415183 -1.012288 2.896190,
1.169025 -1.071385 2.977827,
1.622956 -0.828539 2.805118,
0.884988 -0.952276 3.079172,
0.804928 -0.646324 3.168316,
0.794138 -0.796518 3.130744,
0.890482 -0.555006 3.191156,
0.921600 -0.551181 3.194906,
1.541184 -0.916214 2.851727,
1.310084 -1.047419 2.938292,
1.070440 -1.052387 3.014602,
1.696960 -0.674074 2.756591,
0.983848 -1.013722 3.048439,
0.793699 -0.724288 3.151333,
0.842632 -0.596306 3.181612,
1.446337 -0.982203 2.896190,
1.204900 -1.058328 2.977827,
0.837951 -0.883432 3.106652,
1.640786 -0.784408 2.805118,
0.913247 -0.959322 3.079172,
0.811753 -0.810281 3.130744,
0.812040 -0.659700 3.168316,
0.891015 -0.562636 3.191156,
1.565329 -0.877574 2.851727,
1.343945 -1.024580 2.938292,
1.105231 -1.046253 3.014602,
1.703835 -0.625157 2.756591,
1.016152 -1.013722 3.048439,
0.806277 -0.738258 3.151333,
0.846163 -0.607173 3.181612,
1.239778 -1.042799 2.977827,
0.861522 -0.893926 3.106652,
1.475316 -0.950019 2.896190,
1.655494 -0.739141 2.805118,
0.830285 -0.822781 3.130744,
0.892080 -0.570210 3.191156,
0.820068 -0.672547 3.168316,
0.941929 -0.964380 3.079172,
1.586720 -0.837343 2.851727,
1.376129 -0.999435 2.938292,
1.139509 -1.037706 3.014602,
1.707281 -0.575880 2.756591,
1.700686 -0.551181 2.770638,
1.048378 -1.011469 3.048439,
0.850443 -0.617768 3.181612,
1.273488 -1.024875 2.977827,
0.819798 -0.751315 3.151333,
0.885768 -0.902751 3.106652,
1.501980 -0.915891 2.896190,
1.667008 -0.692958 2.805118,
0.893670 -0.577692 3.191156,
0.970893 -0.967424 3.079172,
0.849645 -0.833958 3.130744,
0.828972 -0.684803 3.168316,
1.406482 -0.972105 2.938292,
1.173107 -1.026790 3.014602,
1.605252 -0.795719 2.851727,
1.080368 -1.006973 3.048439,
0.945207 -0.555013 3.196901,
0.960751 -0.551181 3.197840,
0.855453 -0.628038 3.181612,
0.910571 -0.909863 3.106652,
0.834198 -0.763398 3.151333,
1.526198 -0.879986 2.896190,
1.305865 -1.004644 2.977827,
1.675273 -0.646085 2.805118,
0.895778 -0.585045 3.191156,
1.000000 -0.968440 3.079172,
0.869736 -0.843758 3.130744,
0.838710 -0.696407 3.168316,
1.434854 -0.942725 2.938292,
1.205862 -1.013556 3.014602,
1.620836 -0.752903 2.851727,
0.945608 -0.558825 3.196901,
1.000000 -0.551181 3.198819,
1.111967 -1.000256 3.048439,
0.935809 -0.915228 3.106652,
0.849405 -0.774447 3.151333,
0.861166 -0.637934 3.181612,
1.547852 -0.842479 2.896190,
1.336751 -0.982203 2.977827,
1.680249 -0.598749 2.805118,
1.681910 -0.551181 2.805118,
1.661438 -0.551181 2.838619,
1.029107 -0.967424 3.079172,
0.890463 -0.852132 3.130744,
0.849233 -0.707305 3.168316,
0.898394 -0.592232 3.191156,
1.633395 -0.709104 2.851727,
1.461107 -0.911438 2.938292,
1.237615 -0.998069 3.014602,
1.143020 -0.991352 3.048439,
0.865346 -0.784408 3.151333,
0.867556 -0.647407 3.181612,
0.946274 -0.562601 3.196901,
1.566838 -0.803553 2.896190,
1.365998 -0.957663 2.977827,
0.961360 -0.918819 3.106652,
0.901506 -0.599220 3.191156,
0.911723 -0.859040 3.130744,
0.860491 -0.717441 3.168316,
1.058071 -0.964380 3.079172,
1.642868 -0.664536 2.851727,
1.485114 -0.878395 2.938292,
1.268209 -0.980405 3.014602,
1.173377 -0.980303 3.048439,
0.874591 -0.656412 3.181612,
0.947201 -0.566321 3.196901,
0.881943 -0.793233 3.151333,
1.393461 -0.931142 2.977827,
0.987099 -0.920619 3.106652,
1.583061 -0.763398 2.896190,
0.933413 -0.864448 3.130744,
0.872429 -0.726768 3.168316,
0.905097 -0.605974 3.191156,
1.086753 -0.959322 3.079172,
1.649209 -0.619416 2.851727,
1.506758 -0.843758 2.938292,
1.297497 -0.960650 3.014602,
1.202888 -0.967164 3.048439,
0.882237 -0.664904 3.181612,
0.948386 -0.569967 3.196901,
1.419007 -0.902770 2.977827,
1.012901 -0.920619 3.106652,
0.899116 -0.800878 3.151333,
1.596445 -0.722209 2.896190,
0.884988 -0.735239 3.168316,
0.909150 -0.612460 3.191156,
1.115012 -0.952276 3.079172,
0.955428 -0.868329 3.130744,
1.325335 -0.938901 3.014602,
1.652388 -0.573963 2.851727,
1.639321 -0.551181 2.871058,
1.525932 -0.807695 2.938292,
1.231412 -0.951998 3.048439,
0.949822 -0.573522 3.196901,
1.038640 -0.918819 3.106652,
0.916779 -0.807307 3.151333,
0.890457 -0.672841 3.181612,
1.606922 -0.680186 2.896190,
1.442512 -0.872685 2.977827,
0.898107 -0.742814 3.168316,
1.142711 -0.943277 3.079172,
0.977659 -0.870666 3.130744,
0.913646 -0.618648 3.191156,
1.351589 -0.915262 3.014602,
1.542545 -0.770383 2.938292,
1.258807 -0.934879 3.048439,
1.064191 -0.915228 3.106652,
0.934849 -0.812489 3.151333,
0.899210 -0.680186 3.181612,
0.951503 -0.576967 3.196901,
1.614442 -0.637535 2.896190,
1.463861 -0.841034 2.977827,
1.169715 -0.932366 3.079172,
1.000000 -0.871446 3.130744,
0.918562 -0.624508 3.191156,
0.911723 -0.749455 3.168316,
1.556514 -0.732003 2.938292,
1.376129 -0.889849 3.014602,
1.284942 -0.915891 3.048439,
0.953235 -0.816397 3.151333,
0.908455 -0.686903 3.181612,
0.953420 -0.580288 3.196901,
1.618969 -0.594464 2.896190,
1.615615 -0.551181 2.902354,
1.590379 -0.551181 2.932430,
1.482950 -0.807970 2.977827,
1.089429 -0.909863 3.106652,
1.022341 -0.870666 3.130744,
0.925769 -0.755129 3.168316,
0.923876 -0.630010 3.191156,
1.195891 -0.919599 3.079172,
1.567772 -0.692743 2.938292,
1.398837 -0.862787 3.014602,
1.309689 -0.895126 3.048439,
0.918145 -0.692958 3.181612,
0.971850 -0.819013 3.151333,
0.955564 -0.583466 3.196901,
1.114232 -0.902751 3.106652,
1.499687 -0.773656 2.977827,
1.044572 -0.868329 3.130744,
0.940176 -0.759811 3.168316,
0.929560 -0.635128 3.191156,
1.221114 -0.905037 3.079172,
1.576264 -0.652792 2.938292,
1.419602 -0.834207 3.014602,
1.332927 -0.872685 3.048439,
0.957924 -0.586487 3.196901,
1.513988 -0.738258 2.977827,
1.138478 -0.893926 3.106652,
0.990601 -0.820324 3.151333,
0.928234 -0.698323 3.181612,
0.935587 -0.639837 3.191156,
0.954875 -0.763476 3.168316,
1.245259 -0.888751 3.079172,
1.066587 -0.864448 3.130744,
1.438323 -0.804247 3.014602,
1.581948 -0.612346 2.938292,
1.354543 -0.848678 3.048439,
0.960489 -0.589336 3.196901,
1.162049 -0.883432 3.106652,
1.009399 -0.820324 3.151333,
0.938673 -0.702970 3.181612,
1.525786 -0.701948 2.977827,
0.941929 -0.644115 3.191156,
1.268209 -0.870820 3.079172,
1.088277 -0.859040 3.130744,
0.969794 -0.766106 3.168316,
1.584797 -0.571603 2.938292,
1.563675 -0.551181 2.961210,
1.454908 -0.773055 3.014602,
1.374432 -0.823222 3.048439,
1.184831 -0.871318 3.106652,
1.028150 -0.819013 3.151333,
0.949411 -0.706879 3.181612,
0.963247 -0.591999 3.196901,
1.535022 -0.664904 2.977827,
1.289853 -0.851332 3.079172,
1.109537 -0.852132 3.130744,
0.984860 -0.767690 3.168316,
0.948553 -0.647939 3.191156,
1.469277 -0.740781 3.014602,
1.392496 -0.796440 3.048439,
0.960395 -0.710028 3.181612,
0.966184 -0.594464 3.196901,
1.541652 -0.627305 2.977827,
1.206713 -0.857645 3.106652,
1.046765 -0.816397 3.151333,
1.130264 -0.843758 3.130744,
1.000000 -0.768218 3.168316,
0.955428 -0.651292 3.191156,
1.310084 -0.830382 3.079172,
1.481360 -0.707584 3.014602,
1.408648 -0.768463 3.048439,
1.065151 -0.812489 3.151333,
0.969286 -0.596717 3.196901,
0.971572 -0.712404 3.181612,
1.227587 -0.842479 3.106652,
1.545643 -0.589336 2.977827,
1.535569 -0.551181 2.988624,
1.150355 -0.833958 3.130744,
1.015140 -0.767690 3.168316,
0.962520 -0.654157 3.191156,
1.328805 -0.808072 3.079172,
1.491098 -0.673626 3.014602,
0.972537 -0.598749 3.196901,
1.422810 -0.739428 3.048439,
1.247353 -0.825894 3.106652,
1.083221 -0.807307 3.151333,
0.982888 -0.713994 3.181612,
0.969794 -0.656521 3.191156,
1.345924 -0.784510 3.079172,
1.169715 -0.822781 3.130744,
1.030206 -0.766106 3.168316,
1.498443 -0.639070 3.014602,
1.434911 -0.709476 3.048439,
0.975922 -0.600549 3.196901,
1.265913 -0.807970 3.106652,
1.100884 -0.800878 3.151333,
0.994287 -0.714791 3.181612,
0.977216 -0.658372 3.191156,
1.361357 -0.759811 3.079172,
1.188247 -0.810281 3.130744,
1.045125 -0.763476 3.168316,
1.503359 -0.604086 3.014602,
1.444894 -0.678752 3.048439,
1.283178 -0.788796 3.106652,
1.118057 -0.793233 3.151333,
1.005713 -0.714791 3.181612,
0.979424 -0.602108 3.196901,
1.375030 -0.734096 3.079172,
1.205862 -0.796518 3.130744,
1.059824 -0.759811 3.168316,
0.984749 -0.659700 3.191156,
1.505824 -0.568845 3.014602,
1.475437 -0.551181 3.039081,
1.506132 -0.551181 3.014602,
1.452709 -0.647407 3.048439,
1.017112 -0.713994 3.181612,
0.983027 -0.603419 3.196901,
1.299063 -0.768463 3.106652,
1.134654 -0.784408 3.151333,
1.222475 -0.781561 3.130744,
1.074231 -0.755129 3.168316,
0.992356 -0.660499 3.191156,
1.386876 -0.707489 3.079172,
1.458319 -0.615594 3.048439,
1.028428 -0.712404 3.181612,
0.986712 -0.604476 3.196901,
1.313492 -0.747072 3.106652,
1.150595 -0.774447 3.151333,
1.238003 -0.765480 3.130744,
1.000000 -0.660766 3.191156,
1.088277 -0.749455 3.168316,
1.396837 -0.680121 3.079172,
0.990462 -0.605273 3.196901,
1.461696 -0.583466 3.048439,
1.443559 -0.551181 3.061999,
1.326393 -0.724727 3.106652,
1.165802 -0.763398 3.151333,
1.039605 -0.710028 3.181612,
1.007644 -0.660499 3.191156,
1.404865 -0.652125 3.079172,
1.252372 -0.748356 3.130744,
1.101893 -0.742814 3.168316,
0.994259 -0.605807 3.196901,
1.180202 -0.751315 3.151333,
1.050589 -0.706879 3.181612,
1.337704 -0.701536 3.106652,
1.015251 -0.659700 3.191156,
1.410920 -0.623637 3.079172,
1.265512 -0.730271 3.130744,
1.115012 -0.735239 3.168316,
1.347369 -0.677613 3.106652,
1.193723 -0.738258 3.151333,
1.061327 -0.702970 3.181612,
0.998083 -0.606074 3.196901,
1.414973 -0.594797 3.079172,
1.277358 -0.711314 3.130744,
1.127571 -0.726768 3.168316,
1.022784 -0.658372 3.191156,
1.071766 -0.698323 3.181612,
1.001917 -0.606074 3.196901,
1.355343 -0.653074 3.106652,
1.206301 -0.724288 3.151333,
1.139509 -0.717441 3.168316,
1.030206 -0.656521 3.191156,
1.417005 -0.565743 3.079172,
1.410579 -0.551181 3.083300,
1.287852 -0.691576 3.130744,
1.081855 -0.692958 3.181612,
1.005741 -0.605807 3.196901,
1.361585 -0.628038 3.106652,
1.217874 -0.709476 3.151333,
1.150767 -0.707305 3.168316,
1.037480 -0.654157 3.191156,
1.296945 -0.671155 3.130744,
1.366065 -0.602628 3.106652,
1.228385 -0.693892 3.151333,
1.091545 -0.686903 3.181612,
1.009538 -0.605273 3.196901,
1.044572 -0.651292 3.191156,
1.304590 -0.650148 3.130744,
1.161290 -0.696407 3.168316,
1.013288 -0.604476 3.196901,
1.237784 -0.677613 3.151333,
1.100790 -0.680186 3.181612,
1.368762 -0.576967 3.106652,
1.341641 -0.551181 3.120842,
1.376578 -0.551181 3.102930,
1.051447 -0.647939 3.191156,
1.310752 -0.628660 3.130744,
1.171028 -0.684803 3.168316,
1.246024 -0.660718 3.151333,
1.109543 -0.672841 3.181612,
1.016973 -0.603419 3.196901,
1.315400 -0.606795 3.130744,
1.179932 -0.672547 3.168316,
1.058071 -0.644115 3.191156,
1.117763 -0.664904 3.181612,
1.020576 -0.602108 3.196901,
1.253066 -0.643290 3.151333,
1.187960 -0.659700 3.168316,
1.064413 -0.639837 3.191156,
1.318511 -0.584658 3.130744,
1.125409 -0.656412 3.181612,
1.024078 -0.600549 3.196901,
1.258875 -0.625412 3.151333,
1.320070 -0.562358 3.130744,
1.305854 -0.551181 3.136989,
1.195072 -0.646324 3.168316,
1.070440 -0.635128 3.191156,
1.263422 -0.607173 3.151333,
1.132444 -0.647407 3.181612,
1.027463 -0.598749 3.196901,
1.076124 -0.630010 3.191156,
1.201233 -0.632485 3.168316,
1.266686 -0.588661 3.151333,
1.138834 -0.637934 3.181612,
1.030714 -0.596717 3.196901,
1.081438 -0.624508 3.191156,
1.206415 -0.618249 3.168316,
1.268651 -0.569967 3.151333,
1.269307 -0.551181 3.151333,
1.232091 -0.551181 3.163837,
1.144547 -0.628038 3.181612,
1.033816 -0.594464 3.196901,
1.210590 -0.603687 3.168316,
1.086354 -0.618648 3.191156,
1.036753 -0.591999 3.196901,
1.149557 -0.617768 3.181612,
1.213740 -0.588869 3.168316,
1.090850 -0.612460 3.191156,
1.153837 -0.607173 3.181612,
1.039511 -0.589336 3.196901,
1.215848 -0.573868 3.168316,
1.094903 -0.605974 3.191156,
1.157368 -0.596306 3.181612,
1.042076 -0.586487 3.196901,
1.216905 -0.558756 3.168316,
1.194297 -0.551181 3.174470,
1.098494 -0.599220 3.191156,
1.160133 -0.585218 3.181612,
1.044436 -0.583466 3.196901,
1.101606 -0.592232 3.191156,
1.162117 -0.573965 3.181612,
1.046580 -0.580288 3.196901,
1.104222 -0.585045 3.191156,
1.048497 -0.576967 3.196901,
1.163311 -0.562601 3.181612,
1.156021 -0.551181 3.183207,
1.117356 -0.551181 3.190024,
1.106330 -0.577692 3.191156,
1.050178 -0.573522 3.196901,
1.107920 -0.570210 3.191156,
1.051614 -0.569967 3.196901,
1.108985 -0.562636 3.191156,
1.052799 -0.566321 3.196901,
1.109518 -0.555006 3.191156,
1.078400 -0.551181 3.194906,
1.053726 -0.562601 3.196901,
1.054392 -0.558825 3.196901,
1.039249 -0.551181 3.197840,
1.054793 -0.555013 3.196901 ] } coordIndex [ 0 1 2 -1,
3 2 4 -1,
3 1 0 -1,
3 0 2 -1,
5 3 4 -1,
6 5 4 -1,
7 8 1 -1,
7 9 8 -1,
10 6 4 -1,
11 1 3 -1,
11 7 1 -1,
11 3 5 -1,
12 10 4 -1,
13 5 6 -1,
13 11 5 -1,
14 15 9 -1,
16 12 4 -1,
17 6 10 -1,
17 13 6 -1,
18 7 11 -1,
18 9 7 -1,
18 15 14 -1,
18 14 9 -1,
19 16 4 -1,
20 10 12 -1,
20 17 10 -1,
21 11 13 -1,
21 18 11 -1,
22 19 4 -1,
23 12 16 -1,
23 20 12 -1,
24 21 13 -1,
24 13 17 -1,
25 22 4 -1,
26 27 15 -1,
28 23 16 -1,
28 16 19 -1,
29 17 20 -1,
29 24 17 -1,
30 25 4 -1,
31 18 21 -1,
31 15 18 -1,
31 26 15 -1,
32 28 19 -1,
32 19 22 -1,
33 29 20 -1,
33 20 23 -1,
34 30 4 -1,
35 31 21 -1,
35 21 24 -1,
36 32 22 -1,
36 22 25 -1,
37 34 4 -1,
38 39 27 -1,
38 40 39 -1,
41 33 23 -1,
41 23 28 -1,
42 35 24 -1,
42 24 29 -1,
43 25 30 -1,
43 36 25 -1,
44 37 4 -1,
45 27 26 -1,
45 38 27 -1,
45 40 38 -1,
45 26 31 -1,
46 41 28 -1,
46 28 32 -1,
47 29 33 -1,
47 42 29 -1,
48 30 34 -1,
48 43 30 -1,
49 44 4 -1,
50 45 31 -1,
50 31 35 -1,
51 46 32 -1,
51 32 36 -1,
52 47 33 -1,
52 33 41 -1,
53 34 37 -1,
53 48 34 -1,
54 35 42 -1,
54 50 35 -1,
55 49 4 -1,
56 51 36 -1,
56 36 43 -1,
57 58 40 -1,
57 40 45 -1,
59 52 41 -1,
59 41 46 -1,
60 53 37 -1,
60 37 44 -1,
61 54 42 -1,
61 42 47 -1,
62 55 4 -1,
63 43 48 -1,
63 56 43 -1,
64 57 45 -1,
64 45 50 -1,
64 58 57 -1,
65 46 51 -1,
65 59 46 -1,
66 60 44 -1,
66 44 49 -1,
67 62 4 -1,
68 61 47 -1,
68 47 52 -1,
69 48 53 -1,
69 63 48 -1,
70 50 54 -1,
70 64 50 -1,
71 51 56 -1,
71 65 51 -1,
72 66 49 -1,
72 49 55 -1,
73 74 58 -1,
75 69 53 -1,
75 53 60 -1,
76 52 59 -1,
76 68 52 -1,
77 67 4 -1,
78 70 54 -1,
78 54 61 -1,
79 71 56 -1,
79 56 63 -1,
80 72 55 -1,
80 55 62 -1,
81 58 64 -1,
81 73 58 -1,
81 74 73 -1,
82 75 60 -1,
82 60 66 -1,
83 77 4 -1,
84 76 59 -1,
84 59 65 -1,
85 61 68 -1,
85 78 61 -1,
86 79 63 -1,
86 63 69 -1,
87 62 67 -1,
87 80 62 -1,
88 64 70 -1,
88 81 64 -1,
89 84 65 -1,
89 65 71 -1,
90 82 66 -1,
90 66 72 -1,
91 83 4 -1,
92 68 76 -1,
92 85 68 -1,
93 69 75 -1,
93 86 69 -1,
94 87 67 -1,
94 67 77 -1,
95 72 80 -1,
95 90 72 -1,
96 70 78 -1,
96 88 70 -1,
97 91 4 -1,
98 71 79 -1,
98 89 71 -1,
99 74 81 -1,
99 100 74 -1,
99 101 100 -1,
102 92 76 -1,
102 76 84 -1,
103 75 82 -1,
103 93 75 -1,
104 77 83 -1,
104 94 77 -1,
105 78 85 -1,
105 96 78 -1,
106 98 79 -1,
106 79 86 -1,
107 97 4 -1,
108 95 80 -1,
108 80 87 -1,
109 99 81 -1,
109 101 99 -1,
109 81 88 -1,
110 102 84 -1,
110 84 89 -1,
111 103 82 -1,
111 82 90 -1,
112 104 83 -1,
112 83 91 -1,
113 85 92 -1,
113 105 85 -1,
114 87 94 -1,
114 108 87 -1,
115 106 86 -1,
115 86 93 -1,
116 107 4 -1,
117 109 88 -1,
117 88 96 -1,
118 110 89 -1,
118 89 98 -1,
119 90 95 -1,
119 111 90 -1,
120 91 97 -1,
120 112 91 -1,
121 122 101 -1,
123 93 103 -1,
123 115 93 -1,
124 113 92 -1,
124 92 102 -1,
125 94 104 -1,
125 114 94 -1,
126 116 4 -1,
127 96 105 -1,
127 117 96 -1,
128 119 95 -1,
128 95 108 -1,
129 98 106 -1,
129 118 98 -1,
130 120 97 -1,
130 97 107 -1,
131 101 109 -1,
131 121 101 -1,
131 122 121 -1,
132 104 112 -1,
132 125 104 -1,
133 123 103 -1,
133 103 111 -1,
134 102 110 -1,
134 124 102 -1,
135 126 4 -1,
136 105 113 -1,
136 127 105 -1,
137 129 106 -1,
137 106 115 -1,
138 128 108 -1,
138 108 114 -1,
139 130 107 -1,
139 107 116 -1,
140 131 109 -1,
140 109 117 -1,
141 110 118 -1,
141 134 110 -1,
142 133 111 -1,
142 111 119 -1,
143 132 112 -1,
143 112 120 -1,
144 135 4 -1,
145 113 124 -1,
145 136 113 -1,
146 137 115 -1,
146 115 123 -1,
147 138 114 -1,
147 114 125 -1,
148 139 116 -1,
148 116 126 -1,
149 140 117 -1,
149 117 127 -1,
150 141 118 -1,
150 118 129 -1,
151 142 119 -1,
151 119 128 -1,
152 143 120 -1,
152 120 130 -1,
153 144 4 -1,
154 155 122 -1,
154 156 155 -1,
154 122 131 -1,
157 124 134 -1,
157 145 124 -1,
158 146 123 -1,
158 123 133 -1,
159 147 125 -1,
159 125 132 -1,
160 126 135 -1,
160 148 126 -1,
161 127 136 -1,
161 149 127 -1,
162 130 139 -1,
162 152 130 -1,
163 150 129 -1,
163 129 137 -1,
164 128 138 -1,
164 151 128 -1,
165 153 4 -1,
166 131 140 -1,
166 154 131 -1,
167 157 134 -1,
167 134 141 -1,
168 158 133 -1,
168 133 142 -1,
169 132 143 -1,
169 159 132 -1,
170 135 144 -1,
170 160 135 -1,
171 136 145 -1,
171 161 136 -1,
172 138 147 -1,
172 164 138 -1,
173 137 146 -1,
173 163 137 -1,
174 165 4 -1,
175 139 148 -1,
175 162 139 -1,
176 140 149 -1,
176 166 140 -1,
177 141 150 -1,
177 167 141 -1,
178 169 143 -1,
178 143 152 -1,
179 168 142 -1,
179 142 151 -1,
180 170 144 -1,
180 144 153 -1,
181 182 156 -1,
183 145 157 -1,
183 171 145 -1,
184 173 146 -1,
184 146 158 -1,
185 175 148 -1,
185 148 160 -1,
186 172 147 -1,
186 147 159 -1,
187 174 4 -1,
188 149 161 -1,
188 176 149 -1,
189 177 150 -1,
189 150 163 -1,
190 179 151 -1,
190 151 164 -1,
191 178 152 -1,
191 152 162 -1,
192 180 153 -1,
192 153 165 -1,
193 154 166 -1,
193 181 156 -1,
193 182 181 -1,
193 156 154 -1,
194 157 167 -1,
194 183 157 -1,
195 159 169 -1,
195 186 159 -1,
196 184 158 -1,
196 158 168 -1,
197 187 4 -1,
198 160 170 -1,
198 185 160 -1,
199 161 171 -1,
199 188 161 -1,
200 189 163 -1,
200 163 173 -1,
201 162 175 -1,
201 191 162 -1,
202 164 172 -1,
202 190 164 -1,
203 165 174 -1,
203 192 165 -1,
204 166 176 -1,
204 193 166 -1,
205 167 177 -1,
205 194 167 -1,
206 168 179 -1,
206 196 168 -1,
207 195 169 -1,
207 169 178 -1,
208 170 180 -1,
208 198 170 -1,
209 197 4 -1,
210 199 171 -1,
210 171 183 -1,
211 172 186 -1,
211 202 172 -1,
212 173 184 -1,
212 200 173 -1,
213 175 185 -1,
213 201 175 -1,
214 174 187 -1,
214 203 174 -1,
215 176 188 -1,
215 204 176 -1,
216 205 177 -1,
216 177 189 -1,
217 179 190 -1,
217 206 179 -1,
218 208 180 -1,
218 180 192 -1,
219 178 191 -1,
219 207 178 -1,
220 209 4 -1,
221 222 182 -1,
221 223 222 -1,
224 210 183 -1,
224 183 194 -1,
225 184 196 -1,
225 212 184 -1,
226 211 186 -1,
226 186 195 -1,
227 213 185 -1,
227 185 198 -1,
228 214 187 -1,
228 187 197 -1,
229 215 188 -1,
229 188 199 -1,
230 216 189 -1,
230 189 200 -1,
231 217 190 -1,
231 190 202 -1,
232 191 201 -1,
232 219 191 -1,
233 220 4 -1,
234 192 203 -1,
234 218 192 -1,
235 221 182 -1,
235 182 193 -1,
235 193 204 -1,
236 194 205 -1,
236 224 194 -1,
237 196 206 -1,
237 225 196 -1,
238 198 208 -1,
238 227 198 -1,
239 195 207 -1,
239 226 195 -1,
240 228 197 -1,
240 197 209 -1,
241 199 210 -1,
241 229 199 -1,
242 202 211 -1,
242 231 202 -1,
243 230 200 -1,
243 200 212 -1,
244 203 214 -1,
244 234 203 -1,
245 232 201 -1,
245 201 213 -1,
246 233 4 -1,
247 235 204 -1,
247 204 215 -1,
248 205 216 -1,
248 236 205 -1,
249 237 206 -1,
249 206 217 -1,
250 239 207 -1,
250 207 219 -1,
251 240 209 -1,
251 209 220 -1,
252 208 218 -1,
252 238 208 -1,
253 254 223 -1,
255 210 224 -1,
255 241 210 -1,
256 243 212 -1,
256 212 225 -1,
257 211 226 -1,
257 242 211 -1,
258 245 213 -1,
258 213 227 -1,
259 246 4 -1,
260 244 214 -1,
260 214 228 -1,
261 215 229 -1,
261 247 215 -1,
262 248 216 -1,
262 216 230 -1,
263 249 217 -1,
263 217 231 -1,
264 250 219 -1,
264 219 232 -1,
265 252 218 -1,
265 218 234 -1,
266 251 220 -1,
266 220 233 -1,
267 253 223 -1,
267 254 253 -1,
267 223 221 -1,
267 221 235 -1,
268 224 236 -1,
268 255 224 -1,
269 225 237 -1,
269 256 225 -1,
270 257 226 -1,
270 226 239 -1,
271 227 238 -1,
271 258 227 -1,
272 260 228 -1,
272 228 240 -1,
273 259 4 -1,
274 261 229 -1,
274 229 241 -1,
275 262 230 -1,
275 230 243 -1,
276 231 242 -1,
276 263 231 -1,
277 264 232 -1,
277 232 245 -1,
278 265 234 -1,
278 234 244 -1,
279 266 233 -1,
279 233 246 -1,
280 235 247 -1,
280 267 235 -1,
281 236 248 -1,
281 268 236 -1,
282 237 249 -1,
282 269 237 -1,
283 239 250 -1,
283 270 239 -1,
284 238 252 -1,
284 271 238 -1,
285 273 4 -1,
286 272 240 -1,
286 240 251 -1,
287 274 241 -1,
287 241 255 -1,
288 243 256 -1,
288 275 243 -1,
289 276 242 -1,
289 242 257 -1,
290 277 245 -1,
290 245 258 -1,
291 278 244 -1,
291 244 260 -1,
292 279 246 -1,
292 246 259 -1,
293 247 261 -1,
293 280 247 -1,
294 281 248 -1,
294 248 262 -1,
295 282 249 -1,
295 249 263 -1,
296 250 264 -1,
296 283 250 -1,
297 284 252 -1,
297 252 265 -1,
298 251 266 -1,
298 286 251 -1,
299 285 4 -1,
300 301 254 -1,
302 287 255 -1,
302 255 268 -1,
303 288 256 -1,
303 256 269 -1,
304 257 270 -1,
304 289 257 -1,
305 258 271 -1,
305 290 258 -1,
306 260 272 -1,
306 291 260 -1,
307 259 273 -1,
307 292 259 -1,
308 293 261 -1,
308 261 274 -1,
309 295 263 -1,
309 263 276 -1,
310 262 275 -1,
310 294 262 -1,
311 265 278 -1,
311 297 265 -1,
312 296 264 -1,
312 264 277 -1,
313 298 266 -1,
313 266 279 -1,
314 299 4 -1,
315 267 280 -1,
315 300 254 -1,
315 254 267 -1,
316 268 281 -1,
316 302 268 -1,
317 269 282 -1,
317 303 269 -1,
318 270 283 -1,
318 304 270 -1,
319 306 272 -1,
319 272 286 -1,
320 305 271 -1,
320 271 284 -1,
321 307 273 -1,
321 273 285 -1,
322 308 274 -1,
322 274 287 -1,
323 275 288 -1,
323 310 275 -1,
324 276 289 -1,
324 309 276 -1,
325 312 277 -1,
325 277 290 -1,
326 311 278 -1,
326 278 291 -1,
327 314 4 -1,
328 313 279 -1,
328 279 292 -1,
329 280 293 -1,
329 315 280 -1,
330 316 281 -1,
330 281 294 -1,
331 317 282 -1,
331 282 295 -1,
332 319 286 -1,
332 286 298 -1,
333 318 283 -1,
333 283 296 -1,
334 320 284 -1,
334 284 297 -1,
335 321 285 -1,
335 285 299 -1,
336 337 301 -1,
336 338 337 -1,
339 322 287 -1,
339 287 302 -1,
340 323 288 -1,
340 288 303 -1,
341 324 289 -1,
341 289 304 -1,
342 325 290 -1,
342 290 305 -1,
343 292 307 -1,
343 328 292 -1,
344 326 291 -1,
344 291 306 -1,
345 327 4 -1,
346 329 293 -1,
346 293 308 -1,
347 294 310 -1,
347 330 294 -1,
348 331 295 -1,
348 295 309 -1,
349 296 312 -1,
349 333 296 -1,
350 297 311 -1,
350 334 297 -1,
351 335 299 -1,
351 299 314 -1,
352 298 313 -1,
352 332 298 -1,
353 300 315 -1,
353 336 301 -1,
353 301 300 -1,
353 338 336 -1,
354 302 316 -1,
354 339 302 -1,
355 303 317 -1,
355 340 303 -1,
356 341 304 -1,
356 304 318 -1,
357 305 320 -1,
357 342 305 -1,
358 343 307 -1,
358 307 321 -1,
359 344 306 -1,
359 306 319 -1,
360 4 361 -1,
360 345 4 -1,
362 308 322 -1,
362 346 308 -1,
363 310 323 -1,
363 347 310 -1,
364 309 324 -1,
364 348 309 -1,
365 349 312 -1,
365 312 325 -1,
366 311 326 -1,
366 350 311 -1,
367 352 313 -1,
367 313 328 -1,
368 351 314 -1,
368 314 327 -1,
369 353 315 -1,
369 315 329 -1,
370 354 316 -1,
370 316 330 -1,
371 317 331 -1,
371 355 317 -1,
372 318 333 -1,
372 356 318 -1,
373 357 320 -1,
373 320 334 -1,
374 359 319 -1,
374 319 332 -1,
375 361 376 -1,
375 360 361 -1,
375 376 360 -1,
377 358 321 -1,
377 321 335 -1,
378 362 322 -1,
378 322 339 -1,
379 363 323 -1,
379 323 340 -1,
380 364 324 -1,
380 324 341 -1,
381 365 325 -1,
381 325 342 -1,
382 326 344 -1,
382 366 326 -1,
383 328 343 -1,
383 367 328 -1,
384 327 345 -1,
384 368 327 -1,
385 369 329 -1,
385 329 346 -1,
386 330 347 -1,
386 370 330 -1,
387 371 331 -1,
387 331 348 -1,
388 333 349 -1,
388 372 333 -1,
389 373 334 -1,
389 334 350 -1,
390 374 332 -1,
390 332 352 -1,
391 335 351 -1,
391 377 335 -1,
392 338 353 -1,
392 393 338 -1,
394 339 354 -1,
394 378 339 -1,
395 379 340 -1,
395 340 355 -1,
396 380 341 -1,
396 341 356 -1,
397 344 359 -1,
397 382 344 -1,
398 343 358 -1,
398 383 343 -1,
399 381 342 -1,
399 342 357 -1,
400 384 345 -1,
400 360 376 -1,
400 345 360 -1,
401 385 346 -1,
401 346 362 -1,
402 386 347 -1,
402 347 363 -1,
403 387 348 -1,
403 348 364 -1,
404 388 349 -1,
404 349 365 -1,
405 390 352 -1,
405 352 367 -1,
406 389 350 -1,
406 350 366 -1,
407 391 351 -1,
407 351 368 -1,
408 353 369 -1,
408 392 353 -1,
408 393 392 -1,
409 394 354 -1,
409 354 370 -1,
410 395 355 -1,
410 355 371 -1,
411 396 356 -1,
411 356 372 -1,
412 359 374 -1,
412 397 359 -1,
413 357 373 -1,
413 399 357 -1,
414 398 358 -1,
414 358 377 -1,
415 376 416 -1,
415 416 417 -1,
415 400 376 -1,
418 401 362 -1,
418 362 378 -1,
419 363 379 -1,
419 402 363 -1,
420 364 380 -1,
420 403 364 -1,
421 366 382 -1,
421 406 366 -1,
422 365 381 -1,
422 404 365 -1,
423 368 384 -1,
423 407 368 -1,
424 367 383 -1,
424 405 367 -1,
425 369 385 -1,
425 408 369 -1,
426 370 386 -1,
426 409 370 -1,
427 371 387 -1,
427 410 371 -1,
428 411 372 -1,
428 372 388 -1,
429 374 390 -1,
429 412 374 -1,
430 373 389 -1,
430 413 373 -1,
431 414 377 -1,
431 377 391 -1,
432 433 393 -1,
434 378 394 -1,
434 418 378 -1,
435 379 395 -1,
435 419 379 -1,
436 420 380 -1,
436 380 396 -1,
437 422 381 -1,
437 381 399 -1,
438 421 382 -1,
438 382 397 -1,
439 424 383 -1,
439 383 398 -1,
440 423 384 -1,
440 384 400 -1,
441 385 401 -1,
441 425 385 -1,
442 426 386 -1,
442 386 402 -1,
443 427 387 -1,
443 387 403 -1,
444 430 389 -1,
444 389 406 -1,
445 428 388 -1,
445 388 404 -1,
446 391 407 -1,
446 431 391 -1,
447 429 390 -1,
447 390 405 -1,
448 432 393 -1,
448 433 432 -1,
448 393 408 -1,
449 434 394 -1,
449 394 409 -1,
450 435 395 -1,
450 395 410 -1,
451 396 411 -1,
451 436 396 -1,
452 399 413 -1,
452 437 399 -1,
453 438 397 -1,
453 397 412 -1,
454 440 400 -1,
454 415 417 -1,
454 400 415 -1,
455 398 414 -1,
455 439 398 -1,
456 441 401 -1,
456 401 418 -1,
457 402 419 -1,
457 442 402 -1,
458 403 420 -1,
458 443 403 -1,
459 404 422 -1,
459 445 404 -1,
460 444 406 -1,
460 406 421 -1,
461 405 424 -1,
461 447 405 -1,
462 446 407 -1,
462 407 423 -1,
463 408 425 -1,
463 448 408 -1,
464 449 409 -1,
464 409 426 -1,
465 410 427 -1,
465 450 410 -1,
466 451 411 -1,
466 411 428 -1,
467 413 430 -1,
467 452 413 -1,
468 417 469 -1,
468 454 417 -1,
468 469 454 -1,
470 412 429 -1,
470 453 412 -1,
471 414 431 -1,
471 455 414 -1,
472 418 434 -1,
472 456 418 -1,
473 419 435 -1,
473 457 419 -1,
474 420 436 -1,
474 458 420 -1,
475 459 422 -1,
475 422 437 -1,
476 461 424 -1,
476 424 439 -1,
477 421 438 -1,
477 460 421 -1,
478 462 423 -1,
478 423 440 -1,
479 425 441 -1,
479 463 425 -1,
480 464 426 -1,
480 426 442 -1,
481 427 443 -1,
481 465 427 -1,
482 466 428 -1,
482 428 445 -1,
483 467 430 -1,
483 430 444 -1,
484 429 447 -1,
484 470 429 -1,
485 431 446 -1,
485 471 431 -1,
486 433 448 -1,
486 487 433 -1,
486 488 487 -1,
489 434 449 -1,
489 472 434 -1,
490 435 450 -1,
490 473 435 -1,
491 436 451 -1,
491 474 436 -1,
492 437 452 -1,
492 475 437 -1,
493 477 438 -1,
493 438 453 -1,
494 439 455 -1,
494 476 439 -1,
495 440 454 -1,
495 454 469 -1,
495 478 440 -1,
496 441 456 -1,
496 479 441 -1,
497 442 457 -1,
497 480 442 -1,
498 443 458 -1,
498 481 443 -1,
499 445 459 -1,
499 482 445 -1,
500 447 461 -1,
500 484 447 -1,
501 483 444 -1,
501 444 460 -1,
502 485 446 -1,
502 446 462 -1,
503 488 486 -1,
503 448 463 -1,
503 486 448 -1,
504 449 464 -1,
504 489 449 -1,
505 450 465 -1,
505 490 450 -1,
506 451 466 -1,
506 491 451 -1,
507 492 452 -1,
507 452 467 -1,
508 453 470 -1,
508 493 453 -1,
509 494 455 -1,
509 455 471 -1,
510 469 511 -1,
510 495 469 -1,
512 496 456 -1,
512 456 472 -1,
513 497 457 -1,
513 457 473 -1,
514 498 458 -1,
514 458 474 -1,
515 499 459 -1,
515 459 475 -1,
516 501 460 -1,
516 460 477 -1,
517 500 461 -1,
517 461 476 -1,
518 502 462 -1,
518 462 478 -1,
519 463 479 -1,
519 503 463 -1,
520 504 464 -1,
520 464 480 -1,
521 505 465 -1,
521 465 481 -1,
522 466 482 -1,
522 506 466 -1,
523 507 467 -1,
523 467 483 -1,
524 470 484 -1,
524 508 470 -1,
525 471 485 -1,
525 509 471 -1,
526 527 488 -1,
528 472 489 -1,
528 512 472 -1,
529 473 490 -1,
529 513 473 -1,
530 474 491 -1,
530 514 474 -1,
531 477 493 -1,
531 516 477 -1,
532 475 492 -1,
532 515 475 -1,
533 476 494 -1,
533 517 476 -1,
534 518 478 -1,
534 478 495 -1,
535 479 496 -1,
535 519 479 -1,
536 520 480 -1,
536 480 497 -1,
537 521 481 -1,
537 481 498 -1,
538 482 499 -1,
538 522 482 -1,
539 483 501 -1,
539 523 483 -1,
540 484 500 -1,
540 524 484 -1,
541 525 485 -1,
541 485 502 -1,
542 527 526 -1,
542 488 503 -1,
542 526 488 -1,
543 529 490 -1,
543 490 505 -1,
544 528 489 -1,
544 489 504 -1,
545 530 491 -1,
545 491 506 -1,
546 492 507 -1,
546 532 492 -1,
547 531 493 -1,
547 493 508 -1,
548 533 494 -1,
548 494 509 -1,
549 534 495 -1,
549 510 511 -1,
549 495 510 -1,
550 535 496 -1,
550 496 512 -1,
551 536 497 -1,
551 497 513 -1,
552 537 498 -1,
552 498 514 -1,
553 499 515 -1,
553 538 499 -1,
554 539 501 -1,
554 501 516 -1,
555 500 517 -1,
555 540 500 -1,
556 541 502 -1,
556 502 518 -1,
557 542 503 -1,
557 503 519 -1,
558 505 521 -1,
558 543 505 -1,
559 504 520 -1,
559 544 504 -1,
560 506 522 -1,
560 545 506 -1,
561 507 523 -1,
561 546 507 -1,
562 509 525 -1,
562 548 509 -1,
563 511 564 -1,
563 564 565 -1,
563 565 549 -1,
563 549 511 -1,
566 508 524 -1,
566 547 508 -1,
567 550 512 -1,
567 512 528 -1,
568 551 513 -1,
568 513 529 -1,
569 514 530 -1,
569 552 514 -1,
570 515 532 -1,
570 553 515 -1,
571 516 531 -1,
571 554 516 -1,
572 556 518 -1,
572 518 534 -1,
573 517 533 -1,
573 555 517 -1,
574 519 535 -1,
574 557 519 -1,
575 558 521 -1,
575 521 537 -1,
576 520 536 -1,
576 559 520 -1,
577 522 538 -1,
577 560 522 -1,
578 523 539 -1,
578 561 523 -1,
579 566 524 -1,
579 524 540 -1,
580 525 541 -1,
580 562 525 -1,
581 582 527 -1,
581 583 582 -1,
581 527 542 -1,
584 567 528 -1,
584 528 544 -1,
585 568 529 -1,
585 529 543 -1,
586 569 530 -1,
586 530 545 -1,
587 570 532 -1,
587 532 546 -1,
588 533 548 -1,
588 573 533 -1,
589 571 531 -1,
589 531 547 -1,
590 572 534 -1,
590 534 549 -1,
591 574 535 -1,
591 535 550 -1,
592 576 536 -1,
592 536 551 -1,
593 575 537 -1,
593 537 552 -1,
594 577 538 -1,
594 538 553 -1,
595 578 539 -1,
595 539 554 -1,
596 540 555 -1,
596 579 540 -1,
597 541 556 -1,
597 580 541 -1,
598 581 542 -1,
598 542 557 -1,
599 544 559 -1,
599 584 544 -1,
600 543 558 -1,
600 585 543 -1,
601 545 560 -1,
601 586 545 -1,
602 546 561 -1,
602 587 546 -1,
603 547 566 -1,
603 589 547 -1,
604 548 562 -1,
604 588 548 -1,
605 565 606 -1,
605 549 565 -1,
605 606 590 -1,
605 590 549 -1,
607 550 567 -1,
607 591 550 -1,
608 593 552 -1,
608 552 569 -1,
609 551 568 -1,
609 592 551 -1,
610 594 553 -1,
610 553 570 -1,
611 596 555 -1,
611 555 573 -1,
612 595 554 -1,
612 554 571 -1,
613 556 572 -1,
613 597 556 -1,
614 557 574 -1,
614 598 557 -1,
615 559 576 -1,
615 599 559 -1,
616 600 558 -1,
616 558 575 -1,
617 601 560 -1,
617 560 577 -1,
618 561 578 -1,
618 602 561 -1,
619 566 579 -1,
619 603 566 -1,
620 604 562 -1,
620 562 580 -1,
621 622 583 -1,
623 607 567 -1,
623 567 584 -1,
624 608 569 -1,
624 569 586 -1,
625 609 568 -1,
625 568 585 -1,
626 570 587 -1,
626 610 570 -1,
627 612 571 -1,
627 571 589 -1,
628 611 573 -1,
628 573 588 -1,
629 613 572 -1,
629 572 590 -1,
630 576 592 -1,
630 615 576 -1,
631 614 574 -1,
631 574 591 -1,
632 616 575 -1,
632 575 593 -1,
633 577 594 -1,
633 617 577 -1,
634 578 595 -1,
634 618 578 -1,
635 579 596 -1,
635 619 579 -1,
636 580 597 -1,
636 620 580 -1,
637 581 598 -1,
637 583 581 -1,
637 621 583 -1,
637 622 621 -1,
638 584 599 -1,
638 623 584 -1,
639 585 600 -1,
639 625 585 -1,
640 586 601 -1,
640 624 586 -1,
641 587 602 -1,
641 626 587 -1,
642 589 603 -1,
642 627 589 -1,
643 629 590 -1,
643 590 606 -1,
644 628 588 -1,
644 588 604 -1,
645 591 607 -1,
645 631 591 -1,
646 630 592 -1,
646 592 609 -1,
647 593 608 -1,
647 632 593 -1,
648 633 594 -1,
648 594 610 -1,
649 634 595 -1,
649 595 612 -1,
650 635 596 -1,
650 596 611 -1,
651 636 597 -1,
651 597 613 -1,
652 598 614 -1,
652 637 598 -1,
653 638 599 -1,
653 599 615 -1,
654 600 616 -1,
654 639 600 -1,
655 601 617 -1,
655 640 601 -1,
656 641 602 -1,
656 602 618 -1,
657 642 603 -1,
657 603 619 -1,
658 644 604 -1,
658 604 620 -1,
659 606 660 -1,
659 643 606 -1,
659 660 643 -1,
661 607 623 -1,
661 645 607 -1,
662 646 609 -1,
662 609 625 -1,
663 647 608 -1,
663 608 624 -1,
664 648 610 -1,
664 610 626 -1,
665 612 627 -1,
665 649 612 -1,
666 613 629 -1,
666 651 613 -1,
667 650 611 -1,
667 611 628 -1,
668 652 614 -1,
668 614 631 -1,
669 615 630 -1,
669 653 615 -1,
670 616 632 -1,
670 654 616 -1,
671 617 633 -1,
671 655 617 -1,
672 618 634 -1,
672 656 618 -1,
673 619 635 -1,
673 657 619 -1,
674 620 636 -1,
674 658 620 -1,
675 676 622 -1,
675 677 676 -1,
678 661 623 -1,
678 623 638 -1,
679 662 625 -1,
679 625 639 -1,
680 663 624 -1,
680 624 640 -1,
681 664 626 -1,
681 626 641 -1,
682 665 627 -1,
682 627 642 -1,
683 667 628 -1,
683 628 644 -1,
684 629 643 -1,
684 666 629 -1,
685 630 646 -1,
685 669 630 -1,
686 631 645 -1,
686 668 631 -1,
687 632 647 -1,
687 670 632 -1,
688 633 648 -1,
688 671 633 -1,
689 634 649 -1,
689 672 634 -1,
690 673 635 -1,
690 635 650 -1,
691 674 636 -1,
691 636 651 -1,
692 637 652 -1,
692 622 637 -1,
692 675 622 -1,
693 679 639 -1,
693 639 654 -1,
694 678 638 -1,
694 638 653 -1,
695 680 640 -1,
695 640 655 -1,
696 681 641 -1,
696 641 656 -1,
697 682 642 -1,
697 642 657 -1,
698 683 644 -1,
698 644 658 -1,
699 700 684 -1,
699 660 701 -1,
699 701 700 -1,
699 643 660 -1,
699 684 643 -1,
702 686 645 -1,
702 645 661 -1,
703 685 646 -1,
703 646 662 -1,
704 648 664 -1,
704 688 648 -1,
705 647 663 -1,
705 687 647 -1,
706 649 665 -1,
706 689 649 -1,
707 650 667 -1,
707 690 650 -1,
708 651 666 -1,
708 691 651 -1,
709 692 652 -1,
709 652 668 -1,
710 653 669 -1,
710 694 653 -1,
711 654 670 -1,
711 693 654 -1,
712 655 671 -1,
712 695 655 -1,
713 656 672 -1,
713 696 656 -1,
714 657 673 -1,
714 697 657 -1,
715 658 674 -1,
715 698 658 -1,
716 717 677 -1,
718 661 678 -1,
718 702 661 -1,
719 703 662 -1,
719 662 679 -1,
720 663 680 -1,
720 705 663 -1,
721 664 681 -1,
721 704 664 -1,
722 665 682 -1,
722 706 665 -1,
723 667 683 -1,
723 707 667 -1,
724 708 666 -1,
724 666 684 -1,
725 709 668 -1,
725 668 686 -1,
726 710 669 -1,
726 669 685 -1,
727 670 687 -1,
727 711 670 -1,
728 712 671 -1,
728 671 688 -1,
729 713 672 -1,
729 672 689 -1,
730 714 673 -1,
730 673 690 -1,
731 715 674 -1,
731 674 691 -1,
732 677 675 -1,
732 716 677 -1,
732 717 716 -1,
732 675 692 -1,
733 718 678 -1,
733 678 694 -1,
734 719 679 -1,
734 679 693 -1,
735 720 680 -1,
735 680 695 -1,
736 681 696 -1,
736 721 681 -1,
737 682 697 -1,
737 722 682 -1,
738 723 683 -1,
738 683 698 -1,
739 684 700 -1,
739 724 684 -1,
740 725 686 -1,
740 686 702 -1,
741 687 705 -1,
741 727 687 -1,
742 726 685 -1,
742 685 703 -1,
743 688 704 -1,
743 728 688 -1,
744 689 706 -1,
744 729 689 -1,
745 690 707 -1,
745 730 690 -1,
746 691 708 -1,
746 731 691 -1,
747 692 709 -1,
747 732 692 -1,
748 693 711 -1,
748 734 693 -1,
749 694 710 -1,
749 733 694 -1,
750 735 695 -1,
750 695 712 -1,
751 736 696 -1,
751 696 713 -1,
752 737 697 -1,
752 697 714 -1,
753 754 739 -1,
753 700 754 -1,
753 739 700 -1,
755 738 698 -1,
755 698 715 -1,
756 702 718 -1,
756 740 702 -1,
757 742 703 -1,
757 703 719 -1,
758 705 720 -1,
758 741 705 -1,
759 704 721 -1,
759 743 704 -1,
760 744 706 -1,
760 706 722 -1,
761 745 707 -1,
761 707 723 -1,
762 708 724 -1,
762 746 708 -1,
763 747 709 -1,
763 709 725 -1,
764 711 727 -1,
764 748 711 -1,
765 749 710 -1,
765 710 726 -1,
766 713 729 -1,
766 751 713 -1,
767 750 712 -1,
767 712 728 -1,
768 752 714 -1,
768 714 730 -1,
769 755 715 -1,
769 715 731 -1,
770 771 717 -1,
772 718 733 -1,
772 756 718 -1,
773 758 720 -1,
773 720 735 -1,
774 757 719 -1,
774 719 734 -1,
775 721 736 -1,
775 759 721 -1,
776 722 737 -1,
776 760 722 -1,
777 723 738 -1,
777 761 723 -1,
778 724 739 -1,
778 762 724 -1,
779 725 740 -1,
779 763 725 -1,
780 727 741 -1,
780 764 727 -1,
781 726 742 -1,
781 765 726 -1,
782 729 744 -1,
782 766 729 -1,
783 728 743 -1,
783 767 728 -1,
784 730 745 -1,
784 768 730 -1,
785 731 746 -1,
785 769 731 -1,
786 732 747 -1,
786 717 732 -1,
786 770 717 -1,
787 772 733 -1,
787 733 749 -1,
788 735 750 -1,
788 773 735 -1,
789 774 734 -1,
789 734 748 -1,
790 736 751 -1,
790 775 736 -1,
791 776 737 -1,
791 737 752 -1,
792 738 755 -1,
792 777 738 -1,
793 739 754 -1,
793 754 794 -1,
793 794 795 -1,
793 778 739 -1,
796 779 740 -1,
796 740 756 -1,
797 780 741 -1,
797 741 758 -1,
798 781 742 -1,
798 742 757 -1,
799 743 759 -1,
799 783 743 -1,
800 782 744 -1,
800 744 760 -1,
801 784 745 -1,
801 745 761 -1,
802 785 746 -1,
802 746 762 -1,
803 786 747 -1,
803 747 763 -1,
804 749 765 -1,
804 787 749 -1,
805 748 764 -1,
805 789 748 -1,
806 750 767 -1,
806 788 750 -1,
807 790 751 -1,
807 751 766 -1,
808 752 768 -1,
808 791 752 -1,
809 792 755 -1,
809 755 769 -1,
810 811 771 -1,
810 812 811 -1,
813 756 772 -1,
813 796 756 -1,
814 758 773 -1,
814 797 758 -1,
815 757 774 -1,
815 798 757 -1,
816 759 775 -1,
816 799 759 -1,
817 800 760 -1,
817 760 776 -1,
818 761 777 -1,
818 801 761 -1,
819 762 778 -1,
819 802 762 -1,
820 763 779 -1,
820 803 763 -1,
821 804 765 -1,
821 765 781 -1,
822 764 780 -1,
822 805 764 -1,
823 806 767 -1,
823 767 783 -1,
824 807 766 -1,
824 766 782 -1,
825 808 768 -1,
825 768 784 -1,
826 809 769 -1,
826 769 785 -1,
827 771 770 -1,
827 810 771 -1,
827 812 810 -1,
827 770 786 -1,
828 772 787 -1,
828 813 772 -1,
829 815 774 -1,
829 774 789 -1,
830 773 788 -1,
830 814 773 -1,
831 775 790 -1,
831 816 775 -1,
832 817 776 -1,
832 776 791 -1,
833 777 792 -1,
833 818 777 -1,
834 819 778 -1,
834 793 795 -1,
834 778 793 -1,
835 779 796 -1,
835 820 779 -1,
836 781 798 -1,
836 821 781 -1,
837 780 797 -1,
837 822 780 -1,
838 823 783 -1,
838 783 799 -1,
839 824 782 -1,
839 782 800 -1,
840 784 801 -1,
840 825 784 -1,
841 826 785 -1,
841 785 802 -1,
842 827 786 -1,
842 786 803 -1,
843 828 787 -1,
843 787 804 -1,
844 830 788 -1,
844 788 806 -1,
845 829 789 -1,
845 789 805 -1,
846 832 791 -1,
846 791 808 -1,
847 831 790 -1,
847 790 807 -1,
848 792 809 -1,
848 833 792 -1,
849 795 850 -1,
849 834 795 -1,
849 850 834 -1,
851 796 813 -1,
851 835 796 -1,
852 836 798 -1,
852 798 815 -1,
853 837 797 -1,
853 797 814 -1,
854 799 816 -1,
854 838 799 -1,
855 800 817 -1,
855 839 800 -1,
856 801 818 -1,
856 840 801 -1,
857 802 819 -1,
857 841 802 -1,
858 803 820 -1,
858 842 803 -1,
859 843 804 -1,
859 804 821 -1,
860 844 806 -1,
860 806 823 -1,
861 845 805 -1,
861 805 822 -1,
862 847 807 -1,
862 807 824 -1,
863 846 808 -1,
863 808 825 -1,
864 848 809 -1,
864 809 826 -1,
865 866 812 -1,
865 812 827 -1,
867 813 828 -1,
867 851 813 -1,
868 815 829 -1,
868 852 815 -1,
869 853 814 -1,
869 814 830 -1,
870 816 831 -1,
870 854 816 -1,
871 855 817 -1,
871 817 832 -1,
872 818 833 -1,
872 856 818 -1,
873 857 819 -1,
873 819 834 -1,
873 834 850 -1,
874 858 820 -1,
874 820 835 -1,
875 861 822 -1,
875 822 837 -1,
876 859 821 -1,
876 821 836 -1,
877 860 823 -1,
877 823 838 -1,
878 824 839 -1,
878 862 824 -1,
879 863 825 -1,
879 825 840 -1,
880 826 841 -1,
880 864 826 -1,
881 866 865 -1,
881 865 827 -1,
881 827 842 -1,
882 867 828 -1,
882 828 843 -1,
883 829 845 -1,
883 868 829 -1,
884 830 844 -1,
884 869 830 -1,
885 870 831 -1,
885 831 847 -1,
886 871 832 -1,
886 832 846 -1,
887 833 848 -1,
887 872 833 -1,
888 850 889 -1,
888 889 890 -1,
888 873 850 -1,
891 835 851 -1,
891 874 835 -1,
892 836 852 -1,
892 876 836 -1,
893 837 853 -1,
893 875 837 -1,
894 838 854 -1,
894 877 838 -1,
895 839 855 -1,
895 878 839 -1,
896 879 840 -1,
896 840 856 -1,
897 880 841 -1,
897 841 857 -1,
898 842 858 -1,
898 881 842 -1,
899 882 843 -1,
899 843 859 -1,
900 883 845 -1,
900 845 861 -1,
901 844 860 -1,
901 884 844 -1,
902 885 847 -1,
902 847 862 -1,
903 886 846 -1,
903 846 863 -1,
904 887 848 -1,
904 848 864 -1,
905 906 866 -1,
907 891 851 -1,
907 851 867 -1,
908 852 868 -1,
908 892 852 -1,
909 893 853 -1,
909 853 869 -1,
910 854 870 -1,
910 894 854 -1,
911 896 856 -1,
911 856 872 -1,
912 895 855 -1,
912 855 871 -1,
913 897 857 -1,
913 857 873 -1,
914 898 858 -1,
914 858 874 -1,
915 899 859 -1,
915 859 876 -1,
916 900 861 -1,
916 861 875 -1,
917 901 860 -1,
917 860 877 -1,
918 862 878 -1,
918 902 862 -1,
919 863 879 -1,
919 903 863 -1,
920 864 880 -1,
920 904 864 -1,
921 866 881 -1,
921 905 866 -1,
921 906 905 -1,
922 867 882 -1,
922 907 867 -1,
923 908 868 -1,
923 868 883 -1,
924 870 885 -1,
924 910 870 -1,
925 909 869 -1,
925 869 884 -1,
926 911 872 -1,
926 872 887 -1,
927 871 886 -1,
927 912 871 -1,
928 888 890 -1,
928 873 888 -1,
928 913 873 -1,
929 874 891 -1,
929 914 874 -1,
930 876 892 -1,
930 915 876 -1,
931 916 875 -1,
931 875 893 -1,
932 878 895 -1,
932 918 878 -1,
933 917 877 -1,
933 877 894 -1,
934 879 896 -1,
934 919 879 -1,
935 920 880 -1,
935 880 897 -1,
936 881 898 -1,
936 921 881 -1,
937 882 899 -1,
937 922 882 -1,
938 923 883 -1,
938 883 900 -1,
939 885 902 -1,
939 924 885 -1,
940 925 884 -1,
940 884 901 -1,
941 886 903 -1,
941 927 886 -1,
942 926 887 -1,
942 887 904 -1,
943 944 928 -1,
943 928 890 -1,
943 890 944 -1,
945 929 891 -1,
945 891 907 -1,
946 930 892 -1,
946 892 908 -1,
947 931 893 -1,
947 893 909 -1,
948 933 894 -1,
948 894 910 -1,
949 932 895 -1,
949 895 912 -1,
950 896 911 -1,
950 934 896 -1,
951 935 897 -1,
951 897 913 -1,
952 898 914 -1,
952 936 898 -1,
953 937 899 -1,
953 899 915 -1,
954 900 916 -1,
954 938 900 -1,
955 901 917 -1,
955 940 901 -1,
956 939 902 -1,
956 902 918 -1,
957 903 919 -1,
957 941 903 -1,
958 942 904 -1,
958 904 920 -1,
959 960 906 -1,
959 961 960 -1,
959 906 921 -1,
962 945 907 -1,
962 907 922 -1,
963 908 923 -1,
963 946 908 -1,
964 909 925 -1,
964 947 909 -1,
965 910 924 -1,
965 948 910 -1,
966 912 927 -1,
966 949 912 -1,
967 911 926 -1,
967 950 911 -1,
968 928 944 -1,
968 913 928 -1,
968 951 913 -1,
969 952 914 -1,
969 914 929 -1,
970 953 915 -1,
970 915 930 -1,
971 954 916 -1,
971 916 931 -1,
972 917 933 -1,
972 955 917 -1,
973 918 932 -1,
973 956 918 -1,
974 957 919 -1,
974 919 934 -1,
975 958 920 -1,
975 920 935 -1,
976 961 959 -1,
976 959 921 -1,
976 921 936 -1,
977 962 922 -1,
977 922 937 -1,
978 963 923 -1,
978 923 938 -1,
979 925 940 -1,
979 964 925 -1,
980 924 939 -1,
980 965 924 -1,
981 966 927 -1,
981 927 941 -1,
982 967 926 -1,
982 926 942 -1,
983 944 984 -1,
983 968 944 -1,
985 969 929 -1,
985 929 945 -1,
986 970 930 -1,
986 930 946 -1,
987 971 931 -1,
987 931 947 -1,
988 972 933 -1,
988 933 948 -1,
989 932 949 -1,
989 973 932 -1,
990 935 951 -1,
990 975 935 -1,
991 934 950 -1,
991 974 934 -1,
992 977 937 -1,
992 937 953 -1,
993 936 952 -1,
993 976 936 -1,
994 938 954 -1,
994 978 938 -1,
995 940 955 -1,
995 979 940 -1,
996 981 941 -1,
996 941 957 -1,
997 980 939 -1,
997 939 956 -1,
998 942 958 -1,
998 982 942 -1,
999 986 946 -1,
999 946 963 -1,
1000 945 962 -1,
1000 985 945 -1,
1001 1002 961 -1,
1003 947 964 -1,
1003 987 947 -1,
1004 949 966 -1,
1004 989 949 -1,
1005 948 965 -1,
1005 988 948 -1,
1006 990 951 -1,
1006 951 968 -1,
1007 950 967 -1,
1007 991 950 -1,
1008 952 969 -1,
1008 993 952 -1,
1009 994 954 -1,
1009 954 971 -1,
1010 953 970 -1,
1010 992 953 -1,
1011 955 972 -1,
1011 995 955 -1,
1012 997 956 -1,
1012 956 973 -1,
1013 957 974 -1,
1013 996 957 -1,
1014 958 975 -1,
1014 998 958 -1,
1015 1000 962 -1,
1015 962 977 -1,
1016 1001 961 -1,
1016 1002 1001 -1,
1016 961 976 -1,
1017 999 963 -1,
1017 963 978 -1,
1018 964 979 -1,
1018 1003 964 -1,
1019 1004 966 -1,
1019 966 981 -1,
1020 1005 965 -1,
1020 965 980 -1,
1021 1007 967 -1,
1021 967 982 -1,
1022 1006 968 -1,
1022 983 984 -1,
1022 968 983 -1,
1023 1008 969 -1,
1023 969 985 -1,
1024 1010 970 -1,
1024 970 986 -1,
1025 971 987 -1,
1025 1009 971 -1,
1026 1011 972 -1,
1026 972 988 -1,
1027 973 989 -1,
1027 1012 973 -1,
1028 975 990 -1,
1028 1014 975 -1,
1029 1013 974 -1,
1029 974 991 -1,
1030 1015 977 -1,
1030 977 992 -1,
1031 976 993 -1,
1031 1016 976 -1,
1032 978 994 -1,
1032 1017 978 -1,
1033 980 997 -1,
1033 1020 980 -1,
1034 979 995 -1,
1034 1018 979 -1,
1035 1036 1022 -1,
1035 1022 984 -1,
1035 984 1037 -1,
1035 1037 1036 -1,
1038 982 998 -1,
1038 1021 982 -1,
1039 981 996 -1,
1039 1019 981 -1,
1040 1023 985 -1,
1040 985 1000 -1,
1041 986 999 -1,
1041 1024 986 -1,
1042 987 1003 -1,
1042 1025 987 -1,
1043 989 1004 -1,
1043 1027 989 -1,
1044 1026 988 -1,
1044 988 1005 -1,
1045 991 1007 -1,
1045 1029 991 -1,
1046 1028 990 -1,
1046 990 1006 -1,
1047 1031 993 -1,
1047 993 1008 -1,
1048 994 1009 -1,
1048 1032 994 -1,
1049 1030 992 -1,
1049 992 1010 -1,
1050 997 1012 -1,
1050 1033 997 -1,
1051 995 1011 -1,
1051 1034 995 -1,
1052 1039 996 -1,
1052 996 1013 -1,
1053 1038 998 -1,
1053 998 1014 -1,
1054 1000 1015 -1,
1054 1040 1000 -1,
1055 1056 1002 -1,
1055 1057 1056 -1,
1055 1002 1016 -1,
1058 1041 999 -1,
1058 999 1017 -1,
1059 1042 1003 -1,
1059 1003 1018 -1,
1060 1044 1005 -1,
1060 1005 1020 -1,
1061 1007 1021 -1,
1061 1045 1007 -1,
1062 1004 1019 -1,
1062 1043 1004 -1,
1063 1046 1006 -1,
1063 1006 1022 -1,
1064 1008 1023 -1,
1064 1047 1008 -1,
1065 1048 1009 -1,
1065 1009 1025 -1,
1066 1010 1024 -1,
1066 1049 1010 -1,
1067 1051 1011 -1,
1067 1011 1026 -1,
1068 1013 1029 -1,
1068 1052 1013 -1,
1069 1050 1012 -1,
1069 1012 1027 -1,
1070 1014 1028 -1,
1070 1053 1014 -1,
1071 1016 1031 -1,
1071 1055 1016 -1,
1072 1017 1032 -1,
1072 1058 1017 -1,
1073 1054 1015 -1,
1073 1015 1030 -1,
1074 1059 1018 -1,
1074 1018 1034 -1,
1075 1060 1020 -1,
1075 1020 1033 -1,
1076 1061 1021 -1,
1076 1021 1038 -1,
1077 1062 1019 -1,
1077 1019 1039 -1,
1078 1022 1036 -1,
1078 1079 1063 -1,
1078 1063 1022 -1,
1078 1036 1079 -1,
1080 1065 1025 -1,
1080 1025 1042 -1,
1081 1064 1023 -1,
1081 1023 1040 -1,
1082 1066 1024 -1,
1082 1024 1041 -1,
1083 1067 1026 -1,
1083 1026 1044 -1,
1084 1068 1029 -1,
1084 1029 1045 -1,
1085 1027 1043 -1,
1085 1069 1027 -1,
1086 1070 1028 -1,
1086 1028 1046 -1,
1087 1073 1030 -1,
1087 1030 1049 -1,
1088 1031 1047 -1,
1088 1071 1031 -1,
1089 1074 1034 -1,
1089 1034 1051 -1,
1090 1072 1032 -1,
1090 1032 1048 -1,
1091 1075 1033 -1,
1091 1033 1050 -1,
1092 1076 1038 -1,
1092 1038 1053 -1,
1093 1039 1052 -1,
1093 1077 1039 -1,
1094 1095 1057 -1,
1096 1082 1041 -1,
1096 1041 1058 -1,
1097 1040 1054 -1,
1097 1081 1040 -1,
1098 1042 1059 -1,
1098 1080 1042 -1,
1099 1084 1045 -1,
1099 1045 1061 -1,
1100 1085 1043 -1,
1100 1043 1062 -1,
1101 1083 1044 -1,
1101 1044 1060 -1,
1102 1046 1063 -1,
1102 1086 1046 -1,
1103 1049 1066 -1,
1103 1087 1049 -1,
1104 1047 1064 -1,
1104 1088 1047 -1,
1105 1090 1048 -1,
1105 1048 1065 -1,
1106 1089 1051 -1,
1106 1051 1067 -1,
1107 1050 1069 -1,
1107 1091 1050 -1,
1108 1052 1068 -1,
1108 1093 1052 -1,
1109 1053 1070 -1,
1109 1092 1053 -1,
1110 1094 1057 -1,
1110 1055 1071 -1,
1110 1095 1094 -1,
1110 1057 1055 -1,
1111 1058 1072 -1,
1111 1096 1058 -1,
1112 1097 1054 -1,
1112 1054 1073 -1,
1113 1059 1074 -1,
1113 1098 1059 -1,
1114 1060 1075 -1,
1114 1101 1060 -1,
1115 1102 1063 -1,
1115 1063 1079 -1,
1116 1062 1077 -1,
1116 1100 1062 -1,
1117 1061 1076 -1,
1117 1099 1061 -1,
1118 1103 1066 -1,
1118 1066 1082 -1,
1119 1104 1064 -1,
1119 1064 1081 -1,
1120 1065 1080 -1,
1120 1105 1065 -1,
1121 1106 1067 -1,
1121 1067 1083 -1,
1122 1108 1068 -1,
1122 1068 1084 -1,
1123 1069 1085 -1,
1123 1107 1069 -1,
1124 1109 1070 -1,
1124 1070 1086 -1,
1125 1110 1071 -1,
1125 1071 1088 -1,
1126 1112 1073 -1,
1126 1073 1087 -1,
1127 1111 1072 -1,
1127 1072 1090 -1,
1128 1113 1074 -1,
1128 1074 1089 -1,
1129 1075 1091 -1,
1129 1114 1075 -1,
1130 1117 1076 -1,
1130 1076 1092 -1,
1131 1116 1077 -1,
1131 1077 1093 -1,
1132 1079 1133 -1,
1132 1115 1079 -1,
1132 1133 1115 -1,
1134 1081 1097 -1,
1134 1119 1081 -1,
1135 1080 1098 -1,
1135 1120 1080 -1,
1136 1118 1082 -1,
1136 1082 1096 -1,
1137 1083 1101 -1,
1137 1121 1083 -1,
1138 1085 1100 -1,
1138 1123 1085 -1,
1139 1086 1102 -1,
1139 1124 1086 -1,
1140 1122 1084 -1,
1140 1084 1099 -1,
1141 1125 1088 -1,
1141 1088 1104 -1,
1142 1128 1089 -1,
1142 1089 1106 -1,
1143 1087 1103 -1,
1143 1126 1087 -1,
1144 1090 1105 -1,
1144 1127 1090 -1,
1145 1129 1091 -1,
1145 1091 1107 -1,
1146 1092 1109 -1,
1146 1130 1092 -1,
1147 1131 1093 -1,
1147 1093 1108 -1,
1148 1149 1095 -1,
1148 1150 1149 -1,
1151 1136 1096 -1,
1151 1096 1111 -1,
1152 1097 1112 -1,
1152 1134 1097 -1,
1153 1135 1098 -1,
1153 1098 1113 -1,
1154 1101 1114 -1,
1154 1137 1101 -1,
1155 1138 1100 -1,
1155 1100 1116 -1,
1156 1139 1102 -1,
1156 1102 1115 -1,
1157 1140 1099 -1,
1157 1099 1117 -1,
1158 1104 1119 -1,
1158 1141 1104 -1,
1159 1144 1105 -1,
1159 1105 1120 -1,
1160 1143 1103 -1,
1160 1103 1118 -1,
1161 1142 1106 -1,
1161 1106 1121 -1,
1162 1107 1123 -1,
1162 1145 1107 -1,
1163 1146 1109 -1,
1163 1109 1124 -1,
1164 1108 1122 -1,
1164 1147 1108 -1,
1165 1095 1110 -1,
1165 1148 1095 -1,
1165 1110 1125 -1,
1166 1112 1126 -1,
1166 1152 1112 -1,
1167 1151 1111 -1,
1167 1111 1127 -1,
1168 1114 1129 -1,
1168 1154 1114 -1,
1169 1113 1128 -1,
1169 1153 1113 -1,
1170 1133 1171 -1,
1170 1171 1172 -1,
1170 1172 1156 -1,
1170 1115 1133 -1,
1170 1156 1115 -1,
1173 1157 1117 -1,
1173 1117 1130 -1,
1174 1116 1131 -1,
1174 1155 1116 -1,
1175 1119 1134 -1,
1175 1158 1119 -1,
1176 1120 1135 -1,
1176 1159 1120 -1,
1177 1160 1118 -1,
1177 1118 1136 -1,
1178 1121 1137 -1,
1178 1161 1121 -1,
1179 1124 1139 -1,
1179 1163 1124 -1,
1180 1122 1140 -1,
1180 1164 1122 -1,
1181 1162 1123 -1,
1181 1123 1138 -1,
1182 1165 1125 -1,
1182 1125 1141 -1,
1183 1127 1144 -1,
1183 1167 1127 -1,
1184 1166 1126 -1,
1184 1126 1143 -1,
1185 1128 1142 -1,
1185 1169 1128 -1,
1186 1168 1129 -1,
1186 1129 1145 -1,
1187 1174 1131 -1,
1187 1131 1147 -1,
1188 1130 1146 -1,
1188 1173 1130 -1,
1189 1175 1134 -1,
1189 1134 1152 -1,
1190 1191 1150 -1,
1192 1135 1153 -1,
1192 1176 1135 -1,
1193 1136 1151 -1,
1193 1177 1136 -1,
1194 1137 1154 -1,
1194 1178 1137 -1,
1195 1181 1138 -1,
1195 1138 1155 -1,
1196 1179 1139 -1,
1196 1139 1156 -1,
1197 1180 1140 -1,
1197 1140 1157 -1,
1198 1141 1158 -1,
1198 1182 1141 -1,
1199 1184 1143 -1,
1199 1143 1160 -1,
1200 1185 1142 -1,
1200 1142 1161 -1,
1201 1183 1144 -1,
1201 1144 1159 -1,
1202 1145 1162 -1,
1202 1186 1145 -1,
1203 1188 1146 -1,
1203 1146 1163 -1,
1204 1187 1147 -1,
1204 1147 1164 -1,
1205 1152 1166 -1,
1205 1189 1152 -1,
1206 1190 1150 -1,
1206 1150 1148 -1,
1206 1191 1190 -1,
1206 1148 1165 -1,
1207 1153 1169 -1,
1207 1192 1153 -1,
1208 1193 1151 -1,
1208 1151 1167 -1,
1209 1154 1168 -1,
1209 1194 1154 -1,
1210 1155 1174 -1,
1210 1195 1155 -1,
1211 1156 1172 -1,
1211 1196 1156 -1,
1212 1157 1173 -1,
1212 1197 1157 -1,
1213 1158 1175 -1,
1213 1198 1158 -1,
1214 1199 1160 -1,
1214 1160 1177 -1,
1215 1201 1159 -1,
1215 1159 1176 -1,
1216 1162 1181 -1,
1216 1202 1162 -1,
1217 1161 1178 -1,
1217 1200 1161 -1,
1218 1204 1164 -1,
1218 1164 1180 -1,
1219 1203 1163 -1,
1219 1163 1179 -1,
1220 1205 1166 -1,
1220 1166 1184 -1,
1221 1165 1182 -1,
1221 1206 1165 -1,
1222 1208 1167 -1,
1222 1167 1183 -1,
1223 1168 1186 -1,
1223 1209 1168 -1,
1224 1169 1185 -1,
1224 1207 1169 -1,
1225 1210 1174 -1,
1225 1174 1187 -1,
1226 1172 1227 -1,
1226 1211 1172 -1,
1226 1227 1211 -1,
1228 1212 1173 -1,
1228 1173 1188 -1,
1229 1213 1175 -1,
1229 1175 1189 -1,
1230 1176 1192 -1,
1230 1215 1176 -1,
1231 1177 1193 -1,
1231 1214 1177 -1,
1232 1178 1194 -1,
1232 1217 1178 -1,
1233 1216 1181 -1,
1233 1181 1195 -1,
1234 1180 1197 -1,
1234 1218 1180 -1,
1235 1219 1179 -1,
1235 1179 1196 -1,
1236 1221 1182 -1,
1236 1182 1198 -1,
1237 1222 1183 -1,
1237 1183 1201 -1,
1238 1220 1184 -1,
1238 1184 1199 -1,
1239 1224 1185 -1,
1239 1185 1200 -1,
1240 1186 1202 -1,
1240 1223 1186 -1,
1241 1187 1204 -1,
1241 1225 1187 -1,
1242 1228 1188 -1,
1242 1188 1203 -1,
1243 1244 1191 -1,
1245 1189 1205 -1,
1245 1229 1189 -1,
1246 1192 1207 -1,
1246 1230 1192 -1,
1247 1193 1208 -1,
1247 1231 1193 -1,
1248 1232 1194 -1,
1248 1194 1209 -1,
1249 1195 1210 -1,
1249 1233 1195 -1,
1250 1196 1211 -1,
1250 1235 1196 -1,
1251 1234 1197 -1,
1251 1197 1212 -1,
1252 1236 1198 -1,
1252 1198 1213 -1,
1253 1238 1199 -1,
1253 1199 1214 -1,
1254 1200 1217 -1,
1254 1239 1200 -1,
1255 1201 1215 -1,
1255 1237 1201 -1,
1256 1202 1216 -1,
1256 1240 1202 -1,
1257 1203 1219 -1,
1257 1242 1203 -1,
1258 1204 1218 -1,
1258 1241 1204 -1,
1259 1243 1191 -1,
1259 1206 1221 -1,
1259 1191 1206 -1,
1260 1245 1205 -1,
1260 1205 1220 -1,
1261 1246 1207 -1,
1261 1207 1224 -1,
1262 1247 1208 -1,
1262 1208 1222 -1,
1263 1209 1223 -1,
1263 1248 1209 -1,
1264 1249 1210 -1,
1264 1210 1225 -1,
1265 1251 1212 -1,
1265 1212 1228 -1,
1266 1227 1267 -1,
1266 1267 1268 -1,
1266 1211 1227 -1,
1266 1250 1211 -1,
1269 1253 1214 -1,
1269 1214 1231 -1,
1270 1213 1229 -1,
1270 1252 1213 -1,
1271 1254 1217 -1,
1271 1217 1232 -1,
1272 1255 1215 -1,
1272 1215 1230 -1,
1273 1256 1216 -1,
1273 1216 1233 -1,
1274 1258 1218 -1,
1274 1218 1234 -1,
1275 1219 1235 -1,
1275 1257 1219 -1,
1276 1221 1236 -1,
1276 1259 1221 -1,
1277 1220 1238 -1,
1277 1260 1220 -1,
1278 1222 1237 -1,
1278 1262 1222 -1,
1279 1223 1240 -1,
1279 1263 1223 -1,
1280 1261 1224 -1,
1280 1224 1239 -1,
1281 1225 1241 -1,
1281 1264 1225 -1,
1282 1228 1242 -1,
1282 1265 1228 -1,
1283 1229 1245 -1,
1283 1270 1229 -1,
1284 1285 1244 -1,
1284 1286 1285 -1,
1287 1269 1231 -1,
1287 1231 1247 -1,
1288 1232 1248 -1,
1288 1271 1232 -1,
1289 1272 1230 -1,
1289 1230 1246 -1,
1290 1233 1249 -1,
1290 1273 1233 -1,
1291 1234 1251 -1,
1291 1274 1234 -1,
1292 1235 1250 -1,
1292 1275 1235 -1,
1293 1238 1253 -1,
1293 1277 1238 -1,
1294 1276 1236 -1,
1294 1236 1252 -1,
1295 1237 1255 -1,
1295 1278 1237 -1,
1296 1280 1239 -1,
1296 1239 1254 -1,
1297 1281 1241 -1,
1297 1241 1258 -1,
1298 1240 1256 -1,
1298 1279 1240 -1,
1299 1282 1242 -1,
1299 1242 1257 -1,
1300 1287 1247 -1,
1300 1247 1262 -1,
1301 1244 1243 -1,
1301 1243 1259 -1,
1301 1286 1284 -1,
1301 1284 1244 -1,
1302 1245 1260 -1,
1302 1283 1245 -1,
1303 1246 1261 -1,
1303 1289 1246 -1,
1304 1290 1249 -1,
1304 1249 1264 -1,
1305 1288 1248 -1,
1305 1248 1263 -1,
1306 1251 1265 -1,
1306 1291 1251 -1,
1307 1292 1250 -1,
1307 1266 1268 -1,
1307 1250 1266 -1,
1308 1293 1253 -1,
1308 1253 1269 -1,
1309 1294 1252 -1,
1309 1252 1270 -1,
1310 1296 1254 -1,
1310 1254 1271 -1,
1311 1295 1255 -1,
1311 1255 1272 -1,
1312 1256 1273 -1,
1312 1298 1256 -1,
1313 1258 1274 -1,
1313 1297 1258 -1,
1314 1257 1275 -1,
1314 1299 1257 -1,
1315 1262 1278 -1,
1315 1300 1262 -1,
1316 1302 1260 -1,
1316 1260 1277 -1,
1317 1259 1276 -1,
1317 1301 1259 -1,
1318 1305 1263 -1,
1318 1263 1279 -1,
1319 1261 1280 -1,
1319 1303 1261 -1,
1320 1264 1281 -1,
1320 1304 1264 -1,
1321 1306 1265 -1,
1321 1265 1282 -1,
1322 1268 1323 -1,
1322 1307 1268 -1,
1322 1323 1307 -1,
1324 1270 1283 -1,
1324 1309 1270 -1,
1325 1308 1269 -1,
1325 1269 1287 -1,
1326 1310 1271 -1,
1326 1271 1288 -1,
1327 1272 1289 -1,
1327 1311 1272 -1,
1328 1273 1290 -1,
1328 1312 1273 -1,
1329 1313 1274 -1,
1329 1274 1291 -1,
1330 1275 1292 -1,
1330 1314 1275 -1,
1331 1315 1278 -1,
1331 1278 1295 -1,
1332 1317 1276 -1,
1332 1276 1294 -1,
1333 1277 1293 -1,
1333 1316 1277 -1,
1334 1279 1298 -1,
1334 1318 1279 -1,
1335 1319 1280 -1,
1335 1280 1296 -1,
1336 1320 1281 -1,
1336 1281 1297 -1,
1337 1321 1282 -1,
1337 1282 1299 -1,
1338 1339 1286 -1,
1338 1286 1301 -1,
1340 1283 1302 -1,
1340 1324 1283 -1,
1341 1325 1287 -1,
1341 1287 1300 -1,
1342 1288 1305 -1,
1342 1326 1288 -1,
1343 1289 1303 -1,
1343 1327 1289 -1,
1344 1290 1304 -1,
1344 1328 1290 -1,
1345 1329 1291 -1,
1345 1291 1306 -1,
1346 1292 1307 -1,
1346 1330 1292 -1,
1346 1307 1323 -1,
1347 1294 1309 -1,
1347 1332 1294 -1,
1348 1295 1311 -1,
1348 1331 1295 -1,
1349 1333 1293 -1,
1349 1293 1308 -1,
1350 1298 1312 -1,
1350 1334 1298 -1,
1351 1335 1296 -1,
1351 1296 1310 -1,
1352 1297 1313 -1,
1352 1336 1297 -1,
1353 1299 1314 -1,
1353 1337 1299 -1,
1354 1339 1338 -1,
1354 1301 1317 -1,
1354 1338 1301 -1,
1355 1300 1315 -1,
1355 1341 1300 -1,
1356 1302 1316 -1,
1356 1340 1302 -1,
1357 1343 1303 -1,
1357 1303 1319 -1,
1358 1304 1320 -1,
1358 1344 1304 -1,
1359 1342 1305 -1,
1359 1305 1318 -1,
1360 1345 1306 -1,
1360 1306 1321 -1,
1361 1346 1323 -1,
1361 1323 1362 -1,
1361 1362 1363 -1,
1364 1311 1327 -1,
1364 1348 1311 -1,
1365 1349 1308 -1,
1365 1308 1325 -1,
1366 1347 1309 -1,
1366 1309 1324 -1,
1367 1312 1328 -1,
1367 1350 1312 -1,
1368 1351 1310 -1,
1368 1310 1326 -1,
1369 1352 1313 -1,
1369 1313 1329 -1,
1370 1353 1314 -1,
1370 1314 1330 -1,
1371 1354 1317 -1,
1371 1317 1332 -1,
1372 1315 1331 -1,
1372 1355 1315 -1,
1373 1356 1316 -1,
1373 1316 1333 -1,
1374 1319 1335 -1,
1374 1357 1319 -1,
1375 1359 1318 -1,
1375 1318 1334 -1,
1376 1360 1321 -1,
1376 1321 1337 -1,
1377 1358 1320 -1,
1377 1320 1336 -1,
1378 1379 1339 -1,
1380 1364 1327 -1,
1380 1327 1343 -1,
1381 1365 1325 -1,
1381 1325 1341 -1,
1382 1366 1324 -1,
1382 1324 1340 -1,
1383 1329 1345 -1,
1383 1369 1329 -1,
1384 1328 1344 -1,
1384 1367 1328 -1,
1385 1326 1342 -1,
1385 1368 1326 -1,
1386 1330 1346 -1,
1386 1370 1330 -1,
1387 1332 1347 -1,
1387 1371 1332 -1,
1388 1331 1348 -1,
1388 1372 1331 -1,
1389 1333 1349 -1,
1389 1373 1333 -1,
1390 1334 1350 -1,
1390 1375 1334 -1,
1391 1335 1351 -1,
1391 1374 1335 -1,
1392 1336 1352 -1,
1392 1377 1336 -1,
1393 1337 1353 -1,
1393 1376 1337 -1,
1394 1378 1339 -1,
1394 1379 1378 -1,
1394 1339 1354 -1,
1395 1343 1357 -1,
1395 1380 1343 -1,
1396 1381 1341 -1,
1396 1341 1355 -1,
1397 1382 1340 -1,
1397 1340 1356 -1,
1398 1344 1358 -1,
1398 1384 1344 -1,
1399 1385 1342 -1,
1399 1342 1359 -1,
1400 1383 1345 -1,
1400 1345 1360 -1,
1401 1361 1363 -1,
1401 1386 1346 -1,
1401 1346 1361 -1,
1402 1347 1366 -1,
1402 1387 1347 -1,
1403 1389 1349 -1,
1403 1349 1365 -1,
1404 1388 1348 -1,
1404 1348 1364 -1,
1405 1390 1350 -1,
1405 1350 1367 -1,
1406 1391 1351 -1,
1406 1351 1368 -1,
1407 1352 1369 -1,
1407 1392 1352 -1,
1408 1393 1353 -1,
1408 1353 1370 -1,
1409 1394 1354 -1,
1409 1354 1371 -1,
1410 1396 1355 -1,
1410 1355 1372 -1,
1411 1356 1373 -1,
1411 1397 1356 -1,
1412 1395 1357 -1,
1412 1357 1374 -1,
1413 1398 1358 -1,
1413 1358 1377 -1,
1414 1399 1359 -1,
1414 1359 1375 -1,
1415 1400 1360 -1,
1415 1360 1376 -1,
1416 1363 1417 -1,
1416 1417 1401 -1,
1416 1401 1363 -1,
1418 1366 1382 -1,
1418 1402 1366 -1,
1419 1404 1364 -1,
1419 1364 1380 -1,
1420 1365 1381 -1,
1420 1403 1365 -1,
1421 1367 1384 -1,
1421 1405 1367 -1,
1422 1368 1385 -1,
1422 1406 1368 -1,
1423 1407 1369 -1,
1423 1369 1383 -1,
1424 1408 1370 -1,
1424 1370 1386 -1,
1425 1371 1387 -1,
1425 1409 1371 -1,
1426 1374 1391 -1,
1426 1412 1374 -1,
1427 1372 1388 -1,
1427 1410 1372 -1,
1428 1373 1389 -1,
1428 1411 1373 -1,
1429 1377 1392 -1,
1429 1413 1377 -1,
1430 1375 1390 -1,
1430 1414 1375 -1,
1431 1376 1393 -1,
1431 1415 1376 -1,
1432 1382 1397 -1,
1432 1418 1382 -1,
1433 1434 1379 -1,
1433 1435 1434 -1,
1433 1379 1394 -1,
1436 1419 1380 -1,
1436 1380 1395 -1,
1437 1420 1381 -1,
1437 1381 1396 -1,
1438 1423 1383 -1,
1438 1383 1400 -1,
1439 1384 1398 -1,
1439 1421 1384 -1,
1440 1422 1385 -1,
1440 1385 1399 -1,
1441 1424 1386 -1,
1441 1401 1417 -1,
1441 1386 1401 -1,
1442 1425 1387 -1,
1442 1387 1402 -1,
1443 1389 1403 -1,
1443 1428 1389 -1,
1444 1391 1406 -1,
1444 1426 1391 -1,
1445 1427 1388 -1,
1445 1388 1404 -1,
1446 1392 1407 -1,
1446 1429 1392 -1,
1447 1430 1390 -1,
1447 1390 1405 -1,
1448 1393 1408 -1,
1448 1431 1393 -1,
1449 1432 1397 -1,
1449 1397 1411 -1,
1450 1433 1394 -1,
1450 1435 1433 -1,
1450 1394 1409 -1,
1451 1436 1395 -1,
1451 1395 1412 -1,
1452 1437 1396 -1,
1452 1396 1410 -1,
1453 1440 1399 -1,
1453 1399 1414 -1,
1454 1439 1398 -1,
1454 1398 1413 -1,
1455 1417 1456 -1,
1455 1441 1417 -1,
1457 1400 1415 -1,
1457 1438 1400 -1,
1458 1402 1418 -1,
1458 1442 1402 -1,
1459 1444 1406 -1,
1459 1406 1422 -1,
1460 1445 1404 -1,
1460 1404 1419 -1,
1461 1443 1403 -1,
1461 1403 1420 -1,
1462 1408 1424 -1,
1462 1448 1408 -1,
1463 1407 1423 -1,
1463 1446 1407 -1,
1464 1447 1405 -1,
1464 1405 1421 -1,
1465 1449 1411 -1,
1465 1411 1428 -1,
1466 1451 1412 -1,
1466 1412 1426 -1,
1467 1410 1427 -1,
1467 1452 1410 -1,
1468 1409 1425 -1,
1468 1450 1409 -1,
1469 1454 1413 -1,
1469 1413 1429 -1,
1470 1453 1414 -1,
1470 1414 1430 -1,
1471 1415 1431 -1,
1471 1457 1415 -1,
1472 1458 1418 -1,
1472 1418 1432 -1,
1473 1474 1435 -1,
1475 1419 1436 -1,
1475 1460 1419 -1,
1476 1461 1420 -1,
1476 1420 1437 -1,
1477 1459 1422 -1,
1477 1422 1440 -1,
1478 1423 1438 -1,
1478 1463 1423 -1,
1479 1464 1421 -1,
1479 1421 1439 -1,
1480 1424 1441 -1,
1480 1462 1424 -1,
1481 1428 1443 -1,
1481 1465 1428 -1,
1482 1425 1442 -1,
1482 1468 1425 -1,
1483 1426 1444 -1,
1483 1466 1426 -1,
1484 1427 1445 -1,
1484 1467 1427 -1,
1485 1469 1429 -1,
1485 1429 1446 -1,
1486 1470 1430 -1,
1486 1430 1447 -1,
1487 1431 1448 -1,
1487 1471 1431 -1,
1488 1472 1432 -1,
1488 1432 1449 -1,
1489 1435 1450 -1,
1489 1473 1435 -1,
1489 1474 1473 -1,
1490 1475 1436 -1,
1490 1436 1451 -1,
1491 1476 1437 -1,
1491 1437 1452 -1,
1492 1440 1453 -1,
1492 1477 1440 -1,
1493 1438 1457 -1,
1493 1478 1438 -1,
1494 1439 1454 -1,
1494 1479 1439 -1,
1495 1455 1456 -1,
1495 1441 1455 -1,
1495 1480 1441 -1,
1496 1443 1461 -1,
1496 1481 1443 -1,
1497 1482 1442 -1,
1497 1442 1458 -1,
1498 1483 1444 -1,
1498 1444 1459 -1,
1499 1445 1460 -1,
1499 1484 1445 -1,
1500 1446 1463 -1,
1500 1485 1446 -1,
1501 1486 1447 -1,
1501 1447 1464 -1,
1502 1448 1462 -1,
1502 1487 1448 -1,
1503 1488 1449 -1,
1503 1449 1465 -1,
1504 1450 1468 -1,
1504 1489 1450 -1,
1505 1452 1467 -1,
1505 1491 1452 -1,
1506 1453 1470 -1,
1506 1492 1453 -1,
1507 1490 1451 -1,
1507 1451 1466 -1,
1508 1494 1454 -1,
1508 1454 1469 -1,
1509 1510 1495 -1,
1509 1456 1511 -1,
1509 1511 1510 -1,
1509 1495 1456 -1,
1512 1493 1457 -1,
1512 1457 1471 -1,
1513 1496 1461 -1,
1513 1461 1476 -1,
1514 1497 1458 -1,
1514 1458 1472 -1,
1515 1498 1459 -1,
1515 1459 1477 -1,
1516 1460 1475 -1,
1516 1499 1460 -1,
1517 1502 1462 -1,
1517 1462 1480 -1,
1518 1500 1463 -1,
1518 1463 1478 -1,
1519 1501 1464 -1,
1519 1464 1479 -1,
1520 1504 1468 -1,
1520 1468 1482 -1,
1521 1505 1467 -1,
1521 1467 1484 -1,
1522 1465 1481 -1,
1522 1503 1465 -1,
1523 1506 1470 -1,
1523 1470 1486 -1,
1524 1507 1466 -1,
1524 1466 1483 -1,
1525 1469 1485 -1,
1525 1508 1469 -1,
1526 1471 1487 -1,
1526 1512 1471 -1,
1527 1476 1491 -1,
1527 1513 1476 -1,
1528 1472 1488 -1,
1528 1514 1472 -1,
1529 1530 1474 -1,
1529 1531 1530 -1,
1529 1474 1489 -1,
1532 1516 1475 -1,
1532 1475 1490 -1,
1533 1515 1477 -1,
1533 1477 1492 -1,
1534 1478 1493 -1,
1534 1518 1478 -1,
1535 1479 1494 -1,
1535 1519 1479 -1,
1536 1480 1495 -1,
1536 1517 1480 -1,
1537 1482 1497 -1,
1537 1520 1482 -1,
1538 1522 1481 -1,
1538 1481 1496 -1,
1539 1486 1501 -1,
1539 1523 1486 -1,
1540 1524 1483 -1,
1540 1483 1498 -1,
1541 1484 1499 -1,
1541 1521 1484 -1,
1542 1487 1502 -1,
1542 1526 1487 -1,
1543 1525 1485 -1,
1543 1485 1500 -1,
1544 1491 1505 -1,
1544 1527 1491 -1,
1545 1529 1489 -1,
1545 1489 1504 -1,
1546 1533 1492 -1,
1546 1492 1506 -1,
1547 1532 1490 -1,
1547 1490 1507 -1,
1548 1528 1488 -1,
1548 1488 1503 -1,
1549 1534 1493 -1,
1549 1493 1512 -1,
1550 1494 1508 -1,
1550 1535 1494 -1,
1551 1495 1510 -1,
1551 1552 1536 -1,
1551 1510 1552 -1,
1551 1536 1495 -1,
1553 1496 1513 -1,
1553 1538 1496 -1,
1554 1537 1497 -1,
1554 1497 1514 -1,
1555 1540 1498 -1,
1555 1498 1515 -1,
1556 1499 1516 -1,
1556 1541 1499 -1,
1557 1539 1501 -1,
1557 1501 1519 -1,
1558 1542 1502 -1,
1558 1502 1517 -1,
1559 1500 1518 -1,
1559 1543 1500 -1,
1560 1544 1505 -1,
1560 1505 1521 -1,
1561 1548 1503 -1,
1561 1503 1522 -1,
1562 1545 1504 -1,
1562 1504 1520 -1,
1563 1546 1506 -1,
1563 1506 1523 -1,
1564 1547 1507 -1,
1564 1507 1524 -1,
1565 1508 1525 -1,
1565 1550 1508 -1,
1566 1549 1512 -1,
1566 1512 1526 -1,
1567 1513 1527 -1,
1567 1553 1513 -1,
1568 1514 1528 -1,
1568 1554 1514 -1,
1569 1570 1531 -1,
1571 1515 1533 -1,
1571 1555 1515 -1,
1572 1516 1532 -1,
1572 1556 1516 -1,
1573 1519 1535 -1,
1573 1557 1519 -1,
1574 1517 1536 -1,
1574 1558 1517 -1,
1575 1559 1518 -1,
1575 1518 1534 -1,
1576 1521 1541 -1,
1576 1560 1521 -1,
1577 1522 1538 -1,
1577 1561 1522 -1,
1578 1520 1537 -1,
1578 1562 1520 -1,
1579 1563 1523 -1,
1579 1523 1539 -1,
1580 1524 1540 -1,
1580 1564 1524 -1,
1581 1526 1542 -1,
1581 1566 1526 -1,
1582 1565 1525 -1,
1582 1525 1543 -1,
1583 1527 1544 -1,
1583 1567 1527 -1,
1584 1568 1528 -1,
1584 1528 1548 -1,
1585 1529 1545 -1,
1585 1570 1569 -1,
1585 1569 1531 -1,
1585 1531 1529 -1,
1586 1532 1547 -1,
1586 1572 1532 -1,
1587 1535 1550 -1,
1587 1573 1535 -1,
1588 1533 1546 -1,
1588 1571 1533 -1,
1589 1534 1549 -1,
1589 1575 1534 -1,
1590 1536 1552 -1,
1590 1574 1536 -1,
1591 1576 1541 -1,
1591 1541 1556 -1,
1592 1577 1538 -1,
1592 1538 1553 -1,
1593 1537 1554 -1,
1593 1578 1537 -1,
1594 1579 1539 -1,
1594 1539 1557 -1,
1595 1580 1540 -1,
1595 1540 1555 -1,
1596 1581 1542 -1,
1596 1542 1558 -1,
1597 1543 1559 -1,
1597 1582 1543 -1,
1598 1583 1544 -1,
1598 1544 1560 -1,
1599 1548 1561 -1,
1599 1584 1548 -1,
1600 1545 1562 -1,
1600 1585 1545 -1,
1601 1550 1565 -1,
1601 1587 1550 -1,
1602 1588 1546 -1,
1602 1546 1563 -1,
1603 1586 1547 -1,
1603 1547 1564 -1,
1604 1590 1552 -1,
1604 1552 1605 -1,
1604 1605 1590 -1,
1606 1549 1566 -1,
1606 1589 1549 -1,
1607 1556 1572 -1,
1607 1591 1556 -1,
1608 1593 1554 -1,
1608 1554 1568 -1,
1609 1595 1555 -1,
1609 1555 1571 -1,
1610 1553 1567 -1,
1610 1592 1553 -1,
1611 1557 1573 -1,
1611 1594 1557 -1,
1612 1596 1558 -1,
1612 1558 1574 -1,
1613 1559 1575 -1,
1613 1597 1559 -1,
1614 1600 1562 -1,
1614 1562 1578 -1,
1615 1598 1560 -1,
1615 1560 1576 -1,
1616 1561 1577 -1,
1616 1599 1561 -1,
1617 1601 1565 -1,
1617 1565 1582 -1,
1618 1602 1563 -1,
1618 1563 1579 -1,
1619 1603 1564 -1,
1619 1564 1580 -1,
1620 1606 1566 -1,
1620 1566 1581 -1,
1621 1572 1586 -1,
1621 1607 1572 -1,
1622 1623 1570 -1,
1622 1624 1623 -1,
1625 1609 1571 -1,
1625 1571 1588 -1,
1626 1610 1567 -1,
1626 1567 1583 -1,
1627 1568 1584 -1,
1627 1608 1568 -1,
1628 1611 1573 -1,
1628 1573 1587 -1,
1629 1612 1574 -1,
1629 1574 1590 -1,
1630 1613 1575 -1,
1630 1575 1589 -1,
1631 1614 1578 -1,
1631 1578 1593 -1,
1632 1615 1576 -1,
1632 1576 1591 -1,
1633 1577 1592 -1,
1633 1616 1577 -1,
1634 1579 1594 -1,
1634 1618 1579 -1,
1635 1619 1580 -1,
1635 1580 1595 -1,
1636 1617 1582 -1,
1636 1582 1597 -1,
1637 1581 1596 -1,
1637 1620 1581 -1,
1638 1586 1603 -1,
1638 1621 1586 -1,
1639 1585 1600 -1,
1639 1622 1570 -1,
1639 1570 1585 -1,
1640 1583 1598 -1,
1640 1626 1583 -1,
1641 1584 1599 -1,
1641 1627 1584 -1,
1642 1587 1601 -1,
1642 1628 1587 -1,
1643 1588 1602 -1,
1643 1625 1588 -1,
1644 1589 1606 -1,
1644 1630 1589 -1,
1645 1646 1629 -1,
1645 1605 1647 -1,
1645 1647 1646 -1,
1645 1590 1605 -1,
1645 1629 1590 -1,
1648 1591 1607 -1,
1648 1632 1591 -1,
1649 1633 1592 -1,
1649 1592 1610 -1,
1650 1593 1608 -1,
1650 1631 1593 -1,
1651 1594 1611 -1,
1651 1634 1594 -1,
1652 1595 1609 -1,
1652 1635 1595 -1,
1653 1636 1597 -1,
1653 1597 1613 -1,
1654 1637 1596 -1,
1654 1596 1612 -1,
1655 1603 1619 -1,
1655 1638 1603 -1,
1656 1598 1615 -1,
1656 1640 1598 -1,
1657 1599 1616 -1,
1657 1641 1599 -1,
1658 1600 1614 -1,
1658 1639 1600 -1,
1659 1601 1617 -1,
1659 1642 1601 -1,
1660 1643 1602 -1,
1660 1602 1618 -1,
1661 1644 1606 -1,
1661 1606 1620 -1,
1662 1648 1607 -1,
1662 1607 1621 -1,
1663 1650 1608 -1,
1663 1608 1627 -1,
1664 1610 1626 -1,
1664 1649 1610 -1,
1665 1666 1624 -1,
1667 1613 1630 -1,
1667 1653 1613 -1,
1668 1611 1628 -1,
1668 1651 1611 -1,
1669 1609 1625 -1,
1669 1652 1609 -1,
1670 1612 1629 -1,
1670 1654 1612 -1,
1671 1655 1619 -1,
1671 1619 1635 -1,
1672 1616 1633 -1,
1672 1657 1616 -1,
1673 1658 1614 -1,
1673 1614 1631 -1,
1674 1617 1636 -1,
1674 1659 1617 -1,
1675 1660 1618 -1,
1675 1618 1634 -1,
1676 1656 1615 -1,
1676 1615 1632 -1,
1677 1620 1637 -1,
1677 1661 1620 -1,
1678 1621 1638 -1,
1678 1662 1621 -1,
1679 1626 1640 -1,
1679 1664 1626 -1,
1680 1627 1641 -1,
1680 1663 1627 -1,
1681 1622 1639 -1,
1681 1665 1624 -1,
1681 1666 1665 -1,
1681 1624 1622 -1,
1682 1667 1630 -1,
1682 1630 1644 -1,
1683 1628 1642 -1,
1683 1668 1628 -1,
1684 1625 1643 -1,
1684 1669 1625 -1,
1685 1629 1646 -1,
1685 1670 1629 -1,
1686 1671 1635 -1,
1686 1635 1652 -1,
1687 1633 1649 -1,
1687 1672 1633 -1,
1688 1673 1631 -1,
1688 1631 1650 -1,
1689 1675 1634 -1,
1689 1634 1651 -1,
1690 1632 1648 -1,
1690 1676 1632 -1,
1691 1674 1636 -1,
1691 1636 1653 -1,
1692 1637 1654 -1,
1692 1677 1637 -1,
1693 1640 1656 -1,
1693 1679 1640 -1,
1694 1681 1639 -1,
1694 1639 1658 -1,
1695 1680 1641 -1,
1695 1641 1657 -1,
1696 1678 1638 -1,
1696 1638 1655 -1,
1697 1644 1661 -1,
1697 1682 1644 -1,
1698 1683 1642 -1,
1698 1642 1659 -1,
1699 1643 1660 -1,
1699 1684 1643 -1,
1700 1646 1701 -1,
1700 1685 1646 -1,
1700 1701 1685 -1,
1702 1686 1652 -1,
1702 1652 1669 -1,
1703 1650 1663 -1,
1703 1688 1650 -1,
1704 1689 1651 -1,
1704 1651 1668 -1,
1705 1649 1664 -1,
1705 1687 1649 -1,
1706 1690 1648 -1,
1706 1648 1662 -1,
1707 1653 1667 -1,
1707 1691 1653 -1,
1708 1654 1670 -1,
1708 1692 1654 -1,
1709 1658 1673 -1,
1709 1694 1658 -1,
1710 1655 1671 -1,
1710 1696 1655 -1,
1711 1693 1656 -1,
1711 1656 1676 -1,
1712 1657 1672 -1,
1712 1695 1657 -1,
1713 1659 1674 -1,
1713 1698 1659 -1,
1714 1660 1675 -1,
1714 1699 1660 -1,
1715 1661 1677 -1,
1715 1697 1661 -1,
1716 1669 1684 -1,
1716 1702 1669 -1,
1717 1718 1666 -1,
1719 1663 1680 -1,
1719 1703 1663 -1,
1720 1706 1662 -1,
1720 1662 1678 -1,
1721 1664 1679 -1,
1721 1705 1664 -1,
1722 1707 1667 -1,
1722 1667 1682 -1,
1723 1668 1683 -1,
1723 1704 1668 -1,
1724 1708 1670 -1,
1724 1670 1685 -1,
1725 1709 1673 -1,
1725 1673 1688 -1,
1726 1671 1686 -1,
1726 1710 1671 -1,
1727 1711 1676 -1,
1727 1676 1690 -1,
1728 1712 1672 -1,
1728 1672 1687 -1,
1729 1674 1691 -1,
1729 1713 1674 -1,
1730 1714 1675 -1,
1730 1675 1689 -1,
1731 1715 1677 -1,
1731 1677 1692 -1,
1732 1733 1718 -1,
1732 1717 1666 -1,
1732 1718 1717 -1,
1732 1681 1694 -1,
1732 1666 1681 -1,
1734 1716 1684 -1,
1734 1684 1699 -1,
1735 1678 1696 -1,
1735 1720 1678 -1,
1736 1721 1679 -1,
1736 1679 1693 -1,
1737 1719 1680 -1,
1737 1680 1695 -1,
1738 1722 1682 -1,
1738 1682 1697 -1,
1739 1683 1698 -1,
1739 1723 1683 -1,
1740 1701 1741 -1,
1740 1741 1742 -1,
1740 1685 1701 -1,
1740 1724 1685 -1,
1743 1726 1686 -1,
1743 1686 1702 -1,
1744 1690 1706 -1,
1744 1727 1690 -1,
1745 1728 1687 -1,
1745 1687 1705 -1,
1746 1688 1703 -1,
1746 1725 1688 -1,
1747 1692 1708 -1,
1747 1731 1692 -1,
1748 1691 1707 -1,
1748 1729 1691 -1,
1749 1689 1704 -1,
1749 1730 1689 -1,
1750 1734 1699 -1,
1750 1699 1714 -1,
1751 1693 1711 -1,
1751 1736 1693 -1,
1752 1737 1695 -1,
1752 1695 1712 -1,
1753 1694 1709 -1,
1753 1733 1732 -1,
1753 1732 1694 -1,
1754 1697 1715 -1,
1754 1738 1697 -1,
1755 1698 1713 -1,
1755 1739 1698 -1,
1756 1735 1696 -1,
1756 1696 1710 -1,
1757 1703 1719 -1,
1757 1746 1703 -1,
1758 1744 1706 -1,
1758 1706 1720 -1,
1759 1705 1721 -1,
1759 1745 1705 -1,
1760 1743 1702 -1,
1760 1702 1716 -1,
1761 1708 1724 -1,
1761 1747 1708 -1,
1762 1707 1722 -1,
1762 1748 1707 -1,
1763 1749 1704 -1,
1763 1704 1723 -1,
1764 1750 1714 -1,
1764 1714 1730 -1,
1765 1712 1728 -1,
1765 1752 1712 -1,
1766 1753 1709 -1,
1766 1733 1753 -1,
1766 1709 1725 -1,
1767 1751 1711 -1,
1767 1711 1727 -1,
1768 1755 1713 -1,
1768 1713 1729 -1,
1769 1710 1726 -1,
1769 1756 1710 -1,
1770 1754 1715 -1,
1770 1715 1731 -1,
1771 1758 1720 -1,
1771 1720 1735 -1,
1772 1721 1736 -1,
1772 1759 1721 -1,
1773 1757 1719 -1,
1773 1719 1737 -1,
1774 1716 1734 -1,
1774 1760 1716 -1,
1775 1761 1724 -1,
1775 1740 1742 -1,
1775 1724 1740 -1,
1776 1762 1722 -1,
1776 1722 1738 -1,
1777 1723 1739 -1,
1777 1763 1723 -1,
1778 1730 1749 -1,
1778 1764 1730 -1,
1779 1728 1745 -1,
1779 1765 1728 -1,
1780 1725 1746 -1,
1780 1733 1766 -1,
1780 1766 1725 -1,
1781 1729 1748 -1,
1781 1768 1729 -1,
1782 1769 1726 -1,
1782 1726 1743 -1,
1783 1767 1727 -1,
1783 1727 1744 -1,
1784 1731 1747 -1,
1784 1770 1731 -1,
1785 1736 1751 -1,
1785 1772 1736 -1,
1786 1773 1737 -1,
1786 1737 1752 -1,
1787 1734 1750 -1,
1787 1774 1734 -1,
1788 1735 1756 -1,
1788 1771 1735 -1,
1789 1777 1739 -1,
1789 1739 1755 -1,
1790 1775 1742 -1,
1790 1791 1775 -1,
1790 1742 1791 -1,
1792 1738 1754 -1,
1792 1776 1738 -1,
1793 1749 1763 -1,
1793 1778 1749 -1,
1794 1780 1746 -1,
1794 1733 1780 -1,
1794 1746 1757 -1,
1795 1782 1743 -1,
1795 1743 1760 -1,
1796 1744 1758 -1,
1796 1783 1744 -1,
1797 1745 1759 -1,
1797 1779 1745 -1,
1798 1784 1747 -1,
1798 1747 1761 -1,
1799 1781 1748 -1,
1799 1748 1762 -1,
1800 1785 1751 -1,
1800 1751 1767 -1,
1801 1787 1750 -1,
1801 1750 1764 -1,
1802 1788 1756 -1,
1802 1756 1769 -1,
1803 1786 1752 -1,
1803 1752 1765 -1,
1804 1789 1755 -1,
1804 1755 1768 -1,
1805 1792 1754 -1,
1805 1754 1770 -1,
1806 1763 1777 -1,
1806 1793 1763 -1,
1807 1760 1774 -1,
1807 1795 1760 -1,
1808 1758 1771 -1,
1808 1796 1758 -1,
1809 1797 1759 -1,
1809 1759 1772 -1,
1810 1794 1757 -1,
1810 1757 1773 -1,
1810 1733 1794 -1,
1811 1775 1791 -1,
1811 1761 1775 -1,
1811 1798 1761 -1,
1812 1762 1776 -1,
1812 1799 1762 -1,
1813 1764 1778 -1,
1813 1801 1764 -1,
1814 1802 1769 -1,
1814 1769 1782 -1,
1815 1765 1779 -1,
1815 1803 1765 -1,
1816 1800 1767 -1,
1816 1767 1783 -1,
1817 1770 1784 -1,
1817 1805 1770 -1,
1818 1768 1781 -1,
1818 1804 1768 -1,
1819 1777 1789 -1,
1819 1806 1777 -1,
1820 1771 1788 -1,
1820 1808 1771 -1,
1821 1809 1772 -1,
1821 1772 1785 -1,
1822 1733 1810 -1,
1822 1773 1786 -1,
1822 1810 1773 -1,
1823 1811 1791 -1,
1823 1791 1824 -1,
1823 1824 1825 -1,
1826 1812 1776 -1,
1826 1776 1792 -1,
1827 1774 1787 -1,
1827 1807 1774 -1,
1828 1814 1782 -1,
1828 1782 1795 -1,
1829 1816 1783 -1,
1829 1783 1796 -1,
1830 1815 1779 -1,
1830 1779 1797 -1,
1831 1778 1793 -1,
1831 1813 1778 -1,
1832 1817 1784 -1,
1832 1784 1798 -1,
1833 1781 1799 -1,
1833 1818 1781 -1,
1834 1789 1804 -1,
1834 1819 1789 -1,
1835 1785 1800 -1,
1835 1821 1785 -1,
1836 1820 1788 -1,
1836 1788 1802 -1,
1837 1786 1803 -1,
1837 1822 1786 -1,
1837 1733 1822 -1,
1838 1787 1801 -1,
1838 1827 1787 -1,
1839 1826 1792 -1,
1839 1792 1805 -1,
1840 1795 1807 -1,
1840 1828 1795 -1,
1841 1829 1796 -1,
1841 1796 1808 -1,
1842 1830 1797 -1,
1842 1797 1809 -1,
1843 1793 1806 -1,
1843 1831 1793 -1,
1844 1798 1811 -1,
1844 1832 1798 -1,
1845 1833 1799 -1,
1845 1799 1812 -1,
1846 1804 1818 -1,
1846 1834 1804 -1,
1847 1803 1815 -1,
1847 1733 1837 -1,
1847 1837 1803 -1,
1848 1805 1817 -1,
1848 1839 1805 -1,
1849 1801 1813 -1,
1849 1838 1801 -1,
1850 1836 1802 -1,
1850 1802 1814 -1,
1851 1800 1816 -1,
1851 1835 1800 -1,
1852 1842 1809 -1,
1852 1809 1821 -1,
1853 1841 1808 -1,
1853 1808 1820 -1,
1854 1843 1806 -1,
1854 1806 1819 -1,
1855 1840 1807 -1,
1855 1807 1827 -1,
1856 1845 1812 -1,
1856 1812 1826 -1,
1857 1823 1825 -1,
1857 1811 1823 -1,
1857 1844 1811 -1,
1858 1818 1833 -1,
1858 1846 1818 -1,
1859 1733 1847 -1,
1859 1815 1830 -1,
1859 1847 1815 -1,
1860 1813 1831 -1,
1860 1849 1813 -1,
1861 1814 1828 -1,
1861 1850 1814 -1,
1862 1851 1816 -1,
1862 1816 1829 -1,
1863 1848 1817 -1,
1863 1817 1832 -1,
1864 1852 1821 -1,
1864 1821 1835 -1,
1865 1854 1819 -1,
1865 1819 1834 -1,
1866 1827 1838 -1,
1866 1855 1827 -1,
1867 1853 1820 -1,
1867 1820 1836 -1,
1868 1857 1825 -1,
1868 1825 1869 -1,
1868 1869 1857 -1,
1870 1856 1826 -1,
1870 1826 1839 -1,
1871 1858 1833 -1,
1871 1833 1845 -1,
1872 1831 1843 -1,
1872 1860 1831 -1,
1873 1861 1828 -1,
1873 1828 1840 -1,
1874 1862 1829 -1,
1874 1829 1841 -1,
1875 1830 1842 -1,
1875 1733 1859 -1,
1875 1859 1830 -1,
1876 1832 1844 -1,
1876 1863 1832 -1,
1877 1865 1834 -1,
1877 1834 1846 -1,
1878 1866 1838 -1,
1878 1838 1849 -1,
1879 1836 1850 -1,
1879 1867 1836 -1,
1880 1864 1835 -1,
1880 1835 1851 -1,
1881 1839 1848 -1,
1881 1870 1839 -1,
1882 1845 1856 -1,
1882 1871 1845 -1,
1883 1841 1853 -1,
1883 1874 1841 -1,
1884 1733 1875 -1,
1884 1875 1842 -1,
1884 1842 1852 -1,
1885 1876 1844 -1,
1885 1857 1869 -1,
1885 1844 1857 -1,
1886 1843 1854 -1,
1886 1872 1843 -1,
1887 1840 1855 -1,
1887 1873 1840 -1,
1888 1878 1849 -1,
1888 1849 1860 -1,
1889 1850 1861 -1,
1889 1879 1850 -1,
1890 1851 1862 -1,
1890 1880 1851 -1,
1891 1877 1846 -1,
1891 1846 1858 -1,
1892 1848 1863 -1,
1892 1881 1848 -1,
1893 1856 1870 -1,
1893 1882 1856 -1,
1894 1887 1855 -1,
1894 1855 1866 -1,
1895 1884 1852 -1,
1895 1852 1864 -1,
1895 1733 1884 -1,
1896 1853 1867 -1,
1896 1883 1853 -1,
1897 1854 1865 -1,
1897 1886 1854 -1,
1898 1885 1869 -1,
1898 1869 1899 -1,
1900 1888 1860 -1,
1900 1860 1872 -1,
1901 1889 1861 -1,
1901 1861 1873 -1,
1902 1862 1874 -1,
1902 1890 1862 -1,
1903 1858 1871 -1,
1903 1891 1858 -1,
1904 1863 1876 -1,
1904 1892 1863 -1,
1905 1895 1864 -1,
1905 1733 1895 -1,
1905 1864 1880 -1,
1906 1893 1870 -1,
1906 1870 1881 -1,
1907 1897 1865 -1,
1907 1865 1877 -1,
1908 1866 1878 -1,
1908 1894 1866 -1,
1909 1896 1867 -1,
1909 1867 1879 -1,
1910 1874 1883 -1,
1910 1902 1874 -1,
1911 1903 1871 -1,
1911 1871 1882 -1,
1912 1900 1872 -1,
1912 1872 1886 -1,
1913 1873 1887 -1,
1913 1901 1873 -1,
1914 1904 1876 -1,
1914 1876 1885 -1,
1915 1881 1892 -1,
1915 1906 1881 -1,
1916 1880 1890 -1,
1916 1905 1880 -1,
1916 1733 1905 -1,
1917 1877 1891 -1,
1917 1907 1877 -1,
1918 1878 1888 -1,
1918 1908 1878 -1,
1919 1909 1879 -1,
1919 1879 1889 -1,
1920 1910 1883 -1,
1920 1883 1896 -1,
1921 1882 1893 -1,
1921 1911 1882 -1,
1922 1912 1886 -1,
1922 1886 1897 -1,
1923 1887 1894 -1,
1923 1913 1887 -1,
1924 1885 1898 -1,
1924 1898 1899 -1,
1924 1914 1885 -1,
1925 1892 1904 -1,
1925 1915 1892 -1,
1926 1891 1903 -1,
1926 1917 1891 -1,
1927 1918 1888 -1,
1927 1888 1900 -1,
1928 1889 1901 -1,
1928 1919 1889 -1,
1929 1733 1916 -1,
1929 1916 1890 -1,
1929 1890 1902 -1,
1930 1893 1906 -1,
1930 1921 1893 -1,
1931 1922 1897 -1,
1931 1897 1907 -1,
1932 1923 1894 -1,
1932 1894 1908 -1,
1933 1920 1896 -1,
1933 1896 1909 -1,
1934 1924 1899 -1,
1934 1935 1924 -1,
1934 1899 1936 -1,
1934 1936 1935 -1,
1937 1925 1904 -1,
1937 1904 1914 -1,
1938 1928 1901 -1,
1938 1901 1913 -1,
1939 1733 1929 -1,
1939 1929 1902 -1,
1939 1902 1910 -1,
1940 1926 1903 -1,
1940 1903 1911 -1,
1941 1927 1900 -1,
1941 1900 1912 -1,
1942 1907 1917 -1,
1942 1931 1907 -1,
1943 1908 1918 -1,
1943 1932 1908 -1,
1944 1933 1909 -1,
1944 1909 1919 -1,
1945 1930 1906 -1,
1945 1906 1915 -1,
1946 1914 1924 -1,
1946 1937 1914 -1,
1947 1913 1923 -1,
1947 1938 1913 -1,
1948 1733 1939 -1,
1948 1939 1910 -1,
1948 1910 1920 -1,
1949 1940 1911 -1,
1949 1911 1921 -1,
1950 1912 1922 -1,
1950 1941 1912 -1,
1951 1917 1926 -1,
1951 1942 1917 -1,
1952 1919 1928 -1,
1952 1944 1919 -1,
1953 1918 1927 -1,
1953 1943 1918 -1,
1954 1915 1925 -1,
1954 1945 1915 -1,
1955 1920 1933 -1,
1955 1733 1948 -1,
1955 1948 1920 -1,
1956 1924 1935 -1,
1956 1935 1957 -1,
1956 1946 1924 -1,
1956 1957 1946 -1,
1958 1921 1930 -1,
1958 1949 1921 -1,
1959 1922 1931 -1,
1959 1950 1922 -1,
1960 1923 1932 -1,
1960 1947 1923 -1,
1961 1952 1928 -1,
1961 1928 1938 -1,
1962 1925 1937 -1,
1962 1954 1925 -1,
1963 1926 1940 -1,
1963 1951 1926 -1,
1964 1927 1941 -1,
1964 1953 1927 -1,
1965 1955 1933 -1,
1965 1933 1944 -1,
1965 1733 1955 -1,
1966 1959 1931 -1,
1966 1931 1942 -1,
1967 1960 1932 -1,
1967 1932 1943 -1,
1968 1958 1930 -1,
1968 1930 1945 -1,
1969 1961 1938 -1,
1969 1938 1947 -1,
1970 1962 1937 -1,
1970 1937 1946 -1,
1971 1963 1940 -1,
1971 1940 1949 -1,
1972 1964 1941 -1,
1972 1941 1950 -1,
1973 1945 1954 -1,
1973 1968 1945 -1,
1974 1966 1942 -1,
1974 1942 1951 -1,
1975 1943 1953 -1,
1975 1967 1943 -1,
1976 1944 1952 -1,
1976 1965 1944 -1,
1976 1733 1965 -1,
1977 1970 1946 -1,
1977 1946 1957 -1,
1978 1971 1949 -1,
1978 1949 1958 -1,
1979 1972 1950 -1,
1979 1950 1959 -1,
1980 1947 1960 -1,
1980 1969 1947 -1,
1981 1953 1964 -1,
1981 1975 1953 -1,
1982 1952 1961 -1,
1982 1733 1976 -1,
1982 1976 1952 -1,
1983 1973 1954 -1,
1983 1954 1962 -1,
1984 1951 1963 -1,
1984 1974 1951 -1,
1985 1979 1959 -1,
1985 1959 1966 -1,
1986 1980 1960 -1,
1986 1960 1967 -1,
1987 1988 1977 -1,
1987 1977 1957 -1,
1987 1957 1988 -1,
1989 1958 1968 -1,
1989 1978 1958 -1,
1990 1964 1972 -1,
1990 1981 1964 -1,
1991 1982 1961 -1,
1991 1733 1982 -1,
1991 1961 1969 -1,
1992 1962 1970 -1,
1992 1983 1962 -1,
1993 1963 1971 -1,
1993 1984 1963 -1,
1994 1966 1974 -1,
1994 1985 1966 -1,
1995 1967 1975 -1,
1995 1986 1967 -1,
1996 1968 1973 -1,
1996 1989 1968 -1,
1997 1992 1970 -1,
1997 1970 1977 -1,
1998 1971 1978 -1,
1998 1993 1971 -1,
1999 1972 1979 -1,
1999 1990 1972 -1,
2000 1991 1969 -1,
2000 1969 1980 -1,
2000 1733 1991 -1,
2001 1995 1975 -1,
2001 1975 1981 -1,
2002 1973 1983 -1,
2002 1996 1973 -1,
2003 1974 1984 -1,
2003 1994 1974 -1,
2004 1733 2000 -1,
2004 2000 1980 -1,
2004 1980 1986 -1,
2005 1998 1978 -1,
2005 1978 1989 -1,
2006 1999 1979 -1,
2006 1979 1985 -1,
2007 1977 1988 -1,
2007 2008 1997 -1,
2007 1997 1977 -1,
2007 1988 2009 -1,
2007 2009 2008 -1,
2010 1981 1990 -1,
2010 2001 1981 -1,
2011 1983 1992 -1,
2011 2002 1983 -1,
2012 2003 1984 -1,
2012 1984 1993 -1,
2013 1989 1996 -1,
2013 2005 1989 -1,
2014 1985 1994 -1,
2014 2006 1985 -1,
2015 1986 1995 -1,
2015 2004 1986 -1,
2015 1733 2004 -1,
2016 1992 1997 -1,
2016 2011 1992 -1,
2017 2012 1993 -1,
2017 1993 1998 -1,
2018 1990 1999 -1,
2018 2010 1990 -1,
2019 1994 2003 -1,
2019 2014 1994 -1,
2020 2015 1995 -1,
2020 1995 2001 -1,
2020 1733 2015 -1,
2021 1996 2002 -1,
2021 2013 1996 -1,
2022 1998 2005 -1,
2022 2017 1998 -1,
2023 1999 2006 -1,
2023 2018 1999 -1,
2024 1997 2008 -1,
2024 2016 1997 -1,
2025 2019 2003 -1,
2025 2003 2012 -1,
2026 1733 2020 -1,
2026 2020 2001 -1,
2026 2001 2010 -1,
2027 2002 2011 -1,
2027 2021 2002 -1,
2028 2029 2024 -1,
2028 2008 2029 -1,
2028 2024 2008 -1,
2030 2022 2005 -1,
2030 2005 2013 -1,
2031 2023 2006 -1,
2031 2006 2014 -1,
2032 2027 2011 -1,
2032 2011 2016 -1,
2033 2025 2012 -1,
2033 2012 2017 -1,
2034 2026 2010 -1,
2034 1733 2026 -1,
2034 2010 2018 -1,
2035 2014 2019 -1,
2035 2031 2014 -1,
2036 2013 2021 -1,
2036 2030 2013 -1,
2037 2032 2016 -1,
2037 2016 2024 -1,
2038 2017 2022 -1,
2038 2033 2017 -1,
2039 1733 2034 -1,
2039 2034 2018 -1,
2039 2018 2023 -1,
2040 2019 2025 -1,
2040 2035 2019 -1,
2041 2036 2021 -1,
2041 2021 2027 -1,
2042 2024 2029 -1,
2042 2037 2024 -1,
2042 2029 2043 -1,
2042 2043 2044 -1,
2045 2022 2030 -1,
2045 2038 2022 -1,
2046 1733 2039 -1,
2046 2039 2023 -1,
2046 2023 2031 -1,
2047 2041 2027 -1,
2047 2027 2032 -1,
2048 2025 2033 -1,
2048 2040 2025 -1,
2049 1733 2046 -1,
2049 2046 2031 -1,
2049 2031 2035 -1,
2050 2045 2030 -1,
2050 2030 2036 -1,
2051 2047 2032 -1,
2051 2032 2037 -1,
2052 2033 2038 -1,
2052 2048 2033 -1,
2053 2036 2041 -1,
2053 2050 2036 -1,
2054 2035 2040 -1,
2054 1733 2049 -1,
2054 2049 2035 -1,
2055 2037 2042 -1,
2055 2042 2044 -1,
2055 2051 2037 -1,
2056 2038 2045 -1,
2056 2052 2038 -1,
2057 2041 2047 -1,
2057 2053 2041 -1,
2058 2040 2048 -1,
2058 1733 2054 -1,
2058 2054 2040 -1,
2059 2060 2055 -1,
2059 2044 2060 -1,
2059 2055 2044 -1,
2061 2056 2045 -1,
2061 2045 2050 -1,
2062 2057 2047 -1,
2062 2047 2051 -1,
2063 2058 2048 -1,
2063 2048 2052 -1,
2063 1733 2058 -1,
2064 2061 2050 -1,
2064 2050 2053 -1,
2065 2062 2051 -1,
2065 2055 2060 -1,
2065 2051 2055 -1,
2066 2063 2052 -1,
2066 1733 2063 -1,
2066 2052 2056 -1,
2067 2064 2053 -1,
2067 2053 2057 -1,
2068 2056 2061 -1,
2068 2066 2056 -1,
2068 1733 2066 -1,
2069 2065 2060 -1,
2069 2060 2070 -1,
2069 2070 2071 -1,
2072 2067 2057 -1,
2072 2057 2062 -1,
2073 2068 2061 -1,
2073 1733 2068 -1,
2073 2061 2064 -1,
2074 2062 2065 -1,
2074 2072 2062 -1,
2075 1733 2073 -1,
2075 2073 2064 -1,
2075 2064 2067 -1,
2076 2065 2069 -1,
2076 2069 2071 -1,
2076 2074 2065 -1,
2077 2067 2072 -1,
2077 1733 2075 -1,
2077 2075 2067 -1,
2078 2076 2071 -1,
2078 2079 2076 -1,
2078 2071 2079 -1,
2080 1733 2077 -1,
2080 2077 2072 -1,
2080 2072 2074 -1,
2081 2080 2074 -1,
2081 2074 2076 -1,
2081 2076 2079 -1,
2081 1733 2080 -1,
2081 2082 1733 -1,
2083 2079 2082 -1,
2083 2081 2079 -1,
2083 2082 2081 -1,
155 156 182 -1,
301 223 254 -1,
337 182 222 -1,
337 222 223 -1,
337 223 301 -1,
74 100 101 -1,
393 337 338 -1,
39 40 58 -1,
39 58 74 -1,
39 74 101 -1,
582 487 488 -1,
582 488 527 -1,
8 9 15 -1,
8 15 27 -1,
8 27 39 -1,
583 433 487 -1,
583 487 582 -1,
622 393 433 -1,
622 433 583 -1,
2 1 8 -1,
2 101 122 -1,
2 122 155 -1,
2 155 182 -1,
2 39 101 -1,
2 8 39 -1,
361 4 2 -1,
416 376 361 -1,
811 677 717 -1,
811 717 771 -1,
812 622 676 -1,
812 676 677 -1,
812 677 811 -1,
469 417 416 -1,
866 622 812 -1,
564 469 416 -1,
564 511 469 -1,
960 866 906 -1,
606 565 564 -1,
1002 960 961 -1,
700 660 606 -1,
700 701 660 -1,
700 606 564 -1,
1095 960 1002 -1,
1095 1002 1056 -1,
1095 1056 1057 -1,
794 700 564 -1,
794 754 700 -1,
1150 960 1095 -1,
1150 1095 1149 -1,
850 795 794 -1,
1244 1150 1191 -1,
1285 1150 1244 -1,
1286 960 1150 -1,
1286 866 960 -1,
1286 1150 1285 -1,
944 890 889 -1,
984 944 889 -1,
1379 1286 1339 -1,
1037 984 889 -1,
1037 889 850 -1,
1434 1286 1379 -1,
1036 1037 850 -1,
1530 1435 1474 -1,
1531 1434 1435 -1,
1531 1435 1530 -1,
1172 1036 850 -1,
1172 1079 1036 -1,
1172 1133 1079 -1,
1172 1171 1133 -1,
1623 1531 1570 -1,
1267 1227 1172 -1,
1624 1531 1623 -1,
1323 1267 1172 -1,
1323 1268 1267 -1,
1733 1531 1624 -1,
1733 1624 1666 -1,
1733 1666 1718 -1,
1733 1286 1434 -1,
1733 1434 1531 -1,
1417 794 564 -1,
1417 564 416 -1,
1417 850 794 -1,
1417 361 2 -1,
1417 1172 850 -1,
1417 2 182 -1,
1417 416 361 -1,
1417 1323 1172 -1,
1417 1362 1323 -1,
1417 1363 1362 -1,
2071 2082 2079 -1,
2071 1733 2082 -1,
2071 1286 1733 -1,
1511 182 337 -1,
1511 337 393 -1,
1511 1417 182 -1,
1511 1456 1417 -1,
1552 1510 1511 -1,
2044 2070 2060 -1,
2044 2071 2070 -1,
2043 2071 2044 -1,
2029 2071 2043 -1,
1646 1605 1552 -1,
1646 1647 1605 -1,
1701 1552 1511 -1,
1701 1511 393 -1,
1701 1646 1552 -1,
1701 393 622 -1,
2009 2029 2008 -1,
2009 2071 2029 -1,
1742 1741 1701 -1,
1791 1742 1701 -1,
1936 1957 1935 -1,
1825 1824 1791 -1,
1899 1957 1936 -1,
1869 622 866 -1,
1869 1988 1957 -1,
1869 2009 1988 -1,
1869 1286 2071 -1,
1869 2071 2009 -1,
1869 1701 622 -1,
1869 1957 1899 -1,
1869 1791 1701 -1,
1869 866 1286 -1,
1869 1825 1791 -1 ] } }
Shape { appearance Appearance { material Material { diffuseColor 0.7 0.72 0.74 } } geometry IndexedFaceSet { solid FALSE coord Coordinate { point [ -0.118110 -0.098425 -0.984252,
-0.118110 -0.098425 1.299213,
-0.118110 0.098425 -0.984252,
-0.118110 0.098425 1.299213,
0.118110 -0.098425 1.299213,
0.118110 -0.098425 -0.984252,
0.118110 0.098425 -0.984252,
0.118110 0.098425 1.299213 ] } coordIndex [ 0 1 2 -1,
2 1 3 -1,
4 5 6 -1,
4 6 7 -1,
5 4 0 -1,
0 4 1 -1,
7 6 2 -1,
7 2 3 -1,
2 6 0 -1,
0 6 5 -1,
7 3 1 -1,
7 1 4 -1 ] } }
Shape { appearance Appearance { material Material { diffuseColor 0.7 0.72 0.74 } } geometry IndexedFaceSet { solid FALSE coord Coordinate { point [ 0.881890 -0.098425 -0.984252,
0.881890 -0.098425 1.299213,
0.881890 0.098425 -0.984252,
0.881890 0.098425 1.299213,
1.118110 -0.098425 1.299213,
1.118110 -0.098425 -0.984252,
1.118110 0.098425 -0.984252,
1.118110 0.098425 1.299213 ] } coordIndex [ 0 1 2 -1,
2 1 3 -1,
4 5 6 -1,
4 6 7 -1,
5 4 0 -1,
0 4 1 -1,
7 6 2 -1,
7 2 3 -1,
2 6 0 -1,
0 6 5 -1,
7 3 1 -1,
7 1 4 -1 ] } }
Shape { appearance Appearance { material Material { diffuseColor 0.7 0.72 0.74 } } geometry IndexedFaceSet { solid FALSE coord Coordinate { point [ 1.881890 -0.098425 -0.984252,
1.881890 -0.098425 1.299213,
1.881890 0.098425 -0.984252,
1.881890 0.098425 1.299213,
2.118110 -0.098425 1.299213,
2.118110 -0.098425 -0.984252,
2.118110 0.098425 -0.984252,
2.118110 0.098425 1.299213 ] } coordIndex [ 0 1 2 -1,
2 1 3 -1,
4 5 6 -1,
4 6 7 -1,
5 4 0 -1,
0 4 1 -1,
7 6 2 -1,
7 2 3 -1,
2 6 0 -1,
0 6 5 -1,
7 3 1 -1,
7 1 4 -1 ] } }
