2026-09-12 02:05:51.676 INFO   Freerouting v2.3.0 (build-date: 2026-08-07)
2026-09-12 02:05:51.686 DEBUG  [startup] user-data path : /tmp/freerouting  (source: default (java.io.tmpdir))
2026-09-12 02:05:51.686 DEBUG  [startup] log file       : /home/legion/Desktop/KeychainKreatures/KK_main_module/C6_flat_stack/reports/freerouting.log
2026-09-12 02:05:51.919 DEBUG  Settings loaded from '/tmp/freerouting/freerouting.json'.
2026-09-12 02:05:51.920 WARN   [startup] freerouting.json contains a stale 'logging.file.location' value: '/tmp/freerouting/freerouting.log'. The actual log file is being written to '/home/legion/Desktop/KeychainKreatures/KK_main_module/C6_flat_stack/reports/freerouting.log' (as resolved at startup). The stale value will be corrected in freerouting.json on next save. If you see this in Docker, the old JSON was written by an earlier version that stored the host path; the fix is to delete freerouting.json so it is regenerated with the correct path.
2026-09-12 02:05:51.924 DEBUG  Version: 2.3.0,2026-08-07
2026-09-12 02:05:51.924 DEBUG  Command line arguments: '-de /home/legion/Desktop/KeychainKreatures/KK_main_module/C6_flat_stack/C6_route.dsn -do /home/legion/Desktop/KeychainKreatures/KK_main_module/C6_flat_stack/C6_route.ses -mp 8 -mt 1 -oit 5 -da --gui.enabled=false --api_server.enabled=false --logging.file.location=/home/legion/Desktop/KeychainKreatures/KK_main_module/C6_flat_stack/reports'
2026-09-12 02:05:51.925 DEBUG  Architecture: Linux,amd64,6.14.0-37-generic
2026-09-12 02:05:51.925 DEBUG  Java: 25.0.3,Eclipse Adoptium
2026-09-12 02:05:51.926 DEBUG  System Language: en,en
2026-09-12 02:05:51.927 DEBUG  Hardware: 1 CPU cores,742 MB RAM
2026-09-12 02:05:51.929 DEBUG  UTC Time: 2026-09-12T07:05:51.921182611Z
2026-09-12 02:05:51.932 DEBUG  GUI Language: en
2026-09-12 02:05:51.933 DEBUG  Host: N/A
2026-09-12 02:05:51.940 DEBUG  Analytics are disabled
2026-09-12 02:05:53.437 DEBUG  Loaded router settings from: /tmp/freerouting/freerouting.json
2026-09-12 02:05:53.438 DEBUG  Applied CLI router setting: router.max_passes = 8
2026-09-12 02:05:53.438 DEBUG  Applied CLI router setting: router.max_threads = 1
2026-09-12 02:05:53.438 DEBUG  Applied CLI router setting: router.enabled = true (implicit from -de/-do batch mode)
2026-09-12 02:05:53.448 DEBUG  No router settings found in environment variables
2026-09-12 02:05:53.652 DEBUG  Set DEFAULT clearance (all layers): 2000 (0.05 mm) from DSN value 200.0
2026-09-12 02:05:53.674 DEBUG  Set clearance (all layers): smd_smd = 500 (0.0125 mm), classes [2,2]
2026-09-12 02:05:53.686 DEBUG  Set default trace width (all layers): DSN=200.0 → board=2000 (0.05 mm)
2026-09-12 02:05:53.926 DEBUG  Loaded router settings from DSN file: C6_route.dsn (2 layers)
2026-09-12 02:05:53.975 DEBUG  Set DEFAULT clearance (all layers): 2000 (0.05 mm) from DSN value 200.0
2026-09-12 02:05:53.976 DEBUG  Set clearance (all layers): smd_smd = 500 (0.0125 mm), classes [2,2]
2026-09-12 02:05:53.976 DEBUG  Set default trace width (all layers): DSN=200.0 → board=2000 (0.05 mm)
2026-09-12 02:05:54.014 DEBUG  Loaded router settings from DSN file: C6_route.dsn (2 layers)
2026-09-12 02:05:54.023 DEBUG  Merging settings from 5 sources:
2026-09-12 02:05:54.024 DEBUG    - Default Settings (priority 0): base settings
2026-09-12 02:05:54.025 DEBUG    - freerouting.json (priority 10): 0 fields changed
2026-09-12 02:05:54.034 DEBUG    - DSN file: C6_route.dsn (priority 20): 4 fields changed
2026-09-12 02:05:54.034 DEBUG    - Environment Variables (priority 55): 0 fields changed
2026-09-12 02:05:54.035 DEBUG    - CLI Arguments (priority 60): 1 fields changed
2026-09-12 02:05:54.035 DEBUG  Settings merged successfully from 5 source(s)
2026-09-12 02:05:54.209 INFO   [1F10BC\727C02] Loading board file 'C6_route.dsn'...
2026-09-12 02:05:54.227 DEBUG  Set DEFAULT clearance (all layers): 2000 (0.05 mm) from DSN value 200.0
2026-09-12 02:05:54.227 DEBUG  Set clearance (all layers): smd_smd = 500 (0.0125 mm), classes [2,2]
2026-09-12 02:05:54.227 DEBUG  Set default trace width (all layers): DSN=200.0 → board=2000 (0.05 mm)
2026-09-12 02:05:54.591 DEBUG  applyBoardSpecificOptimizations changed parameters:
  Layer 0: bendCost: null -> 0.0; preferredDirectionHorizontal: null -> false; undesiredDirectionTraceCost: 1.0 -> 2.1;
  Layer 1: bendCost: null -> 0.0; preferredDirectionHorizontal: null -> true; undesiredDirectionTraceCost: 1.0 -> 1.9;
2026-09-12 02:05:54.628 DEBUG  Applied copper-to-edge clearance override: 500.0 um (5000 board units).
2026-09-12 02:05:54.663 DEBUG  Set DEFAULT clearance (all layers): 2000 (0.05 mm) from DSN value 200.0
2026-09-12 02:05:54.676 DEBUG  Set clearance (all layers): smd_smd = 500 (0.0125 mm), classes [2,2]
2026-09-12 02:05:54.676 DEBUG  Set default trace width (all layers): DSN=200.0 → board=2000 (0.05 mm)
2026-09-12 02:05:54.693 DEBUG  Loaded router settings from DSN file: C6_route.dsn (2 layers)
2026-09-12 02:05:54.706 DEBUG  Merging settings from 6 sources:
2026-09-12 02:05:54.706 DEBUG    - Default Settings (priority 0): base settings
2026-09-12 02:05:54.706 DEBUG    - freerouting.json (priority 10): 0 fields changed
2026-09-12 02:05:54.706 DEBUG    - DSN file: C6_route.dsn (priority 20): 4 fields changed
2026-09-12 02:05:54.706 DEBUG    - Environment Variables (priority 55): 0 fields changed
2026-09-12 02:05:54.706 DEBUG    - CLI Arguments (priority 60): 1 fields changed
2026-09-12 02:05:54.707 DEBUG    - API Settings (priority 70): 24 fields changed
2026-09-12 02:05:54.707 DEBUG  Settings merged successfully from 6 source(s)
2026-09-12 02:05:54.707 DEBUG  applyBoardSpecificOptimizations changed parameters:
  Layer 0: undesiredDirectionTraceCost: 1.0 -> 2.1;
  Layer 1: undesiredDirectionTraceCost: 1.0 -> 1.9;
2026-09-12 02:05:54.766 INFO   [1F10BC\727C02] Job '1F10BC\727C02' started at 2026-09-12T07:05:54.766016543Z.
2026-09-12 02:05:55.083 INFO   New version available: v2.4.1
2026-09-12 02:05:55.249 DEBUG  [1F10BC\727C02] Checking fanout pre-pass. settings.fanout.enabled=true, smd_pins=0
2026-09-12 02:05:55.250 INFO   [1F10BC\727C02] Fanout stage is enabled but skipped because the board has no SMD pins.
2026-09-12 02:05:55.353 INFO   [1F10BC\727C02] Auto-routing stage started on board '91b831fcdb8b1d619ddde965a3cd3359' for 247 unrouted items.
2026-09-12 02:05:55.739 DEBUG  Queuing item for routing: Pin on net '/LOGIC_3V3' (connected: 1/38)
2026-09-12 02:05:55.739 DEBUG  Queuing item for routing: Pin on net 'Net-(U4-R-EXT)' (connected: 1/2)
2026-09-12 02:05:55.743 DEBUG  Queuing item for routing: Pin on net '/RGB_OE_N' (connected: 1/3)
2026-09-12 02:05:55.743 DEBUG  Queuing item for routing: Pin on net 'Net-(D3-BLUE_K)' (connected: 1/2)
2026-09-12 02:05:55.747 DEBUG  Queuing item for routing: Pin on net 'Net-(D3-GREEN_K)' (connected: 1/2)
2026-09-12 02:05:55.747 DEBUG  Queuing item for routing: Pin on net 'Net-(D3-RED_K)' (connected: 1/2)
2026-09-12 02:05:55.747 DEBUG  Queuing item for routing: Pin on net '/RGB_LATCH' (connected: 1/2)
2026-09-12 02:05:55.747 DEBUG  Queuing item for routing: Pin on net '/RGB_CLK' (connected: 1/3)
2026-09-12 02:05:55.747 DEBUG  Queuing item for routing: Pin on net '/RGB_DATA' (connected: 1/3)
2026-09-12 02:05:55.747 DEBUG  Queuing item for routing: Pin on net '/GND' (connected: 1/69)
2026-09-12 02:05:55.748 DEBUG  Queuing item for routing: Pin on net '/GND' (connected: 1/69)
2026-09-12 02:05:55.748 DEBUG  Queuing item for routing: Pin on net '/SPI_MISO' (connected: 1/3)
2026-09-12 02:05:55.748 DEBUG  Queuing item for routing: Pin on net '/SPI_SCK' (connected: 1/4)
2026-09-12 02:05:55.748 DEBUG  Queuing item for routing: Pin on net '/SPI_MOSI' (connected: 1/5)
2026-09-12 02:05:55.748 DEBUG  Queuing item for routing: Pin on net '/SD_CS' (connected: 1/4)
2026-09-12 02:05:55.748 DEBUG  Queuing item for routing: Pin on net '/LOGIC_3V3' (connected: 1/38)
2026-09-12 02:05:55.748 DEBUG  Queuing item for routing: Pin on net '/RGB_OE_N' (connected: 1/3)
2026-09-12 02:05:55.749 DEBUG  Queuing item for routing: Pin on net '/RGB_LATCH' (connected: 1/2)
2026-09-12 02:05:55.749 DEBUG  Queuing item for routing: Pin on net '/RGB_CLK' (connected: 1/3)
2026-09-12 02:05:55.749 DEBUG  Queuing item for routing: Pin on net '/RGB_DATA' (connected: 1/3)
2026-09-12 02:05:55.749 DEBUG  Queuing item for routing: Pin on net 'Net-(U1-GPA3_{slash}_RIGHT)' (connected: 1/4)
2026-09-12 02:05:55.749 DEBUG  Queuing item for routing: Pin on net 'Net-(U1-GPA2_{slash}_LEFT)' (connected: 1/4)
2026-09-12 02:05:55.749 DEBUG  Queuing item for routing: Pin on net 'Net-(U1-GPA1_{slash}_DOWN)' (connected: 1/4)
2026-09-12 02:05:55.749 DEBUG  Queuing item for routing: Pin on net 'Net-(U1-GPA0_{slash}_UP)' (connected: 1/4)
2026-09-12 02:05:55.754 DEBUG  Queuing item for routing: Pin on net '/BUTTON_INT_N' (connected: 1/4)
2026-09-12 02:05:55.754 DEBUG  Queuing item for routing: Pin on net 'Net-(U1-RESET_N)' (connected: 1/4)
2026-09-12 02:05:55.754 DEBUG  Queuing item for routing: Pin on net '/GND' (connected: 1/69)
2026-09-12 02:05:55.754 DEBUG  Queuing item for routing: Pin on net '/GND' (connected: 1/69)
2026-09-12 02:05:55.754 DEBUG  Queuing item for routing: Pin on net '/GND' (connected: 1/69)
2026-09-12 02:05:55.755 DEBUG  Queuing item for routing: Pin on net '/I2C_SDA' (connected: 1/4)
2026-09-12 02:05:55.755 DEBUG  Queuing item for routing: Pin on net '/I2C_SCL' (connected: 1/4)
2026-09-12 02:05:55.755 DEBUG  Queuing item for routing: Pin on net '/GND' (connected: 1/69)
2026-09-12 02:05:55.755 DEBUG  Queuing item for routing: Pin on net '/LOGIC_3V3' (connected: 1/38)
2026-09-12 02:05:55.755 DEBUG  Queuing item for routing: Pin on net '/TFT_RST_N' (connected: 1/4)
2026-09-12 02:05:55.755 DEBUG  Queuing item for routing: Pin on net '/MOTOR_EN' (connected: 1/2)
2026-09-12 02:05:55.756 DEBUG  Queuing item for routing: Pin on net '/AMP_EN' (connected: 1/2)
2026-09-12 02:05:55.756 DEBUG  Queuing item for routing: Pin on net 'Net-(U1-GPB3_{slash}_Y)' (connected: 1/4)
2026-09-12 02:05:55.756 DEBUG  Queuing item for routing: Pin on net 'Net-(U1-GPB2_{slash}_X)' (connected: 1/4)
2026-09-12 02:05:55.756 DEBUG  Queuing item for routing: Pin on net 'Net-(U1-GPB1_{slash}_B)' (connected: 1/4)
2026-09-12 02:05:55.756 DEBUG  Queuing item for routing: Pin on net 'Net-(U1-GPB0_{slash}_A)' (connected: 1/4)
2026-09-12 02:05:55.756 DEBUG  Queuing item for routing: Pin on net '/GND' (connected: 1/69)
2026-09-12 02:05:55.756 DEBUG  Queuing item for routing: Pin on net '/LOGIC_3V3' (connected: 1/38)
2026-09-12 02:05:55.761 DEBUG  Queuing item for routing: Pin on net '/GND' (connected: 1/69)
2026-09-12 02:05:55.761 DEBUG  Queuing item for routing: Pin on net '/LOGIC_3V3' (connected: 1/38)
2026-09-12 02:05:55.761 DEBUG  Queuing item for routing: Pin on net '/GND' (connected: 1/69)
2026-09-12 02:05:55.761 DEBUG  Queuing item for routing: Pin on net '/ACT_3V2' (connected: 1/10)
2026-09-12 02:05:55.761 DEBUG  Queuing item for routing: Pin on net '/GND' (connected: 1/69)
2026-09-12 02:05:55.761 DEBUG  Queuing item for routing: Pin on net '/LOGIC_3V3' (connected: 1/38)
2026-09-12 02:05:55.762 DEBUG  Queuing item for routing: Pin on net '/GND' (connected: 1/69)
2026-09-12 02:05:55.762 DEBUG  Queuing item for routing: Pin on net '/LOGIC_3V3' (connected: 1/38)
2026-09-12 02:05:55.762 DEBUG  Queuing item for routing: Pin on net 'Net-(D2-A)' (connected: 1/5)
2026-09-12 02:05:55.762 DEBUG  Queuing item for routing: Pin on net '/ACT_3V2' (connected: 1/10)
2026-09-12 02:05:55.762 DEBUG  Queuing item for routing: Pin on net '/GND' (connected: 1/69)
2026-09-12 02:05:55.762 DEBUG  Queuing item for routing: Pin on net 'Net-(Q6-D)' (connected: 1/4)
2026-09-12 02:05:55.762 DEBUG  Queuing item for routing: Pin on net 'Net-(D1-A)' (connected: 1/2)
2026-09-12 02:05:55.762 DEBUG  Queuing item for routing: Pin on net 'Net-(D1-K)' (connected: 1/2)
2026-09-12 02:05:55.763 DEBUG  Queuing item for routing: Pin on net 'Net-(J2-BLK)' (connected: 1/3)
2026-09-12 02:05:55.763 DEBUG  Queuing item for routing: Pin on net 'Net-(Q3-C)' (connected: 1/2)
2026-09-12 02:05:55.763 DEBUG  Queuing item for routing: Pin on net 'Net-(Q2-B)' (connected: 1/3)
2026-09-12 02:05:55.763 DEBUG  Queuing item for routing: Pin on net '/BL_PWM' (connected: 1/3)
2026-09-12 02:05:55.763 DEBUG  Queuing item for routing: Pin on net 'Net-(Q2-C)' (connected: 1/2)
2026-09-12 02:05:55.763 DEBUG  Queuing item for routing: Pin on net 'Net-(Q3-B)' (connected: 1/3)
2026-09-12 02:05:55.765 DEBUG  Queuing item for routing: Pin on net '/SPI_MOSI' (connected: 1/5)
2026-09-12 02:05:55.766 DEBUG  Queuing item for routing: Pin on net '/LOGIC_3V3' (connected: 1/38)
2026-09-12 02:05:55.766 DEBUG  Queuing item for routing: Pin on net '/TFT_CS' (connected: 1/4)
2026-09-12 02:05:55.766 DEBUG  Queuing item for routing: Pin on net '/LOGIC_3V3' (connected: 1/38)
2026-09-12 02:05:55.769 DEBUG  Queuing item for routing: Pin on net '/GND' (connected: 1/69)
2026-09-12 02:05:55.769 DEBUG  Queuing item for routing: Pin on net 'Net-(U4-R-EXT)' (connected: 1/2)
2026-09-12 02:05:55.769 DEBUG  Queuing item for routing: Pin on net '/ACT_3V2' (connected: 1/10)
2026-09-12 02:05:55.770 DEBUG  Queuing item for routing: Pin on net '/LOGIC_3V3' (connected: 1/38)
2026-09-12 02:05:55.770 DEBUG  Queuing item for routing: Pin on net '/GND' (connected: 1/69)
2026-09-12 02:05:55.770 DEBUG  Queuing item for routing: Pin on net '/MCU_5V' (connected: 1/6)
2026-09-12 02:05:55.771 DEBUG  Queuing item for routing: Pin on net 'Net-(U3-NP1)' (connected: 1/2)
2026-09-12 02:05:55.771 DEBUG  Queuing item for routing: Pin on net 'Net-(U3-IN1)' (connected: 1/3)
2026-09-12 02:05:55.771 DEBUG  Queuing item for routing: Pin on net '/GND' (connected: 1/69)
2026-09-12 02:05:55.772 DEBUG  Queuing item for routing: Pin on net 'Net-(U3-NP2)' (connected: 1/3)
2026-09-12 02:05:55.772 DEBUG  Queuing item for routing: Pin on net '/GND' (connected: 1/69)
2026-09-12 02:05:55.772 DEBUG  Queuing item for routing: Pin on net 'Net-(J5--)' (connected: 1/3)
2026-09-12 02:05:55.772 DEBUG  Queuing item for routing: Pin on net 'Net-(Q6-D)' (connected: 1/4)
2026-09-12 02:05:55.772 DEBUG  Queuing item for routing: Pin on net 'Net-(J5-+)' (connected: 1/3)
2026-09-12 02:05:55.772 DEBUG  Queuing item for routing: Pin on net 'Net-(U2-VS)' (connected: 1/5)
2026-09-12 02:05:55.773 DEBUG  Queuing item for routing: Pin on net '/GND' (connected: 1/69)
2026-09-12 02:05:55.773 DEBUG  Queuing item for routing: Pin on net '/IR_RX' (connected: 1/3)
2026-09-12 02:05:55.777 DEBUG  Queuing item for routing: Pin on net 'Net-(Q6-D)' (connected: 1/4)
2026-09-12 02:05:55.777 DEBUG  Queuing item for routing: Pin on net 'Net-(Q6-G)' (connected: 1/3)
2026-09-12 02:05:55.777 DEBUG  Queuing item for routing: Pin on net '/ACT_3V2' (connected: 1/10)
2026-09-12 02:05:55.777 DEBUG  Queuing item for routing: Pin on net '/GND' (connected: 1/69)
2026-09-12 02:05:55.777 DEBUG  Queuing item for routing: Pin on net 'Net-(Q5-G)' (connected: 1/3)
2026-09-12 02:05:55.777 DEBUG  Queuing item for routing: Pin on net 'Net-(Q1-B)' (connected: 1/3)
2026-09-12 02:05:55.777 DEBUG  Queuing item for routing: Pin on net '/IR_TX' (connected: 1/3)
2026-09-12 02:05:55.777 DEBUG  Queuing item for routing: Pin on net 'Net-(U2-VS)' (connected: 1/5)
2026-09-12 02:05:55.778 DEBUG  Queuing item for routing: Pin on net '/LOGIC_3V3' (connected: 1/38)
2026-09-12 02:05:55.778 DEBUG  Queuing item for routing: Pin on net '/SD_CS' (connected: 1/4)
2026-09-12 02:05:55.778 DEBUG  Queuing item for routing: Pin on net '/LOGIC_3V3' (connected: 1/38)
2026-09-12 02:05:55.778 DEBUG  Queuing item for routing: Pin on net 'Net-(U1-GPB2_{slash}_X)' (connected: 1/4)
2026-09-12 02:05:55.778 DEBUG  Queuing item for routing: Pin on net '/LOGIC_3V3' (connected: 1/38)
2026-09-12 02:05:55.778 DEBUG  Queuing item for routing: Pin on net 'Net-(U1-GPB0_{slash}_A)' (connected: 1/4)
2026-09-12 02:05:55.778 DEBUG  Queuing item for routing: Pin on net '/LOGIC_3V3' (connected: 1/38)
2026-09-12 02:05:55.778 DEBUG  Queuing item for routing: Pin on net '/I2C_SDA' (connected: 1/4)
2026-09-12 02:05:55.778 DEBUG  Queuing item for routing: Pin on net '/LOGIC_3V3' (connected: 1/38)
2026-09-12 02:05:55.778 DEBUG  Queuing item for routing: Pin on net '/BUTTON_INT_N' (connected: 1/4)
2026-09-12 02:05:55.778 DEBUG  Queuing item for routing: Pin on net '/LOGIC_3V3' (connected: 1/38)
2026-09-12 02:05:55.779 DEBUG  Queuing item for routing: Pin on net 'Net-(U3-IN1)' (connected: 1/3)
2026-09-12 02:05:55.779 DEBUG  Queuing item for routing: Pin on net 'Net-(C20-Pad2)' (connected: 1/2)
2026-09-12 02:05:55.779 DEBUG  Queuing item for routing: Pin on net 'Net-(U1-GPA1_{slash}_DOWN)' (connected: 1/4)
2026-09-12 02:05:55.779 DEBUG  Queuing item for routing: Pin on net '/LOGIC_3V3' (connected: 1/38)
2026-09-12 02:05:55.779 DEBUG  Queuing item for routing: Pin on net 'Net-(D1-A)' (connected: 1/2)
2026-09-12 02:05:55.779 DEBUG  Queuing item for routing: Pin on net '/LOGIC_3V3' (connected: 1/38)
2026-09-12 02:05:55.779 DEBUG  Queuing item for routing: Pin on net 'Net-(U1-RESET_N)' (connected: 1/4)
2026-09-12 02:05:55.779 DEBUG  Queuing item for routing: Pin on net '/LOGIC_3V3' (connected: 1/38)
2026-09-12 02:05:55.779 DEBUG  Queuing item for routing: Pin on net '/TFT_RST_N' (connected: 1/4)
2026-09-12 02:05:55.783 DEBUG  Queuing item for routing: Pin on net '/LOGIC_3V3' (connected: 1/38)
2026-09-12 02:05:55.784 DEBUG  Queuing item for routing: Pin on net '/RGB_OE_N' (connected: 1/3)
2026-09-12 02:05:55.784 DEBUG  Queuing item for routing: Pin on net '/LOGIC_3V3' (connected: 1/38)
2026-09-12 02:05:55.784 DEBUG  Queuing item for routing: Pin on net 'Net-(Q6-G)' (connected: 1/3)
2026-09-12 02:05:55.784 DEBUG  Queuing item for routing: Pin on net '/ACT_3V2' (connected: 1/10)
2026-09-12 02:05:55.784 DEBUG  Queuing item for routing: Pin on net 'Net-(U1-GPA3_{slash}_RIGHT)' (connected: 1/4)
2026-09-12 02:05:55.784 DEBUG  Queuing item for routing: Pin on net '/LOGIC_3V3' (connected: 1/38)
2026-09-12 02:05:55.784 DEBUG  Queuing item for routing: Pin on net 'Net-(U1-GPA0_{slash}_UP)' (connected: 1/4)
2026-09-12 02:05:55.784 DEBUG  Queuing item for routing: Pin on net '/LOGIC_3V3' (connected: 1/38)
2026-09-12 02:05:55.784 DEBUG  Queuing item for routing: Pin on net 'Net-(U1-GPA2_{slash}_LEFT)' (connected: 1/4)
2026-09-12 02:05:55.785 DEBUG  Queuing item for routing: Pin on net '/LOGIC_3V3' (connected: 1/38)
2026-09-12 02:05:55.785 DEBUG  Queuing item for routing: Pin on net 'Net-(U1-GPB1_{slash}_B)' (connected: 1/4)
2026-09-12 02:05:55.785 DEBUG  Queuing item for routing: Pin on net '/LOGIC_3V3' (connected: 1/38)
2026-09-12 02:05:55.785 DEBUG  Queuing item for routing: Pin on net 'Net-(C23-Pad2)' (connected: 1/2)
2026-09-12 02:05:55.785 DEBUG  Queuing item for routing: Pin on net 'Net-(J5-+)' (connected: 1/3)
2026-09-12 02:05:55.785 DEBUG  Queuing item for routing: Pin on net '/GND' (connected: 1/69)
2026-09-12 02:05:55.785 DEBUG  Queuing item for routing: Pin on net 'Net-(U1-RESET_N)' (connected: 1/4)
2026-09-12 02:05:55.785 DEBUG  Queuing item for routing: Pin on net '/GND' (connected: 1/69)
2026-09-12 02:05:55.785 DEBUG  Queuing item for routing: Pin on net '/LOGIC_3V3' (connected: 1/38)
2026-09-12 02:05:55.785 DEBUG  Queuing item for routing: Pin on net '/GND' (connected: 1/69)
2026-09-12 02:05:55.786 DEBUG  Queuing item for routing: Pin on net '/LOGIC_3V3' (connected: 1/38)
2026-09-12 02:05:55.786 DEBUG  Queuing item for routing: Pin on net '/GND' (connected: 1/69)
2026-09-12 02:05:55.786 DEBUG  Queuing item for routing: Pin on net 'Net-(U2-VS)' (connected: 1/5)
2026-09-12 02:05:55.786 DEBUG  Queuing item for routing: Pin on net 'Net-(U3-NP2)' (connected: 1/3)
2026-09-12 02:05:55.786 DEBUG  Queuing item for routing: Pin on net 'Net-(U3-NP1)' (connected: 1/2)
2026-09-12 02:05:55.786 DEBUG  Queuing item for routing: Pin on net 'Net-(D2-A)' (connected: 1/5)
2026-09-12 02:05:55.786 DEBUG  Queuing item for routing: Pin on net 'Net-(Q4-G)' (connected: 1/3)
2026-09-12 02:05:55.786 DEBUG  Queuing item for routing: Pin on net '/GND' (connected: 1/69)
2026-09-12 02:05:55.786 DEBUG  Queuing item for routing: Pin on net 'Net-(D2-A)' (connected: 1/5)
2026-09-12 02:05:55.786 DEBUG  Queuing item for routing: Pin on net '/ACT_3V2' (connected: 1/10)
2026-09-12 02:05:55.790 DEBUG  Queuing item for routing: Pin on net 'Net-(J5--)' (connected: 1/3)
2026-09-12 02:05:55.791 DEBUG  Queuing item for routing: Pin on net 'Net-(J5-+)' (connected: 1/3)
2026-09-12 02:05:55.791 DEBUG  Queuing item for routing: Pin on net '/GND' (connected: 1/69)
2026-09-12 02:05:55.791 DEBUG  Queuing item for routing: Pin on net '/LOGIC_3V3' (connected: 1/38)
2026-09-12 02:05:55.791 DEBUG  Queuing item for routing: Pin on net '/GND' (connected: 1/69)
2026-09-12 02:05:55.791 DEBUG  Queuing item for routing: Pin on net '/LOGIC_3V3' (connected: 1/38)
2026-09-12 02:05:55.792 DEBUG  Queuing item for routing: Pin on net '/GND' (connected: 1/69)
2026-09-12 02:05:55.792 DEBUG  Queuing item for routing: Pin on net 'Net-(U2-VS)' (connected: 1/5)
2026-09-12 02:05:55.792 DEBUG  Queuing item for routing: Pin on net 'Net-(D2-A)' (connected: 1/5)
2026-09-12 02:05:55.792 DEBUG  Queuing item for routing: Pin on net '/ACT_3V2' (connected: 1/10)
2026-09-12 02:05:55.793 DEBUG  Queuing item for routing: Pin on net '/GND' (connected: 1/69)
2026-09-12 02:05:55.867 DEBUG  Queuing item for routing: Pin on net '/LOGIC_3V3' (connected: 1/38)
2026-09-12 02:05:55.867 DEBUG  Queuing item for routing: Pin on net '/GND' (connected: 1/69)
2026-09-12 02:05:55.867 DEBUG  Queuing item for routing: Pin on net 'Net-(U3-NP2)' (connected: 1/3)
2026-09-12 02:05:55.868 DEBUG  Queuing item for routing: Pin on net '/GND' (connected: 1/69)
2026-09-12 02:05:55.868 DEBUG  Queuing item for routing: Pin on net '/MCU_5V' (connected: 1/6)
2026-09-12 02:05:55.872 DEBUG  Queuing item for routing: Pin on net '/GND' (connected: 1/69)
2026-09-12 02:05:55.872 DEBUG  Queuing item for routing: Pin on net '/ACT_3V2' (connected: 1/10)
2026-09-12 02:05:55.872 DEBUG  Queuing item for routing: Pin on net '/LOGIC_3V3' (connected: 1/38)
2026-09-12 02:05:55.872 DEBUG  Queuing item for routing: Pin on net 'Net-(Q3-B)' (connected: 1/3)
2026-09-12 02:05:55.872 DEBUG  Queuing item for routing: Pin on net 'Net-(Q3-C)' (connected: 1/2)
2026-09-12 02:05:55.872 DEBUG  Queuing item for routing: Pin on net 'Net-(Q5-D)' (connected: 1/2)
2026-09-12 02:05:55.872 DEBUG  Queuing item for routing: Pin on net 'Net-(Q5-G)' (connected: 1/3)
2026-09-12 02:05:55.873 DEBUG  Queuing item for routing: Pin on net '/GND' (connected: 1/69)
2026-09-12 02:05:55.873 DEBUG  Queuing item for routing: Pin on net 'Net-(D1-K)' (connected: 1/2)
2026-09-12 02:05:55.873 DEBUG  Queuing item for routing: Pin on net 'Net-(Q1-B)' (connected: 1/3)
2026-09-12 02:05:55.873 DEBUG  Queuing item for routing: Pin on net '/GND' (connected: 1/69)
2026-09-12 02:05:55.873 DEBUG  Queuing item for routing: Pin on net 'Net-(Q2-C)' (connected: 1/2)
2026-09-12 02:05:55.873 DEBUG  Queuing item for routing: Pin on net 'Net-(Q2-B)' (connected: 1/3)
2026-09-12 02:05:55.876 DEBUG  Queuing item for routing: Pin on net '/GND' (connected: 1/69)
2026-09-12 02:05:55.876 DEBUG  Queuing item for routing: Pin on net '/TFT_DC' (connected: 1/3)
2026-09-12 02:05:55.877 DEBUG  Queuing item for routing: Pin on net '/TFT_CS' (connected: 1/4)
2026-09-12 02:05:55.877 DEBUG  Queuing item for routing: Pin on net '/GND' (connected: 1/69)
2026-09-12 02:05:55.878 DEBUG  Queuing item for routing: Pin on net '/SPI_SCK' (connected: 1/4)
2026-09-12 02:05:55.883 DEBUG  Queuing item for routing: Pin on net '/SPI_MISO' (connected: 1/3)
2026-09-12 02:05:55.883 DEBUG  Queuing item for routing: Pin on net '/SPI_MOSI' (connected: 1/5)
2026-09-12 02:05:55.883 DEBUG  Queuing item for routing: Pin on net '/SD_CS' (connected: 1/4)
2026-09-12 02:05:55.883 DEBUG  Queuing item for routing: Pin on net '/BL_PWM' (connected: 1/3)
2026-09-12 02:05:55.883 DEBUG  Queuing item for routing: Pin on net '/AUDIO_PWM' (connected: 1/3)
2026-09-12 02:05:55.884 DEBUG  Queuing item for routing: Pin on net '/IR_TX' (connected: 1/3)
2026-09-12 02:05:55.884 DEBUG  Queuing item for routing: Pin on net '/IR_RX' (connected: 1/3)
2026-09-12 02:05:55.884 DEBUG  Queuing item for routing: Pin on net '/MCU_5V' (connected: 1/6)
2026-09-12 02:05:55.884 DEBUG  Queuing item for routing: Pin on net '/I2C_SCL' (connected: 1/4)
2026-09-12 02:05:55.884 DEBUG  Queuing item for routing: Pin on net '/I2C_SDA' (connected: 1/4)
2026-09-12 02:05:55.892 DEBUG  Queuing item for routing: Pin on net '/BUTTON_FN_N' (connected: 1/5)
2026-09-12 02:05:55.892 DEBUG  Queuing item for routing: Pin on net '/BUTTON_INT_N' (connected: 1/4)
2026-09-12 02:05:55.892 DEBUG  Queuing item for routing: Pin on net 'Net-(C20-Pad2)' (connected: 1/2)
2026-09-12 02:05:55.892 DEBUG  Queuing item for routing: Pin on net 'Net-(C19-Pad1)' (connected: 1/4)
2026-09-12 02:05:55.893 DEBUG  Queuing item for routing: Pin on net '/GND' (connected: 1/69)
2026-09-12 02:05:55.893 DEBUG  Queuing item for routing: Pin on net 'Net-(Q6-D)' (connected: 1/4)
2026-09-12 02:05:55.893 DEBUG  Queuing item for routing: Pin on net 'Net-(C24-Pad2)' (connected: 1/2)
2026-09-12 02:05:55.893 DEBUG  Queuing item for routing: Pin on net 'Net-(J5--)' (connected: 1/3)
2026-09-12 02:05:55.893 DEBUG  Queuing item for routing: Pin on net '/GND' (connected: 1/69)
2026-09-12 02:05:55.893 DEBUG  Queuing item for routing: Pin on net 'Net-(C19-Pad1)' (connected: 1/4)
2026-09-12 02:05:55.894 DEBUG  Queuing item for routing: Pin on net '/GND' (connected: 1/69)
2026-09-12 02:05:55.894 DEBUG  Queuing item for routing: Pin on net '/ACT_3V2' (connected: 1/10)
2026-09-12 02:05:55.894 DEBUG  Queuing item for routing: Pin on net '/GND' (connected: 1/69)
2026-09-12 02:05:55.894 DEBUG  Queuing item for routing: Pin on net 'Net-(C18-Pad1)' (connected: 1/3)
2026-09-12 02:05:55.894 DEBUG  Queuing item for routing: Pin on net '/GND' (connected: 1/69)
2026-09-12 02:05:55.903 DEBUG  Queuing item for routing: Pin on net '/MCU_5V' (connected: 1/6)
2026-09-12 02:05:55.903 DEBUG  Queuing item for routing: Pin on net '/BUTTON_FN_N' (connected: 1/5)
2026-09-12 02:05:55.903 DEBUG  Queuing item for routing: Pin on net '/LOGIC_3V3' (connected: 1/38)
2026-09-12 02:05:55.904 DEBUG  Queuing item for routing: Pin on net '/I2C_SCL' (connected: 1/4)
2026-09-12 02:05:55.904 DEBUG  Queuing item for routing: Pin on net '/LOGIC_3V3' (connected: 1/38)
2026-09-12 02:05:55.904 DEBUG  Queuing item for routing: Pin on net '/GND' (connected: 1/69)
2026-09-12 02:05:55.904 DEBUG  Queuing item for routing: Pin on net 'Net-(Q2-B)' (connected: 1/3)
2026-09-12 02:05:55.904 DEBUG  Queuing item for routing: Pin on net 'Net-(Q4-G)' (connected: 1/3)
2026-09-12 02:05:55.905 DEBUG  Queuing item for routing: Pin on net '/MOTOR_EN' (connected: 1/2)
2026-09-12 02:05:55.905 DEBUG  Queuing item for routing: Pin on net '/GND' (connected: 1/69)
2026-09-12 02:05:55.905 DEBUG  Queuing item for routing: Pin on net 'Net-(C24-Pad2)' (connected: 1/2)
2026-09-12 02:05:55.905 DEBUG  Queuing item for routing: Pin on net 'Net-(Q5-D)' (connected: 1/2)
2026-09-12 02:05:55.905 DEBUG  Queuing item for routing: Pin on net 'Net-(Q6-G)' (connected: 1/3)
2026-09-12 02:05:55.905 DEBUG  Queuing item for routing: Pin on net '/GND' (connected: 1/69)
2026-09-12 02:05:55.911 DEBUG  Queuing item for routing: Pin on net 'Net-(C23-Pad2)' (connected: 1/2)
2026-09-12 02:05:55.911 DEBUG  Queuing item for routing: Pin on net '/GND' (connected: 1/69)
2026-09-12 02:05:55.911 DEBUG  Queuing item for routing: Pin on net 'Net-(Q4-G)' (connected: 1/3)
2026-09-12 02:05:55.911 DEBUG  Queuing item for routing: Pin on net 'Net-(C19-Pad1)' (connected: 1/4)
2026-09-12 02:05:55.912 DEBUG  Queuing item for routing: Pin on net 'Net-(C18-Pad1)' (connected: 1/3)
2026-09-12 02:05:55.912 DEBUG  Queuing item for routing: Pin on net 'Net-(U1-GPB3_{slash}_Y)' (connected: 1/4)
2026-09-12 02:05:55.912 DEBUG  Queuing item for routing: Pin on net '/LOGIC_3V3' (connected: 1/38)
2026-09-12 02:05:55.912 DEBUG  Queuing item for routing: Pin on net '/GND' (connected: 1/69)
2026-09-12 02:05:55.912 DEBUG  Queuing item for routing: Pin on net '/RGB_DATA' (connected: 1/3)
2026-09-12 02:05:55.913 DEBUG  Queuing item for routing: Pin on net '/SPI_MISO' (connected: 1/3)
2026-09-12 02:05:55.913 DEBUG  Queuing item for routing: Pin on net '/LOGIC_3V3' (connected: 1/38)
2026-09-12 02:05:55.913 DEBUG  Queuing item for routing: Pin on net '/GND' (connected: 1/69)
2026-09-12 02:05:55.913 DEBUG  Queuing item for routing: Pin on net 'Net-(Q1-B)' (connected: 1/3)
2026-09-12 02:05:55.913 DEBUG  Queuing item for routing: Pin on net '/GND' (connected: 1/69)
2026-09-12 02:05:55.925 DEBUG  Queuing item for routing: Pin on net 'Net-(U3-IN1)' (connected: 1/3)
2026-09-12 02:05:55.925 DEBUG  Queuing item for routing: Pin on net 'Net-(C18-Pad1)' (connected: 1/3)
2026-09-12 02:05:55.925 DEBUG  Queuing item for routing: Pin on net '/AUDIO_PWM' (connected: 1/3)
2026-09-12 02:05:55.925 DEBUG  Queuing item for routing: Pin on net 'Net-(Q5-G)' (connected: 1/3)
2026-09-12 02:05:55.925 DEBUG  Queuing item for routing: Pin on net '/AMP_EN' (connected: 1/2)
2026-09-12 02:05:55.926 DEBUG  Queuing item for routing: Pin on net 'Net-(Q3-B)' (connected: 1/3)
2026-09-12 02:05:55.926 DEBUG  Queuing item for routing: Pin on net '/LOGIC_3V3' (connected: 1/38)
2026-09-12 02:05:55.926 DEBUG  Queuing item for routing: Pin on net '/GND' (connected: 1/69)
2026-09-12 02:05:55.926 DEBUG  Queuing item for routing: Pin on net '/RGB_CLK' (connected: 1/3)
2026-09-12 02:05:55.926 DEBUG  Queuing item for routing: Pin on net '/BL_PWM' (connected: 1/3)
2026-09-12 02:05:55.927 DEBUG  Queuing item for routing: Pin on net 'Net-(C19-Pad1)' (connected: 1/4)
2026-09-12 02:05:55.927 DEBUG  Queuing item for routing: Pin on net '/GND' (connected: 1/69)
2026-09-12 02:05:55.927 DEBUG  Queuing item for routing: Pin on net '/TFT_RST_N' (connected: 1/4)
2026-09-12 02:05:55.927 DEBUG  Queuing item for routing: Pin on net '/IR_TX' (connected: 1/3)
2026-09-12 02:05:55.927 DEBUG  Queuing item for routing: Pin on net '/ACT_3V2' (connected: 1/10)
2026-09-12 02:05:55.931 DEBUG  Queuing item for routing: Pin on net '/GND' (connected: 1/69)
2026-09-12 02:05:55.931 DEBUG  Queuing item for routing: Pin on net '/SD_CS' (connected: 1/4)
2026-09-12 02:05:55.931 DEBUG  Queuing item for routing: Pin on net 'Net-(J2-BLK)' (connected: 1/3)
2026-09-12 02:05:55.931 DEBUG  Queuing item for routing: Pin on net '/SPI_SCK' (connected: 1/4)
2026-09-12 02:05:55.932 DEBUG  Queuing item for routing: Pin on net '/I2C_SCL' (connected: 1/4)
2026-09-12 02:05:55.932 DEBUG  Queuing item for routing: Pin on net '/I2C_SDA' (connected: 1/4)
2026-09-12 02:05:55.932 DEBUG  Queuing item for routing: Pin on net 'Net-(D2-A)' (connected: 1/5)
2026-09-12 02:05:55.932 DEBUG  Queuing item for routing: Pin on net '/SPI_MOSI' (connected: 1/5)
2026-09-12 02:05:55.932 DEBUG  Queuing item for routing: Pin on net '/MCU_5V' (connected: 1/6)
2026-09-12 02:05:55.933 DEBUG  Queuing item for routing: Pin on net 'Net-(U1-RESET_N)' (connected: 1/4)
2026-09-12 02:05:55.933 DEBUG  Queuing item for routing: Pin on net '/BUTTON_INT_N' (connected: 1/4)
2026-09-12 02:05:55.933 DEBUG  Queuing item for routing: Pin on net '/AUDIO_PWM' (connected: 1/3)
2026-09-12 02:05:55.933 DEBUG  Queuing item for routing: Pin on net '/TFT_DC' (connected: 1/3)
2026-09-12 02:05:55.933 DEBUG  Queuing item for routing: Pin on net '/BUTTON_FN_N' (connected: 1/5)
2026-09-12 02:05:55.933 DEBUG  Queuing item for routing: Pin on net '/LOGIC_3V3' (connected: 1/38)
2026-09-12 02:05:55.934 DEBUG  Queuing item for routing: Pin on net '/IR_RX' (connected: 1/3)
2026-09-12 02:05:55.934 DEBUG  Queuing item for routing: Pin on net 'Net-(U2-VS)' (connected: 1/5)
2026-09-12 02:05:55.934 DEBUG  Queuing item for routing: Pin on net '/TFT_CS' (connected: 1/4)
2026-09-12 02:05:55.934 DEBUG  Queuing item for routing: Pin on net '/GND' (connected: 1/69)
2026-09-12 02:05:55.934 DEBUG  Queuing item for routing: Pin on net 'Net-(J2-BLK)' (connected: 1/3)
2026-09-12 02:05:55.945 DEBUG  Queuing item for routing: Pin on net '/TFT_CS' (connected: 1/4)
2026-09-12 02:05:55.945 DEBUG  Queuing item for routing: Pin on net '/TFT_DC' (connected: 1/3)
2026-09-12 02:05:55.945 DEBUG  Queuing item for routing: Pin on net '/TFT_RST_N' (connected: 1/4)
2026-09-12 02:05:55.945 DEBUG  Queuing item for routing: Pin on net '/SPI_MOSI' (connected: 1/5)
2026-09-12 02:05:55.946 DEBUG  Queuing item for routing: Pin on net '/SPI_SCK' (connected: 1/4)
2026-09-12 02:05:55.946 DEBUG  Queuing item for routing: Pin on net '/LOGIC_3V3' (connected: 1/38)
2026-09-12 02:05:55.946 DEBUG  Queuing item for routing: Pin on net '/GND' (connected: 1/69)
2026-09-12 02:05:55.946 DEBUG  Queuing item for routing: Pin on net 'Net-(D3-GREEN_K)' (connected: 1/2)
2026-09-12 02:05:55.946 DEBUG  Queuing item for routing: Pin on net 'Net-(D3-BLUE_K)' (connected: 1/2)
2026-09-12 02:05:55.946 DEBUG  Queuing item for routing: Pin on net '/MCU_5V' (connected: 1/6)
2026-09-12 02:05:55.947 DEBUG  Queuing item for routing: Pin on net 'Net-(D3-RED_K)' (connected: 1/2)
2026-09-12 02:05:55.947 DEBUG  Queuing item for routing: Pin on net '/GND' (connected: 1/69)
2026-09-12 02:05:55.947 DEBUG  Queuing item for routing: Pin on net '/GND' (connected: 1/69)
2026-09-12 02:05:55.947 DEBUG  Queuing item for routing: Pin on net 'Net-(U1-GPA0_{slash}_UP)' (connected: 1/4)
2026-09-12 02:05:55.947 DEBUG  Queuing item for routing: Pin on net 'Net-(U1-GPA0_{slash}_UP)' (connected: 1/4)
2026-09-12 02:05:55.954 DEBUG  Queuing item for routing: Pin on net '/GND' (connected: 1/69)
2026-09-12 02:05:55.954 DEBUG  Queuing item for routing: Pin on net '/GND' (connected: 1/69)
2026-09-12 02:05:55.954 DEBUG  Queuing item for routing: Pin on net 'Net-(U1-GPB1_{slash}_B)' (connected: 1/4)
2026-09-12 02:05:55.954 DEBUG  Queuing item for routing: Pin on net 'Net-(U1-GPB1_{slash}_B)' (connected: 1/4)
2026-09-12 02:05:55.954 DEBUG  Queuing item for routing: Pin on net '/GND' (connected: 1/69)
2026-09-12 02:05:55.954 DEBUG  Queuing item for routing: Pin on net '/GND' (connected: 1/69)
2026-09-12 02:05:55.955 DEBUG  Queuing item for routing: Pin on net '/BUTTON_FN_N' (connected: 1/5)
2026-09-12 02:05:55.955 DEBUG  Queuing item for routing: Pin on net '/BUTTON_FN_N' (connected: 1/5)
2026-09-12 02:05:55.955 DEBUG  Queuing item for routing: Pin on net '/GND' (connected: 1/69)
2026-09-12 02:05:55.955 DEBUG  Queuing item for routing: Pin on net '/GND' (connected: 1/69)
2026-09-12 02:05:55.955 DEBUG  Queuing item for routing: Pin on net 'Net-(U1-GPA1_{slash}_DOWN)' (connected: 1/4)
2026-09-12 02:05:55.956 DEBUG  Queuing item for routing: Pin on net 'Net-(U1-GPA1_{slash}_DOWN)' (connected: 1/4)
2026-09-12 02:05:55.956 DEBUG  Queuing item for routing: Pin on net '/GND' (connected: 1/69)
2026-09-12 02:05:55.956 DEBUG  Queuing item for routing: Pin on net '/GND' (connected: 1/69)
2026-09-12 02:05:55.956 DEBUG  Queuing item for routing: Pin on net 'Net-(U1-GPA3_{slash}_RIGHT)' (connected: 1/4)
2026-09-12 02:05:55.956 DEBUG  Queuing item for routing: Pin on net 'Net-(U1-GPA3_{slash}_RIGHT)' (connected: 1/4)
2026-09-12 02:05:55.962 DEBUG  Queuing item for routing: Pin on net '/GND' (connected: 1/69)
2026-09-12 02:05:55.963 DEBUG  Queuing item for routing: Pin on net '/GND' (connected: 1/69)
2026-09-12 02:05:55.963 DEBUG  Queuing item for routing: Pin on net 'Net-(U1-GPB2_{slash}_X)' (connected: 1/4)
2026-09-12 02:05:55.963 DEBUG  Queuing item for routing: Pin on net 'Net-(U1-GPB2_{slash}_X)' (connected: 1/4)
2026-09-12 02:05:55.963 DEBUG  Queuing item for routing: Pin on net '/GND' (connected: 1/69)
2026-09-12 02:05:55.964 DEBUG  Queuing item for routing: Pin on net '/GND' (connected: 1/69)
2026-09-12 02:05:55.964 DEBUG  Queuing item for routing: Pin on net 'Net-(U1-GPB3_{slash}_Y)' (connected: 1/4)
2026-09-12 02:05:55.964 DEBUG  Queuing item for routing: Pin on net 'Net-(U1-GPB3_{slash}_Y)' (connected: 1/4)
2026-09-12 02:05:55.964 DEBUG  Queuing item for routing: Pin on net '/GND' (connected: 1/69)
2026-09-12 02:05:55.964 DEBUG  Queuing item for routing: Pin on net '/GND' (connected: 1/69)
2026-09-12 02:05:55.964 DEBUG  Queuing item for routing: Pin on net 'Net-(U1-GPA2_{slash}_LEFT)' (connected: 1/4)
2026-09-12 02:05:55.965 DEBUG  Queuing item for routing: Pin on net 'Net-(U1-GPA2_{slash}_LEFT)' (connected: 1/4)
2026-09-12 02:05:55.965 DEBUG  Queuing item for routing: Pin on net '/GND' (connected: 1/69)
2026-09-12 02:05:55.965 DEBUG  Queuing item for routing: Pin on net '/GND' (connected: 1/69)
2026-09-12 02:05:55.965 DEBUG  Queuing item for routing: Pin on net 'Net-(U1-GPB0_{slash}_A)' (connected: 1/4)
2026-09-12 02:05:55.965 DEBUG  Queuing item for routing: Pin on net 'Net-(U1-GPB0_{slash}_A)' (connected: 1/4)
2026-09-12 02:05:56.051 DEBUG  [1F10BC\727C02] Pass #1: 247 incompletes across 310 items to route
2026-09-12 02:05:56.051 DEBUG  [1F10BC\727C02]   Net 'Net-(U1-GPB0_{slash}_A)' has 3 incomplete(s)
2026-09-12 02:05:56.051 DEBUG  [1F10BC\727C02]   Net '/GND' has 68 incomplete(s)
2026-09-12 02:05:56.051 DEBUG  [1F10BC\727C02]   Net 'Net-(U1-GPA2_{slash}_LEFT)' has 3 incomplete(s)
2026-09-12 02:05:56.051 DEBUG  [1F10BC\727C02]   Net 'Net-(U1-GPB3_{slash}_Y)' has 3 incomplete(s)
2026-09-12 02:05:56.051 DEBUG  [1F10BC\727C02]   Net 'Net-(U1-GPB2_{slash}_X)' has 3 incomplete(s)
2026-09-12 02:05:56.051 DEBUG  [1F10BC\727C02]   Net 'Net-(D3-RED_K)' has 1 incomplete(s)
2026-09-12 02:05:56.051 DEBUG  [1F10BC\727C02]   Net '/MCU_5V' has 5 incomplete(s)
2026-09-12 02:05:56.051 DEBUG  [1F10BC\727C02]   Net 'Net-(D3-BLUE_K)' has 1 incomplete(s)
2026-09-12 02:05:56.051 DEBUG  [1F10BC\727C02]   Net 'Net-(D3-GREEN_K)' has 1 incomplete(s)
2026-09-12 02:05:56.051 DEBUG  [1F10BC\727C02]   Net '/LOGIC_3V3' has 37 incomplete(s)
2026-09-12 02:05:56.051 DEBUG  [1F10BC\727C02]   Net '/SPI_SCK' has 3 incomplete(s)
2026-09-12 02:05:56.054 DEBUG  [1F10BC\727C02]   Net '/SPI_MOSI' has 4 incomplete(s)
2026-09-12 02:05:56.054 DEBUG  [1F10BC\727C02]   Net '/TFT_RST_N' has 3 incomplete(s)
2026-09-12 02:05:56.057 DEBUG  [1F10BC\727C02]   Net '/TFT_DC' has 2 incomplete(s)
2026-09-12 02:05:56.057 DEBUG  [1F10BC\727C02]   Net '/TFT_CS' has 3 incomplete(s)
2026-09-12 02:05:56.057 DEBUG  [1F10BC\727C02]   Net 'Net-(J2-BLK)' has 2 incomplete(s)
2026-09-12 02:05:56.057 DEBUG  [1F10BC\727C02]   Net 'Net-(U1-GPA3_{slash}_RIGHT)' has 3 incomplete(s)
2026-09-12 02:05:56.057 DEBUG  [1F10BC\727C02]   Net 'Net-(U1-GPA1_{slash}_DOWN)' has 3 incomplete(s)
2026-09-12 02:05:56.057 DEBUG  [1F10BC\727C02]   Net '/BUTTON_FN_N' has 4 incomplete(s)
2026-09-12 02:05:56.057 DEBUG  [1F10BC\727C02]   Net 'Net-(U1-GPB1_{slash}_B)' has 3 incomplete(s)
2026-09-12 02:05:56.057 DEBUG  [1F10BC\727C02]   Net 'Net-(U1-GPA0_{slash}_UP)' has 3 incomplete(s)
2026-09-12 02:05:56.057 DEBUG  [1F10BC\727C02]   Net '/RGB_CLK' has 2 incomplete(s)
2026-09-12 02:05:56.057 DEBUG  [1F10BC\727C02]   Net 'Net-(Q6-G)' has 2 incomplete(s)
2026-09-12 02:05:56.057 DEBUG  [1F10BC\727C02]   Net 'Net-(Q5-D)' has 1 incomplete(s)
2026-09-12 02:05:56.057 DEBUG  [1F10BC\727C02]   Net '/BUTTON_INT_N' has 3 incomplete(s)
2026-09-12 02:05:56.057 DEBUG  [1F10BC\727C02]   Net '/I2C_SDA' has 3 incomplete(s)
2026-09-12 02:05:56.057 DEBUG  [1F10BC\727C02]   Net '/I2C_SCL' has 3 incomplete(s)
2026-09-12 02:05:56.057 DEBUG  [1F10BC\727C02]   Net '/IR_RX' has 2 incomplete(s)
2026-09-12 02:05:56.057 DEBUG  [1F10BC\727C02]   Net '/IR_TX' has 2 incomplete(s)
2026-09-12 02:05:56.057 DEBUG  [1F10BC\727C02]   Net '/AUDIO_PWM' has 2 incomplete(s)
2026-09-12 02:05:56.057 DEBUG  [1F10BC\727C02]   Net '/BL_PWM' has 2 incomplete(s)
2026-09-12 02:05:56.057 DEBUG  [1F10BC\727C02]   Net '/SD_CS' has 3 incomplete(s)
2026-09-12 02:05:56.058 DEBUG  [1F10BC\727C02]   Net '/SPI_MISO' has 2 incomplete(s)
2026-09-12 02:05:56.058 DEBUG  [1F10BC\727C02]   Net 'Net-(U2-VS)' has 4 incomplete(s)
2026-09-12 02:05:56.058 DEBUG  [1F10BC\727C02]   Net 'Net-(Q2-B)' has 2 incomplete(s)
2026-09-12 02:05:56.058 DEBUG  [1F10BC\727C02]   Net 'Net-(Q2-C)' has 1 incomplete(s)
2026-09-12 02:05:56.058 DEBUG  [1F10BC\727C02]   Net '/ACT_3V2' has 9 incomplete(s)
2026-09-12 02:05:56.058 DEBUG  [1F10BC\727C02]   Net 'Net-(U3-NP2)' has 2 incomplete(s)
2026-09-12 02:05:56.058 DEBUG  [1F10BC\727C02]   Net 'Net-(J5-+)' has 2 incomplete(s)
2026-09-12 02:05:56.058 DEBUG  [1F10BC\727C02]   Net 'Net-(J5--)' has 2 incomplete(s)
2026-09-12 02:05:56.058 DEBUG  [1F10BC\727C02]   Net 'Net-(Q3-B)' has 2 incomplete(s)
2026-09-12 02:05:56.058 DEBUG  [1F10BC\727C02]   Net 'Net-(Q4-G)' has 2 incomplete(s)
2026-09-12 02:05:56.058 DEBUG  [1F10BC\727C02]   Net 'Net-(D2-A)' has 4 incomplete(s)
2026-09-12 02:05:56.058 DEBUG  [1F10BC\727C02]   Net 'Net-(U3-NP1)' has 1 incomplete(s)
2026-09-12 02:05:56.058 DEBUG  [1F10BC\727C02]   Net 'Net-(C18-Pad1)' has 2 incomplete(s)
2026-09-12 02:05:56.058 DEBUG  [1F10BC\727C02]   Net '/AMP_EN' has 1 incomplete(s)
2026-09-12 02:05:56.058 DEBUG  [1F10BC\727C02]   Net 'Net-(Q5-G)' has 2 incomplete(s)
2026-09-12 02:05:56.058 DEBUG  [1F10BC\727C02]   Net 'Net-(Q6-D)' has 3 incomplete(s)
2026-09-12 02:05:56.058 DEBUG  [1F10BC\727C02]   Net 'Net-(C24-Pad2)' has 1 incomplete(s)
2026-09-12 02:05:56.058 DEBUG  [1F10BC\727C02]   Net 'Net-(U3-IN1)' has 2 incomplete(s)
2026-09-12 02:05:56.058 DEBUG  [1F10BC\727C02]   Net 'Net-(Q1-B)' has 2 incomplete(s)
2026-09-12 02:05:56.058 DEBUG  [1F10BC\727C02]   Net 'Net-(U4-R-EXT)' has 1 incomplete(s)
2026-09-12 02:05:56.059 DEBUG  [1F10BC\727C02]   Net 'Net-(D1-K)' has 1 incomplete(s)
2026-09-12 02:05:56.059 DEBUG  [1F10BC\727C02]   Net 'Net-(D1-A)' has 1 incomplete(s)
2026-09-12 02:05:56.059 DEBUG  [1F10BC\727C02]   Net '/RGB_OE_N' has 2 incomplete(s)
2026-09-12 02:05:56.059 DEBUG  [1F10BC\727C02]   Net 'Net-(U1-RESET_N)' has 3 incomplete(s)
2026-09-12 02:05:56.059 DEBUG  [1F10BC\727C02]   Net '/MOTOR_EN' has 1 incomplete(s)
2026-09-12 02:05:56.059 DEBUG  [1F10BC\727C02]   Net 'Net-(C23-Pad2)' has 1 incomplete(s)
2026-09-12 02:05:56.059 DEBUG  [1F10BC\727C02]   Net '/RGB_DATA' has 2 incomplete(s)
2026-09-12 02:05:56.059 DEBUG  [1F10BC\727C02]   Net 'Net-(C20-Pad2)' has 1 incomplete(s)
2026-09-12 02:05:56.059 DEBUG  [1F10BC\727C02]   Net 'Net-(C19-Pad1)' has 3 incomplete(s)
2026-09-12 02:05:56.059 DEBUG  [1F10BC\727C02]   Net '/RGB_LATCH' has 1 incomplete(s)
2026-09-12 02:05:56.059 DEBUG  [1F10BC\727C02]   Net 'Net-(Q3-C)' has 1 incomplete(s)
2026-09-12 02:05:58.048 DEBUG  InsertFoundConnectionAlgo: insert trace failed for net #68 at corner 51/51 on layer 1, trace width: 1000, from corner: 16, ok_point: (597640,-237119), target: (213100,-509700)
2026-09-12 02:05:58.070 DEBUG  [1F10BC\727C02] Autorouter Failed to route connection between pin #26 of component #127 and pin #3 of component #129, because the new connection could not be inserted.
2026-09-12 02:06:00.537 DEBUG  InsertFoundConnectionAlgo: insert trace failed for net #22 at corner 24/24 on layer 1, trace width: 1000, from corner: 9, ok_point: (435510,-519112), target: (915000,-564200)
2026-09-12 02:06:00.550 DEBUG  [1F10BC\727C02] Autorouter Failed to route connection between polylinetrace, polylinetrace, pin #2 of component #129, pin of component #39 and pin #25 of component #127, because the new connection could not be inserted.
2026-09-12 02:06:02.248 DEBUG  InsertFoundConnectionAlgo: insert trace failed for net #21 at corner 7/30 on layer 0, trace width: 1000, from corner: 6, ok_point: (232119,-386379), target: (232119,-404094)
2026-09-12 02:06:02.263 DEBUG  [1F10BC\727C02] Autorouter Failed to route connection between pin #1 of component #92, pin #1 of component #9, pin of component #9 and pin #20 of component #127, because the new connection could not be inserted.
2026-09-12 02:06:02.842 DEBUG  InsertFoundConnectionAlgo: insert trace failed for net #28 at corner 24/24 on layer 0, trace width: 1000, from corner: 17, ok_point: (103498,-82964), target: (95000,-45000)
2026-09-12 02:06:02.854 DEBUG  [1F10BC\727C02] Autorouter Failed to route connection between pin #1 of component #102, pin #4 of component #68, pin of component #27 and pin #12 of component #127, because the new connection could not be inserted.
2026-09-12 02:06:03.561 DEBUG  InsertFoundConnectionAlgo: insert trace failed for net #59 at corner 58/58 on layer 1, trace width: 1000, from corner: 34, ok_point: (479537,-678802), target: (709200,-890000)
2026-09-12 02:06:03.582 DEBUG  [1F10BC\727C02] Autorouter Failed to route connection between pin of component #57 and pin #5 of component #127, because the new connection could not be inserted.
2026-09-12 02:06:04.522 DEBUG  InsertFoundConnectionAlgo: insert trace failed for net #20 at corner 38/38 on layer 1, trace width: 1000, from corner: 3, ok_point: (217671,-520702), target: (660000,-777500)
2026-09-12 02:06:04.541 DEBUG  [1F10BC\727C02] Autorouter Failed to route connection between pin #1 of component #90, pin #1 of component #8, pin of component #8 and pin #1 of component #127, because the new connection could not be inserted.
2026-09-12 02:06:04.728 DEBUG  InsertFoundConnectionAlgo: insert trace failed for net #1 at corner 42/42 on layer 1, trace width: 1000, from corner: 24, ok_point: (554537,-623802), target: (770000,-677500)
2026-09-12 02:06:04.745 DEBUG  [1F10BC\727C02] Autorouter Failed to route connection between pin #1 of component #103, pin #1 of component #1, pin of component #1 and pin of component #127, because the new connection could not be inserted.
2026-09-12 02:06:09.924 DEBUG  InsertFoundConnectionAlgo: insert trace failed for net #25 at corner 41/41 on layer 1, trace width: 1000, from corner: 12, ok_point: (796519,-244152), target: (403800,-224800)
2026-09-12 02:06:09.941 DEBUG  [1F10BC\727C02] Autorouter Failed to route connection between polylinetrace, polylinetrace, pin #19 of component #127, pin of component #68, pin of component #22 and pin #1 of component #101, because the new connection could not be inserted.
2026-09-12 02:06:11.308 DEBUG  InsertFoundConnectionAlgo: insert trace failed for net #57 at corner 44/44 on layer 1, trace width: 1000, from corner: 31, ok_point: (306198,-394536), target: (213100,-535100)
2026-09-12 02:06:11.332 DEBUG  [1F10BC\727C02] Autorouter Failed to route connection between pin #27 of component #127 and polylinetrace, polylinetrace, pin #12 of component #129, pin #1 of component #95, because the new connection could not be inserted.
2026-09-12 02:06:13.543 DEBUG  InsertFoundConnectionAlgo: insert trace failed for net #58 at corner 34/34 on layer 0, trace width: 1000, from corner: 5, ok_point: (238498,-478705), target: (415531,-692806)
2026-09-12 02:06:13.580 DEBUG  [1F10BC\727C02] Autorouter Failed to route connection between polylinetrace, pin #1 of component #97, pin of component #23 and polylinetrace, polylinetrace, polylinetrace, pin #17 of component #127, pin of component #88, because the new connection could not be inserted.
2026-09-12 02:06:14.658 DEBUG  InsertFoundConnectionAlgo: insert trace failed for net #44 at corner 36/36 on layer 1, trace width: 1000, from corner: 20, ok_point: (515437,-919002), target: (815000,-919200)
2026-09-12 02:06:14.682 DEBUG  [1F10BC\727C02] Autorouter Failed to route connection between pin #1 of component #57, pin of component #49 and pin #1 of component #83, because the new connection could not be inserted.
2026-09-12 02:06:26.172 DEBUG  InsertFoundConnectionAlgo: insert trace failed for net #7 at corner 26/26 on layer 0, trace width: 1000, from corner: 13, ok_point: (566198,-430464), target: (540000,-330000)
2026-09-12 02:06:26.198 DEBUG  [1F10BC\727C02] Autorouter Failed to route connection between polylinetrace, polylinetrace, pin #6 of component #68, pin of component #24, pin #1 of component #10 and polylinetrace, polylinetrace, polylinetrace, polylinetrace, pin of component #112, pin of component #74, pin of component #61, because the new connection could not be inserted.
2026-09-12 02:06:31.407 DEBUG  InsertFoundConnectionAlgo: insert trace failed for net #61 at corner 79/79 on layer 1, trace width: 1000, from corner: 64, ok_point: (258653,-410752), target: (213100,-458900)
2026-09-12 02:06:31.440 DEBUG  [1F10BC\727C02] Autorouter Failed to route connection between pin #24 of component #127 and polylinetrace, polylinetrace, pin #1 of component #129, pin of component #46, because the new connection could not be inserted.
2026-09-12 02:06:41.153 DEBUG  InsertFoundConnectionAlgo: insert trace failed for net #2 at corner 14/14 on layer 1, trace width: 1000, from corner: 4, ok_point: (416502,-467026), target: (518100,-457300)
2026-09-12 02:06:41.188 DEBUG  [1F10BC\727C02] Autorouter Failed to route connection between polylinetrace, polylinetrace, polylinetrace, polylinetrace, polylinetrace, polylinetrace, polylinetrace, polylinetrace, polylinetrace, polylinetrace, polylinetrace, polylinetrace, polylinetrace, polylinetrace, polylinetrace, polylinetrace, polylinetrace, polylinetrace, polylinetrace, polylinetrace, polylinetrace, polylinetrace, polylinetrace, polylinetrace, polylinetrace, polylinetrace, polylinetrace, polylinetrace, polylinetrace, polylinetrace, polylinetrace, polylinetrace, polylinetrace, polylinetrace, polylinetrace, polylinetrace, polylinetrace, polylinetrace, polylinetrace, polylinetrace, polylinetrace, pin of component #129, pin #5 of component #128, pin #1 of component #126, pin #1 of component #125, pin #1 of component #124, pin #1 of component #123, pin #1 of component #122, pin #1 of component #113, pin #1 of component #112, pin #5 of component #111, pin #3 of component #111, pin #1 of component #108, pin of component #83, pin #1 of component #80, pin #1 of component #76, pin #1 of component #75, pin #1 of component #74, pin #1 of component #73, pin of component #71, pin of component #69, pin #15 of component #68, pin #1 of component #64, pin #1 of component #63, pin #1 of component #62, pin #1 of component #61, pin #1 of component #58, pin #1 of component #56, pin #1 of component #50, pin #1 of component #49, pin #1 of component #46, pin #1 of component #43, pin #1 of component #39, pin of component #36, pin of component #32, pin of component #14, pin #3 of component #9, pin #2 of component #9, pin #3 of component #8, pin #2 of component #8, pin #3 of component #7, pin #2 of component #7, pin #3 of component #6, pin #2 of component #6, pin #3 of component #5, pin #2 of component #5, pin #3 of component #4, pin #2 of component #4, pin #3 of component #3, pin #2 of component #3, pin #3 of component #2, pin #2 of component #2, pin #3 of component #1, pin #2 of component #1 and polylinetrace, polylinetrace, polylinetrace, polylinetrace, polylinetrace, polylinetrace, polylinetrace, polylinetrace, polylinetrace, polylinetrace, polylinetrace, polylinetrace, polylinetrace, polylinetrace, polylinetrace, polylinetrace, polylinetrace, polylinetrace, polylinetrace, polylinetrace, polylinetrace, polylinetrace, polylinetrace, polylinetrace, polylinetrace, polylinetrace, polylinetrace, pin #16 of component #127, pin #15 of component #127, pin #14 of component #127, pin #9 of component #127, pin #1 of component #120, pin #1 of component #110, pin #1 of component #88, pin #1 of component #87, pin #1 of component #86, pin #1 of component #85, pin #1 of component #79, pin #1 of component #78, pin of component #70, pin #1 of component #66, pin #1 of component #44, pin of component #11, because the new connection could not be inserted.
2026-09-12 02:06:49.008 DEBUG  InsertFoundConnectionAlgo: insert trace failed for net #3 at corner 11/59 on layer 1, trace width: 1000, from corner: 6, ok_point: (341103,-729100), target: (331738,-735612)
2026-09-12 02:06:49.048 DEBUG  [1F10BC\727C02] Autorouter Failed to route connection between pin #1 of component #91 and polylinetrace, polylinetrace, polylinetrace, pin #22 of component #127, pin #1 of component #2, pin of component #2, because the new connection could not be inserted.
2026-09-12 02:06:49.050 DEBUG  [1F10BC\727C02] Pass #1: Failed to route Pin on net 'Net-(U1-GPA2_{slash}_LEFT)' (5 items remaining, 1 failures). State: FAILED
2026-09-12 02:06:51.235 INFO   [1F10BC\727C02] Auto-routing pass #1 on board '91b831fcdb8b1d619ddde965a3cd3359' was completed in 55.49 seconds with the score of 910.93 (22 unrouted and 0 violations), using 24.61 CPU seconds and the job allocated 82.26 GB of memory so far.
2026-09-12 02:06:51.501 DEBUG  Queuing item for routing: Pin on net '/RGB_OE_N' (connected: 4/5)
2026-09-12 02:06:51.503 DEBUG  Queuing item for routing: Pin on net '/RGB_LATCH' (connected: 1/2)
2026-09-12 02:06:51.503 DEBUG  Queuing item for routing: Pin on net '/RGB_DATA' (connected: 4/5)
2026-09-12 02:06:51.508 DEBUG  Queuing item for routing: Pin on net '/GND' (connected: 150/156)
2026-09-12 02:06:51.508 DEBUG  Queuing item for routing: Pin on net '/SPI_MISO' (connected: 3/4)
2026-09-12 02:06:51.508 DEBUG  Queuing item for routing: Pin on net '/RGB_OE_N' (connected: 1/5)
2026-09-12 02:06:51.579 DEBUG  Queuing item for routing: Pin on net '/RGB_LATCH' (connected: 1/2)
2026-09-12 02:06:51.580 DEBUG  Queuing item for routing: Pin on net '/RGB_DATA' (connected: 1/5)
2026-09-12 02:06:51.580 DEBUG  Queuing item for routing: Pin on net 'Net-(U1-GPA3_{slash}_RIGHT)' (connected: 1/6)
2026-09-12 02:06:51.580 DEBUG  Queuing item for routing: Pin on net 'Net-(U1-GPA2_{slash}_LEFT)' (connected: 6/7)
2026-09-12 02:06:51.580 DEBUG  Queuing item for routing: Pin on net 'Net-(U1-GPA1_{slash}_DOWN)' (connected: 7/8)
2026-09-12 02:06:51.580 DEBUG  Queuing item for routing: Pin on net 'Net-(U1-GPA0_{slash}_UP)' (connected: 7/8)
2026-09-12 02:06:51.580 DEBUG  Queuing item for routing: Pin on net '/BUTTON_INT_N' (connected: 1/5)
2026-09-12 02:06:51.581 DEBUG  Queuing item for routing: Pin on net '/I2C_SCL' (connected: 6/9)
2026-09-12 02:06:51.581 DEBUG  Queuing item for routing: Pin on net '/MOTOR_EN' (connected: 1/2)
2026-09-12 02:06:51.581 DEBUG  Queuing item for routing: Pin on net '/AMP_EN' (connected: 1/2)
2026-09-12 02:06:51.581 DEBUG  Queuing item for routing: Pin on net 'Net-(U1-GPB3_{slash}_Y)' (connected: 3/6)
2026-09-12 02:06:51.581 DEBUG  Queuing item for routing: Pin on net 'Net-(U1-GPB2_{slash}_X)' (connected: 3/6)
2026-09-12 02:06:51.581 DEBUG  Queuing item for routing: Pin on net 'Net-(U1-GPB1_{slash}_B)' (connected: 1/6)
2026-09-12 02:06:51.582 DEBUG  Queuing item for routing: Pin on net '/GND' (connected: 5/156)
2026-09-12 02:06:51.582 DEBUG  Queuing item for routing: Pin on net 'Net-(Q6-D)' (connected: 8/9)
2026-09-12 02:06:51.586 DEBUG  Queuing item for routing: Pin on net 'Net-(J2-BLK)' (connected: 3/4)
2026-09-12 02:06:51.586 DEBUG  Queuing item for routing: Pin on net 'Net-(Q3-C)' (connected: 1/5)
2026-09-12 02:06:51.586 DEBUG  Queuing item for routing: Pin on net '/BL_PWM' (connected: 3/4)
2026-09-12 02:06:51.587 DEBUG  Queuing item for routing: Pin on net '/GND' (connected: 1/156)
2026-09-12 02:06:51.587 DEBUG  Queuing item for routing: Pin on net 'Net-(Q6-D)' (connected: 1/9)
2026-09-12 02:06:51.588 DEBUG  Queuing item for routing: Pin on net '/BUTTON_INT_N' (connected: 1/5)
2026-09-12 02:06:51.588 DEBUG  Queuing item for routing: Pin on net 'Net-(U1-GPA1_{slash}_DOWN)' (connected: 1/8)
2026-09-12 02:06:51.588 DEBUG  Queuing item for routing: Pin on net 'Net-(U1-GPA3_{slash}_RIGHT)' (connected: 5/6)
2026-09-12 02:06:51.588 DEBUG  Queuing item for routing: Pin on net 'Net-(U1-GPA0_{slash}_UP)' (connected: 1/8)
2026-09-12 02:06:51.588 DEBUG  Queuing item for routing: Pin on net 'Net-(U1-GPA2_{slash}_LEFT)' (connected: 1/7)
2026-09-12 02:06:51.588 DEBUG  Queuing item for routing: Pin on net 'Net-(U1-GPB1_{slash}_B)' (connected: 5/6)
2026-09-12 02:06:51.592 DEBUG  Queuing item for routing: Pin on net 'Net-(Q3-C)' (connected: 4/5)
2026-09-12 02:06:51.593 DEBUG  Queuing item for routing: Pin on net '/SPI_MISO' (connected: 1/4)
2026-09-12 02:06:51.594 DEBUG  Queuing item for routing: Pin on net '/BL_PWM' (connected: 1/4)
2026-09-12 02:06:51.594 DEBUG  Queuing item for routing: Pin on net '/BUTTON_INT_N' (connected: 3/5)
2026-09-12 02:06:51.594 DEBUG  Queuing item for routing: Pin on net '/I2C_SCL' (connected: 3/9)
2026-09-12 02:06:51.594 DEBUG  Queuing item for routing: Pin on net '/MOTOR_EN' (connected: 1/2)
2026-09-12 02:06:51.595 DEBUG  Queuing item for routing: Pin on net '/AMP_EN' (connected: 1/2)
2026-09-12 02:06:51.595 DEBUG  Queuing item for routing: Pin on net 'Net-(J2-BLK)' (connected: 1/4)
2026-09-12 02:06:51.595 DEBUG  Queuing item for routing: Pin on net 'Net-(U1-GPB2_{slash}_X)' (connected: 3/6)
2026-09-12 02:06:51.595 DEBUG  Queuing item for routing: Pin on net 'Net-(U1-GPB3_{slash}_Y)' (connected: 3/6)
2026-09-12 02:06:51.703 DEBUG  [1F10BC\727C02] Pass #2: 22 incompletes across 42 items to route
2026-09-12 02:06:51.703 DEBUG  [1F10BC\727C02]   Net '/GND' has 2 incomplete(s)
2026-09-12 02:06:51.703 DEBUG  [1F10BC\727C02]   Net 'Net-(U1-GPA2_{slash}_LEFT)' has 1 incomplete(s)
2026-09-12 02:06:51.703 DEBUG  [1F10BC\727C02]   Net 'Net-(U1-GPB3_{slash}_Y)' has 1 incomplete(s)
2026-09-12 02:06:51.706 DEBUG  [1F10BC\727C02]   Net 'Net-(U1-GPB2_{slash}_X)' has 1 incomplete(s)
2026-09-12 02:06:51.707 DEBUG  [1F10BC\727C02]   Net 'Net-(J2-BLK)' has 1 incomplete(s)
2026-09-12 02:06:51.707 DEBUG  [1F10BC\727C02]   Net 'Net-(U1-GPA3_{slash}_RIGHT)' has 1 incomplete(s)
2026-09-12 02:06:51.707 DEBUG  [1F10BC\727C02]   Net 'Net-(U1-GPA1_{slash}_DOWN)' has 1 incomplete(s)
2026-09-12 02:06:51.707 DEBUG  [1F10BC\727C02]   Net 'Net-(U1-GPB1_{slash}_B)' has 1 incomplete(s)
2026-09-12 02:06:51.707 DEBUG  [1F10BC\727C02]   Net 'Net-(U1-GPA0_{slash}_UP)' has 1 incomplete(s)
2026-09-12 02:06:51.707 DEBUG  [1F10BC\727C02]   Net '/BUTTON_INT_N' has 2 incomplete(s)
2026-09-12 02:06:51.707 DEBUG  [1F10BC\727C02]   Net '/I2C_SCL' has 1 incomplete(s)
2026-09-12 02:06:51.707 DEBUG  [1F10BC\727C02]   Net '/BL_PWM' has 1 incomplete(s)
2026-09-12 02:06:51.707 DEBUG  [1F10BC\727C02]   Net '/SPI_MISO' has 1 incomplete(s)
2026-09-12 02:06:51.707 DEBUG  [1F10BC\727C02]   Net '/AMP_EN' has 1 incomplete(s)
2026-09-12 02:06:51.707 DEBUG  [1F10BC\727C02]   Net 'Net-(Q6-D)' has 1 incomplete(s)
2026-09-12 02:06:51.707 DEBUG  [1F10BC\727C02]   Net '/RGB_OE_N' has 1 incomplete(s)
2026-09-12 02:06:51.707 DEBUG  [1F10BC\727C02]   Net '/MOTOR_EN' has 1 incomplete(s)
2026-09-12 02:06:51.707 DEBUG  [1F10BC\727C02]   Net '/RGB_DATA' has 1 incomplete(s)
2026-09-12 02:06:51.707 DEBUG  [1F10BC\727C02]   Net '/RGB_LATCH' has 1 incomplete(s)
2026-09-12 02:06:51.707 DEBUG  [1F10BC\727C02]   Net 'Net-(Q3-C)' has 1 incomplete(s)
2026-09-12 02:07:02.907 DEBUG  InsertFoundConnectionAlgo: insert trace failed for net #21 at corner 25/25 on layer 1, trace width: 1000, from corner: 16, ok_point: (769037,-581198), target: (880000,-659200)
2026-09-12 02:07:02.951 DEBUG  [1F10BC\727C02] Autorouter Failed to route connection between pin #1 of component #92 and polylinetrace, polylinetrace, polylinetrace, polylinetrace, pin #20 of component #127, pin #1 of component #9, pin of component #9, because the new connection could not be inserted.
2026-09-12 02:07:08.100 DEBUG  InsertFoundConnectionAlgo: insert trace failed for net #5 at corner 16/16 on layer 1, trace width: 1000, from corner: 9, ok_point: (439537,-556198), target: (660000,-577500)
2026-09-12 02:07:08.122 DEBUG  [1F10BC\727C02] Autorouter Failed to route connection between polylinetrace, pin #1 of component #4, pin of component #4 and polylinetrace, pin #2 of component #127, pin #1 of component #104, because the new connection could not be inserted.
2026-09-12 02:07:10.788 DEBUG  InsertFoundConnectionAlgo: insert trace failed for net #75 at corner 32/32 on layer 1, trace width: 1000, from corner: 4, ok_point: (769964,-581198), target: (393460,-626359)
2026-09-12 02:07:10.811 DEBUG  [1F10BC\727C02] Autorouter Failed to route connection between polylinetrace, polylinetrace, via, pin of component #72 and pin of component #118, because the new connection could not be inserted.
2026-09-12 02:07:12.645 DEBUG  InsertFoundConnectionAlgo: insert trace failed for net #25 at corner 83/83 on layer 1, trace width: 1000, from corner: 82, ok_point: (367390,-377610), target: (350000,-395000)
2026-09-12 02:07:12.693 DEBUG  [1F10BC\727C02] Autorouter Failed to route connection between polylinetrace, polylinetrace, polylinetrace, pin #19 of component #127, pin of component #68, pin of component #22 and pin #1 of component #101, because the new connection could not be inserted.
2026-09-12 02:07:14.270 DEBUG  InsertFoundConnectionAlgo: insert trace failed for net #75 at corner 32/32 on layer 1, trace width: 1000, from corner: 25, ok_point: (769037,-581198), target: (794893,-581198)
2026-09-12 02:07:14.314 DEBUG  [1F10BC\727C02] Autorouter Failed to route connection between polylinetrace, pin of component #118 and polylinetrace, polylinetrace, via, pin of component #72, because the new connection could not be inserted.
2026-09-12 02:07:14.917 DEBUG  InsertFoundConnectionAlgo: insert trace failed for net #29 at corner 12/41 on layer 0, trace width: 1000, from corner: 11, ok_point: (117881,-429821), target: (117881,-385000)
2026-09-12 02:07:14.964 DEBUG  [1F10BC\727C02] Autorouter Failed to route connection between polylinetrace, polylinetrace, via, polylinetrace, pin #11 of component #127, pin #5 of component #68 and polylinetrace, pin #1 of component #59, pin of component #28, because the new connection could not be inserted.
2026-09-12 02:07:16.319 DEBUG  InsertFoundConnectionAlgo: insert trace failed for net #16 at corner 25/25 on layer 0, trace width: 1000, from corner: 11, ok_point: (708802,-519537), target: (720000,-665000)
2026-09-12 02:07:16.366 DEBUG  [1F10BC\727C02] Autorouter Failed to route connection between polylinetrace, pin #1 of component #118, pin of component #30 and pin #7 of component #11, because the new connection could not be inserted.
2026-09-12 02:07:16.366 DEBUG  [1F10BC\727C02] Pass #2: Failed to route Pin on net 'Net-(J2-BLK)' (3 items remaining, 1 failures). State: FAILED
2026-09-12 02:07:16.570 DEBUG  InsertFoundConnectionAlgo: insert trace failed for net #5 at corner 11/11 on layer 1, trace width: 1000, from corner: 4, ok_point: (440464,-556198), target: (330307,-556198)
2026-09-12 02:07:16.616 DEBUG  [1F10BC\727C02] Autorouter Failed to route connection between polylinetrace, polylinetrace, polylinetrace, pin #2 of component #127, pin #1 of component #104 and polylinetrace, pin #1 of component #4, pin of component #4, because the new connection could not be inserted.
2026-09-12 02:07:16.616 DEBUG  [1F10BC\727C02] Pass #2: Failed to route Pin on net 'Net-(U1-GPB2_{slash}_X)' (2 items remaining, 1 failures). State: FAILED
2026-09-12 02:07:17.766 INFO   [1F10BC\727C02] Auto-routing pass #2 on board '697c566dedfdeaf0cbb46055ffe4e7e5' was completed in 26.26 seconds with the score of 959.51 (10 unrouted and 0 violations), using 36.66 CPU seconds and the job allocated 120.43 GB of memory so far.
2026-09-12 02:07:18.022 DEBUG  Queuing item for routing: Pin on net '/SPI_MOSI' (connected: 7/8)
2026-09-12 02:07:18.022 DEBUG  Queuing item for routing: Pin on net 'Net-(U1-GPA0_{slash}_UP)' (connected: 7/8)
2026-09-12 02:07:18.024 DEBUG  Queuing item for routing: Pin on net '/BUTTON_INT_N' (connected: 6/7)
2026-09-12 02:07:18.024 DEBUG  Queuing item for routing: Pin on net '/I2C_SCL' (connected: 6/9)
2026-09-12 02:07:18.025 DEBUG  Queuing item for routing: Pin on net 'Net-(U1-GPB2_{slash}_X)' (connected: 3/6)
2026-09-12 02:07:18.025 DEBUG  Queuing item for routing: Pin on net 'Net-(U1-GPB0_{slash}_A)' (connected: 1/6)
2026-09-12 02:07:18.026 DEBUG  Queuing item for routing: Pin on net 'Net-(J2-BLK)' (connected: 3/4)
2026-09-12 02:07:18.026 DEBUG  Queuing item for routing: Pin on net 'Net-(Q3-C)' (connected: 1/5)
2026-09-12 02:07:18.030 DEBUG  Queuing item for routing: Pin on net 'Net-(U1-GPB0_{slash}_A)' (connected: 5/6)
2026-09-12 02:07:18.030 DEBUG  Queuing item for routing: Pin on net '/BUTTON_INT_N' (connected: 1/7)
2026-09-12 02:07:18.030 DEBUG  Queuing item for routing: Pin on net 'Net-(U1-GPA0_{slash}_UP)' (connected: 1/8)
2026-09-12 02:07:18.034 DEBUG  Queuing item for routing: Pin on net 'Net-(Q3-C)' (connected: 4/5)
2026-09-12 02:07:18.034 DEBUG  Queuing item for routing: Pin on net 'Net-(Q5-D)' (connected: 1/2)
2026-09-12 02:07:18.034 DEBUG  Queuing item for routing: Pin on net '/SPI_MOSI' (connected: 1/8)
2026-09-12 02:07:18.034 DEBUG  Queuing item for routing: Pin on net '/BUTTON_FN_N' (connected: 7/8)
2026-09-12 02:07:18.035 DEBUG  Queuing item for routing: Pin on net '/BUTTON_FN_N' (connected: 1/8)
2026-09-12 02:07:18.035 DEBUG  Queuing item for routing: Pin on net '/I2C_SCL' (connected: 3/9)
2026-09-12 02:07:18.035 DEBUG  Queuing item for routing: Pin on net 'Net-(Q5-D)' (connected: 1/2)
2026-09-12 02:07:18.035 DEBUG  Queuing item for routing: Pin on net 'Net-(J2-BLK)' (connected: 1/4)
2026-09-12 02:07:18.035 DEBUG  Queuing item for routing: Pin on net 'Net-(U1-GPB2_{slash}_X)' (connected: 3/6)
2026-09-12 02:07:18.167 DEBUG  [1F10BC\727C02] Pass #3: 10 incompletes across 20 items to route
2026-09-12 02:07:18.167 DEBUG  [1F10BC\727C02]   Net 'Net-(U1-GPB0_{slash}_A)' has 1 incomplete(s)
2026-09-12 02:07:18.167 DEBUG  [1F10BC\727C02]   Net 'Net-(U1-GPB2_{slash}_X)' has 1 incomplete(s)
2026-09-12 02:07:18.167 DEBUG  [1F10BC\727C02]   Net '/SPI_MOSI' has 1 incomplete(s)
2026-09-12 02:07:18.167 DEBUG  [1F10BC\727C02]   Net 'Net-(J2-BLK)' has 1 incomplete(s)
2026-09-12 02:07:18.167 DEBUG  [1F10BC\727C02]   Net '/BUTTON_FN_N' has 1 incomplete(s)
2026-09-12 02:07:18.167 DEBUG  [1F10BC\727C02]   Net 'Net-(U1-GPA0_{slash}_UP)' has 1 incomplete(s)
2026-09-12 02:07:18.167 DEBUG  [1F10BC\727C02]   Net 'Net-(Q5-D)' has 1 incomplete(s)
2026-09-12 02:07:18.167 DEBUG  [1F10BC\727C02]   Net '/BUTTON_INT_N' has 1 incomplete(s)
2026-09-12 02:07:18.167 DEBUG  [1F10BC\727C02]   Net '/I2C_SCL' has 1 incomplete(s)
2026-09-12 02:07:18.167 DEBUG  [1F10BC\727C02]   Net 'Net-(Q3-C)' has 1 incomplete(s)
2026-09-12 02:07:19.511 DEBUG  InsertFoundConnectionAlgo: insert trace failed for net #25 at corner 16/16 on layer 1, trace width: 1000, from corner: 8, ok_point: (801348,-294952), target: (880000,-244200)
2026-09-12 02:07:19.555 DEBUG  [1F10BC\727C02] Autorouter Failed to route connection between pin #1 of component #101 and polylinetrace, polylinetrace, polylinetrace, pin #19 of component #127, pin of component #68, pin of component #22, because the new connection could not be inserted.
2026-09-12 02:07:19.816 DEBUG  InsertFoundConnectionAlgo: insert trace failed for net #29 at corner 37/37 on layer 0, trace width: 1000, from corner: 30, ok_point: (209500,-790002), target: (225000,-735000)
2026-09-12 02:07:19.839 DEBUG  [1F10BC\727C02] Autorouter Failed to route connection between polylinetrace, pin #1 of component #59, pin of component #28 and polylinetrace, polylinetrace, via, polylinetrace, pin #11 of component #127, pin #5 of component #68, because the new connection could not be inserted.
2026-09-12 02:07:20.185 DEBUG  InsertFoundConnectionAlgo: insert trace failed for net #5 at corner 25/25 on layer 1, trace width: 1000, from corner: 0, ok_point: (130959,-484300), target: (660000,-577500)
2026-09-12 02:07:20.231 DEBUG  [1F10BC\727C02] Autorouter Failed to route connection between polylinetrace, pin #1 of component #4, pin of component #4 and polylinetrace, pin #2 of component #127, pin #1 of component #104, because the new connection could not be inserted.
2026-09-12 02:07:22.296 DEBUG  InsertFoundConnectionAlgo: insert trace failed for net #25 at corner 60/60 on layer 1, trace width: 1000, from corner: 17, ok_point: (798653,-294952), target: (350000,-395000)
2026-09-12 02:07:22.343 DEBUG  [1F10BC\727C02] Autorouter Failed to route connection between polylinetrace, via, polylinetrace, polylinetrace, polylinetrace, pin #19 of component #127, pin of component #68, pin of component #22 and pin #1 of component #101, because the new connection could not be inserted.
2026-09-12 02:07:22.344 DEBUG  [1F10BC\727C02] Pass #3: Failed to route Pin on net '/BUTTON_INT_N' (11 items remaining, 3 failures). State: FAILED
2026-09-12 02:07:22.550 DEBUG  InsertFoundConnectionAlgo: insert trace failed for net #21 at corner 13/13 on layer 1, trace width: 1000, from corner: 3, ok_point: (440464,-556198), target: (306778,-563689)
2026-09-12 02:07:22.593 DEBUG  [1F10BC\727C02] Autorouter Failed to route connection between polylinetrace, via, polylinetrace, polylinetrace, polylinetrace, polylinetrace, pin #20 of component #127, pin #1 of component #9, pin of component #9 and polylinetrace, pin #1 of component #92, because the new connection could not be inserted.
2026-09-12 02:07:23.790 DEBUG  InsertFoundConnectionAlgo: insert trace failed for net #5 at corner 28/28 on layer 1, trace width: 1000, from corner: 4, ok_point: (440464,-556198), target: (136900,-484300)
2026-09-12 02:07:23.831 DEBUG  [1F10BC\727C02] Autorouter Failed to route connection between polylinetrace, pin #2 of component #127, pin #1 of component #104 and polylinetrace, pin #1 of component #4, pin of component #4, because the new connection could not be inserted.
2026-09-12 02:07:23.831 DEBUG  [1F10BC\727C02] Pass #3: Failed to route Pin on net 'Net-(U1-GPB2_{slash}_X)' (1 items remaining, 2 failures). State: FAILED
2026-09-12 02:07:24.156 INFO   [1F10BC\727C02] Auto-routing pass #3 on board '6ff140407ef3f3cc643c71b30a93c93d' was completed in 6.14 seconds with the score of 979.75 (5 unrouted and 0 violations), using 40.38 CPU seconds and the job allocated 135.14 GB of memory so far.
2026-09-12 02:07:24.299 DEBUG  Queuing item for routing: Pin on net 'Net-(U1-GPA0_{slash}_UP)' (connected: 7/8)
2026-09-12 02:07:24.299 DEBUG  Queuing item for routing: Pin on net '/BUTTON_INT_N' (connected: 6/7)
2026-09-12 02:07:24.300 DEBUG  Queuing item for routing: Pin on net 'Net-(U1-GPB3_{slash}_Y)' (connected: 3/6)
2026-09-12 02:07:24.300 DEBUG  Queuing item for routing: Pin on net 'Net-(U1-GPB2_{slash}_X)' (connected: 3/6)
2026-09-12 02:07:24.300 DEBUG  Queuing item for routing: Pin on net 'Net-(U1-GPB1_{slash}_B)' (connected: 1/6)
2026-09-12 02:07:24.302 DEBUG  Queuing item for routing: Pin on net '/BUTTON_INT_N' (connected: 1/7)
2026-09-12 02:07:24.302 DEBUG  Queuing item for routing: Pin on net 'Net-(U1-GPA0_{slash}_UP)' (connected: 1/8)
2026-09-12 02:07:24.302 DEBUG  Queuing item for routing: Pin on net 'Net-(U1-GPB1_{slash}_B)' (connected: 5/6)
2026-09-12 02:07:24.303 DEBUG  Queuing item for routing: Pin on net 'Net-(U1-GPB2_{slash}_X)' (connected: 3/6)
2026-09-12 02:07:24.303 DEBUG  Queuing item for routing: Pin on net 'Net-(U1-GPB3_{slash}_Y)' (connected: 3/6)
2026-09-12 02:07:24.364 DEBUG  [1F10BC\727C02] Pass #4: 5 incompletes across 10 items to route
2026-09-12 02:07:24.364 DEBUG  [1F10BC\727C02]   Net 'Net-(U1-GPB3_{slash}_Y)' has 1 incomplete(s)
2026-09-12 02:07:24.364 DEBUG  [1F10BC\727C02]   Net 'Net-(U1-GPB2_{slash}_X)' has 1 incomplete(s)
2026-09-12 02:07:24.364 DEBUG  [1F10BC\727C02]   Net 'Net-(U1-GPB1_{slash}_B)' has 1 incomplete(s)
2026-09-12 02:07:24.364 DEBUG  [1F10BC\727C02]   Net 'Net-(U1-GPA0_{slash}_UP)' has 1 incomplete(s)
2026-09-12 02:07:24.364 DEBUG  [1F10BC\727C02]   Net '/BUTTON_INT_N' has 1 incomplete(s)
2026-09-12 02:07:24.433 DEBUG  InsertFoundConnectionAlgo: insert trace failed for net #21 at corner 24/24 on layer 1, trace width: 1000, from corner: 15, ok_point: (769037,-581198), target: (880000,-659200)
2026-09-12 02:07:24.455 DEBUG  [1F10BC\727C02] Autorouter Failed to route connection between pin #1 of component #92 and polylinetrace, polylinetrace, polylinetrace, polylinetrace, pin #20 of component #127, pin #1 of component #9, pin of component #9, because the new connection could not be inserted.
2026-09-12 02:07:24.455 DEBUG  [1F10BC\727C02] Pass #4: Failed to route Pin on net 'Net-(U1-GPA0_{slash}_UP)' (10 items remaining, 3 failures). State: FAILED
2026-09-12 02:07:24.740 DEBUG  InsertFoundConnectionAlgo: insert trace failed for net #25 at corner 16/16 on layer 1, trace width: 1000, from corner: 8, ok_point: (801348,-294952), target: (880000,-244200)
2026-09-12 02:07:24.762 DEBUG  [1F10BC\727C02] Autorouter Failed to route connection between pin #1 of component #101 and polylinetrace, polylinetrace, polylinetrace, pin #19 of component #127, pin of component #68, pin of component #22, because the new connection could not be inserted.
2026-09-12 02:07:25.099 DEBUG  InsertFoundConnectionAlgo: insert trace failed for net #4 at corner 28/28 on layer 1, trace width: 1000, from corner: 21, ok_point: (439537,-556198), target: (564159,-551443)
2026-09-12 02:07:25.144 DEBUG  [1F10BC\727C02] Autorouter Failed to route connection between polylinetrace, pin #1 of component #3, pin of component #3 and polylinetrace, pin #3 of component #127, pin #1 of component #47, because the new connection could not be inserted.
2026-09-12 02:07:26.445 DEBUG  InsertFoundConnectionAlgo: insert trace failed for net #25 at corner 74/74 on layer 1, trace width: 1000, from corner: 17, ok_point: (798653,-294952), target: (350000,-395000)
2026-09-12 02:07:26.471 DEBUG  [1F10BC\727C02] Autorouter Failed to route connection between polylinetrace, via, polylinetrace, polylinetrace, polylinetrace, pin #19 of component #127, pin of component #68, pin of component #22 and pin #1 of component #101, because the new connection could not be inserted.
2026-09-12 02:07:26.472 DEBUG  [1F10BC\727C02] Pass #4: Failed to route Pin on net '/BUTTON_INT_N' (5 items remaining, 4 failures). State: FAILED
2026-09-12 02:07:26.608 DEBUG  InsertFoundConnectionAlgo: insert trace failed for net #21 at corner 38/38 on layer 1, trace width: 1000, from corner: 8, ok_point: (769964,-581198), target: (300000,-577500)
2026-09-12 02:07:26.630 DEBUG  [1F10BC\727C02] Autorouter Failed to route connection between polylinetrace, polylinetrace, polylinetrace, polylinetrace, polylinetrace, pin #20 of component #127, pin #1 of component #9, pin of component #9 and pin #1 of component #92, because the new connection could not be inserted.
2026-09-12 02:07:26.630 DEBUG  [1F10BC\727C02] Pass #4: Failed to route Pin on net 'Net-(U1-GPA0_{slash}_UP)' (4 items remaining, 2 failures). State: FAILED
2026-09-12 02:07:27.504 INFO   [1F10BC\727C02] Auto-routing pass #4 on board 'ef479662e7c7aaa138c5ac4c43889dce' was completed in 3.21 seconds with the score of 991.89 (2 unrouted and 0 violations), using 42.52 CPU seconds and the job allocated 142.79 GB of memory so far.
2026-09-12 02:07:27.628 DEBUG  Queuing item for routing: Pin on net 'Net-(U1-GPA0_{slash}_UP)' (connected: 8/9)
2026-09-12 02:07:27.629 DEBUG  Queuing item for routing: Pin on net '/BUTTON_INT_N' (connected: 6/7)
2026-09-12 02:07:27.634 DEBUG  Queuing item for routing: Pin on net '/BUTTON_INT_N' (connected: 1/7)
2026-09-12 02:07:27.634 DEBUG  Queuing item for routing: Pin on net 'Net-(U1-GPA0_{slash}_UP)' (connected: 1/9)
2026-09-12 02:07:27.697 DEBUG  [1F10BC\727C02] Pass #5: 2 incompletes across 4 items to route
2026-09-12 02:07:27.697 DEBUG  [1F10BC\727C02]   Net 'Net-(U1-GPA0_{slash}_UP)' has 1 incomplete(s)
2026-09-12 02:07:27.699 DEBUG  [1F10BC\727C02]   Net '/BUTTON_INT_N' has 1 incomplete(s)
2026-09-12 02:07:27.851 DEBUG  InsertFoundConnectionAlgo: insert trace failed for net #21 at corner 35/35 on layer 1, trace width: 1000, from corner: 26, ok_point: (769037,-581198), target: (880000,-659200)
2026-09-12 02:07:27.871 DEBUG  [1F10BC\727C02] Autorouter Failed to route connection between pin #1 of component #92 and polylinetrace, polylinetrace, polylinetrace, polylinetrace, polylinetrace, pin #20 of component #127, pin #1 of component #9, pin of component #9, because the new connection could not be inserted.
2026-09-12 02:07:27.872 DEBUG  [1F10BC\727C02] Pass #5: Failed to route Pin on net 'Net-(U1-GPA0_{slash}_UP)' (4 items remaining, 4 failures). State: FAILED
2026-09-12 02:07:28.077 DEBUG  InsertFoundConnectionAlgo: insert trace failed for net #25 at corner 16/16 on layer 1, trace width: 1000, from corner: 8, ok_point: (801348,-294952), target: (880000,-244200)
2026-09-12 02:07:28.124 DEBUG  [1F10BC\727C02] Autorouter Failed to route connection between pin #1 of component #101 and polylinetrace, polylinetrace, polylinetrace, pin #19 of component #127, pin of component #68, pin of component #22, because the new connection could not be inserted.
2026-09-12 02:07:28.125 DEBUG  [1F10BC\727C02] Pass #5: Failed to route Pin on net '/BUTTON_INT_N' (3 items remaining, 3 failures). State: FAILED
2026-09-12 02:07:28.379 DEBUG  InsertFoundConnectionAlgo: insert trace failed for net #25 at corner 28/28 on layer 1, trace width: 1000, from corner: 9, ok_point: (798653,-294952), target: (431011,-284196)
2026-09-12 02:07:28.420 DEBUG  [1F10BC\727C02] Autorouter Failed to route connection between via, polylinetrace, polylinetrace, polylinetrace, polylinetrace, pin #19 of component #127, pin of component #68, pin of component #22 and pin #1 of component #101, because the new connection could not be inserted.
2026-09-12 02:07:28.420 DEBUG  [1F10BC\727C02] Pass #5: Failed to route Pin on net '/BUTTON_INT_N' (2 items remaining, 5 failures). State: FAILED
2026-09-12 02:07:28.608 DEBUG  InsertFoundConnectionAlgo: insert trace failed for net #21 at corner 12/12 on layer 1, trace width: 1000, from corner: 7, ok_point: (769964,-581198), target: (762002,-581198)
2026-09-12 02:07:28.633 DEBUG  [1F10BC\727C02] Autorouter Failed to route connection between polylinetrace, polylinetrace, polylinetrace, polylinetrace, polylinetrace, polylinetrace, pin #20 of component #127, pin #1 of component #9, pin of component #9 and pin #1 of component #92, because the new connection could not be inserted.
2026-09-12 02:07:28.633 DEBUG  [1F10BC\727C02] Pass #5: Failed to route Pin on net 'Net-(U1-GPA0_{slash}_UP)' (1 items remaining, 3 failures). State: FAILED
2026-09-12 02:07:28.832 INFO   [1F10BC\727C02] Auto-routing pass #5 on board 'ce1ac59ad09bb6af2859decab8ad5f92' was completed in 1.21 seconds with the score of 991.89 (2 unrouted and 0 violations), using 43.37 CPU seconds and the job allocated 146.35 GB of memory so far.
2026-09-12 02:07:28.971 DEBUG  Queuing item for routing: Pin on net 'Net-(U1-GPA0_{slash}_UP)' (connected: 8/9)
2026-09-12 02:07:28.971 DEBUG  Queuing item for routing: Pin on net '/BUTTON_INT_N' (connected: 6/7)
2026-09-12 02:07:28.983 DEBUG  Queuing item for routing: Pin on net '/BUTTON_INT_N' (connected: 1/7)
2026-09-12 02:07:28.983 DEBUG  Queuing item for routing: Pin on net 'Net-(U1-GPA0_{slash}_UP)' (connected: 1/9)
2026-09-12 02:07:29.050 DEBUG  [1F10BC\727C02] Pass #6: 2 incompletes across 4 items to route
2026-09-12 02:07:29.050 DEBUG  [1F10BC\727C02]   Net 'Net-(U1-GPA0_{slash}_UP)' has 1 incomplete(s)
2026-09-12 02:07:29.050 DEBUG  [1F10BC\727C02]   Net '/BUTTON_INT_N' has 1 incomplete(s)
2026-09-12 02:07:29.226 DEBUG  InsertFoundConnectionAlgo: insert trace failed for net #21 at corner 44/44 on layer 1, trace width: 1000, from corner: 35, ok_point: (769037,-581198), target: (880000,-659200)
2026-09-12 02:07:29.258 DEBUG  [1F10BC\727C02] Autorouter Failed to route connection between pin #1 of component #92 and polylinetrace, polylinetrace, polylinetrace, polylinetrace, polylinetrace, pin #20 of component #127, pin #1 of component #9, pin of component #9, because the new connection could not be inserted.
2026-09-12 02:07:29.259 DEBUG  [1F10BC\727C02] Pass #6: Failed to route Pin on net 'Net-(U1-GPA0_{slash}_UP)' (4 items remaining, 5 failures). State: FAILED
2026-09-12 02:07:29.461 DEBUG  InsertFoundConnectionAlgo: insert trace failed for net #25 at corner 20/20 on layer 1, trace width: 1000, from corner: 12, ok_point: (801348,-294952), target: (880000,-244200)
2026-09-12 02:07:29.484 DEBUG  [1F10BC\727C02] Autorouter Failed to route connection between pin #1 of component #101 and polylinetrace, polylinetrace, polylinetrace, pin #19 of component #127, pin of component #68, pin of component #22, because the new connection could not be inserted.
2026-09-12 02:07:29.484 DEBUG  [1F10BC\727C02] Pass #6: Failed to route Pin on net '/BUTTON_INT_N' (3 items remaining, 4 failures). State: FAILED
2026-09-12 02:07:29.515 DEBUG  InsertFoundConnectionAlgo: insert trace failed for net #25 at corner 28/28 on layer 1, trace width: 1000, from corner: 9, ok_point: (798653,-294952), target: (431011,-283981)
2026-09-12 02:07:29.536 DEBUG  [1F10BC\727C02] Autorouter Failed to route connection between via, polylinetrace, polylinetrace, polylinetrace, polylinetrace, pin #19 of component #127, pin of component #68, pin of component #22 and pin #1 of component #101, because the new connection could not be inserted.
2026-09-12 02:07:29.536 DEBUG  [1F10BC\727C02] Pass #6: Failed to route Pin on net '/BUTTON_INT_N' (2 items remaining, 6 failures). State: FAILED
2026-09-12 02:07:29.636 DEBUG  InsertFoundConnectionAlgo: insert trace failed for net #21 at corner 12/12 on layer 1, trace width: 1000, from corner: 7, ok_point: (769964,-581198), target: (762002,-581198)
2026-09-12 02:07:29.658 DEBUG  [1F10BC\727C02] Autorouter Failed to route connection between polylinetrace, polylinetrace, polylinetrace, polylinetrace, polylinetrace, polylinetrace, polylinetrace, pin #20 of component #127, pin #1 of component #9, pin of component #9 and pin #1 of component #92, because the new connection could not be inserted.
2026-09-12 02:07:29.658 DEBUG  [1F10BC\727C02] Pass #6: Failed to route Pin on net 'Net-(U1-GPA0_{slash}_UP)' (1 items remaining, 4 failures). State: FAILED
2026-09-12 02:07:29.868 INFO   [1F10BC\727C02] Auto-routing pass #6 on board '1f733b179ded59801c80574a8cca673c' was completed in 0.90 seconds with the score of 991.89 (2 unrouted and 0 violations), using 44.02 CPU seconds and the job allocated 149.52 GB of memory so far.
2026-09-12 02:07:30.002 DEBUG  Queuing item for routing: Pin on net 'Net-(U1-GPA0_{slash}_UP)' (connected: 8/9)
2026-09-12 02:07:30.002 DEBUG  Queuing item for routing: Pin on net '/BUTTON_INT_N' (connected: 6/7)
2026-09-12 02:07:30.006 DEBUG  Queuing item for routing: Pin on net '/BUTTON_INT_N' (connected: 1/7)
2026-09-12 02:07:30.006 DEBUG  Queuing item for routing: Pin on net 'Net-(U1-GPA0_{slash}_UP)' (connected: 1/9)
2026-09-12 02:07:30.072 DEBUG  [1F10BC\727C02] Pass #7: 2 incompletes across 4 items to route
2026-09-12 02:07:30.072 DEBUG  [1F10BC\727C02]   Net 'Net-(U1-GPA0_{slash}_UP)' has 1 incomplete(s)
2026-09-12 02:07:30.072 DEBUG  [1F10BC\727C02]   Net '/BUTTON_INT_N' has 1 incomplete(s)
2026-09-12 02:07:30.240 DEBUG  InsertFoundConnectionAlgo: insert trace failed for net #21 at corner 46/46 on layer 1, trace width: 1000, from corner: 37, ok_point: (769037,-581198), target: (880000,-659200)
2026-09-12 02:07:30.284 DEBUG  [1F10BC\727C02] Autorouter Failed to route connection between pin #1 of component #92 and polylinetrace, polylinetrace, polylinetrace, polylinetrace, polylinetrace, pin #20 of component #127, pin #1 of component #9, pin of component #9, because the new connection could not be inserted.
2026-09-12 02:07:30.284 DEBUG  [1F10BC\727C02] Pass #7: Failed to route Pin on net 'Net-(U1-GPA0_{slash}_UP)' (4 items remaining, 6 failures). State: FAILED
2026-09-12 02:07:30.494 DEBUG  InsertFoundConnectionAlgo: insert trace failed for net #25 at corner 20/20 on layer 1, trace width: 1000, from corner: 12, ok_point: (801348,-294952), target: (880000,-244200)
2026-09-12 02:07:30.518 DEBUG  [1F10BC\727C02] Autorouter Failed to route connection between pin #1 of component #101 and polylinetrace, polylinetrace, polylinetrace, pin #19 of component #127, pin of component #68, pin of component #22, because the new connection could not be inserted.
2026-09-12 02:07:30.518 DEBUG  [1F10BC\727C02] Pass #7: Failed to route Pin on net '/BUTTON_INT_N' (3 items remaining, 5 failures). State: FAILED
2026-09-12 02:07:30.561 DEBUG  InsertFoundConnectionAlgo: insert trace failed for net #25 at corner 28/28 on layer 1, trace width: 1000, from corner: 9, ok_point: (798653,-294952), target: (431011,-283874)
2026-09-12 02:07:30.595 DEBUG  [1F10BC\727C02] Autorouter Failed to route connection between via, polylinetrace, polylinetrace, polylinetrace, polylinetrace, pin #19 of component #127, pin of component #68, pin of component #22 and pin #1 of component #101, because the new connection could not be inserted.
2026-09-12 02:07:30.596 DEBUG  [1F10BC\727C02] Pass #7: Failed to route Pin on net '/BUTTON_INT_N' (2 items remaining, 7 failures). State: FAILED
2026-09-12 02:07:30.695 DEBUG  InsertFoundConnectionAlgo: insert trace failed for net #21 at corner 12/12 on layer 1, trace width: 1000, from corner: 7, ok_point: (769964,-581198), target: (762002,-581198)
2026-09-12 02:07:30.716 DEBUG  [1F10BC\727C02] Autorouter Failed to route connection between polylinetrace, polylinetrace, polylinetrace, polylinetrace, polylinetrace, polylinetrace, polylinetrace, pin #20 of component #127, pin #1 of component #9, pin of component #9 and pin #1 of component #92, because the new connection could not be inserted.
2026-09-12 02:07:30.716 DEBUG  [1F10BC\727C02] Pass #7: Failed to route Pin on net 'Net-(U1-GPA0_{slash}_UP)' (1 items remaining, 5 failures). State: FAILED
2026-09-12 02:07:30.920 INFO   [1F10BC\727C02] Auto-routing pass #7 on board 'e41c7be604b41468ac85ce79bad4236a' was completed in 0.92 seconds with the score of 991.89 (2 unrouted and 0 violations), using 44.86 CPU seconds and the job allocated 153.13 GB of memory so far.
2026-09-12 02:07:31.055 DEBUG  Queuing item for routing: Pin on net 'Net-(U1-GPA0_{slash}_UP)' (connected: 8/9)
2026-09-12 02:07:31.055 DEBUG  Queuing item for routing: Pin on net '/BUTTON_INT_N' (connected: 6/7)
2026-09-12 02:07:31.058 DEBUG  Queuing item for routing: Pin on net '/BUTTON_INT_N' (connected: 1/7)
2026-09-12 02:07:31.058 DEBUG  Queuing item for routing: Pin on net 'Net-(U1-GPA0_{slash}_UP)' (connected: 1/9)
2026-09-12 02:07:31.120 DEBUG  [1F10BC\727C02] Pass #8: 2 incompletes across 4 items to route
2026-09-12 02:07:31.120 DEBUG  [1F10BC\727C02]   Net 'Net-(U1-GPA0_{slash}_UP)' has 1 incomplete(s)
2026-09-12 02:07:31.120 DEBUG  [1F10BC\727C02]   Net '/BUTTON_INT_N' has 1 incomplete(s)
2026-09-12 02:07:31.247 DEBUG  InsertFoundConnectionAlgo: insert trace failed for net #21 at corner 46/46 on layer 1, trace width: 1000, from corner: 37, ok_point: (769037,-581198), target: (880000,-659200)
2026-09-12 02:07:31.282 DEBUG  [1F10BC\727C02] Autorouter Failed to route connection between pin #1 of component #92 and polylinetrace, polylinetrace, polylinetrace, polylinetrace, polylinetrace, pin #20 of component #127, pin #1 of component #9, pin of component #9, because the new connection could not be inserted.
2026-09-12 02:07:31.282 DEBUG  [1F10BC\727C02] Pass #8: Failed to route Pin on net 'Net-(U1-GPA0_{slash}_UP)' (4 items remaining, 7 failures). State: FAILED
2026-09-12 02:07:31.480 DEBUG  InsertFoundConnectionAlgo: insert trace failed for net #25 at corner 20/20 on layer 1, trace width: 1000, from corner: 12, ok_point: (801348,-294952), target: (880000,-244200)
2026-09-12 02:07:31.502 DEBUG  [1F10BC\727C02] Autorouter Failed to route connection between pin #1 of component #101 and polylinetrace, polylinetrace, polylinetrace, pin #19 of component #127, pin of component #68, pin of component #22, because the new connection could not be inserted.
2026-09-12 02:07:31.502 DEBUG  [1F10BC\727C02] Pass #8: Failed to route Pin on net '/BUTTON_INT_N' (3 items remaining, 6 failures). State: FAILED
2026-09-12 02:07:31.534 DEBUG  InsertFoundConnectionAlgo: insert trace failed for net #25 at corner 28/28 on layer 1, trace width: 1000, from corner: 9, ok_point: (798653,-294952), target: (431011,-283820)
2026-09-12 02:07:31.556 DEBUG  [1F10BC\727C02] Autorouter Failed to route connection between via, polylinetrace, polylinetrace, polylinetrace, polylinetrace, pin #19 of component #127, pin of component #68, pin of component #22 and pin #1 of component #101, because the new connection could not be inserted.
2026-09-12 02:07:31.556 DEBUG  [1F10BC\727C02] Pass #8: Failed to route Pin on net '/BUTTON_INT_N' (2 items remaining, 8 failures). State: FAILED
2026-09-12 02:07:31.653 DEBUG  InsertFoundConnectionAlgo: insert trace failed for net #21 at corner 12/12 on layer 1, trace width: 1000, from corner: 7, ok_point: (769964,-581198), target: (762002,-581198)
2026-09-12 02:07:31.674 DEBUG  [1F10BC\727C02] Autorouter Failed to route connection between polylinetrace, polylinetrace, polylinetrace, polylinetrace, polylinetrace, polylinetrace, polylinetrace, pin #20 of component #127, pin #1 of component #9, pin of component #9 and pin #1 of component #92, because the new connection could not be inserted.
2026-09-12 02:07:31.674 DEBUG  [1F10BC\727C02] Pass #8: Failed to route Pin on net 'Net-(U1-GPA0_{slash}_UP)' (1 items remaining, 6 failures). State: FAILED
2026-09-12 02:07:31.876 INFO   [1F10BC\727C02] Auto-routing pass #8 on board 'f35f1dd45c0ab1b94b1550db7add76ab' was completed in 0.83 seconds with the score of 991.89 (2 unrouted and 0 violations), using 45.68 CPU seconds and the job allocated 156.65 GB of memory so far.
2026-09-12 02:07:31.947 DEBUG  === Performance Profile ===
2026-09-12 02:07:31.947 DEBUG  === Routing Parameters ===
2026-09-12 02:07:31.947 DEBUG    Via Costs: 50, Plane Via Costs: 5
2026-09-12 02:07:31.947 DEBUG    Layer Costs (Preferred / Against):
2026-09-12 02:07:31.947 DEBUG      Layer 1: 1.0 / 2.1
2026-09-12 02:07:31.947 DEBUG      Layer 2: 1.0 / 1.9
2026-09-12 02:07:31.947 DEBUG  
2026-09-12 02:07:31.951 DEBUG    autoroute_item                          :    52586 ms total,      398 calls,    132 ms avg
2026-09-12 02:07:31.952 DEBUG  
2026-09-12 02:07:31.952 DEBUG  === Pass History ===
2026-09-12 02:07:31.952 DEBUG    Pass 1  :   22 unrouted items,    55.43 s,   100 ripup cost
2026-09-12 02:07:31.952 DEBUG    Pass 2  :   10 unrouted items,    26.18 s,   200 ripup cost
2026-09-12 02:07:31.952 DEBUG    Pass 3  :    5 unrouted items,     6.11 s,   300 ripup cost
2026-09-12 02:07:31.952 DEBUG    Pass 4  :    2 unrouted items,     3.17 s,   400 ripup cost
2026-09-12 02:07:31.952 DEBUG    Pass 5  :    2 unrouted items,     1.17 s,   500 ripup cost
2026-09-12 02:07:31.952 DEBUG    Pass 6  :    2 unrouted items,     0.86 s,   600 ripup cost
2026-09-12 02:07:31.952 DEBUG    Pass 7  :    2 unrouted items,     0.88 s,   700 ripup cost
2026-09-12 02:07:31.952 DEBUG    Pass 8  :    2 unrouted items,     0.78 s,   800 ripup cost
2026-09-12 02:07:31.952 DEBUG  ===========================
2026-09-12 02:07:32.047 INFO   [1F10BC\727C02] Auto-routing stage completed: started with 247 unrouted nets, completed in 96.94 seconds, final score: 991.89 (2 unrouted and 0 violations), using 45.68 total CPU seconds, 156.65 GB total allocated, and 130.9 MB peak heap usage.
2026-09-12 02:07:32.130 DEBUG  [1F10BC\727C02] Before optimization: Via count: 18, trace length: 45058199
2026-09-12 02:07:32.197 INFO   [1F10BC\727C02] Optimization stage started on board '93caa8537ac210372b0310520a1a4918' with score 991.89 (2 unrouted and 0 violations).
2026-09-12 02:07:32.245 INFO   [1F10BC\727C02] Stopping optimizer because the current board score (991.89) is already close to the maximum score (1000). Remaining potential improvement is less than the threshold (1.00%).
2026-09-12 02:07:32.292 INFO   [1F10BC\727C02] Optimization stage completed: started with score 991.89 (2 unrouted and 0 violations), completed in 0.05 seconds, final score: 991.89 (2 unrouted and 0 violations), using 0.05 total CPU seconds, 0.21 GB total allocated, and 114.9 MB peak heap usage.
2026-09-12 02:07:32.292 INFO   [1F10BC\727C02] Job '1F10BC\727C02' finished with state: COMPLETED (elapsed: 1 minute 37.53 seconds, finished at UTC: 2026-09-12T07:07:32.292600899Z).
2026-09-12 02:11:50.419 INFO   Freerouting v2.3.0 (build-date: 2026-08-07)
2026-09-12 02:11:50.430 DEBUG  [startup] user-data path : /tmp/freerouting  (source: default (java.io.tmpdir))
2026-09-12 02:11:50.430 DEBUG  [startup] log file       : /home/legion/Desktop/KeychainKreatures/KK_main_module/C6_flat_stack/reports/freerouting.log
2026-09-12 02:11:50.572 DEBUG  Settings loaded from '/tmp/freerouting/freerouting.json'.
2026-09-12 02:11:50.573 WARN   [startup] freerouting.json contains a stale 'logging.file.location' value: '/tmp/freerouting/freerouting.log'. The actual log file is being written to '/home/legion/Desktop/KeychainKreatures/KK_main_module/C6_flat_stack/reports/freerouting.log' (as resolved at startup). The stale value will be corrected in freerouting.json on next save. If you see this in Docker, the old JSON was written by an earlier version that stored the host path; the fix is to delete freerouting.json so it is regenerated with the correct path.
2026-09-12 02:11:50.578 DEBUG  Version: 2.3.0,2026-08-07
2026-09-12 02:11:50.578 DEBUG  Command line arguments: '-de /home/legion/Desktop/KeychainKreatures/KK_main_module/C6_flat_stack/C6_route.dsn -do /home/legion/Desktop/KeychainKreatures/KK_main_module/C6_flat_stack/C6_route.ses -mp 12 -mt 1 -oit 5 -da --gui.enabled=false --api_server.enabled=false --logging.file.location=/home/legion/Desktop/KeychainKreatures/KK_main_module/C6_flat_stack/reports'
2026-09-12 02:11:50.578 DEBUG  Architecture: Linux,amd64,6.14.0-37-generic
2026-09-12 02:11:50.578 DEBUG  Java: 25.0.3,Eclipse Adoptium
2026-09-12 02:11:50.578 DEBUG  System Language: en,en
2026-09-12 02:11:50.578 DEBUG  Hardware: 1 CPU cores,742 MB RAM
2026-09-12 02:11:50.579 DEBUG  UTC Time: 2026-09-12T07:11:50.573418578Z
2026-09-12 02:11:50.579 DEBUG  GUI Language: en
2026-09-12 02:11:50.579 DEBUG  Host: N/A
2026-09-12 02:11:50.582 DEBUG  Analytics are disabled
2026-09-12 02:11:51.975 DEBUG  Loaded router settings from: /tmp/freerouting/freerouting.json
2026-09-12 02:11:51.976 DEBUG  Applied CLI router setting: router.max_passes = 12
2026-09-12 02:11:51.976 DEBUG  Applied CLI router setting: router.max_threads = 1
2026-09-12 02:11:51.984 DEBUG  Applied CLI router setting: router.enabled = true (implicit from -de/-do batch mode)
2026-09-12 02:11:51.984 DEBUG  No router settings found in environment variables
2026-09-12 02:11:52.103 DEBUG  Set DEFAULT clearance (all layers): 2000 (0.05 mm) from DSN value 200.0
2026-09-12 02:11:52.119 DEBUG  Set clearance (all layers): smd_smd = 500 (0.0125 mm), classes [2,2]
2026-09-12 02:11:52.123 DEBUG  Set default trace width (all layers): DSN=250.0 → board=2500 (0.0625 mm)
2026-09-12 02:11:52.210 DEBUG  Loaded router settings from DSN file: C6_route.dsn (2 layers)
2026-09-12 02:11:52.245 DEBUG  Set DEFAULT clearance (all layers): 2000 (0.05 mm) from DSN value 200.0
2026-09-12 02:11:52.245 DEBUG  Set clearance (all layers): smd_smd = 500 (0.0125 mm), classes [2,2]
2026-09-12 02:11:52.245 DEBUG  Set default trace width (all layers): DSN=250.0 → board=2500 (0.0625 mm)
2026-09-12 02:11:52.274 DEBUG  Loaded router settings from DSN file: C6_route.dsn (2 layers)
2026-09-12 02:11:52.281 DEBUG  Merging settings from 5 sources:
2026-09-12 02:11:52.281 DEBUG    - Default Settings (priority 0): base settings
2026-09-12 02:11:52.283 DEBUG    - freerouting.json (priority 10): 0 fields changed
2026-09-12 02:11:52.283 DEBUG    - DSN file: C6_route.dsn (priority 20): 4 fields changed
2026-09-12 02:11:52.290 DEBUG    - Environment Variables (priority 55): 0 fields changed
2026-09-12 02:11:52.290 DEBUG    - CLI Arguments (priority 60): 1 fields changed
2026-09-12 02:11:52.290 DEBUG  Settings merged successfully from 5 source(s)
2026-09-12 02:11:52.493 INFO   [AFEFB6\5D114C] Loading board file 'C6_route.dsn'...
2026-09-12 02:11:52.561 DEBUG  Set DEFAULT clearance (all layers): 2000 (0.05 mm) from DSN value 200.0
2026-09-12 02:11:52.568 DEBUG  Set clearance (all layers): smd_smd = 500 (0.0125 mm), classes [2,2]
2026-09-12 02:11:52.568 DEBUG  Set default trace width (all layers): DSN=250.0 → board=2500 (0.0625 mm)
2026-09-12 02:11:52.852 DEBUG  applyBoardSpecificOptimizations changed parameters:
  Layer 0: bendCost: null -> 0.0; preferredDirectionHorizontal: null -> false; undesiredDirectionTraceCost: 1.0 -> 2.1;
  Layer 1: bendCost: null -> 0.0; preferredDirectionHorizontal: null -> true; undesiredDirectionTraceCost: 1.0 -> 1.9;
2026-09-12 02:11:52.872 DEBUG  Applied copper-to-edge clearance override: 500.0 um (5000 board units).
2026-09-12 02:11:52.907 DEBUG  Set DEFAULT clearance (all layers): 2000 (0.05 mm) from DSN value 200.0
2026-09-12 02:11:52.907 DEBUG  Set clearance (all layers): smd_smd = 500 (0.0125 mm), classes [2,2]
2026-09-12 02:11:52.908 DEBUG  Set default trace width (all layers): DSN=250.0 → board=2500 (0.0625 mm)
2026-09-12 02:11:52.922 DEBUG  Loaded router settings from DSN file: C6_route.dsn (2 layers)
2026-09-12 02:11:52.933 DEBUG  Merging settings from 6 sources:
2026-09-12 02:11:52.933 DEBUG    - Default Settings (priority 0): base settings
2026-09-12 02:11:52.933 DEBUG    - freerouting.json (priority 10): 0 fields changed
2026-09-12 02:11:52.933 DEBUG    - DSN file: C6_route.dsn (priority 20): 4 fields changed
2026-09-12 02:11:52.933 DEBUG    - Environment Variables (priority 55): 0 fields changed
2026-09-12 02:11:52.934 DEBUG    - CLI Arguments (priority 60): 1 fields changed
2026-09-12 02:11:52.934 DEBUG    - API Settings (priority 70): 24 fields changed
2026-09-12 02:11:52.934 DEBUG  Settings merged successfully from 6 source(s)
2026-09-12 02:11:52.934 DEBUG  applyBoardSpecificOptimizations changed parameters:
  Layer 0: undesiredDirectionTraceCost: 1.0 -> 2.1;
  Layer 1: undesiredDirectionTraceCost: 1.0 -> 1.9;
2026-09-12 02:11:52.956 INFO   [AFEFB6\5D114C] Job 'AFEFB6\5D114C' started at 2026-09-12T07:11:52.956015541Z.
2026-09-12 02:11:53.336 DEBUG  [AFEFB6\5D114C] Checking fanout pre-pass. settings.fanout.enabled=true, smd_pins=0
2026-09-12 02:11:53.338 INFO   [AFEFB6\5D114C] Fanout stage is enabled but skipped because the board has no SMD pins.
2026-09-12 02:11:53.420 INFO   [AFEFB6\5D114C] Auto-routing stage started on board 'c63064412ba5776b97cf00b1e389e214' for 247 unrouted items.
2026-09-12 02:11:53.736 DEBUG  Queuing item for routing: Pin on net '/LOGIC_3V3' (connected: 1/38)
2026-09-12 02:11:53.736 DEBUG  Queuing item for routing: Pin on net 'Net-(U4-R-EXT)' (connected: 1/2)
2026-09-12 02:11:53.736 DEBUG  Queuing item for routing: Pin on net '/RGB_OE_N' (connected: 1/3)
2026-09-12 02:11:53.737 DEBUG  Queuing item for routing: Pin on net 'Net-(D3-BLUE_K)' (connected: 1/2)
2026-09-12 02:11:53.737 DEBUG  Queuing item for routing: Pin on net 'Net-(D3-GREEN_K)' (connected: 1/2)
2026-09-12 02:11:53.737 DEBUG  Queuing item for routing: Pin on net 'Net-(D3-RED_K)' (connected: 1/2)
2026-09-12 02:11:53.737 DEBUG  Queuing item for routing: Pin on net '/RGB_LATCH' (connected: 1/2)
2026-09-12 02:11:53.737 DEBUG  Queuing item for routing: Pin on net '/RGB_CLK' (connected: 1/3)
2026-09-12 02:11:53.742 DEBUG  Queuing item for routing: Pin on net '/RGB_DATA' (connected: 1/3)
2026-09-12 02:11:53.742 DEBUG  Queuing item for routing: Pin on net '/GND' (connected: 1/69)
2026-09-12 02:11:53.742 DEBUG  Queuing item for routing: Pin on net '/GND' (connected: 1/69)
2026-09-12 02:11:53.742 DEBUG  Queuing item for routing: Pin on net '/SPI_MISO' (connected: 1/3)
2026-09-12 02:11:53.742 DEBUG  Queuing item for routing: Pin on net '/SPI_SCK' (connected: 1/4)
2026-09-12 02:11:53.742 DEBUG  Queuing item for routing: Pin on net '/SPI_MOSI' (connected: 1/5)
2026-09-12 02:11:53.743 DEBUG  Queuing item for routing: Pin on net '/SD_CS' (connected: 1/4)
2026-09-12 02:11:53.743 DEBUG  Queuing item for routing: Pin on net '/LOGIC_3V3' (connected: 1/38)
2026-09-12 02:11:53.743 DEBUG  Queuing item for routing: Pin on net '/RGB_OE_N' (connected: 1/3)
2026-09-12 02:11:53.743 DEBUG  Queuing item for routing: Pin on net '/RGB_LATCH' (connected: 1/2)
2026-09-12 02:11:53.743 DEBUG  Queuing item for routing: Pin on net '/RGB_CLK' (connected: 1/3)
2026-09-12 02:11:53.743 DEBUG  Queuing item for routing: Pin on net '/RGB_DATA' (connected: 1/3)
2026-09-12 02:11:53.743 DEBUG  Queuing item for routing: Pin on net 'Net-(U1-GPA3_{slash}_RIGHT)' (connected: 1/4)
2026-09-12 02:11:53.744 DEBUG  Queuing item for routing: Pin on net 'Net-(U1-GPA2_{slash}_LEFT)' (connected: 1/4)
2026-09-12 02:11:53.744 DEBUG  Queuing item for routing: Pin on net 'Net-(U1-GPA1_{slash}_DOWN)' (connected: 1/4)
2026-09-12 02:11:53.744 DEBUG  Queuing item for routing: Pin on net 'Net-(U1-GPA0_{slash}_UP)' (connected: 1/4)
2026-09-12 02:11:53.744 DEBUG  Queuing item for routing: Pin on net '/BUTTON_INT_N' (connected: 1/4)
2026-09-12 02:11:53.744 DEBUG  Queuing item for routing: Pin on net 'Net-(U1-RESET_N)' (connected: 1/4)
2026-09-12 02:11:53.744 DEBUG  Queuing item for routing: Pin on net '/GND' (connected: 1/69)
2026-09-12 02:11:53.746 DEBUG  Queuing item for routing: Pin on net '/GND' (connected: 1/69)
2026-09-12 02:11:53.750 DEBUG  Queuing item for routing: Pin on net '/GND' (connected: 1/69)
2026-09-12 02:11:53.750 DEBUG  Queuing item for routing: Pin on net '/I2C_SDA' (connected: 1/4)
2026-09-12 02:11:53.750 DEBUG  Queuing item for routing: Pin on net '/I2C_SCL' (connected: 1/4)
2026-09-12 02:11:53.750 DEBUG  Queuing item for routing: Pin on net '/GND' (connected: 1/69)
2026-09-12 02:11:53.750 DEBUG  Queuing item for routing: Pin on net '/LOGIC_3V3' (connected: 1/38)
2026-09-12 02:11:53.751 DEBUG  Queuing item for routing: Pin on net '/TFT_RST_N' (connected: 1/4)
2026-09-12 02:11:53.751 DEBUG  Queuing item for routing: Pin on net '/MOTOR_EN' (connected: 1/2)
2026-09-12 02:11:53.751 DEBUG  Queuing item for routing: Pin on net '/AMP_EN' (connected: 1/2)
2026-09-12 02:11:53.751 DEBUG  Queuing item for routing: Pin on net 'Net-(U1-GPB3_{slash}_Y)' (connected: 1/4)
2026-09-12 02:11:53.751 DEBUG  Queuing item for routing: Pin on net 'Net-(U1-GPB2_{slash}_X)' (connected: 1/4)
2026-09-12 02:11:53.751 DEBUG  Queuing item for routing: Pin on net 'Net-(U1-GPB1_{slash}_B)' (connected: 1/4)
2026-09-12 02:11:53.751 DEBUG  Queuing item for routing: Pin on net 'Net-(U1-GPB0_{slash}_A)' (connected: 1/4)
2026-09-12 02:11:53.752 DEBUG  Queuing item for routing: Pin on net '/GND' (connected: 1/69)
2026-09-12 02:11:53.752 DEBUG  Queuing item for routing: Pin on net '/LOGIC_3V3' (connected: 1/38)
2026-09-12 02:11:53.752 DEBUG  Queuing item for routing: Pin on net '/GND' (connected: 1/69)
2026-09-12 02:11:53.752 DEBUG  Queuing item for routing: Pin on net '/LOGIC_3V3' (connected: 1/38)
2026-09-12 02:11:53.752 DEBUG  Queuing item for routing: Pin on net '/GND' (connected: 1/69)
2026-09-12 02:11:53.752 DEBUG  Queuing item for routing: Pin on net '/ACT_3V2' (connected: 1/10)
2026-09-12 02:11:53.754 DEBUG  Queuing item for routing: Pin on net '/GND' (connected: 1/69)
2026-09-12 02:11:53.754 DEBUG  Queuing item for routing: Pin on net '/LOGIC_3V3' (connected: 1/38)
2026-09-12 02:11:53.754 DEBUG  Queuing item for routing: Pin on net '/GND' (connected: 1/69)
2026-09-12 02:11:53.754 DEBUG  Queuing item for routing: Pin on net '/LOGIC_3V3' (connected: 1/38)
2026-09-12 02:11:53.754 DEBUG  Queuing item for routing: Pin on net 'Net-(D2-A)' (connected: 1/5)
2026-09-12 02:11:53.755 DEBUG  Queuing item for routing: Pin on net '/ACT_3V2' (connected: 1/10)
2026-09-12 02:11:53.755 DEBUG  Queuing item for routing: Pin on net '/GND' (connected: 1/69)
2026-09-12 02:11:53.759 DEBUG  Queuing item for routing: Pin on net 'Net-(Q6-D)' (connected: 1/4)
2026-09-12 02:11:53.759 DEBUG  Queuing item for routing: Pin on net 'Net-(D1-A)' (connected: 1/2)
2026-09-12 02:11:53.759 DEBUG  Queuing item for routing: Pin on net 'Net-(D1-K)' (connected: 1/2)
2026-09-12 02:11:53.759 DEBUG  Queuing item for routing: Pin on net 'Net-(J2-BLK)' (connected: 1/3)
2026-09-12 02:11:53.759 DEBUG  Queuing item for routing: Pin on net 'Net-(Q3-C)' (connected: 1/2)
2026-09-12 02:11:53.759 DEBUG  Queuing item for routing: Pin on net 'Net-(Q2-B)' (connected: 1/3)
2026-09-12 02:11:53.759 DEBUG  Queuing item for routing: Pin on net '/BL_PWM' (connected: 1/3)
2026-09-12 02:11:53.760 DEBUG  Queuing item for routing: Pin on net 'Net-(Q2-C)' (connected: 1/2)
2026-09-12 02:11:53.760 DEBUG  Queuing item for routing: Pin on net 'Net-(Q3-B)' (connected: 1/3)
2026-09-12 02:11:53.760 DEBUG  Queuing item for routing: Pin on net '/SPI_MOSI' (connected: 1/5)
2026-09-12 02:11:53.760 DEBUG  Queuing item for routing: Pin on net '/LOGIC_3V3' (connected: 1/38)
2026-09-12 02:11:53.760 DEBUG  Queuing item for routing: Pin on net '/TFT_CS' (connected: 1/4)
2026-09-12 02:11:53.760 DEBUG  Queuing item for routing: Pin on net '/LOGIC_3V3' (connected: 1/38)
2026-09-12 02:11:53.762 DEBUG  Queuing item for routing: Pin on net '/GND' (connected: 1/69)
2026-09-12 02:11:53.763 DEBUG  Queuing item for routing: Pin on net 'Net-(U4-R-EXT)' (connected: 1/2)
2026-09-12 02:11:53.764 DEBUG  Queuing item for routing: Pin on net '/ACT_3V2' (connected: 1/10)
2026-09-12 02:11:53.767 DEBUG  Queuing item for routing: Pin on net '/LOGIC_3V3' (connected: 1/38)
2026-09-12 02:11:53.768 DEBUG  Queuing item for routing: Pin on net '/GND' (connected: 1/69)
2026-09-12 02:11:53.768 DEBUG  Queuing item for routing: Pin on net '/MCU_5V' (connected: 1/6)
2026-09-12 02:11:53.768 DEBUG  Queuing item for routing: Pin on net 'Net-(U3-NP1)' (connected: 1/2)
2026-09-12 02:11:53.768 DEBUG  Queuing item for routing: Pin on net 'Net-(U3-IN1)' (connected: 1/3)
2026-09-12 02:11:53.768 DEBUG  Queuing item for routing: Pin on net '/GND' (connected: 1/69)
2026-09-12 02:11:53.768 DEBUG  Queuing item for routing: Pin on net 'Net-(U3-NP2)' (connected: 1/3)
2026-09-12 02:11:53.768 DEBUG  Queuing item for routing: Pin on net '/GND' (connected: 1/69)
2026-09-12 02:11:53.768 DEBUG  Queuing item for routing: Pin on net 'Net-(J5--)' (connected: 1/3)
2026-09-12 02:11:53.768 DEBUG  Queuing item for routing: Pin on net 'Net-(Q6-D)' (connected: 1/4)
2026-09-12 02:11:53.769 DEBUG  Queuing item for routing: Pin on net 'Net-(J5-+)' (connected: 1/3)
2026-09-12 02:11:53.769 DEBUG  Queuing item for routing: Pin on net 'Net-(U2-VS)' (connected: 1/5)
2026-09-12 02:11:53.769 DEBUG  Queuing item for routing: Pin on net '/GND' (connected: 1/69)
2026-09-12 02:11:53.769 DEBUG  Queuing item for routing: Pin on net '/IR_RX' (connected: 1/3)
2026-09-12 02:11:53.769 DEBUG  Queuing item for routing: Pin on net 'Net-(Q6-D)' (connected: 1/4)
2026-09-12 02:11:53.769 DEBUG  Queuing item for routing: Pin on net 'Net-(Q6-G)' (connected: 1/3)
2026-09-12 02:11:53.769 DEBUG  Queuing item for routing: Pin on net '/ACT_3V2' (connected: 1/10)
2026-09-12 02:11:53.769 DEBUG  Queuing item for routing: Pin on net '/GND' (connected: 1/69)
2026-09-12 02:11:53.770 DEBUG  Queuing item for routing: Pin on net 'Net-(Q5-G)' (connected: 1/3)
2026-09-12 02:11:53.770 DEBUG  Queuing item for routing: Pin on net 'Net-(Q1-B)' (connected: 1/3)
2026-09-12 02:11:53.770 DEBUG  Queuing item for routing: Pin on net '/IR_TX' (connected: 1/3)
2026-09-12 02:11:53.771 DEBUG  Queuing item for routing: Pin on net 'Net-(U2-VS)' (connected: 1/5)
2026-09-12 02:11:53.771 DEBUG  Queuing item for routing: Pin on net '/LOGIC_3V3' (connected: 1/38)
2026-09-12 02:11:53.771 DEBUG  Queuing item for routing: Pin on net '/SD_CS' (connected: 1/4)
2026-09-12 02:11:53.771 DEBUG  Queuing item for routing: Pin on net '/LOGIC_3V3' (connected: 1/38)
2026-09-12 02:11:53.771 DEBUG  Queuing item for routing: Pin on net 'Net-(U1-GPB2_{slash}_X)' (connected: 1/4)
2026-09-12 02:11:53.771 DEBUG  Queuing item for routing: Pin on net '/LOGIC_3V3' (connected: 1/38)
2026-09-12 02:11:53.771 DEBUG  Queuing item for routing: Pin on net 'Net-(U1-GPB0_{slash}_A)' (connected: 1/4)
2026-09-12 02:11:53.771 DEBUG  Queuing item for routing: Pin on net '/LOGIC_3V3' (connected: 1/38)
2026-09-12 02:11:53.771 DEBUG  Queuing item for routing: Pin on net '/I2C_SDA' (connected: 1/4)
2026-09-12 02:11:53.771 DEBUG  Queuing item for routing: Pin on net '/LOGIC_3V3' (connected: 1/38)
2026-09-12 02:11:53.772 DEBUG  Queuing item for routing: Pin on net '/BUTTON_INT_N' (connected: 1/4)
2026-09-12 02:11:53.772 DEBUG  Queuing item for routing: Pin on net '/LOGIC_3V3' (connected: 1/38)
2026-09-12 02:11:53.772 DEBUG  Queuing item for routing: Pin on net 'Net-(U3-IN1)' (connected: 1/3)
2026-09-12 02:11:53.772 DEBUG  Queuing item for routing: Pin on net 'Net-(C20-Pad2)' (connected: 1/2)
2026-09-12 02:11:53.772 DEBUG  Queuing item for routing: Pin on net 'Net-(U1-GPA1_{slash}_DOWN)' (connected: 1/4)
2026-09-12 02:11:53.772 DEBUG  Queuing item for routing: Pin on net '/LOGIC_3V3' (connected: 1/38)
2026-09-12 02:11:53.772 DEBUG  Queuing item for routing: Pin on net 'Net-(D1-A)' (connected: 1/2)
2026-09-12 02:11:53.772 DEBUG  Queuing item for routing: Pin on net '/LOGIC_3V3' (connected: 1/38)
2026-09-12 02:11:53.772 DEBUG  Queuing item for routing: Pin on net 'Net-(U1-RESET_N)' (connected: 1/4)
2026-09-12 02:11:53.773 DEBUG  Queuing item for routing: Pin on net '/LOGIC_3V3' (connected: 1/38)
2026-09-12 02:11:53.773 DEBUG  Queuing item for routing: Pin on net '/TFT_RST_N' (connected: 1/4)
2026-09-12 02:11:53.773 DEBUG  Queuing item for routing: Pin on net '/LOGIC_3V3' (connected: 1/38)
2026-09-12 02:11:53.773 DEBUG  Queuing item for routing: Pin on net '/RGB_OE_N' (connected: 1/3)
2026-09-12 02:11:53.773 DEBUG  Queuing item for routing: Pin on net '/LOGIC_3V3' (connected: 1/38)
2026-09-12 02:11:53.773 DEBUG  Queuing item for routing: Pin on net 'Net-(Q6-G)' (connected: 1/3)
2026-09-12 02:11:53.780 DEBUG  Queuing item for routing: Pin on net '/ACT_3V2' (connected: 1/10)
2026-09-12 02:11:53.780 DEBUG  Queuing item for routing: Pin on net 'Net-(U1-GPA3_{slash}_RIGHT)' (connected: 1/4)
2026-09-12 02:11:53.780 DEBUG  Queuing item for routing: Pin on net '/LOGIC_3V3' (connected: 1/38)
2026-09-12 02:11:53.780 DEBUG  Queuing item for routing: Pin on net 'Net-(U1-GPA0_{slash}_UP)' (connected: 1/4)
2026-09-12 02:11:53.780 DEBUG  Queuing item for routing: Pin on net '/LOGIC_3V3' (connected: 1/38)
2026-09-12 02:11:53.781 DEBUG  Queuing item for routing: Pin on net 'Net-(U1-GPA2_{slash}_LEFT)' (connected: 1/4)
2026-09-12 02:11:53.781 DEBUG  Queuing item for routing: Pin on net '/LOGIC_3V3' (connected: 1/38)
2026-09-12 02:11:53.781 DEBUG  Queuing item for routing: Pin on net 'Net-(U1-GPB1_{slash}_B)' (connected: 1/4)
2026-09-12 02:11:53.781 DEBUG  Queuing item for routing: Pin on net '/LOGIC_3V3' (connected: 1/38)
2026-09-12 02:11:53.781 DEBUG  Queuing item for routing: Pin on net 'Net-(C23-Pad2)' (connected: 1/2)
2026-09-12 02:11:53.781 DEBUG  Queuing item for routing: Pin on net 'Net-(J5-+)' (connected: 1/3)
2026-09-12 02:11:53.782 DEBUG  Queuing item for routing: Pin on net '/GND' (connected: 1/69)
2026-09-12 02:11:53.782 DEBUG  Queuing item for routing: Pin on net 'Net-(U1-RESET_N)' (connected: 1/4)
2026-09-12 02:11:53.782 DEBUG  Queuing item for routing: Pin on net '/GND' (connected: 1/69)
2026-09-12 02:11:53.782 DEBUG  Queuing item for routing: Pin on net '/LOGIC_3V3' (connected: 1/38)
2026-09-12 02:11:53.782 DEBUG  Queuing item for routing: Pin on net '/GND' (connected: 1/69)
2026-09-12 02:11:53.786 DEBUG  Queuing item for routing: Pin on net '/LOGIC_3V3' (connected: 1/38)
2026-09-12 02:11:53.787 DEBUG  Queuing item for routing: Pin on net '/GND' (connected: 1/69)
2026-09-12 02:11:53.787 DEBUG  Queuing item for routing: Pin on net 'Net-(U2-VS)' (connected: 1/5)
2026-09-12 02:11:53.787 DEBUG  Queuing item for routing: Pin on net 'Net-(U3-NP2)' (connected: 1/3)
2026-09-12 02:11:53.787 DEBUG  Queuing item for routing: Pin on net 'Net-(U3-NP1)' (connected: 1/2)
2026-09-12 02:11:53.787 DEBUG  Queuing item for routing: Pin on net 'Net-(D2-A)' (connected: 1/5)
2026-09-12 02:11:53.787 DEBUG  Queuing item for routing: Pin on net 'Net-(Q4-G)' (connected: 1/3)
2026-09-12 02:11:53.787 DEBUG  Queuing item for routing: Pin on net '/GND' (connected: 1/69)
2026-09-12 02:11:53.787 DEBUG  Queuing item for routing: Pin on net 'Net-(D2-A)' (connected: 1/5)
2026-09-12 02:11:53.788 DEBUG  Queuing item for routing: Pin on net '/ACT_3V2' (connected: 1/10)
2026-09-12 02:11:53.788 DEBUG  Queuing item for routing: Pin on net 'Net-(J5--)' (connected: 1/3)
2026-09-12 02:11:53.788 DEBUG  Queuing item for routing: Pin on net 'Net-(J5-+)' (connected: 1/3)
2026-09-12 02:11:53.788 DEBUG  Queuing item for routing: Pin on net '/GND' (connected: 1/69)
2026-09-12 02:11:53.788 DEBUG  Queuing item for routing: Pin on net '/LOGIC_3V3' (connected: 1/38)
2026-09-12 02:11:53.788 DEBUG  Queuing item for routing: Pin on net '/GND' (connected: 1/69)
2026-09-12 02:11:53.788 DEBUG  Queuing item for routing: Pin on net '/LOGIC_3V3' (connected: 1/38)
2026-09-12 02:11:53.788 DEBUG  Queuing item for routing: Pin on net '/GND' (connected: 1/69)
2026-09-12 02:11:53.788 DEBUG  Queuing item for routing: Pin on net 'Net-(U2-VS)' (connected: 1/5)
2026-09-12 02:11:53.788 DEBUG  Queuing item for routing: Pin on net 'Net-(D2-A)' (connected: 1/5)
2026-09-12 02:11:53.789 DEBUG  Queuing item for routing: Pin on net '/ACT_3V2' (connected: 1/10)
2026-09-12 02:11:53.789 DEBUG  Queuing item for routing: Pin on net '/GND' (connected: 1/69)
2026-09-12 02:11:53.789 DEBUG  Queuing item for routing: Pin on net '/LOGIC_3V3' (connected: 1/38)
2026-09-12 02:11:53.789 DEBUG  Queuing item for routing: Pin on net '/GND' (connected: 1/69)
2026-09-12 02:11:53.789 DEBUG  Queuing item for routing: Pin on net 'Net-(U3-NP2)' (connected: 1/3)
2026-09-12 02:11:53.789 DEBUG  Queuing item for routing: Pin on net '/GND' (connected: 1/69)
2026-09-12 02:11:53.789 DEBUG  Queuing item for routing: Pin on net '/MCU_5V' (connected: 1/6)
2026-09-12 02:11:53.789 DEBUG  Queuing item for routing: Pin on net '/GND' (connected: 1/69)
2026-09-12 02:11:53.789 DEBUG  Queuing item for routing: Pin on net '/ACT_3V2' (connected: 1/10)
2026-09-12 02:11:53.794 DEBUG  Queuing item for routing: Pin on net '/LOGIC_3V3' (connected: 1/38)
2026-09-12 02:11:53.794 DEBUG  Queuing item for routing: Pin on net 'Net-(Q3-B)' (connected: 1/3)
2026-09-12 02:11:53.794 DEBUG  Queuing item for routing: Pin on net 'Net-(Q3-C)' (connected: 1/2)
2026-09-12 02:11:53.794 DEBUG  Queuing item for routing: Pin on net 'Net-(Q5-D)' (connected: 1/2)
2026-09-12 02:11:53.794 DEBUG  Queuing item for routing: Pin on net 'Net-(Q5-G)' (connected: 1/3)
2026-09-12 02:11:53.794 DEBUG  Queuing item for routing: Pin on net '/GND' (connected: 1/69)
2026-09-12 02:11:53.794 DEBUG  Queuing item for routing: Pin on net 'Net-(D1-K)' (connected: 1/2)
2026-09-12 02:11:53.795 DEBUG  Queuing item for routing: Pin on net 'Net-(Q1-B)' (connected: 1/3)
2026-09-12 02:11:53.795 DEBUG  Queuing item for routing: Pin on net '/GND' (connected: 1/69)
2026-09-12 02:11:53.795 DEBUG  Queuing item for routing: Pin on net 'Net-(Q2-C)' (connected: 1/2)
2026-09-12 02:11:53.795 DEBUG  Queuing item for routing: Pin on net 'Net-(Q2-B)' (connected: 1/3)
2026-09-12 02:11:53.795 DEBUG  Queuing item for routing: Pin on net '/GND' (connected: 1/69)
2026-09-12 02:11:53.795 DEBUG  Queuing item for routing: Pin on net '/TFT_DC' (connected: 1/3)
2026-09-12 02:11:53.795 DEBUG  Queuing item for routing: Pin on net '/TFT_CS' (connected: 1/4)
2026-09-12 02:11:53.795 DEBUG  Queuing item for routing: Pin on net '/GND' (connected: 1/69)
2026-09-12 02:11:53.795 DEBUG  Queuing item for routing: Pin on net '/SPI_SCK' (connected: 1/4)
2026-09-12 02:11:53.795 DEBUG  Queuing item for routing: Pin on net '/SPI_MISO' (connected: 1/3)
2026-09-12 02:11:53.796 DEBUG  Queuing item for routing: Pin on net '/SPI_MOSI' (connected: 1/5)
2026-09-12 02:11:53.796 DEBUG  Queuing item for routing: Pin on net '/SD_CS' (connected: 1/4)
2026-09-12 02:11:53.796 DEBUG  Queuing item for routing: Pin on net '/BL_PWM' (connected: 1/3)
2026-09-12 02:11:53.796 DEBUG  Queuing item for routing: Pin on net '/AUDIO_PWM' (connected: 1/3)
2026-09-12 02:11:53.796 DEBUG  Queuing item for routing: Pin on net '/IR_TX' (connected: 1/3)
2026-09-12 02:11:53.796 DEBUG  Queuing item for routing: Pin on net '/IR_RX' (connected: 1/3)
2026-09-12 02:11:53.796 DEBUG  Queuing item for routing: Pin on net '/MCU_5V' (connected: 1/6)
2026-09-12 02:11:53.796 DEBUG  Queuing item for routing: Pin on net '/I2C_SCL' (connected: 1/4)
2026-09-12 02:11:53.796 DEBUG  Queuing item for routing: Pin on net '/I2C_SDA' (connected: 1/4)
2026-09-12 02:11:53.801 DEBUG  Queuing item for routing: Pin on net '/BUTTON_FN_N' (connected: 1/5)
2026-09-12 02:11:53.801 DEBUG  Queuing item for routing: Pin on net '/BUTTON_INT_N' (connected: 1/4)
2026-09-12 02:11:53.801 DEBUG  Queuing item for routing: Pin on net 'Net-(C20-Pad2)' (connected: 1/2)
2026-09-12 02:11:53.801 DEBUG  Queuing item for routing: Pin on net 'Net-(C19-Pad1)' (connected: 1/4)
2026-09-12 02:11:53.801 DEBUG  Queuing item for routing: Pin on net '/GND' (connected: 1/69)
2026-09-12 02:11:53.801 DEBUG  Queuing item for routing: Pin on net 'Net-(Q6-D)' (connected: 1/4)
2026-09-12 02:11:53.801 DEBUG  Queuing item for routing: Pin on net 'Net-(C24-Pad2)' (connected: 1/2)
2026-09-12 02:11:53.801 DEBUG  Queuing item for routing: Pin on net 'Net-(J5--)' (connected: 1/3)
2026-09-12 02:11:53.802 DEBUG  Queuing item for routing: Pin on net '/GND' (connected: 1/69)
2026-09-12 02:11:53.802 DEBUG  Queuing item for routing: Pin on net 'Net-(C19-Pad1)' (connected: 1/4)
2026-09-12 02:11:53.802 DEBUG  Queuing item for routing: Pin on net '/GND' (connected: 1/69)
2026-09-12 02:11:53.802 DEBUG  Queuing item for routing: Pin on net '/ACT_3V2' (connected: 1/10)
2026-09-12 02:11:53.802 DEBUG  Queuing item for routing: Pin on net '/GND' (connected: 1/69)
2026-09-12 02:11:53.802 DEBUG  Queuing item for routing: Pin on net 'Net-(C18-Pad1)' (connected: 1/3)
2026-09-12 02:11:53.802 DEBUG  Queuing item for routing: Pin on net '/GND' (connected: 1/69)
2026-09-12 02:11:53.802 DEBUG  Queuing item for routing: Pin on net '/MCU_5V' (connected: 1/6)
2026-09-12 02:11:53.802 DEBUG  Queuing item for routing: Pin on net '/BUTTON_FN_N' (connected: 1/5)
2026-09-12 02:11:53.802 DEBUG  Queuing item for routing: Pin on net '/LOGIC_3V3' (connected: 1/38)
2026-09-12 02:11:53.803 DEBUG  Queuing item for routing: Pin on net '/I2C_SCL' (connected: 1/4)
2026-09-12 02:11:53.803 DEBUG  Queuing item for routing: Pin on net '/LOGIC_3V3' (connected: 1/38)
2026-09-12 02:11:53.803 DEBUG  Queuing item for routing: Pin on net '/GND' (connected: 1/69)
2026-09-12 02:11:53.803 DEBUG  Queuing item for routing: Pin on net 'Net-(Q2-B)' (connected: 1/3)
2026-09-12 02:11:53.803 DEBUG  Queuing item for routing: Pin on net 'Net-(Q4-G)' (connected: 1/3)
2026-09-12 02:11:53.803 DEBUG  Queuing item for routing: Pin on net '/MOTOR_EN' (connected: 1/2)
2026-09-12 02:11:53.803 DEBUG  Queuing item for routing: Pin on net '/GND' (connected: 1/69)
2026-09-12 02:11:53.803 DEBUG  Queuing item for routing: Pin on net 'Net-(C24-Pad2)' (connected: 1/2)
2026-09-12 02:11:53.803 DEBUG  Queuing item for routing: Pin on net 'Net-(Q5-D)' (connected: 1/2)
2026-09-12 02:11:53.808 DEBUG  Queuing item for routing: Pin on net 'Net-(Q6-G)' (connected: 1/3)
2026-09-12 02:11:53.808 DEBUG  Queuing item for routing: Pin on net '/GND' (connected: 1/69)
2026-09-12 02:11:53.808 DEBUG  Queuing item for routing: Pin on net 'Net-(C23-Pad2)' (connected: 1/2)
2026-09-12 02:11:53.808 DEBUG  Queuing item for routing: Pin on net '/GND' (connected: 1/69)
2026-09-12 02:11:53.808 DEBUG  Queuing item for routing: Pin on net 'Net-(Q4-G)' (connected: 1/3)
2026-09-12 02:11:53.808 DEBUG  Queuing item for routing: Pin on net 'Net-(C19-Pad1)' (connected: 1/4)
2026-09-12 02:11:53.808 DEBUG  Queuing item for routing: Pin on net 'Net-(C18-Pad1)' (connected: 1/3)
2026-09-12 02:11:53.808 DEBUG  Queuing item for routing: Pin on net 'Net-(U1-GPB3_{slash}_Y)' (connected: 1/4)
2026-09-12 02:11:53.808 DEBUG  Queuing item for routing: Pin on net '/LOGIC_3V3' (connected: 1/38)
2026-09-12 02:11:53.809 DEBUG  Queuing item for routing: Pin on net '/GND' (connected: 1/69)
2026-09-12 02:11:53.810 DEBUG  Queuing item for routing: Pin on net '/RGB_DATA' (connected: 1/3)
2026-09-12 02:11:53.810 DEBUG  Queuing item for routing: Pin on net '/SPI_MISO' (connected: 1/3)
2026-09-12 02:11:53.810 DEBUG  Queuing item for routing: Pin on net '/LOGIC_3V3' (connected: 1/38)
2026-09-12 02:11:53.810 DEBUG  Queuing item for routing: Pin on net '/GND' (connected: 1/69)
2026-09-12 02:11:53.810 DEBUG  Queuing item for routing: Pin on net 'Net-(Q1-B)' (connected: 1/3)
2026-09-12 02:11:53.810 DEBUG  Queuing item for routing: Pin on net '/GND' (connected: 1/69)
2026-09-12 02:11:53.810 DEBUG  Queuing item for routing: Pin on net 'Net-(U3-IN1)' (connected: 1/3)
2026-09-12 02:11:53.810 DEBUG  Queuing item for routing: Pin on net 'Net-(C18-Pad1)' (connected: 1/3)
2026-09-12 02:11:53.810 DEBUG  Queuing item for routing: Pin on net '/AUDIO_PWM' (connected: 1/3)
2026-09-12 02:11:53.810 DEBUG  Queuing item for routing: Pin on net 'Net-(Q5-G)' (connected: 1/3)
2026-09-12 02:11:53.811 DEBUG  Queuing item for routing: Pin on net '/AMP_EN' (connected: 1/2)
2026-09-12 02:11:53.811 DEBUG  Queuing item for routing: Pin on net 'Net-(Q3-B)' (connected: 1/3)
2026-09-12 02:11:53.811 DEBUG  Queuing item for routing: Pin on net '/LOGIC_3V3' (connected: 1/38)
2026-09-12 02:11:53.811 DEBUG  Queuing item for routing: Pin on net '/GND' (connected: 1/69)
2026-09-12 02:11:53.811 DEBUG  Queuing item for routing: Pin on net '/RGB_CLK' (connected: 1/3)
2026-09-12 02:11:53.811 DEBUG  Queuing item for routing: Pin on net '/BL_PWM' (connected: 1/3)
2026-09-12 02:11:53.811 DEBUG  Queuing item for routing: Pin on net 'Net-(C19-Pad1)' (connected: 1/4)
2026-09-12 02:11:53.811 DEBUG  Queuing item for routing: Pin on net '/GND' (connected: 1/69)
2026-09-12 02:11:53.811 DEBUG  Queuing item for routing: Pin on net '/TFT_RST_N' (connected: 1/4)
2026-09-12 02:11:53.817 DEBUG  Queuing item for routing: Pin on net '/IR_TX' (connected: 1/3)
2026-09-12 02:11:53.817 DEBUG  Queuing item for routing: Pin on net '/ACT_3V2' (connected: 1/10)
2026-09-12 02:11:53.817 DEBUG  Queuing item for routing: Pin on net '/GND' (connected: 1/69)
2026-09-12 02:11:53.817 DEBUG  Queuing item for routing: Pin on net '/SD_CS' (connected: 1/4)
2026-09-12 02:11:53.817 DEBUG  Queuing item for routing: Pin on net 'Net-(J2-BLK)' (connected: 1/3)
2026-09-12 02:11:53.817 DEBUG  Queuing item for routing: Pin on net '/SPI_SCK' (connected: 1/4)
2026-09-12 02:11:53.818 DEBUG  Queuing item for routing: Pin on net '/I2C_SCL' (connected: 1/4)
2026-09-12 02:11:53.818 DEBUG  Queuing item for routing: Pin on net '/I2C_SDA' (connected: 1/4)
2026-09-12 02:11:53.818 DEBUG  Queuing item for routing: Pin on net 'Net-(D2-A)' (connected: 1/5)
2026-09-12 02:11:53.818 DEBUG  Queuing item for routing: Pin on net '/SPI_MOSI' (connected: 1/5)
2026-09-12 02:11:53.818 DEBUG  Queuing item for routing: Pin on net '/MCU_5V' (connected: 1/6)
2026-09-12 02:11:53.818 DEBUG  Queuing item for routing: Pin on net 'Net-(U1-RESET_N)' (connected: 1/4)
2026-09-12 02:11:53.818 DEBUG  Queuing item for routing: Pin on net '/BUTTON_INT_N' (connected: 1/4)
2026-09-12 02:11:53.818 DEBUG  Queuing item for routing: Pin on net '/AUDIO_PWM' (connected: 1/3)
2026-09-12 02:11:53.818 DEBUG  Queuing item for routing: Pin on net '/TFT_DC' (connected: 1/3)
2026-09-12 02:11:53.818 DEBUG  Queuing item for routing: Pin on net '/BUTTON_FN_N' (connected: 1/5)
2026-09-12 02:11:53.819 DEBUG  Queuing item for routing: Pin on net '/LOGIC_3V3' (connected: 1/38)
2026-09-12 02:11:53.819 DEBUG  Queuing item for routing: Pin on net '/IR_RX' (connected: 1/3)
2026-09-12 02:11:53.819 DEBUG  Queuing item for routing: Pin on net 'Net-(U2-VS)' (connected: 1/5)
2026-09-12 02:11:53.819 DEBUG  Queuing item for routing: Pin on net '/TFT_CS' (connected: 1/4)
2026-09-12 02:11:53.819 DEBUG  Queuing item for routing: Pin on net '/GND' (connected: 1/69)
2026-09-12 02:11:53.819 DEBUG  Queuing item for routing: Pin on net 'Net-(J2-BLK)' (connected: 1/3)
2026-09-12 02:11:53.819 DEBUG  Queuing item for routing: Pin on net '/TFT_CS' (connected: 1/4)
2026-09-12 02:11:53.819 DEBUG  Queuing item for routing: Pin on net '/TFT_DC' (connected: 1/3)
2026-09-12 02:11:53.819 DEBUG  Queuing item for routing: Pin on net '/TFT_RST_N' (connected: 1/4)
2026-09-12 02:11:53.820 DEBUG  Queuing item for routing: Pin on net '/SPI_MOSI' (connected: 1/5)
2026-09-12 02:11:53.820 DEBUG  Queuing item for routing: Pin on net '/SPI_SCK' (connected: 1/4)
2026-09-12 02:11:53.820 DEBUG  Queuing item for routing: Pin on net '/LOGIC_3V3' (connected: 1/38)
2026-09-12 02:11:53.821 DEBUG  Queuing item for routing: Pin on net '/GND' (connected: 1/69)
2026-09-12 02:11:53.821 DEBUG  Queuing item for routing: Pin on net 'Net-(D3-GREEN_K)' (connected: 1/2)
2026-09-12 02:11:53.821 DEBUG  Queuing item for routing: Pin on net 'Net-(D3-BLUE_K)' (connected: 1/2)
2026-09-12 02:11:53.821 DEBUG  Queuing item for routing: Pin on net '/MCU_5V' (connected: 1/6)
2026-09-12 02:11:53.821 DEBUG  Queuing item for routing: Pin on net 'Net-(D3-RED_K)' (connected: 1/2)
2026-09-12 02:11:53.821 DEBUG  Queuing item for routing: Pin on net '/GND' (connected: 1/69)
2026-09-12 02:11:53.825 DEBUG  Queuing item for routing: Pin on net '/GND' (connected: 1/69)
2026-09-12 02:11:53.825 DEBUG  Queuing item for routing: Pin on net 'Net-(U1-GPA0_{slash}_UP)' (connected: 1/4)
2026-09-12 02:11:53.825 DEBUG  Queuing item for routing: Pin on net 'Net-(U1-GPA0_{slash}_UP)' (connected: 1/4)
2026-09-12 02:11:53.825 DEBUG  Queuing item for routing: Pin on net '/GND' (connected: 1/69)
2026-09-12 02:11:53.825 DEBUG  Queuing item for routing: Pin on net '/GND' (connected: 1/69)
2026-09-12 02:11:53.825 DEBUG  Queuing item for routing: Pin on net 'Net-(U1-GPB1_{slash}_B)' (connected: 1/4)
2026-09-12 02:11:53.826 DEBUG  Queuing item for routing: Pin on net 'Net-(U1-GPB1_{slash}_B)' (connected: 1/4)
2026-09-12 02:11:53.826 DEBUG  Queuing item for routing: Pin on net '/GND' (connected: 1/69)
2026-09-12 02:11:53.826 DEBUG  Queuing item for routing: Pin on net '/GND' (connected: 1/69)
2026-09-12 02:11:53.826 DEBUG  Queuing item for routing: Pin on net '/BUTTON_FN_N' (connected: 1/5)
2026-09-12 02:11:53.826 DEBUG  Queuing item for routing: Pin on net '/BUTTON_FN_N' (connected: 1/5)
2026-09-12 02:11:53.826 DEBUG  Queuing item for routing: Pin on net '/GND' (connected: 1/69)
2026-09-12 02:11:53.826 DEBUG  Queuing item for routing: Pin on net '/GND' (connected: 1/69)
2026-09-12 02:11:53.826 DEBUG  Queuing item for routing: Pin on net 'Net-(U1-GPA1_{slash}_DOWN)' (connected: 1/4)
2026-09-12 02:11:53.826 DEBUG  Queuing item for routing: Pin on net 'Net-(U1-GPA1_{slash}_DOWN)' (connected: 1/4)
2026-09-12 02:11:53.826 DEBUG  Queuing item for routing: Pin on net '/GND' (connected: 1/69)
2026-09-12 02:11:53.828 DEBUG  Queuing item for routing: Pin on net '/GND' (connected: 1/69)
2026-09-12 02:11:53.828 DEBUG  Queuing item for routing: Pin on net 'Net-(U1-GPA3_{slash}_RIGHT)' (connected: 1/4)
2026-09-12 02:11:53.828 DEBUG  Queuing item for routing: Pin on net 'Net-(U1-GPA3_{slash}_RIGHT)' (connected: 1/4)
2026-09-12 02:11:53.828 DEBUG  Queuing item for routing: Pin on net '/GND' (connected: 1/69)
2026-09-12 02:11:53.828 DEBUG  Queuing item for routing: Pin on net '/GND' (connected: 1/69)
2026-09-12 02:11:53.829 DEBUG  Queuing item for routing: Pin on net 'Net-(U1-GPB2_{slash}_X)' (connected: 1/4)
2026-09-12 02:11:53.829 DEBUG  Queuing item for routing: Pin on net 'Net-(U1-GPB2_{slash}_X)' (connected: 1/4)
2026-09-12 02:11:53.829 DEBUG  Queuing item for routing: Pin on net '/GND' (connected: 1/69)
2026-09-12 02:11:53.829 DEBUG  Queuing item for routing: Pin on net '/GND' (connected: 1/69)
2026-09-12 02:11:53.829 DEBUG  Queuing item for routing: Pin on net 'Net-(U1-GPB3_{slash}_Y)' (connected: 1/4)
2026-09-12 02:11:53.829 DEBUG  Queuing item for routing: Pin on net 'Net-(U1-GPB3_{slash}_Y)' (connected: 1/4)
2026-09-12 02:11:53.829 DEBUG  Queuing item for routing: Pin on net '/GND' (connected: 1/69)
2026-09-12 02:11:53.829 DEBUG  Queuing item for routing: Pin on net '/GND' (connected: 1/69)
2026-09-12 02:11:53.829 DEBUG  Queuing item for routing: Pin on net 'Net-(U1-GPA2_{slash}_LEFT)' (connected: 1/4)
2026-09-12 02:11:53.829 DEBUG  Queuing item for routing: Pin on net 'Net-(U1-GPA2_{slash}_LEFT)' (connected: 1/4)
2026-09-12 02:11:53.829 DEBUG  Queuing item for routing: Pin on net '/GND' (connected: 1/69)
2026-09-12 02:11:53.830 DEBUG  Queuing item for routing: Pin on net '/GND' (connected: 1/69)
2026-09-12 02:11:53.830 DEBUG  Queuing item for routing: Pin on net 'Net-(U1-GPB0_{slash}_A)' (connected: 1/4)
2026-09-12 02:11:53.830 DEBUG  Queuing item for routing: Pin on net 'Net-(U1-GPB0_{slash}_A)' (connected: 1/4)
2026-09-12 02:11:53.929 DEBUG  [AFEFB6\5D114C] Pass #1: 247 incompletes across 310 items to route
2026-09-12 02:11:53.929 DEBUG  [AFEFB6\5D114C]   Net 'Net-(U1-GPB0_{slash}_A)' has 3 incomplete(s)
2026-09-12 02:11:53.929 DEBUG  [AFEFB6\5D114C]   Net '/GND' has 68 incomplete(s)
2026-09-12 02:11:53.929 DEBUG  [AFEFB6\5D114C]   Net 'Net-(U1-GPA2_{slash}_LEFT)' has 3 incomplete(s)
2026-09-12 02:11:53.929 DEBUG  [AFEFB6\5D114C]   Net 'Net-(U1-GPB3_{slash}_Y)' has 3 incomplete(s)
2026-09-12 02:11:53.929 DEBUG  [AFEFB6\5D114C]   Net 'Net-(U1-GPB2_{slash}_X)' has 3 incomplete(s)
2026-09-12 02:11:53.929 DEBUG  [AFEFB6\5D114C]   Net 'Net-(D3-RED_K)' has 1 incomplete(s)
2026-09-12 02:11:53.929 DEBUG  [AFEFB6\5D114C]   Net '/MCU_5V' has 5 incomplete(s)
2026-09-12 02:11:53.929 DEBUG  [AFEFB6\5D114C]   Net 'Net-(D3-BLUE_K)' has 1 incomplete(s)
2026-09-12 02:11:53.929 DEBUG  [AFEFB6\5D114C]   Net 'Net-(D3-GREEN_K)' has 1 incomplete(s)
2026-09-12 02:11:53.929 DEBUG  [AFEFB6\5D114C]   Net '/LOGIC_3V3' has 37 incomplete(s)
2026-09-12 02:11:53.929 DEBUG  [AFEFB6\5D114C]   Net '/SPI_SCK' has 3 incomplete(s)
2026-09-12 02:11:53.929 DEBUG  [AFEFB6\5D114C]   Net '/SPI_MOSI' has 4 incomplete(s)
2026-09-12 02:11:53.929 DEBUG  [AFEFB6\5D114C]   Net '/TFT_RST_N' has 3 incomplete(s)
2026-09-12 02:11:53.930 DEBUG  [AFEFB6\5D114C]   Net '/TFT_DC' has 2 incomplete(s)
2026-09-12 02:11:53.930 DEBUG  [AFEFB6\5D114C]   Net '/TFT_CS' has 3 incomplete(s)
2026-09-12 02:11:53.930 DEBUG  [AFEFB6\5D114C]   Net 'Net-(J2-BLK)' has 2 incomplete(s)
2026-09-12 02:11:53.930 DEBUG  [AFEFB6\5D114C]   Net 'Net-(U1-GPA3_{slash}_RIGHT)' has 3 incomplete(s)
2026-09-12 02:11:53.930 DEBUG  [AFEFB6\5D114C]   Net 'Net-(U1-GPA1_{slash}_DOWN)' has 3 incomplete(s)
2026-09-12 02:11:53.930 DEBUG  [AFEFB6\5D114C]   Net '/BUTTON_FN_N' has 4 incomplete(s)
2026-09-12 02:11:53.930 DEBUG  [AFEFB6\5D114C]   Net 'Net-(U1-GPB1_{slash}_B)' has 3 incomplete(s)
2026-09-12 02:11:53.930 DEBUG  [AFEFB6\5D114C]   Net 'Net-(U1-GPA0_{slash}_UP)' has 3 incomplete(s)
2026-09-12 02:11:53.930 DEBUG  [AFEFB6\5D114C]   Net '/RGB_CLK' has 2 incomplete(s)
2026-09-12 02:11:53.930 DEBUG  [AFEFB6\5D114C]   Net 'Net-(Q6-G)' has 2 incomplete(s)
2026-09-12 02:11:53.930 DEBUG  [AFEFB6\5D114C]   Net 'Net-(Q5-D)' has 1 incomplete(s)
2026-09-12 02:11:53.930 DEBUG  [AFEFB6\5D114C]   Net '/BUTTON_INT_N' has 3 incomplete(s)
2026-09-12 02:11:53.930 DEBUG  [AFEFB6\5D114C]   Net '/I2C_SDA' has 3 incomplete(s)
2026-09-12 02:11:53.930 DEBUG  [AFEFB6\5D114C]   Net '/I2C_SCL' has 3 incomplete(s)
2026-09-12 02:11:53.930 DEBUG  [AFEFB6\5D114C]   Net '/IR_RX' has 2 incomplete(s)
2026-09-12 02:11:53.930 DEBUG  [AFEFB6\5D114C]   Net '/IR_TX' has 2 incomplete(s)
2026-09-12 02:11:53.930 DEBUG  [AFEFB6\5D114C]   Net '/AUDIO_PWM' has 2 incomplete(s)
2026-09-12 02:11:53.930 DEBUG  [AFEFB6\5D114C]   Net '/BL_PWM' has 2 incomplete(s)
2026-09-12 02:11:53.930 DEBUG  [AFEFB6\5D114C]   Net '/SD_CS' has 3 incomplete(s)
2026-09-12 02:11:53.930 DEBUG  [AFEFB6\5D114C]   Net '/SPI_MISO' has 2 incomplete(s)
2026-09-12 02:11:53.931 DEBUG  [AFEFB6\5D114C]   Net 'Net-(U2-VS)' has 4 incomplete(s)
2026-09-12 02:11:53.931 DEBUG  [AFEFB6\5D114C]   Net 'Net-(Q2-B)' has 2 incomplete(s)
2026-09-12 02:11:53.931 DEBUG  [AFEFB6\5D114C]   Net 'Net-(Q2-C)' has 1 incomplete(s)
2026-09-12 02:11:53.931 DEBUG  [AFEFB6\5D114C]   Net '/ACT_3V2' has 9 incomplete(s)
2026-09-12 02:11:53.931 DEBUG  [AFEFB6\5D114C]   Net 'Net-(U3-NP2)' has 2 incomplete(s)
2026-09-12 02:11:53.931 DEBUG  [AFEFB6\5D114C]   Net 'Net-(J5-+)' has 2 incomplete(s)
2026-09-12 02:11:53.931 DEBUG  [AFEFB6\5D114C]   Net 'Net-(J5--)' has 2 incomplete(s)
2026-09-12 02:11:53.931 DEBUG  [AFEFB6\5D114C]   Net 'Net-(Q3-B)' has 2 incomplete(s)
2026-09-12 02:11:53.931 DEBUG  [AFEFB6\5D114C]   Net 'Net-(Q4-G)' has 2 incomplete(s)
2026-09-12 02:11:53.931 DEBUG  [AFEFB6\5D114C]   Net 'Net-(D2-A)' has 4 incomplete(s)
2026-09-12 02:11:53.931 DEBUG  [AFEFB6\5D114C]   Net 'Net-(U3-NP1)' has 1 incomplete(s)
2026-09-12 02:11:53.931 DEBUG  [AFEFB6\5D114C]   Net 'Net-(C18-Pad1)' has 2 incomplete(s)
2026-09-12 02:11:53.931 DEBUG  [AFEFB6\5D114C]   Net '/AMP_EN' has 1 incomplete(s)
2026-09-12 02:11:53.931 DEBUG  [AFEFB6\5D114C]   Net 'Net-(Q5-G)' has 2 incomplete(s)
2026-09-12 02:11:53.931 DEBUG  [AFEFB6\5D114C]   Net 'Net-(Q6-D)' has 3 incomplete(s)
2026-09-12 02:11:53.931 DEBUG  [AFEFB6\5D114C]   Net 'Net-(C24-Pad2)' has 1 incomplete(s)
2026-09-12 02:11:53.931 DEBUG  [AFEFB6\5D114C]   Net 'Net-(U3-IN1)' has 2 incomplete(s)
2026-09-12 02:11:53.931 DEBUG  [AFEFB6\5D114C]   Net 'Net-(Q1-B)' has 2 incomplete(s)
2026-09-12 02:11:53.931 DEBUG  [AFEFB6\5D114C]   Net 'Net-(U4-R-EXT)' has 1 incomplete(s)
2026-09-12 02:11:53.939 DEBUG  [AFEFB6\5D114C]   Net 'Net-(D1-K)' has 1 incomplete(s)
2026-09-12 02:11:53.940 DEBUG  [AFEFB6\5D114C]   Net 'Net-(D1-A)' has 1 incomplete(s)
2026-09-12 02:11:53.940 DEBUG  [AFEFB6\5D114C]   Net '/RGB_OE_N' has 2 incomplete(s)
2026-09-12 02:11:53.940 DEBUG  [AFEFB6\5D114C]   Net 'Net-(U1-RESET_N)' has 3 incomplete(s)
2026-09-12 02:11:53.940 DEBUG  [AFEFB6\5D114C]   Net '/MOTOR_EN' has 1 incomplete(s)
2026-09-12 02:11:53.940 DEBUG  [AFEFB6\5D114C]   Net 'Net-(C23-Pad2)' has 1 incomplete(s)
2026-09-12 02:11:53.940 DEBUG  [AFEFB6\5D114C]   Net '/RGB_DATA' has 2 incomplete(s)
2026-09-12 02:11:53.940 DEBUG  [AFEFB6\5D114C]   Net 'Net-(C20-Pad2)' has 1 incomplete(s)
2026-09-12 02:11:53.940 DEBUG  [AFEFB6\5D114C]   Net 'Net-(C19-Pad1)' has 3 incomplete(s)
2026-09-12 02:11:53.940 DEBUG  [AFEFB6\5D114C]   Net '/RGB_LATCH' has 1 incomplete(s)
2026-09-12 02:11:53.941 DEBUG  [AFEFB6\5D114C]   Net 'Net-(Q3-C)' has 1 incomplete(s)
2026-09-12 02:11:56.265 DEBUG  InsertFoundConnectionAlgo: insert trace failed for net #68 at corner 50/50 on layer 1, trace width: 1250, from corner: 15, ok_point: (597036,-238077), target: (213100,-509700)
2026-09-12 02:11:56.287 DEBUG  [AFEFB6\5D114C] Autorouter Failed to route connection between pin #26 of component #127 and pin #3 of component #129, because the new connection could not be inserted.
2026-09-12 02:11:57.661 DEBUG  InsertFoundConnectionAlgo: insert trace failed for net #34 at corner 18/18 on layer 1, trace width: 1250, from corner: 8, ok_point: (753403,-431298), target: (615000,-430000)
2026-09-12 02:11:57.680 DEBUG  [AFEFB6\5D114C] Autorouter Failed to route connection between pin #1 of component #105, pin #11 of component #68, pin of component #31 and pin #1 of component #128, because the new connection could not be inserted.
2026-09-12 02:11:58.680 INFO   New version available: v2.4.1
2026-09-12 02:11:59.640 DEBUG  InsertFoundConnectionAlgo: insert trace failed for net #22 at corner 21/21 on layer 1, trace width: 1250, from corner: 7, ok_point: (436614,-519362), target: (915000,-564200)
2026-09-12 02:11:59.657 DEBUG  [AFEFB6\5D114C] Autorouter Failed to route connection between polylinetrace, polylinetrace, pin #2 of component #129, pin of component #39 and pin #25 of component #127, because the new connection could not be inserted.
2026-09-12 02:12:01.126 DEBUG  InsertFoundConnectionAlgo: insert trace failed for net #21 at corner 7/27 on layer 0, trace width: 1250, from corner: 6, ok_point: (232869,-387087), target: (232869,-403225)
2026-09-12 02:12:01.146 DEBUG  [AFEFB6\5D114C] Autorouter Failed to route connection between pin #1 of component #92, pin #1 of component #9, pin of component #9 and pin #20 of component #127, because the new connection could not be inserted.
2026-09-12 02:12:02.410 DEBUG  InsertFoundConnectionAlgo: insert trace failed for net #59 at corner 58/58 on layer 1, trace width: 1250, from corner: 34, ok_point: (479787,-679052), target: (709200,-890000)
2026-09-12 02:12:02.424 DEBUG  [AFEFB6\5D114C] Autorouter Failed to route connection between pin of component #57 and pin #5 of component #127, because the new connection could not be inserted.
2026-09-12 02:12:03.433 DEBUG  InsertFoundConnectionAlgo: insert trace failed for net #20 at corner 56/56 on layer 1, trace width: 1250, from corner: 40, ok_point: (479787,-679052), target: (660000,-777500)
2026-09-12 02:12:03.449 DEBUG  [AFEFB6\5D114C] Autorouter Failed to route connection between pin #1 of component #90, pin #1 of component #8, pin of component #8 and pin #1 of component #127, because the new connection could not be inserted.
2026-09-12 02:12:03.649 DEBUG  InsertFoundConnectionAlgo: insert trace failed for net #1 at corner 56/56 on layer 1, trace width: 1250, from corner: 38, ok_point: (554787,-624052), target: (770000,-677500)
2026-09-12 02:12:03.663 DEBUG  [AFEFB6\5D114C] Autorouter Failed to route connection between pin #1 of component #103, pin #1 of component #1, pin of component #1 and pin of component #127, because the new connection could not be inserted.
2026-09-12 02:12:04.887 DEBUG  InsertFoundConnectionAlgo: insert trace failed for net #56 at corner 3/14 on layer 1, trace width: 2500, from corner: 2, ok_point: (200150,-66498), target: (163748,-66498)
2026-09-12 02:12:04.902 DEBUG  [AFEFB6\5D114C] Autorouter Failed to route connection between pin #1 of component #98 and pin #1 of component #119, because the new connection could not be inserted.
2026-09-12 02:12:05.053 DEBUG  InsertFoundConnectionAlgo: insert trace failed for net #75 at corner 41/41 on layer 1, trace width: 2500, from corner: 3, ok_point: (776381,-606265), target: (329600,-762500)
2026-09-12 02:12:05.064 DEBUG  [AFEFB6\5D114C] Autorouter Failed to route connection between pin of component #72 and pin of component #118, because the new connection could not be inserted.
2026-09-12 02:12:07.723 DEBUG  InsertFoundConnectionAlgo: insert trace failed for net #39 at corner 39/39 on layer 0, trace width: 4000, from corner: 33, ok_point: (333864,-435138), target: (320000,-530800)
2026-09-12 02:12:07.748 DEBUG  [AFEFB6\5D114C] Autorouter Failed to route connection between polylinetrace, polylinetrace, polylinetrace, polylinetrace, polylinetrace, pin of component #124, pin of component #121, pin #3 of component #112, pin of component #94, pin of component #82, pin of component #77, pin of component #73, pin of component #63, pin of component #33 and pin of component #109, because the new connection could not be inserted.
2026-09-12 02:12:09.167 DEBUG  InsertFoundConnectionAlgo: insert trace failed for net #25 at corner 41/41 on layer 1, trace width: 1250, from corner: 12, ok_point: (798403,-244402), target: (403800,-224800)
2026-09-12 02:12:09.187 DEBUG  [AFEFB6\5D114C] Autorouter Failed to route connection between polylinetrace, polylinetrace, pin #19 of component #127, pin of component #68, pin of component #22 and pin #1 of component #101, because the new connection could not be inserted.
2026-09-12 02:12:09.899 DEBUG  InsertFoundConnectionAlgo: insert trace failed for net #56 at corner 11/15 on layer 1, trace width: 2500, from corner: 10, ok_point: (133512,-69498), target: (146502,-69498)
2026-09-12 02:12:09.923 DEBUG  [AFEFB6\5D114C] Autorouter Failed to route connection between polylinetrace, pin #1 of component #119 and pin #1 of component #98, because the new connection could not be inserted.
2026-09-12 02:12:11.135 DEBUG  InsertFoundConnectionAlgo: insert trace failed for net #21 at corner 34/34 on layer 1, trace width: 1250, from corner: 9, ok_point: (769714,-580948), target: (300000,-577500)
2026-09-12 02:12:11.163 DEBUG  [AFEFB6\5D114C] Autorouter Failed to route connection between polylinetrace, polylinetrace, pin #20 of component #127, pin #1 of component #9, pin of component #9 and pin #1 of component #92, because the new connection could not be inserted.
2026-09-12 02:12:12.606 DEBUG  InsertFoundConnectionAlgo: insert trace failed for net #41 at corner 8/21 on layer 0, trace width: 2500, from corner: 7, ok_point: (395998,-624908), target: (395998,-689367)
2026-09-12 02:12:12.637 DEBUG  [AFEFB6\5D114C] Autorouter Failed to route connection between pin of component #81 and polylinetrace, pin of component #111, pin of component #89, because the new connection could not be inserted.
2026-09-12 02:12:13.860 DEBUG  InsertFoundConnectionAlgo: insert trace failed for net #10 at corner 6/12 on layer 0, trace width: 4000, from corner: 2, ok_point: (107782,-375449), target: (119336,-366467)
2026-09-12 02:12:13.898 DEBUG  [AFEFB6\5D114C] Autorouter Failed to route connection between polylinetrace, polylinetrace, polylinetrace, polylinetrace, polylinetrace, polylinetrace, polylinetrace, polylinetrace, polylinetrace, polylinetrace, polylinetrace, polylinetrace, polylinetrace, polylinetrace, polylinetrace, polylinetrace, polylinetrace, polylinetrace, polylinetrace, polylinetrace, polylinetrace, polylinetrace, polylinetrace, polylinetrace, polylinetrace, polylinetrace, polylinetrace, polylinetrace, polylinetrace, polylinetrace, polylinetrace, pin #15 of component #129, pin of component #128, pin of component #126, pin of component #125, pin of component #123, pin of component #122, pin of component #115, pin of component #114, pin #2 of component #112, pin of component #106, pin of component #105, pin of component #104, pin of component #103, pin of component #102, pin of component #101, pin of component #99, pin of component #98, pin of component #97, pin of component #96, pin of component #95, pin of component #93, pin of component #92, pin of component #91, pin of component #90, pin of component #86, pin of component #80, pin of component #79, pin of component #76, pin #2 of component #72, pin of component #60, pin of component #59, pin of component #47, pin of component #45, pin of component #40, pin of component #18, pin #1 of component #11 and polylinetrace, polylinetrace, polylinetrace, pin #8 of component #127, pin of component #87, because the new connection could not be inserted.
2026-09-12 02:12:15.872 DEBUG  InsertFoundConnectionAlgo: insert trace failed for net #44 at corner 37/37 on layer 1, trace width: 1250, from corner: 20, ok_point: (515687,-919252), target: (815000,-919200)
2026-09-12 02:12:15.914 DEBUG  [AFEFB6\5D114C] Autorouter Failed to route connection between pin #1 of component #57, pin of component #49 and pin #1 of component #83, because the new connection could not be inserted.
2026-09-12 02:12:16.627 DEBUG  InsertFoundConnectionAlgo: insert trace failed for net #42 at corner 8/30 on layer 0, trace width: 2500, from corner: 7, ok_point: (395998,-746998), target: (395998,-675114)
2026-09-12 02:12:16.652 DEBUG  [AFEFB6\5D114C] Autorouter Failed to route connection between polylinetrace, polylinetrace, pin #2 of component #111, pin of component #65 and pin #1 of component #81, because the new connection could not be inserted.
2026-09-12 02:12:16.698 DEBUG  InsertFoundConnectionAlgo: insert trace failed for net #41 at corner 20/30 on layer 0, trace width: 2500, from corner: 17, ok_point: (427498,-717695), target: (424002,-694118)
2026-09-12 02:12:16.719 DEBUG  [AFEFB6\5D114C] Autorouter Failed to route connection between polylinetrace, pin of component #111, pin of component #89 and pin of component #81, because the new connection could not be inserted.
2026-09-12 02:12:19.952 DEBUG  InsertFoundConnectionAlgo: insert trace failed for net #75 at corner 5/50 on layer 1, trace width: 2500, from corner: 4, ok_point: (397542,-663498), target: (420500,-663498)
2026-09-12 02:12:19.979 DEBUG  [AFEFB6\5D114C] Autorouter Failed to route connection between pin of component #118 and pin of component #72, because the new connection could not be inserted.
2026-09-12 02:12:26.833 DEBUG  InsertFoundConnectionAlgo: insert trace failed for net #42 at corner 7/10 on layer 1, trace width: 2500, from corner: 6, ok_point: (473161,-495202), target: (428891,-495202)
2026-09-12 02:12:26.872 DEBUG  [AFEFB6\5D114C] Autorouter Failed to route connection between pin #1 of component #81 and polylinetrace, polylinetrace, pin #2 of component #111, pin of component #65, because the new connection could not be inserted.
2026-09-12 02:12:27.610 DEBUG  InsertFoundConnectionAlgo: insert trace failed for net #39 at corner 46/46 on layer 0, trace width: 4000, from corner: 25, ok_point: (197556,-691868), target: (285000,-535000)
2026-09-12 02:12:27.649 DEBUG  [AFEFB6\5D114C] Autorouter Failed to route connection between polylinetrace, pin of component #109, pin of component #94, pin of component #33 and polylinetrace, polylinetrace, polylinetrace, polylinetrace, polylinetrace, polylinetrace, polylinetrace, polylinetrace, pin of component #124, pin of component #121, pin #3 of component #112, pin of component #82, pin of component #77, pin of component #73, pin of component #63, because the new connection could not be inserted.
2026-09-12 02:12:28.615 DEBUG  InsertFoundConnectionAlgo: insert trace failed for net #7 at corner 49/49 on layer 0, trace width: 4000, from corner: 46, ok_point: (580998,-359000), target: (540000,-330000)
2026-09-12 02:12:28.650 DEBUG  [AFEFB6\5D114C] Autorouter Failed to route connection between polylinetrace, polylinetrace, pin #6 of component #68, pin of component #24, pin #1 of component #10 and polylinetrace, polylinetrace, pin of component #112, pin of component #74, pin of component #61, because the new connection could not be inserted.
2026-09-12 02:12:36.804 DEBUG  InsertFoundConnectionAlgo: insert trace failed for net #10 at corner 28/28 on layer 1, trace width: 4000, from corner: 22, ok_point: (451268,-766002), target: (380400,-762500)
2026-09-12 02:12:36.840 DEBUG  [AFEFB6\5D114C] Autorouter Failed to route connection between polylinetrace, polylinetrace, polylinetrace, polylinetrace, polylinetrace, polylinetrace, polylinetrace, polylinetrace, polylinetrace, polylinetrace, polylinetrace, polylinetrace, polylinetrace, polylinetrace, polylinetrace, polylinetrace, polylinetrace, polylinetrace, pin #8 of component #127, pin of component #123, pin of component #106, pin of component #104, pin of component #102, pin of component #98, pin of component #96, pin of component #87, pin of component #86, pin of component #79, pin #2 of component #72, pin of component #60, pin of component #59, pin of component #47, pin of component #18, pin #1 of component #11 and polylinetrace, polylinetrace, polylinetrace, polylinetrace, polylinetrace, polylinetrace, polylinetrace, polylinetrace, polylinetrace, polylinetrace, polylinetrace, polylinetrace, polylinetrace, polylinetrace, polylinetrace, polylinetrace, polylinetrace, polylinetrace, polylinetrace, polylinetrace, polylinetrace, polylinetrace, polylinetrace, polylinetrace, polylinetrace, polylinetrace, polylinetrace, polylinetrace, polylinetrace, pin #15 of component #129, pin of component #128, pin of component #126, pin of component #125, pin of component #122, pin of component #115, pin of component #114, pin #2 of component #112, pin of component #105, pin of component #103, pin of component #101, pin of component #99, pin of component #97, pin of component #95, pin of component #93, pin of component #92, pin of component #91, pin of component #90, pin of component #80, pin of component #76, pin of component #45, pin of component #40, because the new connection could not be inserted.
2026-09-12 02:12:39.521 DEBUG  OptViaAlgo.opt_via_location: probably endless loop
2026-09-12 02:12:39.546 DEBUG  OptViaAlgo.opt_via_location: probably endless loop
2026-09-12 02:12:39.581 DEBUG  OptViaAlgo.opt_via_location: probably endless loop
2026-09-12 02:12:40.631 DEBUG  InsertFoundConnectionAlgo: insert trace failed for net #16 at corner 22/50 on layer 0, trace width: 2500, from corner: 19, ok_point: (636598,-428587), target: (631448,-397996)
2026-09-12 02:12:40.678 DEBUG  [AFEFB6\5D114C] Autorouter Failed to route connection between pin #7 of component #11 and polylinetrace, pin #1 of component #118, pin of component #30, because the new connection could not be inserted.
2026-09-12 02:12:43.167 DEBUG  InsertFoundConnectionAlgo: insert trace failed for net #58 at corner 40/40 on layer 1, trace width: 1250, from corner: 10, ok_point: (440214,-555948), target: (250000,-457300)
2026-09-12 02:12:43.206 DEBUG  [AFEFB6\5D114C] Autorouter Failed to route connection between polylinetrace, polylinetrace, polylinetrace, pin #17 of component #127, pin of component #88 and polylinetrace, pin #1 of component #97, pin of component #23, because the new connection could not be inserted.
2026-09-12 02:12:44.721 DEBUG  InsertFoundConnectionAlgo: insert trace failed for net #16 at corner 22/28 on layer 1, trace width: 2500, from corner: 19, ok_point: (519994,-287642), target: (568242,-287642)
2026-09-12 02:12:44.755 DEBUG  [AFEFB6\5D114C] Autorouter Failed to route connection between polylinetrace, polylinetrace, pin #1 of component #118, pin of component #30 and pin #7 of component #11, because the new connection could not be inserted.
2026-09-12 02:12:50.580 DEBUG  InsertFoundConnectionAlgo: insert trace failed for net #19 at corner 41/57 on layer 0, trace width: 1250, from corner: 36, ok_point: (414999,-440657), target: (395500,-457217)
2026-09-12 02:12:50.624 DEBUG  [AFEFB6\5D114C] Autorouter Failed to route connection between pin #1 of component #68 and polylinetrace, polylinetrace, polylinetrace, pin #1 of component #60, pin of component #19, pin #1 of component #7, pin of component #7, because the new connection could not be inserted.
2026-09-12 02:12:58.669 INFO   [AFEFB6\5D114C] Auto-routing pass #1 on board 'c63064412ba5776b97cf00b1e389e214' was completed in 64.94 seconds with the score of 886.63 (28 unrouted and 0 violations), using 28.17 CPU seconds and the job allocated 87.73 GB of memory so far.
2026-09-12 02:12:58.959 DEBUG  Queuing item for routing: Pin on net '/LOGIC_3V3' (connected: 73/90)
2026-09-12 02:12:58.960 DEBUG  Queuing item for routing: Pin on net '/RGB_OE_N' (connected: 4/5)
2026-09-12 02:12:58.961 DEBUG  Queuing item for routing: Pin on net '/RGB_LATCH' (connected: 1/2)
2026-09-12 02:12:58.962 DEBUG  Queuing item for routing: Pin on net '/RGB_CLK' (connected: 4/8)
2026-09-12 02:12:58.962 DEBUG  Queuing item for routing: Pin on net '/RGB_DATA' (connected: 4/5)
2026-09-12 02:12:58.963 DEBUG  Queuing item for routing: Pin on net '/SPI_MISO' (connected: 3/4)
2026-09-12 02:12:58.967 DEBUG  Queuing item for routing: Pin on net '/SPI_MOSI' (connected: 7/8)
2026-09-12 02:12:58.967 DEBUG  Queuing item for routing: Pin on net '/SD_CS' (connected: 3/6)
2026-09-12 02:12:58.967 DEBUG  Queuing item for routing: Pin on net '/RGB_OE_N' (connected: 1/5)
2026-09-12 02:12:58.967 DEBUG  Queuing item for routing: Pin on net '/RGB_LATCH' (connected: 1/2)
2026-09-12 02:12:58.967 DEBUG  Queuing item for routing: Pin on net '/RGB_CLK' (connected: 4/8)
2026-09-12 02:12:58.968 DEBUG  Queuing item for routing: Pin on net '/RGB_DATA' (connected: 1/5)
2026-09-12 02:12:58.968 DEBUG  Queuing item for routing: Pin on net 'Net-(U1-GPA2_{slash}_LEFT)' (connected: 6/7)
2026-09-12 02:12:58.970 DEBUG  Queuing item for routing: Pin on net 'Net-(U1-GPA1_{slash}_DOWN)' (connected: 7/8)
2026-09-12 02:12:58.970 DEBUG  Queuing item for routing: Pin on net 'Net-(U1-GPA0_{slash}_UP)' (connected: 7/8)
2026-09-12 02:12:58.970 DEBUG  Queuing item for routing: Pin on net '/BUTTON_INT_N' (connected: 6/9)
2026-09-12 02:12:58.970 DEBUG  Queuing item for routing: Pin on net 'Net-(U1-RESET_N)' (connected: 5/8)
2026-09-12 02:12:58.971 DEBUG  Queuing item for routing: Pin on net '/I2C_SCL' (connected: 6/9)
2026-09-12 02:12:58.971 DEBUG  Queuing item for routing: Pin on net '/LOGIC_3V3' (connected: 17/90)
2026-09-12 02:12:58.977 DEBUG  Queuing item for routing: Pin on net '/MOTOR_EN' (connected: 1/2)
2026-09-12 02:12:58.977 DEBUG  Queuing item for routing: Pin on net '/AMP_EN' (connected: 1/2)
2026-09-12 02:12:58.977 DEBUG  Queuing item for routing: Pin on net 'Net-(U1-GPB3_{slash}_Y)' (connected: 3/6)
2026-09-12 02:12:58.977 DEBUG  Queuing item for routing: Pin on net 'Net-(U1-GPB2_{slash}_X)' (connected: 3/6)
2026-09-12 02:12:58.978 DEBUG  Queuing item for routing: Pin on net 'Net-(U1-GPB1_{slash}_B)' (connected: 1/6)
2026-09-12 02:12:58.978 DEBUG  Queuing item for routing: Pin on net '/ACT_3V2' (connected: 15/22)
2026-09-12 02:12:58.979 DEBUG  Queuing item for routing: Pin on net 'Net-(D1-A)' (connected: 1/2)
2026-09-12 02:12:58.979 DEBUG  Queuing item for routing: Pin on net 'Net-(J2-BLK)' (connected: 3/4)
2026-09-12 02:12:58.979 DEBUG  Queuing item for routing: Pin on net 'Net-(Q3-C)' (connected: 1/5)
2026-09-12 02:12:58.979 DEBUG  Queuing item for routing: Pin on net '/BL_PWM' (connected: 3/4)
2026-09-12 02:12:58.979 DEBUG  Queuing item for routing: Pin on net 'Net-(Q2-C)' (connected: 1/2)
2026-09-12 02:12:58.984 DEBUG  Queuing item for routing: Pin on net 'Net-(J5--)' (connected: 4/5)
2026-09-12 02:12:58.984 DEBUG  Queuing item for routing: Pin on net 'Net-(J5-+)' (connected: 3/4)
2026-09-12 02:12:58.985 DEBUG  Queuing item for routing: Pin on net '/ACT_3V2' (connected: 7/22)
2026-09-12 02:12:58.985 DEBUG  Queuing item for routing: Pin on net '/SD_CS' (connected: 3/6)
2026-09-12 02:12:58.985 DEBUG  Queuing item for routing: Pin on net '/BUTTON_INT_N' (connected: 3/9)
2026-09-12 02:12:58.985 DEBUG  Queuing item for routing: Pin on net 'Net-(U1-GPA1_{slash}_DOWN)' (connected: 1/8)
2026-09-12 02:12:58.985 DEBUG  Queuing item for routing: Pin on net 'Net-(D1-A)' (connected: 1/2)
2026-09-12 02:12:58.986 DEBUG  Queuing item for routing: Pin on net 'Net-(U1-RESET_N)' (connected: 3/8)
2026-09-12 02:12:58.986 DEBUG  Queuing item for routing: Pin on net 'Net-(U1-GPA0_{slash}_UP)' (connected: 1/8)
2026-09-12 02:12:58.986 DEBUG  Queuing item for routing: Pin on net 'Net-(U1-GPA2_{slash}_LEFT)' (connected: 1/7)
2026-09-12 02:12:58.986 DEBUG  Queuing item for routing: Pin on net 'Net-(U1-GPB1_{slash}_B)' (connected: 5/6)
2026-09-12 02:12:58.986 DEBUG  Queuing item for routing: Pin on net 'Net-(J5--)' (connected: 1/5)
2026-09-12 02:12:58.986 DEBUG  Queuing item for routing: Pin on net 'Net-(J5-+)' (connected: 1/4)
2026-09-12 02:12:58.986 DEBUG  Queuing item for routing: Pin on net 'Net-(Q3-C)' (connected: 4/5)
2026-09-12 02:12:58.986 DEBUG  Queuing item for routing: Pin on net 'Net-(Q2-C)' (connected: 1/2)
2026-09-12 02:12:58.990 DEBUG  Queuing item for routing: Pin on net '/SPI_MISO' (connected: 1/4)
2026-09-12 02:12:58.990 DEBUG  Queuing item for routing: Pin on net '/SPI_MOSI' (connected: 1/8)
2026-09-12 02:12:58.990 DEBUG  Queuing item for routing: Pin on net '/BL_PWM' (connected: 1/4)
2026-09-12 02:12:58.990 DEBUG  Queuing item for routing: Pin on net '/BUTTON_FN_N' (connected: 1/8)
2026-09-12 02:12:58.991 DEBUG  Queuing item for routing: Pin on net '/BUTTON_FN_N' (connected: 7/8)
2026-09-12 02:12:58.991 DEBUG  Queuing item for routing: Pin on net '/I2C_SCL' (connected: 3/9)
2026-09-12 02:12:58.991 DEBUG  Queuing item for routing: Pin on net '/MOTOR_EN' (connected: 1/2)
2026-09-12 02:12:58.991 DEBUG  Queuing item for routing: Pin on net '/AMP_EN' (connected: 1/2)
2026-09-12 02:12:58.992 DEBUG  Queuing item for routing: Pin on net 'Net-(J2-BLK)' (connected: 1/4)
2026-09-12 02:12:58.992 DEBUG  Queuing item for routing: Pin on net 'Net-(U1-GPB2_{slash}_X)' (connected: 3/6)
2026-09-12 02:12:58.992 DEBUG  Queuing item for routing: Pin on net 'Net-(U1-GPB3_{slash}_Y)' (connected: 3/6)
2026-09-12 02:12:59.111 DEBUG  [AFEFB6\5D114C] Pass #2: 28 incompletes across 56 items to route
2026-09-12 02:12:59.111 DEBUG  [AFEFB6\5D114C]   Net 'Net-(U1-GPA2_{slash}_LEFT)' has 1 incomplete(s)
2026-09-12 02:12:59.111 DEBUG  [AFEFB6\5D114C]   Net 'Net-(U1-GPB3_{slash}_Y)' has 1 incomplete(s)
2026-09-12 02:12:59.111 DEBUG  [AFEFB6\5D114C]   Net 'Net-(U1-GPB2_{slash}_X)' has 1 incomplete(s)
2026-09-12 02:12:59.111 DEBUG  [AFEFB6\5D114C]   Net '/LOGIC_3V3' has 1 incomplete(s)
2026-09-12 02:12:59.111 DEBUG  [AFEFB6\5D114C]   Net '/SPI_MOSI' has 1 incomplete(s)
2026-09-12 02:12:59.111 DEBUG  [AFEFB6\5D114C]   Net 'Net-(J2-BLK)' has 1 incomplete(s)
2026-09-12 02:12:59.111 DEBUG  [AFEFB6\5D114C]   Net 'Net-(U1-GPA1_{slash}_DOWN)' has 1 incomplete(s)
2026-09-12 02:12:59.111 DEBUG  [AFEFB6\5D114C]   Net '/BUTTON_FN_N' has 1 incomplete(s)
2026-09-12 02:12:59.111 DEBUG  [AFEFB6\5D114C]   Net 'Net-(U1-GPB1_{slash}_B)' has 1 incomplete(s)
2026-09-12 02:12:59.112 DEBUG  [AFEFB6\5D114C]   Net 'Net-(U1-GPA0_{slash}_UP)' has 1 incomplete(s)
2026-09-12 02:12:59.112 DEBUG  [AFEFB6\5D114C]   Net '/RGB_CLK' has 1 incomplete(s)
2026-09-12 02:12:59.112 DEBUG  [AFEFB6\5D114C]   Net '/BUTTON_INT_N' has 1 incomplete(s)
2026-09-12 02:12:59.112 DEBUG  [AFEFB6\5D114C]   Net '/I2C_SCL' has 1 incomplete(s)
2026-09-12 02:12:59.112 DEBUG  [AFEFB6\5D114C]   Net '/BL_PWM' has 1 incomplete(s)
2026-09-12 02:12:59.112 DEBUG  [AFEFB6\5D114C]   Net '/SD_CS' has 1 incomplete(s)
2026-09-12 02:12:59.112 DEBUG  [AFEFB6\5D114C]   Net '/SPI_MISO' has 1 incomplete(s)
2026-09-12 02:12:59.112 DEBUG  [AFEFB6\5D114C]   Net 'Net-(Q2-C)' has 1 incomplete(s)
2026-09-12 02:12:59.112 DEBUG  [AFEFB6\5D114C]   Net '/ACT_3V2' has 1 incomplete(s)
2026-09-12 02:12:59.112 DEBUG  [AFEFB6\5D114C]   Net 'Net-(J5-+)' has 1 incomplete(s)
2026-09-12 02:12:59.112 DEBUG  [AFEFB6\5D114C]   Net 'Net-(J5--)' has 1 incomplete(s)
2026-09-12 02:12:59.112 DEBUG  [AFEFB6\5D114C]   Net '/AMP_EN' has 1 incomplete(s)
2026-09-12 02:12:59.112 DEBUG  [AFEFB6\5D114C]   Net 'Net-(D1-A)' has 1 incomplete(s)
2026-09-12 02:12:59.112 DEBUG  [AFEFB6\5D114C]   Net '/RGB_OE_N' has 1 incomplete(s)
2026-09-12 02:12:59.112 DEBUG  [AFEFB6\5D114C]   Net 'Net-(U1-RESET_N)' has 1 incomplete(s)
2026-09-12 02:12:59.113 DEBUG  [AFEFB6\5D114C]   Net '/MOTOR_EN' has 1 incomplete(s)
2026-09-12 02:12:59.113 DEBUG  [AFEFB6\5D114C]   Net '/RGB_DATA' has 1 incomplete(s)
2026-09-12 02:12:59.113 DEBUG  [AFEFB6\5D114C]   Net '/RGB_LATCH' has 1 incomplete(s)
2026-09-12 02:12:59.113 DEBUG  [AFEFB6\5D114C]   Net 'Net-(Q3-C)' has 1 incomplete(s)
2026-09-12 02:13:04.496 DEBUG  InsertFoundConnectionAlgo: insert trace failed for net #22 at corner 37/37 on layer 1, trace width: 1250, from corner: 16, ok_point: (440214,-555948), target: (213100,-484300)
2026-09-12 02:13:04.545 DEBUG  [AFEFB6\5D114C] Autorouter Failed to route connection between polylinetrace, polylinetrace, via, pin #25 of component #127 and polylinetrace, polylinetrace, pin #2 of component #129, pin of component #39, because the new connection could not be inserted.
2026-09-12 02:13:12.002 DEBUG  InsertFoundConnectionAlgo: insert trace failed for net #58 at corner 43/43 on layer 1, trace width: 1250, from corner: 7, ok_point: (398752,-484452), target: (655486,-541751)
2026-09-12 02:13:12.045 DEBUG  [AFEFB6\5D114C] Autorouter Failed to route connection between polylinetrace, pin #1 of component #97, pin of component #23 and polylinetrace, polylinetrace, polylinetrace, pin #17 of component #127, pin of component #88, because the new connection could not be inserted.
2026-09-12 02:13:13.349 DEBUG  InsertFoundConnectionAlgo: insert trace failed for net #59 at corner 69/69 on layer 1, trace width: 1250, from corner: 8, ok_point: (215680,-470152), target: (595483,-482018)
2026-09-12 02:13:13.394 DEBUG  [AFEFB6\5D114C] Autorouter Failed to route connection between pin of component #57 and pin #5 of component #127, because the new connection could not be inserted.
2026-09-12 02:13:13.723 DEBUG  InsertFoundConnectionAlgo: insert trace failed for net #48 at corner 44/65 on layer 1, trace width: 1250, from corner: 43, ok_point: (381202,-313726), target: (390108,-313726)
2026-09-12 02:13:13.770 DEBUG  [AFEFB6\5D114C] Autorouter Failed to route connection between pin of component #41 and pin #4 of component #127, because the new connection could not be inserted.
2026-09-12 02:13:16.325 DEBUG  InsertFoundConnectionAlgo: insert trace failed for net #56 at corner 3/14 on layer 1, trace width: 2500, from corner: 2, ok_point: (200150,-66498), target: (163748,-66498)
2026-09-12 02:13:16.347 DEBUG  [AFEFB6\5D114C] Autorouter Failed to route connection between pin #1 of component #98 and pin #1 of component #119, because the new connection could not be inserted.
2026-09-12 02:13:16.979 DEBUG  InsertFoundConnectionAlgo: insert trace failed for net #16 at corner 3/22 on layer 1, trace width: 2500, from corner: 2, ok_point: (717500,-663498), target: (588150,-663498)
2026-09-12 02:13:17.010 DEBUG  [AFEFB6\5D114C] Autorouter Failed to route connection between pin #7 of component #11 and polylinetrace, pin #1 of component #118, pin of component #30, because the new connection could not be inserted.
2026-09-12 02:13:17.235 DEBUG  InsertFoundConnectionAlgo: insert trace failed for net #75 at corner 57/57 on layer 1, trace width: 2500, from corner: 14, ok_point: (878315,-675195), target: (395058,-669913)
2026-09-12 02:13:17.290 DEBUG  [AFEFB6\5D114C] Autorouter Failed to route connection between polylinetrace, polylinetrace, via, pin of component #72 and pin of component #118, because the new connection could not be inserted.
2026-09-12 02:13:19.263 DEBUG  InsertFoundConnectionAlgo: insert trace failed for net #33 at corner 10/27 on layer 1, trace width: 1250, from corner: 4, ok_point: (395001,-440658), target: (416804,-455924)
2026-09-12 02:13:19.324 DEBUG  [AFEFB6\5D114C] Autorouter Failed to route connection between pin #10 of component #68 and polylinetrace, pin of component #117, pin of component #38, because the new connection could not be inserted.
2026-09-12 02:13:20.727 DEBUG  InsertFoundConnectionAlgo: insert trace failed for net #42 at corner 15/40 on layer 0, trace width: 2500, from corner: 12, ok_point: (453002,-531798), target: (466998,-559090)
2026-09-12 02:13:20.777 DEBUG  [AFEFB6\5D114C] Autorouter Failed to route connection between pin #1 of component #81 and polylinetrace, polylinetrace, pin #2 of component #111, pin of component #65, because the new connection could not be inserted.
2026-09-12 02:13:22.559 DEBUG  InsertFoundConnectionAlgo: insert trace failed for net #56 at corner 11/15 on layer 1, trace width: 2500, from corner: 10, ok_point: (133512,-69498), target: (146502,-69498)
2026-09-12 02:13:22.624 DEBUG  [AFEFB6\5D114C] Autorouter Failed to route connection between polylinetrace, pin #1 of component #119 and pin #1 of component #98, because the new connection could not be inserted.
2026-09-12 02:13:24.476 DEBUG  InsertFoundConnectionAlgo: insert trace failed for net #42 at corner 37/44 on layer 0, trace width: 2500, from corner: 36, ok_point: (466998,-736330), target: (466998,-631800)
2026-09-12 02:13:24.536 DEBUG  [AFEFB6\5D114C] Autorouter Failed to route connection between polylinetrace, polylinetrace, polylinetrace, polylinetrace, pin #2 of component #111, pin of component #65 and pin #1 of component #81, because the new connection could not be inserted.
2026-09-12 02:13:25.355 DEBUG  InsertFoundConnectionAlgo: insert trace failed for net #75 at corner 6/12 on layer 1, trace width: 2500, from corner: 3, ok_point: (397558,-663498), target: (409750,-662400)
2026-09-12 02:13:25.407 DEBUG  [AFEFB6\5D114C] Autorouter Failed to route connection between pin of component #118 and polylinetrace, polylinetrace, via, pin of component #72, because the new connection could not be inserted.
2026-09-12 02:13:27.844 DEBUG  InsertFoundConnectionAlgo: insert trace failed for net #19 at corner 57/57 on layer 0, trace width: 1250, from corner: 17, ok_point: (404787,-459052), target: (445000,-750000)
2026-09-12 02:13:27.918 DEBUG  [AFEFB6\5D114C] Autorouter Failed to route connection between polylinetrace, polylinetrace, polylinetrace, pin #1 of component #60, pin of component #19, pin #1 of component #7, pin of component #7 and pin #1 of component #68, because the new connection could not be inserted.
2026-09-12 02:13:33.015 DEBUG  InsertFoundConnectionAlgo: insert trace failed for net #16 at corner 7/10 on layer 0, trace width: 2500, from corner: 6, ok_point: (629502,-413002), target: (629502,-544448)
2026-09-12 02:13:33.042 DEBUG  [AFEFB6\5D114C] Autorouter Failed to route connection between polylinetrace, polylinetrace, pin #1 of component #118, pin of component #30 and pin #7 of component #11, because the new connection could not be inserted.
2026-09-12 02:13:33.050 DEBUG  [AFEFB6\5D114C] Pass #2: Failed to route Pin on net 'Net-(J2-BLK)' (3 items remaining, 2 failures). State: FAILED
2026-09-12 02:13:33.904 INFO   [AFEFB6\5D114C] Auto-routing pass #2 on board '1e247b49aec285120241a1b10084f2b9' was completed in 34.95 seconds with the score of 959.51 (10 unrouted and 0 violations), using 43.81 CPU seconds and the job allocated 133.86 GB of memory so far.
2026-09-12 02:13:34.126 DEBUG  Queuing item for routing: Pin on net '/RGB_OE_N' (connected: 4/5)
2026-09-12 02:13:34.127 DEBUG  Queuing item for routing: Pin on net '/RGB_LATCH' (connected: 4/5)
2026-09-12 02:13:34.127 DEBUG  Queuing item for routing: Pin on net '/RGB_DATA' (connected: 4/8)
2026-09-12 02:13:34.128 DEBUG  Queuing item for routing: Pin on net '/SPI_SCK' (connected: 1/10)
2026-09-12 02:13:34.129 DEBUG  Queuing item for routing: Pin on net '/RGB_OE_N' (connected: 1/5)
2026-09-12 02:13:34.129 DEBUG  Queuing item for routing: Pin on net '/RGB_LATCH' (connected: 1/5)
2026-09-12 02:13:34.129 DEBUG  Queuing item for routing: Pin on net '/RGB_DATA' (connected: 4/8)
2026-09-12 02:13:34.131 DEBUG  Queuing item for routing: Pin on net 'Net-(U1-GPB0_{slash}_A)' (connected: 1/6)
2026-09-12 02:13:34.132 DEBUG  Queuing item for routing: Pin on net 'Net-(D1-A)' (connected: 1/2)
2026-09-12 02:13:34.132 DEBUG  Queuing item for routing: Pin on net 'Net-(J2-BLK)' (connected: 3/4)
2026-09-12 02:13:34.132 DEBUG  Queuing item for routing: Pin on net 'Net-(Q3-C)' (connected: 1/5)
2026-09-12 02:13:34.132 DEBUG  Queuing item for routing: Pin on net '/BL_PWM' (connected: 3/4)
2026-09-12 02:13:34.133 DEBUG  Queuing item for routing: Pin on net 'Net-(J5--)' (connected: 4/5)
2026-09-12 02:13:34.133 DEBUG  Queuing item for routing: Pin on net 'Net-(U1-GPB0_{slash}_A)' (connected: 5/6)
2026-09-12 02:13:34.134 DEBUG  Queuing item for routing: Pin on net 'Net-(D1-A)' (connected: 1/2)
2026-09-12 02:13:34.135 DEBUG  Queuing item for routing: Pin on net 'Net-(J5--)' (connected: 1/5)
2026-09-12 02:13:34.135 DEBUG  Queuing item for routing: Pin on net 'Net-(Q3-C)' (connected: 4/5)
2026-09-12 02:13:34.137 DEBUG  Queuing item for routing: Pin on net '/SPI_SCK' (connected: 9/10)
2026-09-12 02:13:34.137 DEBUG  Queuing item for routing: Pin on net '/BL_PWM' (connected: 1/4)
2026-09-12 02:13:34.138 DEBUG  Queuing item for routing: Pin on net 'Net-(J2-BLK)' (connected: 1/4)
2026-09-12 02:13:34.203 DEBUG  [AFEFB6\5D114C] Pass #3: 10 incompletes across 20 items to route
2026-09-12 02:13:34.203 DEBUG  [AFEFB6\5D114C]   Net 'Net-(U1-GPB0_{slash}_A)' has 1 incomplete(s)
2026-09-12 02:13:34.205 DEBUG  [AFEFB6\5D114C]   Net '/SPI_SCK' has 1 incomplete(s)
2026-09-12 02:13:34.205 DEBUG  [AFEFB6\5D114C]   Net 'Net-(J2-BLK)' has 1 incomplete(s)
2026-09-12 02:13:34.207 DEBUG  [AFEFB6\5D114C]   Net '/BL_PWM' has 1 incomplete(s)
2026-09-12 02:13:34.211 DEBUG  [AFEFB6\5D114C]   Net 'Net-(J5--)' has 1 incomplete(s)
2026-09-12 02:13:34.211 DEBUG  [AFEFB6\5D114C]   Net 'Net-(D1-A)' has 1 incomplete(s)
2026-09-12 02:13:34.211 DEBUG  [AFEFB6\5D114C]   Net '/RGB_OE_N' has 1 incomplete(s)
2026-09-12 02:13:34.211 DEBUG  [AFEFB6\5D114C]   Net '/RGB_DATA' has 1 incomplete(s)
2026-09-12 02:13:34.211 DEBUG  [AFEFB6\5D114C]   Net '/RGB_LATCH' has 1 incomplete(s)
2026-09-12 02:13:34.211 DEBUG  [AFEFB6\5D114C]   Net 'Net-(Q3-C)' has 1 incomplete(s)
2026-09-12 02:13:36.593 DEBUG  InsertFoundConnectionAlgo: insert trace failed for net #68 at corner 35/62 on layer 1, trace width: 1250, from corner: 34, ok_point: (686532,-534270), target: (668562,-552240)
2026-09-12 02:13:36.633 DEBUG  [AFEFB6\5D114C] Autorouter Failed to route connection between pin #26 of component #127 and polylinetrace, polylinetrace, via, pin #3 of component #129, because the new connection could not be inserted.
2026-09-12 02:13:38.274 DEBUG  InsertFoundConnectionAlgo: insert trace failed for net #61 at corner 19/42 on layer 0, trace width: 1250, from corner: 16, ok_point: (728948,-76648), target: (724048,-76648)
2026-09-12 02:13:38.336 DEBUG  [AFEFB6\5D114C] Autorouter Failed to route connection between pin #24 of component #127 and polylinetrace, polylinetrace, pin #1 of component #129, pin of component #46, because the new connection could not be inserted.
2026-09-12 02:13:39.609 DEBUG  InsertFoundConnectionAlgo: insert trace failed for net #68 at corner 38/38 on layer 1, trace width: 1250, from corner: 8, ok_point: (200423,-542336), target: (686532,-534270)
2026-09-12 02:13:39.662 DEBUG  [AFEFB6\5D114C] Autorouter Failed to route connection between polylinetrace, polylinetrace, polylinetrace, polylinetrace, via, pin #3 of component #129 and pin #26 of component #127, because the new connection could not be inserted.
2026-09-12 02:13:41.896 DEBUG  InsertFoundConnectionAlgo: insert trace failed for net #56 at corner 3/14 on layer 1, trace width: 2500, from corner: 2, ok_point: (200150,-66498), target: (163748,-66498)
2026-09-12 02:13:41.920 DEBUG  [AFEFB6\5D114C] Autorouter Failed to route connection between pin #1 of component #98 and pin #1 of component #119, because the new connection could not be inserted.
2026-09-12 02:13:41.920 DEBUG  [AFEFB6\5D114C] Pass #3: Failed to route Pin on net 'Net-(D1-A)' (12 items remaining, 3 failures). State: FAILED
2026-09-12 02:13:43.763 DEBUG  InsertFoundConnectionAlgo: insert trace failed for net #16 at corner 10/11 on layer 0, trace width: 2500, from corner: 9, ok_point: (725998,-595388), target: (725998,-569709)
2026-09-12 02:13:43.794 DEBUG  [AFEFB6\5D114C] Autorouter Failed to route connection between pin #7 of component #11 and polylinetrace, pin #1 of component #118, pin of component #30, because the new connection could not be inserted.
2026-09-12 02:13:44.203 DEBUG  InsertFoundConnectionAlgo: insert trace failed for net #75 at corner 5/16 on layer 1, trace width: 2500, from corner: 4, ok_point: (810669,-554298), target: (703031,-554298)
2026-09-12 02:13:44.225 DEBUG  [AFEFB6\5D114C] Autorouter Failed to route connection between polylinetrace, polylinetrace, via, pin of component #72 and pin of component #118, because the new connection could not be inserted.
2026-09-12 02:13:44.225 DEBUG  [AFEFB6\5D114C] Pass #3: Failed to route Pin on net 'Net-(Q3-C)' (10 items remaining, 3 failures). State: FAILED
2026-09-12 02:13:46.236 DEBUG  InsertFoundConnectionAlgo: insert trace failed for net #56 at corner 11/15 on layer 1, trace width: 2500, from corner: 10, ok_point: (133512,-69498), target: (146502,-69498)
2026-09-12 02:13:46.280 DEBUG  [AFEFB6\5D114C] Autorouter Failed to route connection between polylinetrace, pin #1 of component #119 and pin #1 of component #98, because the new connection could not be inserted.
2026-09-12 02:13:46.280 DEBUG  [AFEFB6\5D114C] Pass #3: Failed to route Pin on net 'Net-(D1-A)' (6 items remaining, 3 failures). State: FAILED
2026-09-12 02:13:47.047 DEBUG  InsertFoundConnectionAlgo: insert trace failed for net #75 at corner 14/16 on layer 1, trace width: 2500, from corner: 11, ok_point: (473500,-628298), target: (492502,-628298)
2026-09-12 02:13:47.075 DEBUG  [AFEFB6\5D114C] Autorouter Failed to route connection between polylinetrace, pin of component #118 and polylinetrace, polylinetrace, via, pin of component #72, because the new connection could not be inserted.
2026-09-12 02:13:47.075 DEBUG  [AFEFB6\5D114C] Pass #3: Failed to route Pin on net 'Net-(Q3-C)' (4 items remaining, 3 failures). State: FAILED
2026-09-12 02:13:48.093 DEBUG  InsertFoundConnectionAlgo: insert trace failed for net #16 at corner 5/17 on layer 1, trace width: 2500, from corner: 2, ok_point: (246248,-251977), target: (232831,-284226)
2026-09-12 02:13:48.124 DEBUG  [AFEFB6\5D114C] Autorouter Failed to route connection between polylinetrace, polylinetrace, pin #1 of component #118, pin of component #30 and pin #7 of component #11, because the new connection could not be inserted.
2026-09-12 02:13:48.125 DEBUG  [AFEFB6\5D114C] Pass #3: Failed to route Pin on net 'Net-(J2-BLK)' (1 items remaining, 3 failures). State: FAILED
2026-09-12 02:13:48.462 INFO   [AFEFB6\5D114C] Auto-routing pass #3 on board '863da9cbc90edc67f9b555be59863544' was completed in 14.34 seconds with the score of 959.51 (10 unrouted and 0 violations), using 53.72 CPU seconds and the job allocated 160.13 GB of memory so far.
2026-09-12 02:13:48.600 DEBUG  Queuing item for routing: Pin on net '/LOGIC_3V3' (connected: 89/90)
2026-09-12 02:13:48.600 DEBUG  Queuing item for routing: Pin on net '/RGB_OE_N' (connected: 4/5)
2026-09-12 02:13:48.600 DEBUG  Queuing item for routing: Pin on net '/RGB_LATCH' (connected: 4/5)
2026-09-12 02:13:48.600 DEBUG  Queuing item for routing: Pin on net '/RGB_CLK' (connected: 4/5)
2026-09-12 02:13:48.604 DEBUG  Queuing item for routing: Pin on net '/RGB_OE_N' (connected: 1/5)
2026-09-12 02:13:48.604 DEBUG  Queuing item for routing: Pin on net '/RGB_LATCH' (connected: 1/5)
2026-09-12 02:13:48.604 DEBUG  Queuing item for routing: Pin on net '/RGB_CLK' (connected: 1/5)
2026-09-12 02:13:48.605 DEBUG  Queuing item for routing: Pin on net 'Net-(U1-RESET_N)' (connected: 5/8)
2026-09-12 02:13:48.606 DEBUG  Queuing item for routing: Pin on net 'Net-(U1-GPB0_{slash}_A)' (connected: 1/6)
2026-09-12 02:13:48.606 DEBUG  Queuing item for routing: Pin on net '/LOGIC_3V3' (connected: 1/90)
2026-09-12 02:13:48.606 DEBUG  Queuing item for routing: Pin on net 'Net-(D1-A)' (connected: 1/2)
2026-09-12 02:13:48.606 DEBUG  Queuing item for routing: Pin on net 'Net-(J2-BLK)' (connected: 3/4)
2026-09-12 02:13:48.607 DEBUG  Queuing item for routing: Pin on net 'Net-(Q3-C)' (connected: 1/5)
2026-09-12 02:13:48.607 DEBUG  Queuing item for routing: Pin on net 'Net-(Q2-C)' (connected: 1/2)
2026-09-12 02:13:48.609 DEBUG  Queuing item for routing: Pin on net 'Net-(U1-GPB0_{slash}_A)' (connected: 5/6)
2026-09-12 02:13:48.609 DEBUG  Queuing item for routing: Pin on net 'Net-(D1-A)' (connected: 1/2)
2026-09-12 02:13:48.609 DEBUG  Queuing item for routing: Pin on net 'Net-(U1-RESET_N)' (connected: 3/8)
2026-09-12 02:13:48.609 DEBUG  Queuing item for routing: Pin on net 'Net-(Q3-C)' (connected: 4/5)
2026-09-12 02:13:48.609 DEBUG  Queuing item for routing: Pin on net 'Net-(Q2-C)' (connected: 1/2)
2026-09-12 02:13:48.610 DEBUG  Queuing item for routing: Pin on net 'Net-(J2-BLK)' (connected: 1/4)
2026-09-12 02:13:48.722 DEBUG  [AFEFB6\5D114C] Pass #4: 10 incompletes across 20 items to route
2026-09-12 02:13:48.722 DEBUG  [AFEFB6\5D114C]   Net 'Net-(U1-GPB0_{slash}_A)' has 1 incomplete(s)
2026-09-12 02:13:48.722 DEBUG  [AFEFB6\5D114C]   Net '/LOGIC_3V3' has 1 incomplete(s)
2026-09-12 02:13:48.722 DEBUG  [AFEFB6\5D114C]   Net 'Net-(J2-BLK)' has 1 incomplete(s)
2026-09-12 02:13:48.725 DEBUG  [AFEFB6\5D114C]   Net '/RGB_CLK' has 1 incomplete(s)
2026-09-12 02:13:48.726 DEBUG  [AFEFB6\5D114C]   Net 'Net-(Q2-C)' has 1 incomplete(s)
2026-09-12 02:13:48.726 DEBUG  [AFEFB6\5D114C]   Net 'Net-(D1-A)' has 1 incomplete(s)
2026-09-12 02:13:48.726 DEBUG  [AFEFB6\5D114C]   Net '/RGB_OE_N' has 1 incomplete(s)
2026-09-12 02:13:48.726 DEBUG  [AFEFB6\5D114C]   Net 'Net-(U1-RESET_N)' has 1 incomplete(s)
2026-09-12 02:13:48.726 DEBUG  [AFEFB6\5D114C]   Net '/RGB_LATCH' has 1 incomplete(s)
2026-09-12 02:13:48.726 DEBUG  [AFEFB6\5D114C]   Net 'Net-(Q3-C)' has 1 incomplete(s)
2026-09-12 02:13:49.725 DEBUG  InsertFoundConnectionAlgo: insert trace failed for net #57 at corner 44/44 on layer 0, trace width: 1250, from corner: 41, ok_point: (742498,-529500), target: (714550,-541854)
2026-09-12 02:13:49.762 DEBUG  [AFEFB6\5D114C] Autorouter Failed to route connection between pin #27 of component #127 and polylinetrace, polylinetrace, pin #12 of component #129, pin #1 of component #95, because the new connection could not be inserted.
2026-09-12 02:13:51.837 DEBUG  InsertFoundConnectionAlgo: insert trace failed for net #22 at corner 57/57 on layer 1, trace width: 1250, from corner: 8, ok_point: (654028,-527769), target: (228055,-469536)
2026-09-12 02:13:51.896 DEBUG  [AFEFB6\5D114C] Autorouter Failed to route connection between pin #25 of component #127 and polylinetrace, polylinetrace, pin #2 of component #129, pin of component #39, because the new connection could not be inserted.
2026-09-12 02:13:52.815 DEBUG  InsertFoundConnectionAlgo: insert trace failed for net #22 at corner 65/65 on layer 1, trace width: 1250, from corner: 25, ok_point: (521980,-519352), target: (778215,-548249)
2026-09-12 02:13:52.839 DEBUG  [AFEFB6\5D114C] Autorouter Failed to route connection between polylinetrace, polylinetrace, polylinetrace, pin #2 of component #129, pin of component #39 and pin #25 of component #127, because the new connection could not be inserted.
2026-09-12 02:13:53.701 DEBUG  InsertFoundConnectionAlgo: insert trace failed for net #56 at corner 3/14 on layer 1, trace width: 2500, from corner: 2, ok_point: (200150,-66498), target: (163748,-66498)
2026-09-12 02:13:53.721 DEBUG  [AFEFB6\5D114C] Autorouter Failed to route connection between pin #1 of component #98 and pin #1 of component #119, because the new connection could not be inserted.
2026-09-12 02:13:53.721 DEBUG  [AFEFB6\5D114C] Pass #4: Failed to route Pin on net 'Net-(D1-A)' (10 items remaining, 4 failures). State: FAILED
2026-09-12 02:13:54.938 DEBUG  InsertFoundConnectionAlgo: insert trace failed for net #16 at corner 1/20 on layer 1, trace width: 2500, from corner: 0, ok_point: (666633,-557050), target: (284188,-557050)
2026-09-12 02:13:54.976 DEBUG  [AFEFB6\5D114C] Autorouter Failed to route connection between pin #7 of component #11 and polylinetrace, pin #1 of component #118, pin of component #30, because the new connection could not be inserted.
2026-09-12 02:13:54.976 DEBUG  [AFEFB6\5D114C] Pass #4: Failed to route Pin on net 'Net-(J2-BLK)' (9 items remaining, 3 failures). State: FAILED
2026-09-12 02:13:55.802 DEBUG  InsertFoundConnectionAlgo: insert trace failed for net #75 at corner 10/20 on layer 1, trace width: 2500, from corner: 9, ok_point: (823822,-709412), target: (433974,-709412)
2026-09-12 02:13:55.832 DEBUG  [AFEFB6\5D114C] Autorouter Failed to route connection between polylinetrace, polylinetrace, via, pin of component #72 and pin of component #118, because the new connection could not be inserted.
2026-09-12 02:13:55.832 DEBUG  [AFEFB6\5D114C] Pass #4: Failed to route Pin on net 'Net-(Q3-C)' (8 items remaining, 4 failures). State: FAILED
2026-09-12 02:13:56.552 DEBUG  InsertFoundConnectionAlgo: insert trace failed for net #56 at corner 11/15 on layer 1, trace width: 2500, from corner: 10, ok_point: (133512,-69498), target: (146502,-69498)
2026-09-12 02:13:56.575 DEBUG  [AFEFB6\5D114C] Autorouter Failed to route connection between polylinetrace, pin #1 of component #119 and pin #1 of component #98, because the new connection could not be inserted.
2026-09-12 02:13:56.575 DEBUG  [AFEFB6\5D114C] Pass #4: Failed to route Pin on net 'Net-(D1-A)' (5 items remaining, 4 failures). State: FAILED
2026-09-12 02:13:56.829 DEBUG  InsertFoundConnectionAlgo: insert trace failed for net #75 at corner 12/12 on layer 0, trace width: 2500, from corner: 7, ok_point: (421722,-757721), target: (433820,-711351)
2026-09-12 02:13:56.853 DEBUG  [AFEFB6\5D114C] Autorouter Failed to route connection between polylinetrace, polylinetrace, via, pin of component #118 and polylinetrace, polylinetrace, via, pin of component #72, because the new connection could not be inserted.
2026-09-12 02:13:56.853 DEBUG  [AFEFB6\5D114C] Pass #4: Failed to route Pin on net 'Net-(Q3-C)' (3 items remaining, 4 failures). State: FAILED
2026-09-12 02:13:58.042 DEBUG  InsertFoundConnectionAlgo: insert trace failed for net #16 at corner 19/27 on layer 0, trace width: 2500, from corner: 16, ok_point: (628002,-472955), target: (628002,-500702)
2026-09-12 02:13:58.074 DEBUG  [AFEFB6\5D114C] Autorouter Failed to route connection between polylinetrace, polylinetrace, via, polylinetrace, pin #1 of component #118, pin of component #30 and pin #7 of component #11, because the new connection could not be inserted.
2026-09-12 02:13:58.074 DEBUG  [AFEFB6\5D114C] Pass #4: Failed to route Pin on net 'Net-(J2-BLK)' (1 items remaining, 4 failures). State: FAILED
2026-09-12 02:13:58.576 INFO   [AFEFB6\5D114C] Auto-routing pass #4 on board 'f4d919f3c65c1f27c4cf1f52ffc2eeef' was completed in 9.98 seconds with the score of 967.60 (8 unrouted and 0 violations), using 61.18 CPU seconds and the job allocated 180.89 GB of memory so far.
2026-09-12 02:13:58.720 DEBUG  Queuing item for routing: Pin on net '/RGB_OE_N' (connected: 4/5)
2026-09-12 02:13:58.721 DEBUG  Queuing item for routing: Pin on net '/RGB_LATCH' (connected: 1/5)
2026-09-12 02:13:58.721 DEBUG  Queuing item for routing: Pin on net '/RGB_CLK' (connected: 4/5)
2026-09-12 02:13:58.721 DEBUG  Queuing item for routing: Pin on net '/RGB_DATA' (connected: 4/5)
2026-09-12 02:13:58.723 DEBUG  Queuing item for routing: Pin on net '/RGB_OE_N' (connected: 1/5)
2026-09-12 02:13:58.723 DEBUG  Queuing item for routing: Pin on net '/RGB_LATCH' (connected: 4/5)
2026-09-12 02:13:58.723 DEBUG  Queuing item for routing: Pin on net '/RGB_CLK' (connected: 1/5)
2026-09-12 02:13:58.723 DEBUG  Queuing item for routing: Pin on net '/RGB_DATA' (connected: 1/5)
2026-09-12 02:13:58.724 DEBUG  Queuing item for routing: Pin on net 'Net-(U1-GPA2_{slash}_LEFT)' (connected: 6/7)
2026-09-12 02:13:58.726 DEBUG  Queuing item for routing: Pin on net 'Net-(D1-A)' (connected: 1/2)
2026-09-12 02:13:58.726 DEBUG  Queuing item for routing: Pin on net 'Net-(J2-BLK)' (connected: 3/4)
2026-09-12 02:13:58.726 DEBUG  Queuing item for routing: Pin on net 'Net-(Q3-C)' (connected: 1/5)
2026-09-12 02:13:58.727 DEBUG  Queuing item for routing: Pin on net 'Net-(D1-A)' (connected: 1/2)
2026-09-12 02:13:58.727 DEBUG  Queuing item for routing: Pin on net 'Net-(U1-GPA2_{slash}_LEFT)' (connected: 1/7)
2026-09-12 02:13:58.728 DEBUG  Queuing item for routing: Pin on net 'Net-(Q3-C)' (connected: 4/5)
2026-09-12 02:13:58.728 DEBUG  Queuing item for routing: Pin on net 'Net-(J2-BLK)' (connected: 1/4)
2026-09-12 02:13:58.789 DEBUG  [AFEFB6\5D114C] Pass #5: 8 incompletes across 16 items to route
2026-09-12 02:13:58.789 DEBUG  [AFEFB6\5D114C]   Net 'Net-(U1-GPA2_{slash}_LEFT)' has 1 incomplete(s)
2026-09-12 02:13:58.790 DEBUG  [AFEFB6\5D114C]   Net 'Net-(J2-BLK)' has 1 incomplete(s)
2026-09-12 02:13:58.790 DEBUG  [AFEFB6\5D114C]   Net '/RGB_CLK' has 1 incomplete(s)
2026-09-12 02:13:58.790 DEBUG  [AFEFB6\5D114C]   Net 'Net-(D1-A)' has 1 incomplete(s)
2026-09-12 02:13:58.790 DEBUG  [AFEFB6\5D114C]   Net '/RGB_OE_N' has 1 incomplete(s)
2026-09-12 02:13:58.790 DEBUG  [AFEFB6\5D114C]   Net '/RGB_DATA' has 1 incomplete(s)
2026-09-12 02:13:58.790 DEBUG  [AFEFB6\5D114C]   Net '/RGB_LATCH' has 1 incomplete(s)
2026-09-12 02:13:58.790 DEBUG  [AFEFB6\5D114C]   Net 'Net-(Q3-C)' has 1 incomplete(s)
2026-09-12 02:13:59.812 DEBUG  InsertFoundConnectionAlgo: insert trace failed for net #57 at corner 49/49 on layer 0, trace width: 1250, from corner: 46, ok_point: (742498,-529500), target: (714550,-541854)
2026-09-12 02:13:59.878 DEBUG  [AFEFB6\5D114C] Autorouter Failed to route connection between pin #27 of component #127 and polylinetrace, polylinetrace, pin #12 of component #129, pin #1 of component #95, because the new connection could not be inserted.
2026-09-12 02:14:00.721 DEBUG  InsertFoundConnectionAlgo: insert trace failed for net #22 at corner 30/30 on layer 1, trace width: 1250, from corner: 12, ok_point: (440214,-555948), target: (230167,-519600)
2026-09-12 02:14:00.745 DEBUG  [AFEFB6\5D114C] Autorouter Failed to route connection between pin #25 of component #127 and polylinetrace, polylinetrace, pin #2 of component #129, pin of component #39, because the new connection could not be inserted.
2026-09-12 02:14:00.746 DEBUG  [AFEFB6\5D114C] Pass #5: Failed to route Pin on net '/RGB_CLK' (14 items remaining, 3 failures). State: FAILED
2026-09-12 02:14:02.164 DEBUG  InsertFoundConnectionAlgo: insert trace failed for net #61 at corner 79/79 on layer 1, trace width: 1250, from corner: 66, ok_point: (220297,-419352), target: (213100,-458900)
2026-09-12 02:14:02.195 DEBUG  [AFEFB6\5D114C] Autorouter Failed to route connection between pin #24 of component #127 and polylinetrace, polylinetrace, pin #1 of component #129, pin of component #46, because the new connection could not be inserted.
2026-09-12 02:14:05.101 DEBUG  InsertFoundConnectionAlgo: insert trace failed for net #56 at corner 3/14 on layer 1, trace width: 2500, from corner: 2, ok_point: (200150,-66498), target: (163748,-66498)
2026-09-12 02:14:05.127 DEBUG  [AFEFB6\5D114C] Autorouter Failed to route connection between pin #1 of component #98 and pin #1 of component #119, because the new connection could not be inserted.
2026-09-12 02:14:05.173 DEBUG  [AFEFB6\5D114C] Pass #5: Failed to route Pin on net 'Net-(D1-A)' (7 items remaining, 5 failures). State: FAILED
2026-09-12 02:14:06.576 DEBUG  InsertFoundConnectionAlgo: insert trace failed for net #16 at corner 18/18 on layer 1, trace width: 2500, from corner: 4, ok_point: (603123,-381650), target: (527257,-361145)
2026-09-12 02:14:06.609 DEBUG  [AFEFB6\5D114C] Autorouter Failed to route connection between pin #7 of component #11 and polylinetrace, pin #1 of component #118, pin of component #30, because the new connection could not be inserted.
2026-09-12 02:14:06.609 DEBUG  [AFEFB6\5D114C] Pass #5: Failed to route Pin on net 'Net-(J2-BLK)' (6 items remaining, 4 failures). State: FAILED
2026-09-12 02:14:07.240 DEBUG  InsertFoundConnectionAlgo: insert trace failed for net #75 at corner 11/17 on layer 1, trace width: 2500, from corner: 10, ok_point: (823822,-709412), target: (437629,-709412)
2026-09-12 02:14:07.296 DEBUG  [AFEFB6\5D114C] Autorouter Failed to route connection between polylinetrace, polylinetrace, via, pin of component #72 and pin of component #118, because the new connection could not be inserted.
2026-09-12 02:14:07.297 DEBUG  [AFEFB6\5D114C] Pass #5: Failed to route Pin on net 'Net-(Q3-C)' (5 items remaining, 5 failures). State: FAILED
2026-09-12 02:14:07.473 DEBUG  InsertFoundConnectionAlgo: insert trace failed for net #56 at corner 11/15 on layer 1, trace width: 2500, from corner: 10, ok_point: (133512,-69498), target: (146502,-69498)
2026-09-12 02:14:07.498 DEBUG  [AFEFB6\5D114C] Autorouter Failed to route connection between polylinetrace, pin #1 of component #119 and pin #1 of component #98, because the new connection could not be inserted.
2026-09-12 02:14:07.498 DEBUG  [AFEFB6\5D114C] Pass #5: Failed to route Pin on net 'Net-(D1-A)' (4 items remaining, 5 failures). State: FAILED
2026-09-12 02:14:08.600 DEBUG  InsertFoundConnectionAlgo: insert trace failed for net #75 at corner 7/21 on layer 1, trace width: 2500, from corner: 0, ok_point: (391238,-684662), target: (416063,-691502)
2026-09-12 02:14:08.625 DEBUG  [AFEFB6\5D114C] Autorouter Failed to route connection between polylinetrace, polylinetrace, via, pin of component #118 and polylinetrace, polylinetrace, via, pin of component #72, because the new connection could not be inserted.
2026-09-12 02:14:08.625 DEBUG  [AFEFB6\5D114C] Pass #5: Failed to route Pin on net 'Net-(Q3-C)' (2 items remaining, 5 failures). State: FAILED
2026-09-12 02:14:09.802 DEBUG  InsertFoundConnectionAlgo: insert trace failed for net #16 at corner 6/21 on layer 0, trace width: 2500, from corner: 2, ok_point: (735702,-460536), target: (738475,-516775)
2026-09-12 02:14:09.836 DEBUG  [AFEFB6\5D114C] Autorouter Failed to route connection between polylinetrace, polylinetrace, via, via, polylinetrace, pin #1 of component #118, pin of component #30 and pin #7 of component #11, because the new connection could not be inserted.
2026-09-12 02:14:09.836 DEBUG  [AFEFB6\5D114C] Pass #5: Failed to route Pin on net 'Net-(J2-BLK)' (1 items remaining, 5 failures). State: FAILED
2026-09-12 02:14:10.231 INFO   [AFEFB6\5D114C] Auto-routing pass #5 on board '3f736b3e2e73011ff33101c41c470788' was completed in 11.51 seconds with the score of 979.75 (5 unrouted and 0 violations), using 70.15 CPU seconds and the job allocated 206.12 GB of memory so far.
2026-09-12 02:14:10.389 DEBUG  Queuing item for routing: Pin on net '/RGB_OE_N' (connected: 4/5)
2026-09-12 02:14:10.389 DEBUG  Queuing item for routing: Pin on net '/RGB_LATCH' (connected: 1/5)
2026-09-12 02:14:10.395 DEBUG  Queuing item for routing: Pin on net '/RGB_OE_N' (connected: 1/5)
2026-09-12 02:14:10.395 DEBUG  Queuing item for routing: Pin on net '/RGB_LATCH' (connected: 4/5)
2026-09-12 02:14:10.411 DEBUG  Queuing item for routing: Pin on net 'Net-(D1-A)' (connected: 1/2)
2026-09-12 02:14:10.411 DEBUG  Queuing item for routing: Pin on net 'Net-(J2-BLK)' (connected: 3/4)
2026-09-12 02:14:10.412 DEBUG  Queuing item for routing: Pin on net 'Net-(Q3-C)' (connected: 1/4)
2026-09-12 02:14:10.418 DEBUG  Queuing item for routing: Pin on net 'Net-(D1-A)' (connected: 1/2)
2026-09-12 02:14:10.418 DEBUG  Queuing item for routing: Pin on net 'Net-(Q3-C)' (connected: 3/4)
2026-09-12 02:14:10.422 DEBUG  Queuing item for routing: Pin on net 'Net-(J2-BLK)' (connected: 1/4)
2026-09-12 02:14:10.493 DEBUG  [AFEFB6\5D114C] Pass #6: 5 incompletes across 10 items to route
2026-09-12 02:14:10.493 DEBUG  [AFEFB6\5D114C]   Net 'Net-(J2-BLK)' has 1 incomplete(s)
2026-09-12 02:14:10.493 DEBUG  [AFEFB6\5D114C]   Net 'Net-(D1-A)' has 1 incomplete(s)
2026-09-12 02:14:10.494 DEBUG  [AFEFB6\5D114C]   Net '/RGB_OE_N' has 1 incomplete(s)
2026-09-12 02:14:10.494 DEBUG  [AFEFB6\5D114C]   Net '/RGB_LATCH' has 1 incomplete(s)
2026-09-12 02:14:10.494 DEBUG  [AFEFB6\5D114C]   Net 'Net-(Q3-C)' has 1 incomplete(s)
2026-09-12 02:14:12.919 DEBUG  InsertFoundConnectionAlgo: insert trace failed for net #56 at corner 3/14 on layer 1, trace width: 2500, from corner: 2, ok_point: (200150,-66498), target: (163748,-66498)
2026-09-12 02:14:12.965 DEBUG  [AFEFB6\5D114C] Autorouter Failed to route connection between pin #1 of component #98 and pin #1 of component #119, because the new connection could not be inserted.
2026-09-12 02:14:12.990 DEBUG  [AFEFB6\5D114C] Pass #6: Failed to route Pin on net 'Net-(D1-A)' (6 items remaining, 6 failures). State: FAILED
2026-09-12 02:14:14.084 DEBUG  InsertFoundConnectionAlgo: insert trace failed for net #16 at corner 18/18 on layer 1, trace width: 2500, from corner: 4, ok_point: (603123,-381650), target: (527257,-361145)
2026-09-12 02:14:14.146 DEBUG  [AFEFB6\5D114C] Autorouter Failed to route connection between pin #7 of component #11 and polylinetrace, pin #1 of component #118, pin of component #30, because the new connection could not be inserted.
2026-09-12 02:14:14.149 DEBUG  [AFEFB6\5D114C] Pass #6: Failed to route Pin on net 'Net-(J2-BLK)' (5 items remaining, 5 failures). State: FAILED
2026-09-12 02:14:15.236 DEBUG  InsertFoundConnectionAlgo: insert trace failed for net #75 at corner 32/44 on layer 1, trace width: 2500, from corner: 12, ok_point: (865730,-673427), target: (752275,-633000)
2026-09-12 02:14:15.267 DEBUG  [AFEFB6\5D114C] Autorouter Failed to route connection between polylinetrace, polylinetrace, pin of component #72 and pin of component #118, because the new connection could not be inserted.
2026-09-12 02:14:15.267 DEBUG  [AFEFB6\5D114C] Pass #6: Failed to route Pin on net 'Net-(Q3-C)' (4 items remaining, 6 failures). State: FAILED
2026-09-12 02:14:15.382 DEBUG  InsertFoundConnectionAlgo: insert trace failed for net #56 at corner 11/15 on layer 1, trace width: 2500, from corner: 10, ok_point: (133512,-69498), target: (146502,-69498)
2026-09-12 02:14:15.410 DEBUG  [AFEFB6\5D114C] Autorouter Failed to route connection between polylinetrace, pin #1 of component #119 and pin #1 of component #98, because the new connection could not be inserted.
2026-09-12 02:14:15.410 DEBUG  [AFEFB6\5D114C] Pass #6: Failed to route Pin on net 'Net-(D1-A)' (3 items remaining, 6 failures). State: FAILED
2026-09-12 02:14:15.516 DEBUG  InsertFoundConnectionAlgo: insert trace failed for net #75 at corner 16/16 on layer 1, trace width: 2500, from corner: 0, ok_point: (388738,-685436), target: (812628,-709412)
2026-09-12 02:14:15.542 DEBUG  [AFEFB6\5D114C] Autorouter Failed to route connection between polylinetrace, pin of component #118 and polylinetrace, polylinetrace, pin of component #72, because the new connection could not be inserted.
2026-09-12 02:14:15.542 DEBUG  [AFEFB6\5D114C] Pass #6: Failed to route Pin on net 'Net-(Q3-C)' (2 items remaining, 6 failures). State: FAILED
2026-09-12 02:14:17.026 DEBUG  InsertFoundConnectionAlgo: insert trace failed for net #16 at corner 2/10 on layer 1, trace width: 2500, from corner: 0, ok_point: (632695,-631362), target: (662951,-641377)
2026-09-12 02:14:17.071 DEBUG  [AFEFB6\5D114C] Autorouter Failed to route connection between polylinetrace, pin #1 of component #118, pin of component #30 and pin #7 of component #11, because the new connection could not be inserted.
2026-09-12 02:14:17.071 DEBUG  [AFEFB6\5D114C] Pass #6: Failed to route Pin on net 'Net-(J2-BLK)' (1 items remaining, 6 failures). State: FAILED
2026-09-12 02:14:17.593 INFO   [AFEFB6\5D114C] Auto-routing pass #6 on board '1346ebaac037ba9697114ae3cc2b9ed7' was completed in 7.21 seconds with the score of 987.84 (3 unrouted and 0 violations), using 75.42 CPU seconds and the job allocated 220.22 GB of memory so far.
2026-09-12 02:14:17.737 DEBUG  Queuing item for routing: Pin on net 'Net-(D1-A)' (connected: 1/2)
2026-09-12 02:14:17.737 DEBUG  Queuing item for routing: Pin on net 'Net-(J2-BLK)' (connected: 3/4)
2026-09-12 02:14:17.737 DEBUG  Queuing item for routing: Pin on net 'Net-(Q3-C)' (connected: 1/4)
2026-09-12 02:14:17.738 DEBUG  Queuing item for routing: Pin on net 'Net-(D1-A)' (connected: 1/2)
2026-09-12 02:14:17.738 DEBUG  Queuing item for routing: Pin on net 'Net-(Q3-C)' (connected: 3/4)
2026-09-12 02:14:17.739 DEBUG  Queuing item for routing: Pin on net 'Net-(J2-BLK)' (connected: 1/4)
2026-09-12 02:14:17.808 DEBUG  [AFEFB6\5D114C] Pass #7: 3 incompletes across 6 items to route
2026-09-12 02:14:17.808 DEBUG  [AFEFB6\5D114C]   Net 'Net-(J2-BLK)' has 1 incomplete(s)
2026-09-12 02:14:17.808 DEBUG  [AFEFB6\5D114C]   Net 'Net-(D1-A)' has 1 incomplete(s)
2026-09-12 02:14:17.808 DEBUG  [AFEFB6\5D114C]   Net 'Net-(Q3-C)' has 1 incomplete(s)
2026-09-12 02:14:17.834 DEBUG  InsertFoundConnectionAlgo: insert trace failed for net #56 at corner 3/14 on layer 1, trace width: 2500, from corner: 2, ok_point: (200150,-66498), target: (163748,-66498)
2026-09-12 02:14:17.856 DEBUG  [AFEFB6\5D114C] Autorouter Failed to route connection between pin #1 of component #98 and pin #1 of component #119, because the new connection could not be inserted.
2026-09-12 02:14:17.856 DEBUG  [AFEFB6\5D114C] Pass #7: Failed to route Pin on net 'Net-(D1-A)' (6 items remaining, 7 failures). State: FAILED
2026-09-12 02:14:19.017 DEBUG  InsertFoundConnectionAlgo: insert trace failed for net #16 at corner 18/18 on layer 1, trace width: 2500, from corner: 4, ok_point: (603123,-381650), target: (523676,-358964)
2026-09-12 02:14:19.063 DEBUG  [AFEFB6\5D114C] Autorouter Failed to route connection between pin #7 of component #11 and polylinetrace, pin #1 of component #118, pin of component #30, because the new connection could not be inserted.
2026-09-12 02:14:19.063 DEBUG  [AFEFB6\5D114C] Pass #7: Failed to route Pin on net 'Net-(J2-BLK)' (5 items remaining, 6 failures). State: FAILED
2026-09-12 02:14:19.441 DEBUG  InsertFoundConnectionAlgo: insert trace failed for net #75 at corner 6/6 on layer 0, trace width: 2500, from corner: 3, ok_point: (835998,-632500), target: (812628,-698387)
2026-09-12 02:14:19.467 DEBUG  [AFEFB6\5D114C] Autorouter Failed to route connection between polylinetrace, polylinetrace, pin of component #72 and pin of component #118, because the new connection could not be inserted.
2026-09-12 02:14:19.467 DEBUG  [AFEFB6\5D114C] Pass #7: Failed to route Pin on net 'Net-(Q3-C)' (4 items remaining, 7 failures). State: FAILED
2026-09-12 02:14:19.574 DEBUG  InsertFoundConnectionAlgo: insert trace failed for net #56 at corner 11/15 on layer 1, trace width: 2500, from corner: 10, ok_point: (133512,-69498), target: (146502,-69498)
2026-09-12 02:14:19.600 DEBUG  [AFEFB6\5D114C] Autorouter Failed to route connection between polylinetrace, pin #1 of component #119 and pin #1 of component #98, because the new connection could not be inserted.
2026-09-12 02:14:19.600 DEBUG  [AFEFB6\5D114C] Pass #7: Failed to route Pin on net 'Net-(D1-A)' (3 items remaining, 7 failures). State: FAILED
2026-09-12 02:14:19.697 DEBUG  InsertFoundConnectionAlgo: insert trace failed for net #75 at corner 20/20 on layer 1, trace width: 2500, from corner: 0, ok_point: (388738,-686119), target: (812628,-709412)
2026-09-12 02:14:19.723 DEBUG  [AFEFB6\5D114C] Autorouter Failed to route connection between polylinetrace, pin of component #118 and polylinetrace, polylinetrace, pin of component #72, because the new connection could not be inserted.
2026-09-12 02:14:19.723 DEBUG  [AFEFB6\5D114C] Pass #7: Failed to route Pin on net 'Net-(Q3-C)' (2 items remaining, 7 failures). State: FAILED
2026-09-12 02:14:20.619 INFO   [AFEFB6\5D114C] Auto-routing pass #7 on board 'b56cfa978e8b32d828b61c214469df3a' was completed in 2.89 seconds with the score of 991.89 (2 unrouted and 0 violations), using 77.90 CPU seconds and the job allocated 227.78 GB of memory so far.
2026-09-12 02:14:20.775 DEBUG  Queuing item for routing: Pin on net 'Net-(D1-A)' (connected: 1/2)
2026-09-12 02:14:20.775 DEBUG  Queuing item for routing: Pin on net 'Net-(Q3-C)' (connected: 1/5)
2026-09-12 02:14:20.778 DEBUG  Queuing item for routing: Pin on net 'Net-(D1-A)' (connected: 1/2)
2026-09-12 02:14:20.778 DEBUG  Queuing item for routing: Pin on net 'Net-(Q3-C)' (connected: 4/5)
2026-09-12 02:14:20.854 DEBUG  [AFEFB6\5D114C] Pass #8: 2 incompletes across 4 items to route
2026-09-12 02:14:20.854 DEBUG  [AFEFB6\5D114C]   Net 'Net-(D1-A)' has 1 incomplete(s)
2026-09-12 02:14:20.855 DEBUG  [AFEFB6\5D114C]   Net 'Net-(Q3-C)' has 1 incomplete(s)
2026-09-12 02:14:20.882 DEBUG  InsertFoundConnectionAlgo: insert trace failed for net #56 at corner 3/14 on layer 1, trace width: 2500, from corner: 2, ok_point: (200150,-66498), target: (163748,-66498)
2026-09-12 02:14:20.907 DEBUG  [AFEFB6\5D114C] Autorouter Failed to route connection between pin #1 of component #98 and pin #1 of component #119, because the new connection could not be inserted.
2026-09-12 02:14:20.907 DEBUG  [AFEFB6\5D114C] Pass #8: Failed to route Pin on net 'Net-(D1-A)' (4 items remaining, 8 failures). State: FAILED
2026-09-12 02:14:21.606 DEBUG  InsertFoundConnectionAlgo: insert trace failed for net #75 at corner 6/6 on layer 0, trace width: 2500, from corner: 3, ok_point: (835998,-632500), target: (812628,-698387)
2026-09-12 02:14:21.637 DEBUG  [AFEFB6\5D114C] Autorouter Failed to route connection between polylinetrace, via, polylinetrace, pin of component #72 and pin of component #118, because the new connection could not be inserted.
2026-09-12 02:14:21.637 DEBUG  [AFEFB6\5D114C] Pass #8: Failed to route Pin on net 'Net-(Q3-C)' (3 items remaining, 8 failures). State: FAILED
2026-09-12 02:14:21.759 DEBUG  InsertFoundConnectionAlgo: insert trace failed for net #56 at corner 11/15 on layer 1, trace width: 2500, from corner: 10, ok_point: (133512,-69498), target: (146502,-69498)
2026-09-12 02:14:21.788 DEBUG  [AFEFB6\5D114C] Autorouter Failed to route connection between polylinetrace, pin #1 of component #119 and pin #1 of component #98, because the new connection could not be inserted.
2026-09-12 02:14:21.788 DEBUG  [AFEFB6\5D114C] Pass #8: Failed to route Pin on net 'Net-(D1-A)' (2 items remaining, 8 failures). State: FAILED
2026-09-12 02:14:21.836 DEBUG  InsertFoundConnectionAlgo: insert trace failed for net #75 at corner 5/18 on layer 1, trace width: 2500, from corner: 0, ok_point: (393430,-683927), target: (416063,-691502)
2026-09-12 02:14:21.863 DEBUG  [AFEFB6\5D114C] Autorouter Failed to route connection between polylinetrace, pin of component #118 and polylinetrace, via, polylinetrace, pin of component #72, because the new connection could not be inserted.
2026-09-12 02:14:21.863 DEBUG  [AFEFB6\5D114C] Pass #8: Failed to route Pin on net 'Net-(Q3-C)' (1 items remaining, 8 failures). State: FAILED
2026-09-12 02:14:22.087 INFO   [AFEFB6\5D114C] Auto-routing pass #8 on board '23700710bd308ce9731362940b23ece5' was completed in 1.32 seconds with the score of 991.89 (2 unrouted and 0 violations), using 78.79 CPU seconds and the job allocated 231.32 GB of memory so far.
2026-09-12 02:14:22.241 DEBUG  Queuing item for routing: Pin on net 'Net-(D1-A)' (connected: 1/2)
2026-09-12 02:14:22.241 DEBUG  Queuing item for routing: Pin on net 'Net-(Q3-C)' (connected: 1/5)
2026-09-12 02:14:22.243 DEBUG  Queuing item for routing: Pin on net 'Net-(D1-A)' (connected: 1/2)
2026-09-12 02:14:22.243 DEBUG  Queuing item for routing: Pin on net 'Net-(Q3-C)' (connected: 4/5)
2026-09-12 02:14:22.314 DEBUG  [AFEFB6\5D114C] Pass #9: 2 incompletes across 4 items to route
2026-09-12 02:14:22.314 DEBUG  [AFEFB6\5D114C]   Net 'Net-(D1-A)' has 1 incomplete(s)
2026-09-12 02:14:22.314 DEBUG  [AFEFB6\5D114C]   Net 'Net-(Q3-C)' has 1 incomplete(s)
2026-09-12 02:14:22.342 DEBUG  InsertFoundConnectionAlgo: insert trace failed for net #56 at corner 3/14 on layer 1, trace width: 2500, from corner: 2, ok_point: (200150,-66498), target: (163748,-66498)
2026-09-12 02:14:22.366 DEBUG  [AFEFB6\5D114C] Autorouter Failed to route connection between pin #1 of component #98 and pin #1 of component #119, because the new connection could not be inserted.
2026-09-12 02:14:22.367 DEBUG  [AFEFB6\5D114C] Pass #9: Failed to route Pin on net 'Net-(D1-A)' (4 items remaining, 9 failures). State: FAILED
2026-09-12 02:14:22.766 DEBUG  InsertFoundConnectionAlgo: insert trace failed for net #75 at corner 6/6 on layer 0, trace width: 2500, from corner: 3, ok_point: (835998,-632500), target: (812628,-698387)
2026-09-12 02:14:22.795 DEBUG  [AFEFB6\5D114C] Autorouter Failed to route connection between polylinetrace, via, polylinetrace, pin of component #72 and pin of component #118, because the new connection could not be inserted.
2026-09-12 02:14:22.795 DEBUG  [AFEFB6\5D114C] Pass #9: Failed to route Pin on net 'Net-(Q3-C)' (3 items remaining, 9 failures). State: FAILED
2026-09-12 02:14:22.908 DEBUG  InsertFoundConnectionAlgo: insert trace failed for net #56 at corner 11/15 on layer 1, trace width: 2500, from corner: 10, ok_point: (133512,-69498), target: (146502,-69498)
2026-09-12 02:14:22.936 DEBUG  [AFEFB6\5D114C] Autorouter Failed to route connection between polylinetrace, pin #1 of component #119 and pin #1 of component #98, because the new connection could not be inserted.
2026-09-12 02:14:22.936 DEBUG  [AFEFB6\5D114C] Pass #9: Failed to route Pin on net 'Net-(D1-A)' (2 items remaining, 9 failures). State: FAILED
2026-09-12 02:14:23.018 DEBUG  InsertFoundConnectionAlgo: insert trace failed for net #75 at corner 5/18 on layer 1, trace width: 2500, from corner: 0, ok_point: (365900,-686802), target: (416063,-691502)
2026-09-12 02:14:23.045 DEBUG  [AFEFB6\5D114C] Autorouter Failed to route connection between polylinetrace, pin of component #118 and polylinetrace, via, polylinetrace, pin of component #72, because the new connection could not be inserted.
2026-09-12 02:14:23.045 DEBUG  [AFEFB6\5D114C] Pass #9: Failed to route Pin on net 'Net-(Q3-C)' (1 items remaining, 9 failures). State: FAILED
2026-09-12 02:14:23.476 INFO   [AFEFB6\5D114C] Auto-routing pass #9 on board '4718a07b8f56f7812ae92e4044202672' was completed in 1.24 seconds with the score of 991.89 (2 unrouted and 0 violations), using 80.42 CPU seconds and the job allocated 237.46 GB of memory so far.
2026-09-12 02:14:23.654 DEBUG  Queuing item for routing: Pin on net 'Net-(D1-A)' (connected: 1/2)
2026-09-12 02:14:23.654 DEBUG  Queuing item for routing: Pin on net 'Net-(Q3-C)' (connected: 1/5)
2026-09-12 02:14:23.656 DEBUG  Queuing item for routing: Pin on net 'Net-(D1-A)' (connected: 1/2)
2026-09-12 02:14:23.656 DEBUG  Queuing item for routing: Pin on net 'Net-(Q3-C)' (connected: 4/5)
2026-09-12 02:14:23.728 DEBUG  [AFEFB6\5D114C] Pass #10: 2 incompletes across 4 items to route
2026-09-12 02:14:23.728 DEBUG  [AFEFB6\5D114C]   Net 'Net-(D1-A)' has 1 incomplete(s)
2026-09-12 02:14:23.728 DEBUG  [AFEFB6\5D114C]   Net 'Net-(Q3-C)' has 1 incomplete(s)
2026-09-12 02:14:23.755 DEBUG  InsertFoundConnectionAlgo: insert trace failed for net #56 at corner 3/14 on layer 1, trace width: 2500, from corner: 2, ok_point: (200150,-66498), target: (163748,-66498)
2026-09-12 02:14:23.780 DEBUG  [AFEFB6\5D114C] Autorouter Failed to route connection between pin #1 of component #98 and pin #1 of component #119, because the new connection could not be inserted.
2026-09-12 02:14:23.780 DEBUG  [AFEFB6\5D114C] Pass #10: Failed to route Pin on net 'Net-(D1-A)' (4 items remaining, 10 failures). State: FAILED
2026-09-12 02:14:24.147 DEBUG  InsertFoundConnectionAlgo: insert trace failed for net #75 at corner 6/6 on layer 0, trace width: 2500, from corner: 3, ok_point: (835998,-632500), target: (812628,-698387)
2026-09-12 02:14:24.174 DEBUG  [AFEFB6\5D114C] Autorouter Failed to route connection between polylinetrace, via, polylinetrace, pin of component #72 and pin of component #118, because the new connection could not be inserted.
2026-09-12 02:14:24.174 DEBUG  [AFEFB6\5D114C] Pass #10: Failed to route Pin on net 'Net-(Q3-C)' (3 items remaining, 10 failures). State: FAILED
2026-09-12 02:14:24.287 DEBUG  InsertFoundConnectionAlgo: insert trace failed for net #56 at corner 11/15 on layer 1, trace width: 2500, from corner: 10, ok_point: (133512,-69498), target: (146502,-69498)
2026-09-12 02:14:24.314 DEBUG  [AFEFB6\5D114C] Autorouter Failed to route connection between polylinetrace, pin #1 of component #119 and pin #1 of component #98, because the new connection could not be inserted.
2026-09-12 02:14:24.314 DEBUG  [AFEFB6\5D114C] Pass #10: Failed to route Pin on net 'Net-(D1-A)' (2 items remaining, 10 failures). State: FAILED
2026-09-12 02:14:24.401 DEBUG  InsertFoundConnectionAlgo: insert trace failed for net #75 at corner 5/18 on layer 1, trace width: 2500, from corner: 0, ok_point: (365900,-686802), target: (416063,-691502)
2026-09-12 02:14:24.429 DEBUG  [AFEFB6\5D114C] Autorouter Failed to route connection between polylinetrace, pin of component #118 and polylinetrace, via, polylinetrace, pin of component #72, because the new connection could not be inserted.
2026-09-12 02:14:24.429 DEBUG  [AFEFB6\5D114C] Pass #10: Failed to route Pin on net 'Net-(Q3-C)' (1 items remaining, 10 failures). State: FAILED
2026-09-12 02:14:24.756 INFO   [AFEFB6\5D114C] Auto-routing pass #10 on board '44f966887f76ea4dff7c9f605af7c2d8' was completed in 1.11 seconds with the score of 991.89 (2 unrouted and 0 violations), using 81.19 CPU seconds and the job allocated 240.32 GB of memory so far.
2026-09-12 02:14:24.844 DEBUG  Queuing item for routing: Pin on net 'Net-(D1-A)' (connected: 1/2)
2026-09-12 02:14:24.844 DEBUG  Queuing item for routing: Pin on net 'Net-(Q3-C)' (connected: 1/5)
2026-09-12 02:14:24.846 DEBUG  Queuing item for routing: Pin on net 'Net-(D1-A)' (connected: 1/2)
2026-09-12 02:14:24.846 DEBUG  Queuing item for routing: Pin on net 'Net-(Q3-C)' (connected: 4/5)
2026-09-12 02:14:24.919 DEBUG  [AFEFB6\5D114C] Pass #11: 2 incompletes across 4 items to route
2026-09-12 02:14:24.919 DEBUG  [AFEFB6\5D114C]   Net 'Net-(D1-A)' has 1 incomplete(s)
2026-09-12 02:14:24.919 DEBUG  [AFEFB6\5D114C]   Net 'Net-(Q3-C)' has 1 incomplete(s)
2026-09-12 02:14:24.949 DEBUG  InsertFoundConnectionAlgo: insert trace failed for net #56 at corner 3/14 on layer 1, trace width: 2500, from corner: 2, ok_point: (200150,-66498), target: (163748,-66498)
2026-09-12 02:14:24.975 DEBUG  [AFEFB6\5D114C] Autorouter Failed to route connection between pin #1 of component #98 and pin #1 of component #119, because the new connection could not be inserted.
2026-09-12 02:14:24.975 DEBUG  [AFEFB6\5D114C] Pass #11: Failed to route Pin on net 'Net-(D1-A)' (4 items remaining, 11 failures). State: FAILED
2026-09-12 02:14:25.348 DEBUG  InsertFoundConnectionAlgo: insert trace failed for net #75 at corner 6/6 on layer 0, trace width: 2500, from corner: 3, ok_point: (835998,-632500), target: (812628,-698387)
2026-09-12 02:14:25.376 DEBUG  [AFEFB6\5D114C] Autorouter Failed to route connection between polylinetrace, via, polylinetrace, pin of component #72 and pin of component #118, because the new connection could not be inserted.
2026-09-12 02:14:25.419 DEBUG  [AFEFB6\5D114C] Pass #11: Failed to route Pin on net 'Net-(Q3-C)' (3 items remaining, 11 failures). State: FAILED
2026-09-12 02:14:25.539 DEBUG  InsertFoundConnectionAlgo: insert trace failed for net #56 at corner 11/15 on layer 1, trace width: 2500, from corner: 10, ok_point: (133512,-69498), target: (146502,-69498)
2026-09-12 02:14:25.571 DEBUG  [AFEFB6\5D114C] Autorouter Failed to route connection between polylinetrace, pin #1 of component #119 and pin #1 of component #98, because the new connection could not be inserted.
2026-09-12 02:14:25.571 DEBUG  [AFEFB6\5D114C] Pass #11: Failed to route Pin on net 'Net-(D1-A)' (2 items remaining, 11 failures). State: FAILED
2026-09-12 02:14:25.652 DEBUG  InsertFoundConnectionAlgo: insert trace failed for net #75 at corner 5/18 on layer 1, trace width: 2500, from corner: 0, ok_point: (365900,-686802), target: (416063,-691502)
2026-09-12 02:14:25.679 DEBUG  [AFEFB6\5D114C] Autorouter Failed to route connection between polylinetrace, pin of component #118 and polylinetrace, via, polylinetrace, pin of component #72, because the new connection could not be inserted.
2026-09-12 02:14:25.679 DEBUG  [AFEFB6\5D114C] Pass #11: Failed to route Pin on net 'Net-(Q3-C)' (1 items remaining, 11 failures). State: FAILED
2026-09-12 02:14:26.020 INFO   [AFEFB6\5D114C] Auto-routing pass #11 on board '44f966887f76ea4dff7c9f605af7c2d8' was completed in 1.18 seconds with the score of 991.89 (2 unrouted and 0 violations), using 82.09 CPU seconds and the job allocated 243.90 GB of memory so far.
2026-09-12 02:14:26.110 DEBUG  [AFEFB6\5D114C] Applied one-time fanout recovery cleanup (removed fanout tails/vias). Incompletes: 2 -> 2.
2026-09-12 02:14:26.237 DEBUG  Queuing item for routing: Pin on net 'Net-(D1-A)' (connected: 1/2)
2026-09-12 02:14:26.237 DEBUG  Queuing item for routing: Pin on net 'Net-(Q3-C)' (connected: 1/2)
2026-09-12 02:14:26.238 DEBUG  Queuing item for routing: Pin on net 'Net-(D1-A)' (connected: 1/2)
2026-09-12 02:14:26.239 DEBUG  Queuing item for routing: Pin on net 'Net-(Q3-C)' (connected: 1/2)
2026-09-12 02:14:26.311 DEBUG  [AFEFB6\5D114C] Pass #12: 2 incompletes across 4 items to route
2026-09-12 02:14:26.311 DEBUG  [AFEFB6\5D114C]   Net 'Net-(D1-A)' has 1 incomplete(s)
2026-09-12 02:14:26.311 DEBUG  [AFEFB6\5D114C]   Net 'Net-(Q3-C)' has 1 incomplete(s)
2026-09-12 02:14:26.341 DEBUG  InsertFoundConnectionAlgo: insert trace failed for net #56 at corner 3/14 on layer 1, trace width: 2500, from corner: 2, ok_point: (200150,-66498), target: (163748,-66498)
2026-09-12 02:14:26.367 DEBUG  [AFEFB6\5D114C] Autorouter Failed to route connection between pin #1 of component #98 and pin #1 of component #119, because the new connection could not be inserted.
2026-09-12 02:14:26.367 DEBUG  [AFEFB6\5D114C] Pass #12: Failed to route Pin on net 'Net-(D1-A)' (4 items remaining, 12 failures). State: FAILED
2026-09-12 02:14:27.084 DEBUG  InsertFoundConnectionAlgo: insert trace failed for net #75 at corner 3/6 on layer 1, trace width: 2500, from corner: 2, ok_point: (533009,-806502), target: (429500,-806502)
2026-09-12 02:14:27.117 DEBUG  [AFEFB6\5D114C] Autorouter Failed to route connection between pin of component #72 and pin of component #118, because the new connection could not be inserted.
2026-09-12 02:14:27.117 DEBUG  [AFEFB6\5D114C] Pass #12: Failed to route Pin on net 'Net-(Q3-C)' (3 items remaining, 12 failures). State: FAILED
2026-09-12 02:14:27.249 DEBUG  InsertFoundConnectionAlgo: insert trace failed for net #56 at corner 11/15 on layer 1, trace width: 2500, from corner: 10, ok_point: (133512,-69498), target: (146502,-69498)
2026-09-12 02:14:27.281 DEBUG  [AFEFB6\5D114C] Autorouter Failed to route connection between polylinetrace, pin #1 of component #119 and pin #1 of component #98, because the new connection could not be inserted.
2026-09-12 02:14:27.281 DEBUG  [AFEFB6\5D114C] Pass #12: Failed to route Pin on net 'Net-(D1-A)' (2 items remaining, 12 failures). State: FAILED
2026-09-12 02:14:27.349 DEBUG  InsertFoundConnectionAlgo: insert trace failed for net #75 at corner 9/9 on layer 1, trace width: 2500, from corner: 6, ok_point: (511305,-823498), target: (533009,-806502)
2026-09-12 02:14:27.378 DEBUG  [AFEFB6\5D114C] Autorouter Failed to route connection between polylinetrace, via, polylinetrace, via, polylinetrace, via, polylinetrace, pin of component #118 and pin of component #72, because the new connection could not be inserted.
2026-09-12 02:14:27.378 DEBUG  [AFEFB6\5D114C] Pass #12: Failed to route Pin on net 'Net-(Q3-C)' (1 items remaining, 12 failures). State: FAILED
2026-09-12 02:14:27.711 INFO   [AFEFB6\5D114C] Auto-routing pass #12 on board '3261210951d78df950d0e6d498b5234b' was completed in 1.48 seconds with the score of 991.89 (2 unrouted and 0 violations), using 83.81 CPU seconds and the job allocated 249.88 GB of memory so far.
2026-09-12 02:14:27.783 DEBUG  === Performance Profile ===
2026-09-12 02:14:27.783 DEBUG  === Routing Parameters ===
2026-09-12 02:14:27.783 DEBUG    Via Costs: 50, Plane Via Costs: 5
2026-09-12 02:14:27.783 DEBUG    Layer Costs (Preferred / Against):
2026-09-12 02:14:27.783 DEBUG      Layer 1: 1.0 / 2.1
2026-09-12 02:14:27.783 DEBUG      Layer 2: 1.0 / 1.9
2026-09-12 02:14:27.783 DEBUG  
2026-09-12 02:14:27.785 DEBUG    autoroute_item                          :    92346 ms total,      458 calls,    201 ms avg
2026-09-12 02:14:27.785 DEBUG  
2026-09-12 02:14:27.785 DEBUG  === Pass History ===
2026-09-12 02:14:27.789 DEBUG    Pass 1  :   28 unrouted items,    64.83 s,   100 ripup cost
2026-09-12 02:14:27.789 DEBUG    Pass 2  :   10 unrouted items,    34.91 s,   200 ripup cost
2026-09-12 02:14:27.789 DEBUG    Pass 3  :   10 unrouted items,    14.29 s,   300 ripup cost
2026-09-12 02:14:27.789 DEBUG    Pass 4  :    8 unrouted items,     9.94 s,   400 ripup cost
2026-09-12 02:14:27.789 DEBUG    Pass 5  :    5 unrouted items,    11.42 s,   500 ripup cost
2026-09-12 02:14:27.789 DEBUG    Pass 6  :    3 unrouted items,     7.16 s,   600 ripup cost
2026-09-12 02:14:27.789 DEBUG    Pass 7  :    2 unrouted items,     2.84 s,   700 ripup cost
2026-09-12 02:14:27.789 DEBUG    Pass 8  :    2 unrouted items,     1.27 s,   800 ripup cost
2026-09-12 02:14:27.789 DEBUG    Pass 9  :    2 unrouted items,     1.14 s,   900 ripup cost
2026-09-12 02:14:27.789 DEBUG    Pass 10 :    2 unrouted items,     1.06 s,  1000 ripup cost
2026-09-12 02:14:27.789 DEBUG    Pass 11 :    2 unrouted items,     1.14 s,  1100 ripup cost
2026-09-12 02:14:27.789 DEBUG    Pass 12 :    2 unrouted items,     1.44 s,  1200 ripup cost
2026-09-12 02:14:27.789 DEBUG  ===========================
2026-09-12 02:14:27.892 INFO   [AFEFB6\5D114C] Auto-routing stage completed: started with 247 unrouted nets, completed in 154.59 seconds, final score: 991.89 (2 unrouted and 0 violations), using 83.81 total CPU seconds, 249.88 GB total allocated, and 282.6 MB peak heap usage.
2026-09-12 02:14:27.899 DEBUG  [AFEFB6\5D114C] Before optimization: Via count: 31, trace length: 46588569
2026-09-12 02:14:28.005 INFO   [AFEFB6\5D114C] Optimization stage started on board '652117c943e06c3fe4769bb9b35531dc' with score 991.89 (2 unrouted and 0 violations).
2026-09-12 02:14:28.110 INFO   [AFEFB6\5D114C] Stopping optimizer because the current board score (991.89) is already close to the maximum score (1000). Remaining potential improvement is less than the threshold (1.00%).
2026-09-12 02:14:28.216 INFO   [AFEFB6\5D114C] Optimization stage completed: started with score 991.89 (2 unrouted and 0 violations), completed in 0.11 seconds, final score: 991.89 (2 unrouted and 0 violations), using 0.05 total CPU seconds, 0.21 GB total allocated, and 293.9 MB peak heap usage.
2026-09-12 02:14:28.216 INFO   [AFEFB6\5D114C] Job 'AFEFB6\5D114C' finished with state: COMPLETED (elapsed: 2 minutes 35.26 seconds, finished at UTC: 2026-09-12T07:14:28.216556970Z).
