#VRML V2.0 utf8
# Project-owned nominal model; units 0.1 inch for KiCad.
Shape { appearance Appearance { material Material { diffuseColor 0.055 0.06 0.065 } } geometry IndexedFaceSet { solid FALSE coord Coordinate { point [ -0.500000 -3.500000 0.000000,
-0.500000 -3.500000 2.047244,
-0.500000 0.500000 0.000000,
-0.500000 0.500000 2.047244,
3.500000 -3.500000 0.000000,
3.500000 -3.500000 2.047244,
-0.158732 -3.147281 2.047244,
-0.151193 -3.155011 2.047244,
-0.143278 -3.162354 2.047244,
-0.165876 -3.139186 2.047244,
-0.135008 -3.169294 2.047244,
-0.172607 -3.130745 2.047244,
-0.126401 -3.175813 2.047244,
-0.178910 -3.121979 2.047244,
-0.117480 -3.181895 2.047244,
-0.184768 -3.112909 2.047244,
-0.108268 -3.187525 2.047244,
-0.190166 -3.103559 2.047244,
-0.098786 -3.192689 2.047244,
-0.195092 -3.093951 2.047244,
-0.089058 -3.197373 2.047244,
-0.199532 -3.084110 2.047244,
-0.079109 -3.201567 2.047244,
-0.203477 -3.074059 2.047244,
-0.068964 -3.205260 2.047244,
-0.206915 -3.063825 2.047244,
-0.058647 -3.208442 2.047244,
-0.209840 -3.053432 2.047244,
-0.048184 -3.211106 2.047244,
-0.212242 -3.042906 2.047244,
-0.037601 -3.213246 2.047244,
-0.214117 -3.032273 2.047244,
-0.026925 -3.214855 2.047244,
-0.215459 -3.021560 2.047244,
-0.016182 -3.215930 2.047244,
-0.216266 -3.010793 2.047244,
-0.005398 -3.216468 2.047244,
-0.216535 -3.000000 2.047244,
0.005398 -3.216468 2.047244,
-0.216266 -2.989207 2.047244,
0.016182 -3.215930 2.047244,
-0.215459 -2.978440 2.047244,
0.026925 -3.214855 2.047244,
-0.214117 -2.967727 2.047244,
0.037601 -3.213246 2.047244,
-0.212242 -2.957094 2.047244,
0.048184 -3.211106 2.047244,
-0.209840 -2.946568 2.047244,
0.058647 -3.208442 2.047244,
-0.206915 -2.936175 2.047244,
0.068964 -3.205260 2.047244,
0.079109 -3.201567 2.047244,
0.433071 -2.881890 2.047244,
0.216266 -2.989207 2.047244,
0.216535 -3.000000 2.047244,
0.215459 -2.978440 2.047244,
0.214117 -2.967727 2.047244,
0.212242 -2.957094 2.047244,
0.209840 -2.946568 2.047244,
0.206915 -2.936175 2.047244,
0.203477 -2.925941 2.047244,
0.199532 -2.915890 2.047244,
0.195092 -2.906049 2.047244,
0.190166 -2.896441 2.047244,
0.184768 -2.887091 2.047244,
0.172607 -3.130745 2.047244,
0.165876 -3.139186 2.047244,
0.178910 -2.878021 2.047244,
0.178910 -3.121979 2.047244,
0.172607 -2.869255 2.047244,
0.184768 -3.112909 2.047244,
0.165876 -2.860814 2.047244,
0.190166 -3.103559 2.047244,
0.158732 -2.852719 2.047244,
0.195092 -3.093951 2.047244,
0.151193 -2.844989 2.047244,
0.199532 -3.084110 2.047244,
0.143278 -2.837646 2.047244,
0.203477 -3.074059 2.047244,
0.135008 -2.830706 2.047244,
0.206915 -3.063825 2.047244,
0.126401 -2.824187 2.047244,
0.209840 -3.053432 2.047244,
0.212242 -3.042906 2.047244,
0.214117 -3.032273 2.047244,
0.215459 -3.021560 2.047244,
0.216266 -3.010793 2.047244,
-0.158732 -2.147281 2.047244,
-0.151193 -2.844989 2.047244,
-0.151193 -2.155011 2.047244,
-0.158732 -2.852719 2.047244,
-0.143278 -2.162354 2.047244,
-0.143278 -2.837646 2.047244,
-0.165876 -2.139186 2.047244,
-0.165876 -2.860814 2.047244,
-0.135008 -2.169294 2.047244,
-0.135008 -2.830706 2.047244,
-0.172607 -2.130745 2.047244,
-0.172607 -2.869255 2.047244,
-0.126401 -2.175813 2.047244,
-0.126401 -2.824187 2.047244,
-0.178910 -2.121979 2.047244,
-0.178910 -2.878021 2.047244,
-0.117480 -2.181895 2.047244,
-0.117480 -2.818105 2.047244,
-0.184768 -2.112909 2.047244,
-0.184768 -2.887091 2.047244,
-0.108268 -2.187525 2.047244,
-0.108268 -2.812475 2.047244,
-0.190166 -2.103559 2.047244,
-0.190166 -2.896441 2.047244,
-0.098786 -2.192689 2.047244,
-0.098786 -2.807311 2.047244,
-0.195092 -2.093951 2.047244,
-0.195092 -2.906049 2.047244,
-0.089058 -2.197373 2.047244,
-0.089058 -2.802627 2.047244,
-0.199532 -2.084110 2.047244,
-0.199532 -2.915890 2.047244,
-0.079109 -2.201567 2.047244,
-0.079109 -2.798433 2.047244,
-0.203477 -2.074059 2.047244,
-0.203477 -2.925941 2.047244,
-0.068964 -2.205260 2.047244,
-0.068964 -2.794740 2.047244,
-0.206915 -2.063825 2.047244,
-0.058647 -2.208442 2.047244,
-0.058647 -2.791558 2.047244,
-0.209840 -2.053432 2.047244,
-0.048184 -2.211106 2.047244,
-0.048184 -2.788894 2.047244,
-0.212242 -2.042906 2.047244,
-0.037601 -2.213246 2.047244,
-0.037601 -2.786754 2.047244,
-0.026925 -2.785145 2.047244,
-0.214117 -2.032273 2.047244,
-0.026925 -2.214855 2.047244,
-0.215459 -2.021560 2.047244,
-0.016182 -2.215930 2.047244,
-0.016182 -2.784070 2.047244,
-0.216266 -2.010793 2.047244,
-0.005398 -2.216468 2.047244,
-0.005398 -2.783532 2.047244,
-0.216535 -2.000000 2.047244,
0.005398 -2.216468 2.047244,
0.005398 -2.783532 2.047244,
-0.216266 -1.989207 2.047244,
0.016182 -2.215930 2.047244,
0.016182 -2.784070 2.047244,
0.026925 -2.214855 2.047244,
0.026925 -2.785145 2.047244,
0.037601 -2.786754 2.047244,
0.037601 -2.213246 2.047244,
0.048184 -2.788894 2.047244,
0.048184 -2.211106 2.047244,
0.058647 -2.208442 2.047244,
0.058647 -2.791558 2.047244,
0.068964 -2.205260 2.047244,
0.068964 -2.794740 2.047244,
0.079109 -2.798433 2.047244,
0.079109 -2.201567 2.047244,
0.089058 -2.802627 2.047244,
0.089058 -2.197373 2.047244,
0.098786 -2.807311 2.047244,
0.098786 -2.192689 2.047244,
0.108268 -2.812475 2.047244,
0.108268 -2.187525 2.047244,
0.117480 -2.818105 2.047244,
0.117480 -2.181895 2.047244,
0.126401 -2.175813 2.047244,
0.135008 -2.169294 2.047244,
0.143278 -2.162354 2.047244,
0.151193 -2.155011 2.047244,
0.158732 -2.147281 2.047244,
0.165876 -2.139186 2.047244,
0.172607 -2.130745 2.047244,
0.178910 -2.121979 2.047244,
0.184768 -2.112909 2.047244,
0.190166 -2.103559 2.047244,
0.195092 -2.093951 2.047244,
0.199532 -2.084110 2.047244,
0.203477 -2.074059 2.047244,
0.206915 -2.063825 2.047244,
0.209840 -2.053432 2.047244,
0.212242 -2.042906 2.047244,
0.214117 -2.032273 2.047244,
0.215459 -2.021560 2.047244,
-0.158732 -1.147281 2.047244,
-0.151193 -1.844989 2.047244,
-0.151193 -1.155011 2.047244,
-0.158732 -1.852719 2.047244,
-0.143278 -1.162354 2.047244,
-0.143278 -1.837646 2.047244,
-0.165876 -1.139186 2.047244,
-0.165876 -1.860814 2.047244,
-0.135008 -1.169294 2.047244,
-0.135008 -1.830706 2.047244,
-0.172607 -1.130745 2.047244,
-0.172607 -1.869255 2.047244,
-0.126401 -1.175813 2.047244,
-0.126401 -1.824187 2.047244,
-0.178910 -1.121979 2.047244,
-0.178910 -1.878021 2.047244,
-0.117480 -1.181895 2.047244,
-0.117480 -1.818105 2.047244,
-0.184768 -1.112909 2.047244,
-0.184768 -1.887091 2.047244,
-0.108268 -1.187525 2.047244,
-0.108268 -1.812475 2.047244,
-0.190166 -1.103559 2.047244,
-0.190166 -1.896441 2.047244,
-0.195092 -1.906049 2.047244,
-0.098786 -1.192689 2.047244,
-0.098786 -1.807311 2.047244,
-0.195092 -1.093951 2.047244,
-0.089058 -1.197373 2.047244,
-0.089058 -1.802627 2.047244,
-0.079109 -1.798433 2.047244,
-0.199532 -1.084110 2.047244,
-0.199532 -1.915890 2.047244,
-0.203477 -1.925941 2.047244,
-0.079109 -1.201567 2.047244,
-0.203477 -1.074059 2.047244,
-0.068964 -1.205260 2.047244,
-0.068964 -1.794740 2.047244,
-0.206915 -1.063825 2.047244,
-0.206915 -1.936175 2.047244,
-0.058647 -1.208442 2.047244,
-0.058647 -1.791558 2.047244,
-0.209840 -1.053432 2.047244,
-0.209840 -1.946568 2.047244,
-0.048184 -1.211106 2.047244,
-0.048184 -1.788894 2.047244,
-0.212242 -1.042906 2.047244,
-0.212242 -1.957094 2.047244,
-0.037601 -1.213246 2.047244,
-0.037601 -1.786754 2.047244,
-0.214117 -1.032273 2.047244,
-0.214117 -1.967727 2.047244,
-0.215459 -1.978440 2.047244,
-0.026925 -1.214855 2.047244,
-0.026925 -1.785145 2.047244,
-0.215459 -1.021560 2.047244,
-0.016182 -1.215930 2.047244,
-0.016182 -1.784070 2.047244,
-0.005398 -1.216468 2.047244,
-0.005398 -1.783532 2.047244,
0.005398 -1.216468 2.047244,
0.005398 -1.783532 2.047244,
0.016182 -1.215930 2.047244,
0.016182 -1.784070 2.047244,
0.026925 -1.214855 2.047244,
0.026925 -1.785145 2.047244,
0.037601 -1.213246 2.047244,
0.037601 -1.786754 2.047244,
0.048184 -1.788894 2.047244,
0.048184 -1.211106 2.047244,
0.058647 -1.208442 2.047244,
0.058647 -1.791558 2.047244,
0.068964 -1.205260 2.047244,
0.068964 -1.794740 2.047244,
0.079109 -1.201567 2.047244,
0.079109 -1.798433 2.047244,
0.089058 -1.802627 2.047244,
0.089058 -1.197373 2.047244,
0.098786 -1.192689 2.047244,
0.098786 -1.807311 2.047244,
0.108268 -1.812475 2.047244,
0.108268 -1.187525 2.047244,
0.117480 -1.818105 2.047244,
0.117480 -1.181895 2.047244,
0.126401 -1.824187 2.047244,
0.126401 -1.175813 2.047244,
0.135008 -1.169294 2.047244,
0.135008 -1.830706 2.047244,
0.143278 -1.162354 2.047244,
0.143278 -1.837646 2.047244,
0.151193 -1.844989 2.047244,
0.151193 -1.155011 2.047244,
0.158732 -1.147281 2.047244,
0.158732 -1.852719 2.047244,
0.165876 -1.139186 2.047244,
0.165876 -1.860814 2.047244,
0.172607 -1.130745 2.047244,
0.172607 -1.869255 2.047244,
0.178910 -1.878021 2.047244,
0.178910 -1.121979 2.047244,
0.184768 -1.112909 2.047244,
0.184768 -1.887091 2.047244,
0.190166 -1.896441 2.047244,
0.190166 -1.103559 2.047244,
0.195092 -1.093951 2.047244,
0.195092 -1.906049 2.047244,
0.199532 -1.084110 2.047244,
0.199532 -1.915890 2.047244,
0.203477 -1.925941 2.047244,
0.203477 -1.074059 2.047244,
0.206915 -1.936175 2.047244,
0.206915 -1.063825 2.047244,
2.848807 -3.155011 2.047244,
0.151193 -3.155011 2.047244,
0.143278 -3.162354 2.047244,
-0.158732 -0.147281 2.047244,
-0.158732 -0.852719 2.047244,
-0.151193 -0.844989 2.047244,
-0.165876 -0.860814 2.047244,
-0.151193 -0.155011 2.047244,
2.841268 -3.147281 2.047244,
0.158732 -3.147281 2.047244,
2.856722 -3.162354 2.047244,
-0.143278 -0.162354 2.047244,
-0.143278 -0.837646 2.047244,
-0.165876 -0.139186 2.047244,
2.834124 -3.139186 2.047244,
2.566929 -2.881890 2.047244,
2.864992 -3.169294 2.047244,
0.135008 -3.169294 2.047244,
-0.135008 -0.169294 2.047244,
-0.135008 -0.830706 2.047244,
2.827393 -3.130745 2.047244,
-0.172607 -0.130745 2.047244,
-0.172607 -0.869255 2.047244,
2.873599 -3.175813 2.047244,
0.126401 -3.175813 2.047244,
0.117480 -3.181895 2.047244,
-0.126401 -0.175813 2.047244,
-0.126401 -0.824187 2.047244,
2.821090 -3.121979 2.047244,
-0.178910 -0.121979 2.047244,
-0.178910 -0.878021 2.047244,
-0.184768 -0.887091 2.047244,
2.882520 -3.181895 2.047244,
-0.117480 -0.181895 2.047244,
-0.117480 -0.818105 2.047244,
-0.184768 -0.112909 2.047244,
2.815232 -3.112909 2.047244,
-0.108268 -0.187525 2.047244,
-0.108268 -0.812475 2.047244,
2.891732 -3.187525 2.047244,
0.108268 -3.187525 2.047244,
-0.190166 -0.103559 2.047244,
-0.190166 -0.896441 2.047244,
2.809834 -3.103559 2.047244,
-0.098786 -0.192689 2.047244,
-0.098786 -0.807311 2.047244,
2.901214 -3.192689 2.047244,
0.098786 -3.192689 2.047244,
0.089058 -3.197373 2.047244,
2.804908 -3.093951 2.047244,
-0.195092 -0.093951 2.047244,
-0.195092 -0.906049 2.047244,
-0.199532 -0.915890 2.047244,
-0.089058 -0.197373 2.047244,
-0.089058 -0.802627 2.047244,
2.910942 -3.197373 2.047244,
2.800468 -3.084110 2.047244,
-0.199532 -0.084110 2.047244,
-0.203477 -0.925941 2.047244,
2.920891 -3.201567 2.047244,
-0.079109 -0.201567 2.047244,
-0.079109 -0.798433 2.047244,
2.796523 -3.074059 2.047244,
-0.203477 -0.074059 2.047244,
-0.068964 -0.205260 2.047244,
-0.068964 -0.794740 2.047244,
2.793085 -3.063825 2.047244,
-0.206915 -0.063825 2.047244,
-0.206915 -0.936175 2.047244,
-0.058647 -0.208442 2.047244,
-0.058647 -0.791558 2.047244,
2.790160 -3.053432 2.047244,
-0.048184 -0.211106 2.047244,
-0.048184 -0.788894 2.047244,
2.787758 -3.042906 2.047244,
-0.037601 -0.213246 2.047244,
-0.037601 -0.786754 2.047244,
2.785883 -3.032273 2.047244,
-0.026925 -0.214855 2.047244,
-0.026925 -0.785145 2.047244,
2.784541 -3.021560 2.047244,
-0.016182 -0.215930 2.047244,
-0.016182 -0.784070 2.047244,
2.783734 -3.010793 2.047244,
-0.005398 -0.216468 2.047244,
-0.005398 -0.783532 2.047244,
2.783465 -3.000000 2.047244,
0.005398 -0.216468 2.047244,
0.005398 -0.783532 2.047244,
0.016182 -0.784070 2.047244,
2.783734 -2.989207 2.047244,
0.016182 -0.215930 2.047244,
2.784541 -2.978440 2.047244,
0.026925 -0.214855 2.047244,
0.026925 -0.785145 2.047244,
2.785883 -2.967727 2.047244,
0.037601 -0.213246 2.047244,
0.037601 -0.786754 2.047244,
2.787758 -2.957094 2.047244,
0.048184 -0.211106 2.047244,
0.048184 -0.788894 2.047244,
2.790160 -2.946568 2.047244,
0.058647 -0.208442 2.047244,
0.058647 -0.791558 2.047244,
2.793085 -2.936175 2.047244,
0.068964 -0.205260 2.047244,
0.068964 -0.794740 2.047244,
2.796523 -2.925941 2.047244,
0.079109 -0.201567 2.047244,
0.079109 -0.798433 2.047244,
0.089058 -0.802627 2.047244,
2.800468 -2.915890 2.047244,
0.089058 -0.197373 2.047244,
2.804908 -2.906049 2.047244,
0.098786 -0.192689 2.047244,
0.098786 -0.807311 2.047244,
0.108268 -0.812475 2.047244,
2.809834 -2.896441 2.047244,
0.108268 -0.187525 2.047244,
0.117480 -0.818105 2.047244,
2.815232 -2.887091 2.047244,
0.117480 -0.181895 2.047244,
0.126401 -0.824187 2.047244,
2.821090 -2.878021 2.047244,
0.126401 -0.175813 2.047244,
2.827393 -2.869255 2.047244,
2.834124 -2.860814 2.047244,
2.841268 -2.852719 2.047244,
-0.209840 -0.053432 2.047244,
-0.209840 -0.946568 2.047244,
-0.212242 -0.957094 2.047244,
-0.214117 -0.967727 2.047244,
-0.215459 -0.978440 2.047244,
-0.216266 -0.989207 2.047244,
-0.216535 -1.000000 2.047244,
-0.216266 -1.010793 2.047244,
-0.165876 0.139186 2.047244,
-0.158732 0.147281 2.047244,
-0.172607 0.130745 2.047244,
-0.178910 0.121979 2.047244,
-0.184768 0.112909 2.047244,
-0.190166 0.103559 2.047244,
-0.195092 0.093951 2.047244,
-0.199532 0.084110 2.047244,
-0.203477 0.074059 2.047244,
-0.206915 0.063825 2.047244,
-0.209840 0.053432 2.047244,
-0.212242 0.042906 2.047244,
-0.214117 0.032273 2.047244,
-0.215459 0.021560 2.047244,
-0.216266 0.010793 2.047244,
-0.216535 -0.000000 2.047244,
-0.216266 -0.010793 2.047244,
-0.215459 -0.021560 2.047244,
-0.214117 -0.032273 2.047244,
-0.212242 -0.042906 2.047244,
2.931036 -3.205260 2.047244,
2.941353 -3.208442 2.047244,
2.951816 -3.211106 2.047244,
2.962399 -3.213246 2.047244,
2.973075 -3.214855 2.047244,
2.983818 -3.215930 2.047244,
2.994602 -3.216468 2.047244,
3.005398 -3.216468 2.047244,
3.016182 -3.215930 2.047244,
3.026925 -3.214855 2.047244,
3.037601 -3.213246 2.047244,
3.048184 -3.211106 2.047244,
3.058647 -3.208442 2.047244,
3.068964 -3.205260 2.047244,
3.079109 -3.201567 2.047244,
3.089058 -3.197373 2.047244,
3.098786 -3.192689 2.047244,
3.108268 -3.187525 2.047244,
3.117480 -3.181895 2.047244,
3.126401 -3.175813 2.047244,
3.135008 -3.169294 2.047244,
3.143278 -3.162354 2.047244,
3.151193 -3.155011 2.047244,
2.848807 -2.844989 2.047244,
-0.151193 0.155011 2.047244,
3.158732 -3.147281 2.047244,
2.856722 -2.837646 2.047244,
-0.143278 0.162354 2.047244,
3.165876 -3.139186 2.047244,
2.864992 -2.830706 2.047244,
-0.135008 0.169294 2.047244,
3.172607 -3.130745 2.047244,
2.873599 -2.824187 2.047244,
-0.126401 0.175813 2.047244,
3.178910 -3.121979 2.047244,
-0.117480 0.181895 2.047244,
3.184768 -3.112909 2.047244,
-0.108268 0.187525 2.047244,
3.190166 -3.103559 2.047244,
-0.098786 0.192689 2.047244,
3.195092 -3.093951 2.047244,
-0.089058 0.197373 2.047244,
3.199532 -3.084110 2.047244,
-0.079109 0.201567 2.047244,
3.203477 -3.074059 2.047244,
-0.068964 0.205260 2.047244,
3.206915 -3.063825 2.047244,
-0.058647 0.208442 2.047244,
3.209840 -3.053432 2.047244,
-0.048184 0.211106 2.047244,
3.212242 -3.042906 2.047244,
-0.037601 0.213246 2.047244,
3.214117 -3.032273 2.047244,
-0.026925 0.214855 2.047244,
3.215459 -3.021560 2.047244,
-0.016182 0.215930 2.047244,
3.216266 -3.010793 2.047244,
-0.005398 0.216468 2.047244,
3.216535 -3.000000 2.047244,
0.005398 0.216468 2.047244,
3.216266 -2.989207 2.047244,
0.016182 0.215930 2.047244,
3.215459 -2.978440 2.047244,
0.026925 0.214855 2.047244,
3.214117 -2.967727 2.047244,
0.037601 0.213246 2.047244,
3.212242 -2.957094 2.047244,
0.048184 0.211106 2.047244,
3.209840 -2.946568 2.047244,
0.058647 0.208442 2.047244,
3.206915 -2.936175 2.047244,
0.068964 0.205260 2.047244,
0.433071 -0.118110 2.047244,
0.214117 -0.967727 2.047244,
0.215459 -0.978440 2.047244,
0.212242 -0.957094 2.047244,
0.209840 -0.946568 2.047244,
0.206915 -0.936175 2.047244,
0.203477 -0.925941 2.047244,
0.199532 -0.915890 2.047244,
0.195092 -0.906049 2.047244,
0.190166 -0.896441 2.047244,
0.184768 -0.887091 2.047244,
0.178910 -0.878021 2.047244,
0.172607 -0.869255 2.047244,
0.165876 -0.860814 2.047244,
0.158732 -0.852719 2.047244,
0.151193 -0.844989 2.047244,
0.143278 -0.837646 2.047244,
0.135008 -0.830706 2.047244,
0.216266 0.010793 2.047244,
0.216535 -0.000000 2.047244,
0.215459 0.021560 2.047244,
0.214117 0.032273 2.047244,
0.212242 0.042906 2.047244,
0.209840 0.053432 2.047244,
0.206915 0.063825 2.047244,
0.135008 -0.169294 2.047244,
0.203477 0.074059 2.047244,
0.143278 -0.162354 2.047244,
0.199532 0.084110 2.047244,
0.151193 -0.155011 2.047244,
0.195092 0.093951 2.047244,
0.158732 -0.147281 2.047244,
0.190166 0.103559 2.047244,
0.165876 -0.139186 2.047244,
0.184768 0.112909 2.047244,
0.172607 -0.130745 2.047244,
0.178910 0.121979 2.047244,
0.178910 -0.121979 2.047244,
0.172607 0.130745 2.047244,
0.184768 -0.112909 2.047244,
0.165876 0.139186 2.047244,
0.190166 -0.103559 2.047244,
0.195092 -0.093951 2.047244,
0.199532 -0.084110 2.047244,
0.203477 -0.074059 2.047244,
0.206915 -0.063825 2.047244,
0.209840 -0.053432 2.047244,
0.212242 -0.042906 2.047244,
0.214117 -0.032273 2.047244,
0.215459 -0.021560 2.047244,
0.216266 -0.010793 2.047244,
2.841268 -2.147281 2.047244,
2.848807 -2.155011 2.047244,
2.856722 -2.162354 2.047244,
2.834124 -2.139186 2.047244,
2.864992 -2.169294 2.047244,
2.827393 -2.130745 2.047244,
2.873599 -2.175813 2.047244,
2.821090 -2.121979 2.047244,
2.882520 -2.181895 2.047244,
2.882520 -2.818105 2.047244,
2.891732 -2.812475 2.047244,
2.815232 -2.112909 2.047244,
2.891732 -2.187525 2.047244,
2.901214 -2.807311 2.047244,
2.809834 -2.103559 2.047244,
2.901214 -2.192689 2.047244,
2.804908 -2.093951 2.047244,
2.910942 -2.197373 2.047244,
2.910942 -2.802627 2.047244,
2.800468 -2.084110 2.047244,
2.920891 -2.201567 2.047244,
2.920891 -2.798433 2.047244,
2.796523 -2.074059 2.047244,
2.931036 -2.205260 2.047244,
2.931036 -2.794740 2.047244,
2.793085 -2.063825 2.047244,
2.941353 -2.208442 2.047244,
2.941353 -2.791558 2.047244,
2.790160 -2.053432 2.047244,
2.951816 -2.211106 2.047244,
2.951816 -2.788894 2.047244,
2.787758 -2.042906 2.047244,
2.962399 -2.213246 2.047244,
2.962399 -2.786754 2.047244,
2.785883 -2.032273 2.047244,
2.973075 -2.214855 2.047244,
2.973075 -2.785145 2.047244,
2.784541 -2.021560 2.047244,
2.983818 -2.215930 2.047244,
2.983818 -2.784070 2.047244,
2.994602 -2.216468 2.047244,
2.994602 -2.783532 2.047244,
3.005398 -2.216468 2.047244,
3.005398 -2.783532 2.047244,
3.016182 -2.215930 2.047244,
3.016182 -2.784070 2.047244,
3.026925 -2.214855 2.047244,
3.026925 -2.785145 2.047244,
3.037601 -2.213246 2.047244,
3.037601 -2.786754 2.047244,
3.048184 -2.211106 2.047244,
3.048184 -2.788894 2.047244,
3.058647 -2.791558 2.047244,
3.058647 -2.208442 2.047244,
3.068964 -2.794740 2.047244,
3.068964 -2.205260 2.047244,
3.079109 -2.201567 2.047244,
3.079109 -2.798433 2.047244,
3.089058 -2.802627 2.047244,
3.089058 -2.197373 2.047244,
3.098786 -2.192689 2.047244,
3.098786 -2.807311 2.047244,
3.108268 -2.187525 2.047244,
3.108268 -2.812475 2.047244,
3.117480 -2.818105 2.047244,
3.117480 -2.181895 2.047244,
3.126401 -2.824187 2.047244,
3.126401 -2.175813 2.047244,
3.135008 -2.169294 2.047244,
3.135008 -2.830706 2.047244,
3.143278 -2.162354 2.047244,
3.143278 -2.837646 2.047244,
3.151193 -2.155011 2.047244,
3.151193 -2.844989 2.047244,
3.158732 -2.147281 2.047244,
3.158732 -2.852719 2.047244,
3.165876 -2.139186 2.047244,
3.165876 -2.860814 2.047244,
3.172607 -2.130745 2.047244,
3.172607 -2.869255 2.047244,
3.178910 -2.121979 2.047244,
3.178910 -2.878021 2.047244,
3.184768 -2.112909 2.047244,
3.184768 -2.887091 2.047244,
3.190166 -2.896441 2.047244,
3.190166 -2.103559 2.047244,
3.195092 -2.093951 2.047244,
3.195092 -2.906049 2.047244,
3.199532 -2.915890 2.047244,
3.199532 -2.084110 2.047244,
3.203477 -2.074059 2.047244,
3.203477 -2.925941 2.047244,
3.206915 -2.063825 2.047244,
3.209840 -2.053432 2.047244,
3.212242 -2.042906 2.047244,
3.214117 -2.032273 2.047244,
3.215459 -2.021560 2.047244,
3.216266 -2.010793 2.047244,
3.216535 -2.000000 2.047244,
3.216266 -1.989207 2.047244,
2.841268 -1.147281 2.047244,
2.841268 -1.852719 2.047244,
2.848807 -1.844989 2.047244,
2.848807 -1.155011 2.047244,
2.856722 -1.162354 2.047244,
2.856722 -1.837646 2.047244,
2.834124 -1.139186 2.047244,
2.834124 -1.860814 2.047244,
2.827393 -1.869255 2.047244,
2.864992 -1.169294 2.047244,
2.864992 -1.830706 2.047244,
2.827393 -1.130745 2.047244,
2.873599 -1.175813 2.047244,
2.873599 -1.824187 2.047244,
2.821090 -1.121979 2.047244,
2.821090 -1.878021 2.047244,
2.882520 -1.181895 2.047244,
2.882520 -1.818105 2.047244,
2.891732 -1.812475 2.047244,
2.815232 -1.112909 2.047244,
2.815232 -1.887091 2.047244,
2.809834 -1.896441 2.047244,
2.891732 -1.187525 2.047244,
2.901214 -1.807311 2.047244,
2.809834 -1.103559 2.047244,
2.901214 -1.192689 2.047244,
2.804908 -1.093951 2.047244,
2.804908 -1.906049 2.047244,
2.910942 -1.197373 2.047244,
2.910942 -1.802627 2.047244,
2.800468 -1.084110 2.047244,
2.800468 -1.915890 2.047244,
2.796523 -1.925941 2.047244,
2.920891 -1.201567 2.047244,
2.920891 -1.798433 2.047244,
2.796523 -1.074059 2.047244,
2.793085 -1.936175 2.047244,
2.931036 -1.205260 2.047244,
2.931036 -1.794740 2.047244,
2.941353 -1.791558 2.047244,
2.793085 -1.063825 2.047244,
2.941353 -1.208442 2.047244,
2.951816 -1.211106 2.047244,
2.951816 -1.788894 2.047244,
2.962399 -1.213246 2.047244,
2.962399 -1.786754 2.047244,
2.973075 -1.214855 2.047244,
2.973075 -1.785145 2.047244,
2.983818 -1.215930 2.047244,
2.983818 -1.784070 2.047244,
2.994602 -1.216468 2.047244,
2.994602 -1.783532 2.047244,
3.005398 -1.216468 2.047244,
3.005398 -1.783532 2.047244,
3.016182 -1.215930 2.047244,
3.016182 -1.784070 2.047244,
3.026925 -1.214855 2.047244,
3.026925 -1.785145 2.047244,
3.037601 -1.213246 2.047244,
3.037601 -1.786754 2.047244,
3.048184 -1.788894 2.047244,
3.048184 -1.211106 2.047244,
3.058647 -1.208442 2.047244,
3.058647 -1.791558 2.047244,
3.068964 -1.794740 2.047244,
3.068964 -1.205260 2.047244,
3.079109 -1.201567 2.047244,
3.079109 -1.798433 2.047244,
3.089058 -1.802627 2.047244,
3.089058 -1.197373 2.047244,
3.098786 -1.807311 2.047244,
3.098786 -1.192689 2.047244,
3.108268 -1.812475 2.047244,
3.108268 -1.187525 2.047244,
3.117480 -1.181895 2.047244,
3.117480 -1.818105 2.047244,
3.126401 -1.175813 2.047244,
3.126401 -1.824187 2.047244,
3.135008 -1.169294 2.047244,
3.135008 -1.830706 2.047244,
3.143278 -1.837646 2.047244,
3.143278 -1.162354 2.047244,
3.151193 -1.155011 2.047244,
3.151193 -1.844989 2.047244,
3.158732 -1.147281 2.047244,
3.158732 -1.852719 2.047244,
3.165876 -1.860814 2.047244,
3.165876 -1.139186 2.047244,
3.172607 -1.869255 2.047244,
3.172607 -1.130745 2.047244,
3.178910 -1.878021 2.047244,
3.178910 -1.121979 2.047244,
3.184768 -1.887091 2.047244,
3.184768 -1.112909 2.047244,
3.190166 -1.103559 2.047244,
3.190166 -1.896441 2.047244,
3.195092 -1.906049 2.047244,
3.195092 -1.093951 2.047244,
3.199532 -1.084110 2.047244,
3.199532 -1.915890 2.047244,
3.203477 -1.074059 2.047244,
3.203477 -1.925941 2.047244,
3.206915 -1.936175 2.047244,
3.206915 -1.063825 2.047244,
3.209840 -1.053432 2.047244,
3.209840 -1.946568 2.047244,
3.212242 -1.042906 2.047244,
3.212242 -1.957094 2.047244,
3.214117 -1.967727 2.047244,
3.214117 -1.032273 2.047244,
3.215459 -1.021560 2.047244,
3.215459 -1.978440 2.047244,
2.566929 -0.118110 2.047244,
2.864992 -0.830706 2.047244,
2.873599 -0.824187 2.047244,
2.856722 -0.837646 2.047244,
2.848807 -0.844989 2.047244,
2.841268 -0.852719 2.047244,
2.834124 -0.860814 2.047244,
2.827393 -0.869255 2.047244,
2.821090 -0.878021 2.047244,
2.815232 -0.887091 2.047244,
2.809834 -0.896441 2.047244,
2.804908 -0.906049 2.047244,
2.800468 -0.915890 2.047244,
2.796523 -0.925941 2.047244,
2.793085 -0.936175 2.047244,
2.790160 -0.946568 2.047244,
2.787758 -0.957094 2.047244,
2.785883 -0.967727 2.047244,
2.784541 -0.978440 2.047244,
2.841268 -0.147281 2.047244,
2.848807 -0.155011 2.047244,
2.856722 -0.162354 2.047244,
2.834124 -0.139186 2.047244,
2.864992 -0.169294 2.047244,
2.827393 -0.130745 2.047244,
2.873599 -0.175813 2.047244,
2.821090 -0.121979 2.047244,
2.882520 -0.181895 2.047244,
2.882520 -0.818105 2.047244,
2.891732 -0.812475 2.047244,
2.815232 -0.112909 2.047244,
2.891732 -0.187525 2.047244,
2.901214 -0.807311 2.047244,
2.809834 -0.103559 2.047244,
2.901214 -0.192689 2.047244,
2.804908 -0.093951 2.047244,
2.910942 -0.197373 2.047244,
2.910942 -0.802627 2.047244,
2.800468 -0.084110 2.047244,
2.920891 -0.201567 2.047244,
2.920891 -0.798433 2.047244,
2.931036 -0.794740 2.047244,
2.796523 -0.074059 2.047244,
2.931036 -0.205260 2.047244,
2.793085 -0.063825 2.047244,
2.941353 -0.208442 2.047244,
2.941353 -0.791558 2.047244,
2.951816 -0.788894 2.047244,
2.790160 -0.053432 2.047244,
2.951816 -0.211106 2.047244,
2.787758 -0.042906 2.047244,
2.962399 -0.213246 2.047244,
2.962399 -0.786754 2.047244,
2.973075 -0.785145 2.047244,
2.785883 -0.032273 2.047244,
2.973075 -0.214855 2.047244,
2.784541 -0.021560 2.047244,
2.983818 -0.215930 2.047244,
2.983818 -0.784070 2.047244,
2.783734 -0.010793 2.047244,
2.994602 -0.216468 2.047244,
2.994602 -0.783532 2.047244,
2.783465 -0.000000 2.047244,
3.005398 -0.216468 2.047244,
3.005398 -0.783532 2.047244,
2.783734 0.010793 2.047244,
3.016182 -0.215930 2.047244,
3.016182 -0.784070 2.047244,
2.784541 0.021560 2.047244,
3.026925 -0.214855 2.047244,
3.026925 -0.785145 2.047244,
2.785883 0.032273 2.047244,
3.037601 -0.213246 2.047244,
3.037601 -0.786754 2.047244,
2.787758 0.042906 2.047244,
3.048184 -0.211106 2.047244,
3.048184 -0.788894 2.047244,
3.058647 -0.791558 2.047244,
2.790160 0.053432 2.047244,
3.058647 -0.208442 2.047244,
2.793085 0.063825 2.047244,
3.068964 -0.205260 2.047244,
3.068964 -0.794740 2.047244,
3.079109 -0.798433 2.047244,
2.796523 0.074059 2.047244,
3.079109 -0.201567 2.047244,
2.800468 0.084110 2.047244,
3.089058 -0.197373 2.047244,
3.089058 -0.802627 2.047244,
3.098786 -0.807311 2.047244,
2.804908 0.093951 2.047244,
3.098786 -0.192689 2.047244,
2.809834 0.103559 2.047244,
3.108268 -0.187525 2.047244,
3.108268 -0.812475 2.047244,
3.117480 -0.818105 2.047244,
2.815232 0.112909 2.047244,
3.117480 -0.181895 2.047244,
2.821090 0.121979 2.047244,
3.126401 -0.175813 2.047244,
3.126401 -0.824187 2.047244,
2.827393 0.130745 2.047244,
3.135008 -0.169294 2.047244,
3.135008 -0.830706 2.047244,
2.834124 0.139186 2.047244,
3.143278 -0.162354 2.047244,
3.143278 -0.837646 2.047244,
2.841268 0.147281 2.047244,
0.158732 0.147281 2.047244,
0.151193 0.155011 2.047244,
3.151193 -0.155011 2.047244,
3.151193 -0.844989 2.047244,
2.848807 0.155011 2.047244,
3.158732 -0.147281 2.047244,
3.158732 -0.852719 2.047244,
2.856722 0.162354 2.047244,
0.143278 0.162354 2.047244,
3.165876 -0.139186 2.047244,
3.165876 -0.860814 2.047244,
2.864992 0.169294 2.047244,
0.135008 0.169294 2.047244,
3.172607 -0.130745 2.047244,
3.172607 -0.869255 2.047244,
2.873599 0.175813 2.047244,
0.126401 0.175813 2.047244,
3.178910 -0.121979 2.047244,
3.178910 -0.878021 2.047244,
3.184768 -0.112909 2.047244,
3.184768 -0.887091 2.047244,
3.190166 -0.896441 2.047244,
3.190166 -0.103559 2.047244,
3.195092 -0.093951 2.047244,
3.195092 -0.906049 2.047244,
3.199532 -0.915890 2.047244,
3.199532 -0.084110 2.047244,
3.203477 -0.925941 2.047244,
3.203477 -0.074059 2.047244,
3.206915 -0.936175 2.047244,
3.206915 -0.063825 2.047244,
3.500000 0.500000 2.047244,
3.126401 0.175813 2.047244,
3.135008 0.169294 2.047244,
3.209840 -0.053432 2.047244,
3.117480 0.181895 2.047244,
3.212242 -0.042906 2.047244,
3.108268 0.187525 2.047244,
3.214117 -0.032273 2.047244,
3.098786 0.192689 2.047244,
3.215459 -0.021560 2.047244,
3.089058 0.197373 2.047244,
3.216266 -0.010793 2.047244,
3.079109 0.201567 2.047244,
3.216535 -0.000000 2.047244,
3.068964 0.205260 2.047244,
3.058647 0.208442 2.047244,
3.048184 0.211106 2.047244,
3.037601 0.213246 2.047244,
3.026925 0.214855 2.047244,
3.016182 0.215930 2.047244,
3.005398 0.216468 2.047244,
2.994602 0.216468 2.047244,
2.983818 0.215930 2.047244,
2.973075 0.214855 2.047244,
2.962399 0.213246 2.047244,
2.951816 0.211106 2.047244,
2.941353 0.208442 2.047244,
2.931036 0.205260 2.047244,
3.216266 -0.989207 2.047244,
3.216535 -1.000000 2.047244,
3.215459 -0.978440 2.047244,
3.214117 -0.967727 2.047244,
3.212242 -0.957094 2.047244,
3.209840 -0.946568 2.047244,
3.216266 -1.010793 2.047244,
3.216266 0.010793 2.047244,
3.215459 0.021560 2.047244,
3.214117 0.032273 2.047244,
3.212242 0.042906 2.047244,
3.209840 0.053432 2.047244,
3.206915 0.063825 2.047244,
3.203477 0.074059 2.047244,
3.199532 0.084110 2.047244,
3.195092 0.093951 2.047244,
3.190166 0.103559 2.047244,
3.184768 0.112909 2.047244,
3.178910 0.121979 2.047244,
3.172607 0.130745 2.047244,
3.165876 0.139186 2.047244,
3.158732 0.147281 2.047244,
3.151193 0.155011 2.047244,
3.143278 0.162354 2.047244,
0.079109 0.201567 2.047244,
0.089058 0.197373 2.047244,
0.098786 0.192689 2.047244,
0.108268 0.187525 2.047244,
0.117480 0.181895 2.047244,
2.920891 0.201567 2.047244,
2.910942 0.197373 2.047244,
2.901214 0.192689 2.047244,
2.891732 0.187525 2.047244,
2.882520 0.181895 2.047244,
0.216535 -1.000000 2.047244,
0.216266 -0.989207 2.047244,
0.216266 -1.010793 2.047244,
0.215459 -1.021560 2.047244,
0.214117 -1.032273 2.047244,
0.212242 -1.042906 2.047244,
0.209840 -1.053432 2.047244,
0.215459 -1.978440 2.047244,
0.214117 -1.967727 2.047244,
0.212242 -1.957094 2.047244,
0.209840 -1.946568 2.047244,
0.216266 -1.989207 2.047244,
0.216535 -2.000000 2.047244,
0.216266 -2.010793 2.047244,
2.783465 -2.000000 2.047244,
2.783734 -2.010793 2.047244,
2.783734 -1.989207 2.047244,
2.784541 -1.978440 2.047244,
2.785883 -1.967727 2.047244,
2.787758 -1.957094 2.047244,
2.790160 -1.946568 2.047244,
2.784541 -1.021560 2.047244,
2.785883 -1.032273 2.047244,
2.787758 -1.042906 2.047244,
2.790160 -1.053432 2.047244,
2.783734 -1.010793 2.047244,
2.783465 -1.000000 2.047244,
2.783734 -0.989207 2.047244,
3.500000 0.500000 0.000000,
0.433071 -2.881890 0.000000,
2.566929 -2.881890 0.000000,
0.433071 -0.118110 0.000000,
2.566929 -0.118110 0.000000,
0.216535 -3.000000 1.614173,
0.216266 -2.989207 1.614173,
0.215459 -2.978440 1.614173,
0.214117 -2.967727 1.614173,
0.212242 -2.957094 1.614173,
0.209840 -2.946568 1.614173,
0.206915 -2.936175 1.614173,
0.203477 -2.925941 1.614173,
0.199532 -2.915890 1.614173,
0.195092 -2.906049 1.614173,
0.190166 -2.896441 1.614173,
0.184768 -2.887091 1.614173,
0.178910 -2.878021 1.614173,
0.172607 -2.869255 1.614173,
0.165876 -2.860814 1.614173,
0.158732 -2.852719 1.614173,
0.151193 -2.844989 1.614173,
0.143278 -2.837646 1.614173,
0.135008 -2.830706 1.614173,
0.126401 -2.824187 1.614173,
0.117480 -2.818105 1.614173,
0.108268 -2.812475 1.614173,
0.098786 -2.807311 1.614173,
0.089058 -2.802627 1.614173,
0.079109 -2.798433 1.614173,
0.068964 -2.794740 1.614173,
0.058647 -2.791558 1.614173,
0.048184 -2.788894 1.614173,
0.037601 -2.786754 1.614173,
0.026925 -2.785145 1.614173,
0.016182 -2.784070 1.614173,
0.005398 -2.783532 1.614173,
-0.005398 -2.783532 1.614173,
-0.016182 -2.784070 1.614173,
-0.026925 -2.785145 1.614173,
-0.037601 -2.786754 1.614173,
-0.048184 -2.788894 1.614173,
-0.058647 -2.791558 1.614173,
-0.068964 -2.794740 1.614173,
-0.079109 -2.798433 1.614173,
-0.089058 -2.802627 1.614173,
-0.098786 -2.807311 1.614173,
-0.108268 -2.812475 1.614173,
-0.117480 -2.818105 1.614173,
-0.126401 -2.824187 1.614173,
-0.135008 -2.830706 1.614173,
-0.143278 -2.837646 1.614173,
-0.151193 -2.844989 1.614173,
-0.158732 -2.852719 1.614173,
-0.165876 -2.860814 1.614173,
-0.172607 -2.869255 1.614173,
-0.178910 -2.878021 1.614173,
-0.184768 -2.887091 1.614173,
-0.190166 -2.896441 1.614173,
-0.195092 -2.906049 1.614173,
-0.199532 -2.915890 1.614173,
-0.203477 -2.925941 1.614173,
-0.206915 -2.936175 1.614173,
-0.209840 -2.946568 1.614173,
-0.212242 -2.957094 1.614173,
-0.214117 -2.967727 1.614173,
-0.215459 -2.978440 1.614173,
-0.216266 -2.989207 1.614173,
-0.216535 -3.000000 1.614173,
-0.216266 -3.010793 1.614173,
-0.215459 -3.021560 1.614173,
-0.214117 -3.032273 1.614173,
-0.212242 -3.042906 1.614173,
-0.209840 -3.053432 1.614173,
-0.206915 -3.063825 1.614173,
-0.203477 -3.074059 1.614173,
-0.199532 -3.084110 1.614173,
-0.195092 -3.093951 1.614173,
-0.190166 -3.103559 1.614173,
-0.184768 -3.112909 1.614173,
-0.178910 -3.121979 1.614173,
-0.172607 -3.130745 1.614173,
-0.165876 -3.139186 1.614173,
-0.158732 -3.147281 1.614173,
-0.151193 -3.155011 1.614173,
-0.143278 -3.162354 1.614173,
-0.135008 -3.169294 1.614173,
-0.126401 -3.175813 1.614173,
-0.117480 -3.181895 1.614173,
-0.108268 -3.187525 1.614173,
-0.098786 -3.192689 1.614173,
-0.089058 -3.197373 1.614173,
-0.079109 -3.201567 1.614173,
-0.068964 -3.205260 1.614173,
-0.058647 -3.208442 1.614173,
-0.048184 -3.211106 1.614173,
-0.037601 -3.213246 1.614173,
-0.026925 -3.214855 1.614173,
-0.016182 -3.215930 1.614173,
-0.005398 -3.216468 1.614173,
0.005398 -3.216468 1.614173,
0.016182 -3.215930 1.614173,
0.026925 -3.214855 1.614173,
0.037601 -3.213246 1.614173,
0.048184 -3.211106 1.614173,
0.058647 -3.208442 1.614173,
0.068964 -3.205260 1.614173,
0.079109 -3.201567 1.614173,
0.089058 -3.197373 1.614173,
0.098786 -3.192689 1.614173,
0.108268 -3.187525 1.614173,
0.117480 -3.181895 1.614173,
0.126401 -3.175813 1.614173,
0.135008 -3.169294 1.614173,
0.143278 -3.162354 1.614173,
0.151193 -3.155011 1.614173,
0.158732 -3.147281 1.614173,
0.165876 -3.139186 1.614173,
0.172607 -3.130745 1.614173,
0.178910 -3.121979 1.614173,
0.184768 -3.112909 1.614173,
0.190166 -3.103559 1.614173,
0.195092 -3.093951 1.614173,
0.199532 -3.084110 1.614173,
0.203477 -3.074059 1.614173,
0.206915 -3.063825 1.614173,
0.209840 -3.053432 1.614173,
0.212242 -3.042906 1.614173,
0.214117 -3.032273 1.614173,
0.215459 -3.021560 1.614173,
0.216266 -3.010793 1.614173,
0.216535 -2.000000 1.614173,
0.216266 -1.989207 1.614173,
0.215459 -1.978440 1.614173,
0.214117 -1.967727 1.614173,
0.212242 -1.957094 1.614173,
0.209840 -1.946568 1.614173,
0.206915 -1.936175 1.614173,
0.203477 -1.925941 1.614173,
0.199532 -1.915890 1.614173,
0.195092 -1.906049 1.614173,
0.190166 -1.896441 1.614173,
0.184768 -1.887091 1.614173,
0.178910 -1.878021 1.614173,
0.172607 -1.869255 1.614173,
0.165876 -1.860814 1.614173,
0.158732 -1.852719 1.614173,
0.151193 -1.844989 1.614173,
0.143278 -1.837646 1.614173,
0.135008 -1.830706 1.614173,
0.126401 -1.824187 1.614173,
0.117480 -1.818105 1.614173,
0.108268 -1.812475 1.614173,
0.098786 -1.807311 1.614173,
0.089058 -1.802627 1.614173,
0.079109 -1.798433 1.614173,
0.068964 -1.794740 1.614173,
0.058647 -1.791558 1.614173,
0.048184 -1.788894 1.614173,
0.037601 -1.786754 1.614173,
0.026925 -1.785145 1.614173,
0.016182 -1.784070 1.614173,
0.005398 -1.783532 1.614173,
-0.005398 -1.783532 1.614173,
-0.016182 -1.784070 1.614173,
-0.026925 -1.785145 1.614173,
-0.037601 -1.786754 1.614173,
-0.048184 -1.788894 1.614173,
-0.058647 -1.791558 1.614173,
-0.068964 -1.794740 1.614173,
-0.079109 -1.798433 1.614173,
-0.089058 -1.802627 1.614173,
-0.098786 -1.807311 1.614173,
-0.108268 -1.812475 1.614173,
-0.117480 -1.818105 1.614173,
-0.126401 -1.824187 1.614173,
-0.135008 -1.830706 1.614173,
-0.143278 -1.837646 1.614173,
-0.151193 -1.844989 1.614173,
-0.158732 -1.852719 1.614173,
-0.165876 -1.860814 1.614173,
-0.172607 -1.869255 1.614173,
-0.178910 -1.878021 1.614173,
-0.184768 -1.887091 1.614173,
-0.190166 -1.896441 1.614173,
-0.195092 -1.906049 1.614173,
-0.199532 -1.915890 1.614173,
-0.203477 -1.925941 1.614173,
-0.206915 -1.936175 1.614173,
-0.209840 -1.946568 1.614173,
-0.212242 -1.957094 1.614173,
-0.214117 -1.967727 1.614173,
-0.215459 -1.978440 1.614173,
-0.216266 -1.989207 1.614173,
-0.216535 -2.000000 1.614173,
-0.216266 -2.010793 1.614173,
-0.215459 -2.021560 1.614173,
-0.214117 -2.032273 1.614173,
-0.212242 -2.042906 1.614173,
-0.209840 -2.053432 1.614173,
-0.206915 -2.063825 1.614173,
-0.203477 -2.074059 1.614173,
-0.199532 -2.084110 1.614173,
-0.195092 -2.093951 1.614173,
-0.190166 -2.103559 1.614173,
-0.184768 -2.112909 1.614173,
-0.178910 -2.121979 1.614173,
-0.172607 -2.130745 1.614173,
-0.165876 -2.139186 1.614173,
-0.158732 -2.147281 1.614173,
-0.151193 -2.155011 1.614173,
-0.143278 -2.162354 1.614173,
-0.135008 -2.169294 1.614173,
-0.126401 -2.175813 1.614173,
-0.117480 -2.181895 1.614173,
-0.108268 -2.187525 1.614173,
-0.098786 -2.192689 1.614173,
-0.089058 -2.197373 1.614173,
-0.079109 -2.201567 1.614173,
-0.068964 -2.205260 1.614173,
-0.058647 -2.208442 1.614173,
-0.048184 -2.211106 1.614173,
-0.037601 -2.213246 1.614173,
-0.026925 -2.214855 1.614173,
-0.016182 -2.215930 1.614173,
-0.005398 -2.216468 1.614173,
0.005398 -2.216468 1.614173,
0.016182 -2.215930 1.614173,
0.026925 -2.214855 1.614173,
0.037601 -2.213246 1.614173,
0.048184 -2.211106 1.614173,
0.058647 -2.208442 1.614173,
0.068964 -2.205260 1.614173,
0.079109 -2.201567 1.614173,
0.089058 -2.197373 1.614173,
0.098786 -2.192689 1.614173,
0.108268 -2.187525 1.614173,
0.117480 -2.181895 1.614173,
0.126401 -2.175813 1.614173,
0.135008 -2.169294 1.614173,
0.143278 -2.162354 1.614173,
0.151193 -2.155011 1.614173,
0.158732 -2.147281 1.614173,
0.165876 -2.139186 1.614173,
0.172607 -2.130745 1.614173,
0.178910 -2.121979 1.614173,
0.184768 -2.112909 1.614173,
0.190166 -2.103559 1.614173,
0.195092 -2.093951 1.614173,
0.199532 -2.084110 1.614173,
0.203477 -2.074059 1.614173,
0.206915 -2.063825 1.614173,
0.209840 -2.053432 1.614173,
0.212242 -2.042906 1.614173,
0.214117 -2.032273 1.614173,
0.215459 -2.021560 1.614173,
0.216266 -2.010793 1.614173,
3.216535 -3.000000 1.614173,
3.216266 -2.989207 1.614173,
3.215459 -2.978440 1.614173,
3.214117 -2.967727 1.614173,
3.212242 -2.957094 1.614173,
3.209840 -2.946568 1.614173,
3.206915 -2.936175 1.614173,
3.203477 -2.925941 1.614173,
3.199532 -2.915890 1.614173,
3.195092 -2.906049 1.614173,
3.190166 -2.896441 1.614173,
3.184768 -2.887091 1.614173,
3.178910 -2.878021 1.614173,
3.172607 -2.869255 1.614173,
3.165876 -2.860814 1.614173,
3.158732 -2.852719 1.614173,
3.151193 -2.844989 1.614173,
3.143278 -2.837646 1.614173,
3.135008 -2.830706 1.614173,
3.126401 -2.824187 1.614173,
3.117480 -2.818105 1.614173,
3.108268 -2.812475 1.614173,
3.098786 -2.807311 1.614173,
3.089058 -2.802627 1.614173,
3.079109 -2.798433 1.614173,
3.068964 -2.794740 1.614173,
3.058647 -2.791558 1.614173,
3.048184 -2.788894 1.614173,
3.037601 -2.786754 1.614173,
3.026925 -2.785145 1.614173,
3.016182 -2.784070 1.614173,
3.005398 -2.783532 1.614173,
2.994602 -2.783532 1.614173,
2.983818 -2.784070 1.614173,
2.973075 -2.785145 1.614173,
2.962399 -2.786754 1.614173,
2.951816 -2.788894 1.614173,
2.941353 -2.791558 1.614173,
2.931036 -2.794740 1.614173,
2.920891 -2.798433 1.614173,
2.910942 -2.802627 1.614173,
2.901214 -2.807311 1.614173,
2.891732 -2.812475 1.614173,
2.882520 -2.818105 1.614173,
2.873599 -2.824187 1.614173,
2.864992 -2.830706 1.614173,
2.856722 -2.837646 1.614173,
2.848807 -2.844989 1.614173,
2.841268 -2.852719 1.614173,
2.834124 -2.860814 1.614173,
2.827393 -2.869255 1.614173,
2.821090 -2.878021 1.614173,
2.815232 -2.887091 1.614173,
2.809834 -2.896441 1.614173,
2.804908 -2.906049 1.614173,
2.800468 -2.915890 1.614173,
2.796523 -2.925941 1.614173,
2.793085 -2.936175 1.614173,
2.790160 -2.946568 1.614173,
2.787758 -2.957094 1.614173,
2.785883 -2.967727 1.614173,
2.784541 -2.978440 1.614173,
2.783734 -2.989207 1.614173,
2.783465 -3.000000 1.614173,
2.783734 -3.010793 1.614173,
2.784541 -3.021560 1.614173,
2.785883 -3.032273 1.614173,
2.787758 -3.042906 1.614173,
2.790160 -3.053432 1.614173,
2.793085 -3.063825 1.614173,
2.796523 -3.074059 1.614173,
2.800468 -3.084110 1.614173,
2.804908 -3.093951 1.614173,
2.809834 -3.103559 1.614173,
2.815232 -3.112909 1.614173,
2.821090 -3.121979 1.614173,
2.827393 -3.130745 1.614173,
2.834124 -3.139186 1.614173,
2.841268 -3.147281 1.614173,
2.848807 -3.155011 1.614173,
2.856722 -3.162354 1.614173,
2.864992 -3.169294 1.614173,
2.873599 -3.175813 1.614173,
2.882520 -3.181895 1.614173,
2.891732 -3.187525 1.614173,
2.901214 -3.192689 1.614173,
2.910942 -3.197373 1.614173,
2.920891 -3.201567 1.614173,
2.931036 -3.205260 1.614173,
2.941353 -3.208442 1.614173,
2.951816 -3.211106 1.614173,
2.962399 -3.213246 1.614173,
2.973075 -3.214855 1.614173,
2.983818 -3.215930 1.614173,
2.994602 -3.216468 1.614173,
3.005398 -3.216468 1.614173,
3.016182 -3.215930 1.614173,
3.026925 -3.214855 1.614173,
3.037601 -3.213246 1.614173,
3.048184 -3.211106 1.614173,
3.058647 -3.208442 1.614173,
3.068964 -3.205260 1.614173,
3.079109 -3.201567 1.614173,
3.089058 -3.197373 1.614173,
3.098786 -3.192689 1.614173,
3.108268 -3.187525 1.614173,
3.117480 -3.181895 1.614173,
3.126401 -3.175813 1.614173,
3.135008 -3.169294 1.614173,
3.143278 -3.162354 1.614173,
3.151193 -3.155011 1.614173,
3.158732 -3.147281 1.614173,
3.165876 -3.139186 1.614173,
3.172607 -3.130745 1.614173,
3.178910 -3.121979 1.614173,
3.184768 -3.112909 1.614173,
3.190166 -3.103559 1.614173,
3.195092 -3.093951 1.614173,
3.199532 -3.084110 1.614173,
3.203477 -3.074059 1.614173,
3.206915 -3.063825 1.614173,
3.209840 -3.053432 1.614173,
3.212242 -3.042906 1.614173,
3.214117 -3.032273 1.614173,
3.215459 -3.021560 1.614173,
3.216266 -3.010793 1.614173,
3.216535 -2.000000 1.614173,
3.216266 -1.989207 1.614173,
3.215459 -1.978440 1.614173,
3.214117 -1.967727 1.614173,
3.212242 -1.957094 1.614173,
3.209840 -1.946568 1.614173,
3.206915 -1.936175 1.614173,
3.203477 -1.925941 1.614173,
3.199532 -1.915890 1.614173,
3.195092 -1.906049 1.614173,
3.190166 -1.896441 1.614173,
3.184768 -1.887091 1.614173,
3.178910 -1.878021 1.614173,
3.172607 -1.869255 1.614173,
3.165876 -1.860814 1.614173,
3.158732 -1.852719 1.614173,
3.151193 -1.844989 1.614173,
3.143278 -1.837646 1.614173,
3.135008 -1.830706 1.614173,
3.126401 -1.824187 1.614173,
3.117480 -1.818105 1.614173,
3.108268 -1.812475 1.614173,
3.098786 -1.807311 1.614173,
3.089058 -1.802627 1.614173,
3.079109 -1.798433 1.614173,
3.068964 -1.794740 1.614173,
3.058647 -1.791558 1.614173,
3.048184 -1.788894 1.614173,
3.037601 -1.786754 1.614173,
3.026925 -1.785145 1.614173,
3.016182 -1.784070 1.614173,
3.005398 -1.783532 1.614173,
2.994602 -1.783532 1.614173,
2.983818 -1.784070 1.614173,
2.973075 -1.785145 1.614173,
2.962399 -1.786754 1.614173,
2.951816 -1.788894 1.614173,
2.941353 -1.791558 1.614173,
2.931036 -1.794740 1.614173,
2.920891 -1.798433 1.614173,
2.910942 -1.802627 1.614173,
2.901214 -1.807311 1.614173,
2.891732 -1.812475 1.614173,
2.882520 -1.818105 1.614173,
2.873599 -1.824187 1.614173,
2.864992 -1.830706 1.614173,
2.856722 -1.837646 1.614173,
2.848807 -1.844989 1.614173,
2.841268 -1.852719 1.614173,
2.834124 -1.860814 1.614173,
2.827393 -1.869255 1.614173,
2.821090 -1.878021 1.614173,
2.815232 -1.887091 1.614173,
2.809834 -1.896441 1.614173,
2.804908 -1.906049 1.614173,
2.800468 -1.915890 1.614173,
2.796523 -1.925941 1.614173,
2.793085 -1.936175 1.614173,
2.790160 -1.946568 1.614173,
2.787758 -1.957094 1.614173,
2.785883 -1.967727 1.614173,
2.784541 -1.978440 1.614173,
2.783734 -1.989207 1.614173,
2.783465 -2.000000 1.614173,
2.783734 -2.010793 1.614173,
2.784541 -2.021560 1.614173,
2.785883 -2.032273 1.614173,
2.787758 -2.042906 1.614173,
2.790160 -2.053432 1.614173,
2.793085 -2.063825 1.614173,
2.796523 -2.074059 1.614173,
2.800468 -2.084110 1.614173,
2.804908 -2.093951 1.614173,
2.809834 -2.103559 1.614173,
2.815232 -2.112909 1.614173,
2.821090 -2.121979 1.614173,
2.827393 -2.130745 1.614173,
2.834124 -2.139186 1.614173,
2.841268 -2.147281 1.614173,
2.848807 -2.155011 1.614173,
2.856722 -2.162354 1.614173,
2.864992 -2.169294 1.614173,
2.873599 -2.175813 1.614173,
2.882520 -2.181895 1.614173,
2.891732 -2.187525 1.614173,
2.901214 -2.192689 1.614173,
2.910942 -2.197373 1.614173,
2.920891 -2.201567 1.614173,
2.931036 -2.205260 1.614173,
2.941353 -2.208442 1.614173,
2.951816 -2.211106 1.614173,
2.962399 -2.213246 1.614173,
2.973075 -2.214855 1.614173,
2.983818 -2.215930 1.614173,
2.994602 -2.216468 1.614173,
3.005398 -2.216468 1.614173,
3.016182 -2.215930 1.614173,
3.026925 -2.214855 1.614173,
3.037601 -2.213246 1.614173,
3.048184 -2.211106 1.614173,
3.058647 -2.208442 1.614173,
3.068964 -2.205260 1.614173,
3.079109 -2.201567 1.614173,
3.089058 -2.197373 1.614173,
3.098786 -2.192689 1.614173,
3.108268 -2.187525 1.614173,
3.117480 -2.181895 1.614173,
3.126401 -2.175813 1.614173,
3.135008 -2.169294 1.614173,
3.143278 -2.162354 1.614173,
3.151193 -2.155011 1.614173,
3.158732 -2.147281 1.614173,
3.165876 -2.139186 1.614173,
3.172607 -2.130745 1.614173,
3.178910 -2.121979 1.614173,
3.184768 -2.112909 1.614173,
3.190166 -2.103559 1.614173,
3.195092 -2.093951 1.614173,
3.199532 -2.084110 1.614173,
3.203477 -2.074059 1.614173,
3.206915 -2.063825 1.614173,
3.209840 -2.053432 1.614173,
3.212242 -2.042906 1.614173,
3.214117 -2.032273 1.614173,
3.215459 -2.021560 1.614173,
3.216266 -2.010793 1.614173,
0.216535 -1.000000 1.614173,
0.216266 -0.989207 1.614173,
0.215459 -0.978440 1.614173,
0.214117 -0.967727 1.614173,
0.212242 -0.957094 1.614173,
0.209840 -0.946568 1.614173,
0.206915 -0.936175 1.614173,
0.203477 -0.925941 1.614173,
0.199532 -0.915890 1.614173,
0.195092 -0.906049 1.614173,
0.190166 -0.896441 1.614173,
0.184768 -0.887091 1.614173,
0.178910 -0.878021 1.614173,
0.172607 -0.869255 1.614173,
0.165876 -0.860814 1.614173,
0.158732 -0.852719 1.614173,
0.151193 -0.844989 1.614173,
0.143278 -0.837646 1.614173,
0.135008 -0.830706 1.614173,
0.126401 -0.824187 1.614173,
0.117480 -0.818105 1.614173,
0.108268 -0.812475 1.614173,
0.098786 -0.807311 1.614173,
0.089058 -0.802627 1.614173,
0.079109 -0.798433 1.614173,
0.068964 -0.794740 1.614173,
0.058647 -0.791558 1.614173,
0.048184 -0.788894 1.614173,
0.037601 -0.786754 1.614173,
0.026925 -0.785145 1.614173,
0.016182 -0.784070 1.614173,
0.005398 -0.783532 1.614173,
-0.005398 -0.783532 1.614173,
-0.016182 -0.784070 1.614173,
-0.026925 -0.785145 1.614173,
-0.037601 -0.786754 1.614173,
-0.048184 -0.788894 1.614173,
-0.058647 -0.791558 1.614173,
-0.068964 -0.794740 1.614173,
-0.079109 -0.798433 1.614173,
-0.089058 -0.802627 1.614173,
-0.098786 -0.807311 1.614173,
-0.108268 -0.812475 1.614173,
-0.117480 -0.818105 1.614173,
-0.126401 -0.824187 1.614173,
-0.135008 -0.830706 1.614173,
-0.143278 -0.837646 1.614173,
-0.151193 -0.844989 1.614173,
-0.158732 -0.852719 1.614173,
-0.165876 -0.860814 1.614173,
-0.172607 -0.869255 1.614173,
-0.178910 -0.878021 1.614173,
-0.184768 -0.887091 1.614173,
-0.190166 -0.896441 1.614173,
-0.195092 -0.906049 1.614173,
-0.199532 -0.915890 1.614173,
-0.203477 -0.925941 1.614173,
-0.206915 -0.936175 1.614173,
-0.209840 -0.946568 1.614173,
-0.212242 -0.957094 1.614173,
-0.214117 -0.967727 1.614173,
-0.215459 -0.978440 1.614173,
-0.216266 -0.989207 1.614173,
-0.216535 -1.000000 1.614173,
-0.216266 -1.010793 1.614173,
-0.215459 -1.021560 1.614173,
-0.214117 -1.032273 1.614173,
-0.212242 -1.042906 1.614173,
-0.209840 -1.053432 1.614173,
-0.206915 -1.063825 1.614173,
-0.203477 -1.074059 1.614173,
-0.199532 -1.084110 1.614173,
-0.195092 -1.093951 1.614173,
-0.190166 -1.103559 1.614173,
-0.184768 -1.112909 1.614173,
-0.178910 -1.121979 1.614173,
-0.172607 -1.130745 1.614173,
-0.165876 -1.139186 1.614173,
-0.158732 -1.147281 1.614173,
-0.151193 -1.155011 1.614173,
-0.143278 -1.162354 1.614173,
-0.135008 -1.169294 1.614173,
-0.126401 -1.175813 1.614173,
-0.117480 -1.181895 1.614173,
-0.108268 -1.187525 1.614173,
-0.098786 -1.192689 1.614173,
-0.089058 -1.197373 1.614173,
-0.079109 -1.201567 1.614173,
-0.068964 -1.205260 1.614173,
-0.058647 -1.208442 1.614173,
-0.048184 -1.211106 1.614173,
-0.037601 -1.213246 1.614173,
-0.026925 -1.214855 1.614173,
-0.016182 -1.215930 1.614173,
-0.005398 -1.216468 1.614173,
0.005398 -1.216468 1.614173,
0.016182 -1.215930 1.614173,
0.026925 -1.214855 1.614173,
0.037601 -1.213246 1.614173,
0.048184 -1.211106 1.614173,
0.058647 -1.208442 1.614173,
0.068964 -1.205260 1.614173,
0.079109 -1.201567 1.614173,
0.089058 -1.197373 1.614173,
0.098786 -1.192689 1.614173,
0.108268 -1.187525 1.614173,
0.117480 -1.181895 1.614173,
0.126401 -1.175813 1.614173,
0.135008 -1.169294 1.614173,
0.143278 -1.162354 1.614173,
0.151193 -1.155011 1.614173,
0.158732 -1.147281 1.614173,
0.165876 -1.139186 1.614173,
0.172607 -1.130745 1.614173,
0.178910 -1.121979 1.614173,
0.184768 -1.112909 1.614173,
0.190166 -1.103559 1.614173,
0.195092 -1.093951 1.614173,
0.199532 -1.084110 1.614173,
0.203477 -1.074059 1.614173,
0.206915 -1.063825 1.614173,
0.209840 -1.053432 1.614173,
0.212242 -1.042906 1.614173,
0.214117 -1.032273 1.614173,
0.215459 -1.021560 1.614173,
0.216266 -1.010793 1.614173,
0.216535 -0.000000 1.614173,
0.216266 0.010793 1.614173,
0.215459 0.021560 1.614173,
0.214117 0.032273 1.614173,
0.212242 0.042906 1.614173,
0.209840 0.053432 1.614173,
0.206915 0.063825 1.614173,
0.203477 0.074059 1.614173,
0.199532 0.084110 1.614173,
0.195092 0.093951 1.614173,
0.190166 0.103559 1.614173,
0.184768 0.112909 1.614173,
0.178910 0.121979 1.614173,
0.172607 0.130745 1.614173,
0.165876 0.139186 1.614173,
0.158732 0.147281 1.614173,
0.151193 0.155011 1.614173,
0.143278 0.162354 1.614173,
0.135008 0.169294 1.614173,
0.126401 0.175813 1.614173,
0.117480 0.181895 1.614173,
0.108268 0.187525 1.614173,
0.098786 0.192689 1.614173,
0.089058 0.197373 1.614173,
0.079109 0.201567 1.614173,
0.068964 0.205260 1.614173,
0.058647 0.208442 1.614173,
0.048184 0.211106 1.614173,
0.037601 0.213246 1.614173,
0.026925 0.214855 1.614173,
0.016182 0.215930 1.614173,
0.005398 0.216468 1.614173,
-0.005398 0.216468 1.614173,
-0.016182 0.215930 1.614173,
-0.026925 0.214855 1.614173,
-0.037601 0.213246 1.614173,
-0.048184 0.211106 1.614173,
-0.058647 0.208442 1.614173,
-0.068964 0.205260 1.614173,
-0.079109 0.201567 1.614173,
-0.089058 0.197373 1.614173,
-0.098786 0.192689 1.614173,
-0.108268 0.187525 1.614173,
-0.117480 0.181895 1.614173,
-0.126401 0.175813 1.614173,
-0.135008 0.169294 1.614173,
-0.143278 0.162354 1.614173,
-0.151193 0.155011 1.614173,
-0.158732 0.147281 1.614173,
-0.165876 0.139186 1.614173,
-0.172607 0.130745 1.614173,
-0.178910 0.121979 1.614173,
-0.184768 0.112909 1.614173,
-0.190166 0.103559 1.614173,
-0.195092 0.093951 1.614173,
-0.199532 0.084110 1.614173,
-0.203477 0.074059 1.614173,
-0.206915 0.063825 1.614173,
-0.209840 0.053432 1.614173,
-0.212242 0.042906 1.614173,
-0.214117 0.032273 1.614173,
-0.215459 0.021560 1.614173,
-0.216266 0.010793 1.614173,
-0.216535 -0.000000 1.614173,
-0.216266 -0.010793 1.614173,
-0.215459 -0.021560 1.614173,
-0.214117 -0.032273 1.614173,
-0.212242 -0.042906 1.614173,
-0.209840 -0.053432 1.614173,
-0.206915 -0.063825 1.614173,
-0.203477 -0.074059 1.614173,
-0.199532 -0.084110 1.614173,
-0.195092 -0.093951 1.614173,
-0.190166 -0.103559 1.614173,
-0.184768 -0.112909 1.614173,
-0.178910 -0.121979 1.614173,
-0.172607 -0.130745 1.614173,
-0.165876 -0.139186 1.614173,
-0.158732 -0.147281 1.614173,
-0.151193 -0.155011 1.614173,
-0.143278 -0.162354 1.614173,
-0.135008 -0.169294 1.614173,
-0.126401 -0.175813 1.614173,
-0.117480 -0.181895 1.614173,
-0.108268 -0.187525 1.614173,
-0.098786 -0.192689 1.614173,
-0.089058 -0.197373 1.614173,
-0.079109 -0.201567 1.614173,
-0.068964 -0.205260 1.614173,
-0.058647 -0.208442 1.614173,
-0.048184 -0.211106 1.614173,
-0.037601 -0.213246 1.614173,
-0.026925 -0.214855 1.614173,
-0.016182 -0.215930 1.614173,
-0.005398 -0.216468 1.614173,
0.005398 -0.216468 1.614173,
0.016182 -0.215930 1.614173,
0.026925 -0.214855 1.614173,
0.037601 -0.213246 1.614173,
0.048184 -0.211106 1.614173,
0.058647 -0.208442 1.614173,
0.068964 -0.205260 1.614173,
0.079109 -0.201567 1.614173,
0.089058 -0.197373 1.614173,
0.098786 -0.192689 1.614173,
0.108268 -0.187525 1.614173,
0.117480 -0.181895 1.614173,
0.126401 -0.175813 1.614173,
0.135008 -0.169294 1.614173,
0.143278 -0.162354 1.614173,
0.151193 -0.155011 1.614173,
0.158732 -0.147281 1.614173,
0.165876 -0.139186 1.614173,
0.172607 -0.130745 1.614173,
0.178910 -0.121979 1.614173,
0.184768 -0.112909 1.614173,
0.190166 -0.103559 1.614173,
0.195092 -0.093951 1.614173,
0.199532 -0.084110 1.614173,
0.203477 -0.074059 1.614173,
0.206915 -0.063825 1.614173,
0.209840 -0.053432 1.614173,
0.212242 -0.042906 1.614173,
0.214117 -0.032273 1.614173,
0.215459 -0.021560 1.614173,
0.216266 -0.010793 1.614173,
3.216535 -1.000000 1.614173,
3.216266 -0.989207 1.614173,
3.215459 -0.978440 1.614173,
3.214117 -0.967727 1.614173,
3.212242 -0.957094 1.614173,
3.209840 -0.946568 1.614173,
3.206915 -0.936175 1.614173,
3.203477 -0.925941 1.614173,
3.199532 -0.915890 1.614173,
3.195092 -0.906049 1.614173,
3.190166 -0.896441 1.614173,
3.184768 -0.887091 1.614173,
3.178910 -0.878021 1.614173,
3.172607 -0.869255 1.614173,
3.165876 -0.860814 1.614173,
3.158732 -0.852719 1.614173,
3.151193 -0.844989 1.614173,
3.143278 -0.837646 1.614173,
3.135008 -0.830706 1.614173,
3.126401 -0.824187 1.614173,
3.117480 -0.818105 1.614173,
3.108268 -0.812475 1.614173,
3.098786 -0.807311 1.614173,
3.089058 -0.802627 1.614173,
3.079109 -0.798433 1.614173,
3.068964 -0.794740 1.614173,
3.058647 -0.791558 1.614173,
3.048184 -0.788894 1.614173,
3.037601 -0.786754 1.614173,
3.026925 -0.785145 1.614173,
3.016182 -0.784070 1.614173,
3.005398 -0.783532 1.614173,
2.994602 -0.783532 1.614173,
2.983818 -0.784070 1.614173,
2.973075 -0.785145 1.614173,
2.962399 -0.786754 1.614173,
2.951816 -0.788894 1.614173,
2.941353 -0.791558 1.614173,
2.931036 -0.794740 1.614173,
2.920891 -0.798433 1.614173,
2.910942 -0.802627 1.614173,
2.901214 -0.807311 1.614173,
2.891732 -0.812475 1.614173,
2.882520 -0.818105 1.614173,
2.873599 -0.824187 1.614173,
2.864992 -0.830706 1.614173,
2.856722 -0.837646 1.614173,
2.848807 -0.844989 1.614173,
2.841268 -0.852719 1.614173,
2.834124 -0.860814 1.614173,
2.827393 -0.869255 1.614173,
2.821090 -0.878021 1.614173,
2.815232 -0.887091 1.614173,
2.809834 -0.896441 1.614173,
2.804908 -0.906049 1.614173,
2.800468 -0.915890 1.614173,
2.796523 -0.925941 1.614173,
2.793085 -0.936175 1.614173,
2.790160 -0.946568 1.614173,
2.787758 -0.957094 1.614173,
2.785883 -0.967727 1.614173,
2.784541 -0.978440 1.614173,
2.783734 -0.989207 1.614173,
2.783465 -1.000000 1.614173,
2.783734 -1.010793 1.614173,
2.784541 -1.021560 1.614173,
2.785883 -1.032273 1.614173,
2.787758 -1.042906 1.614173,
2.790160 -1.053432 1.614173,
2.793085 -1.063825 1.614173,
2.796523 -1.074059 1.614173,
2.800468 -1.084110 1.614173,
2.804908 -1.093951 1.614173,
2.809834 -1.103559 1.614173,
2.815232 -1.112909 1.614173,
2.821090 -1.121979 1.614173,
2.827393 -1.130745 1.614173,
2.834124 -1.139186 1.614173,
2.841268 -1.147281 1.614173,
2.848807 -1.155011 1.614173,
2.856722 -1.162354 1.614173,
2.864992 -1.169294 1.614173,
2.873599 -1.175813 1.614173,
2.882520 -1.181895 1.614173,
2.891732 -1.187525 1.614173,
2.901214 -1.192689 1.614173,
2.910942 -1.197373 1.614173,
2.920891 -1.201567 1.614173,
2.931036 -1.205260 1.614173,
2.941353 -1.208442 1.614173,
2.951816 -1.211106 1.614173,
2.962399 -1.213246 1.614173,
2.973075 -1.214855 1.614173,
2.983818 -1.215930 1.614173,
2.994602 -1.216468 1.614173,
3.005398 -1.216468 1.614173,
3.016182 -1.215930 1.614173,
3.026925 -1.214855 1.614173,
3.037601 -1.213246 1.614173,
3.048184 -1.211106 1.614173,
3.058647 -1.208442 1.614173,
3.068964 -1.205260 1.614173,
3.079109 -1.201567 1.614173,
3.089058 -1.197373 1.614173,
3.098786 -1.192689 1.614173,
3.108268 -1.187525 1.614173,
3.117480 -1.181895 1.614173,
3.126401 -1.175813 1.614173,
3.135008 -1.169294 1.614173,
3.143278 -1.162354 1.614173,
3.151193 -1.155011 1.614173,
3.158732 -1.147281 1.614173,
3.165876 -1.139186 1.614173,
3.172607 -1.130745 1.614173,
3.178910 -1.121979 1.614173,
3.184768 -1.112909 1.614173,
3.190166 -1.103559 1.614173,
3.195092 -1.093951 1.614173,
3.199532 -1.084110 1.614173,
3.203477 -1.074059 1.614173,
3.206915 -1.063825 1.614173,
3.209840 -1.053432 1.614173,
3.212242 -1.042906 1.614173,
3.214117 -1.032273 1.614173,
3.215459 -1.021560 1.614173,
3.216266 -1.010793 1.614173,
3.216535 -0.000000 1.614173,
3.216266 0.010793 1.614173,
3.215459 0.021560 1.614173,
3.214117 0.032273 1.614173,
3.212242 0.042906 1.614173,
3.209840 0.053432 1.614173,
3.206915 0.063825 1.614173,
3.203477 0.074059 1.614173,
3.199532 0.084110 1.614173,
3.195092 0.093951 1.614173,
3.190166 0.103559 1.614173,
3.184768 0.112909 1.614173,
3.178910 0.121979 1.614173,
3.172607 0.130745 1.614173,
3.165876 0.139186 1.614173,
3.158732 0.147281 1.614173,
3.151193 0.155011 1.614173,
3.143278 0.162354 1.614173,
3.135008 0.169294 1.614173,
3.126401 0.175813 1.614173,
3.117480 0.181895 1.614173,
3.108268 0.187525 1.614173,
3.098786 0.192689 1.614173,
3.089058 0.197373 1.614173,
3.079109 0.201567 1.614173,
3.068964 0.205260 1.614173,
3.058647 0.208442 1.614173,
3.048184 0.211106 1.614173,
3.037601 0.213246 1.614173,
3.026925 0.214855 1.614173,
3.016182 0.215930 1.614173,
3.005398 0.216468 1.614173,
2.994602 0.216468 1.614173,
2.983818 0.215930 1.614173,
2.973075 0.214855 1.614173,
2.962399 0.213246 1.614173,
2.951816 0.211106 1.614173,
2.941353 0.208442 1.614173,
2.931036 0.205260 1.614173,
2.920891 0.201567 1.614173,
2.910942 0.197373 1.614173,
2.901214 0.192689 1.614173,
2.891732 0.187525 1.614173,
2.882520 0.181895 1.614173,
2.873599 0.175813 1.614173,
2.864992 0.169294 1.614173,
2.856722 0.162354 1.614173,
2.848807 0.155011 1.614173,
2.841268 0.147281 1.614173,
2.834124 0.139186 1.614173,
2.827393 0.130745 1.614173,
2.821090 0.121979 1.614173,
2.815232 0.112909 1.614173,
2.809834 0.103559 1.614173,
2.804908 0.093951 1.614173,
2.800468 0.084110 1.614173,
2.796523 0.074059 1.614173,
2.793085 0.063825 1.614173,
2.790160 0.053432 1.614173,
2.787758 0.042906 1.614173,
2.785883 0.032273 1.614173,
2.784541 0.021560 1.614173,
2.783734 0.010793 1.614173,
2.783465 -0.000000 1.614173,
2.783734 -0.010793 1.614173,
2.784541 -0.021560 1.614173,
2.785883 -0.032273 1.614173,
2.787758 -0.042906 1.614173,
2.790160 -0.053432 1.614173,
2.793085 -0.063825 1.614173,
2.796523 -0.074059 1.614173,
2.800468 -0.084110 1.614173,
2.804908 -0.093951 1.614173,
2.809834 -0.103559 1.614173,
2.815232 -0.112909 1.614173,
2.821090 -0.121979 1.614173,
2.827393 -0.130745 1.614173,
2.834124 -0.139186 1.614173,
2.841268 -0.147281 1.614173,
2.848807 -0.155011 1.614173,
2.856722 -0.162354 1.614173,
2.864992 -0.169294 1.614173,
2.873599 -0.175813 1.614173,
2.882520 -0.181895 1.614173,
2.891732 -0.187525 1.614173,
2.901214 -0.192689 1.614173,
2.910942 -0.197373 1.614173,
2.920891 -0.201567 1.614173,
2.931036 -0.205260 1.614173,
2.941353 -0.208442 1.614173,
2.951816 -0.211106 1.614173,
2.962399 -0.213246 1.614173,
2.973075 -0.214855 1.614173,
2.983818 -0.215930 1.614173,
2.994602 -0.216468 1.614173,
3.005398 -0.216468 1.614173,
3.016182 -0.215930 1.614173,
3.026925 -0.214855 1.614173,
3.037601 -0.213246 1.614173,
3.048184 -0.211106 1.614173,
3.058647 -0.208442 1.614173,
3.068964 -0.205260 1.614173,
3.079109 -0.201567 1.614173,
3.089058 -0.197373 1.614173,
3.098786 -0.192689 1.614173,
3.108268 -0.187525 1.614173,
3.117480 -0.181895 1.614173,
3.126401 -0.175813 1.614173,
3.135008 -0.169294 1.614173,
3.143278 -0.162354 1.614173,
3.151193 -0.155011 1.614173,
3.158732 -0.147281 1.614173,
3.165876 -0.139186 1.614173,
3.172607 -0.130745 1.614173,
3.178910 -0.121979 1.614173,
3.184768 -0.112909 1.614173,
3.190166 -0.103559 1.614173,
3.195092 -0.093951 1.614173,
3.199532 -0.084110 1.614173,
3.203477 -0.074059 1.614173,
3.206915 -0.063825 1.614173,
3.209840 -0.053432 1.614173,
3.212242 -0.042906 1.614173,
3.214117 -0.032273 1.614173,
3.215459 -0.021560 1.614173,
3.216266 -0.010793 1.614173 ] } coordIndex [ 0 1 2 -1,
2 1 3 -1,
4 5 0 -1,
0 5 1 -1,
6 1 7 -1,
8 7 1 -1,
9 1 6 -1,
10 8 1 -1,
11 1 9 -1,
12 10 1 -1,
13 1 11 -1,
14 12 1 -1,
15 1 13 -1,
16 14 1 -1,
17 1 15 -1,
18 16 1 -1,
19 1 17 -1,
20 18 1 -1,
21 1 19 -1,
22 20 1 -1,
23 1 21 -1,
24 22 1 -1,
25 1 23 -1,
26 24 1 -1,
27 1 25 -1,
28 26 1 -1,
29 1 27 -1,
30 28 1 -1,
31 1 29 -1,
32 30 1 -1,
33 1 31 -1,
34 32 1 -1,
35 1 33 -1,
36 34 1 -1,
37 1 35 -1,
38 36 1 -1,
39 1 37 -1,
40 38 1 -1,
41 1 39 -1,
42 40 1 -1,
43 1 41 -1,
44 42 1 -1,
45 1 43 -1,
46 44 1 -1,
47 1 45 -1,
48 46 1 -1,
49 1 47 -1,
50 48 1 -1,
51 50 1 -1,
52 53 54 -1,
52 55 53 -1,
52 56 55 -1,
52 57 56 -1,
52 58 57 -1,
52 59 58 -1,
52 60 59 -1,
52 61 60 -1,
52 62 61 -1,
52 63 62 -1,
52 64 63 -1,
52 65 66 -1,
52 67 64 -1,
52 68 65 -1,
52 69 67 -1,
52 70 68 -1,
52 71 69 -1,
52 72 70 -1,
52 73 71 -1,
52 74 72 -1,
52 75 73 -1,
52 76 74 -1,
52 77 75 -1,
52 78 76 -1,
52 79 77 -1,
52 80 78 -1,
52 81 79 -1,
52 82 80 -1,
52 83 82 -1,
52 84 83 -1,
52 85 84 -1,
52 86 85 -1,
52 54 86 -1,
87 88 89 -1,
87 90 88 -1,
91 89 88 -1,
91 88 92 -1,
93 94 90 -1,
93 90 87 -1,
95 92 96 -1,
95 91 92 -1,
97 98 94 -1,
97 94 93 -1,
99 96 100 -1,
99 95 96 -1,
101 102 98 -1,
101 98 97 -1,
103 99 100 -1,
103 100 104 -1,
105 102 101 -1,
105 106 102 -1,
107 104 108 -1,
107 103 104 -1,
109 106 105 -1,
109 110 106 -1,
111 107 108 -1,
111 108 112 -1,
113 110 109 -1,
113 114 110 -1,
115 111 112 -1,
115 112 116 -1,
117 118 114 -1,
117 114 113 -1,
119 116 120 -1,
119 115 116 -1,
121 122 118 -1,
121 118 117 -1,
123 120 124 -1,
123 119 120 -1,
125 122 121 -1,
125 49 122 -1,
125 1 49 -1,
126 124 127 -1,
126 123 124 -1,
128 1 125 -1,
129 127 130 -1,
129 126 127 -1,
131 1 128 -1,
132 133 134 -1,
132 130 133 -1,
132 129 130 -1,
135 1 131 -1,
136 132 134 -1,
137 1 135 -1,
138 134 139 -1,
138 136 134 -1,
140 1 137 -1,
141 139 142 -1,
141 138 139 -1,
143 1 140 -1,
144 141 142 -1,
144 142 145 -1,
146 1 143 -1,
147 144 145 -1,
147 145 148 -1,
149 150 151 -1,
149 148 150 -1,
149 147 148 -1,
152 149 151 -1,
152 151 153 -1,
154 152 153 -1,
155 153 156 -1,
155 154 153 -1,
157 158 159 -1,
157 156 158 -1,
157 155 156 -1,
160 157 159 -1,
160 159 161 -1,
162 160 161 -1,
162 161 163 -1,
164 163 165 -1,
164 162 163 -1,
166 165 167 -1,
166 164 165 -1,
168 166 167 -1,
169 167 81 -1,
169 81 52 -1,
169 168 167 -1,
170 169 52 -1,
171 170 52 -1,
172 171 52 -1,
173 172 52 -1,
174 173 52 -1,
175 174 52 -1,
176 175 52 -1,
177 176 52 -1,
178 177 52 -1,
179 178 52 -1,
180 179 52 -1,
181 180 52 -1,
182 181 52 -1,
183 182 52 -1,
184 183 52 -1,
185 184 52 -1,
186 185 52 -1,
187 188 189 -1,
187 190 188 -1,
191 189 188 -1,
191 188 192 -1,
193 190 187 -1,
193 194 190 -1,
195 192 196 -1,
195 191 192 -1,
197 194 193 -1,
197 198 194 -1,
199 196 200 -1,
199 195 196 -1,
201 198 197 -1,
201 202 198 -1,
203 200 204 -1,
203 199 200 -1,
205 202 201 -1,
205 206 202 -1,
207 204 208 -1,
207 203 204 -1,
209 206 205 -1,
209 210 206 -1,
209 211 210 -1,
212 208 213 -1,
212 207 208 -1,
214 211 209 -1,
215 212 213 -1,
215 216 217 -1,
215 213 216 -1,
218 211 214 -1,
218 219 211 -1,
218 220 219 -1,
221 215 217 -1,
222 220 218 -1,
223 221 217 -1,
223 217 224 -1,
225 220 222 -1,
225 226 220 -1,
227 223 224 -1,
227 224 228 -1,
229 226 225 -1,
229 230 226 -1,
231 227 228 -1,
231 228 232 -1,
233 230 229 -1,
233 234 230 -1,
235 232 236 -1,
235 231 232 -1,
237 234 233 -1,
237 238 234 -1,
237 239 238 -1,
240 235 236 -1,
240 236 241 -1,
242 239 237 -1,
243 241 244 -1,
243 240 241 -1,
245 244 246 -1,
245 243 244 -1,
247 245 246 -1,
247 246 248 -1,
249 247 248 -1,
249 248 250 -1,
251 250 252 -1,
251 249 250 -1,
253 251 252 -1,
253 254 255 -1,
253 252 254 -1,
256 253 255 -1,
257 255 258 -1,
257 256 255 -1,
259 257 258 -1,
259 258 260 -1,
261 262 263 -1,
261 260 262 -1,
261 259 260 -1,
264 261 263 -1,
265 266 267 -1,
265 263 266 -1,
265 264 263 -1,
268 267 269 -1,
268 265 267 -1,
270 268 269 -1,
270 269 271 -1,
272 270 271 -1,
273 272 271 -1,
273 271 274 -1,
275 273 274 -1,
275 276 277 -1,
275 274 276 -1,
278 275 277 -1,
279 278 277 -1,
279 277 280 -1,
281 279 280 -1,
281 280 282 -1,
283 284 285 -1,
283 282 284 -1,
283 281 282 -1,
286 283 285 -1,
287 286 285 -1,
287 288 289 -1,
287 285 288 -1,
290 287 289 -1,
291 289 292 -1,
291 290 289 -1,
293 294 295 -1,
293 292 294 -1,
293 291 292 -1,
296 295 297 -1,
296 293 295 -1,
298 296 297 -1,
299 300 301 -1,
302 303 304 -1,
302 305 303 -1,
302 304 306 -1,
307 308 300 -1,
307 300 299 -1,
309 299 301 -1,
310 304 311 -1,
310 306 304 -1,
312 305 302 -1,
313 66 308 -1,
313 52 66 -1,
313 308 307 -1,
313 314 52 -1,
315 301 316 -1,
315 309 301 -1,
317 311 318 -1,
317 310 311 -1,
319 314 313 -1,
320 321 305 -1,
320 305 312 -1,
322 323 324 -1,
322 316 323 -1,
322 315 316 -1,
325 318 326 -1,
325 317 318 -1,
327 314 319 -1,
328 329 321 -1,
328 330 329 -1,
328 321 320 -1,
331 322 324 -1,
332 326 333 -1,
332 325 326 -1,
334 330 328 -1,
335 314 327 -1,
336 332 333 -1,
336 333 337 -1,
338 331 324 -1,
338 324 339 -1,
340 330 334 -1,
340 341 330 -1,
342 314 335 -1,
343 336 337 -1,
343 337 344 -1,
345 346 347 -1,
345 339 346 -1,
345 338 339 -1,
348 314 342 -1,
349 341 340 -1,
349 350 341 -1,
349 351 350 -1,
352 343 344 -1,
352 344 353 -1,
354 345 347 -1,
355 314 348 -1,
356 357 351 -1,
356 351 349 -1,
358 347 51 -1,
358 354 347 -1,
359 352 353 -1,
359 353 360 -1,
361 314 355 -1,
362 357 356 -1,
363 359 360 -1,
363 360 364 -1,
365 314 361 -1,
366 357 362 -1,
366 367 357 -1,
368 363 364 -1,
368 364 369 -1,
370 314 365 -1,
371 369 372 -1,
371 368 369 -1,
373 314 370 -1,
374 372 375 -1,
374 371 372 -1,
376 314 373 -1,
377 375 378 -1,
377 374 375 -1,
379 314 376 -1,
380 378 381 -1,
380 377 378 -1,
382 314 379 -1,
383 381 384 -1,
383 380 381 -1,
385 314 382 -1,
386 387 388 -1,
386 384 387 -1,
386 383 384 -1,
389 314 385 -1,
390 386 388 -1,
391 314 389 -1,
392 388 393 -1,
392 390 388 -1,
394 314 391 -1,
395 392 393 -1,
395 393 396 -1,
397 314 394 -1,
398 395 396 -1,
398 396 399 -1,
400 314 397 -1,
401 398 399 -1,
401 399 402 -1,
403 314 400 -1,
404 402 405 -1,
404 401 402 -1,
406 314 403 -1,
407 408 409 -1,
407 405 408 -1,
407 404 405 -1,
410 314 406 -1,
411 407 409 -1,
412 314 410 -1,
413 414 415 -1,
413 409 414 -1,
413 411 409 -1,
416 314 412 -1,
417 415 418 -1,
417 413 415 -1,
419 314 416 -1,
420 417 418 -1,
420 418 421 -1,
422 314 419 -1,
423 420 421 -1,
424 314 422 -1,
425 314 424 -1,
426 314 425 -1,
3 366 427 -1,
3 367 366 -1,
3 428 367 -1,
3 429 428 -1,
3 430 429 -1,
3 431 430 -1,
3 432 431 -1,
3 433 432 -1,
3 434 433 -1,
3 435 436 -1,
3 437 435 -1,
3 438 437 -1,
3 439 438 -1,
3 440 439 -1,
3 441 440 -1,
3 442 441 -1,
3 443 442 -1,
3 444 443 -1,
3 445 444 -1,
3 446 445 -1,
3 447 446 -1,
3 448 447 -1,
3 449 448 -1,
3 450 449 -1,
3 451 450 -1,
3 452 451 -1,
3 453 452 -1,
3 454 453 -1,
3 427 454 -1,
5 51 1 -1,
5 358 51 -1,
5 455 358 -1,
5 456 455 -1,
5 457 456 -1,
5 458 457 -1,
5 459 458 -1,
5 460 459 -1,
5 461 460 -1,
5 462 461 -1,
5 463 462 -1,
5 464 463 -1,
5 465 464 -1,
5 466 465 -1,
5 467 466 -1,
5 468 467 -1,
5 469 468 -1,
5 470 469 -1,
5 471 470 -1,
5 472 471 -1,
5 473 472 -1,
5 474 473 -1,
5 475 474 -1,
5 476 475 -1,
5 477 476 -1,
478 314 426 -1,
479 3 436 -1,
480 477 5 -1,
481 314 478 -1,
482 3 479 -1,
483 480 5 -1,
484 314 481 -1,
485 3 482 -1,
486 483 5 -1,
487 314 484 -1,
488 3 485 -1,
489 486 5 -1,
490 3 488 -1,
491 489 5 -1,
492 3 490 -1,
493 491 5 -1,
494 3 492 -1,
495 493 5 -1,
496 3 494 -1,
497 495 5 -1,
498 3 496 -1,
499 497 5 -1,
500 3 498 -1,
501 499 5 -1,
502 3 500 -1,
503 501 5 -1,
504 3 502 -1,
505 503 5 -1,
506 3 504 -1,
507 505 5 -1,
508 3 506 -1,
509 507 5 -1,
510 3 508 -1,
511 509 5 -1,
512 3 510 -1,
513 511 5 -1,
514 3 512 -1,
515 513 5 -1,
516 3 514 -1,
517 515 5 -1,
518 3 516 -1,
519 517 5 -1,
520 3 518 -1,
521 519 5 -1,
522 3 520 -1,
523 521 5 -1,
524 3 522 -1,
525 523 5 -1,
526 3 524 -1,
527 528 529 -1,
527 530 528 -1,
527 531 530 -1,
527 532 531 -1,
527 533 532 -1,
527 534 533 -1,
527 535 534 -1,
527 536 535 -1,
527 537 536 -1,
527 538 537 -1,
527 539 538 -1,
527 540 539 -1,
527 541 540 -1,
527 542 541 -1,
527 543 542 -1,
527 544 543 -1,
527 421 544 -1,
527 545 546 -1,
527 547 545 -1,
527 548 547 -1,
527 549 548 -1,
527 550 549 -1,
527 551 550 -1,
527 552 423 -1,
527 553 551 -1,
527 554 552 -1,
527 555 553 -1,
527 556 554 -1,
527 557 555 -1,
527 558 556 -1,
527 559 557 -1,
527 560 558 -1,
527 561 559 -1,
527 562 560 -1,
527 563 561 -1,
527 564 562 -1,
527 565 563 -1,
527 566 564 -1,
527 567 565 -1,
527 568 566 -1,
527 569 568 -1,
527 570 569 -1,
527 571 570 -1,
527 572 571 -1,
527 573 572 -1,
527 574 573 -1,
527 575 574 -1,
527 423 421 -1,
527 576 575 -1,
527 577 576 -1,
527 546 577 -1,
578 314 579 -1,
580 579 314 -1,
581 314 578 -1,
582 580 314 -1,
583 314 581 -1,
584 582 314 -1,
584 314 487 -1,
585 314 583 -1,
586 584 487 -1,
586 587 588 -1,
586 487 587 -1,
589 314 585 -1,
590 586 588 -1,
590 588 591 -1,
592 314 589 -1,
593 590 591 -1,
594 314 592 -1,
595 591 596 -1,
595 593 591 -1,
597 314 594 -1,
598 595 596 -1,
598 596 599 -1,
600 314 597 -1,
601 598 599 -1,
601 599 602 -1,
603 314 600 -1,
604 601 602 -1,
604 602 605 -1,
606 314 603 -1,
607 604 605 -1,
607 605 608 -1,
609 314 606 -1,
610 607 608 -1,
610 608 611 -1,
612 314 609 -1,
613 610 611 -1,
613 611 614 -1,
615 314 612 -1,
616 613 614 -1,
616 614 617 -1,
618 616 617 -1,
618 617 619 -1,
620 618 619 -1,
620 619 621 -1,
622 620 621 -1,
622 621 623 -1,
624 622 623 -1,
624 623 625 -1,
626 624 625 -1,
626 625 627 -1,
628 626 627 -1,
628 629 630 -1,
628 627 629 -1,
631 628 630 -1,
631 630 632 -1,
633 631 632 -1,
634 635 636 -1,
634 632 635 -1,
634 633 632 -1,
637 634 636 -1,
638 636 639 -1,
638 637 636 -1,
640 638 639 -1,
640 641 642 -1,
640 639 641 -1,
643 640 642 -1,
643 642 644 -1,
645 643 644 -1,
646 645 644 -1,
646 644 647 -1,
648 647 649 -1,
648 646 647 -1,
650 648 649 -1,
650 649 651 -1,
652 651 653 -1,
652 650 651 -1,
654 652 653 -1,
654 653 655 -1,
656 654 655 -1,
656 655 657 -1,
658 656 657 -1,
658 657 659 -1,
660 658 659 -1,
660 661 662 -1,
660 659 661 -1,
663 660 662 -1,
664 665 666 -1,
664 662 665 -1,
664 663 662 -1,
667 664 666 -1,
668 667 666 -1,
668 669 525 -1,
668 666 669 -1,
670 668 525 -1,
670 525 5 -1,
671 670 5 -1,
672 671 5 -1,
673 672 5 -1,
674 673 5 -1,
675 674 5 -1,
676 675 5 -1,
677 676 5 -1,
678 679 680 -1,
678 680 681 -1,
682 680 683 -1,
682 681 680 -1,
684 679 678 -1,
684 685 679 -1,
684 686 685 -1,
687 683 688 -1,
687 682 683 -1,
689 686 684 -1,
690 688 691 -1,
690 687 688 -1,
692 686 689 -1,
692 693 686 -1,
694 690 691 -1,
694 695 696 -1,
694 691 695 -1,
697 698 693 -1,
697 699 698 -1,
697 693 692 -1,
700 694 696 -1,
700 696 701 -1,
702 699 697 -1,
703 700 701 -1,
704 705 699 -1,
704 699 702 -1,
706 703 701 -1,
706 701 707 -1,
708 705 704 -1,
708 709 705 -1,
708 710 709 -1,
711 707 712 -1,
711 706 707 -1,
713 714 710 -1,
713 710 708 -1,
715 716 717 -1,
715 712 716 -1,
715 711 712 -1,
718 714 713 -1,
719 715 717 -1,
720 717 721 -1,
720 719 717 -1,
722 721 723 -1,
722 720 721 -1,
724 723 725 -1,
724 722 723 -1,
726 725 727 -1,
726 724 725 -1,
728 727 729 -1,
728 726 727 -1,
730 729 731 -1,
730 728 729 -1,
732 731 733 -1,
732 730 731 -1,
734 733 735 -1,
734 732 733 -1,
736 737 738 -1,
736 735 737 -1,
736 734 735 -1,
739 736 738 -1,
740 741 742 -1,
740 738 741 -1,
740 739 738 -1,
743 740 742 -1,
744 745 746 -1,
744 742 745 -1,
744 743 742 -1,
747 746 748 -1,
747 744 746 -1,
749 748 750 -1,
749 747 748 -1,
751 749 750 -1,
752 750 753 -1,
752 751 750 -1,
754 753 755 -1,
754 752 753 -1,
756 757 758 -1,
756 755 757 -1,
756 754 755 -1,
759 756 758 -1,
760 759 758 -1,
760 758 761 -1,
762 760 761 -1,
762 763 764 -1,
762 761 763 -1,
765 762 764 -1,
765 764 766 -1,
767 765 766 -1,
767 766 768 -1,
769 767 768 -1,
769 768 770 -1,
771 769 770 -1,
772 771 770 -1,
772 773 774 -1,
772 770 773 -1,
775 772 774 -1,
776 775 774 -1,
776 774 777 -1,
778 776 777 -1,
778 779 780 -1,
778 777 779 -1,
781 778 780 -1,
782 781 780 -1,
782 780 783 -1,
784 785 786 -1,
784 783 785 -1,
784 782 783 -1,
787 784 786 -1,
788 786 789 -1,
788 787 786 -1,
790 791 792 -1,
790 793 791 -1,
790 794 793 -1,
790 795 794 -1,
790 796 795 -1,
790 797 796 -1,
790 798 797 -1,
790 799 798 -1,
790 800 799 -1,
790 801 800 -1,
790 802 801 -1,
790 803 802 -1,
790 804 803 -1,
790 805 804 -1,
790 806 805 -1,
790 807 806 -1,
790 808 807 -1,
790 567 527 -1,
809 790 810 -1,
811 810 790 -1,
812 790 809 -1,
813 811 790 -1,
814 790 812 -1,
815 813 790 -1,
815 790 792 -1,
816 790 814 -1,
817 792 818 -1,
817 815 792 -1,
817 818 819 -1,
820 790 816 -1,
821 817 819 -1,
821 819 822 -1,
823 790 820 -1,
824 821 822 -1,
825 790 823 -1,
826 822 827 -1,
826 824 822 -1,
828 790 825 -1,
829 826 827 -1,
829 830 831 -1,
829 827 830 -1,
832 790 828 -1,
833 829 831 -1,
834 790 832 -1,
835 836 837 -1,
835 831 836 -1,
835 833 831 -1,
838 790 834 -1,
839 835 837 -1,
840 790 838 -1,
841 839 837 -1,
841 842 843 -1,
841 837 842 -1,
844 790 840 -1,
845 841 843 -1,
846 790 844 -1,
847 845 843 -1,
847 843 848 -1,
849 790 846 -1,
850 847 848 -1,
850 848 851 -1,
852 790 849 -1,
853 850 851 -1,
853 851 854 -1,
855 790 852 -1,
856 853 854 -1,
856 854 857 -1,
858 790 855 -1,
859 856 857 -1,
859 857 860 -1,
861 790 858 -1,
862 859 860 -1,
862 860 863 -1,
864 790 861 -1,
865 862 863 -1,
865 866 867 -1,
865 863 866 -1,
868 790 864 -1,
869 865 867 -1,
870 790 868 -1,
871 872 873 -1,
871 867 872 -1,
871 869 867 -1,
874 790 870 -1,
875 871 873 -1,
876 790 874 -1,
877 878 879 -1,
877 873 878 -1,
877 875 873 -1,
880 790 876 -1,
881 877 879 -1,
882 790 880 -1,
883 881 879 -1,
883 884 885 -1,
883 879 884 -1,
886 790 882 -1,
887 883 885 -1,
888 790 886 -1,
889 885 890 -1,
889 887 885 -1,
891 790 888 -1,
892 890 893 -1,
892 889 890 -1,
894 567 790 -1,
894 790 891 -1,
895 893 896 -1,
895 892 893 -1,
897 898 567 -1,
897 899 898 -1,
897 567 894 -1,
900 896 901 -1,
900 895 896 -1,
902 899 897 -1,
903 901 904 -1,
903 900 901 -1,
905 906 899 -1,
905 899 902 -1,
907 903 904 -1,
907 904 908 -1,
909 910 906 -1,
909 906 905 -1,
911 907 908 -1,
911 908 912 -1,
913 910 909 -1,
913 914 910 -1,
915 911 912 -1,
915 912 916 -1,
917 915 916 -1,
917 918 919 -1,
917 916 918 -1,
920 917 919 -1,
921 922 923 -1,
921 919 922 -1,
921 920 919 -1,
924 921 923 -1,
924 923 925 -1,
926 924 925 -1,
926 925 927 -1,
928 926 927 -1,
929 930 931 -1,
929 932 928 -1,
929 933 930 -1,
929 934 932 -1,
929 935 933 -1,
929 936 934 -1,
929 937 935 -1,
929 938 936 -1,
929 939 937 -1,
929 940 938 -1,
929 941 939 -1,
929 942 940 -1,
929 943 941 -1,
929 944 943 -1,
929 945 944 -1,
929 946 945 -1,
929 947 946 -1,
929 948 947 -1,
929 949 948 -1,
929 950 949 -1,
929 951 950 -1,
929 952 951 -1,
929 953 952 -1,
929 954 953 -1,
929 955 954 -1,
929 956 955 -1,
929 928 927 -1,
929 957 958 -1,
929 959 957 -1,
929 960 959 -1,
929 961 960 -1,
929 962 961 -1,
929 927 962 -1,
929 958 963 -1,
929 964 942 -1,
929 965 964 -1,
929 966 965 -1,
929 967 966 -1,
929 968 967 -1,
929 969 968 -1,
929 970 969 -1,
929 971 970 -1,
929 972 971 -1,
929 973 972 -1,
929 974 973 -1,
929 975 974 -1,
929 976 975 -1,
929 977 976 -1,
929 978 977 -1,
929 979 978 -1,
929 980 979 -1,
929 931 980 -1,
3 1 146 -1,
3 146 239 -1,
3 239 242 -1,
3 242 434 -1,
5 929 963 -1,
5 963 788 -1,
5 788 789 -1,
5 789 677 -1,
929 3 526 -1,
929 526 981 -1,
929 981 982 -1,
929 982 983 -1,
929 983 984 -1,
929 984 985 -1,
929 985 914 -1,
929 914 956 -1,
956 914 986 -1,
986 914 987 -1,
987 914 988 -1,
988 914 989 -1,
989 914 990 -1,
990 914 913 -1,
52 527 991 -1,
991 527 992 -1,
992 527 529 -1,
52 991 993 -1,
52 993 994 -1,
52 994 995 -1,
52 995 996 -1,
52 996 997 -1,
52 997 298 -1,
52 298 998 -1,
998 298 999 -1,
999 298 1000 -1,
1000 298 1001 -1,
1001 298 297 -1,
52 998 1002 -1,
52 1002 1003 -1,
52 1003 1004 -1,
52 1004 186 -1,
790 314 1005 -1,
1005 314 1006 -1,
1006 314 615 -1,
790 1005 1007 -1,
790 1007 1008 -1,
790 1008 1009 -1,
790 1009 1010 -1,
790 1010 1011 -1,
790 1011 714 -1,
790 714 1012 -1,
1012 714 1013 -1,
1013 714 1014 -1,
1014 714 1015 -1,
1015 714 718 -1,
790 1012 1016 -1,
790 1016 1017 -1,
790 1017 1018 -1,
790 1018 808 -1,
929 1019 2 -1,
929 2 3 -1,
1020 1021 0 -1,
1021 4 0 -1,
2 1022 0 -1,
0 1022 1020 -1,
1023 1019 1021 -1,
1021 1019 4 -1,
2 1019 1022 -1,
1022 1019 1023 -1,
5 4 1019 -1,
5 1019 929 -1,
54 53 1024 -1,
1024 53 1025 -1,
1025 55 1026 -1,
53 55 1025 -1,
1026 56 1027 -1,
55 56 1026 -1,
1027 57 1028 -1,
56 57 1027 -1,
1028 58 1029 -1,
1029 58 1030 -1,
57 58 1028 -1,
1030 59 1031 -1,
58 59 1030 -1,
59 60 1031 -1,
1031 61 1032 -1,
60 61 1031 -1,
1032 62 1033 -1,
61 62 1032 -1,
1033 63 1034 -1,
62 63 1033 -1,
63 64 1034 -1,
1034 64 1035 -1,
64 67 1035 -1,
1035 67 1036 -1,
67 69 1036 -1,
1036 69 1037 -1,
69 71 1037 -1,
1037 71 1038 -1,
71 73 1038 -1,
1038 73 1039 -1,
73 75 1039 -1,
1039 75 1040 -1,
75 77 1040 -1,
1040 77 1041 -1,
77 79 1041 -1,
1041 79 1042 -1,
79 81 1042 -1,
1042 81 1043 -1,
81 167 1043 -1,
1043 167 1044 -1,
1044 167 1045 -1,
167 165 1045 -1,
165 163 1045 -1,
1045 163 1046 -1,
1046 161 1047 -1,
163 161 1046 -1,
1047 159 1048 -1,
161 159 1047 -1,
1048 159 1049 -1,
159 158 1049 -1,
1049 156 1050 -1,
158 156 1049 -1,
1050 153 1051 -1,
156 153 1050 -1,
1051 151 1052 -1,
153 151 1051 -1,
1052 150 1053 -1,
151 150 1052 -1,
1053 148 1054 -1,
1054 148 1055 -1,
150 148 1053 -1,
148 145 1055 -1,
1055 142 1056 -1,
1056 142 1057 -1,
145 142 1055 -1,
142 139 1057 -1,
1057 134 1058 -1,
139 134 1057 -1,
1058 133 1059 -1,
134 133 1058 -1,
1059 130 1060 -1,
133 130 1059 -1,
130 127 1060 -1,
1060 127 1061 -1,
127 124 1061 -1,
1061 124 1062 -1,
124 120 1062 -1,
1062 120 1063 -1,
1063 120 1064 -1,
120 116 1064 -1,
116 112 1064 -1,
1064 112 1065 -1,
112 108 1065 -1,
1065 108 1066 -1,
108 104 1066 -1,
1066 104 1067 -1,
1067 104 1068 -1,
104 100 1068 -1,
100 96 1068 -1,
1068 96 1069 -1,
96 92 1069 -1,
1069 92 1070 -1,
92 88 1070 -1,
1070 88 1071 -1,
88 90 1071 -1,
1071 90 1072 -1,
90 94 1072 -1,
1072 94 1073 -1,
94 98 1073 -1,
1073 98 1074 -1,
98 102 1074 -1,
1074 102 1075 -1,
102 106 1075 -1,
1075 106 1076 -1,
1076 106 1077 -1,
106 110 1077 -1,
110 114 1077 -1,
1077 114 1078 -1,
114 118 1078 -1,
1078 118 1079 -1,
1079 118 1080 -1,
118 122 1080 -1,
122 49 1080 -1,
1080 49 1081 -1,
1081 47 1082 -1,
49 47 1081 -1,
1082 45 1083 -1,
47 45 1082 -1,
1083 43 1084 -1,
45 43 1083 -1,
1084 41 1085 -1,
43 41 1084 -1,
41 39 1085 -1,
1085 39 1086 -1,
39 37 1086 -1,
1086 37 1087 -1,
37 35 1087 -1,
1087 35 1088 -1,
35 33 1088 -1,
1088 33 1089 -1,
33 31 1089 -1,
1089 31 1090 -1,
31 29 1090 -1,
1090 29 1091 -1,
29 27 1091 -1,
1091 27 1092 -1,
27 25 1092 -1,
1092 25 1093 -1,
25 23 1093 -1,
1093 23 1094 -1,
23 21 1094 -1,
1094 21 1095 -1,
21 19 1095 -1,
1095 19 1096 -1,
19 17 1096 -1,
1096 17 1097 -1,
1097 17 1098 -1,
17 15 1098 -1,
1098 13 1099 -1,
15 13 1098 -1,
1099 11 1100 -1,
13 11 1099 -1,
1100 9 1101 -1,
1101 9 1102 -1,
11 9 1100 -1,
9 6 1102 -1,
1102 7 1103 -1,
6 7 1102 -1,
1103 8 1104 -1,
1104 8 1105 -1,
7 8 1103 -1,
8 10 1105 -1,
1105 12 1106 -1,
10 12 1105 -1,
1106 14 1107 -1,
1107 14 1108 -1,
12 14 1106 -1,
14 16 1108 -1,
1108 18 1109 -1,
16 18 1108 -1,
1109 20 1110 -1,
18 20 1109 -1,
1110 22 1111 -1,
20 22 1110 -1,
22 24 1111 -1,
1111 24 1112 -1,
24 26 1112 -1,
1112 26 1113 -1,
26 28 1113 -1,
1113 28 1114 -1,
28 30 1114 -1,
1114 30 1115 -1,
1115 32 1116 -1,
30 32 1115 -1,
1116 34 1117 -1,
32 34 1116 -1,
1117 36 1118 -1,
34 36 1117 -1,
1118 38 1119 -1,
36 38 1118 -1,
1119 40 1120 -1,
1120 40 1121 -1,
38 40 1119 -1,
40 42 1121 -1,
1121 44 1122 -1,
1122 44 1123 -1,
42 44 1121 -1,
44 46 1123 -1,
1123 48 1124 -1,
46 48 1123 -1,
1124 50 1125 -1,
48 50 1124 -1,
1125 51 1126 -1,
50 51 1125 -1,
1126 347 1127 -1,
1127 347 1128 -1,
51 347 1126 -1,
347 346 1128 -1,
1128 339 1129 -1,
346 339 1128 -1,
1129 324 1130 -1,
1130 324 1131 -1,
339 324 1129 -1,
324 323 1131 -1,
1131 316 1132 -1,
1132 316 1133 -1,
323 316 1131 -1,
316 301 1133 -1,
1133 300 1134 -1,
301 300 1133 -1,
1134 308 1135 -1,
300 308 1134 -1,
308 66 1135 -1,
1135 66 1136 -1,
66 65 1136 -1,
1136 65 1137 -1,
65 68 1137 -1,
1137 68 1138 -1,
68 70 1138 -1,
1138 70 1139 -1,
70 72 1139 -1,
1139 72 1140 -1,
72 74 1140 -1,
1140 74 1141 -1,
74 76 1141 -1,
1141 76 1142 -1,
1142 76 1143 -1,
76 78 1143 -1,
78 80 1143 -1,
1143 80 1144 -1,
1144 80 1145 -1,
80 82 1145 -1,
82 83 1145 -1,
1145 83 1146 -1,
83 84 1146 -1,
1146 84 1147 -1,
1147 84 1148 -1,
84 85 1148 -1,
1148 86 1149 -1,
85 86 1148 -1,
1149 54 1024 -1,
86 54 1149 -1,
1003 1002 1150 -1,
1150 1002 1151 -1,
1151 998 1152 -1,
1002 998 1151 -1,
1152 999 1153 -1,
998 999 1152 -1,
1153 1000 1154 -1,
999 1000 1153 -1,
1154 1001 1155 -1,
1155 1001 1156 -1,
1000 1001 1154 -1,
1156 297 1157 -1,
1001 297 1156 -1,
297 295 1157 -1,
1157 294 1158 -1,
295 294 1157 -1,
1158 292 1159 -1,
294 292 1158 -1,
1159 289 1160 -1,
292 289 1159 -1,
289 288 1160 -1,
1160 288 1161 -1,
288 285 1161 -1,
1161 285 1162 -1,
285 284 1162 -1,
1162 284 1163 -1,
284 282 1163 -1,
1163 282 1164 -1,
282 280 1164 -1,
1164 280 1165 -1,
280 277 1165 -1,
1165 277 1166 -1,
277 276 1166 -1,
1166 276 1167 -1,
276 274 1167 -1,
1167 274 1168 -1,
274 271 1168 -1,
1168 271 1169 -1,
271 269 1169 -1,
1169 269 1170 -1,
1170 269 1171 -1,
269 267 1171 -1,
267 266 1171 -1,
1171 266 1172 -1,
1172 263 1173 -1,
266 263 1172 -1,
1173 262 1174 -1,
263 262 1173 -1,
1174 262 1175 -1,
262 260 1175 -1,
1175 258 1176 -1,
260 258 1175 -1,
1176 255 1177 -1,
258 255 1176 -1,
1177 254 1178 -1,
255 254 1177 -1,
1178 252 1179 -1,
254 252 1178 -1,
1179 250 1180 -1,
1180 250 1181 -1,
252 250 1179 -1,
250 248 1181 -1,
1181 246 1182 -1,
1182 246 1183 -1,
248 246 1181 -1,
246 244 1183 -1,
1183 241 1184 -1,
244 241 1183 -1,
1184 236 1185 -1,
241 236 1184 -1,
1185 232 1186 -1,
236 232 1185 -1,
232 228 1186 -1,
1186 228 1187 -1,
228 224 1187 -1,
1187 224 1188 -1,
224 217 1188 -1,
1188 217 1189 -1,
1189 217 1190 -1,
217 216 1190 -1,
216 213 1190 -1,
1190 213 1191 -1,
213 208 1191 -1,
1191 208 1192 -1,
208 204 1192 -1,
1192 204 1193 -1,
1193 204 1194 -1,
204 200 1194 -1,
200 196 1194 -1,
1194 196 1195 -1,
196 192 1195 -1,
1195 192 1196 -1,
192 188 1196 -1,
1196 188 1197 -1,
188 190 1197 -1,
1197 190 1198 -1,
190 194 1198 -1,
1198 194 1199 -1,
194 198 1199 -1,
1199 198 1200 -1,
198 202 1200 -1,
1200 202 1201 -1,
202 206 1201 -1,
1201 206 1202 -1,
1202 206 1203 -1,
206 210 1203 -1,
210 211 1203 -1,
1203 211 1204 -1,
211 219 1204 -1,
1204 219 1205 -1,
1205 219 1206 -1,
219 220 1206 -1,
220 226 1206 -1,
1206 226 1207 -1,
1207 230 1208 -1,
226 230 1207 -1,
1208 234 1209 -1,
230 234 1208 -1,
1209 238 1210 -1,
234 238 1209 -1,
1210 239 1211 -1,
238 239 1210 -1,
239 146 1211 -1,
1211 146 1212 -1,
146 143 1212 -1,
1212 143 1213 -1,
143 140 1213 -1,
1213 140 1214 -1,
140 137 1214 -1,
1214 137 1215 -1,
137 135 1215 -1,
1215 135 1216 -1,
135 131 1216 -1,
1216 131 1217 -1,
131 128 1217 -1,
1217 128 1218 -1,
128 125 1218 -1,
1218 125 1219 -1,
125 121 1219 -1,
1219 121 1220 -1,
121 117 1220 -1,
1220 117 1221 -1,
117 113 1221 -1,
1221 113 1222 -1,
113 109 1222 -1,
1222 109 1223 -1,
1223 109 1224 -1,
109 105 1224 -1,
1224 101 1225 -1,
105 101 1224 -1,
1225 97 1226 -1,
101 97 1225 -1,
1226 93 1227 -1,
1227 93 1228 -1,
97 93 1226 -1,
93 87 1228 -1,
1228 89 1229 -1,
87 89 1228 -1,
1229 91 1230 -1,
1230 91 1231 -1,
89 91 1229 -1,
91 95 1231 -1,
1231 99 1232 -1,
95 99 1231 -1,
1232 103 1233 -1,
1233 103 1234 -1,
99 103 1232 -1,
103 107 1234 -1,
1234 111 1235 -1,
107 111 1234 -1,
1235 115 1236 -1,
111 115 1235 -1,
1236 119 1237 -1,
115 119 1236 -1,
119 123 1237 -1,
1237 123 1238 -1,
123 126 1238 -1,
1238 126 1239 -1,
126 129 1239 -1,
1239 129 1240 -1,
129 132 1240 -1,
1240 132 1241 -1,
1241 136 1242 -1,
132 136 1241 -1,
1242 138 1243 -1,
136 138 1242 -1,
1243 141 1244 -1,
138 141 1243 -1,
1244 144 1245 -1,
141 144 1244 -1,
1245 147 1246 -1,
1246 147 1247 -1,
144 147 1245 -1,
147 149 1247 -1,
1247 152 1248 -1,
1248 152 1249 -1,
149 152 1247 -1,
152 154 1249 -1,
1249 155 1250 -1,
154 155 1249 -1,
1250 157 1251 -1,
155 157 1250 -1,
1251 160 1252 -1,
157 160 1251 -1,
1252 162 1253 -1,
1253 162 1254 -1,
160 162 1252 -1,
162 164 1254 -1,
1254 166 1255 -1,
164 166 1254 -1,
1255 168 1256 -1,
1256 168 1257 -1,
166 168 1255 -1,
168 169 1257 -1,
1257 170 1258 -1,
1258 170 1259 -1,
169 170 1257 -1,
170 171 1259 -1,
1259 172 1260 -1,
171 172 1259 -1,
1260 173 1261 -1,
172 173 1260 -1,
173 174 1261 -1,
1261 174 1262 -1,
174 175 1262 -1,
1262 175 1263 -1,
175 176 1263 -1,
1263 176 1264 -1,
176 177 1264 -1,
1264 177 1265 -1,
177 178 1265 -1,
1265 178 1266 -1,
178 179 1266 -1,
1266 179 1267 -1,
179 180 1267 -1,
1267 180 1268 -1,
1268 180 1269 -1,
180 181 1269 -1,
181 182 1269 -1,
1269 182 1270 -1,
1270 182 1271 -1,
182 183 1271 -1,
183 184 1271 -1,
1271 184 1272 -1,
184 185 1272 -1,
1272 185 1273 -1,
1273 185 1274 -1,
185 186 1274 -1,
1274 1004 1275 -1,
186 1004 1274 -1,
1275 1003 1150 -1,
1004 1003 1275 -1,
513 515 1276 -1,
1276 515 1277 -1,
1277 517 1278 -1,
515 517 1277 -1,
1278 519 1279 -1,
517 519 1278 -1,
1279 521 1280 -1,
519 521 1279 -1,
1280 523 1281 -1,
1281 523 1282 -1,
521 523 1280 -1,
1282 525 1283 -1,
523 525 1282 -1,
525 669 1283 -1,
1283 666 1284 -1,
669 666 1283 -1,
1284 665 1285 -1,
666 665 1284 -1,
1285 662 1286 -1,
665 662 1285 -1,
662 661 1286 -1,
1286 661 1287 -1,
661 659 1287 -1,
1287 659 1288 -1,
659 657 1288 -1,
1288 657 1289 -1,
657 655 1289 -1,
1289 655 1290 -1,
655 653 1290 -1,
1290 653 1291 -1,
653 651 1291 -1,
1291 651 1292 -1,
651 649 1292 -1,
1292 649 1293 -1,
649 647 1293 -1,
1293 647 1294 -1,
647 644 1294 -1,
1294 644 1295 -1,
644 642 1295 -1,
1295 642 1296 -1,
1296 642 1297 -1,
642 641 1297 -1,
641 639 1297 -1,
1297 639 1298 -1,
1298 636 1299 -1,
639 636 1298 -1,
1299 635 1300 -1,
636 635 1299 -1,
1300 635 1301 -1,
635 632 1301 -1,
1301 630 1302 -1,
632 630 1301 -1,
1302 629 1303 -1,
630 629 1302 -1,
1303 627 1304 -1,
629 627 1303 -1,
1304 625 1305 -1,
627 625 1304 -1,
1305 623 1306 -1,
1306 623 1307 -1,
625 623 1305 -1,
623 621 1307 -1,
1307 619 1308 -1,
1308 619 1309 -1,
621 619 1307 -1,
619 617 1309 -1,
1309 614 1310 -1,
617 614 1309 -1,
1310 611 1311 -1,
614 611 1310 -1,
1311 608 1312 -1,
611 608 1311 -1,
608 605 1312 -1,
1312 605 1313 -1,
605 602 1313 -1,
1313 602 1314 -1,
602 599 1314 -1,
1314 599 1315 -1,
1315 599 1316 -1,
599 596 1316 -1,
596 591 1316 -1,
1316 591 1317 -1,
591 588 1317 -1,
1317 588 1318 -1,
588 587 1318 -1,
1318 587 1319 -1,
1319 587 1320 -1,
587 487 1320 -1,
487 484 1320 -1,
1320 484 1321 -1,
484 481 1321 -1,
1321 481 1322 -1,
481 478 1322 -1,
1322 478 1323 -1,
478 426 1323 -1,
1323 426 1324 -1,
426 425 1324 -1,
1324 425 1325 -1,
425 424 1325 -1,
1325 424 1326 -1,
424 422 1326 -1,
1326 422 1327 -1,
422 419 1327 -1,
1327 419 1328 -1,
1328 419 1329 -1,
419 416 1329 -1,
416 412 1329 -1,
1329 412 1330 -1,
412 410 1330 -1,
1330 410 1331 -1,
1331 410 1332 -1,
410 406 1332 -1,
406 403 1332 -1,
1332 403 1333 -1,
1333 400 1334 -1,
403 400 1333 -1,
1334 397 1335 -1,
400 397 1334 -1,
1335 394 1336 -1,
397 394 1335 -1,
1336 391 1337 -1,
394 391 1336 -1,
391 389 1337 -1,
1337 389 1338 -1,
389 385 1338 -1,
1338 385 1339 -1,
385 382 1339 -1,
1339 382 1340 -1,
382 379 1340 -1,
1340 379 1341 -1,
379 376 1341 -1,
1341 376 1342 -1,
376 373 1342 -1,
1342 373 1343 -1,
373 370 1343 -1,
1343 370 1344 -1,
370 365 1344 -1,
1344 365 1345 -1,
365 361 1345 -1,
1345 361 1346 -1,
361 355 1346 -1,
1346 355 1347 -1,
355 348 1347 -1,
1347 348 1348 -1,
348 342 1348 -1,
1348 342 1349 -1,
1349 342 1350 -1,
342 335 1350 -1,
1350 327 1351 -1,
335 327 1350 -1,
1351 319 1352 -1,
327 319 1351 -1,
1352 313 1353 -1,
1353 313 1354 -1,
319 313 1352 -1,
313 307 1354 -1,
1354 299 1355 -1,
307 299 1354 -1,
1355 309 1356 -1,
1356 309 1357 -1,
299 309 1355 -1,
309 315 1357 -1,
1357 322 1358 -1,
315 322 1357 -1,
1358 331 1359 -1,
1359 331 1360 -1,
322 331 1358 -1,
331 338 1360 -1,
1360 345 1361 -1,
338 345 1360 -1,
1361 354 1362 -1,
345 354 1361 -1,
1362 358 1363 -1,
354 358 1362 -1,
358 455 1363 -1,
1363 455 1364 -1,
455 456 1364 -1,
1364 456 1365 -1,
456 457 1365 -1,
1365 457 1366 -1,
457 458 1366 -1,
1366 458 1367 -1,
1367 459 1368 -1,
458 459 1367 -1,
1368 460 1369 -1,
459 460 1368 -1,
1369 461 1370 -1,
460 461 1369 -1,
1370 462 1371 -1,
461 462 1370 -1,
1371 463 1372 -1,
1372 463 1373 -1,
462 463 1371 -1,
463 464 1373 -1,
1373 465 1374 -1,
1374 465 1375 -1,
464 465 1373 -1,
465 466 1375 -1,
1375 467 1376 -1,
466 467 1375 -1,
1376 468 1377 -1,
467 468 1376 -1,
1377 469 1378 -1,
468 469 1377 -1,
1378 470 1379 -1,
1379 470 1380 -1,
469 470 1378 -1,
470 471 1380 -1,
1380 472 1381 -1,
471 472 1380 -1,
1381 473 1382 -1,
1382 473 1383 -1,
472 473 1381 -1,
473 474 1383 -1,
1383 475 1384 -1,
1384 475 1385 -1,
474 475 1383 -1,
475 476 1385 -1,
1385 477 1386 -1,
476 477 1385 -1,
1386 480 1387 -1,
477 480 1386 -1,
480 483 1387 -1,
1387 483 1388 -1,
483 486 1388 -1,
1388 486 1389 -1,
486 489 1389 -1,
1389 489 1390 -1,
489 491 1390 -1,
1390 491 1391 -1,
491 493 1391 -1,
1391 493 1392 -1,
493 495 1392 -1,
1392 495 1393 -1,
495 497 1393 -1,
1393 497 1394 -1,
1394 497 1395 -1,
497 499 1395 -1,
499 501 1395 -1,
1395 501 1396 -1,
1396 501 1397 -1,
501 503 1397 -1,
503 505 1397 -1,
1397 505 1398 -1,
505 507 1398 -1,
1398 507 1399 -1,
1399 507 1400 -1,
507 509 1400 -1,
1400 511 1401 -1,
509 511 1400 -1,
1401 513 1276 -1,
511 513 1401 -1,
314 1021 1020 -1,
314 1020 52 -1,
1021 314 1023 -1,
1023 314 790 -1,
52 1020 1022 -1,
52 1022 527 -1,
1023 790 1022 -1,
1022 790 527 -1,
676 677 1402 -1,
1402 677 1403 -1,
1403 789 1404 -1,
677 789 1403 -1,
1404 786 1405 -1,
789 786 1404 -1,
1405 785 1406 -1,
786 785 1405 -1,
1406 783 1407 -1,
1407 783 1408 -1,
785 783 1406 -1,
1408 780 1409 -1,
783 780 1408 -1,
780 779 1409 -1,
1409 777 1410 -1,
779 777 1409 -1,
1410 774 1411 -1,
777 774 1410 -1,
1411 773 1412 -1,
774 773 1411 -1,
773 770 1412 -1,
1412 770 1413 -1,
770 768 1413 -1,
1413 768 1414 -1,
768 766 1414 -1,
1414 766 1415 -1,
766 764 1415 -1,
1415 764 1416 -1,
764 763 1416 -1,
1416 763 1417 -1,
763 761 1417 -1,
1417 761 1418 -1,
761 758 1418 -1,
1418 758 1419 -1,
758 757 1419 -1,
1419 757 1420 -1,
757 755 1420 -1,
1420 755 1421 -1,
755 753 1421 -1,
1421 753 1422 -1,
1422 753 1423 -1,
753 750 1423 -1,
750 748 1423 -1,
1423 748 1424 -1,
1424 746 1425 -1,
748 746 1424 -1,
1425 745 1426 -1,
746 745 1425 -1,
1426 745 1427 -1,
745 742 1427 -1,
1427 741 1428 -1,
742 741 1427 -1,
1428 738 1429 -1,
741 738 1428 -1,
1429 737 1430 -1,
738 737 1429 -1,
1430 735 1431 -1,
737 735 1430 -1,
1431 733 1432 -1,
1432 733 1433 -1,
735 733 1431 -1,
733 731 1433 -1,
1433 729 1434 -1,
1434 729 1435 -1,
731 729 1433 -1,
729 727 1435 -1,
1435 725 1436 -1,
727 725 1435 -1,
1436 723 1437 -1,
725 723 1436 -1,
1437 721 1438 -1,
723 721 1437 -1,
721 717 1438 -1,
1438 717 1439 -1,
717 716 1439 -1,
1439 716 1440 -1,
716 712 1440 -1,
1440 712 1441 -1,
1441 712 1442 -1,
712 707 1442 -1,
707 701 1442 -1,
1442 701 1443 -1,
701 696 1443 -1,
1443 696 1444 -1,
696 695 1444 -1,
1444 695 1445 -1,
1445 695 1446 -1,
695 691 1446 -1,
691 688 1446 -1,
1446 688 1447 -1,
688 683 1447 -1,
1447 683 1448 -1,
683 680 1448 -1,
1448 680 1449 -1,
680 679 1449 -1,
1449 679 1450 -1,
679 685 1450 -1,
1450 685 1451 -1,
685 686 1451 -1,
1451 686 1452 -1,
686 693 1452 -1,
1452 693 1453 -1,
693 698 1453 -1,
1453 698 1454 -1,
1454 698 1455 -1,
698 699 1455 -1,
699 705 1455 -1,
1455 705 1456 -1,
705 709 1456 -1,
1456 709 1457 -1,
1457 709 1458 -1,
709 710 1458 -1,
710 714 1458 -1,
1458 714 1459 -1,
1459 1011 1460 -1,
714 1011 1459 -1,
1460 1010 1461 -1,
1011 1010 1460 -1,
1461 1009 1462 -1,
1010 1009 1461 -1,
1462 1008 1463 -1,
1009 1008 1462 -1,
1008 1007 1463 -1,
1463 1007 1464 -1,
1007 1005 1464 -1,
1464 1005 1465 -1,
1005 1006 1465 -1,
1465 1006 1466 -1,
1006 615 1466 -1,
1466 615 1467 -1,
615 612 1467 -1,
1467 612 1468 -1,
612 609 1468 -1,
1468 609 1469 -1,
609 606 1469 -1,
1469 606 1470 -1,
606 603 1470 -1,
1470 603 1471 -1,
603 600 1471 -1,
1471 600 1472 -1,
600 597 1472 -1,
1472 597 1473 -1,
597 594 1473 -1,
1473 594 1474 -1,
594 592 1474 -1,
1474 592 1475 -1,
1475 592 1476 -1,
592 589 1476 -1,
1476 585 1477 -1,
589 585 1476 -1,
1477 583 1478 -1,
585 583 1477 -1,
1478 581 1479 -1,
1479 581 1480 -1,
583 581 1478 -1,
581 578 1480 -1,
1480 579 1481 -1,
578 579 1480 -1,
1481 580 1482 -1,
1482 580 1483 -1,
579 580 1481 -1,
580 582 1483 -1,
1483 584 1484 -1,
582 584 1483 -1,
1484 586 1485 -1,
1485 586 1486 -1,
584 586 1484 -1,
586 590 1486 -1,
1486 593 1487 -1,
590 593 1486 -1,
1487 595 1488 -1,
593 595 1487 -1,
1488 598 1489 -1,
595 598 1488 -1,
598 601 1489 -1,
1489 601 1490 -1,
601 604 1490 -1,
1490 604 1491 -1,
604 607 1491 -1,
1491 607 1492 -1,
607 610 1492 -1,
1492 610 1493 -1,
1493 613 1494 -1,
610 613 1493 -1,
1494 616 1495 -1,
613 616 1494 -1,
1495 618 1496 -1,
616 618 1495 -1,
1496 620 1497 -1,
618 620 1496 -1,
1497 622 1498 -1,
1498 622 1499 -1,
620 622 1497 -1,
622 624 1499 -1,
1499 626 1500 -1,
1500 626 1501 -1,
624 626 1499 -1,
626 628 1501 -1,
1501 631 1502 -1,
628 631 1501 -1,
1502 633 1503 -1,
631 633 1502 -1,
1503 634 1504 -1,
633 634 1503 -1,
1504 637 1505 -1,
1505 637 1506 -1,
634 637 1504 -1,
637 638 1506 -1,
1506 640 1507 -1,
638 640 1506 -1,
1507 643 1508 -1,
1508 643 1509 -1,
640 643 1507 -1,
643 645 1509 -1,
1509 646 1510 -1,
1510 646 1511 -1,
645 646 1509 -1,
646 648 1511 -1,
1511 650 1512 -1,
648 650 1511 -1,
1512 652 1513 -1,
650 652 1512 -1,
652 654 1513 -1,
1513 654 1514 -1,
654 656 1514 -1,
1514 656 1515 -1,
656 658 1515 -1,
1515 658 1516 -1,
658 660 1516 -1,
1516 660 1517 -1,
660 663 1517 -1,
1517 663 1518 -1,
663 664 1518 -1,
1518 664 1519 -1,
664 667 1519 -1,
1519 667 1520 -1,
1520 667 1521 -1,
667 668 1521 -1,
668 670 1521 -1,
1521 670 1522 -1,
1522 670 1523 -1,
670 671 1523 -1,
671 672 1523 -1,
1523 672 1524 -1,
672 673 1524 -1,
1524 673 1525 -1,
1525 673 1526 -1,
673 674 1526 -1,
1526 675 1527 -1,
674 675 1526 -1,
1527 676 1402 -1,
675 676 1527 -1,
991 992 1528 -1,
1528 992 1529 -1,
1529 529 1530 -1,
992 529 1529 -1,
1530 528 1531 -1,
529 528 1530 -1,
1531 530 1532 -1,
528 530 1531 -1,
1532 531 1533 -1,
1533 531 1534 -1,
530 531 1532 -1,
1534 532 1535 -1,
531 532 1534 -1,
532 533 1535 -1,
1535 534 1536 -1,
533 534 1535 -1,
1536 535 1537 -1,
534 535 1536 -1,
1537 536 1538 -1,
535 536 1537 -1,
536 537 1538 -1,
1538 537 1539 -1,
537 538 1539 -1,
1539 538 1540 -1,
538 539 1540 -1,
1540 539 1541 -1,
539 540 1541 -1,
1541 540 1542 -1,
540 541 1542 -1,
1542 541 1543 -1,
541 542 1543 -1,
1543 542 1544 -1,
542 543 1544 -1,
1544 543 1545 -1,
543 544 1545 -1,
1545 544 1546 -1,
544 421 1546 -1,
1546 421 1547 -1,
421 418 1547 -1,
1547 418 1548 -1,
1548 418 1549 -1,
418 415 1549 -1,
415 414 1549 -1,
1549 414 1550 -1,
1550 409 1551 -1,
414 409 1550 -1,
1551 408 1552 -1,
409 408 1551 -1,
1552 408 1553 -1,
408 405 1553 -1,
1553 402 1554 -1,
405 402 1553 -1,
1554 399 1555 -1,
402 399 1554 -1,
1555 396 1556 -1,
399 396 1555 -1,
1556 393 1557 -1,
396 393 1556 -1,
1557 388 1558 -1,
1558 388 1559 -1,
393 388 1557 -1,
388 387 1559 -1,
1559 384 1560 -1,
1560 384 1561 -1,
387 384 1559 -1,
384 381 1561 -1,
1561 378 1562 -1,
381 378 1561 -1,
1562 375 1563 -1,
378 375 1562 -1,
1563 372 1564 -1,
375 372 1563 -1,
372 369 1564 -1,
1564 369 1565 -1,
369 364 1565 -1,
1565 364 1566 -1,
364 360 1566 -1,
1566 360 1567 -1,
1567 360 1568 -1,
360 353 1568 -1,
353 344 1568 -1,
1568 344 1569 -1,
344 337 1569 -1,
1569 337 1570 -1,
337 333 1570 -1,
1570 333 1571 -1,
1571 333 1572 -1,
333 326 1572 -1,
326 318 1572 -1,
1572 318 1573 -1,
318 311 1573 -1,
1573 311 1574 -1,
311 304 1574 -1,
1574 304 1575 -1,
304 303 1575 -1,
1575 303 1576 -1,
303 305 1576 -1,
1576 305 1577 -1,
305 321 1577 -1,
1577 321 1578 -1,
321 329 1578 -1,
1578 329 1579 -1,
329 330 1579 -1,
1579 330 1580 -1,
1580 330 1581 -1,
330 341 1581 -1,
341 350 1581 -1,
1581 350 1582 -1,
350 351 1582 -1,
1582 351 1583 -1,
1583 351 1584 -1,
351 357 1584 -1,
357 367 1584 -1,
1584 367 1585 -1,
1585 428 1586 -1,
367 428 1585 -1,
1586 429 1587 -1,
428 429 1586 -1,
1587 430 1588 -1,
429 430 1587 -1,
1588 431 1589 -1,
430 431 1588 -1,
431 432 1589 -1,
1589 432 1590 -1,
432 433 1590 -1,
1590 433 1591 -1,
433 434 1591 -1,
1591 434 1592 -1,
434 242 1592 -1,
1592 242 1593 -1,
242 237 1593 -1,
1593 237 1594 -1,
237 233 1594 -1,
1594 233 1595 -1,
233 229 1595 -1,
1595 229 1596 -1,
229 225 1596 -1,
1596 225 1597 -1,
225 222 1597 -1,
1597 222 1598 -1,
222 218 1598 -1,
1598 218 1599 -1,
218 214 1599 -1,
1599 214 1600 -1,
214 209 1600 -1,
1600 209 1601 -1,
1601 209 1602 -1,
209 205 1602 -1,
1602 201 1603 -1,
205 201 1602 -1,
1603 197 1604 -1,
201 197 1603 -1,
1604 193 1605 -1,
1605 193 1606 -1,
197 193 1604 -1,
193 187 1606 -1,
1606 189 1607 -1,
187 189 1606 -1,
1607 191 1608 -1,
1608 191 1609 -1,
189 191 1607 -1,
191 195 1609 -1,
1609 199 1610 -1,
195 199 1609 -1,
1610 203 1611 -1,
1611 203 1612 -1,
199 203 1610 -1,
203 207 1612 -1,
1612 212 1613 -1,
207 212 1612 -1,
1613 215 1614 -1,
212 215 1613 -1,
1614 221 1615 -1,
215 221 1614 -1,
221 223 1615 -1,
1615 223 1616 -1,
223 227 1616 -1,
1616 227 1617 -1,
227 231 1617 -1,
1617 231 1618 -1,
231 235 1618 -1,
1618 235 1619 -1,
1619 240 1620 -1,
235 240 1619 -1,
1620 243 1621 -1,
240 243 1620 -1,
1621 245 1622 -1,
243 245 1621 -1,
1622 247 1623 -1,
245 247 1622 -1,
1623 249 1624 -1,
1624 249 1625 -1,
247 249 1623 -1,
249 251 1625 -1,
1625 253 1626 -1,
1626 253 1627 -1,
251 253 1625 -1,
253 256 1627 -1,
1627 257 1628 -1,
256 257 1627 -1,
1628 259 1629 -1,
257 259 1628 -1,
1629 261 1630 -1,
259 261 1629 -1,
1630 264 1631 -1,
1631 264 1632 -1,
261 264 1630 -1,
264 265 1632 -1,
1632 268 1633 -1,
265 268 1632 -1,
1633 270 1634 -1,
1634 270 1635 -1,
268 270 1633 -1,
270 272 1635 -1,
1635 273 1636 -1,
1636 273 1637 -1,
272 273 1635 -1,
273 275 1637 -1,
1637 278 1638 -1,
275 278 1637 -1,
1638 279 1639 -1,
278 279 1638 -1,
279 281 1639 -1,
1639 281 1640 -1,
281 283 1640 -1,
1640 283 1641 -1,
283 286 1641 -1,
1641 286 1642 -1,
286 287 1642 -1,
1642 287 1643 -1,
287 290 1643 -1,
1643 290 1644 -1,
290 291 1644 -1,
1644 291 1645 -1,
291 293 1645 -1,
1645 293 1646 -1,
1646 293 1647 -1,
293 296 1647 -1,
296 298 1647 -1,
1647 298 1648 -1,
1648 298 1649 -1,
298 997 1649 -1,
997 996 1649 -1,
1649 996 1650 -1,
996 995 1650 -1,
1650 995 1651 -1,
1651 995 1652 -1,
995 994 1652 -1,
1652 993 1653 -1,
994 993 1652 -1,
1653 991 1528 -1,
993 991 1653 -1,
546 545 1654 -1,
1654 545 1655 -1,
1655 547 1656 -1,
545 547 1655 -1,
1656 548 1657 -1,
547 548 1656 -1,
1657 549 1658 -1,
548 549 1657 -1,
1658 550 1659 -1,
1659 550 1660 -1,
549 550 1658 -1,
1660 551 1661 -1,
550 551 1660 -1,
551 553 1661 -1,
1661 555 1662 -1,
553 555 1661 -1,
1662 557 1663 -1,
555 557 1662 -1,
1663 559 1664 -1,
557 559 1663 -1,
559 561 1664 -1,
1664 561 1665 -1,
561 563 1665 -1,
1665 563 1666 -1,
563 565 1666 -1,
1666 565 1667 -1,
565 567 1667 -1,
1667 567 1668 -1,
567 898 1668 -1,
1668 898 1669 -1,
898 899 1669 -1,
1669 899 1670 -1,
899 906 1670 -1,
1670 906 1671 -1,
906 910 1671 -1,
1671 910 1672 -1,
910 914 1672 -1,
1672 914 1673 -1,
914 985 1673 -1,
1673 985 1674 -1,
1674 985 1675 -1,
985 984 1675 -1,
984 983 1675 -1,
1675 983 1676 -1,
1676 982 1677 -1,
983 982 1676 -1,
1677 981 1678 -1,
982 981 1677 -1,
1678 981 1679 -1,
981 526 1679 -1,
1679 524 1680 -1,
526 524 1679 -1,
1680 522 1681 -1,
524 522 1680 -1,
1681 520 1682 -1,
522 520 1681 -1,
1682 518 1683 -1,
520 518 1682 -1,
1683 516 1684 -1,
1684 516 1685 -1,
518 516 1683 -1,
516 514 1685 -1,
1685 512 1686 -1,
1686 512 1687 -1,
514 512 1685 -1,
512 510 1687 -1,
1687 508 1688 -1,
510 508 1687 -1,
1688 506 1689 -1,
508 506 1688 -1,
1689 504 1690 -1,
506 504 1689 -1,
504 502 1690 -1,
1690 502 1691 -1,
502 500 1691 -1,
1691 500 1692 -1,
500 498 1692 -1,
1692 498 1693 -1,
1693 498 1694 -1,
498 496 1694 -1,
496 494 1694 -1,
1694 494 1695 -1,
494 492 1695 -1,
1695 492 1696 -1,
492 490 1696 -1,
1696 490 1697 -1,
1697 490 1698 -1,
490 488 1698 -1,
488 485 1698 -1,
1698 485 1699 -1,
485 482 1699 -1,
1699 482 1700 -1,
482 479 1700 -1,
1700 479 1701 -1,
479 436 1701 -1,
1701 436 1702 -1,
436 435 1702 -1,
1702 435 1703 -1,
435 437 1703 -1,
1703 437 1704 -1,
437 438 1704 -1,
1704 438 1705 -1,
438 439 1705 -1,
1705 439 1706 -1,
1706 439 1707 -1,
439 440 1707 -1,
440 441 1707 -1,
1707 441 1708 -1,
441 442 1708 -1,
1708 442 1709 -1,
1709 442 1710 -1,
442 443 1710 -1,
443 444 1710 -1,
1710 444 1711 -1,
1711 445 1712 -1,
444 445 1711 -1,
1712 446 1713 -1,
445 446 1712 -1,
1713 447 1714 -1,
446 447 1713 -1,
1714 448 1715 -1,
447 448 1714 -1,
448 449 1715 -1,
1715 449 1716 -1,
449 450 1716 -1,
1716 450 1717 -1,
450 451 1717 -1,
1717 451 1718 -1,
451 452 1718 -1,
1718 452 1719 -1,
452 453 1719 -1,
1719 453 1720 -1,
453 454 1720 -1,
1720 454 1721 -1,
454 427 1721 -1,
1721 427 1722 -1,
427 366 1722 -1,
1722 366 1723 -1,
366 362 1723 -1,
1723 362 1724 -1,
362 356 1724 -1,
1724 356 1725 -1,
356 349 1725 -1,
1725 349 1726 -1,
349 340 1726 -1,
1726 340 1727 -1,
1727 340 1728 -1,
340 334 1728 -1,
1728 328 1729 -1,
334 328 1728 -1,
1729 320 1730 -1,
328 320 1729 -1,
1730 312 1731 -1,
1731 312 1732 -1,
320 312 1730 -1,
312 302 1732 -1,
1732 306 1733 -1,
302 306 1732 -1,
1733 310 1734 -1,
1734 310 1735 -1,
306 310 1733 -1,
310 317 1735 -1,
1735 325 1736 -1,
317 325 1735 -1,
1736 332 1737 -1,
1737 332 1738 -1,
325 332 1736 -1,
332 336 1738 -1,
1738 343 1739 -1,
336 343 1738 -1,
1739 352 1740 -1,
343 352 1739 -1,
1740 359 1741 -1,
352 359 1740 -1,
359 363 1741 -1,
1741 363 1742 -1,
363 368 1742 -1,
1742 368 1743 -1,
368 371 1743 -1,
1743 371 1744 -1,
371 374 1744 -1,
1744 374 1745 -1,
1745 377 1746 -1,
374 377 1745 -1,
1746 380 1747 -1,
377 380 1746 -1,
1747 383 1748 -1,
380 383 1747 -1,
1748 386 1749 -1,
383 386 1748 -1,
1749 390 1750 -1,
1750 390 1751 -1,
386 390 1749 -1,
390 392 1751 -1,
1751 395 1752 -1,
1752 395 1753 -1,
392 395 1751 -1,
395 398 1753 -1,
1753 401 1754 -1,
398 401 1753 -1,
1754 404 1755 -1,
401 404 1754 -1,
1755 407 1756 -1,
404 407 1755 -1,
1756 411 1757 -1,
1757 411 1758 -1,
407 411 1756 -1,
411 413 1758 -1,
1758 417 1759 -1,
413 417 1758 -1,
1759 420 1760 -1,
1760 420 1761 -1,
417 420 1759 -1,
420 423 1761 -1,
1761 552 1762 -1,
1762 552 1763 -1,
423 552 1761 -1,
552 554 1763 -1,
1763 556 1764 -1,
554 556 1763 -1,
1764 558 1765 -1,
556 558 1764 -1,
558 560 1765 -1,
1765 560 1766 -1,
560 562 1766 -1,
1766 562 1767 -1,
562 564 1767 -1,
1767 564 1768 -1,
564 566 1768 -1,
1768 566 1769 -1,
566 568 1769 -1,
1769 568 1770 -1,
568 569 1770 -1,
1770 569 1771 -1,
569 570 1771 -1,
1771 570 1772 -1,
1772 570 1773 -1,
570 571 1773 -1,
571 572 1773 -1,
1773 572 1774 -1,
1774 572 1775 -1,
572 573 1775 -1,
573 574 1775 -1,
1775 574 1776 -1,
574 575 1776 -1,
1776 575 1777 -1,
1777 575 1778 -1,
575 576 1778 -1,
1778 577 1779 -1,
576 577 1778 -1,
1779 546 1654 -1,
577 546 1779 -1,
958 957 1780 -1,
1780 957 1781 -1,
1781 959 1782 -1,
957 959 1781 -1,
1782 960 1783 -1,
959 960 1782 -1,
1783 961 1784 -1,
960 961 1783 -1,
1784 962 1785 -1,
1785 962 1786 -1,
961 962 1784 -1,
1786 927 1787 -1,
962 927 1786 -1,
927 925 1787 -1,
1787 923 1788 -1,
925 923 1787 -1,
1788 922 1789 -1,
923 922 1788 -1,
1789 919 1790 -1,
922 919 1789 -1,
919 918 1790 -1,
1790 918 1791 -1,
918 916 1791 -1,
1791 916 1792 -1,
916 912 1792 -1,
1792 912 1793 -1,
912 908 1793 -1,
1793 908 1794 -1,
908 904 1794 -1,
1794 904 1795 -1,
904 901 1795 -1,
1795 901 1796 -1,
901 896 1796 -1,
1796 896 1797 -1,
896 893 1797 -1,
1797 893 1798 -1,
893 890 1798 -1,
1798 890 1799 -1,
890 885 1799 -1,
1799 885 1800 -1,
1800 885 1801 -1,
885 884 1801 -1,
884 879 1801 -1,
1801 879 1802 -1,
1802 878 1803 -1,
879 878 1802 -1,
1803 873 1804 -1,
878 873 1803 -1,
1804 873 1805 -1,
873 872 1805 -1,
1805 867 1806 -1,
872 867 1805 -1,
1806 866 1807 -1,
867 866 1806 -1,
1807 863 1808 -1,
866 863 1807 -1,
1808 860 1809 -1,
863 860 1808 -1,
1809 857 1810 -1,
1810 857 1811 -1,
860 857 1809 -1,
857 854 1811 -1,
1811 851 1812 -1,
1812 851 1813 -1,
854 851 1811 -1,
851 848 1813 -1,
1813 843 1814 -1,
848 843 1813 -1,
1814 842 1815 -1,
843 842 1814 -1,
1815 837 1816 -1,
842 837 1815 -1,
837 836 1816 -1,
1816 836 1817 -1,
836 831 1817 -1,
1817 831 1818 -1,
831 830 1818 -1,
1818 830 1819 -1,
1819 830 1820 -1,
830 827 1820 -1,
827 822 1820 -1,
1820 822 1821 -1,
822 819 1821 -1,
1821 819 1822 -1,
819 818 1822 -1,
1822 818 1823 -1,
1823 818 1824 -1,
818 792 1824 -1,
792 791 1824 -1,
1824 791 1825 -1,
791 793 1825 -1,
1825 793 1826 -1,
793 794 1826 -1,
1826 794 1827 -1,
794 795 1827 -1,
1827 795 1828 -1,
795 796 1828 -1,
1828 796 1829 -1,
796 797 1829 -1,
1829 797 1830 -1,
797 798 1830 -1,
1830 798 1831 -1,
798 799 1831 -1,
1831 799 1832 -1,
1832 799 1833 -1,
799 800 1833 -1,
800 801 1833 -1,
1833 801 1834 -1,
801 802 1834 -1,
1834 802 1835 -1,
1835 802 1836 -1,
802 803 1836 -1,
803 804 1836 -1,
1836 804 1837 -1,
1837 805 1838 -1,
804 805 1837 -1,
1838 806 1839 -1,
805 806 1838 -1,
1839 807 1840 -1,
806 807 1839 -1,
1840 808 1841 -1,
807 808 1840 -1,
808 1018 1841 -1,
1841 1018 1842 -1,
1018 1017 1842 -1,
1842 1017 1843 -1,
1017 1016 1843 -1,
1843 1016 1844 -1,
1016 1012 1844 -1,
1844 1012 1845 -1,
1012 1013 1845 -1,
1845 1013 1846 -1,
1013 1014 1846 -1,
1846 1014 1847 -1,
1014 1015 1847 -1,
1847 1015 1848 -1,
1015 718 1848 -1,
1848 718 1849 -1,
718 713 1849 -1,
1849 713 1850 -1,
713 708 1850 -1,
1850 708 1851 -1,
708 704 1851 -1,
1851 704 1852 -1,
704 702 1852 -1,
1852 702 1853 -1,
1853 702 1854 -1,
702 697 1854 -1,
1854 692 1855 -1,
697 692 1854 -1,
1855 689 1856 -1,
692 689 1855 -1,
1856 684 1857 -1,
1857 684 1858 -1,
689 684 1856 -1,
684 678 1858 -1,
1858 681 1859 -1,
678 681 1858 -1,
1859 682 1860 -1,
1860 682 1861 -1,
681 682 1859 -1,
682 687 1861 -1,
1861 690 1862 -1,
687 690 1861 -1,
1862 694 1863 -1,
1863 694 1864 -1,
690 694 1862 -1,
694 700 1864 -1,
1864 703 1865 -1,
700 703 1864 -1,
1865 706 1866 -1,
703 706 1865 -1,
1866 711 1867 -1,
706 711 1866 -1,
711 715 1867 -1,
1867 715 1868 -1,
715 719 1868 -1,
1868 719 1869 -1,
719 720 1869 -1,
1869 720 1870 -1,
720 722 1870 -1,
1870 722 1871 -1,
1871 724 1872 -1,
722 724 1871 -1,
1872 726 1873 -1,
724 726 1872 -1,
1873 728 1874 -1,
726 728 1873 -1,
1874 730 1875 -1,
728 730 1874 -1,
1875 732 1876 -1,
1876 732 1877 -1,
730 732 1875 -1,
732 734 1877 -1,
1877 736 1878 -1,
1878 736 1879 -1,
734 736 1877 -1,
736 739 1879 -1,
1879 740 1880 -1,
739 740 1879 -1,
1880 743 1881 -1,
740 743 1880 -1,
1881 744 1882 -1,
743 744 1881 -1,
1882 747 1883 -1,
1883 747 1884 -1,
744 747 1882 -1,
747 749 1884 -1,
1884 751 1885 -1,
749 751 1884 -1,
1885 752 1886 -1,
1886 752 1887 -1,
751 752 1885 -1,
752 754 1887 -1,
1887 756 1888 -1,
1888 756 1889 -1,
754 756 1887 -1,
756 759 1889 -1,
1889 760 1890 -1,
759 760 1889 -1,
1890 762 1891 -1,
760 762 1890 -1,
762 765 1891 -1,
1891 765 1892 -1,
765 767 1892 -1,
1892 767 1893 -1,
767 769 1893 -1,
1893 769 1894 -1,
769 771 1894 -1,
1894 771 1895 -1,
771 772 1895 -1,
1895 772 1896 -1,
772 775 1896 -1,
1896 775 1897 -1,
775 776 1897 -1,
1897 776 1898 -1,
1898 776 1899 -1,
776 778 1899 -1,
778 781 1899 -1,
1899 781 1900 -1,
1900 781 1901 -1,
781 782 1901 -1,
782 784 1901 -1,
1901 784 1902 -1,
784 787 1902 -1,
1902 787 1903 -1,
1903 787 1904 -1,
787 788 1904 -1,
1904 963 1905 -1,
788 963 1904 -1,
1905 958 1780 -1,
963 958 1905 -1,
942 964 1906 -1,
1906 964 1907 -1,
1907 965 1908 -1,
964 965 1907 -1,
1908 966 1909 -1,
965 966 1908 -1,
1909 967 1910 -1,
966 967 1909 -1,
1910 968 1911 -1,
1911 968 1912 -1,
967 968 1910 -1,
1912 969 1913 -1,
968 969 1912 -1,
969 970 1913 -1,
1913 971 1914 -1,
970 971 1913 -1,
1914 972 1915 -1,
971 972 1914 -1,
1915 973 1916 -1,
972 973 1915 -1,
973 974 1916 -1,
1916 974 1917 -1,
974 975 1917 -1,
1917 975 1918 -1,
975 976 1918 -1,
1918 976 1919 -1,
976 977 1919 -1,
1919 977 1920 -1,
977 978 1920 -1,
1920 978 1921 -1,
978 979 1921 -1,
1921 979 1922 -1,
979 980 1922 -1,
1922 980 1923 -1,
980 931 1923 -1,
1923 931 1924 -1,
931 930 1924 -1,
1924 930 1925 -1,
930 933 1925 -1,
1925 933 1926 -1,
1926 933 1927 -1,
933 935 1927 -1,
935 937 1927 -1,
1927 937 1928 -1,
1928 939 1929 -1,
937 939 1928 -1,
1929 941 1930 -1,
939 941 1929 -1,
1930 941 1931 -1,
941 943 1931 -1,
1931 944 1932 -1,
943 944 1931 -1,
1932 945 1933 -1,
944 945 1932 -1,
1933 946 1934 -1,
945 946 1933 -1,
1934 947 1935 -1,
946 947 1934 -1,
1935 948 1936 -1,
1936 948 1937 -1,
947 948 1935 -1,
948 949 1937 -1,
1937 950 1938 -1,
1938 950 1939 -1,
949 950 1937 -1,
950 951 1939 -1,
1939 952 1940 -1,
951 952 1939 -1,
1940 953 1941 -1,
952 953 1940 -1,
1941 954 1942 -1,
953 954 1941 -1,
954 955 1942 -1,
1942 955 1943 -1,
955 956 1943 -1,
1943 956 1944 -1,
956 986 1944 -1,
1944 986 1945 -1,
1945 986 1946 -1,
986 987 1946 -1,
987 988 1946 -1,
1946 988 1947 -1,
988 989 1947 -1,
1947 989 1948 -1,
989 990 1948 -1,
1948 990 1949 -1,
1949 990 1950 -1,
990 913 1950 -1,
913 909 1950 -1,
1950 909 1951 -1,
909 905 1951 -1,
1951 905 1952 -1,
905 902 1952 -1,
1952 902 1953 -1,
902 897 1953 -1,
1953 897 1954 -1,
897 894 1954 -1,
1954 894 1955 -1,
894 891 1955 -1,
1955 891 1956 -1,
891 888 1956 -1,
1956 888 1957 -1,
888 886 1957 -1,
1957 886 1958 -1,
1958 886 1959 -1,
886 882 1959 -1,
882 880 1959 -1,
1959 880 1960 -1,
880 876 1960 -1,
1960 876 1961 -1,
1961 876 1962 -1,
876 874 1962 -1,
874 870 1962 -1,
1962 870 1963 -1,
1963 868 1964 -1,
870 868 1963 -1,
1964 864 1965 -1,
868 864 1964 -1,
1965 861 1966 -1,
864 861 1965 -1,
1966 858 1967 -1,
861 858 1966 -1,
858 855 1967 -1,
1967 855 1968 -1,
855 852 1968 -1,
1968 852 1969 -1,
852 849 1969 -1,
1969 849 1970 -1,
849 846 1970 -1,
1970 846 1971 -1,
846 844 1971 -1,
1971 844 1972 -1,
844 840 1972 -1,
1972 840 1973 -1,
840 838 1973 -1,
1973 838 1974 -1,
838 834 1974 -1,
1974 834 1975 -1,
834 832 1975 -1,
1975 832 1976 -1,
832 828 1976 -1,
1976 828 1977 -1,
828 825 1977 -1,
1977 825 1978 -1,
825 823 1978 -1,
1978 823 1979 -1,
1979 823 1980 -1,
823 820 1980 -1,
1980 816 1981 -1,
820 816 1980 -1,
1981 814 1982 -1,
816 814 1981 -1,
1982 812 1983 -1,
1983 812 1984 -1,
814 812 1982 -1,
812 809 1984 -1,
1984 810 1985 -1,
809 810 1984 -1,
1985 811 1986 -1,
1986 811 1987 -1,
810 811 1985 -1,
811 813 1987 -1,
1987 815 1988 -1,
813 815 1987 -1,
1988 817 1989 -1,
1989 817 1990 -1,
815 817 1988 -1,
817 821 1990 -1,
1990 824 1991 -1,
821 824 1990 -1,
1991 826 1992 -1,
824 826 1991 -1,
1992 829 1993 -1,
826 829 1992 -1,
829 833 1993 -1,
1993 833 1994 -1,
833 835 1994 -1,
1994 835 1995 -1,
835 839 1995 -1,
1995 839 1996 -1,
839 841 1996 -1,
1996 841 1997 -1,
1997 845 1998 -1,
841 845 1997 -1,
1998 847 1999 -1,
845 847 1998 -1,
1999 850 2000 -1,
847 850 1999 -1,
2000 853 2001 -1,
850 853 2000 -1,
2001 856 2002 -1,
2002 856 2003 -1,
853 856 2001 -1,
856 859 2003 -1,
2003 862 2004 -1,
2004 862 2005 -1,
859 862 2003 -1,
862 865 2005 -1,
2005 869 2006 -1,
865 869 2005 -1,
2006 871 2007 -1,
869 871 2006 -1,
2007 875 2008 -1,
871 875 2007 -1,
2008 877 2009 -1,
2009 877 2010 -1,
875 877 2008 -1,
877 881 2010 -1,
2010 883 2011 -1,
881 883 2010 -1,
2011 887 2012 -1,
2012 887 2013 -1,
883 887 2011 -1,
887 889 2013 -1,
2013 892 2014 -1,
2014 892 2015 -1,
889 892 2013 -1,
892 895 2015 -1,
2015 900 2016 -1,
895 900 2015 -1,
2016 903 2017 -1,
900 903 2016 -1,
903 907 2017 -1,
2017 907 2018 -1,
907 911 2018 -1,
2018 911 2019 -1,
911 915 2019 -1,
2019 915 2020 -1,
915 917 2020 -1,
2020 917 2021 -1,
917 920 2021 -1,
2021 920 2022 -1,
920 921 2022 -1,
2022 921 2023 -1,
921 924 2023 -1,
2023 924 2024 -1,
2024 924 2025 -1,
924 926 2025 -1,
926 928 2025 -1,
2025 928 2026 -1,
2026 928 2027 -1,
928 932 2027 -1,
932 934 2027 -1,
2027 934 2028 -1,
934 936 2028 -1,
2028 936 2029 -1,
2029 936 2030 -1,
936 938 2030 -1,
2030 940 2031 -1,
938 940 2030 -1,
2031 942 1906 -1,
940 942 2031 -1,
1040 1068 1072 -1,
1040 1126 1138 -1,
1040 1052 1055 -1,
1040 1143 1025 -1,
1040 1038 1039 -1,
1040 1121 1126 -1,
1040 1041 1042 -1,
1040 1042 1043 -1,
1040 1032 1038 -1,
1040 1077 1080 -1,
1040 1055 1056 -1,
1040 1043 1047 -1,
1040 1025 1032 -1,
1040 1076 1077 -1,
1040 1138 1143 -1,
1040 1080 1081 -1,
1040 1081 1082 -1,
1040 1082 1083 -1,
1040 1083 1084 -1,
1040 1084 1085 -1,
1040 1085 1086 -1,
1040 1086 1087 -1,
1040 1087 1088 -1,
1040 1088 1089 -1,
1040 1089 1090 -1,
1040 1090 1091 -1,
1040 1091 1092 -1,
1040 1092 1093 -1,
1040 1093 1094 -1,
1040 1094 1095 -1,
1040 1095 1096 -1,
1040 1059 1068 -1,
1040 1096 1097 -1,
1040 1097 1098 -1,
1040 1098 1099 -1,
1040 1099 1100 -1,
1040 1100 1101 -1,
1040 1101 1102 -1,
1040 1102 1103 -1,
1040 1103 1104 -1,
1040 1104 1105 -1,
1040 1105 1106 -1,
1040 1106 1107 -1,
1040 1107 1108 -1,
1040 1108 1109 -1,
1040 1109 1110 -1,
1040 1110 1111 -1,
1040 1047 1052 -1,
1040 1111 1112 -1,
1040 1112 1113 -1,
1040 1113 1114 -1,
1040 1114 1115 -1,
1040 1115 1116 -1,
1040 1116 1117 -1,
1040 1117 1118 -1,
1040 1118 1119 -1,
1040 1119 1120 -1,
1040 1120 1121 -1,
1040 1072 1076 -1,
1126 1124 1125 -1,
1126 1121 1122 -1,
1126 1122 1123 -1,
1126 1123 1124 -1,
1077 1078 1079 -1,
1077 1079 1080 -1,
1073 1074 1075 -1,
1072 1073 1075 -1,
1072 1075 1076 -1,
1134 1127 1128 -1,
1134 1128 1129 -1,
1134 1129 1130 -1,
1134 1130 1131 -1,
1134 1131 1132 -1,
1134 1132 1133 -1,
1135 1127 1134 -1,
1137 1135 1136 -1,
1068 1069 1070 -1,
1068 1070 1071 -1,
1068 1071 1072 -1,
1138 1126 1127 -1,
1138 1127 1135 -1,
1138 1135 1137 -1,
1140 1138 1139 -1,
1141 1138 1140 -1,
1064 1065 1066 -1,
1143 1141 1142 -1,
1143 1138 1141 -1,
1145 1143 1144 -1,
1060 1061 1062 -1,
1059 1062 1063 -1,
1059 1063 1064 -1,
1059 1066 1067 -1,
1059 1067 1068 -1,
1059 1064 1066 -1,
1059 1060 1062 -1,
1148 1146 1147 -1,
1056 1057 1058 -1,
1056 1058 1059 -1,
1024 1145 1146 -1,
1024 1148 1149 -1,
1024 1146 1148 -1,
1025 1143 1145 -1,
1025 1145 1024 -1,
1053 1054 1055 -1,
1027 1025 1026 -1,
1052 1053 1055 -1,
1028 1025 1027 -1,
1030 1028 1029 -1,
1049 1050 1051 -1,
1048 1049 1051 -1,
1032 1030 1031 -1,
1032 1025 1028 -1,
1032 1028 1030 -1,
1047 1048 1051 -1,
1047 1051 1052 -1,
1035 1033 1034 -1,
1043 1044 1045 -1,
1043 1045 1046 -1,
1043 1046 1047 -1,
1038 1032 1033 -1,
1038 1035 1036 -1,
1038 1036 1037 -1,
1038 1033 1035 -1,
1040 1056 1059 -1,
1167 1168 1169 -1,
1166 1208 1210 -1,
1166 1163 1164 -1,
1166 1164 1165 -1,
1166 1255 1263 -1,
1166 1174 1185 -1,
1166 1169 1174 -1,
1166 1263 1275 -1,
1166 1250 1255 -1,
1166 1185 1194 -1,
1166 1153 1158 -1,
1166 1201 1202 -1,
1166 1205 1206 -1,
1166 1167 1169 -1,
1166 1206 1207 -1,
1166 1207 1208 -1,
1166 1210 1211 -1,
1166 1211 1212 -1,
1166 1212 1213 -1,
1166 1213 1214 -1,
1166 1214 1215 -1,
1166 1215 1216 -1,
1166 1236 1238 -1,
1166 1216 1217 -1,
1166 1158 1163 -1,
1166 1217 1218 -1,
1166 1218 1219 -1,
1166 1219 1220 -1,
1166 1194 1196 -1,
1166 1220 1221 -1,
1166 1221 1222 -1,
1166 1222 1223 -1,
1166 1223 1224 -1,
1166 1224 1225 -1,
1166 1225 1226 -1,
1166 1226 1227 -1,
1166 1227 1228 -1,
1166 1228 1229 -1,
1166 1229 1230 -1,
1166 1230 1231 -1,
1166 1231 1232 -1,
1166 1232 1233 -1,
1166 1233 1234 -1,
1166 1234 1235 -1,
1166 1235 1236 -1,
1166 1199 1201 -1,
1166 1238 1239 -1,
1166 1239 1240 -1,
1166 1202 1205 -1,
1166 1240 1241 -1,
1166 1241 1242 -1,
1166 1242 1243 -1,
1166 1243 1244 -1,
1166 1244 1245 -1,
1238 1236 1237 -1,
1166 1245 1246 -1,
1166 1246 1247 -1,
1166 1247 1248 -1,
1166 1196 1199 -1,
1166 1275 1153 -1,
1166 1248 1249 -1,
1166 1249 1250 -1,
1208 1209 1210 -1,
1254 1251 1252 -1,
1254 1252 1253 -1,
1255 1250 1251 -1,
1255 1251 1254 -1,
1202 1203 1204 -1,
1202 1204 1205 -1,
1258 1255 1256 -1,
1258 1256 1257 -1,
1199 1200 1201 -1,
1259 1255 1258 -1,
1196 1197 1198 -1,
1196 1198 1199 -1,
1262 1260 1261 -1,
1263 1259 1260 -1,
1263 1255 1259 -1,
1263 1260 1262 -1,
1194 1195 1196 -1,
1266 1263 1264 -1,
1266 1264 1265 -1,
1269 1266 1267 -1,
1269 1267 1268 -1,
1269 1263 1266 -1,
1188 1189 1190 -1,
1188 1190 1191 -1,
1271 1269 1270 -1,
1186 1187 1188 -1,
1185 1186 1188 -1,
1185 1188 1191 -1,
1185 1191 1192 -1,
1185 1192 1193 -1,
1185 1193 1194 -1,
1273 1271 1272 -1,
1273 1263 1269 -1,
1273 1269 1271 -1,
1275 1273 1274 -1,
1275 1263 1273 -1,
1152 1150 1151 -1,
1152 1275 1150 -1,
1153 1275 1152 -1,
1177 1178 1179 -1,
1177 1179 1180 -1,
1156 1153 1154 -1,
1156 1154 1155 -1,
1175 1176 1177 -1,
1174 1175 1177 -1,
1174 1177 1180 -1,
1174 1180 1181 -1,
1174 1181 1182 -1,
1174 1182 1183 -1,
1174 1183 1184 -1,
1174 1184 1185 -1,
1158 1156 1157 -1,
1158 1153 1156 -1,
1160 1158 1159 -1,
1170 1171 1172 -1,
1170 1172 1173 -1,
1162 1160 1161 -1,
1162 1158 1160 -1,
1169 1170 1173 -1,
1169 1173 1174 -1,
1163 1158 1162 -1,
1361 1359 1360 -1,
1365 1362 1363 -1,
1365 1363 1364 -1,
1367 1365 1366 -1,
1334 1335 1336 -1,
1334 1336 1337 -1,
1377 1374 1375 -1,
1377 1375 1376 -1,
1378 1374 1377 -1,
1330 1331 1332 -1,
1330 1332 1333 -1,
1383 1380 1381 -1,
1383 1381 1382 -1,
1384 1378 1379 -1,
1384 1379 1380 -1,
1384 1380 1383 -1,
1325 1326 1327 -1,
1324 1325 1327 -1,
1386 1384 1385 -1,
1387 1384 1386 -1,
1388 1384 1387 -1,
1389 1384 1388 -1,
1320 1321 1322 -1,
1320 1322 1323 -1,
1320 1324 1327 -1,
1320 1323 1324 -1,
1320 1327 1328 -1,
1320 1328 1329 -1,
1320 1329 1330 -1,
1390 1384 1389 -1,
1392 1390 1391 -1,
1317 1318 1319 -1,
1394 1392 1393 -1,
1394 1390 1392 -1,
1315 1317 1319 -1,
1315 1316 1317 -1,
1395 1390 1394 -1,
1313 1314 1315 -1,
1397 1395 1396 -1,
1397 1390 1395 -1,
1312 1313 1315 -1,
1399 1397 1398 -1,
1399 1390 1397 -1,
1309 1310 1311 -1,
1401 1399 1400 -1,
1277 1401 1276 -1,
1304 1305 1306 -1,
1303 1306 1307 -1,
1303 1307 1308 -1,
1303 1304 1306 -1,
1281 1278 1279 -1,
1281 1279 1280 -1,
1282 1277 1278 -1,
1282 1278 1281 -1,
1300 1301 1302 -1,
1300 1302 1303 -1,
1284 1282 1283 -1,
1285 1282 1284 -1,
1296 1297 1298 -1,
1296 1298 1299 -1,
1288 1285 1286 -1,
1288 1286 1287 -1,
1295 1296 1299 -1,
1295 1299 1300 -1,
1290 1288 1289 -1,
1290 1282 1285 -1,
1290 1285 1288 -1,
1293 1294 1295 -1,
1293 1295 1300 -1,
1292 1277 1282 -1,
1292 1378 1384 -1,
1292 1290 1291 -1,
1292 1374 1378 -1,
1292 1282 1290 -1,
1292 1308 1309 -1,
1292 1390 1399 -1,
1292 1311 1312 -1,
1292 1293 1300 -1,
1292 1334 1337 -1,
1292 1319 1320 -1,
1292 1359 1361 -1,
1292 1365 1367 -1,
1292 1333 1334 -1,
1292 1320 1330 -1,
1292 1337 1338 -1,
1292 1309 1311 -1,
1292 1338 1339 -1,
1292 1303 1308 -1,
1292 1384 1390 -1,
1292 1339 1340 -1,
1292 1340 1341 -1,
1292 1341 1342 -1,
1292 1342 1343 -1,
1292 1343 1344 -1,
1292 1344 1345 -1,
1292 1362 1365 -1,
1292 1345 1346 -1,
1292 1346 1347 -1,
1292 1347 1348 -1,
1292 1348 1349 -1,
1292 1349 1350 -1,
1292 1350 1351 -1,
1292 1330 1333 -1,
1292 1351 1352 -1,
1292 1352 1353 -1,
1292 1353 1354 -1,
1292 1354 1355 -1,
1292 1355 1356 -1,
1292 1356 1357 -1,
1292 1357 1358 -1,
1292 1358 1359 -1,
1292 1315 1319 -1,
1292 1361 1362 -1,
1292 1401 1277 -1,
1292 1367 1368 -1,
1292 1368 1369 -1,
1292 1369 1370 -1,
1292 1370 1371 -1,
1292 1371 1372 -1,
1292 1300 1303 -1,
1292 1399 1401 -1,
1292 1372 1373 -1,
1292 1373 1374 -1,
1292 1312 1315 -1,
1417 1410 1416 -1,
1418 1503 1504 -1,
1418 1504 1505 -1,
1418 1420 1426 -1,
1418 1500 1503 -1,
1418 1419 1420 -1,
1418 1457 1459 -1,
1418 1505 1511 -1,
1418 1511 1518 -1,
1418 1443 1445 -1,
1418 1448 1450 -1,
1418 1433 1434 -1,
1418 1403 1408 -1,
1418 1518 1525 -1,
1418 1445 1446 -1,
1418 1452 1453 -1,
1418 1453 1454 -1,
1418 1426 1433 -1,
1418 1459 1460 -1,
1418 1460 1461 -1,
1418 1461 1462 -1,
1418 1450 1452 -1,
1418 1462 1463 -1,
1418 1463 1464 -1,
1418 1454 1457 -1,
1418 1410 1417 -1,
1418 1464 1465 -1,
1418 1465 1466 -1,
1418 1446 1448 -1,
1418 1466 1467 -1,
1418 1467 1468 -1,
1418 1468 1469 -1,
1418 1469 1470 -1,
1418 1470 1471 -1,
1418 1471 1472 -1,
1418 1472 1473 -1,
1418 1473 1474 -1,
1418 1474 1475 -1,
1418 1475 1476 -1,
1418 1476 1477 -1,
1418 1477 1478 -1,
1418 1437 1443 -1,
1418 1478 1479 -1,
1418 1479 1480 -1,
1418 1525 1403 -1,
1418 1480 1481 -1,
1418 1481 1482 -1,
1418 1482 1483 -1,
1418 1483 1484 -1,
1418 1484 1485 -1,
1418 1485 1486 -1,
1418 1486 1487 -1,
1418 1487 1488 -1,
1418 1488 1489 -1,
1418 1489 1490 -1,
1418 1490 1491 -1,
1418 1434 1437 -1,
1418 1491 1492 -1,
1418 1492 1493 -1,
1418 1493 1494 -1,
1418 1494 1495 -1,
1418 1495 1496 -1,
1418 1496 1497 -1,
1418 1408 1410 -1,
1418 1497 1498 -1,
1418 1498 1499 -1,
1418 1499 1500 -1,
1503 1500 1501 -1,
1503 1501 1502 -1,
1457 1458 1459 -1,
1454 1455 1456 -1,
1454 1456 1457 -1,
1509 1506 1507 -1,
1509 1507 1508 -1,
1511 1505 1506 -1,
1511 1509 1510 -1,
1511 1506 1509 -1,
1450 1451 1452 -1,
1448 1449 1450 -1,
1514 1512 1513 -1,
1446 1447 1448 -1,
1516 1514 1515 -1,
1516 1512 1514 -1,
1517 1511 1512 -1,
1517 1512 1516 -1,
1518 1511 1517 -1,
1443 1444 1445 -1,
1439 1440 1441 -1,
1439 1441 1442 -1,
1439 1442 1443 -1,
1523 1521 1522 -1,
1524 1521 1523 -1,
1437 1438 1439 -1,
1437 1439 1443 -1,
1525 1518 1519 -1,
1525 1519 1520 -1,
1525 1520 1521 -1,
1525 1521 1524 -1,
1434 1435 1436 -1,
1434 1436 1437 -1,
1403 1525 1526 -1,
1403 1526 1527 -1,
1403 1527 1402 -1,
1406 1403 1404 -1,
1406 1404 1405 -1,
1428 1429 1430 -1,
1408 1406 1407 -1,
1408 1403 1406 -1,
1427 1428 1430 -1,
1426 1427 1430 -1,
1426 1430 1431 -1,
1426 1431 1432 -1,
1426 1432 1433 -1,
1410 1408 1409 -1,
1422 1423 1424 -1,
1422 1424 1425 -1,
1414 1412 1413 -1,
1421 1425 1426 -1,
1421 1422 1425 -1,
1415 1410 1411 -1,
1415 1411 1412 -1,
1415 1412 1414 -1,
1420 1421 1426 -1,
1416 1410 1415 -1,
1544 1641 1644 -1,
1544 1582 1584 -1,
1544 1566 1569 -1,
1544 1553 1563 -1,
1544 1625 1629 -1,
1544 1545 1546 -1,
1544 1546 1553 -1,
1544 1574 1582 -1,
1544 1629 1636 -1,
1544 1535 1538 -1,
1544 1636 1641 -1,
1544 1584 1585 -1,
1544 1538 1543 -1,
1544 1585 1586 -1,
1544 1586 1587 -1,
1544 1587 1588 -1,
1544 1588 1589 -1,
1544 1589 1590 -1,
1544 1590 1591 -1,
1544 1591 1592 -1,
1544 1592 1593 -1,
1544 1593 1594 -1,
1544 1594 1595 -1,
1544 1595 1596 -1,
1544 1596 1597 -1,
1544 1597 1598 -1,
1544 1598 1599 -1,
1544 1644 1647 -1,
1544 1599 1600 -1,
1544 1600 1601 -1,
1544 1601 1602 -1,
1544 1602 1603 -1,
1544 1603 1604 -1,
1544 1569 1574 -1,
1544 1604 1605 -1,
1544 1605 1606 -1,
1544 1617 1619 -1,
1544 1606 1607 -1,
1544 1607 1608 -1,
1544 1608 1609 -1,
1544 1609 1610 -1,
1544 1610 1611 -1,
1544 1611 1612 -1,
1544 1612 1613 -1,
1544 1613 1614 -1,
1544 1614 1615 -1,
1544 1615 1616 -1,
1544 1616 1617 -1,
1544 1563 1566 -1,
1544 1619 1620 -1,
1544 1531 1535 -1,
1544 1620 1621 -1,
1544 1647 1653 -1,
1544 1621 1622 -1,
1544 1653 1531 -1,
1544 1622 1623 -1,
1544 1623 1624 -1,
1544 1624 1625 -1,
1619 1617 1618 -1,
1629 1625 1626 -1,
1629 1626 1627 -1,
1629 1627 1628 -1,
1582 1583 1584 -1,
1633 1631 1632 -1,
1634 1631 1633 -1,
1635 1629 1630 -1,
1635 1630 1631 -1,
1635 1631 1634 -1,
1636 1629 1635 -1,
1577 1578 1579 -1,
1639 1636 1637 -1,
1639 1637 1638 -1,
1574 1575 1576 -1,
1574 1576 1577 -1,
1574 1579 1580 -1,
1574 1580 1581 -1,
1574 1581 1582 -1,
1574 1577 1579 -1,
1640 1636 1639 -1,
1641 1636 1640 -1,
1570 1571 1572 -1,
1570 1572 1573 -1,
1570 1573 1574 -1,
1644 1641 1642 -1,
1644 1642 1643 -1,
1569 1570 1574 -1,
1567 1568 1569 -1,
1647 1644 1645 -1,
1647 1645 1646 -1,
1566 1567 1569 -1,
1649 1647 1648 -1,
1650 1647 1649 -1,
1563 1564 1565 -1,
1563 1565 1566 -1,
1653 1650 1651 -1,
1653 1651 1652 -1,
1653 1647 1650 -1,
1530 1528 1529 -1,
1530 1653 1528 -1,
1531 1653 1530 -1,
1555 1556 1557 -1,
1555 1557 1558 -1,
1555 1558 1559 -1,
1555 1559 1560 -1,
1533 1531 1532 -1,
1553 1555 1560 -1,
1553 1554 1555 -1,
1553 1560 1561 -1,
1553 1561 1562 -1,
1553 1562 1563 -1,
1535 1531 1533 -1,
1535 1533 1534 -1,
1551 1552 1553 -1,
1538 1535 1536 -1,
1538 1536 1537 -1,
1549 1550 1551 -1,
1549 1551 1553 -1,
1540 1538 1539 -1,
1547 1549 1553 -1,
1547 1548 1549 -1,
1546 1547 1553 -1,
1542 1540 1541 -1,
1543 1538 1540 -1,
1543 1540 1542 -1,
1670 1767 1770 -1,
1670 1708 1710 -1,
1670 1692 1695 -1,
1670 1679 1689 -1,
1670 1751 1755 -1,
1670 1671 1672 -1,
1670 1672 1679 -1,
1670 1700 1708 -1,
1670 1755 1762 -1,
1670 1661 1664 -1,
1670 1762 1767 -1,
1670 1710 1711 -1,
1670 1664 1669 -1,
1670 1711 1712 -1,
1670 1712 1713 -1,
1670 1713 1714 -1,
1670 1714 1715 -1,
1670 1715 1716 -1,
1670 1716 1717 -1,
1670 1717 1718 -1,
1670 1718 1719 -1,
1670 1719 1720 -1,
1670 1720 1721 -1,
1670 1721 1722 -1,
1670 1722 1723 -1,
1670 1723 1724 -1,
1670 1724 1725 -1,
1670 1770 1773 -1,
1670 1725 1726 -1,
1670 1726 1727 -1,
1670 1727 1728 -1,
1670 1728 1729 -1,
1670 1729 1730 -1,
1670 1695 1700 -1,
1670 1730 1731 -1,
1670 1731 1732 -1,
1670 1743 1745 -1,
1670 1732 1733 -1,
1670 1733 1734 -1,
1670 1734 1735 -1,
1670 1735 1736 -1,
1670 1736 1737 -1,
1670 1737 1738 -1,
1670 1738 1739 -1,
1670 1739 1740 -1,
1670 1740 1741 -1,
1670 1741 1742 -1,
1670 1742 1743 -1,
1670 1689 1692 -1,
1670 1745 1746 -1,
1670 1657 1661 -1,
1670 1746 1747 -1,
1670 1773 1779 -1,
1670 1747 1748 -1,
1670 1779 1657 -1,
1670 1748 1749 -1,
1670 1749 1750 -1,
1670 1750 1751 -1,
1745 1743 1744 -1,
1755 1751 1752 -1,
1755 1752 1753 -1,
1755 1753 1754 -1,
1708 1709 1710 -1,
1759 1757 1758 -1,
1760 1757 1759 -1,
1761 1755 1756 -1,
1761 1756 1757 -1,
1761 1757 1760 -1,
1762 1755 1761 -1,
1703 1704 1705 -1,
1765 1762 1763 -1,
1765 1763 1764 -1,
1700 1701 1702 -1,
1700 1702 1703 -1,
1700 1705 1706 -1,
1700 1706 1707 -1,
1700 1707 1708 -1,
1700 1703 1705 -1,
1766 1762 1765 -1,
1767 1762 1766 -1,
1696 1697 1698 -1,
1696 1698 1699 -1,
1696 1699 1700 -1,
1770 1767 1768 -1,
1770 1768 1769 -1,
1695 1696 1700 -1,
1693 1694 1695 -1,
1773 1770 1771 -1,
1773 1771 1772 -1,
1692 1693 1695 -1,
1775 1773 1774 -1,
1776 1773 1775 -1,
1689 1690 1691 -1,
1689 1691 1692 -1,
1779 1776 1777 -1,
1779 1777 1778 -1,
1779 1773 1776 -1,
1656 1654 1655 -1,
1656 1779 1654 -1,
1657 1779 1656 -1,
1681 1682 1683 -1,
1681 1683 1684 -1,
1681 1684 1685 -1,
1681 1685 1686 -1,
1659 1657 1658 -1,
1679 1681 1686 -1,
1679 1680 1681 -1,
1679 1686 1687 -1,
1679 1687 1688 -1,
1679 1688 1689 -1,
1661 1657 1659 -1,
1661 1659 1660 -1,
1677 1678 1679 -1,
1664 1661 1662 -1,
1664 1662 1663 -1,
1675 1676 1677 -1,
1675 1677 1679 -1,
1666 1664 1665 -1,
1673 1675 1679 -1,
1673 1674 1675 -1,
1672 1673 1679 -1,
1668 1666 1667 -1,
1669 1664 1666 -1,
1669 1666 1668 -1,
1795 1792 1794 -1,
1796 1881 1882 -1,
1796 1903 1781 -1,
1796 1800 1804 -1,
1796 1877 1881 -1,
1796 1792 1795 -1,
1796 1834 1836 -1,
1796 1811 1812 -1,
1796 1882 1888 -1,
1796 1829 1833 -1,
1796 1827 1829 -1,
1796 1823 1824 -1,
1796 1804 1808 -1,
1796 1888 1896 -1,
1796 1812 1815 -1,
1796 1833 1834 -1,
1796 1797 1800 -1,
1796 1836 1837 -1,
1796 1837 1838 -1,
1796 1838 1839 -1,
1796 1839 1840 -1,
1796 1840 1841 -1,
1796 1841 1842 -1,
1796 1786 1792 -1,
1796 1842 1843 -1,
1796 1843 1844 -1,
1796 1844 1845 -1,
1796 1845 1846 -1,
1796 1866 1868 -1,
1796 1846 1847 -1,
1796 1847 1848 -1,
1796 1781 1786 -1,
1796 1848 1849 -1,
1796 1849 1850 -1,
1796 1850 1851 -1,
1796 1851 1852 -1,
1796 1852 1853 -1,
1796 1853 1854 -1,
1796 1815 1823 -1,
1796 1854 1855 -1,
1796 1855 1856 -1,
1796 1856 1857 -1,
1796 1900 1903 -1,
1796 1857 1858 -1,
1796 1869 1871 -1,
1796 1858 1859 -1,
1796 1859 1860 -1,
1796 1860 1861 -1,
1796 1861 1862 -1,
1796 1862 1863 -1,
1796 1863 1864 -1,
1796 1864 1865 -1,
1796 1865 1866 -1,
1796 1868 1869 -1,
1796 1824 1827 -1,
1796 1896 1900 -1,
1796 1871 1872 -1,
1796 1872 1873 -1,
1796 1873 1874 -1,
1796 1874 1875 -1,
1796 1875 1876 -1,
1796 1808 1811 -1,
1796 1876 1877 -1,
1868 1866 1867 -1,
1871 1869 1870 -1,
1881 1877 1878 -1,
1881 1878 1879 -1,
1881 1879 1880 -1,
1834 1835 1836 -1,
1887 1884 1885 -1,
1887 1885 1886 -1,
1888 1882 1883 -1,
1888 1883 1884 -1,
1888 1884 1887 -1,
1829 1830 1831 -1,
1829 1831 1832 -1,
1829 1832 1833 -1,
1890 1888 1889 -1,
1827 1828 1829 -1,
1893 1890 1891 -1,
1893 1891 1892 -1,
1824 1825 1826 -1,
1824 1826 1827 -1,
1894 1890 1893 -1,
1894 1888 1890 -1,
1896 1894 1895 -1,
1896 1888 1894 -1,
1820 1821 1822 -1,
1900 1896 1897 -1,
1900 1897 1898 -1,
1900 1898 1899 -1,
1817 1818 1819 -1,
1816 1817 1819 -1,
1902 1900 1901 -1,
1815 1819 1820 -1,
1815 1822 1823 -1,
1815 1820 1822 -1,
1815 1816 1819 -1,
1903 1900 1902 -1,
1812 1813 1814 -1,
1812 1814 1815 -1,
1781 1903 1904 -1,
1781 1904 1905 -1,
1781 1905 1780 -1,
1808 1809 1810 -1,
1808 1810 1811 -1,
1785 1781 1782 -1,
1785 1782 1783 -1,
1785 1783 1784 -1,
1786 1781 1785 -1,
1805 1806 1807 -1,
1805 1807 1808 -1,
1804 1805 1808 -1,
1790 1787 1788 -1,
1790 1788 1789 -1,
1791 1787 1790 -1,
1800 1801 1802 -1,
1800 1802 1803 -1,
1800 1803 1804 -1,
1792 1786 1787 -1,
1792 1787 1791 -1,
1794 1792 1793 -1,
1797 1798 1799 -1,
1797 1799 1800 -1,
1921 1918 1920 -1,
1922 2007 2008 -1,
1922 2029 1907 -1,
1922 1926 1930 -1,
1922 2003 2007 -1,
1922 1918 1921 -1,
1922 1960 1962 -1,
1922 1937 1938 -1,
1922 2008 2014 -1,
1922 1955 1959 -1,
1922 1953 1955 -1,
1922 1949 1950 -1,
1922 1930 1934 -1,
1922 2014 2022 -1,
1922 1938 1941 -1,
1922 1959 1960 -1,
1922 1923 1926 -1,
1922 1962 1963 -1,
1922 1963 1964 -1,
1922 1964 1965 -1,
1922 1965 1966 -1,
1922 1966 1967 -1,
1922 1967 1968 -1,
1922 1912 1918 -1,
1922 1968 1969 -1,
1922 1969 1970 -1,
1922 1970 1971 -1,
1922 1971 1972 -1,
1922 1992 1994 -1,
1922 1972 1973 -1,
1922 1973 1974 -1,
1922 1907 1912 -1,
1922 1974 1975 -1,
1922 1975 1976 -1,
1922 1976 1977 -1,
1922 1977 1978 -1,
1922 1978 1979 -1,
1922 1979 1980 -1,
1922 1941 1949 -1,
1922 1980 1981 -1,
1922 1981 1982 -1,
1922 1982 1983 -1,
1922 2026 2029 -1,
1922 1983 1984 -1,
1922 1995 1997 -1,
1922 1984 1985 -1,
1922 1985 1986 -1,
1922 1986 1987 -1,
1922 1987 1988 -1,
1922 1988 1989 -1,
1922 1989 1990 -1,
1922 1990 1991 -1,
1922 1991 1992 -1,
1922 1994 1995 -1,
1922 1950 1953 -1,
1922 2022 2026 -1,
1922 1997 1998 -1,
1922 1998 1999 -1,
1922 1999 2000 -1,
1922 2000 2001 -1,
1922 2001 2002 -1,
1922 1934 1937 -1,
1922 2002 2003 -1,
1994 1992 1993 -1,
1997 1995 1996 -1,
2007 2003 2004 -1,
2007 2004 2005 -1,
2007 2005 2006 -1,
1960 1961 1962 -1,
2013 2010 2011 -1,
2013 2011 2012 -1,
2014 2008 2009 -1,
2014 2009 2010 -1,
2014 2010 2013 -1,
1955 1956 1957 -1,
1955 1957 1958 -1,
1955 1958 1959 -1,
2016 2014 2015 -1,
1953 1954 1955 -1,
2019 2016 2017 -1,
2019 2017 2018 -1,
1950 1951 1952 -1,
1950 1952 1953 -1,
2020 2016 2019 -1,
2020 2014 2016 -1,
2022 2020 2021 -1,
2022 2014 2020 -1,
1946 1947 1948 -1,
2026 2022 2023 -1,
2026 2023 2024 -1,
2026 2024 2025 -1,
1943 1944 1945 -1,
1942 1943 1945 -1,
2028 2026 2027 -1,
1941 1945 1946 -1,
1941 1948 1949 -1,
1941 1946 1948 -1,
1941 1942 1945 -1,
2029 2026 2028 -1,
1938 1939 1940 -1,
1938 1940 1941 -1,
1907 2029 2030 -1,
1907 2030 2031 -1,
1907 2031 1906 -1,
1934 1935 1936 -1,
1934 1936 1937 -1,
1911 1907 1908 -1,
1911 1908 1909 -1,
1911 1909 1910 -1,
1912 1907 1911 -1,
1931 1932 1933 -1,
1931 1933 1934 -1,
1930 1931 1934 -1,
1916 1913 1914 -1,
1916 1914 1915 -1,
1917 1913 1916 -1,
1926 1927 1928 -1,
1926 1928 1929 -1,
1926 1929 1930 -1,
1918 1912 1913 -1,
1918 1913 1917 -1,
1920 1918 1919 -1,
1923 1924 1925 -1,
1923 1925 1926 -1 ] } }
Shape { appearance Appearance { material Material { diffuseColor 0.1 0.105 0.11 } } geometry IndexedFaceSet { solid FALSE coord Coordinate { point [ 0.200787 -3.375984 2.244094,
0.200787 -3.375984 3.543307,
0.200787 0.375984 2.244094,
0.200787 0.375984 3.543307,
2.799213 -3.375984 2.244094,
2.799213 -3.375984 3.543307,
1.211095 0.204982 3.543307,
1.224805 0.190895 3.543307,
1.239201 0.177510 3.543307,
1.198105 0.219736 3.543307,
1.254247 0.164860 3.543307,
1.185868 0.235120 3.543307,
1.269906 0.152977 3.543307,
1.174414 0.251096 3.543307,
1.286139 0.141890 3.543307,
1.163771 0.267623 3.543307,
1.302905 0.131628 3.543307,
1.153967 0.284661 3.543307,
1.320162 0.122215 3.543307,
1.145025 0.302167 3.543307,
1.337867 0.113675 3.543307,
1.136969 0.320097 3.543307,
1.355977 0.106029 3.543307,
1.129817 0.338408 3.543307,
1.374446 0.099297 3.543307,
1.123588 0.357052 3.543307,
1.393227 0.093495 3.543307,
1.118298 0.375984 3.543307,
1.412275 0.088638 3.543307,
1.431542 0.084738 3.543307,
1.450979 0.081804 3.543307,
1.470538 0.079844 3.543307,
1.490171 0.078863 3.543307,
1.509829 0.078863 3.543307,
1.529462 0.079844 3.543307,
1.549021 0.081804 3.543307,
1.568458 0.084738 3.543307,
1.587725 0.088638 3.543307,
1.606773 0.093495 3.543307,
1.625554 0.099297 3.543307,
1.644023 0.106029 3.543307,
1.662133 0.113675 3.543307,
1.679838 0.122215 3.543307,
1.697095 0.131628 3.543307,
2.799213 0.375984 3.543307,
1.713861 0.141890 3.543307,
1.730094 0.152977 3.543307,
1.745753 0.164860 3.543307,
1.760799 0.177510 3.543307,
1.775195 0.190895 3.543307,
1.788905 0.204982 3.543307,
1.801895 0.219736 3.543307,
1.814132 0.235120 3.543307,
1.825586 0.251096 3.543307,
1.836229 0.267623 3.543307,
1.846033 0.284661 3.543307,
1.854975 0.302167 3.543307,
1.863031 0.320097 3.543307,
1.870183 0.338408 3.543307,
1.876412 0.357052 3.543307,
1.881702 0.375984 3.543307,
1.118298 0.375984 3.346457,
1.881702 0.375984 3.346457,
2.799213 0.375984 2.244094,
1.123588 0.357052 3.346457,
1.129817 0.338408 3.346457,
1.136969 0.320097 3.346457,
1.145025 0.302167 3.346457,
1.153967 0.284661 3.346457,
1.163771 0.267623 3.346457,
1.174414 0.251096 3.346457,
1.185868 0.235120 3.346457,
1.198105 0.219736 3.346457,
1.211095 0.204982 3.346457,
1.224805 0.190895 3.346457,
1.239201 0.177510 3.346457,
1.254247 0.164860 3.346457,
1.269906 0.152977 3.346457,
1.286139 0.141890 3.346457,
1.302905 0.131628 3.346457,
1.320162 0.122215 3.346457,
1.337867 0.113675 3.346457,
1.355977 0.106029 3.346457,
1.374446 0.099297 3.346457,
1.393227 0.093495 3.346457,
1.412275 0.088638 3.346457,
1.431542 0.084738 3.346457,
1.450979 0.081804 3.346457,
1.470538 0.079844 3.346457,
1.490171 0.078863 3.346457,
1.509829 0.078863 3.346457,
1.529462 0.079844 3.346457,
1.549021 0.081804 3.346457,
1.568458 0.084738 3.346457,
1.587725 0.088638 3.346457,
1.606773 0.093495 3.346457,
1.625554 0.099297 3.346457,
1.644023 0.106029 3.346457,
1.662133 0.113675 3.346457,
1.679838 0.122215 3.346457,
1.697095 0.131628 3.346457,
1.713861 0.141890 3.346457,
1.730094 0.152977 3.346457,
1.745753 0.164860 3.346457,
1.760799 0.177510 3.346457,
1.775195 0.190895 3.346457,
1.788905 0.204982 3.346457,
1.801895 0.219736 3.346457,
1.814132 0.235120 3.346457,
1.825586 0.251096 3.346457,
1.836229 0.267623 3.346457,
1.846033 0.284661 3.346457,
1.854975 0.302167 3.346457,
1.863031 0.320097 3.346457,
1.870183 0.338408 3.346457,
1.876412 0.357052 3.346457 ] } coordIndex [ 0 1 2 -1,
2 1 3 -1,
4 5 0 -1,
0 5 1 -1,
6 3 7 -1,
8 7 3 -1,
9 3 6 -1,
10 8 3 -1,
11 3 9 -1,
12 10 3 -1,
13 3 11 -1,
14 12 3 -1,
15 3 13 -1,
16 3 1 -1,
16 14 3 -1,
17 3 15 -1,
18 16 1 -1,
19 3 17 -1,
20 18 1 -1,
21 3 19 -1,
22 20 1 -1,
23 3 21 -1,
24 22 1 -1,
25 3 23 -1,
26 24 1 -1,
27 3 25 -1,
28 26 1 -1,
29 28 1 -1,
30 29 1 -1,
31 30 1 -1,
32 1 5 -1,
32 31 1 -1,
33 32 5 -1,
34 33 5 -1,
35 34 5 -1,
36 35 5 -1,
37 36 5 -1,
38 37 5 -1,
39 38 5 -1,
40 39 5 -1,
41 40 5 -1,
42 41 5 -1,
43 42 5 -1,
44 43 5 -1,
44 45 43 -1,
44 46 45 -1,
44 47 46 -1,
44 48 47 -1,
44 49 48 -1,
44 50 49 -1,
44 51 50 -1,
44 52 51 -1,
44 53 52 -1,
44 54 53 -1,
44 55 54 -1,
44 56 55 -1,
44 57 56 -1,
44 58 57 -1,
44 59 58 -1,
44 60 59 -1,
61 2 3 -1,
27 61 3 -1,
62 63 2 -1,
62 2 61 -1,
44 62 60 -1,
44 63 62 -1,
2 63 0 -1,
0 63 4 -1,
5 4 63 -1,
5 63 44 -1,
61 27 64 -1,
64 25 65 -1,
27 25 64 -1,
65 23 66 -1,
25 23 65 -1,
66 21 67 -1,
23 21 66 -1,
67 19 68 -1,
21 19 67 -1,
68 17 69 -1,
19 17 68 -1,
69 15 70 -1,
17 15 69 -1,
70 13 71 -1,
15 13 70 -1,
71 11 72 -1,
13 11 71 -1,
72 9 73 -1,
11 9 72 -1,
73 6 74 -1,
9 6 73 -1,
74 7 75 -1,
6 7 74 -1,
75 8 76 -1,
7 8 75 -1,
76 10 77 -1,
8 10 76 -1,
77 12 78 -1,
10 12 77 -1,
78 14 79 -1,
12 14 78 -1,
79 16 80 -1,
14 16 79 -1,
80 18 81 -1,
16 18 80 -1,
81 20 82 -1,
18 20 81 -1,
20 22 82 -1,
82 24 83 -1,
83 24 84 -1,
22 24 82 -1,
84 26 85 -1,
24 26 84 -1,
26 28 85 -1,
28 29 85 -1,
85 29 86 -1,
86 29 87 -1,
29 30 87 -1,
87 30 88 -1,
30 31 88 -1,
88 31 89 -1,
31 32 89 -1,
32 33 89 -1,
89 33 90 -1,
90 33 91 -1,
33 34 91 -1,
91 34 92 -1,
34 35 92 -1,
35 36 92 -1,
92 36 93 -1,
93 36 94 -1,
36 37 94 -1,
94 38 95 -1,
37 38 94 -1,
95 39 96 -1,
96 39 97 -1,
38 39 95 -1,
39 40 97 -1,
97 41 98 -1,
98 41 99 -1,
40 41 97 -1,
41 42 99 -1,
99 43 100 -1,
42 43 99 -1,
100 45 101 -1,
101 45 102 -1,
43 45 100 -1,
102 46 103 -1,
45 46 102 -1,
46 47 103 -1,
103 48 104 -1,
104 48 105 -1,
47 48 103 -1,
48 49 105 -1,
105 50 106 -1,
49 50 105 -1,
106 51 107 -1,
107 51 108 -1,
50 51 106 -1,
51 52 108 -1,
108 53 109 -1,
52 53 108 -1,
109 54 110 -1,
110 54 111 -1,
53 54 109 -1,
54 55 111 -1,
111 55 112 -1,
55 56 112 -1,
56 57 112 -1,
112 57 113 -1,
57 58 113 -1,
113 58 114 -1,
114 58 115 -1,
58 59 115 -1,
59 60 115 -1,
115 60 62 -1,
61 64 65 -1,
61 65 66 -1,
61 66 67 -1,
61 67 68 -1,
61 68 69 -1,
61 69 70 -1,
61 70 71 -1,
85 83 84 -1,
94 91 92 -1,
94 92 93 -1,
99 95 96 -1,
99 96 97 -1,
99 97 98 -1,
101 95 99 -1,
101 99 100 -1,
102 95 101 -1,
103 86 87 -1,
103 87 88 -1,
103 88 89 -1,
103 89 90 -1,
103 90 91 -1,
103 94 95 -1,
103 91 94 -1,
103 95 102 -1,
105 103 104 -1,
108 105 106 -1,
108 106 107 -1,
109 103 105 -1,
109 105 108 -1,
113 109 110 -1,
113 110 111 -1,
113 111 112 -1,
62 71 72 -1,
62 72 73 -1,
62 73 74 -1,
62 74 75 -1,
62 75 76 -1,
62 76 77 -1,
62 77 78 -1,
62 86 103 -1,
62 78 79 -1,
62 79 80 -1,
62 80 81 -1,
62 81 82 -1,
62 82 83 -1,
62 85 86 -1,
62 103 109 -1,
62 109 113 -1,
62 113 114 -1,
62 114 115 -1,
62 83 85 -1,
62 61 71 -1 ] } }
Shape { appearance Appearance { material Material { diffuseColor 0.45 0.47 0.48 } } geometry IndexedFaceSet { solid FALSE coord Coordinate { point [ 0.669120 0.046239 3.551181,
0.669291 0.039370 3.551181,
0.669291 0.039370 3.535433,
0.669120 0.046239 3.535433,
0.668607 0.053090 3.551181,
0.668607 0.053090 3.535433,
0.667752 0.059907 3.551181,
0.667752 0.059907 3.535433,
0.666559 0.066674 3.551181,
0.666559 0.066674 3.535433,
0.665030 0.073372 3.551181,
0.665030 0.073372 3.535433,
0.663169 0.079986 3.551181,
0.663169 0.079986 3.535433,
0.660981 0.086499 3.551181,
0.660981 0.086499 3.535433,
0.658471 0.092895 3.551181,
0.658471 0.092895 3.535433,
0.655645 0.099157 3.551181,
0.655645 0.099157 3.535433,
0.652511 0.105271 3.551181,
0.652511 0.105271 3.535433,
0.649076 0.111221 3.551181,
0.649076 0.111221 3.535433,
0.645348 0.116993 3.551181,
0.645348 0.116993 3.535433,
0.641337 0.122571 3.551181,
0.641337 0.122571 3.535433,
0.637053 0.127943 3.551181,
0.637053 0.127943 3.535433,
0.632507 0.133095 3.551181,
0.632507 0.133095 3.535433,
0.627710 0.138013 3.551181,
0.627710 0.138013 3.535433,
0.622673 0.142686 3.551181,
0.622673 0.142686 3.535433,
0.617410 0.147103 3.551181,
0.617410 0.147103 3.535433,
0.611933 0.151251 3.551181,
0.611933 0.151251 3.535433,
0.606256 0.155122 3.551181,
0.606256 0.155122 3.535433,
0.600394 0.158704 3.535433,
0.600394 0.158704 3.551181,
0.594360 0.161990 3.551181,
0.594360 0.161990 3.535433,
0.588169 0.164971 3.551181,
0.588169 0.164971 3.535433,
0.581838 0.167640 3.551181,
0.581838 0.167640 3.535433,
0.575382 0.169990 3.551181,
0.575382 0.169990 3.535433,
0.568817 0.172015 3.551181,
0.568817 0.172015 3.535433,
0.562158 0.173711 3.551181,
0.562158 0.173711 3.535433,
0.555424 0.175072 3.551181,
0.555424 0.175072 3.535433,
0.548630 0.176096 3.551181,
0.548630 0.176096 3.535433,
0.541794 0.176780 3.535433,
0.541794 0.176780 3.551181,
0.534931 0.177123 3.551181,
0.534931 0.177123 3.535433,
0.528061 0.177123 3.551181,
0.528061 0.177123 3.535433,
0.521199 0.176780 3.551181,
0.521199 0.176780 3.535433,
0.514362 0.176096 3.551181,
0.514362 0.176096 3.535433,
0.507568 0.175072 3.551181,
0.507568 0.175072 3.535433,
0.500834 0.173711 3.551181,
0.500834 0.173711 3.535433,
0.494176 0.172015 3.551181,
0.494176 0.172015 3.535433,
0.487610 0.169990 3.551181,
0.487610 0.169990 3.535433,
0.481154 0.167640 3.551181,
0.481154 0.167640 3.535433,
0.474823 0.164971 3.551181,
0.474823 0.164971 3.535433,
0.468632 0.161990 3.551181,
0.468632 0.161990 3.535433,
0.462598 0.158704 3.551181,
0.462598 0.158704 3.535433,
0.456736 0.155122 3.551181,
0.456736 0.155122 3.535433,
0.451059 0.151251 3.551181,
0.451059 0.151251 3.535433,
0.445582 0.147103 3.551181,
0.445582 0.147103 3.535433,
0.440319 0.142686 3.551181,
0.440319 0.142686 3.535433,
0.435282 0.138013 3.551181,
0.435282 0.138013 3.535433,
0.430485 0.133095 3.551181,
0.430485 0.133095 3.535433,
0.425939 0.127943 3.551181,
0.425939 0.127943 3.535433,
0.421655 0.122571 3.551181,
0.421655 0.122571 3.535433,
0.417644 0.116993 3.551181,
0.417644 0.116993 3.535433,
0.413917 0.111221 3.551181,
0.413917 0.111221 3.535433,
0.410481 0.105271 3.551181,
0.410481 0.105271 3.535433,
0.407347 0.099157 3.551181,
0.407347 0.099157 3.535433,
0.404521 0.092895 3.551181,
0.404521 0.092895 3.535433,
0.402011 0.086499 3.551181,
0.402011 0.086499 3.535433,
0.399823 0.079986 3.551181,
0.399823 0.079986 3.535433,
0.397962 0.073372 3.551181,
0.397962 0.073372 3.535433,
0.396433 0.066674 3.551181,
0.396433 0.066674 3.535433,
0.395240 0.059907 3.551181,
0.395240 0.059907 3.535433,
0.394386 0.053090 3.551181,
0.394386 0.053090 3.535433,
0.393872 0.046239 3.551181,
0.393872 0.046239 3.535433,
0.393701 0.039370 3.551181,
0.393701 0.039370 3.535433,
0.393872 0.032502 3.551181,
0.393872 0.032502 3.535433,
0.394386 0.025650 3.551181,
0.394386 0.025650 3.535433,
0.395240 0.018833 3.551181,
0.395240 0.018833 3.535433,
0.396433 0.012066 3.551181,
0.396433 0.012066 3.535433,
0.397962 0.005368 3.551181,
0.397962 0.005368 3.535433,
0.399823 -0.001246 3.551181,
0.399823 -0.001246 3.535433,
0.402011 -0.007759 3.551181,
0.402011 -0.007759 3.535433,
0.404521 -0.014154 3.551181,
0.404521 -0.014154 3.535433,
0.407347 -0.020417 3.535433,
0.407347 -0.020417 3.551181,
0.410481 -0.026531 3.551181,
0.410481 -0.026531 3.535433,
0.413917 -0.032481 3.535433,
0.413917 -0.032481 3.551181,
0.417644 -0.038253 3.551181,
0.417644 -0.038253 3.535433,
0.421655 -0.043831 3.535433,
0.421655 -0.043831 3.551181,
0.425939 -0.049203 3.551181,
0.425939 -0.049203 3.535433,
0.430485 -0.054355 3.551181,
0.430485 -0.054355 3.535433,
0.435282 -0.059273 3.535433,
0.435282 -0.059273 3.551181,
0.440319 -0.063946 3.551181,
0.440319 -0.063946 3.535433,
0.445582 -0.068363 3.551181,
0.445582 -0.068363 3.535433,
0.451059 -0.072511 3.551181,
0.451059 -0.072511 3.535433,
0.456736 -0.076382 3.551181,
0.456736 -0.076382 3.535433,
0.462598 -0.079964 3.551181,
0.462598 -0.079964 3.535433,
0.468632 -0.083250 3.551181,
0.468632 -0.083250 3.535433,
0.474823 -0.086231 3.551181,
0.474823 -0.086231 3.535433,
0.481154 -0.088900 3.551181,
0.481154 -0.088900 3.535433,
0.487610 -0.091250 3.551181,
0.487610 -0.091250 3.535433,
0.494176 -0.093275 3.551181,
0.494176 -0.093275 3.535433,
0.500834 -0.094970 3.551181,
0.500834 -0.094970 3.535433,
0.507568 -0.096332 3.551181,
0.507568 -0.096332 3.535433,
0.514362 -0.097356 3.551181,
0.514362 -0.097356 3.535433,
0.521199 -0.098040 3.551181,
0.521199 -0.098040 3.535433,
0.528061 -0.098382 3.535433,
0.528061 -0.098382 3.551181,
0.534931 -0.098382 3.551181,
0.534931 -0.098382 3.535433,
0.541794 -0.098040 3.551181,
0.541794 -0.098040 3.535433,
0.548630 -0.097356 3.535433,
0.548630 -0.097356 3.551181,
0.555424 -0.096332 3.551181,
0.555424 -0.096332 3.535433,
0.562158 -0.094970 3.535433,
0.562158 -0.094970 3.551181,
0.568817 -0.093275 3.551181,
0.568817 -0.093275 3.535433,
0.575382 -0.091250 3.551181,
0.575382 -0.091250 3.535433,
0.581838 -0.088900 3.535433,
0.581838 -0.088900 3.551181,
0.588169 -0.086231 3.535433,
0.588169 -0.086231 3.551181,
0.594360 -0.083250 3.551181,
0.594360 -0.083250 3.535433,
0.600394 -0.079964 3.551181,
0.600394 -0.079964 3.535433,
0.606256 -0.076382 3.535433,
0.606256 -0.076382 3.551181,
0.611933 -0.072511 3.551181,
0.611933 -0.072511 3.535433,
0.617410 -0.068363 3.551181,
0.617410 -0.068363 3.535433,
0.622673 -0.063946 3.551181,
0.622673 -0.063946 3.535433,
0.627710 -0.059273 3.551181,
0.627710 -0.059273 3.535433,
0.632507 -0.054355 3.535433,
0.632507 -0.054355 3.551181,
0.637053 -0.049203 3.551181,
0.637053 -0.049203 3.535433,
0.641337 -0.043831 3.551181,
0.641337 -0.043831 3.535433,
0.645348 -0.038253 3.551181,
0.645348 -0.038253 3.535433,
0.649076 -0.032481 3.551181,
0.649076 -0.032481 3.535433,
0.652511 -0.026531 3.551181,
0.652511 -0.026531 3.535433,
0.655645 -0.020417 3.551181,
0.655645 -0.020417 3.535433,
0.658471 -0.014154 3.535433,
0.658471 -0.014154 3.551181,
0.660981 -0.007759 3.551181,
0.660981 -0.007759 3.535433,
0.663169 -0.001246 3.551181,
0.663169 -0.001246 3.535433,
0.665030 0.005368 3.551181,
0.665030 0.005368 3.535433,
0.666559 0.012066 3.535433,
0.666559 0.012066 3.551181,
0.667752 0.018833 3.551181,
0.667752 0.018833 3.535433,
0.668607 0.025650 3.535433,
0.668607 0.025650 3.551181,
0.669120 0.032502 3.551181,
0.669120 0.032502 3.535433 ] } coordIndex [ 0 1 2 -1,
0 2 3 -1,
4 3 5 -1,
4 0 3 -1,
6 5 7 -1,
6 4 5 -1,
8 7 9 -1,
8 6 7 -1,
10 9 11 -1,
10 8 9 -1,
12 11 13 -1,
12 10 11 -1,
14 13 15 -1,
14 12 13 -1,
16 15 17 -1,
16 14 15 -1,
18 17 19 -1,
18 16 17 -1,
20 19 21 -1,
20 18 19 -1,
22 20 21 -1,
22 21 23 -1,
24 22 23 -1,
24 23 25 -1,
26 24 25 -1,
26 25 27 -1,
28 26 27 -1,
28 27 29 -1,
30 28 29 -1,
30 29 31 -1,
32 30 31 -1,
32 31 33 -1,
34 32 33 -1,
34 33 35 -1,
36 34 35 -1,
36 35 37 -1,
38 36 37 -1,
38 37 39 -1,
40 38 39 -1,
40 39 41 -1,
40 41 42 -1,
43 40 42 -1,
44 43 42 -1,
44 42 45 -1,
46 45 47 -1,
46 44 45 -1,
48 47 49 -1,
48 46 47 -1,
50 49 51 -1,
50 48 49 -1,
52 51 53 -1,
52 50 51 -1,
54 53 55 -1,
54 52 53 -1,
56 55 57 -1,
56 54 55 -1,
58 57 59 -1,
58 59 60 -1,
58 56 57 -1,
61 58 60 -1,
62 60 63 -1,
62 61 60 -1,
64 63 65 -1,
64 62 63 -1,
66 65 67 -1,
66 64 65 -1,
68 67 69 -1,
68 66 67 -1,
70 69 71 -1,
70 68 69 -1,
72 71 73 -1,
72 70 71 -1,
74 72 73 -1,
74 73 75 -1,
76 74 75 -1,
76 75 77 -1,
78 76 77 -1,
78 77 79 -1,
80 78 79 -1,
80 79 81 -1,
82 80 81 -1,
82 81 83 -1,
84 82 83 -1,
84 83 85 -1,
86 84 85 -1,
86 85 87 -1,
88 86 87 -1,
88 87 89 -1,
90 88 89 -1,
90 89 91 -1,
92 90 91 -1,
92 91 93 -1,
94 92 93 -1,
94 93 95 -1,
96 94 95 -1,
96 95 97 -1,
98 96 97 -1,
98 97 99 -1,
100 98 99 -1,
100 99 101 -1,
102 100 101 -1,
102 101 103 -1,
104 102 103 -1,
104 103 105 -1,
106 104 105 -1,
106 105 107 -1,
108 106 107 -1,
108 107 109 -1,
110 108 109 -1,
110 109 111 -1,
112 110 111 -1,
112 111 113 -1,
114 112 113 -1,
114 113 115 -1,
116 115 117 -1,
116 114 115 -1,
118 117 119 -1,
118 116 117 -1,
120 119 121 -1,
120 118 119 -1,
122 121 123 -1,
122 120 121 -1,
124 122 123 -1,
124 123 125 -1,
126 124 125 -1,
126 125 127 -1,
128 126 127 -1,
128 127 129 -1,
130 128 129 -1,
130 129 131 -1,
132 130 131 -1,
132 131 133 -1,
134 132 133 -1,
134 133 135 -1,
136 134 135 -1,
136 135 137 -1,
138 136 137 -1,
138 137 139 -1,
140 138 139 -1,
140 139 141 -1,
142 140 141 -1,
142 141 143 -1,
142 143 144 -1,
145 142 144 -1,
146 145 144 -1,
146 144 147 -1,
146 147 148 -1,
149 146 148 -1,
150 148 151 -1,
150 151 152 -1,
150 149 148 -1,
153 150 152 -1,
154 152 155 -1,
154 153 152 -1,
156 155 157 -1,
156 157 158 -1,
156 154 155 -1,
159 156 158 -1,
160 158 161 -1,
160 159 158 -1,
162 161 163 -1,
162 160 161 -1,
164 163 165 -1,
164 162 163 -1,
166 165 167 -1,
166 164 165 -1,
168 167 169 -1,
168 166 167 -1,
170 169 171 -1,
170 168 169 -1,
172 171 173 -1,
172 170 171 -1,
174 173 175 -1,
174 172 173 -1,
176 174 175 -1,
176 175 177 -1,
178 176 177 -1,
178 177 179 -1,
180 178 179 -1,
180 179 181 -1,
182 180 181 -1,
182 181 183 -1,
184 183 185 -1,
184 182 183 -1,
186 185 187 -1,
186 187 188 -1,
186 184 185 -1,
189 186 188 -1,
190 188 191 -1,
190 189 188 -1,
192 191 193 -1,
192 193 194 -1,
192 190 191 -1,
195 192 194 -1,
196 194 197 -1,
196 197 198 -1,
196 195 194 -1,
199 196 198 -1,
200 198 201 -1,
200 199 198 -1,
202 201 203 -1,
202 203 204 -1,
202 200 201 -1,
205 204 206 -1,
205 202 204 -1,
207 205 206 -1,
208 206 209 -1,
208 207 206 -1,
210 209 211 -1,
210 211 212 -1,
210 208 209 -1,
213 210 212 -1,
214 212 215 -1,
214 213 212 -1,
216 215 217 -1,
216 214 215 -1,
218 217 219 -1,
218 216 217 -1,
220 219 221 -1,
220 221 222 -1,
220 218 219 -1,
223 220 222 -1,
224 222 225 -1,
224 223 222 -1,
226 224 225 -1,
226 225 227 -1,
228 226 227 -1,
228 227 229 -1,
230 228 229 -1,
230 229 231 -1,
232 230 231 -1,
232 231 233 -1,
234 232 233 -1,
234 233 235 -1,
234 235 236 -1,
237 234 236 -1,
238 237 236 -1,
238 236 239 -1,
240 238 239 -1,
240 239 241 -1,
242 240 241 -1,
242 241 243 -1,
242 243 244 -1,
245 242 244 -1,
246 245 244 -1,
246 244 247 -1,
246 247 248 -1,
249 246 248 -1,
250 248 251 -1,
250 251 2 -1,
250 249 248 -1,
1 250 2 -1,
38 40 43 -1,
38 43 44 -1,
38 44 46 -1,
26 20 22 -1,
26 22 24 -1,
182 178 180 -1,
32 200 202 -1,
32 208 210 -1,
32 92 98 -1,
32 26 28 -1,
32 28 30 -1,
32 34 36 -1,
32 36 38 -1,
32 106 110 -1,
32 250 12 -1,
32 68 70 -1,
32 70 72 -1,
32 210 216 -1,
32 78 80 -1,
32 80 82 -1,
32 82 84 -1,
32 88 90 -1,
32 90 92 -1,
32 98 100 -1,
32 100 102 -1,
32 102 104 -1,
32 104 106 -1,
32 110 112 -1,
32 112 114 -1,
32 114 116 -1,
32 116 118 -1,
32 118 120 -1,
32 120 122 -1,
32 122 124 -1,
32 124 126 -1,
32 126 128 -1,
32 84 88 -1,
32 128 130 -1,
32 234 238 -1,
32 130 132 -1,
32 132 134 -1,
32 134 136 -1,
32 136 138 -1,
32 138 140 -1,
32 140 142 -1,
32 142 145 -1,
32 226 234 -1,
32 145 146 -1,
32 146 149 -1,
32 149 150 -1,
32 150 153 -1,
32 153 154 -1,
32 154 156 -1,
32 178 182 -1,
32 156 159 -1,
32 159 160 -1,
32 72 78 -1,
32 160 162 -1,
32 162 164 -1,
32 164 166 -1,
32 166 168 -1,
32 168 170 -1,
32 12 20 -1,
32 216 226 -1,
32 170 172 -1,
32 20 26 -1,
32 172 174 -1,
32 174 176 -1,
32 176 178 -1,
32 64 68 -1,
32 182 184 -1,
32 184 186 -1,
32 186 189 -1,
32 189 190 -1,
32 190 192 -1,
32 38 46 -1,
32 192 195 -1,
32 238 250 -1,
32 195 196 -1,
32 202 208 -1,
32 196 199 -1,
32 46 64 -1,
32 199 200 -1,
208 202 205 -1,
208 205 207 -1,
106 108 110 -1,
216 210 213 -1,
216 213 214 -1,
223 218 220 -1,
92 94 96 -1,
92 96 98 -1,
226 216 218 -1,
226 223 224 -1,
226 218 223 -1,
230 226 228 -1,
84 86 88 -1,
232 226 230 -1,
234 226 232 -1,
238 234 237 -1,
74 76 78 -1,
72 74 78 -1,
245 238 240 -1,
245 240 242 -1,
249 245 246 -1,
249 238 245 -1,
250 238 249 -1,
64 66 68 -1,
8 0 4 -1,
8 4 6 -1,
12 1 0 -1,
12 8 10 -1,
12 250 1 -1,
12 0 8 -1,
48 50 52 -1,
46 52 54 -1,
46 54 56 -1,
46 56 58 -1,
46 58 61 -1,
46 61 62 -1,
46 62 64 -1,
46 48 52 -1,
20 12 14 -1,
20 14 16 -1,
20 16 18 -1,
41 39 42 -1,
42 39 45 -1,
45 39 47 -1,
21 27 23 -1,
23 27 25 -1,
179 183 181 -1,
201 33 203 -1,
209 33 211 -1,
93 33 99 -1,
27 33 29 -1,
29 33 31 -1,
35 33 37 -1,
37 33 39 -1,
107 33 111 -1,
251 33 13 -1,
69 33 71 -1,
71 33 73 -1,
211 33 217 -1,
79 33 81 -1,
81 33 83 -1,
83 33 85 -1,
89 33 91 -1,
91 33 93 -1,
99 33 101 -1,
101 33 103 -1,
103 33 105 -1,
105 33 107 -1,
111 33 113 -1,
113 33 115 -1,
115 33 117 -1,
117 33 119 -1,
119 33 121 -1,
121 33 123 -1,
123 33 125 -1,
125 33 127 -1,
127 33 129 -1,
85 33 89 -1,
129 33 131 -1,
235 33 239 -1,
131 33 133 -1,
133 33 135 -1,
135 33 137 -1,
137 33 139 -1,
139 33 141 -1,
141 33 143 -1,
143 33 144 -1,
227 33 235 -1,
144 33 147 -1,
147 33 148 -1,
148 33 151 -1,
151 33 152 -1,
152 33 155 -1,
155 33 157 -1,
179 33 183 -1,
157 33 158 -1,
158 33 161 -1,
73 33 79 -1,
161 33 163 -1,
163 33 165 -1,
165 33 167 -1,
167 33 169 -1,
169 33 171 -1,
13 33 21 -1,
217 33 227 -1,
171 33 173 -1,
21 33 27 -1,
173 33 175 -1,
175 33 177 -1,
177 33 179 -1,
65 33 69 -1,
183 33 185 -1,
185 33 187 -1,
187 33 188 -1,
188 33 191 -1,
191 33 193 -1,
39 33 47 -1,
193 33 194 -1,
239 33 251 -1,
194 33 197 -1,
203 33 209 -1,
197 33 198 -1,
47 33 65 -1,
198 33 201 -1,
203 209 204 -1,
204 209 206 -1,
109 107 111 -1,
211 217 212 -1,
212 217 215 -1,
219 222 221 -1,
95 93 97 -1,
97 93 99 -1,
217 227 219 -1,
222 227 225 -1,
219 227 222 -1,
227 231 229 -1,
87 85 89 -1,
227 233 231 -1,
227 235 233 -1,
235 239 236 -1,
77 75 79 -1,
75 73 79 -1,
239 244 241 -1,
241 244 243 -1,
244 248 247 -1,
239 248 244 -1,
239 251 248 -1,
67 65 69 -1,
3 9 5 -1,
5 9 7 -1,
2 13 3 -1,
9 13 11 -1,
251 13 2 -1,
3 13 9 -1,
51 49 53 -1,
53 47 55 -1,
55 47 57 -1,
57 47 59 -1,
59 47 60 -1,
60 47 63 -1,
63 47 65 -1,
49 47 53 -1,
13 21 15 -1,
15 21 17 -1,
17 21 19 -1 ] } }
Shape { appearance Appearance { material Material { diffuseColor 0.7 0.72 0.74 } } geometry IndexedFaceSet { solid FALSE coord Coordinate { point [ -0.098425 -0.059055 -0.984252,
-0.098425 -0.059055 0.000000,
-0.098425 0.059055 -0.984252,
-0.098425 0.059055 0.000000,
0.098425 -0.059055 0.000000,
0.098425 -0.059055 -0.984252,
0.098425 0.059055 -0.984252,
0.098425 0.059055 0.000000 ] } coordIndex [ 0 1 2 -1,
2 1 3 -1,
4 5 6 -1,
4 6 7 -1,
5 4 0 -1,
0 4 1 -1,
7 6 2 -1,
7 2 3 -1,
2 6 0 -1,
0 6 5 -1,
7 3 1 -1,
7 1 4 -1 ] } }
Shape { appearance Appearance { material Material { diffuseColor 0.7 0.72 0.74 } } geometry IndexedFaceSet { solid FALSE coord Coordinate { point [ -0.098425 -0.059055 1.181102,
-0.098425 -0.059055 2.559055,
-0.098425 0.059055 1.181102,
-0.098425 0.059055 2.559055,
0.098425 -0.059055 2.559055,
0.098425 -0.059055 1.181102,
0.098425 0.059055 1.181102,
0.098425 0.059055 2.559055 ] } coordIndex [ 0 1 2 -1,
2 1 3 -1,
4 5 6 -1,
4 6 7 -1,
5 4 0 -1,
0 4 1 -1,
7 6 2 -1,
7 2 3 -1,
2 6 0 -1,
0 6 5 -1,
7 3 1 -1,
7 1 4 -1 ] } }
Shape { appearance Appearance { material Material { diffuseColor 0.7 0.72 0.74 } } geometry IndexedFaceSet { solid FALSE coord Coordinate { point [ 0.200787 -0.002944 2.618037,
0.200787 0.000000 2.618110,
0.000000 0.000000 2.618110,
0.000000 -0.002944 2.618037,
0.200787 -0.005880 2.617817,
0.000000 -0.005880 2.617817,
0.200787 -0.008802 2.617451,
0.000000 -0.008802 2.617451,
0.200787 -0.011702 2.616939,
0.000000 -0.011702 2.616939,
0.200787 -0.014572 2.616284,
0.000000 -0.014572 2.616284,
0.200787 -0.017407 2.615487,
0.000000 -0.017407 2.615487,
0.200787 -0.020198 2.614549,
0.000000 -0.020198 2.614549,
0.200787 -0.022939 2.613473,
0.000000 -0.022939 2.613473,
0.200787 -0.025623 2.612262,
0.000000 -0.025623 2.612262,
0.200787 -0.028243 2.610919,
0.000000 -0.028243 2.610919,
0.200787 -0.030793 2.609446,
0.000000 -0.030793 2.609446,
0.200787 -0.033267 2.607849,
0.000000 -0.033267 2.607849,
0.000000 -0.035658 2.606130,
0.200787 -0.035658 2.606130,
0.200787 -0.037960 2.604294,
0.000000 -0.037960 2.604294,
0.200787 -0.040168 2.602346,
0.000000 -0.040168 2.602346,
0.200787 -0.042276 2.600290,
0.000000 -0.042276 2.600290,
0.200787 -0.044278 2.598131,
0.000000 -0.044278 2.598131,
0.200787 -0.046171 2.595875,
0.000000 -0.046171 2.595875,
0.200787 -0.047949 2.593528,
0.000000 -0.047949 2.593528,
0.200787 -0.049608 2.591095,
0.000000 -0.049608 2.591095,
0.200787 -0.051143 2.588583,
0.000000 -0.051143 2.588583,
0.200787 -0.052551 2.585997,
0.000000 -0.052551 2.585997,
0.200787 -0.053829 2.583344,
0.000000 -0.053829 2.583344,
0.200787 -0.054973 2.580630,
0.000000 -0.054973 2.580630,
0.200787 -0.055980 2.577863,
0.000000 -0.055980 2.577863,
0.000000 -0.056848 2.575050,
0.200787 -0.056848 2.575050,
0.200787 -0.057574 2.572196,
0.000000 -0.057574 2.572196,
0.200787 -0.058158 2.569310,
0.000000 -0.058158 2.569310,
0.200787 -0.058597 2.566398,
0.000000 -0.058597 2.566398,
0.000000 -0.058890 2.563468,
0.200787 -0.058890 2.563468,
0.200787 -0.059037 2.560527,
0.000000 -0.059037 2.560527,
0.200787 -0.059037 2.557583,
0.000000 -0.059037 2.557583,
0.000000 -0.058890 2.554642,
0.200787 -0.058890 2.554642,
0.000000 -0.058597 2.551712,
0.200787 -0.058597 2.551712,
0.200787 -0.058158 2.548800,
0.000000 -0.058158 2.548800,
0.000000 -0.057574 2.545914,
0.200787 -0.057574 2.545914,
0.200787 -0.056848 2.543061,
0.000000 -0.056848 2.543061,
0.200787 -0.055980 2.540247,
0.000000 -0.055980 2.540247,
0.000000 -0.054973 2.537480,
0.200787 -0.054973 2.537480,
0.200787 -0.053829 2.534767,
0.000000 -0.053829 2.534767,
0.000000 -0.052551 2.532114,
0.200787 -0.052551 2.532114,
0.000000 -0.051143 2.529528,
0.200787 -0.051143 2.529528,
0.200787 -0.049608 2.527015,
0.000000 -0.049608 2.527015,
0.000000 -0.047949 2.524582,
0.200787 -0.047949 2.524582,
0.200787 -0.046171 2.522235,
0.000000 -0.046171 2.522235,
0.000000 -0.044278 2.519979,
0.200787 -0.044278 2.519979,
0.000000 -0.042276 2.517821,
0.200787 -0.042276 2.517821,
0.200787 -0.040168 2.515765,
0.000000 -0.040168 2.515765,
0.000000 -0.037960 2.513816,
0.200787 -0.037960 2.513816,
0.000000 -0.035658 2.511980,
0.200787 -0.035658 2.511980,
0.200787 -0.033267 2.510261,
0.000000 -0.033267 2.510261,
0.000000 -0.030793 2.508664,
0.200787 -0.030793 2.508664,
0.200787 -0.028243 2.507192,
0.000000 -0.028243 2.507192,
0.000000 -0.025623 2.505848,
0.200787 -0.025623 2.505848,
0.000000 -0.022939 2.504637,
0.200787 -0.022939 2.504637,
0.200787 -0.020198 2.503561,
0.000000 -0.020198 2.503561,
0.000000 -0.017407 2.502624,
0.200787 -0.017407 2.502624,
0.000000 -0.014572 2.501826,
0.200787 -0.014572 2.501826,
0.200787 -0.011702 2.501171,
0.000000 -0.011702 2.501171,
0.000000 -0.008802 2.500660,
0.200787 -0.008802 2.500660,
0.200787 -0.005880 2.500293,
0.000000 -0.005880 2.500293,
0.200787 -0.002944 2.500073,
0.000000 -0.002944 2.500073,
0.000000 0.000000 2.500000,
0.200787 0.000000 2.500000,
0.200787 0.002944 2.500073,
0.000000 0.002944 2.500073,
0.200787 0.005880 2.500293,
0.000000 0.005880 2.500293,
0.200787 0.008802 2.500660,
0.000000 0.008802 2.500660,
0.200787 0.011702 2.501171,
0.000000 0.011702 2.501171,
0.200787 0.014572 2.501826,
0.000000 0.014572 2.501826,
0.200787 0.017407 2.502624,
0.000000 0.017407 2.502624,
0.200787 0.020198 2.503561,
0.000000 0.020198 2.503561,
0.200787 0.022939 2.504637,
0.000000 0.022939 2.504637,
0.200787 0.025623 2.505848,
0.000000 0.025623 2.505848,
0.200787 0.028243 2.507192,
0.000000 0.028243 2.507192,
0.200787 0.030793 2.508664,
0.000000 0.030793 2.508664,
0.200787 0.033267 2.510261,
0.000000 0.033267 2.510261,
0.200787 0.035658 2.511980,
0.000000 0.035658 2.511980,
0.200787 0.037960 2.513816,
0.000000 0.037960 2.513816,
0.200787 0.040168 2.515765,
0.000000 0.040168 2.515765,
0.200787 0.042276 2.517821,
0.000000 0.042276 2.517821,
0.200787 0.044278 2.519979,
0.000000 0.044278 2.519979,
0.200787 0.046171 2.522235,
0.000000 0.046171 2.522235,
0.200787 0.047949 2.524582,
0.000000 0.047949 2.524582,
0.200787 0.049608 2.527015,
0.000000 0.049608 2.527015,
0.200787 0.051143 2.529528,
0.000000 0.051143 2.529528,
0.200787 0.052551 2.532114,
0.000000 0.052551 2.532114,
0.200787 0.053829 2.534767,
0.000000 0.053829 2.534767,
0.200787 0.054973 2.537480,
0.000000 0.054973 2.537480,
0.200787 0.055980 2.540247,
0.000000 0.055980 2.540247,
0.200787 0.056848 2.543061,
0.000000 0.056848 2.543061,
0.200787 0.057574 2.545914,
0.000000 0.057574 2.545914,
0.200787 0.058158 2.548800,
0.000000 0.058158 2.548800,
0.200787 0.058597 2.551712,
0.000000 0.058597 2.551712,
0.200787 0.058890 2.554642,
0.000000 0.058890 2.554642,
0.200787 0.059037 2.557583,
0.000000 0.059037 2.557583,
0.200787 0.059037 2.560527,
0.000000 0.059037 2.560527,
0.000000 0.058890 2.563468,
0.200787 0.058890 2.563468,
0.200787 0.058597 2.566398,
0.000000 0.058597 2.566398,
0.200787 0.058158 2.569310,
0.000000 0.058158 2.569310,
0.200787 0.057574 2.572196,
0.000000 0.057574 2.572196,
0.200787 0.056848 2.575050,
0.000000 0.056848 2.575050,
0.200787 0.055980 2.577863,
0.000000 0.055980 2.577863,
0.200787 0.054973 2.580630,
0.000000 0.054973 2.580630,
0.200787 0.053829 2.583344,
0.000000 0.053829 2.583344,
0.200787 0.052551 2.585997,
0.000000 0.052551 2.585997,
0.000000 0.051143 2.588583,
0.200787 0.051143 2.588583,
0.200787 0.049608 2.591095,
0.000000 0.049608 2.591095,
0.200787 0.047949 2.593528,
0.000000 0.047949 2.593528,
0.200787 0.046171 2.595875,
0.000000 0.046171 2.595875,
0.000000 0.044278 2.598131,
0.200787 0.044278 2.598131,
0.200787 0.042276 2.600290,
0.000000 0.042276 2.600290,
0.200787 0.040168 2.602346,
0.000000 0.040168 2.602346,
0.000000 0.037960 2.604294,
0.200787 0.037960 2.604294,
0.200787 0.035658 2.606130,
0.000000 0.035658 2.606130,
0.200787 0.033267 2.607849,
0.000000 0.033267 2.607849,
0.200787 0.030793 2.609446,
0.000000 0.030793 2.609446,
0.200787 0.028243 2.610919,
0.000000 0.028243 2.610919,
0.200787 0.025623 2.612262,
0.000000 0.025623 2.612262,
0.200787 0.022939 2.613473,
0.000000 0.022939 2.613473,
0.200787 0.020198 2.614549,
0.000000 0.020198 2.614549,
0.200787 0.017407 2.615487,
0.000000 0.017407 2.615487,
0.000000 0.014572 2.616284,
0.200787 0.014572 2.616284,
0.200787 0.011702 2.616939,
0.000000 0.011702 2.616939,
0.200787 0.008802 2.617451,
0.000000 0.008802 2.617451,
0.200787 0.005880 2.617817,
0.000000 0.005880 2.617817,
0.200787 0.002944 2.618037,
0.000000 0.002944 2.618037 ] } coordIndex [ 0 1 2 -1,
0 2 3 -1,
4 3 5 -1,
4 0 3 -1,
6 5 7 -1,
6 4 5 -1,
8 7 9 -1,
8 6 7 -1,
10 9 11 -1,
10 8 9 -1,
12 11 13 -1,
12 10 11 -1,
14 13 15 -1,
14 12 13 -1,
16 15 17 -1,
16 14 15 -1,
18 17 19 -1,
18 16 17 -1,
20 19 21 -1,
20 18 19 -1,
22 20 21 -1,
22 21 23 -1,
24 22 23 -1,
24 23 25 -1,
24 25 26 -1,
27 24 26 -1,
28 27 26 -1,
28 26 29 -1,
30 28 29 -1,
30 29 31 -1,
32 30 31 -1,
32 31 33 -1,
34 32 33 -1,
34 33 35 -1,
36 34 35 -1,
36 35 37 -1,
38 36 37 -1,
38 37 39 -1,
40 38 39 -1,
40 39 41 -1,
42 40 41 -1,
42 41 43 -1,
44 42 43 -1,
44 43 45 -1,
46 45 47 -1,
46 44 45 -1,
48 47 49 -1,
48 46 47 -1,
50 49 51 -1,
50 51 52 -1,
50 48 49 -1,
53 50 52 -1,
54 52 55 -1,
54 53 52 -1,
56 55 57 -1,
56 54 55 -1,
58 57 59 -1,
58 59 60 -1,
58 56 57 -1,
61 58 60 -1,
62 60 63 -1,
62 61 60 -1,
64 63 65 -1,
64 65 66 -1,
64 62 63 -1,
67 66 68 -1,
67 64 66 -1,
69 67 68 -1,
70 68 71 -1,
70 71 72 -1,
70 69 68 -1,
73 70 72 -1,
74 73 72 -1,
74 72 75 -1,
76 74 75 -1,
76 75 77 -1,
76 77 78 -1,
79 76 78 -1,
80 79 78 -1,
80 78 81 -1,
80 81 82 -1,
83 80 82 -1,
83 82 84 -1,
85 83 84 -1,
86 85 84 -1,
86 84 87 -1,
86 87 88 -1,
89 86 88 -1,
90 89 88 -1,
90 88 91 -1,
90 91 92 -1,
93 90 92 -1,
93 92 94 -1,
95 93 94 -1,
96 95 94 -1,
96 94 97 -1,
96 97 98 -1,
99 96 98 -1,
99 98 100 -1,
101 99 100 -1,
102 101 100 -1,
102 100 103 -1,
102 103 104 -1,
105 102 104 -1,
106 105 104 -1,
106 104 107 -1,
106 107 108 -1,
109 106 108 -1,
109 108 110 -1,
111 109 110 -1,
112 111 110 -1,
112 110 113 -1,
112 113 114 -1,
115 114 116 -1,
115 112 114 -1,
117 115 116 -1,
118 116 119 -1,
118 119 120 -1,
118 117 116 -1,
121 118 120 -1,
122 120 123 -1,
122 121 120 -1,
124 122 123 -1,
124 123 125 -1,
124 125 126 -1,
127 124 126 -1,
128 127 126 -1,
128 126 129 -1,
130 128 129 -1,
130 129 131 -1,
132 130 131 -1,
132 131 133 -1,
134 132 133 -1,
134 133 135 -1,
136 134 135 -1,
136 135 137 -1,
138 136 137 -1,
138 137 139 -1,
140 138 139 -1,
140 139 141 -1,
142 140 141 -1,
142 141 143 -1,
144 142 143 -1,
144 143 145 -1,
146 144 145 -1,
146 145 147 -1,
148 146 147 -1,
148 147 149 -1,
150 149 151 -1,
150 148 149 -1,
152 151 153 -1,
152 150 151 -1,
154 153 155 -1,
154 152 153 -1,
156 155 157 -1,
156 154 155 -1,
158 157 159 -1,
158 156 157 -1,
160 159 161 -1,
160 158 159 -1,
162 161 163 -1,
162 160 161 -1,
164 163 165 -1,
164 162 163 -1,
166 165 167 -1,
166 164 165 -1,
168 167 169 -1,
168 166 167 -1,
170 169 171 -1,
170 168 169 -1,
172 171 173 -1,
172 170 171 -1,
174 173 175 -1,
174 172 173 -1,
176 174 175 -1,
176 175 177 -1,
178 176 177 -1,
178 177 179 -1,
180 178 179 -1,
180 179 181 -1,
182 180 181 -1,
182 181 183 -1,
184 183 185 -1,
184 182 183 -1,
186 185 187 -1,
186 184 185 -1,
188 187 189 -1,
188 186 187 -1,
190 189 191 -1,
190 191 192 -1,
190 188 189 -1,
193 190 192 -1,
194 192 195 -1,
194 193 192 -1,
196 195 197 -1,
196 194 195 -1,
198 197 199 -1,
198 196 197 -1,
200 199 201 -1,
200 198 199 -1,
202 201 203 -1,
202 200 201 -1,
204 203 205 -1,
204 202 203 -1,
206 205 207 -1,
206 204 205 -1,
208 207 209 -1,
208 209 210 -1,
208 206 207 -1,
211 208 210 -1,
212 210 213 -1,
212 211 210 -1,
214 213 215 -1,
214 212 213 -1,
216 215 217 -1,
216 217 218 -1,
216 214 215 -1,
219 216 218 -1,
220 218 221 -1,
220 219 218 -1,
222 221 223 -1,
222 223 224 -1,
222 220 221 -1,
225 222 224 -1,
226 225 224 -1,
226 224 227 -1,
228 226 227 -1,
228 227 229 -1,
230 228 229 -1,
230 229 231 -1,
232 230 231 -1,
232 231 233 -1,
234 232 233 -1,
234 233 235 -1,
236 234 235 -1,
236 235 237 -1,
238 236 237 -1,
238 237 239 -1,
240 238 239 -1,
240 239 241 -1,
240 241 242 -1,
243 240 242 -1,
244 243 242 -1,
244 242 245 -1,
246 244 245 -1,
246 245 247 -1,
248 246 247 -1,
248 247 249 -1,
250 249 251 -1,
250 248 249 -1,
250 251 2 -1,
1 250 2 -1,
44 46 48 -1,
40 42 44 -1,
208 204 206 -1,
216 212 214 -1,
95 96 99 -1,
32 1 0 -1,
32 0 4 -1,
32 4 6 -1,
32 6 8 -1,
32 8 10 -1,
32 10 12 -1,
32 12 14 -1,
32 14 16 -1,
32 16 18 -1,
32 18 20 -1,
32 20 22 -1,
32 22 24 -1,
32 24 27 -1,
32 27 28 -1,
32 28 30 -1,
32 34 36 -1,
32 36 38 -1,
32 38 40 -1,
32 48 50 -1,
32 50 53 -1,
32 53 54 -1,
32 54 56 -1,
32 56 58 -1,
32 58 61 -1,
32 61 62 -1,
32 62 64 -1,
32 64 67 -1,
32 67 69 -1,
32 69 70 -1,
32 70 73 -1,
32 73 74 -1,
32 74 76 -1,
32 76 79 -1,
32 79 80 -1,
32 80 83 -1,
32 86 89 -1,
32 89 90 -1,
32 90 93 -1,
32 93 95 -1,
32 99 101 -1,
32 101 102 -1,
32 102 105 -1,
32 105 106 -1,
32 106 109 -1,
32 109 111 -1,
32 111 112 -1,
32 112 115 -1,
32 115 117 -1,
32 117 118 -1,
32 118 121 -1,
32 121 122 -1,
32 122 124 -1,
32 124 127 -1,
32 127 128 -1,
32 128 130 -1,
32 130 132 -1,
32 132 134 -1,
32 134 136 -1,
32 136 138 -1,
32 138 140 -1,
32 140 142 -1,
32 142 144 -1,
32 144 146 -1,
32 146 148 -1,
32 148 150 -1,
32 150 152 -1,
32 152 154 -1,
32 154 156 -1,
32 156 158 -1,
32 158 160 -1,
32 160 162 -1,
32 162 164 -1,
32 164 166 -1,
32 166 168 -1,
32 168 170 -1,
32 170 172 -1,
32 172 174 -1,
32 174 176 -1,
32 176 178 -1,
32 178 180 -1,
32 180 182 -1,
32 182 184 -1,
32 184 186 -1,
32 186 188 -1,
32 188 190 -1,
32 190 193 -1,
32 193 194 -1,
32 194 196 -1,
32 196 198 -1,
32 198 200 -1,
32 200 202 -1,
32 202 204 -1,
32 208 211 -1,
32 211 212 -1,
32 216 219 -1,
32 219 220 -1,
32 220 222 -1,
32 222 225 -1,
32 232 234 -1,
32 234 236 -1,
32 236 238 -1,
32 238 240 -1,
32 250 1 -1,
32 240 250 -1,
32 95 99 -1,
32 204 208 -1,
32 212 216 -1,
32 228 232 -1,
32 83 86 -1,
32 225 228 -1,
32 44 48 -1,
32 40 44 -1,
228 225 226 -1,
232 228 230 -1,
83 85 86 -1,
250 240 243 -1,
250 243 244 -1,
250 244 246 -1,
250 246 248 -1,
47 45 49 -1,
43 41 45 -1,
205 209 207 -1,
213 217 215 -1,
97 94 98 -1,
2 33 3 -1,
3 33 5 -1,
5 33 7 -1,
7 33 9 -1,
9 33 11 -1,
11 33 13 -1,
13 33 15 -1,
15 33 17 -1,
17 33 19 -1,
19 33 21 -1,
21 33 23 -1,
23 33 25 -1,
25 33 26 -1,
26 33 29 -1,
29 33 31 -1,
35 33 37 -1,
37 33 39 -1,
39 33 41 -1,
49 33 51 -1,
51 33 52 -1,
52 33 55 -1,
55 33 57 -1,
57 33 59 -1,
59 33 60 -1,
60 33 63 -1,
63 33 65 -1,
65 33 66 -1,
66 33 68 -1,
68 33 71 -1,
71 33 72 -1,
72 33 75 -1,
75 33 77 -1,
77 33 78 -1,
78 33 81 -1,
81 33 82 -1,
87 33 88 -1,
88 33 91 -1,
91 33 92 -1,
92 33 94 -1,
98 33 100 -1,
100 33 103 -1,
103 33 104 -1,
104 33 107 -1,
107 33 108 -1,
108 33 110 -1,
110 33 113 -1,
113 33 114 -1,
114 33 116 -1,
116 33 119 -1,
119 33 120 -1,
120 33 123 -1,
123 33 125 -1,
125 33 126 -1,
126 33 129 -1,
129 33 131 -1,
131 33 133 -1,
133 33 135 -1,
135 33 137 -1,
137 33 139 -1,
139 33 141 -1,
141 33 143 -1,
143 33 145 -1,
145 33 147 -1,
147 33 149 -1,
149 33 151 -1,
151 33 153 -1,
153 33 155 -1,
155 33 157 -1,
157 33 159 -1,
159 33 161 -1,
161 33 163 -1,
163 33 165 -1,
165 33 167 -1,
167 33 169 -1,
169 33 171 -1,
171 33 173 -1,
173 33 175 -1,
175 33 177 -1,
177 33 179 -1,
179 33 181 -1,
181 33 183 -1,
183 33 185 -1,
185 33 187 -1,
187 33 189 -1,
189 33 191 -1,
191 33 192 -1,
192 33 195 -1,
195 33 197 -1,
197 33 199 -1,
199 33 201 -1,
201 33 203 -1,
203 33 205 -1,
209 33 210 -1,
210 33 213 -1,
217 33 218 -1,
218 33 221 -1,
221 33 223 -1,
223 33 224 -1,
233 33 235 -1,
235 33 237 -1,
237 33 239 -1,
239 33 241 -1,
251 33 2 -1,
241 33 251 -1,
94 33 98 -1,
205 33 209 -1,
213 33 217 -1,
229 33 233 -1,
82 33 87 -1,
224 33 229 -1,
45 33 49 -1,
41 33 45 -1,
224 229 227 -1,
229 233 231 -1,
84 82 87 -1,
241 251 242 -1,
242 251 245 -1,
245 251 247 -1,
247 251 249 -1 ] } }
Shape { appearance Appearance { material Material { diffuseColor 0.7 0.72 0.74 } } geometry IndexedFaceSet { solid FALSE coord Coordinate { point [ -0.098425 -1.059055 -0.984252,
-0.098425 -1.059055 0.000000,
-0.098425 -0.940945 -0.984252,
-0.098425 -0.940945 0.000000,
0.098425 -1.059055 0.000000,
0.098425 -1.059055 -0.984252,
0.098425 -0.940945 -0.984252,
0.098425 -0.940945 0.000000 ] } coordIndex [ 0 1 2 -1,
2 1 3 -1,
4 5 6 -1,
4 6 7 -1,
5 4 0 -1,
0 4 1 -1,
7 6 2 -1,
7 2 3 -1,
2 6 0 -1,
0 6 5 -1,
7 3 1 -1,
7 1 4 -1 ] } }
Shape { appearance Appearance { material Material { diffuseColor 0.7 0.72 0.74 } } geometry IndexedFaceSet { solid FALSE coord Coordinate { point [ -0.098425 -1.059055 1.181102,
-0.098425 -1.059055 2.559055,
-0.098425 -0.940945 1.181102,
-0.098425 -0.940945 2.559055,
0.098425 -1.059055 2.559055,
0.098425 -1.059055 1.181102,
0.098425 -0.940945 1.181102,
0.098425 -0.940945 2.559055 ] } coordIndex [ 0 1 2 -1,
2 1 3 -1,
4 5 6 -1,
4 6 7 -1,
5 4 0 -1,
0 4 1 -1,
7 6 2 -1,
7 2 3 -1,
2 6 0 -1,
0 6 5 -1,
7 3 1 -1,
7 1 4 -1 ] } }
Shape { appearance Appearance { material Material { diffuseColor 0.7 0.72 0.74 } } geometry IndexedFaceSet { solid FALSE coord Coordinate { point [ 0.200787 -1.002944 2.618037,
0.200787 -1.000000 2.618110,
0.000000 -1.000000 2.618110,
0.000000 -1.002944 2.618037,
0.200787 -1.005880 2.617817,
0.000000 -1.005880 2.617817,
0.200787 -1.008802 2.617451,
0.000000 -1.008802 2.617451,
0.200787 -1.011702 2.616939,
0.000000 -1.011702 2.616939,
0.200787 -1.014572 2.616284,
0.000000 -1.014572 2.616284,
0.200787 -1.017407 2.615487,
0.000000 -1.017407 2.615487,
0.200787 -1.020198 2.614549,
0.000000 -1.020198 2.614549,
0.200787 -1.022939 2.613473,
0.000000 -1.022939 2.613473,
0.200787 -1.025623 2.612262,
0.000000 -1.025623 2.612262,
0.200787 -1.028243 2.610919,
0.000000 -1.028243 2.610919,
0.200787 -1.030793 2.609446,
0.000000 -1.030793 2.609446,
0.200787 -1.033267 2.607849,
0.000000 -1.033267 2.607849,
0.000000 -1.035658 2.606130,
0.200787 -1.035658 2.606130,
0.200787 -1.037960 2.604294,
0.000000 -1.037960 2.604294,
0.200787 -1.040168 2.602346,
0.000000 -1.040168 2.602346,
0.200787 -1.042276 2.600290,
0.000000 -1.042276 2.600290,
0.200787 -1.044278 2.598131,
0.000000 -1.044278 2.598131,
0.200787 -1.046171 2.595875,
0.000000 -1.046171 2.595875,
0.200787 -1.047949 2.593528,
0.000000 -1.047949 2.593528,
0.200787 -1.049608 2.591095,
0.000000 -1.049608 2.591095,
0.200787 -1.051143 2.588583,
0.000000 -1.051143 2.588583,
0.200787 -1.052551 2.585997,
0.000000 -1.052551 2.585997,
0.200787 -1.053829 2.583344,
0.000000 -1.053829 2.583344,
0.200787 -1.054973 2.580630,
0.000000 -1.054973 2.580630,
0.200787 -1.055980 2.577863,
0.000000 -1.055980 2.577863,
0.000000 -1.056848 2.575050,
0.200787 -1.056848 2.575050,
0.200787 -1.057574 2.572196,
0.000000 -1.057574 2.572196,
0.200787 -1.058158 2.569310,
0.000000 -1.058158 2.569310,
0.200787 -1.058597 2.566398,
0.000000 -1.058597 2.566398,
0.000000 -1.058890 2.563468,
0.200787 -1.058890 2.563468,
0.200787 -1.059037 2.560527,
0.000000 -1.059037 2.560527,
0.200787 -1.059037 2.557583,
0.000000 -1.059037 2.557583,
0.000000 -1.058890 2.554642,
0.200787 -1.058890 2.554642,
0.000000 -1.058597 2.551712,
0.200787 -1.058597 2.551712,
0.200787 -1.058158 2.548800,
0.000000 -1.058158 2.548800,
0.000000 -1.057574 2.545914,
0.200787 -1.057574 2.545914,
0.200787 -1.056848 2.543061,
0.000000 -1.056848 2.543061,
0.200787 -1.055980 2.540247,
0.000000 -1.055980 2.540247,
0.000000 -1.054973 2.537480,
0.200787 -1.054973 2.537480,
0.200787 -1.053829 2.534767,
0.000000 -1.053829 2.534767,
0.000000 -1.052551 2.532114,
0.200787 -1.052551 2.532114,
0.000000 -1.051143 2.529528,
0.200787 -1.051143 2.529528,
0.200787 -1.049608 2.527015,
0.000000 -1.049608 2.527015,
0.000000 -1.047949 2.524582,
0.200787 -1.047949 2.524582,
0.200787 -1.046171 2.522235,
0.000000 -1.046171 2.522235,
0.000000 -1.044278 2.519979,
0.200787 -1.044278 2.519979,
0.000000 -1.042276 2.517821,
0.200787 -1.042276 2.517821,
0.200787 -1.040168 2.515765,
0.000000 -1.040168 2.515765,
0.000000 -1.037960 2.513816,
0.200787 -1.037960 2.513816,
0.000000 -1.035658 2.511980,
0.200787 -1.035658 2.511980,
0.200787 -1.033267 2.510261,
0.000000 -1.033267 2.510261,
0.000000 -1.030793 2.508664,
0.200787 -1.030793 2.508664,
0.200787 -1.028243 2.507192,
0.000000 -1.028243 2.507192,
0.000000 -1.025623 2.505848,
0.200787 -1.025623 2.505848,
0.000000 -1.022939 2.504637,
0.200787 -1.022939 2.504637,
0.200787 -1.020198 2.503561,
0.000000 -1.020198 2.503561,
0.000000 -1.017407 2.502624,
0.200787 -1.017407 2.502624,
0.000000 -1.014572 2.501826,
0.200787 -1.014572 2.501826,
0.200787 -1.011702 2.501171,
0.000000 -1.011702 2.501171,
0.000000 -1.008802 2.500660,
0.200787 -1.008802 2.500660,
0.200787 -1.005880 2.500293,
0.000000 -1.005880 2.500293,
0.200787 -1.002944 2.500073,
0.000000 -1.002944 2.500073,
0.000000 -1.000000 2.500000,
0.200787 -1.000000 2.500000,
0.200787 -0.997056 2.500073,
0.000000 -0.997056 2.500073,
0.200787 -0.994120 2.500293,
0.000000 -0.994120 2.500293,
0.200787 -0.991198 2.500660,
0.000000 -0.991198 2.500660,
0.200787 -0.988298 2.501171,
0.000000 -0.988298 2.501171,
0.200787 -0.985428 2.501826,
0.000000 -0.985428 2.501826,
0.200787 -0.982593 2.502624,
0.000000 -0.982593 2.502624,
0.200787 -0.979802 2.503561,
0.000000 -0.979802 2.503561,
0.200787 -0.977061 2.504637,
0.000000 -0.977061 2.504637,
0.200787 -0.974377 2.505848,
0.000000 -0.974377 2.505848,
0.200787 -0.971757 2.507192,
0.000000 -0.971757 2.507192,
0.200787 -0.969207 2.508664,
0.000000 -0.969207 2.508664,
0.200787 -0.966733 2.510261,
0.000000 -0.966733 2.510261,
0.200787 -0.964342 2.511980,
0.000000 -0.964342 2.511980,
0.200787 -0.962040 2.513816,
0.000000 -0.962040 2.513816,
0.200787 -0.959832 2.515765,
0.000000 -0.959832 2.515765,
0.200787 -0.957724 2.517821,
0.000000 -0.957724 2.517821,
0.200787 -0.955722 2.519979,
0.000000 -0.955722 2.519979,
0.200787 -0.953829 2.522235,
0.000000 -0.953829 2.522235,
0.200787 -0.952051 2.524582,
0.000000 -0.952051 2.524582,
0.200787 -0.950392 2.527015,
0.000000 -0.950392 2.527015,
0.200787 -0.948857 2.529528,
0.000000 -0.948857 2.529528,
0.200787 -0.947449 2.532114,
0.000000 -0.947449 2.532114,
0.200787 -0.946171 2.534767,
0.000000 -0.946171 2.534767,
0.200787 -0.945027 2.537480,
0.000000 -0.945027 2.537480,
0.200787 -0.944020 2.540247,
0.000000 -0.944020 2.540247,
0.200787 -0.943152 2.543061,
0.000000 -0.943152 2.543061,
0.200787 -0.942426 2.545914,
0.000000 -0.942426 2.545914,
0.200787 -0.941842 2.548800,
0.000000 -0.941842 2.548800,
0.200787 -0.941403 2.551712,
0.000000 -0.941403 2.551712,
0.200787 -0.941110 2.554642,
0.000000 -0.941110 2.554642,
0.200787 -0.940963 2.557583,
0.000000 -0.940963 2.557583,
0.200787 -0.940963 2.560527,
0.000000 -0.940963 2.560527,
0.000000 -0.941110 2.563468,
0.200787 -0.941110 2.563468,
0.200787 -0.941403 2.566398,
0.000000 -0.941403 2.566398,
0.200787 -0.941842 2.569310,
0.000000 -0.941842 2.569310,
0.200787 -0.942426 2.572196,
0.000000 -0.942426 2.572196,
0.200787 -0.943152 2.575050,
0.000000 -0.943152 2.575050,
0.200787 -0.944020 2.577863,
0.000000 -0.944020 2.577863,
0.200787 -0.945027 2.580630,
0.000000 -0.945027 2.580630,
0.200787 -0.946171 2.583344,
0.000000 -0.946171 2.583344,
0.200787 -0.947449 2.585997,
0.000000 -0.947449 2.585997,
0.000000 -0.948857 2.588583,
0.200787 -0.948857 2.588583,
0.200787 -0.950392 2.591095,
0.000000 -0.950392 2.591095,
0.200787 -0.952051 2.593528,
0.000000 -0.952051 2.593528,
0.200787 -0.953829 2.595875,
0.000000 -0.953829 2.595875,
0.000000 -0.955722 2.598131,
0.200787 -0.955722 2.598131,
0.200787 -0.957724 2.600290,
0.000000 -0.957724 2.600290,
0.200787 -0.959832 2.602346,
0.000000 -0.959832 2.602346,
0.000000 -0.962040 2.604294,
0.200787 -0.962040 2.604294,
0.200787 -0.964342 2.606130,
0.000000 -0.964342 2.606130,
0.200787 -0.966733 2.607849,
0.000000 -0.966733 2.607849,
0.200787 -0.969207 2.609446,
0.000000 -0.969207 2.609446,
0.200787 -0.971757 2.610919,
0.000000 -0.971757 2.610919,
0.200787 -0.974377 2.612262,
0.000000 -0.974377 2.612262,
0.200787 -0.977061 2.613473,
0.000000 -0.977061 2.613473,
0.200787 -0.979802 2.614549,
0.000000 -0.979802 2.614549,
0.200787 -0.982593 2.615487,
0.000000 -0.982593 2.615487,
0.000000 -0.985428 2.616284,
0.200787 -0.985428 2.616284,
0.200787 -0.988298 2.616939,
0.000000 -0.988298 2.616939,
0.200787 -0.991198 2.617451,
0.000000 -0.991198 2.617451,
0.200787 -0.994120 2.617817,
0.000000 -0.994120 2.617817,
0.200787 -0.997056 2.618037,
0.000000 -0.997056 2.618037 ] } coordIndex [ 0 1 2 -1,
0 2 3 -1,
4 3 5 -1,
4 0 3 -1,
6 5 7 -1,
6 4 5 -1,
8 7 9 -1,
8 6 7 -1,
10 9 11 -1,
10 8 9 -1,
12 11 13 -1,
12 10 11 -1,
14 13 15 -1,
14 12 13 -1,
16 15 17 -1,
16 14 15 -1,
18 17 19 -1,
18 16 17 -1,
20 19 21 -1,
20 18 19 -1,
22 20 21 -1,
22 21 23 -1,
24 22 23 -1,
24 23 25 -1,
24 25 26 -1,
27 24 26 -1,
28 27 26 -1,
28 26 29 -1,
30 28 29 -1,
30 29 31 -1,
32 30 31 -1,
32 31 33 -1,
34 32 33 -1,
34 33 35 -1,
36 34 35 -1,
36 35 37 -1,
38 36 37 -1,
38 37 39 -1,
40 38 39 -1,
40 39 41 -1,
42 40 41 -1,
42 41 43 -1,
44 42 43 -1,
44 43 45 -1,
46 45 47 -1,
46 44 45 -1,
48 47 49 -1,
48 46 47 -1,
50 49 51 -1,
50 51 52 -1,
50 48 49 -1,
53 50 52 -1,
54 52 55 -1,
54 53 52 -1,
56 55 57 -1,
56 54 55 -1,
58 57 59 -1,
58 59 60 -1,
58 56 57 -1,
61 58 60 -1,
62 60 63 -1,
62 61 60 -1,
64 63 65 -1,
64 65 66 -1,
64 62 63 -1,
67 66 68 -1,
67 64 66 -1,
69 67 68 -1,
70 68 71 -1,
70 71 72 -1,
70 69 68 -1,
73 70 72 -1,
74 73 72 -1,
74 72 75 -1,
76 74 75 -1,
76 75 77 -1,
76 77 78 -1,
79 76 78 -1,
80 79 78 -1,
80 78 81 -1,
80 81 82 -1,
83 80 82 -1,
83 82 84 -1,
85 83 84 -1,
86 85 84 -1,
86 84 87 -1,
86 87 88 -1,
89 86 88 -1,
90 89 88 -1,
90 88 91 -1,
90 91 92 -1,
93 90 92 -1,
93 92 94 -1,
95 93 94 -1,
96 95 94 -1,
96 94 97 -1,
96 97 98 -1,
99 96 98 -1,
99 98 100 -1,
101 99 100 -1,
102 101 100 -1,
102 100 103 -1,
102 103 104 -1,
105 102 104 -1,
106 105 104 -1,
106 104 107 -1,
106 107 108 -1,
109 106 108 -1,
109 108 110 -1,
111 109 110 -1,
112 111 110 -1,
112 110 113 -1,
112 113 114 -1,
115 114 116 -1,
115 112 114 -1,
117 115 116 -1,
118 116 119 -1,
118 119 120 -1,
118 117 116 -1,
121 118 120 -1,
122 120 123 -1,
122 121 120 -1,
124 122 123 -1,
124 123 125 -1,
124 125 126 -1,
127 124 126 -1,
128 127 126 -1,
128 126 129 -1,
130 128 129 -1,
130 129 131 -1,
132 130 131 -1,
132 131 133 -1,
134 132 133 -1,
134 133 135 -1,
136 134 135 -1,
136 135 137 -1,
138 136 137 -1,
138 137 139 -1,
140 138 139 -1,
140 139 141 -1,
142 140 141 -1,
142 141 143 -1,
144 142 143 -1,
144 143 145 -1,
146 144 145 -1,
146 145 147 -1,
148 146 147 -1,
148 147 149 -1,
150 149 151 -1,
150 148 149 -1,
152 151 153 -1,
152 150 151 -1,
154 153 155 -1,
154 152 153 -1,
156 155 157 -1,
156 154 155 -1,
158 157 159 -1,
158 156 157 -1,
160 159 161 -1,
160 158 159 -1,
162 161 163 -1,
162 160 161 -1,
164 163 165 -1,
164 162 163 -1,
166 165 167 -1,
166 164 165 -1,
168 167 169 -1,
168 166 167 -1,
170 169 171 -1,
170 168 169 -1,
172 171 173 -1,
172 170 171 -1,
174 173 175 -1,
174 172 173 -1,
176 174 175 -1,
176 175 177 -1,
178 176 177 -1,
178 177 179 -1,
180 178 179 -1,
180 179 181 -1,
182 180 181 -1,
182 181 183 -1,
184 183 185 -1,
184 182 183 -1,
186 185 187 -1,
186 184 185 -1,
188 187 189 -1,
188 186 187 -1,
190 189 191 -1,
190 191 192 -1,
190 188 189 -1,
193 190 192 -1,
194 192 195 -1,
194 193 192 -1,
196 195 197 -1,
196 194 195 -1,
198 197 199 -1,
198 196 197 -1,
200 199 201 -1,
200 198 199 -1,
202 201 203 -1,
202 200 201 -1,
204 203 205 -1,
204 202 203 -1,
206 205 207 -1,
206 204 205 -1,
208 207 209 -1,
208 209 210 -1,
208 206 207 -1,
211 208 210 -1,
212 210 213 -1,
212 211 210 -1,
214 213 215 -1,
214 212 213 -1,
216 215 217 -1,
216 217 218 -1,
216 214 215 -1,
219 216 218 -1,
220 218 221 -1,
220 219 218 -1,
222 221 223 -1,
222 223 224 -1,
222 220 221 -1,
225 222 224 -1,
226 225 224 -1,
226 224 227 -1,
228 226 227 -1,
228 227 229 -1,
230 228 229 -1,
230 229 231 -1,
232 230 231 -1,
232 231 233 -1,
234 232 233 -1,
234 233 235 -1,
236 234 235 -1,
236 235 237 -1,
238 236 237 -1,
238 237 239 -1,
240 238 239 -1,
240 239 241 -1,
240 241 242 -1,
243 240 242 -1,
244 243 242 -1,
244 242 245 -1,
246 244 245 -1,
246 245 247 -1,
248 246 247 -1,
248 247 249 -1,
250 249 251 -1,
250 248 249 -1,
250 251 2 -1,
1 250 2 -1,
14 10 12 -1,
48 50 53 -1,
44 46 48 -1,
38 40 42 -1,
38 42 44 -1,
206 202 204 -1,
30 27 28 -1,
32 1 0 -1,
32 0 4 -1,
32 4 6 -1,
32 6 8 -1,
32 8 10 -1,
32 14 16 -1,
32 16 18 -1,
32 18 20 -1,
32 20 22 -1,
32 22 24 -1,
32 24 27 -1,
32 34 36 -1,
32 36 38 -1,
32 53 54 -1,
32 54 56 -1,
32 56 58 -1,
32 58 61 -1,
32 61 62 -1,
32 62 64 -1,
32 64 67 -1,
32 67 69 -1,
32 69 70 -1,
32 70 73 -1,
32 73 74 -1,
32 74 76 -1,
32 76 79 -1,
32 79 80 -1,
32 80 83 -1,
32 83 85 -1,
32 95 96 -1,
32 96 99 -1,
32 99 101 -1,
32 101 102 -1,
32 102 105 -1,
32 105 106 -1,
32 106 109 -1,
32 109 111 -1,
32 111 112 -1,
32 112 115 -1,
32 115 117 -1,
32 117 118 -1,
32 118 121 -1,
32 121 122 -1,
32 122 124 -1,
32 124 127 -1,
32 127 128 -1,
32 128 130 -1,
32 130 132 -1,
32 132 134 -1,
32 134 136 -1,
32 136 138 -1,
32 138 140 -1,
32 140 142 -1,
32 142 144 -1,
32 144 146 -1,
32 146 148 -1,
32 148 150 -1,
32 150 152 -1,
32 152 154 -1,
32 154 156 -1,
32 156 158 -1,
32 158 160 -1,
32 160 162 -1,
32 162 164 -1,
32 164 166 -1,
32 166 168 -1,
32 168 170 -1,
32 170 172 -1,
32 172 174 -1,
32 174 176 -1,
32 176 178 -1,
32 178 180 -1,
32 180 182 -1,
32 182 184 -1,
32 184 186 -1,
32 186 188 -1,
32 188 190 -1,
32 190 193 -1,
32 193 194 -1,
32 194 196 -1,
32 196 198 -1,
32 198 200 -1,
32 200 202 -1,
32 206 208 -1,
32 208 211 -1,
32 211 212 -1,
32 212 214 -1,
32 214 216 -1,
32 216 219 -1,
32 219 220 -1,
32 220 222 -1,
32 222 225 -1,
32 232 234 -1,
32 234 236 -1,
32 202 206 -1,
32 90 95 -1,
32 240 246 -1,
32 225 228 -1,
32 228 232 -1,
32 236 240 -1,
32 85 90 -1,
32 27 30 -1,
32 44 48 -1,
32 246 1 -1,
32 10 14 -1,
32 48 53 -1,
32 38 44 -1,
90 93 95 -1,
228 225 226 -1,
85 86 89 -1,
85 89 90 -1,
232 228 230 -1,
240 236 238 -1,
246 240 243 -1,
246 243 244 -1,
1 246 248 -1,
1 248 250 -1,
11 15 13 -1,
51 49 52 -1,
47 45 49 -1,
41 39 43 -1,
43 39 45 -1,
203 207 205 -1,
26 31 29 -1,
2 33 3 -1,
3 33 5 -1,
5 33 7 -1,
7 33 9 -1,
9 33 11 -1,
15 33 17 -1,
17 33 19 -1,
19 33 21 -1,
21 33 23 -1,
23 33 25 -1,
25 33 26 -1,
35 33 37 -1,
37 33 39 -1,
52 33 55 -1,
55 33 57 -1,
57 33 59 -1,
59 33 60 -1,
60 33 63 -1,
63 33 65 -1,
65 33 66 -1,
66 33 68 -1,
68 33 71 -1,
71 33 72 -1,
72 33 75 -1,
75 33 77 -1,
77 33 78 -1,
78 33 81 -1,
81 33 82 -1,
82 33 84 -1,
94 33 97 -1,
97 33 98 -1,
98 33 100 -1,
100 33 103 -1,
103 33 104 -1,
104 33 107 -1,
107 33 108 -1,
108 33 110 -1,
110 33 113 -1,
113 33 114 -1,
114 33 116 -1,
116 33 119 -1,
119 33 120 -1,
120 33 123 -1,
123 33 125 -1,
125 33 126 -1,
126 33 129 -1,
129 33 131 -1,
131 33 133 -1,
133 33 135 -1,
135 33 137 -1,
137 33 139 -1,
139 33 141 -1,
141 33 143 -1,
143 33 145 -1,
145 33 147 -1,
147 33 149 -1,
149 33 151 -1,
151 33 153 -1,
153 33 155 -1,
155 33 157 -1,
157 33 159 -1,
159 33 161 -1,
161 33 163 -1,
163 33 165 -1,
165 33 167 -1,
167 33 169 -1,
169 33 171 -1,
171 33 173 -1,
173 33 175 -1,
175 33 177 -1,
177 33 179 -1,
179 33 181 -1,
181 33 183 -1,
183 33 185 -1,
185 33 187 -1,
187 33 189 -1,
189 33 191 -1,
191 33 192 -1,
192 33 195 -1,
195 33 197 -1,
197 33 199 -1,
199 33 201 -1,
201 33 203 -1,
207 33 209 -1,
209 33 210 -1,
210 33 213 -1,
213 33 215 -1,
215 33 217 -1,
217 33 218 -1,
218 33 221 -1,
221 33 223 -1,
223 33 224 -1,
233 33 235 -1,
235 33 237 -1,
203 33 207 -1,
91 33 94 -1,
241 33 247 -1,
224 33 229 -1,
229 33 233 -1,
237 33 241 -1,
84 33 91 -1,
26 33 31 -1,
45 33 49 -1,
247 33 2 -1,
11 33 15 -1,
49 33 52 -1,
39 33 45 -1,
92 91 94 -1,
224 229 227 -1,
87 84 88 -1,
88 84 91 -1,
229 233 231 -1,
237 241 239 -1,
241 247 242 -1,
242 247 245 -1,
247 2 249 -1,
249 2 251 -1 ] } }
Shape { appearance Appearance { material Material { diffuseColor 0.7 0.72 0.74 } } geometry IndexedFaceSet { solid FALSE coord Coordinate { point [ -0.098425 -2.059055 -0.984252,
-0.098425 -2.059055 0.000000,
-0.098425 -1.940945 -0.984252,
-0.098425 -1.940945 0.000000,
0.098425 -2.059055 0.000000,
0.098425 -2.059055 -0.984252,
0.098425 -1.940945 -0.984252,
0.098425 -1.940945 0.000000 ] } coordIndex [ 0 1 2 -1,
2 1 3 -1,
4 5 6 -1,
4 6 7 -1,
5 4 0 -1,
0 4 1 -1,
7 6 2 -1,
7 2 3 -1,
2 6 0 -1,
0 6 5 -1,
7 3 1 -1,
7 1 4 -1 ] } }
Shape { appearance Appearance { material Material { diffuseColor 0.7 0.72 0.74 } } geometry IndexedFaceSet { solid FALSE coord Coordinate { point [ -0.098425 -2.059055 1.181102,
-0.098425 -2.059055 2.559055,
-0.098425 -1.940945 1.181102,
-0.098425 -1.940945 2.559055,
0.098425 -2.059055 2.559055,
0.098425 -2.059055 1.181102,
0.098425 -1.940945 1.181102,
0.098425 -1.940945 2.559055 ] } coordIndex [ 0 1 2 -1,
2 1 3 -1,
4 5 6 -1,
4 6 7 -1,
5 4 0 -1,
0 4 1 -1,
7 6 2 -1,
7 2 3 -1,
2 6 0 -1,
0 6 5 -1,
7 3 1 -1,
7 1 4 -1 ] } }
Shape { appearance Appearance { material Material { diffuseColor 0.7 0.72 0.74 } } geometry IndexedFaceSet { solid FALSE coord Coordinate { point [ 0.200787 -2.002944 2.618037,
0.200787 -2.000000 2.618110,
0.000000 -2.000000 2.618110,
0.000000 -2.002944 2.618037,
0.200787 -2.005880 2.617817,
0.000000 -2.005880 2.617817,
0.200787 -2.008802 2.617451,
0.000000 -2.008802 2.617451,
0.200787 -2.011702 2.616939,
0.000000 -2.011702 2.616939,
0.200787 -2.014572 2.616284,
0.000000 -2.014572 2.616284,
0.200787 -2.017407 2.615487,
0.000000 -2.017407 2.615487,
0.200787 -2.020198 2.614549,
0.000000 -2.020198 2.614549,
0.200787 -2.022939 2.613473,
0.000000 -2.022939 2.613473,
0.200787 -2.025623 2.612262,
0.000000 -2.025623 2.612262,
0.200787 -2.028243 2.610919,
0.000000 -2.028243 2.610919,
0.200787 -2.030793 2.609446,
0.000000 -2.030793 2.609446,
0.200787 -2.033267 2.607849,
0.000000 -2.033267 2.607849,
0.000000 -2.035658 2.606130,
0.200787 -2.035658 2.606130,
0.200787 -2.037960 2.604294,
0.000000 -2.037960 2.604294,
0.200787 -2.040168 2.602346,
0.000000 -2.040168 2.602346,
0.200787 -2.042276 2.600290,
0.000000 -2.042276 2.600290,
0.200787 -2.044278 2.598131,
0.000000 -2.044278 2.598131,
0.200787 -2.046171 2.595875,
0.000000 -2.046171 2.595875,
0.200787 -2.047949 2.593528,
0.000000 -2.047949 2.593528,
0.200787 -2.049608 2.591095,
0.000000 -2.049608 2.591095,
0.200787 -2.051143 2.588583,
0.000000 -2.051143 2.588583,
0.200787 -2.052551 2.585997,
0.000000 -2.052551 2.585997,
0.200787 -2.053829 2.583344,
0.000000 -2.053829 2.583344,
0.200787 -2.054973 2.580630,
0.000000 -2.054973 2.580630,
0.200787 -2.055980 2.577863,
0.000000 -2.055980 2.577863,
0.000000 -2.056848 2.575050,
0.200787 -2.056848 2.575050,
0.200787 -2.057574 2.572196,
0.000000 -2.057574 2.572196,
0.200787 -2.058158 2.569310,
0.000000 -2.058158 2.569310,
0.200787 -2.058597 2.566398,
0.000000 -2.058597 2.566398,
0.000000 -2.058890 2.563468,
0.200787 -2.058890 2.563468,
0.200787 -2.059037 2.560527,
0.000000 -2.059037 2.560527,
0.200787 -2.059037 2.557583,
0.000000 -2.059037 2.557583,
0.000000 -2.058890 2.554642,
0.200787 -2.058890 2.554642,
0.000000 -2.058597 2.551712,
0.200787 -2.058597 2.551712,
0.200787 -2.058158 2.548800,
0.000000 -2.058158 2.548800,
0.000000 -2.057574 2.545914,
0.200787 -2.057574 2.545914,
0.200787 -2.056848 2.543061,
0.000000 -2.056848 2.543061,
0.200787 -2.055980 2.540247,
0.000000 -2.055980 2.540247,
0.000000 -2.054973 2.537480,
0.200787 -2.054973 2.537480,
0.200787 -2.053829 2.534767,
0.000000 -2.053829 2.534767,
0.000000 -2.052551 2.532114,
0.200787 -2.052551 2.532114,
0.000000 -2.051143 2.529528,
0.200787 -2.051143 2.529528,
0.200787 -2.049608 2.527015,
0.000000 -2.049608 2.527015,
0.000000 -2.047949 2.524582,
0.200787 -2.047949 2.524582,
0.200787 -2.046171 2.522235,
0.000000 -2.046171 2.522235,
0.000000 -2.044278 2.519979,
0.200787 -2.044278 2.519979,
0.000000 -2.042276 2.517821,
0.200787 -2.042276 2.517821,
0.200787 -2.040168 2.515765,
0.000000 -2.040168 2.515765,
0.000000 -2.037960 2.513816,
0.200787 -2.037960 2.513816,
0.000000 -2.035658 2.511980,
0.200787 -2.035658 2.511980,
0.200787 -2.033267 2.510261,
0.000000 -2.033267 2.510261,
0.000000 -2.030793 2.508664,
0.200787 -2.030793 2.508664,
0.200787 -2.028243 2.507192,
0.000000 -2.028243 2.507192,
0.000000 -2.025623 2.505848,
0.200787 -2.025623 2.505848,
0.000000 -2.022939 2.504637,
0.200787 -2.022939 2.504637,
0.200787 -2.020198 2.503561,
0.000000 -2.020198 2.503561,
0.000000 -2.017407 2.502624,
0.200787 -2.017407 2.502624,
0.000000 -2.014572 2.501826,
0.200787 -2.014572 2.501826,
0.200787 -2.011702 2.501171,
0.000000 -2.011702 2.501171,
0.000000 -2.008802 2.500660,
0.200787 -2.008802 2.500660,
0.200787 -2.005880 2.500293,
0.000000 -2.005880 2.500293,
0.200787 -2.002944 2.500073,
0.000000 -2.002944 2.500073,
0.000000 -2.000000 2.500000,
0.200787 -2.000000 2.500000,
0.200787 -1.997056 2.500073,
0.000000 -1.997056 2.500073,
0.200787 -1.994120 2.500293,
0.000000 -1.994120 2.500293,
0.200787 -1.991198 2.500660,
0.000000 -1.991198 2.500660,
0.200787 -1.988298 2.501171,
0.000000 -1.988298 2.501171,
0.200787 -1.985428 2.501826,
0.000000 -1.985428 2.501826,
0.200787 -1.982593 2.502624,
0.000000 -1.982593 2.502624,
0.200787 -1.979802 2.503561,
0.000000 -1.979802 2.503561,
0.200787 -1.977061 2.504637,
0.000000 -1.977061 2.504637,
0.200787 -1.974377 2.505848,
0.000000 -1.974377 2.505848,
0.200787 -1.971757 2.507192,
0.000000 -1.971757 2.507192,
0.200787 -1.969207 2.508664,
0.000000 -1.969207 2.508664,
0.200787 -1.966733 2.510261,
0.000000 -1.966733 2.510261,
0.200787 -1.964342 2.511980,
0.000000 -1.964342 2.511980,
0.200787 -1.962040 2.513816,
0.000000 -1.962040 2.513816,
0.200787 -1.959832 2.515765,
0.000000 -1.959832 2.515765,
0.200787 -1.957724 2.517821,
0.000000 -1.957724 2.517821,
0.200787 -1.955722 2.519979,
0.000000 -1.955722 2.519979,
0.200787 -1.953829 2.522235,
0.000000 -1.953829 2.522235,
0.200787 -1.952051 2.524582,
0.000000 -1.952051 2.524582,
0.200787 -1.950392 2.527015,
0.000000 -1.950392 2.527015,
0.200787 -1.948857 2.529528,
0.000000 -1.948857 2.529528,
0.200787 -1.947449 2.532114,
0.000000 -1.947449 2.532114,
0.200787 -1.946171 2.534767,
0.000000 -1.946171 2.534767,
0.200787 -1.945027 2.537480,
0.000000 -1.945027 2.537480,
0.200787 -1.944020 2.540247,
0.000000 -1.944020 2.540247,
0.200787 -1.943152 2.543061,
0.000000 -1.943152 2.543061,
0.200787 -1.942426 2.545914,
0.000000 -1.942426 2.545914,
0.200787 -1.941842 2.548800,
0.000000 -1.941842 2.548800,
0.200787 -1.941403 2.551712,
0.000000 -1.941403 2.551712,
0.200787 -1.941110 2.554642,
0.000000 -1.941110 2.554642,
0.200787 -1.940963 2.557583,
0.000000 -1.940963 2.557583,
0.200787 -1.940963 2.560527,
0.000000 -1.940963 2.560527,
0.000000 -1.941110 2.563468,
0.200787 -1.941110 2.563468,
0.200787 -1.941403 2.566398,
0.000000 -1.941403 2.566398,
0.200787 -1.941842 2.569310,
0.000000 -1.941842 2.569310,
0.200787 -1.942426 2.572196,
0.000000 -1.942426 2.572196,
0.200787 -1.943152 2.575050,
0.000000 -1.943152 2.575050,
0.200787 -1.944020 2.577863,
0.000000 -1.944020 2.577863,
0.200787 -1.945027 2.580630,
0.000000 -1.945027 2.580630,
0.200787 -1.946171 2.583344,
0.000000 -1.946171 2.583344,
0.200787 -1.947449 2.585997,
0.000000 -1.947449 2.585997,
0.000000 -1.948857 2.588583,
0.200787 -1.948857 2.588583,
0.200787 -1.950392 2.591095,
0.000000 -1.950392 2.591095,
0.200787 -1.952051 2.593528,
0.000000 -1.952051 2.593528,
0.200787 -1.953829 2.595875,
0.000000 -1.953829 2.595875,
0.000000 -1.955722 2.598131,
0.200787 -1.955722 2.598131,
0.200787 -1.957724 2.600290,
0.000000 -1.957724 2.600290,
0.200787 -1.959832 2.602346,
0.000000 -1.959832 2.602346,
0.000000 -1.962040 2.604294,
0.200787 -1.962040 2.604294,
0.200787 -1.964342 2.606130,
0.000000 -1.964342 2.606130,
0.200787 -1.966733 2.607849,
0.000000 -1.966733 2.607849,
0.200787 -1.969207 2.609446,
0.000000 -1.969207 2.609446,
0.200787 -1.971757 2.610919,
0.000000 -1.971757 2.610919,
0.200787 -1.974377 2.612262,
0.000000 -1.974377 2.612262,
0.200787 -1.977061 2.613473,
0.000000 -1.977061 2.613473,
0.200787 -1.979802 2.614549,
0.000000 -1.979802 2.614549,
0.200787 -1.982593 2.615487,
0.000000 -1.982593 2.615487,
0.000000 -1.985428 2.616284,
0.200787 -1.985428 2.616284,
0.200787 -1.988298 2.616939,
0.000000 -1.988298 2.616939,
0.200787 -1.991198 2.617451,
0.000000 -1.991198 2.617451,
0.200787 -1.994120 2.617817,
0.000000 -1.994120 2.617817,
0.200787 -1.997056 2.618037,
0.000000 -1.997056 2.618037 ] } coordIndex [ 0 1 2 -1,
0 2 3 -1,
4 3 5 -1,
4 0 3 -1,
6 5 7 -1,
6 4 5 -1,
8 7 9 -1,
8 6 7 -1,
10 9 11 -1,
10 8 9 -1,
12 11 13 -1,
12 10 11 -1,
14 13 15 -1,
14 12 13 -1,
16 15 17 -1,
16 14 15 -1,
18 17 19 -1,
18 16 17 -1,
20 19 21 -1,
20 18 19 -1,
22 20 21 -1,
22 21 23 -1,
24 22 23 -1,
24 23 25 -1,
24 25 26 -1,
27 24 26 -1,
28 27 26 -1,
28 26 29 -1,
30 28 29 -1,
30 29 31 -1,
32 30 31 -1,
32 31 33 -1,
34 32 33 -1,
34 33 35 -1,
36 34 35 -1,
36 35 37 -1,
38 36 37 -1,
38 37 39 -1,
40 38 39 -1,
40 39 41 -1,
42 40 41 -1,
42 41 43 -1,
44 42 43 -1,
44 43 45 -1,
46 45 47 -1,
46 44 45 -1,
48 47 49 -1,
48 46 47 -1,
50 49 51 -1,
50 51 52 -1,
50 48 49 -1,
53 50 52 -1,
54 52 55 -1,
54 53 52 -1,
56 55 57 -1,
56 54 55 -1,
58 57 59 -1,
58 59 60 -1,
58 56 57 -1,
61 58 60 -1,
62 60 63 -1,
62 61 60 -1,
64 63 65 -1,
64 65 66 -1,
64 62 63 -1,
67 66 68 -1,
67 64 66 -1,
69 67 68 -1,
70 68 71 -1,
70 71 72 -1,
70 69 68 -1,
73 70 72 -1,
74 73 72 -1,
74 72 75 -1,
76 74 75 -1,
76 75 77 -1,
76 77 78 -1,
79 76 78 -1,
80 79 78 -1,
80 78 81 -1,
80 81 82 -1,
83 80 82 -1,
83 82 84 -1,
85 83 84 -1,
86 85 84 -1,
86 84 87 -1,
86 87 88 -1,
89 86 88 -1,
90 89 88 -1,
90 88 91 -1,
90 91 92 -1,
93 90 92 -1,
93 92 94 -1,
95 93 94 -1,
96 95 94 -1,
96 94 97 -1,
96 97 98 -1,
99 96 98 -1,
99 98 100 -1,
101 99 100 -1,
102 101 100 -1,
102 100 103 -1,
102 103 104 -1,
105 102 104 -1,
106 105 104 -1,
106 104 107 -1,
106 107 108 -1,
109 106 108 -1,
109 108 110 -1,
111 109 110 -1,
112 111 110 -1,
112 110 113 -1,
112 113 114 -1,
115 114 116 -1,
115 112 114 -1,
117 115 116 -1,
118 116 119 -1,
118 119 120 -1,
118 117 116 -1,
121 118 120 -1,
122 120 123 -1,
122 121 120 -1,
124 122 123 -1,
124 123 125 -1,
124 125 126 -1,
127 124 126 -1,
128 127 126 -1,
128 126 129 -1,
130 128 129 -1,
130 129 131 -1,
132 130 131 -1,
132 131 133 -1,
134 132 133 -1,
134 133 135 -1,
136 134 135 -1,
136 135 137 -1,
138 136 137 -1,
138 137 139 -1,
140 138 139 -1,
140 139 141 -1,
142 140 141 -1,
142 141 143 -1,
144 142 143 -1,
144 143 145 -1,
146 144 145 -1,
146 145 147 -1,
148 146 147 -1,
148 147 149 -1,
150 149 151 -1,
150 148 149 -1,
152 151 153 -1,
152 150 151 -1,
154 153 155 -1,
154 152 153 -1,
156 155 157 -1,
156 154 155 -1,
158 157 159 -1,
158 156 157 -1,
160 159 161 -1,
160 158 159 -1,
162 161 163 -1,
162 160 161 -1,
164 163 165 -1,
164 162 163 -1,
166 165 167 -1,
166 164 165 -1,
168 167 169 -1,
168 166 167 -1,
170 169 171 -1,
170 168 169 -1,
172 171 173 -1,
172 170 171 -1,
174 173 175 -1,
174 172 173 -1,
176 174 175 -1,
176 175 177 -1,
178 176 177 -1,
178 177 179 -1,
180 178 179 -1,
180 179 181 -1,
182 180 181 -1,
182 181 183 -1,
184 183 185 -1,
184 182 183 -1,
186 185 187 -1,
186 184 185 -1,
188 187 189 -1,
188 186 187 -1,
190 189 191 -1,
190 191 192 -1,
190 188 189 -1,
193 190 192 -1,
194 192 195 -1,
194 193 192 -1,
196 195 197 -1,
196 194 195 -1,
198 197 199 -1,
198 196 197 -1,
200 199 201 -1,
200 198 199 -1,
202 201 203 -1,
202 200 201 -1,
204 203 205 -1,
204 202 203 -1,
206 205 207 -1,
206 204 205 -1,
208 207 209 -1,
208 209 210 -1,
208 206 207 -1,
211 208 210 -1,
212 210 213 -1,
212 211 210 -1,
214 213 215 -1,
214 212 213 -1,
216 215 217 -1,
216 217 218 -1,
216 214 215 -1,
219 216 218 -1,
220 218 221 -1,
220 219 218 -1,
222 221 223 -1,
222 223 224 -1,
222 220 221 -1,
225 222 224 -1,
226 225 224 -1,
226 224 227 -1,
228 226 227 -1,
228 227 229 -1,
230 228 229 -1,
230 229 231 -1,
232 230 231 -1,
232 231 233 -1,
234 232 233 -1,
234 233 235 -1,
236 234 235 -1,
236 235 237 -1,
238 236 237 -1,
238 237 239 -1,
240 238 239 -1,
240 239 241 -1,
240 241 242 -1,
243 240 242 -1,
244 243 242 -1,
244 242 245 -1,
246 244 245 -1,
246 245 247 -1,
248 246 247 -1,
248 247 249 -1,
250 249 251 -1,
250 248 249 -1,
250 251 2 -1,
1 250 2 -1,
206 202 204 -1,
106 109 111 -1,
211 206 208 -1,
212 206 211 -1,
101 102 105 -1,
216 212 214 -1,
222 219 220 -1,
226 222 225 -1,
228 222 226 -1,
232 228 230 -1,
83 85 86 -1,
236 232 234 -1,
240 236 238 -1,
243 236 240 -1,
244 236 243 -1,
10 6 8 -1,
14 10 12 -1,
20 16 18 -1,
40 42 44 -1,
40 44 46 -1,
40 46 48 -1,
27 20 22 -1,
27 22 24 -1,
34 36 38 -1,
32 200 202 -1,
32 1 0 -1,
32 0 4 -1,
32 4 6 -1,
32 236 244 -1,
32 202 206 -1,
32 14 16 -1,
32 216 219 -1,
32 27 28 -1,
32 212 216 -1,
32 28 30 -1,
32 10 14 -1,
32 206 212 -1,
32 38 40 -1,
32 244 246 -1,
32 246 248 -1,
32 248 250 -1,
32 34 38 -1,
32 250 1 -1,
32 48 50 -1,
32 50 53 -1,
32 53 54 -1,
32 54 56 -1,
32 56 58 -1,
32 58 61 -1,
32 61 62 -1,
32 40 48 -1,
32 62 64 -1,
32 64 67 -1,
32 67 69 -1,
32 228 232 -1,
32 69 70 -1,
32 70 73 -1,
32 73 74 -1,
32 74 76 -1,
32 101 105 -1,
32 76 79 -1,
32 79 80 -1,
32 80 83 -1,
32 86 89 -1,
32 89 90 -1,
32 90 93 -1,
32 93 95 -1,
32 95 96 -1,
32 96 99 -1,
32 99 101 -1,
32 105 106 -1,
32 16 20 -1,
32 219 222 -1,
32 111 112 -1,
32 112 115 -1,
32 115 117 -1,
32 117 118 -1,
32 118 121 -1,
32 121 122 -1,
32 222 228 -1,
32 122 124 -1,
32 124 127 -1,
32 127 128 -1,
32 128 130 -1,
32 130 132 -1,
32 132 134 -1,
32 106 111 -1,
32 134 136 -1,
32 136 138 -1,
32 138 140 -1,
32 83 86 -1,
32 140 142 -1,
32 142 144 -1,
32 144 146 -1,
32 146 148 -1,
32 148 150 -1,
32 150 152 -1,
32 232 236 -1,
32 152 154 -1,
32 154 156 -1,
32 156 158 -1,
32 158 160 -1,
32 160 162 -1,
32 162 164 -1,
32 164 166 -1,
32 166 168 -1,
32 168 170 -1,
32 170 172 -1,
32 172 174 -1,
32 174 176 -1,
32 176 178 -1,
32 178 180 -1,
32 180 182 -1,
32 182 184 -1,
32 184 186 -1,
32 186 188 -1,
32 188 190 -1,
32 190 193 -1,
32 193 194 -1,
32 6 10 -1,
32 194 196 -1,
32 20 27 -1,
32 196 198 -1,
32 198 200 -1,
203 207 205 -1,
108 107 110 -1,
207 210 209 -1,
207 213 210 -1,
103 100 104 -1,
213 217 215 -1,
218 223 221 -1,
223 227 224 -1,
223 229 227 -1,
229 233 231 -1,
84 82 87 -1,
233 237 235 -1,
237 241 239 -1,
237 242 241 -1,
237 245 242 -1,
7 11 9 -1,
11 15 13 -1,
17 21 19 -1,
43 41 45 -1,
45 41 47 -1,
47 41 49 -1,
21 26 23 -1,
23 26 25 -1,
37 35 39 -1,
201 33 203 -1,
2 33 3 -1,
3 33 5 -1,
5 33 7 -1,
237 33 245 -1,
203 33 207 -1,
15 33 17 -1,
217 33 218 -1,
26 33 29 -1,
213 33 217 -1,
29 33 31 -1,
11 33 15 -1,
207 33 213 -1,
39 33 41 -1,
245 33 247 -1,
247 33 249 -1,
249 33 251 -1,
35 33 39 -1,
251 33 2 -1,
49 33 51 -1,
51 33 52 -1,
52 33 55 -1,
55 33 57 -1,
57 33 59 -1,
59 33 60 -1,
60 33 63 -1,
41 33 49 -1,
63 33 65 -1,
65 33 66 -1,
66 33 68 -1,
229 33 233 -1,
68 33 71 -1,
71 33 72 -1,
72 33 75 -1,
75 33 77 -1,
100 33 104 -1,
77 33 78 -1,
78 33 81 -1,
81 33 82 -1,
87 33 88 -1,
88 33 91 -1,
91 33 92 -1,
92 33 94 -1,
94 33 97 -1,
97 33 98 -1,
98 33 100 -1,
104 33 107 -1,
17 33 21 -1,
218 33 223 -1,
110 33 113 -1,
113 33 114 -1,
114 33 116 -1,
116 33 119 -1,
119 33 120 -1,
120 33 123 -1,
223 33 229 -1,
123 33 125 -1,
125 33 126 -1,
126 33 129 -1,
129 33 131 -1,
131 33 133 -1,
133 33 135 -1,
107 33 110 -1,
135 33 137 -1,
137 33 139 -1,
139 33 141 -1,
82 33 87 -1,
141 33 143 -1,
143 33 145 -1,
145 33 147 -1,
147 33 149 -1,
149 33 151 -1,
151 33 153 -1,
233 33 237 -1,
153 33 155 -1,
155 33 157 -1,
157 33 159 -1,
159 33 161 -1,
161 33 163 -1,
163 33 165 -1,
165 33 167 -1,
167 33 169 -1,
169 33 171 -1,
171 33 173 -1,
173 33 175 -1,
175 33 177 -1,
177 33 179 -1,
179 33 181 -1,
181 33 183 -1,
183 33 185 -1,
185 33 187 -1,
187 33 189 -1,
189 33 191 -1,
191 33 192 -1,
192 33 195 -1,
7 33 11 -1,
195 33 197 -1,
21 33 26 -1,
197 33 199 -1,
199 33 201 -1 ] } }
Shape { appearance Appearance { material Material { diffuseColor 0.7 0.72 0.74 } } geometry IndexedFaceSet { solid FALSE coord Coordinate { point [ -0.098425 -3.059055 -0.984252,
-0.098425 -3.059055 0.000000,
-0.098425 -2.940945 -0.984252,
-0.098425 -2.940945 0.000000,
0.098425 -3.059055 0.000000,
0.098425 -3.059055 -0.984252,
0.098425 -2.940945 -0.984252,
0.098425 -2.940945 0.000000 ] } coordIndex [ 0 1 2 -1,
2 1 3 -1,
4 5 6 -1,
4 6 7 -1,
5 4 0 -1,
0 4 1 -1,
7 6 2 -1,
7 2 3 -1,
2 6 0 -1,
0 6 5 -1,
7 3 1 -1,
7 1 4 -1 ] } }
Shape { appearance Appearance { material Material { diffuseColor 0.7 0.72 0.74 } } geometry IndexedFaceSet { solid FALSE coord Coordinate { point [ -0.098425 -3.059055 1.181102,
-0.098425 -3.059055 2.559055,
-0.098425 -2.940945 1.181102,
-0.098425 -2.940945 2.559055,
0.098425 -3.059055 2.559055,
0.098425 -3.059055 1.181102,
0.098425 -2.940945 1.181102,
0.098425 -2.940945 2.559055 ] } coordIndex [ 0 1 2 -1,
2 1 3 -1,
4 5 6 -1,
4 6 7 -1,
5 4 0 -1,
0 4 1 -1,
7 6 2 -1,
7 2 3 -1,
2 6 0 -1,
0 6 5 -1,
7 3 1 -1,
7 1 4 -1 ] } }
Shape { appearance Appearance { material Material { diffuseColor 0.7 0.72 0.74 } } geometry IndexedFaceSet { solid FALSE coord Coordinate { point [ 0.200787 -3.002944 2.618037,
0.200787 -3.000000 2.618110,
0.000000 -3.000000 2.618110,
0.000000 -3.002944 2.618037,
0.200787 -3.005880 2.617817,
0.000000 -3.005880 2.617817,
0.200787 -3.008802 2.617451,
0.000000 -3.008802 2.617451,
0.200787 -3.011702 2.616939,
0.000000 -3.011702 2.616939,
0.200787 -3.014572 2.616284,
0.000000 -3.014572 2.616284,
0.200787 -3.017407 2.615487,
0.000000 -3.017407 2.615487,
0.200787 -3.020198 2.614549,
0.000000 -3.020198 2.614549,
0.200787 -3.022939 2.613473,
0.000000 -3.022939 2.613473,
0.200787 -3.025623 2.612262,
0.000000 -3.025623 2.612262,
0.200787 -3.028243 2.610919,
0.000000 -3.028243 2.610919,
0.200787 -3.030793 2.609446,
0.000000 -3.030793 2.609446,
0.200787 -3.033267 2.607849,
0.000000 -3.033267 2.607849,
0.000000 -3.035658 2.606130,
0.200787 -3.035658 2.606130,
0.200787 -3.037960 2.604294,
0.000000 -3.037960 2.604294,
0.200787 -3.040168 2.602346,
0.000000 -3.040168 2.602346,
0.200787 -3.042276 2.600290,
0.000000 -3.042276 2.600290,
0.200787 -3.044278 2.598131,
0.000000 -3.044278 2.598131,
0.200787 -3.046171 2.595875,
0.000000 -3.046171 2.595875,
0.200787 -3.047949 2.593528,
0.000000 -3.047949 2.593528,
0.200787 -3.049608 2.591095,
0.000000 -3.049608 2.591095,
0.200787 -3.051143 2.588583,
0.000000 -3.051143 2.588583,
0.200787 -3.052551 2.585997,
0.000000 -3.052551 2.585997,
0.200787 -3.053829 2.583344,
0.000000 -3.053829 2.583344,
0.200787 -3.054973 2.580630,
0.000000 -3.054973 2.580630,
0.200787 -3.055980 2.577863,
0.000000 -3.055980 2.577863,
0.000000 -3.056848 2.575050,
0.200787 -3.056848 2.575050,
0.200787 -3.057574 2.572196,
0.000000 -3.057574 2.572196,
0.200787 -3.058158 2.569310,
0.000000 -3.058158 2.569310,
0.200787 -3.058597 2.566398,
0.000000 -3.058597 2.566398,
0.000000 -3.058890 2.563468,
0.200787 -3.058890 2.563468,
0.200787 -3.059037 2.560527,
0.000000 -3.059037 2.560527,
0.200787 -3.059037 2.557583,
0.000000 -3.059037 2.557583,
0.000000 -3.058890 2.554642,
0.200787 -3.058890 2.554642,
0.000000 -3.058597 2.551712,
0.200787 -3.058597 2.551712,
0.200787 -3.058158 2.548800,
0.000000 -3.058158 2.548800,
0.000000 -3.057574 2.545914,
0.200787 -3.057574 2.545914,
0.200787 -3.056848 2.543061,
0.000000 -3.056848 2.543061,
0.200787 -3.055980 2.540247,
0.000000 -3.055980 2.540247,
0.000000 -3.054973 2.537480,
0.200787 -3.054973 2.537480,
0.200787 -3.053829 2.534767,
0.000000 -3.053829 2.534767,
0.000000 -3.052551 2.532114,
0.200787 -3.052551 2.532114,
0.000000 -3.051143 2.529528,
0.200787 -3.051143 2.529528,
0.200787 -3.049608 2.527015,
0.000000 -3.049608 2.527015,
0.000000 -3.047949 2.524582,
0.200787 -3.047949 2.524582,
0.200787 -3.046171 2.522235,
0.000000 -3.046171 2.522235,
0.000000 -3.044278 2.519979,
0.200787 -3.044278 2.519979,
0.000000 -3.042276 2.517821,
0.200787 -3.042276 2.517821,
0.200787 -3.040168 2.515765,
0.000000 -3.040168 2.515765,
0.000000 -3.037960 2.513816,
0.200787 -3.037960 2.513816,
0.000000 -3.035658 2.511980,
0.200787 -3.035658 2.511980,
0.200787 -3.033267 2.510261,
0.000000 -3.033267 2.510261,
0.000000 -3.030793 2.508664,
0.200787 -3.030793 2.508664,
0.200787 -3.028243 2.507192,
0.000000 -3.028243 2.507192,
0.000000 -3.025623 2.505848,
0.200787 -3.025623 2.505848,
0.000000 -3.022939 2.504637,
0.200787 -3.022939 2.504637,
0.200787 -3.020198 2.503561,
0.000000 -3.020198 2.503561,
0.000000 -3.017407 2.502624,
0.200787 -3.017407 2.502624,
0.000000 -3.014572 2.501826,
0.200787 -3.014572 2.501826,
0.200787 -3.011702 2.501171,
0.000000 -3.011702 2.501171,
0.000000 -3.008802 2.500660,
0.200787 -3.008802 2.500660,
0.200787 -3.005880 2.500293,
0.000000 -3.005880 2.500293,
0.200787 -3.002944 2.500073,
0.000000 -3.002944 2.500073,
0.000000 -3.000000 2.500000,
0.200787 -3.000000 2.500000,
0.200787 -2.997056 2.500073,
0.000000 -2.997056 2.500073,
0.200787 -2.994120 2.500293,
0.000000 -2.994120 2.500293,
0.200787 -2.991198 2.500660,
0.000000 -2.991198 2.500660,
0.200787 -2.988298 2.501171,
0.000000 -2.988298 2.501171,
0.200787 -2.985428 2.501826,
0.000000 -2.985428 2.501826,
0.200787 -2.982593 2.502624,
0.000000 -2.982593 2.502624,
0.200787 -2.979802 2.503561,
0.000000 -2.979802 2.503561,
0.200787 -2.977061 2.504637,
0.000000 -2.977061 2.504637,
0.200787 -2.974377 2.505848,
0.000000 -2.974377 2.505848,
0.200787 -2.971757 2.507192,
0.000000 -2.971757 2.507192,
0.200787 -2.969207 2.508664,
0.000000 -2.969207 2.508664,
0.200787 -2.966733 2.510261,
0.000000 -2.966733 2.510261,
0.200787 -2.964342 2.511980,
0.000000 -2.964342 2.511980,
0.200787 -2.962040 2.513816,
0.000000 -2.962040 2.513816,
0.200787 -2.959832 2.515765,
0.000000 -2.959832 2.515765,
0.200787 -2.957724 2.517821,
0.000000 -2.957724 2.517821,
0.200787 -2.955722 2.519979,
0.000000 -2.955722 2.519979,
0.200787 -2.953829 2.522235,
0.000000 -2.953829 2.522235,
0.200787 -2.952051 2.524582,
0.000000 -2.952051 2.524582,
0.200787 -2.950392 2.527015,
0.000000 -2.950392 2.527015,
0.200787 -2.948857 2.529528,
0.000000 -2.948857 2.529528,
0.200787 -2.947449 2.532114,
0.000000 -2.947449 2.532114,
0.200787 -2.946171 2.534767,
0.000000 -2.946171 2.534767,
0.200787 -2.945027 2.537480,
0.000000 -2.945027 2.537480,
0.200787 -2.944020 2.540247,
0.000000 -2.944020 2.540247,
0.200787 -2.943152 2.543061,
0.000000 -2.943152 2.543061,
0.200787 -2.942426 2.545914,
0.000000 -2.942426 2.545914,
0.200787 -2.941842 2.548800,
0.000000 -2.941842 2.548800,
0.200787 -2.941403 2.551712,
0.000000 -2.941403 2.551712,
0.200787 -2.941110 2.554642,
0.000000 -2.941110 2.554642,
0.200787 -2.940963 2.557583,
0.000000 -2.940963 2.557583,
0.200787 -2.940963 2.560527,
0.000000 -2.940963 2.560527,
0.000000 -2.941110 2.563468,
0.200787 -2.941110 2.563468,
0.200787 -2.941403 2.566398,
0.000000 -2.941403 2.566398,
0.200787 -2.941842 2.569310,
0.000000 -2.941842 2.569310,
0.200787 -2.942426 2.572196,
0.000000 -2.942426 2.572196,
0.200787 -2.943152 2.575050,
0.000000 -2.943152 2.575050,
0.200787 -2.944020 2.577863,
0.000000 -2.944020 2.577863,
0.200787 -2.945027 2.580630,
0.000000 -2.945027 2.580630,
0.200787 -2.946171 2.583344,
0.000000 -2.946171 2.583344,
0.200787 -2.947449 2.585997,
0.000000 -2.947449 2.585997,
0.000000 -2.948857 2.588583,
0.200787 -2.948857 2.588583,
0.200787 -2.950392 2.591095,
0.000000 -2.950392 2.591095,
0.200787 -2.952051 2.593528,
0.000000 -2.952051 2.593528,
0.200787 -2.953829 2.595875,
0.000000 -2.953829 2.595875,
0.000000 -2.955722 2.598131,
0.200787 -2.955722 2.598131,
0.200787 -2.957724 2.600290,
0.000000 -2.957724 2.600290,
0.200787 -2.959832 2.602346,
0.000000 -2.959832 2.602346,
0.000000 -2.962040 2.604294,
0.200787 -2.962040 2.604294,
0.200787 -2.964342 2.606130,
0.000000 -2.964342 2.606130,
0.200787 -2.966733 2.607849,
0.000000 -2.966733 2.607849,
0.200787 -2.969207 2.609446,
0.000000 -2.969207 2.609446,
0.200787 -2.971757 2.610919,
0.000000 -2.971757 2.610919,
0.200787 -2.974377 2.612262,
0.000000 -2.974377 2.612262,
0.200787 -2.977061 2.613473,
0.000000 -2.977061 2.613473,
0.200787 -2.979802 2.614549,
0.000000 -2.979802 2.614549,
0.200787 -2.982593 2.615487,
0.000000 -2.982593 2.615487,
0.000000 -2.985428 2.616284,
0.200787 -2.985428 2.616284,
0.200787 -2.988298 2.616939,
0.000000 -2.988298 2.616939,
0.200787 -2.991198 2.617451,
0.000000 -2.991198 2.617451,
0.200787 -2.994120 2.617817,
0.000000 -2.994120 2.617817,
0.200787 -2.997056 2.618037,
0.000000 -2.997056 2.618037 ] } coordIndex [ 0 1 2 -1,
0 2 3 -1,
4 3 5 -1,
4 0 3 -1,
6 5 7 -1,
6 4 5 -1,
8 7 9 -1,
8 6 7 -1,
10 9 11 -1,
10 8 9 -1,
12 11 13 -1,
12 10 11 -1,
14 13 15 -1,
14 12 13 -1,
16 15 17 -1,
16 14 15 -1,
18 17 19 -1,
18 16 17 -1,
20 19 21 -1,
20 18 19 -1,
22 20 21 -1,
22 21 23 -1,
24 22 23 -1,
24 23 25 -1,
24 25 26 -1,
27 24 26 -1,
28 27 26 -1,
28 26 29 -1,
30 28 29 -1,
30 29 31 -1,
32 30 31 -1,
32 31 33 -1,
34 32 33 -1,
34 33 35 -1,
36 34 35 -1,
36 35 37 -1,
38 36 37 -1,
38 37 39 -1,
40 38 39 -1,
40 39 41 -1,
42 40 41 -1,
42 41 43 -1,
44 42 43 -1,
44 43 45 -1,
46 45 47 -1,
46 44 45 -1,
48 47 49 -1,
48 46 47 -1,
50 49 51 -1,
50 51 52 -1,
50 48 49 -1,
53 50 52 -1,
54 52 55 -1,
54 53 52 -1,
56 55 57 -1,
56 54 55 -1,
58 57 59 -1,
58 59 60 -1,
58 56 57 -1,
61 58 60 -1,
62 60 63 -1,
62 61 60 -1,
64 63 65 -1,
64 65 66 -1,
64 62 63 -1,
67 66 68 -1,
67 64 66 -1,
69 67 68 -1,
70 68 71 -1,
70 71 72 -1,
70 69 68 -1,
73 70 72 -1,
74 73 72 -1,
74 72 75 -1,
76 74 75 -1,
76 75 77 -1,
76 77 78 -1,
79 76 78 -1,
80 79 78 -1,
80 78 81 -1,
80 81 82 -1,
83 80 82 -1,
83 82 84 -1,
85 83 84 -1,
86 85 84 -1,
86 84 87 -1,
86 87 88 -1,
89 86 88 -1,
90 89 88 -1,
90 88 91 -1,
90 91 92 -1,
93 90 92 -1,
93 92 94 -1,
95 93 94 -1,
96 95 94 -1,
96 94 97 -1,
96 97 98 -1,
99 96 98 -1,
99 98 100 -1,
101 99 100 -1,
102 101 100 -1,
102 100 103 -1,
102 103 104 -1,
105 102 104 -1,
106 105 104 -1,
106 104 107 -1,
106 107 108 -1,
109 106 108 -1,
109 108 110 -1,
111 109 110 -1,
112 111 110 -1,
112 110 113 -1,
112 113 114 -1,
115 114 116 -1,
115 112 114 -1,
117 115 116 -1,
118 116 119 -1,
118 119 120 -1,
118 117 116 -1,
121 118 120 -1,
122 120 123 -1,
122 121 120 -1,
124 122 123 -1,
124 123 125 -1,
124 125 126 -1,
127 124 126 -1,
128 127 126 -1,
128 126 129 -1,
130 128 129 -1,
130 129 131 -1,
132 130 131 -1,
132 131 133 -1,
134 132 133 -1,
134 133 135 -1,
136 134 135 -1,
136 135 137 -1,
138 136 137 -1,
138 137 139 -1,
140 138 139 -1,
140 139 141 -1,
142 140 141 -1,
142 141 143 -1,
144 142 143 -1,
144 143 145 -1,
146 144 145 -1,
146 145 147 -1,
148 146 147 -1,
148 147 149 -1,
150 149 151 -1,
150 148 149 -1,
152 151 153 -1,
152 150 151 -1,
154 153 155 -1,
154 152 153 -1,
156 155 157 -1,
156 154 155 -1,
158 157 159 -1,
158 156 157 -1,
160 159 161 -1,
160 158 159 -1,
162 161 163 -1,
162 160 161 -1,
164 163 165 -1,
164 162 163 -1,
166 165 167 -1,
166 164 165 -1,
168 167 169 -1,
168 166 167 -1,
170 169 171 -1,
170 168 169 -1,
172 171 173 -1,
172 170 171 -1,
174 173 175 -1,
174 172 173 -1,
176 174 175 -1,
176 175 177 -1,
178 176 177 -1,
178 177 179 -1,
180 178 179 -1,
180 179 181 -1,
182 180 181 -1,
182 181 183 -1,
184 183 185 -1,
184 182 183 -1,
186 185 187 -1,
186 184 185 -1,
188 187 189 -1,
188 186 187 -1,
190 189 191 -1,
190 191 192 -1,
190 188 189 -1,
193 190 192 -1,
194 192 195 -1,
194 193 192 -1,
196 195 197 -1,
196 194 195 -1,
198 197 199 -1,
198 196 197 -1,
200 199 201 -1,
200 198 199 -1,
202 201 203 -1,
202 200 201 -1,
204 203 205 -1,
204 202 203 -1,
206 205 207 -1,
206 204 205 -1,
208 207 209 -1,
208 209 210 -1,
208 206 207 -1,
211 208 210 -1,
212 210 213 -1,
212 211 210 -1,
214 213 215 -1,
214 212 213 -1,
216 215 217 -1,
216 217 218 -1,
216 214 215 -1,
219 216 218 -1,
220 218 221 -1,
220 219 218 -1,
222 221 223 -1,
222 223 224 -1,
222 220 221 -1,
225 222 224 -1,
226 225 224 -1,
226 224 227 -1,
228 226 227 -1,
228 227 229 -1,
230 228 229 -1,
230 229 231 -1,
232 230 231 -1,
232 231 233 -1,
234 232 233 -1,
234 233 235 -1,
236 234 235 -1,
236 235 237 -1,
238 236 237 -1,
238 237 239 -1,
240 238 239 -1,
240 239 241 -1,
240 241 242 -1,
243 240 242 -1,
244 243 242 -1,
244 242 245 -1,
246 244 245 -1,
246 245 247 -1,
248 246 247 -1,
248 247 249 -1,
250 249 251 -1,
250 248 249 -1,
250 251 2 -1,
1 250 2 -1,
206 202 204 -1,
106 109 111 -1,
211 206 208 -1,
212 206 211 -1,
101 102 105 -1,
216 212 214 -1,
222 219 220 -1,
226 222 225 -1,
228 222 226 -1,
232 228 230 -1,
83 85 86 -1,
236 232 234 -1,
240 236 238 -1,
243 236 240 -1,
244 236 243 -1,
10 6 8 -1,
14 10 12 -1,
20 16 18 -1,
40 42 44 -1,
40 44 46 -1,
40 46 48 -1,
27 20 22 -1,
27 22 24 -1,
34 36 38 -1,
32 200 202 -1,
32 1 0 -1,
32 0 4 -1,
32 4 6 -1,
32 236 244 -1,
32 202 206 -1,
32 14 16 -1,
32 216 219 -1,
32 27 28 -1,
32 212 216 -1,
32 28 30 -1,
32 10 14 -1,
32 206 212 -1,
32 38 40 -1,
32 244 246 -1,
32 246 248 -1,
32 248 250 -1,
32 34 38 -1,
32 250 1 -1,
32 48 50 -1,
32 50 53 -1,
32 53 54 -1,
32 54 56 -1,
32 56 58 -1,
32 58 61 -1,
32 61 62 -1,
32 40 48 -1,
32 62 64 -1,
32 64 67 -1,
32 67 69 -1,
32 228 232 -1,
32 69 70 -1,
32 70 73 -1,
32 73 74 -1,
32 74 76 -1,
32 101 105 -1,
32 76 79 -1,
32 79 80 -1,
32 80 83 -1,
32 86 89 -1,
32 89 90 -1,
32 90 93 -1,
32 93 95 -1,
32 95 96 -1,
32 96 99 -1,
32 99 101 -1,
32 105 106 -1,
32 16 20 -1,
32 219 222 -1,
32 111 112 -1,
32 112 115 -1,
32 115 117 -1,
32 117 118 -1,
32 118 121 -1,
32 121 122 -1,
32 222 228 -1,
32 122 124 -1,
32 124 127 -1,
32 127 128 -1,
32 128 130 -1,
32 130 132 -1,
32 132 134 -1,
32 106 111 -1,
32 134 136 -1,
32 136 138 -1,
32 138 140 -1,
32 83 86 -1,
32 140 142 -1,
32 142 144 -1,
32 144 146 -1,
32 146 148 -1,
32 148 150 -1,
32 150 152 -1,
32 232 236 -1,
32 152 154 -1,
32 154 156 -1,
32 156 158 -1,
32 158 160 -1,
32 160 162 -1,
32 162 164 -1,
32 164 166 -1,
32 166 168 -1,
32 168 170 -1,
32 170 172 -1,
32 172 174 -1,
32 174 176 -1,
32 176 178 -1,
32 178 180 -1,
32 180 182 -1,
32 182 184 -1,
32 184 186 -1,
32 186 188 -1,
32 188 190 -1,
32 190 193 -1,
32 193 194 -1,
32 6 10 -1,
32 194 196 -1,
32 20 27 -1,
32 196 198 -1,
32 198 200 -1,
203 207 205 -1,
108 107 110 -1,
207 210 209 -1,
207 213 210 -1,
103 100 104 -1,
213 217 215 -1,
218 223 221 -1,
223 227 224 -1,
223 229 227 -1,
229 233 231 -1,
84 82 87 -1,
233 237 235 -1,
237 241 239 -1,
237 242 241 -1,
237 245 242 -1,
7 11 9 -1,
11 15 13 -1,
17 21 19 -1,
43 41 45 -1,
45 41 47 -1,
47 41 49 -1,
21 26 23 -1,
23 26 25 -1,
37 35 39 -1,
201 33 203 -1,
2 33 3 -1,
3 33 5 -1,
5 33 7 -1,
237 33 245 -1,
203 33 207 -1,
15 33 17 -1,
217 33 218 -1,
26 33 29 -1,
213 33 217 -1,
29 33 31 -1,
11 33 15 -1,
207 33 213 -1,
39 33 41 -1,
245 33 247 -1,
247 33 249 -1,
249 33 251 -1,
35 33 39 -1,
251 33 2 -1,
49 33 51 -1,
51 33 52 -1,
52 33 55 -1,
55 33 57 -1,
57 33 59 -1,
59 33 60 -1,
60 33 63 -1,
41 33 49 -1,
63 33 65 -1,
65 33 66 -1,
66 33 68 -1,
229 33 233 -1,
68 33 71 -1,
71 33 72 -1,
72 33 75 -1,
75 33 77 -1,
100 33 104 -1,
77 33 78 -1,
78 33 81 -1,
81 33 82 -1,
87 33 88 -1,
88 33 91 -1,
91 33 92 -1,
92 33 94 -1,
94 33 97 -1,
97 33 98 -1,
98 33 100 -1,
104 33 107 -1,
17 33 21 -1,
218 33 223 -1,
110 33 113 -1,
113 33 114 -1,
114 33 116 -1,
116 33 119 -1,
119 33 120 -1,
120 33 123 -1,
223 33 229 -1,
123 33 125 -1,
125 33 126 -1,
126 33 129 -1,
129 33 131 -1,
131 33 133 -1,
133 33 135 -1,
107 33 110 -1,
135 33 137 -1,
137 33 139 -1,
139 33 141 -1,
82 33 87 -1,
141 33 143 -1,
143 33 145 -1,
145 33 147 -1,
147 33 149 -1,
149 33 151 -1,
151 33 153 -1,
233 33 237 -1,
153 33 155 -1,
155 33 157 -1,
157 33 159 -1,
159 33 161 -1,
161 33 163 -1,
163 33 165 -1,
165 33 167 -1,
167 33 169 -1,
169 33 171 -1,
171 33 173 -1,
173 33 175 -1,
175 33 177 -1,
177 33 179 -1,
179 33 181 -1,
181 33 183 -1,
183 33 185 -1,
185 33 187 -1,
187 33 189 -1,
189 33 191 -1,
191 33 192 -1,
192 33 195 -1,
7 33 11 -1,
195 33 197 -1,
21 33 26 -1,
197 33 199 -1,
199 33 201 -1 ] } }
Shape { appearance Appearance { material Material { diffuseColor 0.7 0.72 0.74 } } geometry IndexedFaceSet { solid FALSE coord Coordinate { point [ 2.901575 -0.059055 -0.984252,
2.901575 -0.059055 0.000000,
2.901575 0.059055 -0.984252,
2.901575 0.059055 0.000000,
3.098425 -0.059055 0.000000,
3.098425 -0.059055 -0.984252,
3.098425 0.059055 -0.984252,
3.098425 0.059055 0.000000 ] } coordIndex [ 0 1 2 -1,
2 1 3 -1,
4 5 6 -1,
4 6 7 -1,
5 4 0 -1,
0 4 1 -1,
7 6 2 -1,
7 2 3 -1,
2 6 0 -1,
0 6 5 -1,
7 3 1 -1,
7 1 4 -1 ] } }
Shape { appearance Appearance { material Material { diffuseColor 0.7 0.72 0.74 } } geometry IndexedFaceSet { solid FALSE coord Coordinate { point [ 2.901575 -0.059055 1.181102,
2.901575 -0.059055 2.559055,
2.901575 0.059055 1.181102,
2.901575 0.059055 2.559055,
3.098425 -0.059055 2.559055,
3.098425 -0.059055 1.181102,
3.098425 0.059055 1.181102,
3.098425 0.059055 2.559055 ] } coordIndex [ 0 1 2 -1,
2 1 3 -1,
4 5 6 -1,
4 6 7 -1,
5 4 0 -1,
0 4 1 -1,
7 6 2 -1,
7 2 3 -1,
2 6 0 -1,
0 6 5 -1,
7 3 1 -1,
7 1 4 -1 ] } }
Shape { appearance Appearance { material Material { diffuseColor 0.7 0.72 0.74 } } geometry IndexedFaceSet { solid FALSE coord Coordinate { point [ 2.799213 -0.002944 2.500073,
2.799213 0.000000 2.500000,
3.000000 0.000000 2.500000,
3.000000 -0.002944 2.500073,
2.799213 -0.005880 2.500293,
3.000000 -0.005880 2.500293,
2.799213 -0.008802 2.500660,
3.000000 -0.008802 2.500660,
2.799213 -0.011702 2.501171,
3.000000 -0.011702 2.501171,
3.000000 -0.014572 2.501826,
2.799213 -0.014572 2.501826,
2.799213 -0.017407 2.502624,
3.000000 -0.017407 2.502624,
2.799213 -0.020198 2.503561,
3.000000 -0.020198 2.503561,
2.799213 -0.022939 2.504637,
3.000000 -0.022939 2.504637,
3.000000 -0.025623 2.505848,
2.799213 -0.025623 2.505848,
2.799213 -0.028243 2.507192,
3.000000 -0.028243 2.507192,
2.799213 -0.030793 2.508664,
3.000000 -0.030793 2.508664,
3.000000 -0.033267 2.510261,
2.799213 -0.033267 2.510261,
2.799213 -0.035658 2.511980,
3.000000 -0.035658 2.511980,
2.799213 -0.037960 2.513816,
3.000000 -0.037960 2.513816,
3.000000 -0.040168 2.515765,
2.799213 -0.040168 2.515765,
2.799213 -0.042276 2.517821,
3.000000 -0.042276 2.517821,
2.799213 -0.044278 2.519979,
3.000000 -0.044278 2.519979,
2.799213 -0.046171 2.522235,
3.000000 -0.046171 2.522235,
2.799213 -0.047949 2.524582,
3.000000 -0.047949 2.524582,
2.799213 -0.049608 2.527015,
3.000000 -0.049608 2.527015,
2.799213 -0.051143 2.529528,
3.000000 -0.051143 2.529528,
2.799213 -0.052551 2.532114,
3.000000 -0.052551 2.532114,
2.799213 -0.053829 2.534767,
3.000000 -0.053829 2.534767,
2.799213 -0.054973 2.537480,
3.000000 -0.054973 2.537480,
2.799213 -0.055980 2.540247,
3.000000 -0.055980 2.540247,
3.000000 -0.056848 2.543061,
2.799213 -0.056848 2.543061,
2.799213 -0.057574 2.545914,
3.000000 -0.057574 2.545914,
2.799213 -0.058158 2.548800,
3.000000 -0.058158 2.548800,
3.000000 -0.058597 2.551712,
2.799213 -0.058597 2.551712,
2.799213 -0.058890 2.554642,
3.000000 -0.058890 2.554642,
2.799213 -0.059037 2.557583,
3.000000 -0.059037 2.557583,
2.799213 -0.059037 2.560527,
3.000000 -0.059037 2.560527,
3.000000 -0.058890 2.563468,
2.799213 -0.058890 2.563468,
2.799213 -0.058597 2.566398,
3.000000 -0.058597 2.566398,
3.000000 -0.058158 2.569310,
2.799213 -0.058158 2.569310,
2.799213 -0.057574 2.572196,
3.000000 -0.057574 2.572196,
2.799213 -0.056848 2.575050,
3.000000 -0.056848 2.575050,
3.000000 -0.055980 2.577863,
2.799213 -0.055980 2.577863,
2.799213 -0.054973 2.580630,
3.000000 -0.054973 2.580630,
3.000000 -0.053829 2.583344,
2.799213 -0.053829 2.583344,
2.799213 -0.052551 2.585997,
3.000000 -0.052551 2.585997,
2.799213 -0.051143 2.588583,
3.000000 -0.051143 2.588583,
2.799213 -0.049608 2.591095,
3.000000 -0.049608 2.591095,
3.000000 -0.047949 2.593528,
2.799213 -0.047949 2.593528,
2.799213 -0.046171 2.595875,
3.000000 -0.046171 2.595875,
3.000000 -0.044278 2.598131,
2.799213 -0.044278 2.598131,
3.000000 -0.042276 2.600290,
2.799213 -0.042276 2.600290,
2.799213 -0.040168 2.602346,
3.000000 -0.040168 2.602346,
3.000000 -0.037960 2.604294,
2.799213 -0.037960 2.604294,
2.799213 -0.035658 2.606130,
3.000000 -0.035658 2.606130,
3.000000 -0.033267 2.607849,
2.799213 -0.033267 2.607849,
3.000000 -0.030793 2.609446,
2.799213 -0.030793 2.609446,
2.799213 -0.028243 2.610919,
3.000000 -0.028243 2.610919,
3.000000 -0.025623 2.612262,
2.799213 -0.025623 2.612262,
2.799213 -0.022939 2.613473,
3.000000 -0.022939 2.613473,
3.000000 -0.020198 2.614549,
2.799213 -0.020198 2.614549,
2.799213 -0.017407 2.615487,
3.000000 -0.017407 2.615487,
3.000000 -0.014572 2.616284,
2.799213 -0.014572 2.616284,
2.799213 -0.011702 2.616939,
3.000000 -0.011702 2.616939,
3.000000 -0.008802 2.617451,
2.799213 -0.008802 2.617451,
2.799213 -0.005880 2.617817,
3.000000 -0.005880 2.617817,
2.799213 -0.002944 2.618037,
3.000000 -0.002944 2.618037,
3.000000 0.000000 2.618110,
2.799213 0.000000 2.618110,
2.799213 0.002944 2.618037,
3.000000 0.002944 2.618037,
2.799213 0.005880 2.617817,
3.000000 0.005880 2.617817,
2.799213 0.008802 2.617451,
3.000000 0.008802 2.617451,
2.799213 0.011702 2.616939,
3.000000 0.011702 2.616939,
2.799213 0.014572 2.616284,
3.000000 0.014572 2.616284,
2.799213 0.017407 2.615487,
3.000000 0.017407 2.615487,
2.799213 0.020198 2.614549,
3.000000 0.020198 2.614549,
2.799213 0.022939 2.613473,
3.000000 0.022939 2.613473,
2.799213 0.025623 2.612262,
3.000000 0.025623 2.612262,
2.799213 0.028243 2.610919,
3.000000 0.028243 2.610919,
2.799213 0.030793 2.609446,
3.000000 0.030793 2.609446,
2.799213 0.033267 2.607849,
3.000000 0.033267 2.607849,
2.799213 0.035658 2.606130,
3.000000 0.035658 2.606130,
2.799213 0.037960 2.604294,
3.000000 0.037960 2.604294,
2.799213 0.040168 2.602346,
3.000000 0.040168 2.602346,
2.799213 0.042276 2.600290,
3.000000 0.042276 2.600290,
2.799213 0.044278 2.598131,
3.000000 0.044278 2.598131,
2.799213 0.046171 2.595875,
3.000000 0.046171 2.595875,
2.799213 0.047949 2.593528,
3.000000 0.047949 2.593528,
2.799213 0.049608 2.591095,
3.000000 0.049608 2.591095,
2.799213 0.051143 2.588583,
3.000000 0.051143 2.588583,
2.799213 0.052551 2.585997,
3.000000 0.052551 2.585997,
2.799213 0.053829 2.583344,
3.000000 0.053829 2.583344,
2.799213 0.054973 2.580630,
3.000000 0.054973 2.580630,
2.799213 0.055980 2.577863,
3.000000 0.055980 2.577863,
2.799213 0.056848 2.575050,
3.000000 0.056848 2.575050,
2.799213 0.057574 2.572196,
3.000000 0.057574 2.572196,
2.799213 0.058158 2.569310,
3.000000 0.058158 2.569310,
2.799213 0.058597 2.566398,
3.000000 0.058597 2.566398,
2.799213 0.058890 2.563468,
3.000000 0.058890 2.563468,
2.799213 0.059037 2.560527,
3.000000 0.059037 2.560527,
2.799213 0.059037 2.557583,
3.000000 0.059037 2.557583,
2.799213 0.058890 2.554642,
3.000000 0.058890 2.554642,
2.799213 0.058597 2.551712,
3.000000 0.058597 2.551712,
2.799213 0.058158 2.548800,
3.000000 0.058158 2.548800,
2.799213 0.057574 2.545914,
3.000000 0.057574 2.545914,
2.799213 0.056848 2.543061,
3.000000 0.056848 2.543061,
2.799213 0.055980 2.540247,
3.000000 0.055980 2.540247,
3.000000 0.054973 2.537480,
2.799213 0.054973 2.537480,
2.799213 0.053829 2.534767,
3.000000 0.053829 2.534767,
2.799213 0.052551 2.532114,
3.000000 0.052551 2.532114,
2.799213 0.051143 2.529528,
3.000000 0.051143 2.529528,
2.799213 0.049608 2.527015,
3.000000 0.049608 2.527015,
3.000000 0.047949 2.524582,
2.799213 0.047949 2.524582,
2.799213 0.046171 2.522235,
3.000000 0.046171 2.522235,
2.799213 0.044278 2.519979,
3.000000 0.044278 2.519979,
2.799213 0.042276 2.517821,
3.000000 0.042276 2.517821,
2.799213 0.040168 2.515765,
3.000000 0.040168 2.515765,
2.799213 0.037960 2.513816,
3.000000 0.037960 2.513816,
2.799213 0.035658 2.511980,
3.000000 0.035658 2.511980,
2.799213 0.033267 2.510261,
3.000000 0.033267 2.510261,
2.799213 0.030793 2.508664,
3.000000 0.030793 2.508664,
2.799213 0.028243 2.507192,
3.000000 0.028243 2.507192,
2.799213 0.025623 2.505848,
3.000000 0.025623 2.505848,
2.799213 0.022939 2.504637,
3.000000 0.022939 2.504637,
2.799213 0.020198 2.503561,
3.000000 0.020198 2.503561,
2.799213 0.017407 2.502624,
3.000000 0.017407 2.502624,
3.000000 0.014572 2.501826,
2.799213 0.014572 2.501826,
2.799213 0.011702 2.501171,
3.000000 0.011702 2.501171,
2.799213 0.008802 2.500660,
3.000000 0.008802 2.500660,
2.799213 0.005880 2.500293,
3.000000 0.005880 2.500293,
2.799213 0.002944 2.500073,
3.000000 0.002944 2.500073 ] } coordIndex [ 0 1 2 -1,
0 2 3 -1,
4 3 5 -1,
4 0 3 -1,
6 5 7 -1,
6 4 5 -1,
8 7 9 -1,
8 9 10 -1,
8 6 7 -1,
11 8 10 -1,
12 10 13 -1,
12 11 10 -1,
14 13 15 -1,
14 12 13 -1,
16 15 17 -1,
16 17 18 -1,
16 14 15 -1,
19 16 18 -1,
20 18 21 -1,
20 19 18 -1,
22 20 21 -1,
22 21 23 -1,
22 23 24 -1,
25 22 24 -1,
26 25 24 -1,
26 24 27 -1,
28 26 27 -1,
28 27 29 -1,
28 29 30 -1,
31 28 30 -1,
32 31 30 -1,
32 30 33 -1,
34 32 33 -1,
34 33 35 -1,
36 34 35 -1,
36 35 37 -1,
38 36 37 -1,
38 37 39 -1,
40 38 39 -1,
40 39 41 -1,
42 40 41 -1,
42 41 43 -1,
44 42 43 -1,
44 43 45 -1,
46 45 47 -1,
46 44 45 -1,
48 47 49 -1,
48 46 47 -1,
50 49 51 -1,
50 51 52 -1,
50 48 49 -1,
53 50 52 -1,
54 52 55 -1,
54 53 52 -1,
56 55 57 -1,
56 57 58 -1,
56 54 55 -1,
59 56 58 -1,
60 58 61 -1,
60 59 58 -1,
62 61 63 -1,
62 60 61 -1,
64 63 65 -1,
64 65 66 -1,
64 62 63 -1,
67 64 66 -1,
68 66 69 -1,
68 69 70 -1,
68 67 66 -1,
71 68 70 -1,
72 71 70 -1,
72 70 73 -1,
74 72 73 -1,
74 73 75 -1,
74 75 76 -1,
77 74 76 -1,
78 77 76 -1,
78 76 79 -1,
78 79 80 -1,
81 78 80 -1,
82 81 80 -1,
82 80 83 -1,
84 82 83 -1,
84 83 85 -1,
86 84 85 -1,
86 85 87 -1,
86 87 88 -1,
89 86 88 -1,
90 89 88 -1,
90 88 91 -1,
90 91 92 -1,
93 90 92 -1,
93 92 94 -1,
95 93 94 -1,
96 95 94 -1,
96 94 97 -1,
96 97 98 -1,
99 96 98 -1,
100 99 98 -1,
100 98 101 -1,
100 101 102 -1,
103 100 102 -1,
103 102 104 -1,
105 103 104 -1,
106 105 104 -1,
106 104 107 -1,
106 107 108 -1,
109 106 108 -1,
110 109 108 -1,
110 108 111 -1,
110 111 112 -1,
113 110 112 -1,
114 113 112 -1,
114 112 115 -1,
114 115 116 -1,
117 114 116 -1,
118 116 119 -1,
118 119 120 -1,
118 117 116 -1,
121 118 120 -1,
122 120 123 -1,
122 121 120 -1,
124 122 123 -1,
124 123 125 -1,
124 125 126 -1,
127 124 126 -1,
128 127 126 -1,
128 126 129 -1,
130 128 129 -1,
130 129 131 -1,
132 130 131 -1,
132 131 133 -1,
134 132 133 -1,
134 133 135 -1,
136 134 135 -1,
136 135 137 -1,
138 136 137 -1,
138 137 139 -1,
140 138 139 -1,
140 139 141 -1,
142 140 141 -1,
142 141 143 -1,
144 142 143 -1,
144 143 145 -1,
146 144 145 -1,
146 145 147 -1,
148 146 147 -1,
148 147 149 -1,
150 149 151 -1,
150 148 149 -1,
152 151 153 -1,
152 150 151 -1,
154 153 155 -1,
154 152 153 -1,
156 155 157 -1,
156 154 155 -1,
158 157 159 -1,
158 156 157 -1,
160 159 161 -1,
160 158 159 -1,
162 161 163 -1,
162 160 161 -1,
164 163 165 -1,
164 162 163 -1,
166 165 167 -1,
166 164 165 -1,
168 167 169 -1,
168 166 167 -1,
170 169 171 -1,
170 168 169 -1,
172 171 173 -1,
172 170 171 -1,
174 173 175 -1,
174 172 173 -1,
176 174 175 -1,
176 175 177 -1,
178 176 177 -1,
178 177 179 -1,
180 178 179 -1,
180 179 181 -1,
182 180 181 -1,
182 181 183 -1,
184 183 185 -1,
184 182 183 -1,
186 185 187 -1,
186 184 185 -1,
188 187 189 -1,
188 186 187 -1,
190 189 191 -1,
190 188 189 -1,
192 191 193 -1,
192 190 191 -1,
194 193 195 -1,
194 192 193 -1,
196 195 197 -1,
196 194 195 -1,
198 197 199 -1,
198 196 197 -1,
200 199 201 -1,
200 198 199 -1,
202 201 203 -1,
202 203 204 -1,
202 200 201 -1,
205 202 204 -1,
206 204 207 -1,
206 205 204 -1,
208 207 209 -1,
208 206 207 -1,
210 209 211 -1,
210 208 209 -1,
212 211 213 -1,
212 213 214 -1,
212 210 211 -1,
215 212 214 -1,
216 214 217 -1,
216 215 214 -1,
218 217 219 -1,
218 216 217 -1,
220 219 221 -1,
220 218 219 -1,
222 221 223 -1,
222 220 221 -1,
224 222 223 -1,
224 223 225 -1,
226 224 225 -1,
226 225 227 -1,
228 226 227 -1,
228 227 229 -1,
230 228 229 -1,
230 229 231 -1,
232 230 231 -1,
232 231 233 -1,
234 232 233 -1,
234 233 235 -1,
236 234 235 -1,
236 235 237 -1,
238 236 237 -1,
238 237 239 -1,
240 238 239 -1,
240 239 241 -1,
240 241 242 -1,
243 240 242 -1,
244 243 242 -1,
244 242 245 -1,
246 244 245 -1,
246 245 247 -1,
248 246 247 -1,
248 247 249 -1,
250 249 251 -1,
250 248 249 -1,
250 251 2 -1,
1 250 2 -1,
44 46 48 -1,
40 42 44 -1,
208 205 206 -1,
216 212 215 -1,
95 96 99 -1,
32 1 0 -1,
32 0 4 -1,
32 4 6 -1,
32 6 8 -1,
32 8 11 -1,
32 11 12 -1,
32 12 14 -1,
32 14 16 -1,
32 16 19 -1,
32 19 20 -1,
32 20 22 -1,
32 22 25 -1,
32 25 26 -1,
32 26 28 -1,
32 28 31 -1,
32 34 36 -1,
32 36 38 -1,
32 38 40 -1,
32 48 50 -1,
32 50 53 -1,
32 53 54 -1,
32 54 56 -1,
32 56 59 -1,
32 59 60 -1,
32 60 62 -1,
32 62 64 -1,
32 64 67 -1,
32 67 68 -1,
32 68 71 -1,
32 71 72 -1,
32 72 74 -1,
32 74 77 -1,
32 77 78 -1,
32 78 81 -1,
32 81 82 -1,
32 86 89 -1,
32 89 90 -1,
32 90 93 -1,
32 93 95 -1,
32 99 100 -1,
32 100 103 -1,
32 103 105 -1,
32 105 106 -1,
32 106 109 -1,
32 109 110 -1,
32 110 113 -1,
32 113 114 -1,
32 114 117 -1,
32 117 118 -1,
32 118 121 -1,
32 121 122 -1,
32 122 124 -1,
32 124 127 -1,
32 127 128 -1,
32 128 130 -1,
32 130 132 -1,
32 132 134 -1,
32 134 136 -1,
32 136 138 -1,
32 138 140 -1,
32 140 142 -1,
32 142 144 -1,
32 144 146 -1,
32 146 148 -1,
32 148 150 -1,
32 150 152 -1,
32 152 154 -1,
32 154 156 -1,
32 156 158 -1,
32 158 160 -1,
32 160 162 -1,
32 162 164 -1,
32 164 166 -1,
32 166 168 -1,
32 168 170 -1,
32 170 172 -1,
32 172 174 -1,
32 174 176 -1,
32 176 178 -1,
32 178 180 -1,
32 180 182 -1,
32 182 184 -1,
32 184 186 -1,
32 186 188 -1,
32 188 190 -1,
32 190 192 -1,
32 192 194 -1,
32 194 196 -1,
32 196 198 -1,
32 198 200 -1,
32 200 202 -1,
32 202 205 -1,
32 208 210 -1,
32 210 212 -1,
32 216 218 -1,
32 218 220 -1,
32 220 222 -1,
32 222 224 -1,
32 232 234 -1,
32 234 236 -1,
32 236 238 -1,
32 238 240 -1,
32 250 1 -1,
32 240 250 -1,
32 95 99 -1,
32 205 208 -1,
32 212 216 -1,
32 228 232 -1,
32 82 86 -1,
32 224 228 -1,
32 44 48 -1,
32 40 44 -1,
228 224 226 -1,
232 228 230 -1,
82 84 86 -1,
250 240 243 -1,
250 243 244 -1,
250 244 246 -1,
250 246 248 -1,
47 45 49 -1,
43 41 45 -1,
204 209 207 -1,
213 217 214 -1,
97 94 98 -1,
2 33 3 -1,
3 33 5 -1,
5 33 7 -1,
7 33 9 -1,
9 33 10 -1,
10 33 13 -1,
13 33 15 -1,
15 33 17 -1,
17 33 18 -1,
18 33 21 -1,
21 33 23 -1,
23 33 24 -1,
24 33 27 -1,
27 33 29 -1,
29 33 30 -1,
35 33 37 -1,
37 33 39 -1,
39 33 41 -1,
49 33 51 -1,
51 33 52 -1,
52 33 55 -1,
55 33 57 -1,
57 33 58 -1,
58 33 61 -1,
61 33 63 -1,
63 33 65 -1,
65 33 66 -1,
66 33 69 -1,
69 33 70 -1,
70 33 73 -1,
73 33 75 -1,
75 33 76 -1,
76 33 79 -1,
79 33 80 -1,
80 33 83 -1,
87 33 88 -1,
88 33 91 -1,
91 33 92 -1,
92 33 94 -1,
98 33 101 -1,
101 33 102 -1,
102 33 104 -1,
104 33 107 -1,
107 33 108 -1,
108 33 111 -1,
111 33 112 -1,
112 33 115 -1,
115 33 116 -1,
116 33 119 -1,
119 33 120 -1,
120 33 123 -1,
123 33 125 -1,
125 33 126 -1,
126 33 129 -1,
129 33 131 -1,
131 33 133 -1,
133 33 135 -1,
135 33 137 -1,
137 33 139 -1,
139 33 141 -1,
141 33 143 -1,
143 33 145 -1,
145 33 147 -1,
147 33 149 -1,
149 33 151 -1,
151 33 153 -1,
153 33 155 -1,
155 33 157 -1,
157 33 159 -1,
159 33 161 -1,
161 33 163 -1,
163 33 165 -1,
165 33 167 -1,
167 33 169 -1,
169 33 171 -1,
171 33 173 -1,
173 33 175 -1,
175 33 177 -1,
177 33 179 -1,
179 33 181 -1,
181 33 183 -1,
183 33 185 -1,
185 33 187 -1,
187 33 189 -1,
189 33 191 -1,
191 33 193 -1,
193 33 195 -1,
195 33 197 -1,
197 33 199 -1,
199 33 201 -1,
201 33 203 -1,
203 33 204 -1,
209 33 211 -1,
211 33 213 -1,
217 33 219 -1,
219 33 221 -1,
221 33 223 -1,
223 33 225 -1,
233 33 235 -1,
235 33 237 -1,
237 33 239 -1,
239 33 241 -1,
251 33 2 -1,
241 33 251 -1,
94 33 98 -1,
204 33 209 -1,
213 33 217 -1,
229 33 233 -1,
83 33 87 -1,
225 33 229 -1,
45 33 49 -1,
41 33 45 -1,
225 229 227 -1,
229 233 231 -1,
85 83 87 -1,
241 251 242 -1,
242 251 245 -1,
245 251 247 -1,
247 251 249 -1 ] } }
Shape { appearance Appearance { material Material { diffuseColor 0.7 0.72 0.74 } } geometry IndexedFaceSet { solid FALSE coord Coordinate { point [ 2.901575 -1.059055 -0.984252,
2.901575 -1.059055 0.000000,
2.901575 -0.940945 -0.984252,
2.901575 -0.940945 0.000000,
3.098425 -1.059055 0.000000,
3.098425 -1.059055 -0.984252,
3.098425 -0.940945 -0.984252,
3.098425 -0.940945 0.000000 ] } coordIndex [ 0 1 2 -1,
2 1 3 -1,
4 5 6 -1,
4 6 7 -1,
5 4 0 -1,
0 4 1 -1,
7 6 2 -1,
7 2 3 -1,
2 6 0 -1,
0 6 5 -1,
7 3 1 -1,
7 1 4 -1 ] } }
Shape { appearance Appearance { material Material { diffuseColor 0.7 0.72 0.74 } } geometry IndexedFaceSet { solid FALSE coord Coordinate { point [ 2.901575 -1.059055 1.181102,
2.901575 -1.059055 2.559055,
2.901575 -0.940945 1.181102,
2.901575 -0.940945 2.559055,
3.098425 -1.059055 2.559055,
3.098425 -1.059055 1.181102,
3.098425 -0.940945 1.181102,
3.098425 -0.940945 2.559055 ] } coordIndex [ 0 1 2 -1,
2 1 3 -1,
4 5 6 -1,
4 6 7 -1,
5 4 0 -1,
0 4 1 -1,
7 6 2 -1,
7 2 3 -1,
2 6 0 -1,
0 6 5 -1,
7 3 1 -1,
7 1 4 -1 ] } }
Shape { appearance Appearance { material Material { diffuseColor 0.7 0.72 0.74 } } geometry IndexedFaceSet { solid FALSE coord Coordinate { point [ 2.799213 -1.002944 2.500073,
2.799213 -1.000000 2.500000,
3.000000 -1.000000 2.500000,
3.000000 -1.002944 2.500073,
2.799213 -1.005880 2.500293,
3.000000 -1.005880 2.500293,
2.799213 -1.008802 2.500660,
3.000000 -1.008802 2.500660,
2.799213 -1.011702 2.501171,
3.000000 -1.011702 2.501171,
3.000000 -1.014572 2.501826,
2.799213 -1.014572 2.501826,
2.799213 -1.017407 2.502624,
3.000000 -1.017407 2.502624,
2.799213 -1.020198 2.503561,
3.000000 -1.020198 2.503561,
2.799213 -1.022939 2.504637,
3.000000 -1.022939 2.504637,
3.000000 -1.025623 2.505848,
2.799213 -1.025623 2.505848,
2.799213 -1.028243 2.507192,
3.000000 -1.028243 2.507192,
2.799213 -1.030793 2.508664,
3.000000 -1.030793 2.508664,
3.000000 -1.033267 2.510261,
2.799213 -1.033267 2.510261,
2.799213 -1.035658 2.511980,
3.000000 -1.035658 2.511980,
2.799213 -1.037960 2.513816,
3.000000 -1.037960 2.513816,
3.000000 -1.040168 2.515765,
2.799213 -1.040168 2.515765,
2.799213 -1.042276 2.517821,
3.000000 -1.042276 2.517821,
2.799213 -1.044278 2.519979,
3.000000 -1.044278 2.519979,
2.799213 -1.046171 2.522235,
3.000000 -1.046171 2.522235,
2.799213 -1.047949 2.524582,
3.000000 -1.047949 2.524582,
2.799213 -1.049608 2.527015,
3.000000 -1.049608 2.527015,
2.799213 -1.051143 2.529528,
3.000000 -1.051143 2.529528,
2.799213 -1.052551 2.532114,
3.000000 -1.052551 2.532114,
2.799213 -1.053829 2.534767,
3.000000 -1.053829 2.534767,
2.799213 -1.054973 2.537480,
3.000000 -1.054973 2.537480,
2.799213 -1.055980 2.540247,
3.000000 -1.055980 2.540247,
3.000000 -1.056848 2.543061,
2.799213 -1.056848 2.543061,
2.799213 -1.057574 2.545914,
3.000000 -1.057574 2.545914,
2.799213 -1.058158 2.548800,
3.000000 -1.058158 2.548800,
3.000000 -1.058597 2.551712,
2.799213 -1.058597 2.551712,
2.799213 -1.058890 2.554642,
3.000000 -1.058890 2.554642,
2.799213 -1.059037 2.557583,
3.000000 -1.059037 2.557583,
2.799213 -1.059037 2.560527,
3.000000 -1.059037 2.560527,
3.000000 -1.058890 2.563468,
2.799213 -1.058890 2.563468,
2.799213 -1.058597 2.566398,
3.000000 -1.058597 2.566398,
3.000000 -1.058158 2.569310,
2.799213 -1.058158 2.569310,
2.799213 -1.057574 2.572196,
3.000000 -1.057574 2.572196,
2.799213 -1.056848 2.575050,
3.000000 -1.056848 2.575050,
3.000000 -1.055980 2.577863,
2.799213 -1.055980 2.577863,
2.799213 -1.054973 2.580630,
3.000000 -1.054973 2.580630,
3.000000 -1.053829 2.583344,
2.799213 -1.053829 2.583344,
2.799213 -1.052551 2.585997,
3.000000 -1.052551 2.585997,
2.799213 -1.051143 2.588583,
3.000000 -1.051143 2.588583,
2.799213 -1.049608 2.591095,
3.000000 -1.049608 2.591095,
3.000000 -1.047949 2.593528,
2.799213 -1.047949 2.593528,
2.799213 -1.046171 2.595875,
3.000000 -1.046171 2.595875,
3.000000 -1.044278 2.598131,
2.799213 -1.044278 2.598131,
3.000000 -1.042276 2.600290,
2.799213 -1.042276 2.600290,
2.799213 -1.040168 2.602346,
3.000000 -1.040168 2.602346,
3.000000 -1.037960 2.604294,
2.799213 -1.037960 2.604294,
2.799213 -1.035658 2.606130,
3.000000 -1.035658 2.606130,
3.000000 -1.033267 2.607849,
2.799213 -1.033267 2.607849,
3.000000 -1.030793 2.609446,
2.799213 -1.030793 2.609446,
2.799213 -1.028243 2.610919,
3.000000 -1.028243 2.610919,
3.000000 -1.025623 2.612262,
2.799213 -1.025623 2.612262,
2.799213 -1.022939 2.613473,
3.000000 -1.022939 2.613473,
3.000000 -1.020198 2.614549,
2.799213 -1.020198 2.614549,
2.799213 -1.017407 2.615487,
3.000000 -1.017407 2.615487,
3.000000 -1.014572 2.616284,
2.799213 -1.014572 2.616284,
2.799213 -1.011702 2.616939,
3.000000 -1.011702 2.616939,
3.000000 -1.008802 2.617451,
2.799213 -1.008802 2.617451,
2.799213 -1.005880 2.617817,
3.000000 -1.005880 2.617817,
2.799213 -1.002944 2.618037,
3.000000 -1.002944 2.618037,
3.000000 -1.000000 2.618110,
2.799213 -1.000000 2.618110,
2.799213 -0.997056 2.618037,
3.000000 -0.997056 2.618037,
2.799213 -0.994120 2.617817,
3.000000 -0.994120 2.617817,
2.799213 -0.991198 2.617451,
3.000000 -0.991198 2.617451,
2.799213 -0.988298 2.616939,
3.000000 -0.988298 2.616939,
2.799213 -0.985428 2.616284,
3.000000 -0.985428 2.616284,
2.799213 -0.982593 2.615487,
3.000000 -0.982593 2.615487,
2.799213 -0.979802 2.614549,
3.000000 -0.979802 2.614549,
2.799213 -0.977061 2.613473,
3.000000 -0.977061 2.613473,
2.799213 -0.974377 2.612262,
3.000000 -0.974377 2.612262,
2.799213 -0.971757 2.610919,
3.000000 -0.971757 2.610919,
2.799213 -0.969207 2.609446,
3.000000 -0.969207 2.609446,
2.799213 -0.966733 2.607849,
3.000000 -0.966733 2.607849,
2.799213 -0.964342 2.606130,
3.000000 -0.964342 2.606130,
2.799213 -0.962040 2.604294,
3.000000 -0.962040 2.604294,
2.799213 -0.959832 2.602346,
3.000000 -0.959832 2.602346,
2.799213 -0.957724 2.600290,
3.000000 -0.957724 2.600290,
2.799213 -0.955722 2.598131,
3.000000 -0.955722 2.598131,
2.799213 -0.953829 2.595875,
3.000000 -0.953829 2.595875,
2.799213 -0.952051 2.593528,
3.000000 -0.952051 2.593528,
2.799213 -0.950392 2.591095,
3.000000 -0.950392 2.591095,
2.799213 -0.948857 2.588583,
3.000000 -0.948857 2.588583,
2.799213 -0.947449 2.585997,
3.000000 -0.947449 2.585997,
2.799213 -0.946171 2.583344,
3.000000 -0.946171 2.583344,
2.799213 -0.945027 2.580630,
3.000000 -0.945027 2.580630,
2.799213 -0.944020 2.577863,
3.000000 -0.944020 2.577863,
2.799213 -0.943152 2.575050,
3.000000 -0.943152 2.575050,
2.799213 -0.942426 2.572196,
3.000000 -0.942426 2.572196,
2.799213 -0.941842 2.569310,
3.000000 -0.941842 2.569310,
2.799213 -0.941403 2.566398,
3.000000 -0.941403 2.566398,
2.799213 -0.941110 2.563468,
3.000000 -0.941110 2.563468,
2.799213 -0.940963 2.560527,
3.000000 -0.940963 2.560527,
2.799213 -0.940963 2.557583,
3.000000 -0.940963 2.557583,
2.799213 -0.941110 2.554642,
3.000000 -0.941110 2.554642,
2.799213 -0.941403 2.551712,
3.000000 -0.941403 2.551712,
2.799213 -0.941842 2.548800,
3.000000 -0.941842 2.548800,
2.799213 -0.942426 2.545914,
3.000000 -0.942426 2.545914,
2.799213 -0.943152 2.543061,
3.000000 -0.943152 2.543061,
2.799213 -0.944020 2.540247,
3.000000 -0.944020 2.540247,
3.000000 -0.945027 2.537480,
2.799213 -0.945027 2.537480,
2.799213 -0.946171 2.534767,
3.000000 -0.946171 2.534767,
2.799213 -0.947449 2.532114,
3.000000 -0.947449 2.532114,
2.799213 -0.948857 2.529528,
3.000000 -0.948857 2.529528,
2.799213 -0.950392 2.527015,
3.000000 -0.950392 2.527015,
3.000000 -0.952051 2.524582,
2.799213 -0.952051 2.524582,
2.799213 -0.953829 2.522235,
3.000000 -0.953829 2.522235,
2.799213 -0.955722 2.519979,
3.000000 -0.955722 2.519979,
2.799213 -0.957724 2.517821,
3.000000 -0.957724 2.517821,
2.799213 -0.959832 2.515765,
3.000000 -0.959832 2.515765,
2.799213 -0.962040 2.513816,
3.000000 -0.962040 2.513816,
2.799213 -0.964342 2.511980,
3.000000 -0.964342 2.511980,
2.799213 -0.966733 2.510261,
3.000000 -0.966733 2.510261,
2.799213 -0.969207 2.508664,
3.000000 -0.969207 2.508664,
2.799213 -0.971757 2.507192,
3.000000 -0.971757 2.507192,
2.799213 -0.974377 2.505848,
3.000000 -0.974377 2.505848,
2.799213 -0.977061 2.504637,
3.000000 -0.977061 2.504637,
2.799213 -0.979802 2.503561,
3.000000 -0.979802 2.503561,
2.799213 -0.982593 2.502624,
3.000000 -0.982593 2.502624,
3.000000 -0.985428 2.501826,
2.799213 -0.985428 2.501826,
2.799213 -0.988298 2.501171,
3.000000 -0.988298 2.501171,
2.799213 -0.991198 2.500660,
3.000000 -0.991198 2.500660,
2.799213 -0.994120 2.500293,
3.000000 -0.994120 2.500293,
2.799213 -0.997056 2.500073,
3.000000 -0.997056 2.500073 ] } coordIndex [ 0 1 2 -1,
0 2 3 -1,
4 3 5 -1,
4 0 3 -1,
6 5 7 -1,
6 4 5 -1,
8 7 9 -1,
8 9 10 -1,
8 6 7 -1,
11 8 10 -1,
12 10 13 -1,
12 11 10 -1,
14 13 15 -1,
14 12 13 -1,
16 15 17 -1,
16 17 18 -1,
16 14 15 -1,
19 16 18 -1,
20 18 21 -1,
20 19 18 -1,
22 20 21 -1,
22 21 23 -1,
22 23 24 -1,
25 22 24 -1,
26 25 24 -1,
26 24 27 -1,
28 26 27 -1,
28 27 29 -1,
28 29 30 -1,
31 28 30 -1,
32 31 30 -1,
32 30 33 -1,
34 32 33 -1,
34 33 35 -1,
36 34 35 -1,
36 35 37 -1,
38 36 37 -1,
38 37 39 -1,
40 38 39 -1,
40 39 41 -1,
42 40 41 -1,
42 41 43 -1,
44 42 43 -1,
44 43 45 -1,
46 45 47 -1,
46 44 45 -1,
48 47 49 -1,
48 46 47 -1,
50 49 51 -1,
50 51 52 -1,
50 48 49 -1,
53 50 52 -1,
54 52 55 -1,
54 53 52 -1,
56 55 57 -1,
56 57 58 -1,
56 54 55 -1,
59 56 58 -1,
60 58 61 -1,
60 59 58 -1,
62 61 63 -1,
62 60 61 -1,
64 63 65 -1,
64 65 66 -1,
64 62 63 -1,
67 64 66 -1,
68 66 69 -1,
68 69 70 -1,
68 67 66 -1,
71 68 70 -1,
72 71 70 -1,
72 70 73 -1,
74 72 73 -1,
74 73 75 -1,
74 75 76 -1,
77 74 76 -1,
78 77 76 -1,
78 76 79 -1,
78 79 80 -1,
81 78 80 -1,
82 81 80 -1,
82 80 83 -1,
84 82 83 -1,
84 83 85 -1,
86 84 85 -1,
86 85 87 -1,
86 87 88 -1,
89 86 88 -1,
90 89 88 -1,
90 88 91 -1,
90 91 92 -1,
93 90 92 -1,
93 92 94 -1,
95 93 94 -1,
96 95 94 -1,
96 94 97 -1,
96 97 98 -1,
99 96 98 -1,
100 99 98 -1,
100 98 101 -1,
100 101 102 -1,
103 100 102 -1,
103 102 104 -1,
105 103 104 -1,
106 105 104 -1,
106 104 107 -1,
106 107 108 -1,
109 106 108 -1,
110 109 108 -1,
110 108 111 -1,
110 111 112 -1,
113 110 112 -1,
114 113 112 -1,
114 112 115 -1,
114 115 116 -1,
117 114 116 -1,
118 116 119 -1,
118 119 120 -1,
118 117 116 -1,
121 118 120 -1,
122 120 123 -1,
122 121 120 -1,
124 122 123 -1,
124 123 125 -1,
124 125 126 -1,
127 124 126 -1,
128 127 126 -1,
128 126 129 -1,
130 128 129 -1,
130 129 131 -1,
132 130 131 -1,
132 131 133 -1,
134 132 133 -1,
134 133 135 -1,
136 134 135 -1,
136 135 137 -1,
138 136 137 -1,
138 137 139 -1,
140 138 139 -1,
140 139 141 -1,
142 140 141 -1,
142 141 143 -1,
144 142 143 -1,
144 143 145 -1,
146 144 145 -1,
146 145 147 -1,
148 146 147 -1,
148 147 149 -1,
150 149 151 -1,
150 148 149 -1,
152 151 153 -1,
152 150 151 -1,
154 153 155 -1,
154 152 153 -1,
156 155 157 -1,
156 154 155 -1,
158 157 159 -1,
158 156 157 -1,
160 159 161 -1,
160 158 159 -1,
162 161 163 -1,
162 160 161 -1,
164 163 165 -1,
164 162 163 -1,
166 165 167 -1,
166 164 165 -1,
168 167 169 -1,
168 166 167 -1,
170 169 171 -1,
170 168 169 -1,
172 171 173 -1,
172 170 171 -1,
174 173 175 -1,
174 172 173 -1,
176 174 175 -1,
176 175 177 -1,
178 176 177 -1,
178 177 179 -1,
180 178 179 -1,
180 179 181 -1,
182 180 181 -1,
182 181 183 -1,
184 183 185 -1,
184 182 183 -1,
186 185 187 -1,
186 184 185 -1,
188 187 189 -1,
188 186 187 -1,
190 189 191 -1,
190 188 189 -1,
192 191 193 -1,
192 190 191 -1,
194 193 195 -1,
194 192 193 -1,
196 195 197 -1,
196 194 195 -1,
198 197 199 -1,
198 196 197 -1,
200 199 201 -1,
200 198 199 -1,
202 201 203 -1,
202 203 204 -1,
202 200 201 -1,
205 202 204 -1,
206 204 207 -1,
206 205 204 -1,
208 207 209 -1,
208 206 207 -1,
210 209 211 -1,
210 208 209 -1,
212 211 213 -1,
212 213 214 -1,
212 210 211 -1,
215 212 214 -1,
216 214 217 -1,
216 215 214 -1,
218 217 219 -1,
218 216 217 -1,
220 219 221 -1,
220 218 219 -1,
222 221 223 -1,
222 220 221 -1,
224 222 223 -1,
224 223 225 -1,
226 224 225 -1,
226 225 227 -1,
228 226 227 -1,
228 227 229 -1,
230 228 229 -1,
230 229 231 -1,
232 230 231 -1,
232 231 233 -1,
234 232 233 -1,
234 233 235 -1,
236 234 235 -1,
236 235 237 -1,
238 236 237 -1,
238 237 239 -1,
240 238 239 -1,
240 239 241 -1,
240 241 242 -1,
243 240 242 -1,
244 243 242 -1,
244 242 245 -1,
246 244 245 -1,
246 245 247 -1,
248 246 247 -1,
248 247 249 -1,
250 249 251 -1,
250 248 249 -1,
250 251 2 -1,
1 250 2 -1,
14 11 12 -1,
48 50 53 -1,
44 46 48 -1,
38 40 42 -1,
38 42 44 -1,
206 202 205 -1,
31 26 28 -1,
32 1 0 -1,
32 0 4 -1,
32 4 6 -1,
32 6 8 -1,
32 8 11 -1,
32 14 16 -1,
32 16 19 -1,
32 19 20 -1,
32 20 22 -1,
32 22 25 -1,
32 25 26 -1,
32 34 36 -1,
32 36 38 -1,
32 53 54 -1,
32 54 56 -1,
32 56 59 -1,
32 59 60 -1,
32 60 62 -1,
32 62 64 -1,
32 64 67 -1,
32 67 68 -1,
32 68 71 -1,
32 71 72 -1,
32 72 74 -1,
32 74 77 -1,
32 77 78 -1,
32 78 81 -1,
32 81 82 -1,
32 82 84 -1,
32 95 96 -1,
32 96 99 -1,
32 99 100 -1,
32 100 103 -1,
32 103 105 -1,
32 105 106 -1,
32 106 109 -1,
32 109 110 -1,
32 110 113 -1,
32 113 114 -1,
32 114 117 -1,
32 117 118 -1,
32 118 121 -1,
32 121 122 -1,
32 122 124 -1,
32 124 127 -1,
32 127 128 -1,
32 128 130 -1,
32 130 132 -1,
32 132 134 -1,
32 134 136 -1,
32 136 138 -1,
32 138 140 -1,
32 140 142 -1,
32 142 144 -1,
32 144 146 -1,
32 146 148 -1,
32 148 150 -1,
32 150 152 -1,
32 152 154 -1,
32 154 156 -1,
32 156 158 -1,
32 158 160 -1,
32 160 162 -1,
32 162 164 -1,
32 164 166 -1,
32 166 168 -1,
32 168 170 -1,
32 170 172 -1,
32 172 174 -1,
32 174 176 -1,
32 176 178 -1,
32 178 180 -1,
32 180 182 -1,
32 182 184 -1,
32 184 186 -1,
32 186 188 -1,
32 188 190 -1,
32 190 192 -1,
32 192 194 -1,
32 194 196 -1,
32 196 198 -1,
32 198 200 -1,
32 200 202 -1,
32 206 208 -1,
32 208 210 -1,
32 210 212 -1,
32 212 215 -1,
32 215 216 -1,
32 216 218 -1,
32 218 220 -1,
32 220 222 -1,
32 222 224 -1,
32 232 234 -1,
32 234 236 -1,
32 202 206 -1,
32 90 95 -1,
32 240 246 -1,
32 224 228 -1,
32 228 232 -1,
32 236 240 -1,
32 84 90 -1,
32 26 31 -1,
32 44 48 -1,
32 246 1 -1,
32 11 14 -1,
32 48 53 -1,
32 38 44 -1,
90 93 95 -1,
228 224 226 -1,
84 86 89 -1,
84 89 90 -1,
232 228 230 -1,
240 236 238 -1,
246 240 243 -1,
246 243 244 -1,
1 246 248 -1,
1 248 250 -1,
10 15 13 -1,
51 49 52 -1,
47 45 49 -1,
41 39 43 -1,
43 39 45 -1,
203 207 204 -1,
27 30 29 -1,
2 33 3 -1,
3 33 5 -1,
5 33 7 -1,
7 33 9 -1,
9 33 10 -1,
15 33 17 -1,
17 33 18 -1,
18 33 21 -1,
21 33 23 -1,
23 33 24 -1,
24 33 27 -1,
35 33 37 -1,
37 33 39 -1,
52 33 55 -1,
55 33 57 -1,
57 33 58 -1,
58 33 61 -1,
61 33 63 -1,
63 33 65 -1,
65 33 66 -1,
66 33 69 -1,
69 33 70 -1,
70 33 73 -1,
73 33 75 -1,
75 33 76 -1,
76 33 79 -1,
79 33 80 -1,
80 33 83 -1,
83 33 85 -1,
94 33 97 -1,
97 33 98 -1,
98 33 101 -1,
101 33 102 -1,
102 33 104 -1,
104 33 107 -1,
107 33 108 -1,
108 33 111 -1,
111 33 112 -1,
112 33 115 -1,
115 33 116 -1,
116 33 119 -1,
119 33 120 -1,
120 33 123 -1,
123 33 125 -1,
125 33 126 -1,
126 33 129 -1,
129 33 131 -1,
131 33 133 -1,
133 33 135 -1,
135 33 137 -1,
137 33 139 -1,
139 33 141 -1,
141 33 143 -1,
143 33 145 -1,
145 33 147 -1,
147 33 149 -1,
149 33 151 -1,
151 33 153 -1,
153 33 155 -1,
155 33 157 -1,
157 33 159 -1,
159 33 161 -1,
161 33 163 -1,
163 33 165 -1,
165 33 167 -1,
167 33 169 -1,
169 33 171 -1,
171 33 173 -1,
173 33 175 -1,
175 33 177 -1,
177 33 179 -1,
179 33 181 -1,
181 33 183 -1,
183 33 185 -1,
185 33 187 -1,
187 33 189 -1,
189 33 191 -1,
191 33 193 -1,
193 33 195 -1,
195 33 197 -1,
197 33 199 -1,
199 33 201 -1,
201 33 203 -1,
207 33 209 -1,
209 33 211 -1,
211 33 213 -1,
213 33 214 -1,
214 33 217 -1,
217 33 219 -1,
219 33 221 -1,
221 33 223 -1,
223 33 225 -1,
233 33 235 -1,
235 33 237 -1,
203 33 207 -1,
91 33 94 -1,
241 33 247 -1,
225 33 229 -1,
229 33 233 -1,
237 33 241 -1,
85 33 91 -1,
27 33 30 -1,
45 33 49 -1,
247 33 2 -1,
10 33 15 -1,
49 33 52 -1,
39 33 45 -1,
92 91 94 -1,
225 229 227 -1,
87 85 88 -1,
88 85 91 -1,
229 233 231 -1,
237 241 239 -1,
241 247 242 -1,
242 247 245 -1,
247 2 249 -1,
249 2 251 -1 ] } }
Shape { appearance Appearance { material Material { diffuseColor 0.7 0.72 0.74 } } geometry IndexedFaceSet { solid FALSE coord Coordinate { point [ 2.901575 -2.059055 -0.984252,
2.901575 -2.059055 0.000000,
2.901575 -1.940945 -0.984252,
2.901575 -1.940945 0.000000,
3.098425 -2.059055 0.000000,
3.098425 -2.059055 -0.984252,
3.098425 -1.940945 -0.984252,
3.098425 -1.940945 0.000000 ] } coordIndex [ 0 1 2 -1,
2 1 3 -1,
4 5 6 -1,
4 6 7 -1,
5 4 0 -1,
0 4 1 -1,
7 6 2 -1,
7 2 3 -1,
2 6 0 -1,
0 6 5 -1,
7 3 1 -1,
7 1 4 -1 ] } }
Shape { appearance Appearance { material Material { diffuseColor 0.7 0.72 0.74 } } geometry IndexedFaceSet { solid FALSE coord Coordinate { point [ 2.901575 -2.059055 1.181102,
2.901575 -2.059055 2.559055,
2.901575 -1.940945 1.181102,
2.901575 -1.940945 2.559055,
3.098425 -2.059055 2.559055,
3.098425 -2.059055 1.181102,
3.098425 -1.940945 1.181102,
3.098425 -1.940945 2.559055 ] } coordIndex [ 0 1 2 -1,
2 1 3 -1,
4 5 6 -1,
4 6 7 -1,
5 4 0 -1,
0 4 1 -1,
7 6 2 -1,
7 2 3 -1,
2 6 0 -1,
0 6 5 -1,
7 3 1 -1,
7 1 4 -1 ] } }
Shape { appearance Appearance { material Material { diffuseColor 0.7 0.72 0.74 } } geometry IndexedFaceSet { solid FALSE coord Coordinate { point [ 2.799213 -2.002944 2.500073,
2.799213 -2.000000 2.500000,
3.000000 -2.000000 2.500000,
3.000000 -2.002944 2.500073,
2.799213 -2.005880 2.500293,
3.000000 -2.005880 2.500293,
2.799213 -2.008802 2.500660,
3.000000 -2.008802 2.500660,
2.799213 -2.011702 2.501171,
3.000000 -2.011702 2.501171,
3.000000 -2.014572 2.501826,
2.799213 -2.014572 2.501826,
2.799213 -2.017407 2.502624,
3.000000 -2.017407 2.502624,
2.799213 -2.020198 2.503561,
3.000000 -2.020198 2.503561,
2.799213 -2.022939 2.504637,
3.000000 -2.022939 2.504637,
3.000000 -2.025623 2.505848,
2.799213 -2.025623 2.505848,
2.799213 -2.028243 2.507192,
3.000000 -2.028243 2.507192,
2.799213 -2.030793 2.508664,
3.000000 -2.030793 2.508664,
3.000000 -2.033267 2.510261,
2.799213 -2.033267 2.510261,
2.799213 -2.035658 2.511980,
3.000000 -2.035658 2.511980,
2.799213 -2.037960 2.513816,
3.000000 -2.037960 2.513816,
3.000000 -2.040168 2.515765,
2.799213 -2.040168 2.515765,
2.799213 -2.042276 2.517821,
3.000000 -2.042276 2.517821,
2.799213 -2.044278 2.519979,
3.000000 -2.044278 2.519979,
2.799213 -2.046171 2.522235,
3.000000 -2.046171 2.522235,
2.799213 -2.047949 2.524582,
3.000000 -2.047949 2.524582,
2.799213 -2.049608 2.527015,
3.000000 -2.049608 2.527015,
2.799213 -2.051143 2.529528,
3.000000 -2.051143 2.529528,
2.799213 -2.052551 2.532114,
3.000000 -2.052551 2.532114,
2.799213 -2.053829 2.534767,
3.000000 -2.053829 2.534767,
2.799213 -2.054973 2.537480,
3.000000 -2.054973 2.537480,
2.799213 -2.055980 2.540247,
3.000000 -2.055980 2.540247,
3.000000 -2.056848 2.543061,
2.799213 -2.056848 2.543061,
2.799213 -2.057574 2.545914,
3.000000 -2.057574 2.545914,
2.799213 -2.058158 2.548800,
3.000000 -2.058158 2.548800,
3.000000 -2.058597 2.551712,
2.799213 -2.058597 2.551712,
2.799213 -2.058890 2.554642,
3.000000 -2.058890 2.554642,
2.799213 -2.059037 2.557583,
3.000000 -2.059037 2.557583,
2.799213 -2.059037 2.560527,
3.000000 -2.059037 2.560527,
3.000000 -2.058890 2.563468,
2.799213 -2.058890 2.563468,
2.799213 -2.058597 2.566398,
3.000000 -2.058597 2.566398,
3.000000 -2.058158 2.569310,
2.799213 -2.058158 2.569310,
2.799213 -2.057574 2.572196,
3.000000 -2.057574 2.572196,
2.799213 -2.056848 2.575050,
3.000000 -2.056848 2.575050,
3.000000 -2.055980 2.577863,
2.799213 -2.055980 2.577863,
2.799213 -2.054973 2.580630,
3.000000 -2.054973 2.580630,
3.000000 -2.053829 2.583344,
2.799213 -2.053829 2.583344,
2.799213 -2.052551 2.585997,
3.000000 -2.052551 2.585997,
2.799213 -2.051143 2.588583,
3.000000 -2.051143 2.588583,
2.799213 -2.049608 2.591095,
3.000000 -2.049608 2.591095,
3.000000 -2.047949 2.593528,
2.799213 -2.047949 2.593528,
2.799213 -2.046171 2.595875,
3.000000 -2.046171 2.595875,
3.000000 -2.044278 2.598131,
2.799213 -2.044278 2.598131,
3.000000 -2.042276 2.600290,
2.799213 -2.042276 2.600290,
2.799213 -2.040168 2.602346,
3.000000 -2.040168 2.602346,
3.000000 -2.037960 2.604294,
2.799213 -2.037960 2.604294,
2.799213 -2.035658 2.606130,
3.000000 -2.035658 2.606130,
3.000000 -2.033267 2.607849,
2.799213 -2.033267 2.607849,
3.000000 -2.030793 2.609446,
2.799213 -2.030793 2.609446,
2.799213 -2.028243 2.610919,
3.000000 -2.028243 2.610919,
3.000000 -2.025623 2.612262,
2.799213 -2.025623 2.612262,
2.799213 -2.022939 2.613473,
3.000000 -2.022939 2.613473,
3.000000 -2.020198 2.614549,
2.799213 -2.020198 2.614549,
2.799213 -2.017407 2.615487,
3.000000 -2.017407 2.615487,
3.000000 -2.014572 2.616284,
2.799213 -2.014572 2.616284,
2.799213 -2.011702 2.616939,
3.000000 -2.011702 2.616939,
3.000000 -2.008802 2.617451,
2.799213 -2.008802 2.617451,
2.799213 -2.005880 2.617817,
3.000000 -2.005880 2.617817,
2.799213 -2.002944 2.618037,
3.000000 -2.002944 2.618037,
3.000000 -2.000000 2.618110,
2.799213 -2.000000 2.618110,
2.799213 -1.997056 2.618037,
3.000000 -1.997056 2.618037,
2.799213 -1.994120 2.617817,
3.000000 -1.994120 2.617817,
2.799213 -1.991198 2.617451,
3.000000 -1.991198 2.617451,
2.799213 -1.988298 2.616939,
3.000000 -1.988298 2.616939,
2.799213 -1.985428 2.616284,
3.000000 -1.985428 2.616284,
2.799213 -1.982593 2.615487,
3.000000 -1.982593 2.615487,
2.799213 -1.979802 2.614549,
3.000000 -1.979802 2.614549,
2.799213 -1.977061 2.613473,
3.000000 -1.977061 2.613473,
2.799213 -1.974377 2.612262,
3.000000 -1.974377 2.612262,
2.799213 -1.971757 2.610919,
3.000000 -1.971757 2.610919,
2.799213 -1.969207 2.609446,
3.000000 -1.969207 2.609446,
2.799213 -1.966733 2.607849,
3.000000 -1.966733 2.607849,
2.799213 -1.964342 2.606130,
3.000000 -1.964342 2.606130,
2.799213 -1.962040 2.604294,
3.000000 -1.962040 2.604294,
2.799213 -1.959832 2.602346,
3.000000 -1.959832 2.602346,
2.799213 -1.957724 2.600290,
3.000000 -1.957724 2.600290,
2.799213 -1.955722 2.598131,
3.000000 -1.955722 2.598131,
2.799213 -1.953829 2.595875,
3.000000 -1.953829 2.595875,
2.799213 -1.952051 2.593528,
3.000000 -1.952051 2.593528,
2.799213 -1.950392 2.591095,
3.000000 -1.950392 2.591095,
2.799213 -1.948857 2.588583,
3.000000 -1.948857 2.588583,
2.799213 -1.947449 2.585997,
3.000000 -1.947449 2.585997,
2.799213 -1.946171 2.583344,
3.000000 -1.946171 2.583344,
2.799213 -1.945027 2.580630,
3.000000 -1.945027 2.580630,
2.799213 -1.944020 2.577863,
3.000000 -1.944020 2.577863,
2.799213 -1.943152 2.575050,
3.000000 -1.943152 2.575050,
2.799213 -1.942426 2.572196,
3.000000 -1.942426 2.572196,
2.799213 -1.941842 2.569310,
3.000000 -1.941842 2.569310,
2.799213 -1.941403 2.566398,
3.000000 -1.941403 2.566398,
2.799213 -1.941110 2.563468,
3.000000 -1.941110 2.563468,
2.799213 -1.940963 2.560527,
3.000000 -1.940963 2.560527,
2.799213 -1.940963 2.557583,
3.000000 -1.940963 2.557583,
2.799213 -1.941110 2.554642,
3.000000 -1.941110 2.554642,
2.799213 -1.941403 2.551712,
3.000000 -1.941403 2.551712,
2.799213 -1.941842 2.548800,
3.000000 -1.941842 2.548800,
2.799213 -1.942426 2.545914,
3.000000 -1.942426 2.545914,
2.799213 -1.943152 2.543061,
3.000000 -1.943152 2.543061,
2.799213 -1.944020 2.540247,
3.000000 -1.944020 2.540247,
3.000000 -1.945027 2.537480,
2.799213 -1.945027 2.537480,
2.799213 -1.946171 2.534767,
3.000000 -1.946171 2.534767,
2.799213 -1.947449 2.532114,
3.000000 -1.947449 2.532114,
2.799213 -1.948857 2.529528,
3.000000 -1.948857 2.529528,
2.799213 -1.950392 2.527015,
3.000000 -1.950392 2.527015,
3.000000 -1.952051 2.524582,
2.799213 -1.952051 2.524582,
2.799213 -1.953829 2.522235,
3.000000 -1.953829 2.522235,
2.799213 -1.955722 2.519979,
3.000000 -1.955722 2.519979,
2.799213 -1.957724 2.517821,
3.000000 -1.957724 2.517821,
2.799213 -1.959832 2.515765,
3.000000 -1.959832 2.515765,
2.799213 -1.962040 2.513816,
3.000000 -1.962040 2.513816,
2.799213 -1.964342 2.511980,
3.000000 -1.964342 2.511980,
2.799213 -1.966733 2.510261,
3.000000 -1.966733 2.510261,
2.799213 -1.969207 2.508664,
3.000000 -1.969207 2.508664,
2.799213 -1.971757 2.507192,
3.000000 -1.971757 2.507192,
2.799213 -1.974377 2.505848,
3.000000 -1.974377 2.505848,
2.799213 -1.977061 2.504637,
3.000000 -1.977061 2.504637,
2.799213 -1.979802 2.503561,
3.000000 -1.979802 2.503561,
2.799213 -1.982593 2.502624,
3.000000 -1.982593 2.502624,
3.000000 -1.985428 2.501826,
2.799213 -1.985428 2.501826,
2.799213 -1.988298 2.501171,
3.000000 -1.988298 2.501171,
2.799213 -1.991198 2.500660,
3.000000 -1.991198 2.500660,
2.799213 -1.994120 2.500293,
3.000000 -1.994120 2.500293,
2.799213 -1.997056 2.500073,
3.000000 -1.997056 2.500073 ] } coordIndex [ 0 1 2 -1,
0 2 3 -1,
4 3 5 -1,
4 0 3 -1,
6 5 7 -1,
6 4 5 -1,
8 7 9 -1,
8 9 10 -1,
8 6 7 -1,
11 8 10 -1,
12 10 13 -1,
12 11 10 -1,
14 13 15 -1,
14 12 13 -1,
16 15 17 -1,
16 17 18 -1,
16 14 15 -1,
19 16 18 -1,
20 18 21 -1,
20 19 18 -1,
22 20 21 -1,
22 21 23 -1,
22 23 24 -1,
25 22 24 -1,
26 25 24 -1,
26 24 27 -1,
28 26 27 -1,
28 27 29 -1,
28 29 30 -1,
31 28 30 -1,
32 31 30 -1,
32 30 33 -1,
34 32 33 -1,
34 33 35 -1,
36 34 35 -1,
36 35 37 -1,
38 36 37 -1,
38 37 39 -1,
40 38 39 -1,
40 39 41 -1,
42 40 41 -1,
42 41 43 -1,
44 42 43 -1,
44 43 45 -1,
46 45 47 -1,
46 44 45 -1,
48 47 49 -1,
48 46 47 -1,
50 49 51 -1,
50 51 52 -1,
50 48 49 -1,
53 50 52 -1,
54 52 55 -1,
54 53 52 -1,
56 55 57 -1,
56 57 58 -1,
56 54 55 -1,
59 56 58 -1,
60 58 61 -1,
60 59 58 -1,
62 61 63 -1,
62 60 61 -1,
64 63 65 -1,
64 65 66 -1,
64 62 63 -1,
67 64 66 -1,
68 66 69 -1,
68 69 70 -1,
68 67 66 -1,
71 68 70 -1,
72 71 70 -1,
72 70 73 -1,
74 72 73 -1,
74 73 75 -1,
74 75 76 -1,
77 74 76 -1,
78 77 76 -1,
78 76 79 -1,
78 79 80 -1,
81 78 80 -1,
82 81 80 -1,
82 80 83 -1,
84 82 83 -1,
84 83 85 -1,
86 84 85 -1,
86 85 87 -1,
86 87 88 -1,
89 86 88 -1,
90 89 88 -1,
90 88 91 -1,
90 91 92 -1,
93 90 92 -1,
93 92 94 -1,
95 93 94 -1,
96 95 94 -1,
96 94 97 -1,
96 97 98 -1,
99 96 98 -1,
100 99 98 -1,
100 98 101 -1,
100 101 102 -1,
103 100 102 -1,
103 102 104 -1,
105 103 104 -1,
106 105 104 -1,
106 104 107 -1,
106 107 108 -1,
109 106 108 -1,
110 109 108 -1,
110 108 111 -1,
110 111 112 -1,
113 110 112 -1,
114 113 112 -1,
114 112 115 -1,
114 115 116 -1,
117 114 116 -1,
118 116 119 -1,
118 119 120 -1,
118 117 116 -1,
121 118 120 -1,
122 120 123 -1,
122 121 120 -1,
124 122 123 -1,
124 123 125 -1,
124 125 126 -1,
127 124 126 -1,
128 127 126 -1,
128 126 129 -1,
130 128 129 -1,
130 129 131 -1,
132 130 131 -1,
132 131 133 -1,
134 132 133 -1,
134 133 135 -1,
136 134 135 -1,
136 135 137 -1,
138 136 137 -1,
138 137 139 -1,
140 138 139 -1,
140 139 141 -1,
142 140 141 -1,
142 141 143 -1,
144 142 143 -1,
144 143 145 -1,
146 144 145 -1,
146 145 147 -1,
148 146 147 -1,
148 147 149 -1,
150 149 151 -1,
150 148 149 -1,
152 151 153 -1,
152 150 151 -1,
154 153 155 -1,
154 152 153 -1,
156 155 157 -1,
156 154 155 -1,
158 157 159 -1,
158 156 157 -1,
160 159 161 -1,
160 158 159 -1,
162 161 163 -1,
162 160 161 -1,
164 163 165 -1,
164 162 163 -1,
166 165 167 -1,
166 164 165 -1,
168 167 169 -1,
168 166 167 -1,
170 169 171 -1,
170 168 169 -1,
172 171 173 -1,
172 170 171 -1,
174 173 175 -1,
174 172 173 -1,
176 174 175 -1,
176 175 177 -1,
178 176 177 -1,
178 177 179 -1,
180 178 179 -1,
180 179 181 -1,
182 180 181 -1,
182 181 183 -1,
184 183 185 -1,
184 182 183 -1,
186 185 187 -1,
186 184 185 -1,
188 187 189 -1,
188 186 187 -1,
190 189 191 -1,
190 188 189 -1,
192 191 193 -1,
192 190 191 -1,
194 193 195 -1,
194 192 193 -1,
196 195 197 -1,
196 194 195 -1,
198 197 199 -1,
198 196 197 -1,
200 199 201 -1,
200 198 199 -1,
202 201 203 -1,
202 203 204 -1,
202 200 201 -1,
205 202 204 -1,
206 204 207 -1,
206 205 204 -1,
208 207 209 -1,
208 206 207 -1,
210 209 211 -1,
210 208 209 -1,
212 211 213 -1,
212 213 214 -1,
212 210 211 -1,
215 212 214 -1,
216 214 217 -1,
216 215 214 -1,
218 217 219 -1,
218 216 217 -1,
220 219 221 -1,
220 218 219 -1,
222 221 223 -1,
222 220 221 -1,
224 222 223 -1,
224 223 225 -1,
226 224 225 -1,
226 225 227 -1,
228 226 227 -1,
228 227 229 -1,
230 228 229 -1,
230 229 231 -1,
232 230 231 -1,
232 231 233 -1,
234 232 233 -1,
234 233 235 -1,
236 234 235 -1,
236 235 237 -1,
238 236 237 -1,
238 237 239 -1,
240 238 239 -1,
240 239 241 -1,
240 241 242 -1,
243 240 242 -1,
244 243 242 -1,
244 242 245 -1,
246 244 245 -1,
246 245 247 -1,
248 246 247 -1,
248 247 249 -1,
250 249 251 -1,
250 248 249 -1,
250 251 2 -1,
1 250 2 -1,
206 202 205 -1,
106 109 110 -1,
210 206 208 -1,
212 206 210 -1,
100 103 105 -1,
216 212 215 -1,
222 218 220 -1,
226 222 224 -1,
228 222 226 -1,
232 228 230 -1,
82 84 86 -1,
236 232 234 -1,
240 236 238 -1,
243 236 240 -1,
244 236 243 -1,
11 6 8 -1,
14 11 12 -1,
20 16 19 -1,
40 42 44 -1,
40 44 46 -1,
40 46 48 -1,
26 20 22 -1,
26 22 25 -1,
34 36 38 -1,
32 200 202 -1,
32 1 0 -1,
32 0 4 -1,
32 4 6 -1,
32 236 244 -1,
32 202 206 -1,
32 14 16 -1,
32 216 218 -1,
32 26 28 -1,
32 212 216 -1,
32 28 31 -1,
32 11 14 -1,
32 206 212 -1,
32 38 40 -1,
32 244 246 -1,
32 246 248 -1,
32 248 250 -1,
32 34 38 -1,
32 250 1 -1,
32 48 50 -1,
32 50 53 -1,
32 53 54 -1,
32 54 56 -1,
32 56 59 -1,
32 59 60 -1,
32 60 62 -1,
32 40 48 -1,
32 62 64 -1,
32 64 67 -1,
32 67 68 -1,
32 228 232 -1,
32 68 71 -1,
32 71 72 -1,
32 72 74 -1,
32 74 77 -1,
32 100 105 -1,
32 77 78 -1,
32 78 81 -1,
32 81 82 -1,
32 86 89 -1,
32 89 90 -1,
32 90 93 -1,
32 93 95 -1,
32 95 96 -1,
32 96 99 -1,
32 99 100 -1,
32 105 106 -1,
32 16 20 -1,
32 218 222 -1,
32 110 113 -1,
32 113 114 -1,
32 114 117 -1,
32 117 118 -1,
32 118 121 -1,
32 121 122 -1,
32 222 228 -1,
32 122 124 -1,
32 124 127 -1,
32 127 128 -1,
32 128 130 -1,
32 130 132 -1,
32 132 134 -1,
32 106 110 -1,
32 134 136 -1,
32 136 138 -1,
32 138 140 -1,
32 82 86 -1,
32 140 142 -1,
32 142 144 -1,
32 144 146 -1,
32 146 148 -1,
32 148 150 -1,
32 150 152 -1,
32 232 236 -1,
32 152 154 -1,
32 154 156 -1,
32 156 158 -1,
32 158 160 -1,
32 160 162 -1,
32 162 164 -1,
32 164 166 -1,
32 166 168 -1,
32 168 170 -1,
32 170 172 -1,
32 172 174 -1,
32 174 176 -1,
32 176 178 -1,
32 178 180 -1,
32 180 182 -1,
32 182 184 -1,
32 184 186 -1,
32 186 188 -1,
32 188 190 -1,
32 190 192 -1,
32 192 194 -1,
32 6 11 -1,
32 194 196 -1,
32 20 26 -1,
32 196 198 -1,
32 198 200 -1,
203 207 204 -1,
108 107 111 -1,
207 211 209 -1,
207 213 211 -1,
102 101 104 -1,
213 217 214 -1,
219 223 221 -1,
223 227 225 -1,
223 229 227 -1,
229 233 231 -1,
85 83 87 -1,
233 237 235 -1,
237 241 239 -1,
237 242 241 -1,
237 245 242 -1,
7 10 9 -1,
10 15 13 -1,
17 21 18 -1,
43 41 45 -1,
45 41 47 -1,
47 41 49 -1,
21 27 23 -1,
23 27 24 -1,
37 35 39 -1,
201 33 203 -1,
2 33 3 -1,
3 33 5 -1,
5 33 7 -1,
237 33 245 -1,
203 33 207 -1,
15 33 17 -1,
217 33 219 -1,
27 33 29 -1,
213 33 217 -1,
29 33 30 -1,
10 33 15 -1,
207 33 213 -1,
39 33 41 -1,
245 33 247 -1,
247 33 249 -1,
249 33 251 -1,
35 33 39 -1,
251 33 2 -1,
49 33 51 -1,
51 33 52 -1,
52 33 55 -1,
55 33 57 -1,
57 33 58 -1,
58 33 61 -1,
61 33 63 -1,
41 33 49 -1,
63 33 65 -1,
65 33 66 -1,
66 33 69 -1,
229 33 233 -1,
69 33 70 -1,
70 33 73 -1,
73 33 75 -1,
75 33 76 -1,
101 33 104 -1,
76 33 79 -1,
79 33 80 -1,
80 33 83 -1,
87 33 88 -1,
88 33 91 -1,
91 33 92 -1,
92 33 94 -1,
94 33 97 -1,
97 33 98 -1,
98 33 101 -1,
104 33 107 -1,
17 33 21 -1,
219 33 223 -1,
111 33 112 -1,
112 33 115 -1,
115 33 116 -1,
116 33 119 -1,
119 33 120 -1,
120 33 123 -1,
223 33 229 -1,
123 33 125 -1,
125 33 126 -1,
126 33 129 -1,
129 33 131 -1,
131 33 133 -1,
133 33 135 -1,
107 33 111 -1,
135 33 137 -1,
137 33 139 -1,
139 33 141 -1,
83 33 87 -1,
141 33 143 -1,
143 33 145 -1,
145 33 147 -1,
147 33 149 -1,
149 33 151 -1,
151 33 153 -1,
233 33 237 -1,
153 33 155 -1,
155 33 157 -1,
157 33 159 -1,
159 33 161 -1,
161 33 163 -1,
163 33 165 -1,
165 33 167 -1,
167 33 169 -1,
169 33 171 -1,
171 33 173 -1,
173 33 175 -1,
175 33 177 -1,
177 33 179 -1,
179 33 181 -1,
181 33 183 -1,
183 33 185 -1,
185 33 187 -1,
187 33 189 -1,
189 33 191 -1,
191 33 193 -1,
193 33 195 -1,
7 33 10 -1,
195 33 197 -1,
21 33 27 -1,
197 33 199 -1,
199 33 201 -1 ] } }
Shape { appearance Appearance { material Material { diffuseColor 0.7 0.72 0.74 } } geometry IndexedFaceSet { solid FALSE coord Coordinate { point [ 2.901575 -3.059055 -0.984252,
2.901575 -3.059055 0.000000,
2.901575 -2.940945 -0.984252,
2.901575 -2.940945 0.000000,
3.098425 -3.059055 0.000000,
3.098425 -3.059055 -0.984252,
3.098425 -2.940945 -0.984252,
3.098425 -2.940945 0.000000 ] } coordIndex [ 0 1 2 -1,
2 1 3 -1,
4 5 6 -1,
4 6 7 -1,
5 4 0 -1,
0 4 1 -1,
7 6 2 -1,
7 2 3 -1,
2 6 0 -1,
0 6 5 -1,
7 3 1 -1,
7 1 4 -1 ] } }
Shape { appearance Appearance { material Material { diffuseColor 0.7 0.72 0.74 } } geometry IndexedFaceSet { solid FALSE coord Coordinate { point [ 2.901575 -3.059055 1.181102,
2.901575 -3.059055 2.559055,
2.901575 -2.940945 1.181102,
2.901575 -2.940945 2.559055,
3.098425 -3.059055 2.559055,
3.098425 -3.059055 1.181102,
3.098425 -2.940945 1.181102,
3.098425 -2.940945 2.559055 ] } coordIndex [ 0 1 2 -1,
2 1 3 -1,
4 5 6 -1,
4 6 7 -1,
5 4 0 -1,
0 4 1 -1,
7 6 2 -1,
7 2 3 -1,
2 6 0 -1,
0 6 5 -1,
7 3 1 -1,
7 1 4 -1 ] } }
Shape { appearance Appearance { material Material { diffuseColor 0.7 0.72 0.74 } } geometry IndexedFaceSet { solid FALSE coord Coordinate { point [ 2.799213 -3.002944 2.500073,
2.799213 -3.000000 2.500000,
3.000000 -3.000000 2.500000,
3.000000 -3.002944 2.500073,
2.799213 -3.005880 2.500293,
3.000000 -3.005880 2.500293,
2.799213 -3.008802 2.500660,
3.000000 -3.008802 2.500660,
2.799213 -3.011702 2.501171,
3.000000 -3.011702 2.501171,
3.000000 -3.014572 2.501826,
2.799213 -3.014572 2.501826,
2.799213 -3.017407 2.502624,
3.000000 -3.017407 2.502624,
2.799213 -3.020198 2.503561,
3.000000 -3.020198 2.503561,
2.799213 -3.022939 2.504637,
3.000000 -3.022939 2.504637,
3.000000 -3.025623 2.505848,
2.799213 -3.025623 2.505848,
2.799213 -3.028243 2.507192,
3.000000 -3.028243 2.507192,
2.799213 -3.030793 2.508664,
3.000000 -3.030793 2.508664,
3.000000 -3.033267 2.510261,
2.799213 -3.033267 2.510261,
2.799213 -3.035658 2.511980,
3.000000 -3.035658 2.511980,
2.799213 -3.037960 2.513816,
3.000000 -3.037960 2.513816,
3.000000 -3.040168 2.515765,
2.799213 -3.040168 2.515765,
2.799213 -3.042276 2.517821,
3.000000 -3.042276 2.517821,
2.799213 -3.044278 2.519979,
3.000000 -3.044278 2.519979,
2.799213 -3.046171 2.522235,
3.000000 -3.046171 2.522235,
2.799213 -3.047949 2.524582,
3.000000 -3.047949 2.524582,
2.799213 -3.049608 2.527015,
3.000000 -3.049608 2.527015,
2.799213 -3.051143 2.529528,
3.000000 -3.051143 2.529528,
2.799213 -3.052551 2.532114,
3.000000 -3.052551 2.532114,
2.799213 -3.053829 2.534767,
3.000000 -3.053829 2.534767,
2.799213 -3.054973 2.537480,
3.000000 -3.054973 2.537480,
2.799213 -3.055980 2.540247,
3.000000 -3.055980 2.540247,
3.000000 -3.056848 2.543061,
2.799213 -3.056848 2.543061,
2.799213 -3.057574 2.545914,
3.000000 -3.057574 2.545914,
2.799213 -3.058158 2.548800,
3.000000 -3.058158 2.548800,
3.000000 -3.058597 2.551712,
2.799213 -3.058597 2.551712,
2.799213 -3.058890 2.554642,
3.000000 -3.058890 2.554642,
2.799213 -3.059037 2.557583,
3.000000 -3.059037 2.557583,
2.799213 -3.059037 2.560527,
3.000000 -3.059037 2.560527,
3.000000 -3.058890 2.563468,
2.799213 -3.058890 2.563468,
2.799213 -3.058597 2.566398,
3.000000 -3.058597 2.566398,
3.000000 -3.058158 2.569310,
2.799213 -3.058158 2.569310,
2.799213 -3.057574 2.572196,
3.000000 -3.057574 2.572196,
2.799213 -3.056848 2.575050,
3.000000 -3.056848 2.575050,
3.000000 -3.055980 2.577863,
2.799213 -3.055980 2.577863,
2.799213 -3.054973 2.580630,
3.000000 -3.054973 2.580630,
3.000000 -3.053829 2.583344,
2.799213 -3.053829 2.583344,
2.799213 -3.052551 2.585997,
3.000000 -3.052551 2.585997,
2.799213 -3.051143 2.588583,
3.000000 -3.051143 2.588583,
2.799213 -3.049608 2.591095,
3.000000 -3.049608 2.591095,
3.000000 -3.047949 2.593528,
2.799213 -3.047949 2.593528,
2.799213 -3.046171 2.595875,
3.000000 -3.046171 2.595875,
3.000000 -3.044278 2.598131,
2.799213 -3.044278 2.598131,
3.000000 -3.042276 2.600290,
2.799213 -3.042276 2.600290,
2.799213 -3.040168 2.602346,
3.000000 -3.040168 2.602346,
3.000000 -3.037960 2.604294,
2.799213 -3.037960 2.604294,
2.799213 -3.035658 2.606130,
3.000000 -3.035658 2.606130,
3.000000 -3.033267 2.607849,
2.799213 -3.033267 2.607849,
3.000000 -3.030793 2.609446,
2.799213 -3.030793 2.609446,
2.799213 -3.028243 2.610919,
3.000000 -3.028243 2.610919,
3.000000 -3.025623 2.612262,
2.799213 -3.025623 2.612262,
2.799213 -3.022939 2.613473,
3.000000 -3.022939 2.613473,
3.000000 -3.020198 2.614549,
2.799213 -3.020198 2.614549,
2.799213 -3.017407 2.615487,
3.000000 -3.017407 2.615487,
3.000000 -3.014572 2.616284,
2.799213 -3.014572 2.616284,
2.799213 -3.011702 2.616939,
3.000000 -3.011702 2.616939,
3.000000 -3.008802 2.617451,
2.799213 -3.008802 2.617451,
2.799213 -3.005880 2.617817,
3.000000 -3.005880 2.617817,
2.799213 -3.002944 2.618037,
3.000000 -3.002944 2.618037,
3.000000 -3.000000 2.618110,
2.799213 -3.000000 2.618110,
2.799213 -2.997056 2.618037,
3.000000 -2.997056 2.618037,
2.799213 -2.994120 2.617817,
3.000000 -2.994120 2.617817,
2.799213 -2.991198 2.617451,
3.000000 -2.991198 2.617451,
2.799213 -2.988298 2.616939,
3.000000 -2.988298 2.616939,
2.799213 -2.985428 2.616284,
3.000000 -2.985428 2.616284,
2.799213 -2.982593 2.615487,
3.000000 -2.982593 2.615487,
2.799213 -2.979802 2.614549,
3.000000 -2.979802 2.614549,
2.799213 -2.977061 2.613473,
3.000000 -2.977061 2.613473,
2.799213 -2.974377 2.612262,
3.000000 -2.974377 2.612262,
2.799213 -2.971757 2.610919,
3.000000 -2.971757 2.610919,
2.799213 -2.969207 2.609446,
3.000000 -2.969207 2.609446,
2.799213 -2.966733 2.607849,
3.000000 -2.966733 2.607849,
2.799213 -2.964342 2.606130,
3.000000 -2.964342 2.606130,
2.799213 -2.962040 2.604294,
3.000000 -2.962040 2.604294,
2.799213 -2.959832 2.602346,
3.000000 -2.959832 2.602346,
2.799213 -2.957724 2.600290,
3.000000 -2.957724 2.600290,
2.799213 -2.955722 2.598131,
3.000000 -2.955722 2.598131,
2.799213 -2.953829 2.595875,
3.000000 -2.953829 2.595875,
2.799213 -2.952051 2.593528,
3.000000 -2.952051 2.593528,
2.799213 -2.950392 2.591095,
3.000000 -2.950392 2.591095,
2.799213 -2.948857 2.588583,
3.000000 -2.948857 2.588583,
2.799213 -2.947449 2.585997,
3.000000 -2.947449 2.585997,
2.799213 -2.946171 2.583344,
3.000000 -2.946171 2.583344,
2.799213 -2.945027 2.580630,
3.000000 -2.945027 2.580630,
2.799213 -2.944020 2.577863,
3.000000 -2.944020 2.577863,
2.799213 -2.943152 2.575050,
3.000000 -2.943152 2.575050,
2.799213 -2.942426 2.572196,
3.000000 -2.942426 2.572196,
2.799213 -2.941842 2.569310,
3.000000 -2.941842 2.569310,
2.799213 -2.941403 2.566398,
3.000000 -2.941403 2.566398,
2.799213 -2.941110 2.563468,
3.000000 -2.941110 2.563468,
2.799213 -2.940963 2.560527,
3.000000 -2.940963 2.560527,
2.799213 -2.940963 2.557583,
3.000000 -2.940963 2.557583,
2.799213 -2.941110 2.554642,
3.000000 -2.941110 2.554642,
2.799213 -2.941403 2.551712,
3.000000 -2.941403 2.551712,
2.799213 -2.941842 2.548800,
3.000000 -2.941842 2.548800,
2.799213 -2.942426 2.545914,
3.000000 -2.942426 2.545914,
2.799213 -2.943152 2.543061,
3.000000 -2.943152 2.543061,
2.799213 -2.944020 2.540247,
3.000000 -2.944020 2.540247,
3.000000 -2.945027 2.537480,
2.799213 -2.945027 2.537480,
2.799213 -2.946171 2.534767,
3.000000 -2.946171 2.534767,
2.799213 -2.947449 2.532114,
3.000000 -2.947449 2.532114,
2.799213 -2.948857 2.529528,
3.000000 -2.948857 2.529528,
2.799213 -2.950392 2.527015,
3.000000 -2.950392 2.527015,
3.000000 -2.952051 2.524582,
2.799213 -2.952051 2.524582,
2.799213 -2.953829 2.522235,
3.000000 -2.953829 2.522235,
2.799213 -2.955722 2.519979,
3.000000 -2.955722 2.519979,
2.799213 -2.957724 2.517821,
3.000000 -2.957724 2.517821,
2.799213 -2.959832 2.515765,
3.000000 -2.959832 2.515765,
2.799213 -2.962040 2.513816,
3.000000 -2.962040 2.513816,
2.799213 -2.964342 2.511980,
3.000000 -2.964342 2.511980,
2.799213 -2.966733 2.510261,
3.000000 -2.966733 2.510261,
2.799213 -2.969207 2.508664,
3.000000 -2.969207 2.508664,
2.799213 -2.971757 2.507192,
3.000000 -2.971757 2.507192,
2.799213 -2.974377 2.505848,
3.000000 -2.974377 2.505848,
2.799213 -2.977061 2.504637,
3.000000 -2.977061 2.504637,
2.799213 -2.979802 2.503561,
3.000000 -2.979802 2.503561,
2.799213 -2.982593 2.502624,
3.000000 -2.982593 2.502624,
3.000000 -2.985428 2.501826,
2.799213 -2.985428 2.501826,
2.799213 -2.988298 2.501171,
3.000000 -2.988298 2.501171,
2.799213 -2.991198 2.500660,
3.000000 -2.991198 2.500660,
2.799213 -2.994120 2.500293,
3.000000 -2.994120 2.500293,
2.799213 -2.997056 2.500073,
3.000000 -2.997056 2.500073 ] } coordIndex [ 0 1 2 -1,
0 2 3 -1,
4 3 5 -1,
4 0 3 -1,
6 5 7 -1,
6 4 5 -1,
8 7 9 -1,
8 9 10 -1,
8 6 7 -1,
11 8 10 -1,
12 10 13 -1,
12 11 10 -1,
14 13 15 -1,
14 12 13 -1,
16 15 17 -1,
16 17 18 -1,
16 14 15 -1,
19 16 18 -1,
20 18 21 -1,
20 19 18 -1,
22 20 21 -1,
22 21 23 -1,
22 23 24 -1,
25 22 24 -1,
26 25 24 -1,
26 24 27 -1,
28 26 27 -1,
28 27 29 -1,
28 29 30 -1,
31 28 30 -1,
32 31 30 -1,
32 30 33 -1,
34 32 33 -1,
34 33 35 -1,
36 34 35 -1,
36 35 37 -1,
38 36 37 -1,
38 37 39 -1,
40 38 39 -1,
40 39 41 -1,
42 40 41 -1,
42 41 43 -1,
44 42 43 -1,
44 43 45 -1,
46 45 47 -1,
46 44 45 -1,
48 47 49 -1,
48 46 47 -1,
50 49 51 -1,
50 51 52 -1,
50 48 49 -1,
53 50 52 -1,
54 52 55 -1,
54 53 52 -1,
56 55 57 -1,
56 57 58 -1,
56 54 55 -1,
59 56 58 -1,
60 58 61 -1,
60 59 58 -1,
62 61 63 -1,
62 60 61 -1,
64 63 65 -1,
64 65 66 -1,
64 62 63 -1,
67 64 66 -1,
68 66 69 -1,
68 69 70 -1,
68 67 66 -1,
71 68 70 -1,
72 71 70 -1,
72 70 73 -1,
74 72 73 -1,
74 73 75 -1,
74 75 76 -1,
77 74 76 -1,
78 77 76 -1,
78 76 79 -1,
78 79 80 -1,
81 78 80 -1,
82 81 80 -1,
82 80 83 -1,
84 82 83 -1,
84 83 85 -1,
86 84 85 -1,
86 85 87 -1,
86 87 88 -1,
89 86 88 -1,
90 89 88 -1,
90 88 91 -1,
90 91 92 -1,
93 90 92 -1,
93 92 94 -1,
95 93 94 -1,
96 95 94 -1,
96 94 97 -1,
96 97 98 -1,
99 96 98 -1,
100 99 98 -1,
100 98 101 -1,
100 101 102 -1,
103 100 102 -1,
103 102 104 -1,
105 103 104 -1,
106 105 104 -1,
106 104 107 -1,
106 107 108 -1,
109 106 108 -1,
110 109 108 -1,
110 108 111 -1,
110 111 112 -1,
113 110 112 -1,
114 113 112 -1,
114 112 115 -1,
114 115 116 -1,
117 114 116 -1,
118 116 119 -1,
118 119 120 -1,
118 117 116 -1,
121 118 120 -1,
122 120 123 -1,
122 121 120 -1,
124 122 123 -1,
124 123 125 -1,
124 125 126 -1,
127 124 126 -1,
128 127 126 -1,
128 126 129 -1,
130 128 129 -1,
130 129 131 -1,
132 130 131 -1,
132 131 133 -1,
134 132 133 -1,
134 133 135 -1,
136 134 135 -1,
136 135 137 -1,
138 136 137 -1,
138 137 139 -1,
140 138 139 -1,
140 139 141 -1,
142 140 141 -1,
142 141 143 -1,
144 142 143 -1,
144 143 145 -1,
146 144 145 -1,
146 145 147 -1,
148 146 147 -1,
148 147 149 -1,
150 149 151 -1,
150 148 149 -1,
152 151 153 -1,
152 150 151 -1,
154 153 155 -1,
154 152 153 -1,
156 155 157 -1,
156 154 155 -1,
158 157 159 -1,
158 156 157 -1,
160 159 161 -1,
160 158 159 -1,
162 161 163 -1,
162 160 161 -1,
164 163 165 -1,
164 162 163 -1,
166 165 167 -1,
166 164 165 -1,
168 167 169 -1,
168 166 167 -1,
170 169 171 -1,
170 168 169 -1,
172 171 173 -1,
172 170 171 -1,
174 173 175 -1,
174 172 173 -1,
176 174 175 -1,
176 175 177 -1,
178 176 177 -1,
178 177 179 -1,
180 178 179 -1,
180 179 181 -1,
182 180 181 -1,
182 181 183 -1,
184 183 185 -1,
184 182 183 -1,
186 185 187 -1,
186 184 185 -1,
188 187 189 -1,
188 186 187 -1,
190 189 191 -1,
190 188 189 -1,
192 191 193 -1,
192 190 191 -1,
194 193 195 -1,
194 192 193 -1,
196 195 197 -1,
196 194 195 -1,
198 197 199 -1,
198 196 197 -1,
200 199 201 -1,
200 198 199 -1,
202 201 203 -1,
202 203 204 -1,
202 200 201 -1,
205 202 204 -1,
206 204 207 -1,
206 205 204 -1,
208 207 209 -1,
208 206 207 -1,
210 209 211 -1,
210 208 209 -1,
212 211 213 -1,
212 213 214 -1,
212 210 211 -1,
215 212 214 -1,
216 214 217 -1,
216 215 214 -1,
218 217 219 -1,
218 216 217 -1,
220 219 221 -1,
220 218 219 -1,
222 221 223 -1,
222 220 221 -1,
224 222 223 -1,
224 223 225 -1,
226 224 225 -1,
226 225 227 -1,
228 226 227 -1,
228 227 229 -1,
230 228 229 -1,
230 229 231 -1,
232 230 231 -1,
232 231 233 -1,
234 232 233 -1,
234 233 235 -1,
236 234 235 -1,
236 235 237 -1,
238 236 237 -1,
238 237 239 -1,
240 238 239 -1,
240 239 241 -1,
240 241 242 -1,
243 240 242 -1,
244 243 242 -1,
244 242 245 -1,
246 244 245 -1,
246 245 247 -1,
248 246 247 -1,
248 247 249 -1,
250 249 251 -1,
250 248 249 -1,
250 251 2 -1,
1 250 2 -1,
206 202 205 -1,
106 109 110 -1,
210 206 208 -1,
212 206 210 -1,
100 103 105 -1,
216 212 215 -1,
222 218 220 -1,
226 222 224 -1,
228 222 226 -1,
232 228 230 -1,
82 84 86 -1,
236 232 234 -1,
240 236 238 -1,
243 236 240 -1,
244 236 243 -1,
11 6 8 -1,
14 11 12 -1,
20 16 19 -1,
40 42 44 -1,
40 44 46 -1,
40 46 48 -1,
26 20 22 -1,
26 22 25 -1,
34 36 38 -1,
32 200 202 -1,
32 1 0 -1,
32 0 4 -1,
32 4 6 -1,
32 236 244 -1,
32 202 206 -1,
32 14 16 -1,
32 216 218 -1,
32 26 28 -1,
32 212 216 -1,
32 28 31 -1,
32 11 14 -1,
32 206 212 -1,
32 38 40 -1,
32 244 246 -1,
32 246 248 -1,
32 248 250 -1,
32 34 38 -1,
32 250 1 -1,
32 48 50 -1,
32 50 53 -1,
32 53 54 -1,
32 54 56 -1,
32 56 59 -1,
32 59 60 -1,
32 60 62 -1,
32 40 48 -1,
32 62 64 -1,
32 64 67 -1,
32 67 68 -1,
32 228 232 -1,
32 68 71 -1,
32 71 72 -1,
32 72 74 -1,
32 74 77 -1,
32 100 105 -1,
32 77 78 -1,
32 78 81 -1,
32 81 82 -1,
32 86 89 -1,
32 89 90 -1,
32 90 93 -1,
32 93 95 -1,
32 95 96 -1,
32 96 99 -1,
32 99 100 -1,
32 105 106 -1,
32 16 20 -1,
32 218 222 -1,
32 110 113 -1,
32 113 114 -1,
32 114 117 -1,
32 117 118 -1,
32 118 121 -1,
32 121 122 -1,
32 222 228 -1,
32 122 124 -1,
32 124 127 -1,
32 127 128 -1,
32 128 130 -1,
32 130 132 -1,
32 132 134 -1,
32 106 110 -1,
32 134 136 -1,
32 136 138 -1,
32 138 140 -1,
32 82 86 -1,
32 140 142 -1,
32 142 144 -1,
32 144 146 -1,
32 146 148 -1,
32 148 150 -1,
32 150 152 -1,
32 232 236 -1,
32 152 154 -1,
32 154 156 -1,
32 156 158 -1,
32 158 160 -1,
32 160 162 -1,
32 162 164 -1,
32 164 166 -1,
32 166 168 -1,
32 168 170 -1,
32 170 172 -1,
32 172 174 -1,
32 174 176 -1,
32 176 178 -1,
32 178 180 -1,
32 180 182 -1,
32 182 184 -1,
32 184 186 -1,
32 186 188 -1,
32 188 190 -1,
32 190 192 -1,
32 192 194 -1,
32 6 11 -1,
32 194 196 -1,
32 20 26 -1,
32 196 198 -1,
32 198 200 -1,
203 207 204 -1,
108 107 111 -1,
207 211 209 -1,
207 213 211 -1,
102 101 104 -1,
213 217 214 -1,
219 223 221 -1,
223 227 225 -1,
223 229 227 -1,
229 233 231 -1,
85 83 87 -1,
233 237 235 -1,
237 241 239 -1,
237 242 241 -1,
237 245 242 -1,
7 10 9 -1,
10 15 13 -1,
17 21 18 -1,
43 41 45 -1,
45 41 47 -1,
47 41 49 -1,
21 27 23 -1,
23 27 24 -1,
37 35 39 -1,
201 33 203 -1,
2 33 3 -1,
3 33 5 -1,
5 33 7 -1,
237 33 245 -1,
203 33 207 -1,
15 33 17 -1,
217 33 219 -1,
27 33 29 -1,
213 33 217 -1,
29 33 30 -1,
10 33 15 -1,
207 33 213 -1,
39 33 41 -1,
245 33 247 -1,
247 33 249 -1,
249 33 251 -1,
35 33 39 -1,
251 33 2 -1,
49 33 51 -1,
51 33 52 -1,
52 33 55 -1,
55 33 57 -1,
57 33 58 -1,
58 33 61 -1,
61 33 63 -1,
41 33 49 -1,
63 33 65 -1,
65 33 66 -1,
66 33 69 -1,
229 33 233 -1,
69 33 70 -1,
70 33 73 -1,
73 33 75 -1,
75 33 76 -1,
101 33 104 -1,
76 33 79 -1,
79 33 80 -1,
80 33 83 -1,
87 33 88 -1,
88 33 91 -1,
91 33 92 -1,
92 33 94 -1,
94 33 97 -1,
97 33 98 -1,
98 33 101 -1,
104 33 107 -1,
17 33 21 -1,
219 33 223 -1,
111 33 112 -1,
112 33 115 -1,
115 33 116 -1,
116 33 119 -1,
119 33 120 -1,
120 33 123 -1,
223 33 229 -1,
123 33 125 -1,
125 33 126 -1,
126 33 129 -1,
129 33 131 -1,
131 33 133 -1,
133 33 135 -1,
107 33 111 -1,
135 33 137 -1,
137 33 139 -1,
139 33 141 -1,
83 33 87 -1,
141 33 143 -1,
143 33 145 -1,
145 33 147 -1,
147 33 149 -1,
149 33 151 -1,
151 33 153 -1,
233 33 237 -1,
153 33 155 -1,
155 33 157 -1,
157 33 159 -1,
159 33 161 -1,
161 33 163 -1,
163 33 165 -1,
165 33 167 -1,
167 33 169 -1,
169 33 171 -1,
171 33 173 -1,
173 33 175 -1,
175 33 177 -1,
177 33 179 -1,
179 33 181 -1,
181 33 183 -1,
183 33 185 -1,
185 33 187 -1,
187 33 189 -1,
189 33 191 -1,
191 33 193 -1,
193 33 195 -1,
7 33 10 -1,
195 33 197 -1,
21 33 27 -1,
197 33 199 -1,
199 33 201 -1 ] } }
