#VRML V2.0 utf8
# Project-owned nominal model; units 0.1 inch for KiCad.
Shape { appearance Appearance { material Material { diffuseColor 0.055 0.06 0.065 } } geometry IndexedFaceSet { solid FALSE coord Coordinate { point [ -3.500000 -4.600394 0.000000,
-3.500000 -4.600394 3.346457,
-3.500000 4.600394 0.000000,
-3.500000 4.600394 3.346457,
-2.500000 -4.600394 0.000000,
-2.500000 -4.600394 3.346457,
-3.157480 -4.157480 3.346457,
-2.842520 -4.157480 3.346457,
-3.157480 -3.842520 3.346457,
-2.842520 -3.842520 3.346457,
-3.157480 -3.157480 3.346457,
-2.842520 -3.157480 3.346457,
-3.157480 -2.842520 3.346457,
-2.842520 -2.842520 3.346457,
-2.842520 -2.157480 3.346457,
-3.157480 -2.157480 3.346457,
-2.842520 -1.157480 3.346457,
-3.157480 -1.842520 3.346457,
-2.842520 -1.842520 3.346457,
-3.157480 -1.157480 3.346457,
-2.842520 -0.157480 3.346457,
-3.157480 -0.842520 3.346457,
-2.842520 -0.842520 3.346457,
-3.157480 -0.157480 3.346457,
-2.842520 0.842520 3.346457,
-3.157480 0.157480 3.346457,
-2.842520 0.157480 3.346457,
-3.157480 0.842520 3.346457,
-2.842520 1.842520 3.346457,
-3.157480 1.157480 3.346457,
-2.842520 1.157480 3.346457,
-3.157480 1.842520 3.346457,
-2.842520 2.842520 3.346457,
-3.157480 2.842520 3.346457,
-3.157480 2.157480 3.346457,
-2.842520 2.157480 3.346457,
-2.842520 3.842520 3.346457,
-3.157480 3.842520 3.346457,
-3.157480 3.157480 3.346457,
-2.842520 3.157480 3.346457,
-3.157480 4.157480 3.346457,
-2.500000 4.600394 3.346457,
-2.842520 4.157480 3.346457,
-2.500000 4.600394 0.000000,
-2.842520 -4.157480 2.952756,
-3.157480 -4.157480 2.952756,
-2.842520 -3.842520 2.952756,
-3.157480 -3.842520 2.952756,
-2.842520 -3.157480 2.952756,
-3.157480 -3.157480 2.952756,
-2.842520 -2.842520 2.952756,
-3.157480 -2.842520 2.952756,
-2.842520 -2.157480 2.952756,
-3.157480 -2.157480 2.952756,
-2.842520 -1.842520 2.952756,
-3.157480 -1.842520 2.952756,
-2.842520 -1.157480 2.952756,
-3.157480 -1.157480 2.952756,
-2.842520 -0.842520 2.952756,
-3.157480 -0.842520 2.952756,
-2.842520 -0.157480 2.952756,
-3.157480 -0.157480 2.952756,
-2.842520 0.157480 2.952756,
-3.157480 0.157480 2.952756,
-2.842520 0.842520 2.952756,
-3.157480 0.842520 2.952756,
-2.842520 1.157480 2.952756,
-3.157480 1.157480 2.952756,
-2.842520 1.842520 2.952756,
-3.157480 1.842520 2.952756,
-2.842520 2.157480 2.952756,
-3.157480 2.157480 2.952756,
-2.842520 2.842520 2.952756,
-3.157480 2.842520 2.952756,
-2.842520 3.157480 2.952756,
-3.157480 3.157480 2.952756,
-2.842520 3.842520 2.952756,
-3.157480 3.842520 2.952756,
-2.842520 4.157480 2.952756,
-3.157480 4.157480 2.952756 ] } coordIndex [ 0 1 2 -1,
2 1 3 -1,
4 5 0 -1,
0 5 1 -1,
5 6 1 -1,
7 6 5 -1,
8 1 6 -1,
9 7 5 -1,
10 1 8 -1,
11 8 9 -1,
11 10 8 -1,
11 9 5 -1,
12 1 10 -1,
13 11 5 -1,
14 12 13 -1,
14 15 12 -1,
16 17 18 -1,
16 19 17 -1,
20 21 22 -1,
20 23 21 -1,
24 25 26 -1,
24 27 25 -1,
28 29 30 -1,
28 31 29 -1,
32 33 34 -1,
32 34 35 -1,
36 37 38 -1,
36 38 39 -1,
3 34 33 -1,
3 38 37 -1,
3 33 38 -1,
3 37 40 -1,
41 32 35 -1,
41 36 39 -1,
41 3 40 -1,
41 39 32 -1,
41 40 42 -1,
41 42 36 -1,
3 1 12 -1,
3 12 15 -1,
3 15 17 -1,
3 17 19 -1,
3 19 21 -1,
3 21 23 -1,
3 23 25 -1,
3 25 27 -1,
3 27 29 -1,
3 29 31 -1,
3 31 34 -1,
5 41 35 -1,
5 35 28 -1,
5 28 30 -1,
5 30 24 -1,
5 24 26 -1,
5 26 20 -1,
5 20 22 -1,
5 22 16 -1,
5 16 18 -1,
5 18 14 -1,
5 14 13 -1,
41 43 2 -1,
41 2 3 -1,
2 43 0 -1,
0 43 4 -1,
5 4 43 -1,
5 43 41 -1,
7 44 45 -1,
7 45 6 -1,
44 7 46 -1,
46 7 9 -1,
46 9 47 -1,
47 9 8 -1,
6 45 47 -1,
6 47 8 -1,
11 48 49 -1,
11 49 10 -1,
48 11 50 -1,
50 11 13 -1,
10 49 51 -1,
10 51 12 -1,
50 13 51 -1,
51 13 12 -1,
14 52 53 -1,
14 53 15 -1,
52 14 54 -1,
54 14 18 -1,
15 53 55 -1,
15 55 17 -1,
54 18 55 -1,
55 18 17 -1,
16 56 57 -1,
16 57 19 -1,
56 16 58 -1,
58 16 22 -1,
19 57 59 -1,
19 59 21 -1,
58 22 59 -1,
59 22 21 -1,
20 60 61 -1,
20 61 23 -1,
60 20 62 -1,
62 20 26 -1,
23 61 63 -1,
23 63 25 -1,
62 26 63 -1,
63 26 25 -1,
24 64 65 -1,
24 65 27 -1,
64 24 66 -1,
66 24 30 -1,
27 65 67 -1,
27 67 29 -1,
66 30 67 -1,
67 30 29 -1,
28 68 69 -1,
28 69 31 -1,
68 28 70 -1,
70 28 35 -1,
31 69 71 -1,
31 71 34 -1,
70 35 71 -1,
71 35 34 -1,
32 72 73 -1,
32 73 33 -1,
72 32 74 -1,
74 32 39 -1,
33 73 75 -1,
33 75 38 -1,
74 39 75 -1,
75 39 38 -1,
36 76 77 -1,
36 77 37 -1,
76 36 78 -1,
78 36 42 -1,
37 77 79 -1,
37 79 40 -1,
78 42 79 -1,
79 42 40 -1,
46 47 45 -1,
46 45 44 -1,
50 51 49 -1,
50 49 48 -1,
54 55 53 -1,
54 53 52 -1,
58 59 57 -1,
58 57 56 -1,
62 63 61 -1,
62 61 60 -1,
66 67 65 -1,
66 65 64 -1,
70 71 69 -1,
70 69 68 -1,
74 75 73 -1,
74 73 72 -1,
78 79 77 -1,
78 77 76 -1 ] } }
Shape { appearance Appearance { material Material { diffuseColor 0.7 0.72 0.74 } } geometry IndexedFaceSet { solid FALSE coord Coordinate { point [ -3.125984 3.874016 -0.984252,
-3.125984 3.874016 0.000000,
-3.125984 4.125984 -0.984252,
-3.125984 4.125984 0.000000,
-2.874016 3.874016 0.000000,
-2.874016 3.874016 -0.984252,
-2.874016 4.125984 -0.984252,
-2.874016 4.125984 0.000000 ] } coordIndex [ 0 1 2 -1,
2 1 3 -1,
4 5 6 -1,
4 6 7 -1,
5 4 0 -1,
0 4 1 -1,
7 6 2 -1,
7 2 3 -1,
2 6 0 -1,
0 6 5 -1,
7 3 1 -1,
7 1 4 -1 ] } }
Shape { appearance Appearance { material Material { diffuseColor 0.7 0.72 0.74 } } geometry IndexedFaceSet { solid FALSE coord Coordinate { point [ -3.125984 2.874016 -0.984252,
-3.125984 2.874016 0.000000,
-3.125984 3.125984 -0.984252,
-3.125984 3.125984 0.000000,
-2.874016 2.874016 0.000000,
-2.874016 2.874016 -0.984252,
-2.874016 3.125984 -0.984252,
-2.874016 3.125984 0.000000 ] } coordIndex [ 0 1 2 -1,
2 1 3 -1,
4 5 6 -1,
4 6 7 -1,
5 4 0 -1,
0 4 1 -1,
7 6 2 -1,
7 2 3 -1,
2 6 0 -1,
0 6 5 -1,
7 3 1 -1,
7 1 4 -1 ] } }
Shape { appearance Appearance { material Material { diffuseColor 0.7 0.72 0.74 } } geometry IndexedFaceSet { solid FALSE coord Coordinate { point [ -3.125984 1.874016 -0.984252,
-3.125984 1.874016 0.000000,
-3.125984 2.125984 -0.984252,
-3.125984 2.125984 0.000000,
-2.874016 1.874016 0.000000,
-2.874016 1.874016 -0.984252,
-2.874016 2.125984 -0.984252,
-2.874016 2.125984 0.000000 ] } coordIndex [ 0 1 2 -1,
2 1 3 -1,
4 5 6 -1,
4 6 7 -1,
5 4 0 -1,
0 4 1 -1,
7 6 2 -1,
7 2 3 -1,
2 6 0 -1,
0 6 5 -1,
7 3 1 -1,
7 1 4 -1 ] } }
Shape { appearance Appearance { material Material { diffuseColor 0.7 0.72 0.74 } } geometry IndexedFaceSet { solid FALSE coord Coordinate { point [ -3.125984 0.874016 -0.984252,
-3.125984 0.874016 0.000000,
-3.125984 1.125984 -0.984252,
-3.125984 1.125984 0.000000,
-2.874016 0.874016 0.000000,
-2.874016 0.874016 -0.984252,
-2.874016 1.125984 -0.984252,
-2.874016 1.125984 0.000000 ] } coordIndex [ 0 1 2 -1,
2 1 3 -1,
4 5 6 -1,
4 6 7 -1,
5 4 0 -1,
0 4 1 -1,
7 6 2 -1,
7 2 3 -1,
2 6 0 -1,
0 6 5 -1,
7 3 1 -1,
7 1 4 -1 ] } }
Shape { appearance Appearance { material Material { diffuseColor 0.7 0.72 0.74 } } geometry IndexedFaceSet { solid FALSE coord Coordinate { point [ -3.125984 -0.125984 -0.984252,
-3.125984 -0.125984 0.000000,
-3.125984 0.125984 -0.984252,
-3.125984 0.125984 0.000000,
-2.874016 -0.125984 0.000000,
-2.874016 -0.125984 -0.984252,
-2.874016 0.125984 -0.984252,
-2.874016 0.125984 0.000000 ] } coordIndex [ 0 1 2 -1,
2 1 3 -1,
4 5 6 -1,
4 6 7 -1,
5 4 0 -1,
0 4 1 -1,
7 6 2 -1,
7 2 3 -1,
2 6 0 -1,
0 6 5 -1,
7 3 1 -1,
7 1 4 -1 ] } }
Shape { appearance Appearance { material Material { diffuseColor 0.7 0.72 0.74 } } geometry IndexedFaceSet { solid FALSE coord Coordinate { point [ -3.125984 -1.125984 -0.984252,
-3.125984 -1.125984 0.000000,
-3.125984 -0.874016 -0.984252,
-3.125984 -0.874016 0.000000,
-2.874016 -1.125984 0.000000,
-2.874016 -1.125984 -0.984252,
-2.874016 -0.874016 -0.984252,
-2.874016 -0.874016 0.000000 ] } coordIndex [ 0 1 2 -1,
2 1 3 -1,
4 5 6 -1,
4 6 7 -1,
5 4 0 -1,
0 4 1 -1,
7 6 2 -1,
7 2 3 -1,
2 6 0 -1,
0 6 5 -1,
7 3 1 -1,
7 1 4 -1 ] } }
Shape { appearance Appearance { material Material { diffuseColor 0.7 0.72 0.74 } } geometry IndexedFaceSet { solid FALSE coord Coordinate { point [ -3.125984 -2.125984 -0.984252,
-3.125984 -2.125984 0.000000,
-3.125984 -1.874016 -0.984252,
-3.125984 -1.874016 0.000000,
-2.874016 -2.125984 0.000000,
-2.874016 -2.125984 -0.984252,
-2.874016 -1.874016 -0.984252,
-2.874016 -1.874016 0.000000 ] } coordIndex [ 0 1 2 -1,
2 1 3 -1,
4 5 6 -1,
4 6 7 -1,
5 4 0 -1,
0 4 1 -1,
7 6 2 -1,
7 2 3 -1,
2 6 0 -1,
0 6 5 -1,
7 3 1 -1,
7 1 4 -1 ] } }
Shape { appearance Appearance { material Material { diffuseColor 0.7 0.72 0.74 } } geometry IndexedFaceSet { solid FALSE coord Coordinate { point [ -3.125984 -3.125984 -0.984252,
-3.125984 -3.125984 0.000000,
-3.125984 -2.874016 -0.984252,
-3.125984 -2.874016 0.000000,
-2.874016 -3.125984 0.000000,
-2.874016 -3.125984 -0.984252,
-2.874016 -2.874016 -0.984252,
-2.874016 -2.874016 0.000000 ] } coordIndex [ 0 1 2 -1,
2 1 3 -1,
4 5 6 -1,
4 6 7 -1,
5 4 0 -1,
0 4 1 -1,
7 6 2 -1,
7 2 3 -1,
2 6 0 -1,
0 6 5 -1,
7 3 1 -1,
7 1 4 -1 ] } }
Shape { appearance Appearance { material Material { diffuseColor 0.7 0.72 0.74 } } geometry IndexedFaceSet { solid FALSE coord Coordinate { point [ -3.125984 -4.125984 -0.984252,
-3.125984 -4.125984 0.000000,
-3.125984 -3.874016 -0.984252,
-3.125984 -3.874016 0.000000,
-2.874016 -4.125984 0.000000,
-2.874016 -4.125984 -0.984252,
-2.874016 -3.874016 -0.984252,
-2.874016 -3.874016 0.000000 ] } coordIndex [ 0 1 2 -1,
2 1 3 -1,
4 5 6 -1,
4 6 7 -1,
5 4 0 -1,
0 4 1 -1,
7 6 2 -1,
7 2 3 -1,
2 6 0 -1,
0 6 5 -1,
7 3 1 -1,
7 1 4 -1 ] } }
Shape { appearance Appearance { material Material { diffuseColor 0.055 0.06 0.065 } } geometry IndexedFaceSet { solid FALSE coord Coordinate { point [ 2.500000 -4.600394 0.000000,
2.500000 -4.600394 3.346457,
2.500000 4.600394 0.000000,
2.500000 4.600394 3.346457,
3.500000 -4.600394 0.000000,
3.500000 -4.600394 3.346457,
3.157480 -4.157480 3.346457,
2.842520 -4.157480 3.346457,
2.842520 -3.842520 3.346457,
3.157480 -3.842520 3.346457,
2.842520 -3.157480 3.346457,
3.157480 -3.157480 3.346457,
2.842520 -2.842520 3.346457,
3.157480 -2.842520 3.346457,
3.157480 -2.157480 3.346457,
2.842520 -2.157480 3.346457,
3.157480 -1.157480 3.346457,
2.842520 -1.842520 3.346457,
3.157480 -1.842520 3.346457,
2.842520 -1.157480 3.346457,
3.157480 -0.157480 3.346457,
2.842520 -0.842520 3.346457,
3.157480 -0.842520 3.346457,
2.842520 -0.157480 3.346457,
3.157480 0.842520 3.346457,
2.842520 0.157480 3.346457,
3.157480 0.157480 3.346457,
2.842520 0.842520 3.346457,
3.157480 1.842520 3.346457,
2.842520 1.157480 3.346457,
3.157480 1.157480 3.346457,
2.842520 1.842520 3.346457,
3.157480 2.842520 3.346457,
2.842520 2.842520 3.346457,
2.842520 2.157480 3.346457,
3.157480 2.157480 3.346457,
3.157480 3.842520 3.346457,
2.842520 3.842520 3.346457,
2.842520 3.157480 3.346457,
3.157480 3.157480 3.346457,
2.842520 4.157480 3.346457,
3.500000 4.600394 3.346457,
3.157480 4.157480 3.346457,
3.500000 4.600394 0.000000,
3.157480 -4.157480 2.952756,
2.842520 -4.157480 2.952756,
3.157480 -3.842520 2.952756,
2.842520 -3.842520 2.952756,
3.157480 -3.157480 2.952756,
2.842520 -3.157480 2.952756,
3.157480 -2.842520 2.952756,
2.842520 -2.842520 2.952756,
3.157480 -2.157480 2.952756,
2.842520 -2.157480 2.952756,
3.157480 -1.842520 2.952756,
2.842520 -1.842520 2.952756,
3.157480 -1.157480 2.952756,
2.842520 -1.157480 2.952756,
3.157480 -0.842520 2.952756,
2.842520 -0.842520 2.952756,
3.157480 -0.157480 2.952756,
2.842520 -0.157480 2.952756,
3.157480 0.157480 2.952756,
2.842520 0.157480 2.952756,
3.157480 0.842520 2.952756,
2.842520 0.842520 2.952756,
3.157480 1.157480 2.952756,
2.842520 1.157480 2.952756,
3.157480 1.842520 2.952756,
2.842520 1.842520 2.952756,
3.157480 2.157480 2.952756,
2.842520 2.157480 2.952756,
3.157480 2.842520 2.952756,
2.842520 2.842520 2.952756,
3.157480 3.157480 2.952756,
2.842520 3.157480 2.952756,
3.157480 3.842520 2.952756,
2.842520 3.842520 2.952756,
3.157480 4.157480 2.952756,
2.842520 4.157480 2.952756 ] } coordIndex [ 0 1 2 -1,
2 1 3 -1,
4 5 0 -1,
0 5 1 -1,
6 1 5 -1,
6 7 1 -1,
8 1 7 -1,
9 6 5 -1,
10 8 9 -1,
10 1 8 -1,
11 10 9 -1,
11 9 5 -1,
12 1 10 -1,
13 11 5 -1,
14 12 13 -1,
14 15 12 -1,
16 17 18 -1,
16 19 17 -1,
20 21 22 -1,
20 23 21 -1,
24 25 26 -1,
24 27 25 -1,
28 29 30 -1,
28 31 29 -1,
32 33 34 -1,
32 34 35 -1,
36 37 38 -1,
36 38 39 -1,
3 34 33 -1,
3 38 37 -1,
3 33 38 -1,
3 37 40 -1,
41 32 35 -1,
41 36 39 -1,
41 3 40 -1,
41 39 32 -1,
41 40 42 -1,
41 42 36 -1,
3 1 12 -1,
3 12 15 -1,
3 15 17 -1,
3 17 19 -1,
3 19 21 -1,
3 21 23 -1,
3 23 25 -1,
3 25 27 -1,
3 27 29 -1,
3 29 31 -1,
3 31 34 -1,
5 41 35 -1,
5 35 28 -1,
5 28 30 -1,
5 30 24 -1,
5 24 26 -1,
5 26 20 -1,
5 20 22 -1,
5 22 16 -1,
5 16 18 -1,
5 18 14 -1,
5 14 13 -1,
41 43 2 -1,
41 2 3 -1,
2 43 0 -1,
0 43 4 -1,
5 4 43 -1,
5 43 41 -1,
6 44 45 -1,
6 45 7 -1,
44 6 46 -1,
46 6 9 -1,
46 9 47 -1,
47 9 8 -1,
7 45 47 -1,
7 47 8 -1,
11 48 49 -1,
11 49 10 -1,
48 11 50 -1,
50 11 13 -1,
10 49 51 -1,
10 51 12 -1,
50 13 51 -1,
51 13 12 -1,
14 52 53 -1,
14 53 15 -1,
52 14 54 -1,
54 14 18 -1,
15 53 55 -1,
15 55 17 -1,
54 18 55 -1,
55 18 17 -1,
16 56 57 -1,
16 57 19 -1,
56 16 58 -1,
58 16 22 -1,
19 57 59 -1,
19 59 21 -1,
58 22 59 -1,
59 22 21 -1,
20 60 61 -1,
20 61 23 -1,
60 20 62 -1,
62 20 26 -1,
23 61 63 -1,
23 63 25 -1,
62 26 63 -1,
63 26 25 -1,
24 64 65 -1,
24 65 27 -1,
64 24 66 -1,
66 24 30 -1,
27 65 67 -1,
27 67 29 -1,
66 30 67 -1,
67 30 29 -1,
28 68 69 -1,
28 69 31 -1,
68 28 70 -1,
70 28 35 -1,
31 69 71 -1,
31 71 34 -1,
70 35 71 -1,
71 35 34 -1,
32 72 73 -1,
32 73 33 -1,
72 32 74 -1,
74 32 39 -1,
33 73 75 -1,
33 75 38 -1,
74 39 75 -1,
75 39 38 -1,
36 76 77 -1,
36 77 37 -1,
76 36 78 -1,
78 36 42 -1,
37 77 79 -1,
37 79 40 -1,
78 42 79 -1,
79 42 40 -1,
46 47 45 -1,
46 45 44 -1,
50 51 49 -1,
50 49 48 -1,
54 55 53 -1,
54 53 52 -1,
58 59 57 -1,
58 57 56 -1,
62 63 61 -1,
62 61 60 -1,
66 67 65 -1,
66 65 64 -1,
70 71 69 -1,
70 69 68 -1,
74 75 73 -1,
74 73 72 -1,
78 79 77 -1,
78 77 76 -1 ] } }
Shape { appearance Appearance { material Material { diffuseColor 0.7 0.72 0.74 } } geometry IndexedFaceSet { solid FALSE coord Coordinate { point [ 2.874016 3.874016 -0.984252,
2.874016 3.874016 0.000000,
2.874016 4.125984 -0.984252,
2.874016 4.125984 0.000000,
3.125984 3.874016 0.000000,
3.125984 3.874016 -0.984252,
3.125984 4.125984 -0.984252,
3.125984 4.125984 0.000000 ] } coordIndex [ 0 1 2 -1,
2 1 3 -1,
4 5 6 -1,
4 6 7 -1,
5 4 0 -1,
0 4 1 -1,
7 6 2 -1,
7 2 3 -1,
2 6 0 -1,
0 6 5 -1,
7 3 1 -1,
7 1 4 -1 ] } }
Shape { appearance Appearance { material Material { diffuseColor 0.7 0.72 0.74 } } geometry IndexedFaceSet { solid FALSE coord Coordinate { point [ 2.874016 2.874016 -0.984252,
2.874016 2.874016 0.000000,
2.874016 3.125984 -0.984252,
2.874016 3.125984 0.000000,
3.125984 2.874016 0.000000,
3.125984 2.874016 -0.984252,
3.125984 3.125984 -0.984252,
3.125984 3.125984 0.000000 ] } coordIndex [ 0 1 2 -1,
2 1 3 -1,
4 5 6 -1,
4 6 7 -1,
5 4 0 -1,
0 4 1 -1,
7 6 2 -1,
7 2 3 -1,
2 6 0 -1,
0 6 5 -1,
7 3 1 -1,
7 1 4 -1 ] } }
Shape { appearance Appearance { material Material { diffuseColor 0.7 0.72 0.74 } } geometry IndexedFaceSet { solid FALSE coord Coordinate { point [ 2.874016 1.874016 -0.984252,
2.874016 1.874016 0.000000,
2.874016 2.125984 -0.984252,
2.874016 2.125984 0.000000,
3.125984 1.874016 0.000000,
3.125984 1.874016 -0.984252,
3.125984 2.125984 -0.984252,
3.125984 2.125984 0.000000 ] } coordIndex [ 0 1 2 -1,
2 1 3 -1,
4 5 6 -1,
4 6 7 -1,
5 4 0 -1,
0 4 1 -1,
7 6 2 -1,
7 2 3 -1,
2 6 0 -1,
0 6 5 -1,
7 3 1 -1,
7 1 4 -1 ] } }
Shape { appearance Appearance { material Material { diffuseColor 0.7 0.72 0.74 } } geometry IndexedFaceSet { solid FALSE coord Coordinate { point [ 2.874016 0.874016 -0.984252,
2.874016 0.874016 0.000000,
2.874016 1.125984 -0.984252,
2.874016 1.125984 0.000000,
3.125984 0.874016 0.000000,
3.125984 0.874016 -0.984252,
3.125984 1.125984 -0.984252,
3.125984 1.125984 0.000000 ] } coordIndex [ 0 1 2 -1,
2 1 3 -1,
4 5 6 -1,
4 6 7 -1,
5 4 0 -1,
0 4 1 -1,
7 6 2 -1,
7 2 3 -1,
2 6 0 -1,
0 6 5 -1,
7 3 1 -1,
7 1 4 -1 ] } }
Shape { appearance Appearance { material Material { diffuseColor 0.7 0.72 0.74 } } geometry IndexedFaceSet { solid FALSE coord Coordinate { point [ 2.874016 -0.125984 -0.984252,
2.874016 -0.125984 0.000000,
2.874016 0.125984 -0.984252,
2.874016 0.125984 0.000000,
3.125984 -0.125984 0.000000,
3.125984 -0.125984 -0.984252,
3.125984 0.125984 -0.984252,
3.125984 0.125984 0.000000 ] } coordIndex [ 0 1 2 -1,
2 1 3 -1,
4 5 6 -1,
4 6 7 -1,
5 4 0 -1,
0 4 1 -1,
7 6 2 -1,
7 2 3 -1,
2 6 0 -1,
0 6 5 -1,
7 3 1 -1,
7 1 4 -1 ] } }
Shape { appearance Appearance { material Material { diffuseColor 0.7 0.72 0.74 } } geometry IndexedFaceSet { solid FALSE coord Coordinate { point [ 2.874016 -1.125984 -0.984252,
2.874016 -1.125984 0.000000,
2.874016 -0.874016 -0.984252,
2.874016 -0.874016 0.000000,
3.125984 -1.125984 0.000000,
3.125984 -1.125984 -0.984252,
3.125984 -0.874016 -0.984252,
3.125984 -0.874016 0.000000 ] } coordIndex [ 0 1 2 -1,
2 1 3 -1,
4 5 6 -1,
4 6 7 -1,
5 4 0 -1,
0 4 1 -1,
7 6 2 -1,
7 2 3 -1,
2 6 0 -1,
0 6 5 -1,
7 3 1 -1,
7 1 4 -1 ] } }
Shape { appearance Appearance { material Material { diffuseColor 0.7 0.72 0.74 } } geometry IndexedFaceSet { solid FALSE coord Coordinate { point [ 2.874016 -2.125984 -0.984252,
2.874016 -2.125984 0.000000,
2.874016 -1.874016 -0.984252,
2.874016 -1.874016 0.000000,
3.125984 -2.125984 0.000000,
3.125984 -2.125984 -0.984252,
3.125984 -1.874016 -0.984252,
3.125984 -1.874016 0.000000 ] } coordIndex [ 0 1 2 -1,
2 1 3 -1,
4 5 6 -1,
4 6 7 -1,
5 4 0 -1,
0 4 1 -1,
7 6 2 -1,
7 2 3 -1,
2 6 0 -1,
0 6 5 -1,
7 3 1 -1,
7 1 4 -1 ] } }
Shape { appearance Appearance { material Material { diffuseColor 0.7 0.72 0.74 } } geometry IndexedFaceSet { solid FALSE coord Coordinate { point [ 2.874016 -3.125984 -0.984252,
2.874016 -3.125984 0.000000,
2.874016 -2.874016 -0.984252,
2.874016 -2.874016 0.000000,
3.125984 -3.125984 0.000000,
3.125984 -3.125984 -0.984252,
3.125984 -2.874016 -0.984252,
3.125984 -2.874016 0.000000 ] } coordIndex [ 0 1 2 -1,
2 1 3 -1,
4 5 6 -1,
4 6 7 -1,
5 4 0 -1,
0 4 1 -1,
7 6 2 -1,
7 2 3 -1,
2 6 0 -1,
0 6 5 -1,
7 3 1 -1,
7 1 4 -1 ] } }
Shape { appearance Appearance { material Material { diffuseColor 0.7 0.72 0.74 } } geometry IndexedFaceSet { solid FALSE coord Coordinate { point [ 2.874016 -4.125984 -0.984252,
2.874016 -4.125984 0.000000,
2.874016 -3.874016 -0.984252,
2.874016 -3.874016 0.000000,
3.125984 -4.125984 0.000000,
3.125984 -4.125984 -0.984252,
3.125984 -3.874016 -0.984252,
3.125984 -3.874016 0.000000 ] } coordIndex [ 0 1 2 -1,
2 1 3 -1,
4 5 6 -1,
4 6 7 -1,
5 4 0 -1,
0 4 1 -1,
7 6 2 -1,
7 2 3 -1,
2 6 0 -1,
0 6 5 -1,
7 3 1 -1,
7 1 4 -1 ] } }
Shape { appearance Appearance { material Material { diffuseColor 0.055 0.06 0.065 } } geometry IndexedFaceSet { solid FALSE coord Coordinate { point [ -3.500000 4.500000 3.346457,
-3.500000 -4.500000 3.346457,
-3.500000 4.500000 4.346457,
-3.500000 -4.500000 4.346457,
-2.500000 -4.500000 3.346457,
-2.500000 4.500000 3.346457,
-2.500000 4.500000 4.346457,
-2.500000 -4.500000 4.346457 ] } coordIndex [ 0 1 2 -1,
1 3 2 -1,
4 5 6 -1,
7 4 6 -1,
4 7 1 -1,
1 7 3 -1,
6 5 0 -1,
6 0 2 -1,
0 5 1 -1,
1 5 4 -1,
6 2 3 -1,
6 3 7 -1 ] } }
Shape { appearance Appearance { material Material { diffuseColor 0.82 0.61 0.18 } } geometry IndexedFaceSet { solid FALSE coord Coordinate { point [ -3.125984 3.874016 1.181102,
-3.125984 3.874016 4.724409,
-3.125984 4.125984 1.181102,
-3.125984 4.125984 4.724409,
-2.874016 3.874016 4.724409,
-2.874016 3.874016 1.181102,
-2.874016 4.125984 1.181102,
-2.874016 4.125984 4.724409 ] } coordIndex [ 0 1 2 -1,
2 1 3 -1,
4 5 6 -1,
4 6 7 -1,
5 4 0 -1,
0 4 1 -1,
7 6 2 -1,
7 2 3 -1,
2 6 0 -1,
0 6 5 -1,
7 3 1 -1,
7 1 4 -1 ] } }
Shape { appearance Appearance { material Material { diffuseColor 0.82 0.61 0.18 } } geometry IndexedFaceSet { solid FALSE coord Coordinate { point [ -3.125984 2.874016 1.181102,
-3.125984 2.874016 4.724409,
-3.125984 3.125984 1.181102,
-3.125984 3.125984 4.724409,
-2.874016 2.874016 4.724409,
-2.874016 2.874016 1.181102,
-2.874016 3.125984 1.181102,
-2.874016 3.125984 4.724409 ] } coordIndex [ 0 1 2 -1,
2 1 3 -1,
4 5 6 -1,
4 6 7 -1,
5 4 0 -1,
0 4 1 -1,
7 6 2 -1,
7 2 3 -1,
2 6 0 -1,
0 6 5 -1,
7 3 1 -1,
7 1 4 -1 ] } }
Shape { appearance Appearance { material Material { diffuseColor 0.82 0.61 0.18 } } geometry IndexedFaceSet { solid FALSE coord Coordinate { point [ -3.125984 1.874016 1.181102,
-3.125984 1.874016 4.724409,
-3.125984 2.125984 1.181102,
-3.125984 2.125984 4.724409,
-2.874016 1.874016 4.724409,
-2.874016 1.874016 1.181102,
-2.874016 2.125984 1.181102,
-2.874016 2.125984 4.724409 ] } coordIndex [ 0 1 2 -1,
2 1 3 -1,
4 5 6 -1,
4 6 7 -1,
5 4 0 -1,
0 4 1 -1,
7 6 2 -1,
7 2 3 -1,
2 6 0 -1,
0 6 5 -1,
7 3 1 -1,
7 1 4 -1 ] } }
Shape { appearance Appearance { material Material { diffuseColor 0.82 0.61 0.18 } } geometry IndexedFaceSet { solid FALSE coord Coordinate { point [ -3.125984 0.874016 1.181102,
-3.125984 0.874016 4.724409,
-3.125984 1.125984 1.181102,
-3.125984 1.125984 4.724409,
-2.874016 0.874016 4.724409,
-2.874016 0.874016 1.181102,
-2.874016 1.125984 1.181102,
-2.874016 1.125984 4.724409 ] } coordIndex [ 0 1 2 -1,
2 1 3 -1,
4 5 6 -1,
4 6 7 -1,
5 4 0 -1,
0 4 1 -1,
7 6 2 -1,
7 2 3 -1,
2 6 0 -1,
0 6 5 -1,
7 3 1 -1,
7 1 4 -1 ] } }
Shape { appearance Appearance { material Material { diffuseColor 0.82 0.61 0.18 } } geometry IndexedFaceSet { solid FALSE coord Coordinate { point [ -3.125984 -0.125984 1.181102,
-3.125984 -0.125984 4.724409,
-3.125984 0.125984 1.181102,
-3.125984 0.125984 4.724409,
-2.874016 -0.125984 4.724409,
-2.874016 -0.125984 1.181102,
-2.874016 0.125984 1.181102,
-2.874016 0.125984 4.724409 ] } coordIndex [ 0 1 2 -1,
2 1 3 -1,
4 5 6 -1,
4 6 7 -1,
5 4 0 -1,
0 4 1 -1,
7 6 2 -1,
7 2 3 -1,
2 6 0 -1,
0 6 5 -1,
7 3 1 -1,
7 1 4 -1 ] } }
Shape { appearance Appearance { material Material { diffuseColor 0.82 0.61 0.18 } } geometry IndexedFaceSet { solid FALSE coord Coordinate { point [ -3.125984 -1.125984 1.181102,
-3.125984 -1.125984 4.724409,
-3.125984 -0.874016 1.181102,
-3.125984 -0.874016 4.724409,
-2.874016 -1.125984 4.724409,
-2.874016 -1.125984 1.181102,
-2.874016 -0.874016 1.181102,
-2.874016 -0.874016 4.724409 ] } coordIndex [ 0 1 2 -1,
2 1 3 -1,
4 5 6 -1,
4 6 7 -1,
5 4 0 -1,
0 4 1 -1,
7 6 2 -1,
7 2 3 -1,
2 6 0 -1,
0 6 5 -1,
7 3 1 -1,
7 1 4 -1 ] } }
Shape { appearance Appearance { material Material { diffuseColor 0.82 0.61 0.18 } } geometry IndexedFaceSet { solid FALSE coord Coordinate { point [ -3.125984 -2.125984 1.181102,
-3.125984 -2.125984 4.724409,
-3.125984 -1.874016 1.181102,
-3.125984 -1.874016 4.724409,
-2.874016 -2.125984 4.724409,
-2.874016 -2.125984 1.181102,
-2.874016 -1.874016 1.181102,
-2.874016 -1.874016 4.724409 ] } coordIndex [ 0 1 2 -1,
2 1 3 -1,
4 5 6 -1,
4 6 7 -1,
5 4 0 -1,
0 4 1 -1,
7 6 2 -1,
7 2 3 -1,
2 6 0 -1,
0 6 5 -1,
7 3 1 -1,
7 1 4 -1 ] } }
Shape { appearance Appearance { material Material { diffuseColor 0.82 0.61 0.18 } } geometry IndexedFaceSet { solid FALSE coord Coordinate { point [ -3.125984 -3.125984 1.181102,
-3.125984 -3.125984 4.724409,
-3.125984 -2.874016 1.181102,
-3.125984 -2.874016 4.724409,
-2.874016 -3.125984 4.724409,
-2.874016 -3.125984 1.181102,
-2.874016 -2.874016 1.181102,
-2.874016 -2.874016 4.724409 ] } coordIndex [ 0 1 2 -1,
2 1 3 -1,
4 5 6 -1,
4 6 7 -1,
5 4 0 -1,
0 4 1 -1,
7 6 2 -1,
7 2 3 -1,
2 6 0 -1,
0 6 5 -1,
7 3 1 -1,
7 1 4 -1 ] } }
Shape { appearance Appearance { material Material { diffuseColor 0.82 0.61 0.18 } } geometry IndexedFaceSet { solid FALSE coord Coordinate { point [ -3.125984 -4.125984 1.181102,
-3.125984 -4.125984 4.724409,
-3.125984 -3.874016 1.181102,
-3.125984 -3.874016 4.724409,
-2.874016 -4.125984 4.724409,
-2.874016 -4.125984 1.181102,
-2.874016 -3.874016 1.181102,
-2.874016 -3.874016 4.724409 ] } coordIndex [ 0 1 2 -1,
2 1 3 -1,
4 5 6 -1,
4 6 7 -1,
5 4 0 -1,
0 4 1 -1,
7 6 2 -1,
7 2 3 -1,
2 6 0 -1,
0 6 5 -1,
7 3 1 -1,
7 1 4 -1 ] } }
Shape { appearance Appearance { material Material { diffuseColor 0.055 0.06 0.065 } } geometry IndexedFaceSet { solid FALSE coord Coordinate { point [ 2.500000 4.500000 3.346457,
2.500000 -4.500000 3.346457,
2.500000 4.500000 4.346457,
2.500000 -4.500000 4.346457,
3.500000 -4.500000 3.346457,
3.500000 4.500000 3.346457,
3.500000 4.500000 4.346457,
3.500000 -4.500000 4.346457 ] } coordIndex [ 0 1 2 -1,
1 3 2 -1,
4 5 6 -1,
7 4 6 -1,
4 7 1 -1,
1 7 3 -1,
6 5 0 -1,
6 0 2 -1,
0 5 1 -1,
1 5 4 -1,
6 2 3 -1,
6 3 7 -1 ] } }
Shape { appearance Appearance { material Material { diffuseColor 0.82 0.61 0.18 } } geometry IndexedFaceSet { solid FALSE coord Coordinate { point [ 2.874016 3.874016 1.181102,
2.874016 3.874016 4.724409,
2.874016 4.125984 1.181102,
2.874016 4.125984 4.724409,
3.125984 3.874016 4.724409,
3.125984 3.874016 1.181102,
3.125984 4.125984 1.181102,
3.125984 4.125984 4.724409 ] } coordIndex [ 0 1 2 -1,
2 1 3 -1,
4 5 6 -1,
4 6 7 -1,
5 4 0 -1,
0 4 1 -1,
7 6 2 -1,
7 2 3 -1,
2 6 0 -1,
0 6 5 -1,
7 3 1 -1,
7 1 4 -1 ] } }
Shape { appearance Appearance { material Material { diffuseColor 0.82 0.61 0.18 } } geometry IndexedFaceSet { solid FALSE coord Coordinate { point [ 2.874016 2.874016 1.181102,
2.874016 2.874016 4.724409,
2.874016 3.125984 1.181102,
2.874016 3.125984 4.724409,
3.125984 2.874016 4.724409,
3.125984 2.874016 1.181102,
3.125984 3.125984 1.181102,
3.125984 3.125984 4.724409 ] } coordIndex [ 0 1 2 -1,
2 1 3 -1,
4 5 6 -1,
4 6 7 -1,
5 4 0 -1,
0 4 1 -1,
7 6 2 -1,
7 2 3 -1,
2 6 0 -1,
0 6 5 -1,
7 3 1 -1,
7 1 4 -1 ] } }
Shape { appearance Appearance { material Material { diffuseColor 0.82 0.61 0.18 } } geometry IndexedFaceSet { solid FALSE coord Coordinate { point [ 2.874016 1.874016 1.181102,
2.874016 1.874016 4.724409,
2.874016 2.125984 1.181102,
2.874016 2.125984 4.724409,
3.125984 1.874016 4.724409,
3.125984 1.874016 1.181102,
3.125984 2.125984 1.181102,
3.125984 2.125984 4.724409 ] } coordIndex [ 0 1 2 -1,
2 1 3 -1,
4 5 6 -1,
4 6 7 -1,
5 4 0 -1,
0 4 1 -1,
7 6 2 -1,
7 2 3 -1,
2 6 0 -1,
0 6 5 -1,
7 3 1 -1,
7 1 4 -1 ] } }
Shape { appearance Appearance { material Material { diffuseColor 0.82 0.61 0.18 } } geometry IndexedFaceSet { solid FALSE coord Coordinate { point [ 2.874016 0.874016 1.181102,
2.874016 0.874016 4.724409,
2.874016 1.125984 1.181102,
2.874016 1.125984 4.724409,
3.125984 0.874016 4.724409,
3.125984 0.874016 1.181102,
3.125984 1.125984 1.181102,
3.125984 1.125984 4.724409 ] } coordIndex [ 0 1 2 -1,
2 1 3 -1,
4 5 6 -1,
4 6 7 -1,
5 4 0 -1,
0 4 1 -1,
7 6 2 -1,
7 2 3 -1,
2 6 0 -1,
0 6 5 -1,
7 3 1 -1,
7 1 4 -1 ] } }
Shape { appearance Appearance { material Material { diffuseColor 0.82 0.61 0.18 } } geometry IndexedFaceSet { solid FALSE coord Coordinate { point [ 2.874016 -0.125984 1.181102,
2.874016 -0.125984 4.724409,
2.874016 0.125984 1.181102,
2.874016 0.125984 4.724409,
3.125984 -0.125984 4.724409,
3.125984 -0.125984 1.181102,
3.125984 0.125984 1.181102,
3.125984 0.125984 4.724409 ] } coordIndex [ 0 1 2 -1,
2 1 3 -1,
4 5 6 -1,
4 6 7 -1,
5 4 0 -1,
0 4 1 -1,
7 6 2 -1,
7 2 3 -1,
2 6 0 -1,
0 6 5 -1,
7 3 1 -1,
7 1 4 -1 ] } }
Shape { appearance Appearance { material Material { diffuseColor 0.82 0.61 0.18 } } geometry IndexedFaceSet { solid FALSE coord Coordinate { point [ 2.874016 -1.125984 1.181102,
2.874016 -1.125984 4.724409,
2.874016 -0.874016 1.181102,
2.874016 -0.874016 4.724409,
3.125984 -1.125984 4.724409,
3.125984 -1.125984 1.181102,
3.125984 -0.874016 1.181102,
3.125984 -0.874016 4.724409 ] } coordIndex [ 0 1 2 -1,
2 1 3 -1,
4 5 6 -1,
4 6 7 -1,
5 4 0 -1,
0 4 1 -1,
7 6 2 -1,
7 2 3 -1,
2 6 0 -1,
0 6 5 -1,
7 3 1 -1,
7 1 4 -1 ] } }
Shape { appearance Appearance { material Material { diffuseColor 0.82 0.61 0.18 } } geometry IndexedFaceSet { solid FALSE coord Coordinate { point [ 2.874016 -2.125984 1.181102,
2.874016 -2.125984 4.724409,
2.874016 -1.874016 1.181102,
2.874016 -1.874016 4.724409,
3.125984 -2.125984 4.724409,
3.125984 -2.125984 1.181102,
3.125984 -1.874016 1.181102,
3.125984 -1.874016 4.724409 ] } coordIndex [ 0 1 2 -1,
2 1 3 -1,
4 5 6 -1,
4 6 7 -1,
5 4 0 -1,
0 4 1 -1,
7 6 2 -1,
7 2 3 -1,
2 6 0 -1,
0 6 5 -1,
7 3 1 -1,
7 1 4 -1 ] } }
Shape { appearance Appearance { material Material { diffuseColor 0.82 0.61 0.18 } } geometry IndexedFaceSet { solid FALSE coord Coordinate { point [ 2.874016 -3.125984 1.181102,
2.874016 -3.125984 4.724409,
2.874016 -2.874016 1.181102,
2.874016 -2.874016 4.724409,
3.125984 -3.125984 4.724409,
3.125984 -3.125984 1.181102,
3.125984 -2.874016 1.181102,
3.125984 -2.874016 4.724409 ] } coordIndex [ 0 1 2 -1,
2 1 3 -1,
4 5 6 -1,
4 6 7 -1,
5 4 0 -1,
0 4 1 -1,
7 6 2 -1,
7 2 3 -1,
2 6 0 -1,
0 6 5 -1,
7 3 1 -1,
7 1 4 -1 ] } }
Shape { appearance Appearance { material Material { diffuseColor 0.82 0.61 0.18 } } geometry IndexedFaceSet { solid FALSE coord Coordinate { point [ 2.874016 -4.125984 1.181102,
2.874016 -4.125984 4.724409,
2.874016 -3.874016 1.181102,
2.874016 -3.874016 4.724409,
3.125984 -4.125984 4.724409,
3.125984 -4.125984 1.181102,
3.125984 -3.874016 1.181102,
3.125984 -3.874016 4.724409 ] } coordIndex [ 0 1 2 -1,
2 1 3 -1,
4 5 6 -1,
4 6 7 -1,
5 4 0 -1,
0 4 1 -1,
7 6 2 -1,
7 2 3 -1,
2 6 0 -1,
0 6 5 -1,
7 3 1 -1,
7 1 4 -1 ] } }
Shape { appearance Appearance { material Material { diffuseColor 0.07 0.075 0.085 } } geometry IndexedFaceSet { solid FALSE coord Coordinate { point [ -3.543307 -4.625984 4.346457,
-3.543307 -4.625984 4.740157,
-3.543307 4.625984 4.346457,
-3.543307 4.625984 4.740157,
3.543307 -4.625984 4.346457,
3.543307 -4.625984 4.740157,
-3.144302 -4.133892 4.740157,
-3.137448 -4.140919 4.740157,
-3.130253 -4.147595 4.740157,
-3.150796 -4.126533 4.740157,
-3.122734 -4.153904 4.740157,
-3.156916 -4.118859 4.740157,
-3.114910 -4.159830 4.740157,
-3.162645 -4.110890 4.740157,
-3.106800 -4.165359 4.740157,
-3.167971 -4.102645 4.740157,
-3.098425 -4.170477 4.740157,
-3.172878 -4.094144 4.740157,
-3.089805 -4.175172 4.740157,
-3.177356 -4.085410 4.740157,
-3.080962 -4.179430 4.740157,
-3.181393 -4.076464 4.740157,
-3.071918 -4.183243 4.740157,
-3.184979 -4.067327 4.740157,
-3.062694 -4.186600 4.740157,
-3.188105 -4.058023 4.740157,
-3.053315 -4.189493 4.740157,
-3.190763 -4.048574 4.740157,
-3.043803 -4.191915 4.740157,
-3.192947 -4.039005 4.740157,
-3.034183 -4.193860 4.740157,
-3.194652 -4.029339 4.740157,
-3.024477 -4.195323 4.740157,
-3.195872 -4.019600 4.740157,
-3.014711 -4.196300 4.740157,
-3.196606 -4.009812 4.740157,
-3.004908 -4.196789 4.740157,
-3.196850 -4.000000 4.740157,
-2.995092 -4.196789 4.740157,
-3.196606 -3.990188 4.740157,
-2.985289 -4.196300 4.740157,
-3.195872 -3.980400 4.740157,
-2.975523 -4.195323 4.740157,
-3.194652 -3.970661 4.740157,
-2.965817 -4.193860 4.740157,
-3.192947 -3.960995 4.740157,
-2.956197 -4.191915 4.740157,
-3.190763 -3.951426 4.740157,
-2.946685 -4.189493 4.740157,
-2.937306 -4.186600 4.740157,
-2.928082 -4.183243 4.740157,
-2.919038 -4.179430 4.740157,
-2.910195 -4.175172 4.740157,
-2.901575 -4.170477 4.740157,
-3.144302 -3.133892 4.740157,
-3.144302 -3.866108 4.740157,
-3.137448 -3.859081 4.740157,
-3.137448 -3.140919 4.740157,
-3.130253 -3.147595 4.740157,
-3.130253 -3.852405 4.740157,
-3.150796 -3.126533 4.740157,
-3.150796 -3.873467 4.740157,
-3.122734 -3.153904 4.740157,
-3.122734 -3.846096 4.740157,
-3.156916 -3.118859 4.740157,
-3.156916 -3.881141 4.740157,
-3.114910 -3.159830 4.740157,
-3.114910 -3.840170 4.740157,
-3.162645 -3.110890 4.740157,
-3.162645 -3.889110 4.740157,
-3.106800 -3.165359 4.740157,
-3.106800 -3.834641 4.740157,
-3.167971 -3.102645 4.740157,
-3.167971 -3.897355 4.740157,
-3.098425 -3.170477 4.740157,
-3.098425 -3.829523 4.740157,
-3.172878 -3.094144 4.740157,
-3.172878 -3.905856 4.740157,
-3.089805 -3.175172 4.740157,
-3.089805 -3.824828 4.740157,
-3.177356 -3.085410 4.740157,
-3.177356 -3.914590 4.740157,
-3.080962 -3.179430 4.740157,
-3.080962 -3.820570 4.740157,
-3.181393 -3.076464 4.740157,
-3.181393 -3.923536 4.740157,
-3.071918 -3.183243 4.740157,
-3.071918 -3.816757 4.740157,
-3.062694 -3.813400 4.740157,
-3.184979 -3.067327 4.740157,
-3.184979 -3.932673 4.740157,
-3.062694 -3.186600 4.740157,
-3.188105 -3.058023 4.740157,
-3.188105 -3.941977 4.740157,
-3.053315 -3.189493 4.740157,
-3.053315 -3.810507 4.740157,
-3.190763 -3.048574 4.740157,
-3.043803 -3.191915 4.740157,
-3.043803 -3.808085 4.740157,
-3.034183 -3.806140 4.740157,
-3.192947 -3.039005 4.740157,
-3.034183 -3.193860 4.740157,
-3.194652 -3.029339 4.740157,
-3.024477 -3.195323 4.740157,
-3.024477 -3.804677 4.740157,
-3.014711 -3.803700 4.740157,
-3.195872 -3.019600 4.740157,
-3.014711 -3.196300 4.740157,
-3.196606 -3.009812 4.740157,
-3.004908 -3.196789 4.740157,
-3.004908 -3.803211 4.740157,
-3.196850 -3.000000 4.740157,
-2.995092 -3.196789 4.740157,
-2.995092 -3.803211 4.740157,
-3.196606 -2.990188 4.740157,
-2.985289 -3.196300 4.740157,
-2.985289 -3.803700 4.740157,
-3.195872 -2.980400 4.740157,
-2.975523 -3.195323 4.740157,
-2.975523 -3.804677 4.740157,
-2.965817 -3.193860 4.740157,
-2.965817 -3.806140 4.740157,
-2.956197 -3.191915 4.740157,
-2.956197 -3.808085 4.740157,
-2.946685 -3.189493 4.740157,
-2.946685 -3.810507 4.740157,
-2.937306 -3.186600 4.740157,
-2.937306 -3.813400 4.740157,
-2.928082 -3.816757 4.740157,
-2.928082 -3.183243 4.740157,
-2.919038 -3.179430 4.740157,
-2.919038 -3.820570 4.740157,
-2.910195 -3.824828 4.740157,
-2.910195 -3.175172 4.740157,
-2.901575 -3.170477 4.740157,
-2.901575 -3.829523 4.740157,
-2.893200 -3.165359 4.740157,
-2.893200 -3.834641 4.740157,
-2.885090 -3.159830 4.740157,
-2.885090 -3.840170 4.740157,
-2.877266 -3.153904 4.740157,
-2.877266 -3.846096 4.740157,
-2.869747 -3.147595 4.740157,
-2.869747 -3.852405 4.740157,
-2.862552 -3.859081 4.740157,
-2.862552 -3.140919 4.740157,
-2.855698 -3.866108 4.740157,
-2.855698 -3.133892 4.740157,
-2.849204 -3.126533 4.740157,
-2.849204 -3.873467 4.740157,
-2.843084 -3.118859 4.740157,
-2.843084 -3.881141 4.740157,
-2.837355 -3.110890 4.740157,
-2.837355 -3.889110 4.740157,
-2.832029 -3.102645 4.740157,
-2.832029 -3.897355 4.740157,
-2.827122 -3.094144 4.740157,
-2.827122 -3.905856 4.740157,
-2.822644 -3.085410 4.740157,
-2.822644 -3.914590 4.740157,
-2.818607 -3.923536 4.740157,
-2.818607 -3.076464 4.740157,
-2.815021 -3.067327 4.740157,
-2.815021 -3.932673 4.740157,
-2.811895 -3.941977 4.740157,
-2.811895 -3.058023 4.740157,
-2.809237 -3.951426 4.740157,
-2.809237 -3.048574 4.740157,
-2.807053 -3.039005 4.740157,
-2.807053 -3.960995 4.740157,
-2.805348 -3.029339 4.740157,
-2.805348 -3.970661 4.740157,
-3.144302 -2.133892 4.740157,
-3.137448 -2.859081 4.740157,
-3.137448 -2.140919 4.740157,
-3.144302 -2.866108 4.740157,
-3.130253 -2.147595 4.740157,
-3.130253 -2.852405 4.740157,
-3.150796 -2.126533 4.740157,
-3.150796 -2.873467 4.740157,
-3.122734 -2.153904 4.740157,
-3.122734 -2.846096 4.740157,
-3.156916 -2.118859 4.740157,
-3.156916 -2.881141 4.740157,
-3.114910 -2.159830 4.740157,
-3.114910 -2.840170 4.740157,
-3.106800 -2.834641 4.740157,
-3.162645 -2.110890 4.740157,
-3.162645 -2.889110 4.740157,
-3.106800 -2.165359 4.740157,
-3.167971 -2.102645 4.740157,
-3.167971 -2.897355 4.740157,
-3.172878 -2.905856 4.740157,
-3.098425 -2.170477 4.740157,
-3.098425 -2.829523 4.740157,
-3.172878 -2.094144 4.740157,
-3.089805 -2.175172 4.740157,
-3.089805 -2.824828 4.740157,
-3.080962 -2.820570 4.740157,
-3.177356 -2.085410 4.740157,
-3.177356 -2.914590 4.740157,
-3.080962 -2.179430 4.740157,
-3.181393 -2.076464 4.740157,
-3.181393 -2.923536 4.740157,
-3.071918 -2.183243 4.740157,
-3.071918 -2.816757 4.740157,
-3.062694 -2.813400 4.740157,
-3.184979 -2.067327 4.740157,
-3.184979 -2.932673 4.740157,
-3.062694 -2.186600 4.740157,
-3.188105 -2.058023 4.740157,
-3.188105 -2.941977 4.740157,
-3.190763 -2.951426 4.740157,
-3.053315 -2.189493 4.740157,
-3.053315 -2.810507 4.740157,
-3.190763 -2.048574 4.740157,
-3.192947 -2.960995 4.740157,
-3.043803 -2.191915 4.740157,
-3.043803 -2.808085 4.740157,
-3.192947 -2.039005 4.740157,
-3.034183 -2.193860 4.740157,
-3.034183 -2.806140 4.740157,
-3.194652 -2.029339 4.740157,
-3.194652 -2.970661 4.740157,
-3.024477 -2.195323 4.740157,
-3.024477 -2.804677 4.740157,
-3.195872 -2.019600 4.740157,
-3.014711 -2.196300 4.740157,
-3.014711 -2.803700 4.740157,
-3.196606 -2.009812 4.740157,
-3.004908 -2.196789 4.740157,
-3.004908 -2.803211 4.740157,
-2.995092 -2.803211 4.740157,
-3.196850 -2.000000 4.740157,
-2.995092 -2.196789 4.740157,
-2.985289 -2.196300 4.740157,
-2.985289 -2.803700 4.740157,
-2.975523 -2.195323 4.740157,
-2.975523 -2.804677 4.740157,
-2.965817 -2.193860 4.740157,
-2.965817 -2.806140 4.740157,
-2.956197 -2.808085 4.740157,
-2.956197 -2.191915 4.740157,
-2.946685 -2.189493 4.740157,
-2.946685 -2.810507 4.740157,
-2.937306 -2.186600 4.740157,
-2.937306 -2.813400 4.740157,
-2.928082 -2.183243 4.740157,
-2.928082 -2.816757 4.740157,
-2.919038 -2.179430 4.740157,
-2.919038 -2.820570 4.740157,
-2.910195 -2.175172 4.740157,
-2.910195 -2.824828 4.740157,
-2.901575 -2.829523 4.740157,
-2.901575 -2.170477 4.740157,
-2.893200 -2.165359 4.740157,
-2.893200 -2.834641 4.740157,
-2.885090 -2.159830 4.740157,
-2.885090 -2.840170 4.740157,
-2.877266 -2.153904 4.740157,
-2.877266 -2.846096 4.740157,
-2.869747 -2.147595 4.740157,
-2.869747 -2.852405 4.740157,
-2.862552 -2.859081 4.740157,
-2.862552 -2.140919 4.740157,
-2.855698 -2.866108 4.740157,
-2.855698 -2.133892 4.740157,
-2.849204 -2.873467 4.740157,
-2.849204 -2.126533 4.740157,
-2.843084 -2.118859 4.740157,
-2.843084 -2.881141 4.740157,
-2.837355 -2.110890 4.740157,
-2.837355 -2.889110 4.740157,
-2.832029 -2.897355 4.740157,
-2.832029 -2.102645 4.740157,
-2.827122 -2.094144 4.740157,
-2.827122 -2.905856 4.740157,
-2.822644 -2.085410 4.740157,
-2.822644 -2.914590 4.740157,
-2.818607 -2.076464 4.740157,
-2.818607 -2.923536 4.740157,
-2.815021 -2.932673 4.740157,
-2.815021 -2.067327 4.740157,
-2.811895 -2.941977 4.740157,
-2.811895 -2.058023 4.740157,
-2.809237 -2.048574 4.740157,
-2.809237 -2.951426 4.740157,
-2.807053 -2.039005 4.740157,
-2.807053 -2.960995 4.740157,
-2.805348 -2.029339 4.740157,
-2.805348 -2.970661 4.740157,
-3.137448 -1.140919 4.740157,
-3.144302 -1.866108 4.740157,
-3.137448 -1.859081 4.740157,
-3.144302 -1.133892 4.740157,
-3.130253 -1.147595 4.740157,
-3.130253 -1.852405 4.740157,
-3.150796 -1.126533 4.740157,
-3.150796 -1.873467 4.740157,
-3.122734 -1.153904 4.740157,
-3.122734 -1.846096 4.740157,
-3.156916 -1.118859 4.740157,
-3.156916 -1.881141 4.740157,
-3.114910 -1.159830 4.740157,
-3.114910 -1.840170 4.740157,
-3.162645 -1.110890 4.740157,
-3.162645 -1.889110 4.740157,
-3.106800 -1.165359 4.740157,
-3.106800 -1.834641 4.740157,
-3.167971 -1.102645 4.740157,
-3.167971 -1.897355 4.740157,
-3.098425 -1.170477 4.740157,
-3.098425 -1.829523 4.740157,
-3.089805 -1.824828 4.740157,
-3.172878 -1.094144 4.740157,
-3.172878 -1.905856 4.740157,
-3.089805 -1.175172 4.740157,
-3.080962 -1.820570 4.740157,
-3.177356 -1.085410 4.740157,
-3.177356 -1.914590 4.740157,
-3.080962 -1.179430 4.740157,
-3.181393 -1.076464 4.740157,
-3.181393 -1.923536 4.740157,
-3.184979 -1.932673 4.740157,
-3.071918 -1.183243 4.740157,
-3.071918 -1.816757 4.740157,
-3.184979 -1.067327 4.740157,
-3.062694 -1.186600 4.740157,
-3.062694 -1.813400 4.740157,
-3.053315 -1.810507 4.740157,
-3.188105 -1.058023 4.740157,
-3.188105 -1.941977 4.740157,
-3.053315 -1.189493 4.740157,
-3.190763 -1.048574 4.740157,
-3.190763 -1.951426 4.740157,
-3.192947 -1.960995 4.740157,
-3.043803 -1.191915 4.740157,
-3.043803 -1.808085 4.740157,
-3.034183 -1.806140 4.740157,
-3.192947 -1.039005 4.740157,
-3.194652 -1.970661 4.740157,
-3.034183 -1.193860 4.740157,
-3.194652 -1.029339 4.740157,
-3.195872 -1.980400 4.740157,
-3.024477 -1.195323 4.740157,
-3.024477 -1.804677 4.740157,
-3.195872 -1.019600 4.740157,
-3.014711 -1.196300 4.740157,
-3.014711 -1.803700 4.740157,
-3.004908 -1.803211 4.740157,
-3.196606 -1.009812 4.740157,
-3.196606 -1.990188 4.740157,
-3.004908 -1.196789 4.740157,
-2.995092 -1.803211 4.740157,
-2.995092 -1.196789 4.740157,
-2.985289 -1.196300 4.740157,
-2.985289 -1.803700 4.740157,
-2.975523 -1.195323 4.740157,
-2.975523 -1.804677 4.740157,
-2.965817 -1.193860 4.740157,
-2.965817 -1.806140 4.740157,
-2.956197 -1.808085 4.740157,
-2.956197 -1.191915 4.740157,
-2.946685 -1.189493 4.740157,
-2.946685 -1.810507 4.740157,
-2.937306 -1.186600 4.740157,
-2.937306 -1.813400 4.740157,
-2.928082 -1.183243 4.740157,
-2.928082 -1.816757 4.740157,
-2.919038 -1.179430 4.740157,
-2.919038 -1.820570 4.740157,
-2.910195 -1.175172 4.740157,
-2.910195 -1.824828 4.740157,
-2.901575 -1.829523 4.740157,
-2.901575 -1.170477 4.740157,
-2.893200 -1.165359 4.740157,
-2.893200 -1.834641 4.740157,
-2.885090 -1.159830 4.740157,
-2.885090 -1.840170 4.740157,
-2.877266 -1.846096 4.740157,
-2.877266 -1.153904 4.740157,
-2.869747 -1.147595 4.740157,
-2.869747 -1.852405 4.740157,
-2.862552 -1.140919 4.740157,
-2.862552 -1.859081 4.740157,
-2.855698 -1.133892 4.740157,
-2.855698 -1.866108 4.740157,
-2.849204 -1.873467 4.740157,
-2.849204 -1.126533 4.740157,
-2.843084 -1.118859 4.740157,
-2.843084 -1.881141 4.740157,
-2.837355 -1.110890 4.740157,
-2.837355 -1.889110 4.740157,
-2.832029 -1.102645 4.740157,
-2.832029 -1.897355 4.740157,
-2.827122 -1.094144 4.740157,
-2.827122 -1.905856 4.740157,
-2.822644 -1.085410 4.740157,
-2.822644 -1.914590 4.740157,
-2.818607 -1.923536 4.740157,
-2.818607 -1.076464 4.740157,
-2.815021 -1.932673 4.740157,
-2.815021 -1.067327 4.740157,
-2.811895 -1.058023 4.740157,
-2.811895 -1.941977 4.740157,
-2.809237 -1.048574 4.740157,
-2.809237 -1.951426 4.740157,
-2.807053 -1.039005 4.740157,
-2.807053 -1.960995 4.740157,
-2.805348 -1.029339 4.740157,
-2.805348 -1.970661 4.740157,
-3.144302 -0.133892 4.740157,
-3.137448 -0.859081 4.740157,
-3.137448 -0.140919 4.740157,
-3.144302 -0.866108 4.740157,
-3.130253 -0.147595 4.740157,
-3.130253 -0.852405 4.740157,
-3.150796 -0.126533 4.740157,
-3.150796 -0.873467 4.740157,
-3.122734 -0.153904 4.740157,
-3.122734 -0.846096 4.740157,
-3.156916 -0.118859 4.740157,
-3.156916 -0.881141 4.740157,
-3.114910 -0.159830 4.740157,
-3.114910 -0.840170 4.740157,
-3.162645 -0.110890 4.740157,
-3.162645 -0.889110 4.740157,
-3.106800 -0.165359 4.740157,
-3.106800 -0.834641 4.740157,
-3.098425 -0.829523 4.740157,
-3.167971 -0.102645 4.740157,
-3.167971 -0.897355 4.740157,
-3.098425 -0.170477 4.740157,
-3.172878 -0.094144 4.740157,
-3.172878 -0.905856 4.740157,
-3.089805 -0.175172 4.740157,
-3.089805 -0.824828 4.740157,
-3.080962 -0.820570 4.740157,
-3.177356 -0.085410 4.740157,
-3.177356 -0.914590 4.740157,
-3.080962 -0.179430 4.740157,
-3.181393 -0.076464 4.740157,
-3.181393 -0.923536 4.740157,
-3.071918 -0.183243 4.740157,
-3.071918 -0.816757 4.740157,
-3.184979 -0.067327 4.740157,
-3.184979 -0.932673 4.740157,
-3.188105 -0.941977 4.740157,
-3.062694 -0.186600 4.740157,
-3.062694 -0.813400 4.740157,
-3.188105 -0.058023 4.740157,
-3.053315 -0.189493 4.740157,
-3.053315 -0.810507 4.740157,
-3.190763 -0.048574 4.740157,
-3.190763 -0.951426 4.740157,
-3.043803 -0.191915 4.740157,
-3.043803 -0.808085 4.740157,
-3.192947 -0.039005 4.740157,
-3.192947 -0.960995 4.740157,
-3.034183 -0.193860 4.740157,
-3.034183 -0.806140 4.740157,
-3.194652 -0.029339 4.740157,
-3.194652 -0.970661 4.740157,
-3.195872 -0.980400 4.740157,
-3.024477 -0.195323 4.740157,
-3.024477 -0.804677 4.740157,
-3.195872 -0.019600 4.740157,
-3.014711 -0.196300 4.740157,
-3.014711 -0.803700 4.740157,
-3.196606 -0.009812 4.740157,
-3.196606 -0.990188 4.740157,
-3.004908 -0.196789 4.740157,
-3.004908 -0.803211 4.740157,
-2.995092 -0.196789 4.740157,
-2.995092 -0.803211 4.740157,
-2.985289 -0.196300 4.740157,
-2.985289 -0.803700 4.740157,
-2.975523 -0.804677 4.740157,
-2.975523 -0.195323 4.740157,
-2.965817 -0.193860 4.740157,
-2.965817 -0.806140 4.740157,
-2.956197 -0.191915 4.740157,
-2.956197 -0.808085 4.740157,
-2.946685 -0.189493 4.740157,
-2.946685 -0.810507 4.740157,
-2.937306 -0.186600 4.740157,
-2.937306 -0.813400 4.740157,
-2.928082 -0.183243 4.740157,
-2.928082 -0.816757 4.740157,
-2.919038 -0.179430 4.740157,
-2.919038 -0.820570 4.740157,
-2.910195 -0.175172 4.740157,
-2.910195 -0.824828 4.740157,
-2.901575 -0.829523 4.740157,
-2.901575 -0.170477 4.740157,
-2.893200 -0.165359 4.740157,
-2.893200 -0.834641 4.740157,
-2.885090 -0.840170 4.740157,
-2.885090 -0.159830 4.740157,
-2.877266 -0.153904 4.740157,
-2.877266 -0.846096 4.740157,
-2.869747 -0.147595 4.740157,
-2.869747 -0.852405 4.740157,
-2.862552 -0.140919 4.740157,
-2.862552 -0.859081 4.740157,
-2.855698 -0.866108 4.740157,
-2.855698 -0.133892 4.740157,
-2.849204 -0.873467 4.740157,
-2.849204 -0.126533 4.740157,
-2.843084 -0.881141 4.740157,
-2.843084 -0.118859 4.740157,
-2.837355 -0.110890 4.740157,
-2.837355 -0.889110 4.740157,
-2.832029 -0.897355 4.740157,
-2.832029 -0.102645 4.740157,
-2.827122 -0.905856 4.740157,
-2.827122 -0.094144 4.740157,
-2.822644 -0.914590 4.740157,
-2.822644 -0.085410 4.740157,
-2.818607 -0.076464 4.740157,
-2.818607 -0.923536 4.740157,
-2.815021 -0.932673 4.740157,
-2.815021 -0.067327 4.740157,
-2.811895 -0.058023 4.740157,
-2.811895 -0.941977 4.740157,
-2.809237 -0.048574 4.740157,
-2.809237 -0.951426 4.740157,
-2.807053 -0.039005 4.740157,
-2.807053 -0.960995 4.740157,
-2.805348 -0.029339 4.740157,
-2.805348 -0.970661 4.740157,
-3.144302 0.866108 4.740157,
-3.144302 0.133892 4.740157,
-3.137448 0.140919 4.740157,
-3.137448 0.859081 4.740157,
-3.130253 0.852405 4.740157,
-3.130253 0.147595 4.740157,
-3.150796 0.873467 4.740157,
-3.150796 0.126533 4.740157,
-3.122734 0.846096 4.740157,
-3.122734 0.153904 4.740157,
-3.156916 0.881141 4.740157,
-3.156916 0.118859 4.740157,
-3.114910 0.840170 4.740157,
-3.114910 0.159830 4.740157,
-3.162645 0.889110 4.740157,
-3.162645 0.110890 4.740157,
-3.106800 0.834641 4.740157,
-3.106800 0.165359 4.740157,
-3.167971 0.897355 4.740157,
-3.167971 0.102645 4.740157,
-3.098425 0.829523 4.740157,
-3.098425 0.170477 4.740157,
-3.172878 0.905856 4.740157,
-3.172878 0.094144 4.740157,
-3.089805 0.824828 4.740157,
-3.089805 0.175172 4.740157,
-3.177356 0.914590 4.740157,
-3.177356 0.085410 4.740157,
-3.080962 0.820570 4.740157,
-3.080962 0.179430 4.740157,
-3.181393 0.923536 4.740157,
-3.181393 0.076464 4.740157,
-3.071918 0.816757 4.740157,
-3.071918 0.183243 4.740157,
-3.184979 0.932673 4.740157,
-3.184979 0.067327 4.740157,
-3.062694 0.813400 4.740157,
-3.062694 0.186600 4.740157,
-3.188105 0.941977 4.740157,
-3.188105 0.058023 4.740157,
-3.053315 0.810507 4.740157,
-3.053315 0.189493 4.740157,
-3.190763 0.951426 4.740157,
-3.190763 0.048574 4.740157,
-3.043803 0.808085 4.740157,
-3.043803 0.191915 4.740157,
-3.192947 0.960995 4.740157,
-3.192947 0.039005 4.740157,
-3.034183 0.806140 4.740157,
-3.034183 0.193860 4.740157,
-3.194652 0.970661 4.740157,
-3.194652 0.029339 4.740157,
-3.024477 0.804677 4.740157,
-3.024477 0.195323 4.740157,
-3.195872 0.980400 4.740157,
-3.195872 0.019600 4.740157,
-3.196606 0.009812 4.740157,
-3.014711 0.803700 4.740157,
-3.014711 0.196300 4.740157,
-3.004908 0.196789 4.740157,
-3.196606 0.990188 4.740157,
-3.004908 0.803211 4.740157,
-2.995092 0.196789 4.740157,
-2.995092 0.803211 4.740157,
-2.985289 0.803700 4.740157,
-2.985289 0.196300 4.740157,
-2.975523 0.804677 4.740157,
-2.975523 0.195323 4.740157,
-2.965817 0.193860 4.740157,
-2.965817 0.806140 4.740157,
-2.956197 0.808085 4.740157,
-2.956197 0.191915 4.740157,
-2.946685 0.810507 4.740157,
-2.946685 0.189493 4.740157,
-2.937306 0.186600 4.740157,
-2.937306 0.813400 4.740157,
-2.928082 0.816757 4.740157,
-2.928082 0.183243 4.740157,
-2.919038 0.820570 4.740157,
-2.919038 0.179430 4.740157,
-2.910195 0.175172 4.740157,
-2.910195 0.824828 4.740157,
-2.901575 0.829523 4.740157,
-2.901575 0.170477 4.740157,
-2.893200 0.834641 4.740157,
-2.893200 0.165359 4.740157,
-2.885090 0.159830 4.740157,
-2.885090 0.840170 4.740157,
-2.877266 0.846096 4.740157,
-2.877266 0.153904 4.740157,
-2.869747 0.852405 4.740157,
-2.869747 0.147595 4.740157,
-2.862552 0.859081 4.740157,
-2.862552 0.140919 4.740157,
-2.855698 0.133892 4.740157,
-2.855698 0.866108 4.740157,
-2.849204 0.873467 4.740157,
-2.849204 0.126533 4.740157,
-2.843084 0.881141 4.740157,
-2.843084 0.118859 4.740157,
-2.837355 0.110890 4.740157,
-2.837355 0.889110 4.740157,
-2.832029 0.897355 4.740157,
-2.832029 0.102645 4.740157,
-2.827122 0.905856 4.740157,
-2.827122 0.094144 4.740157,
-2.822644 0.914590 4.740157,
-2.822644 0.085410 4.740157,
-2.818607 0.923536 4.740157,
-2.818607 0.076464 4.740157,
-2.815021 0.932673 4.740157,
-2.815021 0.067327 4.740157,
-2.811895 0.941977 4.740157,
-2.811895 0.058023 4.740157,
-2.809237 0.951426 4.740157,
-2.809237 0.048574 4.740157,
-2.807053 0.960995 4.740157,
-2.807053 0.039005 4.740157,
-2.805348 0.970661 4.740157,
-2.805348 0.029339 4.740157,
2.855698 -4.133892 4.740157,
-2.855698 -4.133892 4.740157,
-2.862552 -4.140919 4.740157,
2.862552 -4.140919 4.740157,
-3.144302 1.866108 4.740157,
-3.137448 1.140919 4.740157,
-3.137448 1.859081 4.740157,
-3.144302 1.133892 4.740157,
2.869747 -4.147595 4.740157,
-2.869747 -4.147595 4.740157,
-3.130253 1.852405 4.740157,
-3.130253 1.147595 4.740157,
2.849204 -4.126533 4.740157,
-2.849204 -4.126533 4.740157,
-3.150796 1.873467 4.740157,
-3.150796 1.126533 4.740157,
-3.156916 1.118859 4.740157,
2.877266 -4.153904 4.740157,
-2.877266 -4.153904 4.740157,
-2.885090 -4.159830 4.740157,
-3.122734 1.846096 4.740157,
-3.122734 1.153904 4.740157,
-3.114910 1.159830 4.740157,
2.843084 -4.118859 4.740157,
-2.843084 -4.118859 4.740157,
-3.156916 1.881141 4.740157,
-3.162645 1.110890 4.740157,
2.885090 -4.159830 4.740157,
-2.893200 -4.165359 4.740157,
-3.114910 1.840170 4.740157,
2.837355 -4.110890 4.740157,
-2.837355 -4.110890 4.740157,
-3.162645 1.889110 4.740157,
2.893200 -4.165359 4.740157,
-3.106800 1.834641 4.740157,
-3.106800 1.165359 4.740157,
2.832029 -4.102645 4.740157,
-2.832029 -4.102645 4.740157,
-2.827122 -4.094144 4.740157,
-3.167971 1.897355 4.740157,
-3.167971 1.102645 4.740157,
-3.172878 1.094144 4.740157,
2.901575 -4.170477 4.740157,
-3.098425 1.829523 4.740157,
-3.098425 1.170477 4.740157,
2.827122 -4.094144 4.740157,
-3.172878 1.905856 4.740157,
-3.089805 1.824828 4.740157,
-3.089805 1.175172 4.740157,
-3.080962 1.179430 4.740157,
2.822644 -4.085410 4.740157,
-2.822644 -4.085410 4.740157,
-3.177356 1.914590 4.740157,
-3.177356 1.085410 4.740157,
-3.080962 1.820570 4.740157,
2.818607 -4.076464 4.740157,
-2.818607 -4.076464 4.740157,
-3.181393 1.923536 4.740157,
-3.181393 1.076464 4.740157,
-3.071918 1.816757 4.740157,
-3.071918 1.183243 4.740157,
-3.184979 1.932673 4.740157,
-3.184979 1.067327 4.740157,
2.815021 -4.067327 4.740157,
-2.815021 -4.067327 4.740157,
-3.062694 1.813400 4.740157,
-3.062694 1.186600 4.740157,
-3.053315 1.189493 4.740157,
2.811895 -4.058023 4.740157,
-2.811895 -4.058023 4.740157,
-3.188105 1.941977 4.740157,
-3.188105 1.058023 4.740157,
-3.053315 1.810507 4.740157,
2.809237 -4.048574 4.740157,
-2.809237 -4.048574 4.740157,
-2.807053 -4.039005 4.740157,
-3.190763 1.951426 4.740157,
-3.190763 1.048574 4.740157,
-3.043803 1.808085 4.740157,
-3.043803 1.191915 4.740157,
2.807053 -4.039005 4.740157,
-3.192947 1.960995 4.740157,
-3.192947 1.039005 4.740157,
-3.034183 1.806140 4.740157,
-3.034183 1.193860 4.740157,
-3.194652 1.970661 4.740157,
-3.194652 1.029339 4.740157,
-3.195872 1.019600 4.740157,
2.805348 -4.029339 4.740157,
-2.805348 -4.029339 4.740157,
-3.024477 1.804677 4.740157,
-3.024477 1.195323 4.740157,
2.804128 -4.019600 4.740157,
-2.804128 -4.019600 4.740157,
-3.195872 1.980400 4.740157,
-3.014711 1.803700 4.740157,
-3.014711 1.196300 4.740157,
2.803394 -4.009812 4.740157,
-2.803394 -4.009812 4.740157,
-3.196606 1.990188 4.740157,
-3.196606 1.009812 4.740157,
-3.004908 1.803211 4.740157,
-3.004908 1.196789 4.740157,
2.803150 -4.000000 4.740157,
-2.803394 -3.990188 4.740157,
-2.803150 -4.000000 4.740157,
-2.995092 1.803211 4.740157,
-2.995092 1.196789 4.740157,
2.803394 -3.990188 4.740157,
-2.985289 1.803700 4.740157,
-2.985289 1.196300 4.740157,
2.804128 -3.980400 4.740157,
-2.804128 -3.980400 4.740157,
-2.975523 1.804677 4.740157,
-2.975523 1.195323 4.740157,
-2.965817 1.193860 4.740157,
2.805348 -3.970661 4.740157,
-2.965817 1.806140 4.740157,
-2.956197 1.808085 4.740157,
-2.956197 1.191915 4.740157,
-2.946685 1.810507 4.740157,
-2.946685 1.189493 4.740157,
-2.937306 1.813400 4.740157,
-2.937306 1.186600 4.740157,
-2.928082 1.816757 4.740157,
-2.928082 1.183243 4.740157,
-2.919038 1.820570 4.740157,
-2.919038 1.179430 4.740157,
-2.910195 1.824828 4.740157,
-2.910195 1.175172 4.740157,
3.034183 -4.193860 4.740157,
3.024477 -4.195323 4.740157,
3.043803 -4.191915 4.740157,
3.053315 -4.189493 4.740157,
3.062694 -4.186600 4.740157,
3.071918 -4.183243 4.740157,
3.080962 -4.179430 4.740157,
3.089805 -4.175172 4.740157,
2.910195 -4.175172 4.740157,
2.919038 -4.179430 4.740157,
2.928082 -4.183243 4.740157,
2.937306 -4.186600 4.740157,
2.946685 -4.189493 4.740157,
2.956197 -4.191915 4.740157,
2.965817 -4.193860 4.740157,
2.975523 -4.195323 4.740157,
2.985289 -4.196300 4.740157,
2.995092 -4.196789 4.740157,
3.004908 -4.196789 4.740157,
3.014711 -4.196300 4.740157,
3.098425 -4.170477 4.740157,
-2.901575 1.829523 4.740157,
-2.901575 1.170477 4.740157,
3.106800 -4.165359 4.740157,
-2.893200 1.834641 4.740157,
-2.893200 1.165359 4.740157,
-2.885090 1.159830 4.740157,
-2.885090 1.840170 4.740157,
3.114910 -4.159830 4.740157,
3.122734 -4.153904 4.740157,
-2.877266 1.846096 4.740157,
-2.877266 1.153904 4.740157,
3.130253 -4.147595 4.740157,
-2.869747 1.852405 4.740157,
-2.869747 1.147595 4.740157,
3.137448 -4.140919 4.740157,
-2.862552 1.859081 4.740157,
-2.862552 1.140919 4.740157,
3.144302 -4.133892 4.740157,
-2.855698 1.866108 4.740157,
-2.855698 1.133892 4.740157,
3.150796 -4.126533 4.740157,
-2.849204 1.873467 4.740157,
-2.849204 1.126533 4.740157,
3.156916 -4.118859 4.740157,
-2.843084 1.881141 4.740157,
-2.843084 1.118859 4.740157,
-2.837355 1.110890 4.740157,
3.162645 -4.110890 4.740157,
-2.837355 1.889110 4.740157,
-2.832029 1.102645 4.740157,
3.167971 -4.102645 4.740157,
-2.832029 1.897355 4.740157,
3.172878 -4.094144 4.740157,
-2.827122 1.905856 4.740157,
-2.827122 1.094144 4.740157,
3.177356 -4.085410 4.740157,
-2.822644 1.914590 4.740157,
-2.822644 1.085410 4.740157,
3.181393 -4.076464 4.740157,
-2.818607 1.923536 4.740157,
-2.818607 1.076464 4.740157,
-2.815021 1.067327 4.740157,
3.184979 -4.067327 4.740157,
-2.815021 1.932673 4.740157,
-2.811895 1.058023 4.740157,
3.188105 -4.058023 4.740157,
-2.811895 1.941977 4.740157,
-2.809237 1.048574 4.740157,
3.190763 -4.048574 4.740157,
-2.809237 1.951426 4.740157,
3.192947 -4.039005 4.740157,
-2.807053 1.960995 4.740157,
-2.807053 1.039005 4.740157,
-2.805348 1.970661 4.740157,
-2.805348 1.029339 4.740157,
3.194652 -4.029339 4.740157,
3.195872 -4.019600 4.740157,
3.196606 -4.009812 4.740157,
3.196850 -4.000000 4.740157,
3.196606 -3.990188 4.740157,
3.195872 -3.980400 4.740157,
3.194652 -3.970661 4.740157,
3.192947 -3.960995 4.740157,
3.190763 -3.951426 4.740157,
-3.137448 2.859081 4.740157,
-3.144302 2.133892 4.740157,
-3.137448 2.140919 4.740157,
-3.144302 2.866108 4.740157,
2.855698 -3.133892 4.740157,
2.862552 -3.859081 4.740157,
2.862552 -3.140919 4.740157,
2.855698 -3.866108 4.740157,
2.869747 -3.147595 4.740157,
2.869747 -3.852405 4.740157,
-3.130253 2.852405 4.740157,
-3.130253 2.147595 4.740157,
2.849204 -3.126533 4.740157,
2.849204 -3.873467 4.740157,
2.843084 -3.881141 4.740157,
-3.150796 2.873467 4.740157,
-3.150796 2.126533 4.740157,
2.877266 -3.153904 4.740157,
2.877266 -3.846096 4.740157,
2.885090 -3.840170 4.740157,
-3.122734 2.846096 4.740157,
-3.122734 2.153904 4.740157,
-3.114910 2.159830 4.740157,
2.843084 -3.118859 4.740157,
-3.156916 2.881141 4.740157,
-3.156916 2.118859 4.740157,
-3.114910 2.840170 4.740157,
2.885090 -3.159830 4.740157,
2.837355 -3.110890 4.740157,
2.837355 -3.889110 4.740157,
-3.162645 2.889110 4.740157,
-3.162645 2.110890 4.740157,
-3.106800 2.834641 4.740157,
-3.106800 2.165359 4.740157,
2.893200 -3.165359 4.740157,
2.893200 -3.834641 4.740157,
2.832029 -3.102645 4.740157,
2.832029 -3.897355 4.740157,
-3.167971 2.897355 4.740157,
-3.167971 2.102645 4.740157,
2.901575 -3.170477 4.740157,
2.901575 -3.829523 4.740157,
2.910195 -3.824828 4.740157,
-3.098425 2.829523 4.740157,
-3.098425 2.170477 4.740157,
2.827122 -3.094144 4.740157,
2.827122 -3.905856 4.740157,
-3.172878 2.905856 4.740157,
-3.172878 2.094144 4.740157,
2.910195 -3.175172 4.740157,
-3.089805 2.824828 4.740157,
-3.089805 2.175172 4.740157,
2.822644 -3.085410 4.740157,
2.822644 -3.914590 4.740157,
2.818607 -3.923536 4.740157,
-3.177356 2.914590 4.740157,
-3.177356 2.085410 4.740157,
2.919038 -3.179430 4.740157,
2.919038 -3.820570 4.740157,
-3.080962 2.820570 4.740157,
-3.080962 2.179430 4.740157,
-3.181393 2.923536 4.740157,
-3.181393 2.076464 4.740157,
2.818607 -3.076464 4.740157,
-3.071918 2.816757 4.740157,
-3.071918 2.183243 4.740157,
2.928082 -3.183243 4.740157,
2.928082 -3.816757 4.740157,
2.815021 -3.067327 4.740157,
2.815021 -3.932673 4.740157,
2.811895 -3.941977 4.740157,
-3.184979 2.932673 4.740157,
-3.184979 2.067327 4.740157,
-3.188105 2.058023 4.740157,
2.937306 -3.186600 4.740157,
2.937306 -3.813400 4.740157,
2.946685 -3.810507 4.740157,
-3.062694 2.813400 4.740157,
-3.062694 2.186600 4.740157,
2.811895 -3.058023 4.740157,
2.809237 -3.951426 4.740157,
-3.188105 2.941977 4.740157,
2.946685 -3.189493 4.740157,
-3.053315 2.810507 4.740157,
-3.053315 2.189493 4.740157,
2.809237 -3.048574 4.740157,
-3.190763 2.951426 4.740157,
-3.190763 2.048574 4.740157,
-3.043803 2.808085 4.740157,
-3.043803 2.191915 4.740157,
2.956197 -3.191915 4.740157,
2.956197 -3.808085 4.740157,
2.807053 -3.039005 4.740157,
2.807053 -3.960995 4.740157,
-3.192947 2.960995 4.740157,
-3.192947 2.039005 4.740157,
-3.034183 2.806140 4.740157,
-3.034183 2.193860 4.740157,
2.965817 -3.193860 4.740157,
2.965817 -3.806140 4.740157,
2.975523 -3.804677 4.740157,
-3.194652 2.970661 4.740157,
-3.194652 2.029339 4.740157,
2.805348 -3.029339 4.740157,
2.975523 -3.195323 4.740157,
-3.024477 2.804677 4.740157,
-3.024477 2.195323 4.740157,
-3.195872 2.980400 4.740157,
-3.195872 2.019600 4.740157,
2.804128 -3.019600 4.740157,
-2.804128 -3.019600 4.740157,
2.985289 -3.196300 4.740157,
2.985289 -3.803700 4.740157,
2.995092 -3.803211 4.740157,
-3.014711 2.803700 4.740157,
-3.014711 2.196300 4.740157,
2.803394 -3.009812 4.740157,
-2.803394 -3.009812 4.740157,
2.995092 -3.196789 4.740157,
3.004908 -3.803211 4.740157,
-3.004908 2.803211 4.740157,
-3.004908 2.196789 4.740157,
2.803150 -3.000000 4.740157,
-2.803150 -3.000000 4.740157,
3.004908 -3.196789 4.740157,
-2.995092 2.803211 4.740157,
-2.995092 2.196789 4.740157,
2.803394 -2.990188 4.740157,
-2.803394 -2.990188 4.740157,
3.014711 -3.196300 4.740157,
3.014711 -3.803700 4.740157,
3.024477 -3.804677 4.740157,
-2.985289 2.803700 4.740157,
-2.985289 2.196300 4.740157,
-2.975523 2.195323 4.740157,
2.804128 -2.980400 4.740157,
-2.804128 -2.980400 4.740157,
3.024477 -3.195323 4.740157,
-2.975523 2.804677 4.740157,
2.805348 -2.970661 4.740157,
3.034183 -3.193860 4.740157,
3.034183 -3.806140 4.740157,
-2.965817 2.806140 4.740157,
-2.965817 2.193860 4.740157,
3.043803 -3.191915 4.740157,
3.043803 -3.808085 4.740157,
-2.956197 2.808085 4.740157,
-2.956197 2.191915 4.740157,
3.053315 -3.189493 4.740157,
3.053315 -3.810507 4.740157,
-2.946685 2.810507 4.740157,
-2.946685 2.189493 4.740157,
3.062694 -3.186600 4.740157,
3.062694 -3.813400 4.740157,
-2.937306 2.813400 4.740157,
-2.937306 2.186600 4.740157,
3.071918 -3.183243 4.740157,
3.071918 -3.816757 4.740157,
3.080962 -3.820570 4.740157,
-2.928082 2.816757 4.740157,
-2.928082 2.183243 4.740157,
-2.919038 2.179430 4.740157,
3.080962 -3.179430 4.740157,
-2.919038 2.820570 4.740157,
-2.910195 2.175172 4.740157,
3.089805 -3.175172 4.740157,
3.089805 -3.824828 4.740157,
3.098425 -3.829523 4.740157,
-2.910195 2.824828 4.740157,
3.098425 -3.170477 4.740157,
-2.901575 2.829523 4.740157,
-2.901575 2.170477 4.740157,
3.106800 -3.165359 4.740157,
3.106800 -3.834641 4.740157,
-2.893200 2.834641 4.740157,
-2.893200 2.165359 4.740157,
-2.885090 2.159830 4.740157,
3.114910 -3.159830 4.740157,
3.114910 -3.840170 4.740157,
-2.885090 2.840170 4.740157,
3.122734 -3.153904 4.740157,
3.122734 -3.846096 4.740157,
3.130253 -3.852405 4.740157,
-2.877266 2.846096 4.740157,
-2.877266 2.153904 4.740157,
3.130253 -3.147595 4.740157,
-2.869747 2.852405 4.740157,
-2.869747 2.147595 4.740157,
3.137448 -3.140919 4.740157,
3.137448 -3.859081 4.740157,
3.144302 -3.866108 4.740157,
-2.862552 2.859081 4.740157,
-2.862552 2.140919 4.740157,
3.144302 -3.133892 4.740157,
3.150796 -3.873467 4.740157,
-2.855698 2.866108 4.740157,
-2.855698 2.133892 4.740157,
3.150796 -3.126533 4.740157,
3.156916 -3.881141 4.740157,
-2.849204 2.873467 4.740157,
-2.849204 2.126533 4.740157,
3.156916 -3.118859 4.740157,
-2.843084 2.881141 4.740157,
-2.843084 2.118859 4.740157,
-2.837355 2.110890 4.740157,
3.162645 -3.110890 4.740157,
3.162645 -3.889110 4.740157,
-2.837355 2.889110 4.740157,
3.167971 -3.102645 4.740157,
3.167971 -3.897355 4.740157,
-2.832029 2.897355 4.740157,
-2.832029 2.102645 4.740157,
-2.827122 2.094144 4.740157,
3.172878 -3.094144 4.740157,
3.172878 -3.905856 4.740157,
-2.827122 2.905856 4.740157,
3.177356 -3.085410 4.740157,
3.177356 -3.914590 4.740157,
-2.822644 2.914590 4.740157,
-2.822644 2.085410 4.740157,
3.181393 -3.076464 4.740157,
3.181393 -3.923536 4.740157,
-2.818607 2.923536 4.740157,
-2.818607 2.076464 4.740157,
3.184979 -3.067327 4.740157,
3.184979 -3.932673 4.740157,
3.188105 -3.941977 4.740157,
-2.815021 2.932673 4.740157,
-2.815021 2.067327 4.740157,
3.188105 -3.058023 4.740157,
-2.811895 2.941977 4.740157,
-2.811895 2.058023 4.740157,
3.190763 -3.048574 4.740157,
-2.809237 2.951426 4.740157,
-2.809237 2.048574 4.740157,
3.192947 -3.039005 4.740157,
-2.807053 2.960995 4.740157,
-2.807053 2.039005 4.740157,
-2.805348 2.029339 4.740157,
-2.805348 2.970661 4.740157,
3.194652 -3.029339 4.740157,
3.195872 -3.019600 4.740157,
3.196606 -3.009812 4.740157,
3.196850 -3.000000 4.740157,
3.196606 -2.990188 4.740157,
3.195872 -2.980400 4.740157,
-3.137448 3.859081 4.740157,
-3.144302 3.133892 4.740157,
-3.137448 3.140919 4.740157,
-3.144302 3.866108 4.740157,
2.855698 -2.133892 4.740157,
2.855698 -2.866108 4.740157,
2.862552 -2.859081 4.740157,
2.862552 -2.140919 4.740157,
2.869747 -2.147595 4.740157,
2.869747 -2.852405 4.740157,
-3.130253 3.852405 4.740157,
-3.130253 3.147595 4.740157,
-3.150796 3.873467 4.740157,
-3.150796 3.126533 4.740157,
2.849204 -2.126533 4.740157,
2.849204 -2.873467 4.740157,
2.843084 -2.881141 4.740157,
2.877266 -2.153904 4.740157,
2.877266 -2.846096 4.740157,
2.885090 -2.840170 4.740157,
-3.122734 3.846096 4.740157,
-3.122734 3.153904 4.740157,
-3.114910 3.159830 4.740157,
2.843084 -2.118859 4.740157,
-3.156916 3.881141 4.740157,
-3.156916 3.118859 4.740157,
-3.162645 3.110890 4.740157,
2.885090 -2.159830 4.740157,
-3.114910 3.840170 4.740157,
-3.162645 3.889110 4.740157,
2.837355 -2.110890 4.740157,
2.837355 -2.889110 4.740157,
2.893200 -2.165359 4.740157,
2.893200 -2.834641 4.740157,
-3.106800 3.834641 4.740157,
-3.106800 3.165359 4.740157,
-3.098425 3.170477 4.740157,
2.832029 -2.102645 4.740157,
2.832029 -2.897355 4.740157,
-3.167971 3.897355 4.740157,
-3.167971 3.102645 4.740157,
-3.098425 3.829523 4.740157,
2.901575 -2.170477 4.740157,
2.901575 -2.829523 4.740157,
-3.172878 3.905856 4.740157,
-3.172878 3.094144 4.740157,
2.827122 -2.094144 4.740157,
2.827122 -2.905856 4.740157,
2.822644 -2.914590 4.740157,
-3.089805 3.824828 4.740157,
-3.089805 3.175172 4.740157,
-3.080962 3.179430 4.740157,
2.910195 -2.175172 4.740157,
2.910195 -2.824828 4.740157,
2.919038 -2.820570 4.740157,
2.822644 -2.085410 4.740157,
-3.177356 3.914590 4.740157,
-3.177356 3.085410 4.740157,
-3.080962 3.820570 4.740157,
2.919038 -2.179430 4.740157,
-3.181393 3.923536 4.740157,
-3.181393 3.076464 4.740157,
2.818607 -2.076464 4.740157,
2.818607 -2.923536 4.740157,
-3.071918 3.816757 4.740157,
-3.071918 3.183243 4.740157,
2.928082 -2.183243 4.740157,
2.928082 -2.816757 4.740157,
2.937306 -2.813400 4.740157,
-3.184979 3.932673 4.740157,
-3.184979 3.067327 4.740157,
2.815021 -2.067327 4.740157,
2.815021 -2.932673 4.740157,
2.937306 -2.186600 4.740157,
-3.062694 3.813400 4.740157,
-3.062694 3.186600 4.740157,
-3.188105 3.941977 4.740157,
-3.188105 3.058023 4.740157,
2.811895 -2.058023 4.740157,
2.811895 -2.941977 4.740157,
2.946685 -2.189493 4.740157,
2.946685 -2.810507 4.740157,
-3.053315 3.810507 4.740157,
-3.053315 3.189493 4.740157,
-3.043803 3.191915 4.740157,
2.809237 -2.048574 4.740157,
2.809237 -2.951426 4.740157,
2.807053 -2.960995 4.740157,
-3.190763 3.951426 4.740157,
-3.190763 3.048574 4.740157,
-3.043803 3.808085 4.740157,
2.956197 -2.191915 4.740157,
2.956197 -2.808085 4.740157,
2.807053 -2.039005 4.740157,
-3.034183 3.806140 4.740157,
-3.034183 3.193860 4.740157,
-3.024477 3.195323 4.740157,
2.965817 -2.193860 4.740157,
2.965817 -2.806140 4.740157,
2.975523 -2.804677 4.740157,
2.805348 -2.029339 4.740157,
-3.024477 3.804677 4.740157,
2.975523 -2.195323 4.740157,
2.985289 -2.803700 4.740157,
2.804128 -2.019600 4.740157,
-2.804128 -2.019600 4.740157,
-2.803394 -2.009812 4.740157,
2.985289 -2.196300 4.740157,
2.995092 -2.803211 4.740157,
-3.014711 3.803700 4.740157,
-3.014711 3.196300 4.740157,
2.803394 -2.009812 4.740157,
-3.004908 3.803211 4.740157,
-3.004908 3.196789 4.740157,
2.995092 -2.196789 4.740157,
2.803150 -2.000000 4.740157,
-2.803150 -2.000000 4.740157,
3.004908 -2.196789 4.740157,
3.004908 -2.803211 4.740157,
-2.995092 3.803211 4.740157,
-2.995092 3.196789 4.740157,
2.803394 -1.990188 4.740157,
-2.803394 -1.990188 4.740157,
-2.985289 3.803700 4.740157,
-2.985289 3.196300 4.740157,
3.014711 -2.196300 4.740157,
3.014711 -2.803700 4.740157,
2.804128 -1.980400 4.740157,
-2.804128 -1.980400 4.740157,
3.024477 -2.195323 4.740157,
3.024477 -2.804677 4.740157,
-2.975523 3.804677 4.740157,
-2.975523 3.195323 4.740157,
2.805348 -1.970661 4.740157,
3.034183 -2.193860 4.740157,
3.034183 -2.806140 4.740157,
-2.965817 3.806140 4.740157,
-2.965817 3.193860 4.740157,
-2.956197 3.191915 4.740157,
3.043803 -2.191915 4.740157,
3.043803 -2.808085 4.740157,
-2.956197 3.808085 4.740157,
3.053315 -2.189493 4.740157,
3.053315 -2.810507 4.740157,
-2.946685 3.810507 4.740157,
-2.946685 3.189493 4.740157,
-2.937306 3.186600 4.740157,
3.062694 -2.186600 4.740157,
3.062694 -2.813400 4.740157,
-2.937306 3.813400 4.740157,
-2.928082 3.816757 4.740157,
-2.928082 3.183243 4.740157,
-2.919038 3.179430 4.740157,
3.071918 -2.183243 4.740157,
3.071918 -2.816757 4.740157,
3.080962 -2.820570 4.740157,
3.080962 -2.179430 4.740157,
-2.919038 3.820570 4.740157,
-2.910195 3.175172 4.740157,
-2.910195 3.824828 4.740157,
3.089805 -2.175172 4.740157,
3.089805 -2.824828 4.740157,
3.098425 -2.170477 4.740157,
3.098425 -2.829523 4.740157,
-2.901575 3.829523 4.740157,
-2.901575 3.170477 4.740157,
3.106800 -2.165359 4.740157,
3.106800 -2.834641 4.740157,
3.114910 -2.840170 4.740157,
-2.893200 3.834641 4.740157,
-2.893200 3.165359 4.740157,
-2.885090 3.159830 4.740157,
-2.885090 3.840170 4.740157,
3.114910 -2.159830 4.740157,
3.122734 -2.153904 4.740157,
3.122734 -2.846096 4.740157,
3.130253 -2.852405 4.740157,
-2.877266 3.846096 4.740157,
-2.877266 3.153904 4.740157,
-2.869747 3.852405 4.740157,
-2.869747 3.147595 4.740157,
3.130253 -2.147595 4.740157,
-2.862552 3.859081 4.740157,
-2.862552 3.140919 4.740157,
-2.855698 3.133892 4.740157,
3.137448 -2.140919 4.740157,
3.137448 -2.859081 4.740157,
-2.855698 3.866108 4.740157,
-2.849204 3.126533 4.740157,
3.144302 -2.133892 4.740157,
3.144302 -2.866108 4.740157,
3.150796 -2.873467 4.740157,
3.150796 -2.126533 4.740157,
-2.849204 3.873467 4.740157,
-2.843084 3.118859 4.740157,
-2.843084 3.881141 4.740157,
3.156916 -2.118859 4.740157,
3.156916 -2.881141 4.740157,
-2.837355 3.889110 4.740157,
-2.837355 3.110890 4.740157,
3.162645 -2.110890 4.740157,
3.162645 -2.889110 4.740157,
3.167971 -2.102645 4.740157,
3.167971 -2.897355 4.740157,
-2.832029 3.897355 4.740157,
-2.832029 3.102645 4.740157,
3.172878 -2.094144 4.740157,
3.172878 -2.905856 4.740157,
3.177356 -2.914590 4.740157,
-2.827122 3.905856 4.740157,
-2.827122 3.094144 4.740157,
-3.196606 2.009812 4.740157,
-3.196850 2.000000 4.740157,
-3.192947 3.039005 4.740157,
-3.194652 3.029339 4.740157,
-3.195872 3.019600 4.740157,
-3.196606 3.009812 4.740157,
-3.196850 3.000000 4.740157,
-3.196606 2.990188 4.740157,
-3.106800 4.165359 4.740157,
-3.098425 4.170477 4.740157,
-3.114910 4.159830 4.740157,
-3.122734 4.153904 4.740157,
-3.130253 4.147595 4.740157,
-3.137448 4.140919 4.740157,
-3.144302 4.133892 4.740157,
-3.150796 4.126533 4.740157,
-3.156916 4.118859 4.740157,
-3.162645 4.110890 4.740157,
-3.167971 4.102645 4.740157,
-3.172878 4.094144 4.740157,
-3.177356 4.085410 4.740157,
-3.181393 4.076464 4.740157,
-3.184979 4.067327 4.740157,
-3.188105 4.058023 4.740157,
-3.190763 4.048574 4.740157,
-3.192947 4.039005 4.740157,
-3.194652 4.029339 4.740157,
-3.195872 4.019600 4.740157,
-3.196606 4.009812 4.740157,
-3.196850 4.000000 4.740157,
-3.196606 3.990188 4.740157,
-3.195872 3.980400 4.740157,
-3.194652 3.970661 4.740157,
-3.192947 3.960995 4.740157,
-3.089805 4.175172 4.740157,
-2.822644 3.914590 4.740157,
-2.822644 3.085410 4.740157,
3.177356 -2.085410 4.740157,
-3.080962 4.179430 4.740157,
3.181393 -2.076464 4.740157,
3.181393 -2.923536 4.740157,
3.184979 -2.932673 4.740157,
-2.818607 3.923536 4.740157,
-2.818607 3.076464 4.740157,
-3.071918 4.183243 4.740157,
3.184979 -2.067327 4.740157,
-2.815021 3.932673 4.740157,
-2.815021 3.067327 4.740157,
-3.062694 4.186600 4.740157,
-2.811895 3.941977 4.740157,
-2.811895 3.058023 4.740157,
3.188105 -2.058023 4.740157,
3.188105 -2.941977 4.740157,
3.190763 -2.951426 4.740157,
-3.053315 4.189493 4.740157,
-2.809237 3.951426 4.740157,
-2.809237 3.048574 4.740157,
-2.807053 3.039005 4.740157,
3.190763 -2.048574 4.740157,
-3.043803 4.191915 4.740157,
-2.807053 3.960995 4.740157,
-2.805348 3.029339 4.740157,
3.192947 -2.039005 4.740157,
3.192947 -2.960995 4.740157,
3.194652 -2.970661 4.740157,
-3.034183 4.193860 4.740157,
-2.805348 3.970661 4.740157,
3.194652 -2.029339 4.740157,
-3.024477 4.195323 4.740157,
3.195872 -2.019600 4.740157,
-3.014711 4.196300 4.740157,
3.196606 -2.009812 4.740157,
-3.004908 4.196789 4.740157,
3.196850 -2.000000 4.740157,
-2.995092 4.196789 4.740157,
-2.985289 4.196300 4.740157,
-2.975523 4.195323 4.740157,
-2.965817 4.193860 4.740157,
-2.956197 4.191915 4.740157,
-2.946685 4.189493 4.740157,
-2.937306 4.186600 4.740157,
-2.928082 4.183243 4.740157,
-2.919038 4.179430 4.740157,
-2.910195 4.175172 4.740157,
-2.901575 4.170477 4.740157,
2.855698 -1.133892 4.740157,
2.855698 -1.866108 4.740157,
2.862552 -1.859081 4.740157,
2.862552 -1.140919 4.740157,
2.869747 -1.147595 4.740157,
2.869747 -1.852405 4.740157,
2.877266 -1.846096 4.740157,
2.849204 -1.126533 4.740157,
2.849204 -1.873467 4.740157,
2.843084 -1.881141 4.740157,
2.877266 -1.153904 4.740157,
2.885090 -1.840170 4.740157,
2.843084 -1.118859 4.740157,
2.885090 -1.159830 4.740157,
2.837355 -1.110890 4.740157,
2.837355 -1.889110 4.740157,
2.893200 -1.165359 4.740157,
2.893200 -1.834641 4.740157,
2.832029 -1.102645 4.740157,
2.832029 -1.897355 4.740157,
2.901575 -1.170477 4.740157,
2.901575 -1.829523 4.740157,
2.910195 -1.824828 4.740157,
2.827122 -1.094144 4.740157,
2.827122 -1.905856 4.740157,
2.822644 -1.914590 4.740157,
2.910195 -1.175172 4.740157,
2.919038 -1.820570 4.740157,
2.822644 -1.085410 4.740157,
2.919038 -1.179430 4.740157,
2.818607 -1.076464 4.740157,
2.818607 -1.923536 4.740157,
2.928082 -1.183243 4.740157,
2.928082 -1.816757 4.740157,
2.937306 -1.813400 4.740157,
2.815021 -1.067327 4.740157,
2.815021 -1.932673 4.740157,
2.937306 -1.186600 4.740157,
2.811895 -1.058023 4.740157,
2.811895 -1.941977 4.740157,
2.809237 -1.951426 4.740157,
2.946685 -1.189493 4.740157,
2.946685 -1.810507 4.740157,
2.809237 -1.048574 4.740157,
2.956197 -1.191915 4.740157,
2.956197 -1.808085 4.740157,
2.807053 -1.039005 4.740157,
2.807053 -1.960995 4.740157,
2.965817 -1.193860 4.740157,
2.965817 -1.806140 4.740157,
2.975523 -1.804677 4.740157,
2.805348 -1.029339 4.740157,
2.975523 -1.195323 4.740157,
2.985289 -1.803700 4.740157,
2.804128 -1.019600 4.740157,
-2.804128 -1.019600 4.740157,
-2.803394 -1.009812 4.740157,
2.985289 -1.196300 4.740157,
2.995092 -1.803211 4.740157,
2.803394 -1.009812 4.740157,
2.995092 -1.196789 4.740157,
2.803150 -1.000000 4.740157,
-2.803150 -1.000000 4.740157,
3.004908 -1.196789 4.740157,
3.004908 -1.803211 4.740157,
3.014711 -1.803700 4.740157,
2.803394 -0.990188 4.740157,
-2.803394 -0.990188 4.740157,
3.014711 -1.196300 4.740157,
2.804128 -0.980400 4.740157,
-2.804128 -0.980400 4.740157,
3.024477 -1.195323 4.740157,
3.024477 -1.804677 4.740157,
2.805348 -0.970661 4.740157,
3.034183 -1.193860 4.740157,
3.034183 -1.806140 4.740157,
3.043803 -1.191915 4.740157,
3.043803 -1.808085 4.740157,
3.053315 -1.189493 4.740157,
3.053315 -1.810507 4.740157,
3.062694 -1.186600 4.740157,
3.062694 -1.813400 4.740157,
3.071918 -1.183243 4.740157,
3.071918 -1.816757 4.740157,
3.080962 -1.179430 4.740157,
3.080962 -1.820570 4.740157,
3.089805 -1.824828 4.740157,
3.089805 -1.175172 4.740157,
3.098425 -1.170477 4.740157,
3.098425 -1.829523 4.740157,
3.106800 -1.165359 4.740157,
3.106800 -1.834641 4.740157,
3.114910 -1.159830 4.740157,
3.114910 -1.840170 4.740157,
3.122734 -1.846096 4.740157,
3.122734 -1.153904 4.740157,
3.130253 -1.852405 4.740157,
3.130253 -1.147595 4.740157,
3.137448 -1.140919 4.740157,
3.137448 -1.859081 4.740157,
3.144302 -1.866108 4.740157,
3.144302 -1.133892 4.740157,
3.150796 -1.126533 4.740157,
3.150796 -1.873467 4.740157,
3.156916 -1.118859 4.740157,
3.156916 -1.881141 4.740157,
3.162645 -1.110890 4.740157,
3.162645 -1.889110 4.740157,
3.167971 -1.102645 4.740157,
3.167971 -1.897355 4.740157,
3.172878 -1.094144 4.740157,
3.172878 -1.905856 4.740157,
3.177356 -1.914590 4.740157,
3.177356 -1.085410 4.740157,
3.181393 -1.076464 4.740157,
3.181393 -1.923536 4.740157,
3.184979 -1.932673 4.740157,
3.184979 -1.067327 4.740157,
3.188105 -1.058023 4.740157,
3.188105 -1.941977 4.740157,
3.190763 -1.951426 4.740157,
3.190763 -1.048574 4.740157,
3.192947 -1.960995 4.740157,
3.192947 -1.039005 4.740157,
3.194652 -1.970661 4.740157,
3.194652 -1.029339 4.740157,
3.195872 -1.019600 4.740157,
3.195872 -1.980400 4.740157,
3.196606 -1.009812 4.740157,
3.196606 -1.990188 4.740157,
2.855698 -0.133892 4.740157,
2.862552 -0.859081 4.740157,
2.862552 -0.140919 4.740157,
2.855698 -0.866108 4.740157,
2.869747 -0.147595 4.740157,
2.869747 -0.852405 4.740157,
2.849204 -0.126533 4.740157,
2.849204 -0.873467 4.740157,
2.843084 -0.881141 4.740157,
2.877266 -0.153904 4.740157,
2.877266 -0.846096 4.740157,
2.885090 -0.840170 4.740157,
2.843084 -0.118859 4.740157,
2.885090 -0.159830 4.740157,
2.837355 -0.110890 4.740157,
2.837355 -0.889110 4.740157,
2.893200 -0.165359 4.740157,
2.893200 -0.834641 4.740157,
2.832029 -0.102645 4.740157,
2.832029 -0.897355 4.740157,
2.901575 -0.170477 4.740157,
2.901575 -0.829523 4.740157,
2.910195 -0.824828 4.740157,
2.827122 -0.094144 4.740157,
2.827122 -0.905856 4.740157,
2.910195 -0.175172 4.740157,
2.822644 -0.085410 4.740157,
2.822644 -0.914590 4.740157,
2.919038 -0.179430 4.740157,
2.919038 -0.820570 4.740157,
2.818607 -0.076464 4.740157,
2.818607 -0.923536 4.740157,
2.928082 -0.183243 4.740157,
2.928082 -0.816757 4.740157,
2.815021 -0.067327 4.740157,
2.815021 -0.932673 4.740157,
2.811895 -0.941977 4.740157,
2.937306 -0.186600 4.740157,
2.937306 -0.813400 4.740157,
2.811895 -0.058023 4.740157,
2.946685 -0.189493 4.740157,
2.946685 -0.810507 4.740157,
2.809237 -0.048574 4.740157,
2.809237 -0.951426 4.740157,
2.807053 -0.960995 4.740157,
2.956197 -0.191915 4.740157,
2.956197 -0.808085 4.740157,
2.807053 -0.039005 4.740157,
2.965817 -0.193860 4.740157,
2.965817 -0.806140 4.740157,
2.975523 -0.804677 4.740157,
2.805348 -0.029339 4.740157,
2.975523 -0.195323 4.740157,
2.804128 -0.019600 4.740157,
-2.804128 -0.019600 4.740157,
2.985289 -0.196300 4.740157,
2.985289 -0.803700 4.740157,
2.995092 -0.803211 4.740157,
2.803394 -0.009812 4.740157,
-2.803394 -0.009812 4.740157,
2.995092 -0.196789 4.740157,
3.004908 -0.803211 4.740157,
2.803150 -0.000000 4.740157,
-2.803150 -0.000000 4.740157,
3.004908 -0.196789 4.740157,
3.014711 -0.803700 4.740157,
2.803394 0.009812 4.740157,
-2.803394 0.009812 4.740157,
3.014711 -0.196300 4.740157,
3.024477 -0.804677 4.740157,
2.804128 0.019600 4.740157,
-2.804128 0.019600 4.740157,
3.024477 -0.195323 4.740157,
3.034183 -0.806140 4.740157,
2.805348 0.029339 4.740157,
3.034183 -0.193860 4.740157,
3.043803 -0.191915 4.740157,
3.043803 -0.808085 4.740157,
3.053315 -0.189493 4.740157,
3.053315 -0.810507 4.740157,
3.062694 -0.813400 4.740157,
3.062694 -0.186600 4.740157,
3.071918 -0.183243 4.740157,
3.071918 -0.816757 4.740157,
3.080962 -0.179430 4.740157,
3.080962 -0.820570 4.740157,
3.089805 -0.175172 4.740157,
3.089805 -0.824828 4.740157,
3.098425 -0.170477 4.740157,
3.098425 -0.829523 4.740157,
3.106800 -0.165359 4.740157,
3.106800 -0.834641 4.740157,
3.114910 -0.159830 4.740157,
3.114910 -0.840170 4.740157,
3.122734 -0.153904 4.740157,
3.122734 -0.846096 4.740157,
3.130253 -0.852405 4.740157,
3.130253 -0.147595 4.740157,
3.137448 -0.140919 4.740157,
3.137448 -0.859081 4.740157,
3.144302 -0.133892 4.740157,
3.144302 -0.866108 4.740157,
3.150796 -0.873467 4.740157,
3.150796 -0.126533 4.740157,
3.156916 -0.118859 4.740157,
3.156916 -0.881141 4.740157,
3.162645 -0.889110 4.740157,
3.162645 -0.110890 4.740157,
3.167971 -0.102645 4.740157,
3.167971 -0.897355 4.740157,
3.172878 -0.905856 4.740157,
3.172878 -0.094144 4.740157,
3.177356 -0.914590 4.740157,
3.177356 -0.085410 4.740157,
3.181393 -0.076464 4.740157,
3.181393 -0.923536 4.740157,
3.184979 -0.932673 4.740157,
3.184979 -0.067327 4.740157,
3.188105 -0.058023 4.740157,
3.188105 -0.941977 4.740157,
3.190763 -0.951426 4.740157,
3.190763 -0.048574 4.740157,
3.192947 -0.960995 4.740157,
3.192947 -0.039005 4.740157,
3.194652 -0.970661 4.740157,
3.194652 -0.029339 4.740157,
3.195872 -0.019600 4.740157,
3.195872 -0.980400 4.740157,
3.196606 -0.990188 4.740157,
3.196606 -0.009812 4.740157,
2.862552 0.859081 4.740157,
2.862552 0.140919 4.740157,
2.869747 0.147595 4.740157,
2.855698 0.866108 4.740157,
2.855698 0.133892 4.740157,
2.869747 0.852405 4.740157,
2.849204 0.873467 4.740157,
2.849204 0.126533 4.740157,
2.877266 0.846096 4.740157,
2.877266 0.153904 4.740157,
2.885090 0.159830 4.740157,
2.843084 0.881141 4.740157,
2.843084 0.118859 4.740157,
2.837355 0.110890 4.740157,
2.885090 0.840170 4.740157,
2.837355 0.889110 4.740157,
2.893200 0.834641 4.740157,
2.893200 0.165359 4.740157,
2.832029 0.897355 4.740157,
2.832029 0.102645 4.740157,
2.901575 0.829523 4.740157,
2.901575 0.170477 4.740157,
2.910195 0.175172 4.740157,
2.827122 0.905856 4.740157,
2.827122 0.094144 4.740157,
2.910195 0.824828 4.740157,
2.822644 0.914590 4.740157,
2.822644 0.085410 4.740157,
2.919038 0.820570 4.740157,
2.919038 0.179430 4.740157,
2.818607 0.923536 4.740157,
2.818607 0.076464 4.740157,
2.928082 0.816757 4.740157,
2.928082 0.183243 4.740157,
2.815021 0.932673 4.740157,
2.815021 0.067327 4.740157,
2.811895 0.058023 4.740157,
2.937306 0.813400 4.740157,
2.937306 0.186600 4.740157,
2.946685 0.189493 4.740157,
2.811895 0.941977 4.740157,
2.809237 0.048574 4.740157,
2.946685 0.810507 4.740157,
2.956197 0.191915 4.740157,
2.809237 0.951426 4.740157,
2.807053 0.039005 4.740157,
2.956197 0.808085 4.740157,
2.807053 0.960995 4.740157,
2.965817 0.806140 4.740157,
2.965817 0.193860 4.740157,
2.975523 0.195323 4.740157,
2.805348 0.970661 4.740157,
2.975523 0.804677 4.740157,
2.804128 0.980400 4.740157,
-2.804128 0.980400 4.740157,
-2.803394 0.990188 4.740157,
2.985289 0.803700 4.740157,
2.985289 0.196300 4.740157,
2.803394 0.990188 4.740157,
2.995092 0.803211 4.740157,
2.995092 0.196789 4.740157,
2.803150 1.000000 4.740157,
-2.803150 1.000000 4.740157,
3.004908 0.803211 4.740157,
3.004908 0.196789 4.740157,
2.803394 1.009812 4.740157,
-2.803394 1.009812 4.740157,
3.014711 0.803700 4.740157,
3.014711 0.196300 4.740157,
3.024477 0.195323 4.740157,
2.804128 1.019600 4.740157,
-2.804128 1.019600 4.740157,
3.024477 0.804677 4.740157,
2.805348 1.029339 4.740157,
3.034183 0.806140 4.740157,
3.034183 0.193860 4.740157,
3.043803 0.191915 4.740157,
3.043803 0.808085 4.740157,
3.053315 0.810507 4.740157,
3.053315 0.189493 4.740157,
3.062694 0.813400 4.740157,
3.062694 0.186600 4.740157,
3.071918 0.816757 4.740157,
3.071918 0.183243 4.740157,
3.080962 0.820570 4.740157,
3.080962 0.179430 4.740157,
3.089805 0.824828 4.740157,
3.089805 0.175172 4.740157,
3.098425 0.829523 4.740157,
3.098425 0.170477 4.740157,
3.106800 0.165359 4.740157,
3.106800 0.834641 4.740157,
3.114910 0.840170 4.740157,
3.114910 0.159830 4.740157,
3.122734 0.846096 4.740157,
3.122734 0.153904 4.740157,
3.130253 0.852405 4.740157,
3.130253 0.147595 4.740157,
3.137448 0.140919 4.740157,
3.137448 0.859081 4.740157,
3.144302 0.133892 4.740157,
3.144302 0.866108 4.740157,
3.150796 0.126533 4.740157,
3.150796 0.873467 4.740157,
3.156916 0.118859 4.740157,
3.156916 0.881141 4.740157,
3.162645 0.889110 4.740157,
3.162645 0.110890 4.740157,
3.167971 0.897355 4.740157,
3.167971 0.102645 4.740157,
3.172878 0.905856 4.740157,
3.172878 0.094144 4.740157,
3.177356 0.085410 4.740157,
3.177356 0.914590 4.740157,
3.181393 0.923536 4.740157,
3.181393 0.076464 4.740157,
3.184979 0.932673 4.740157,
3.184979 0.067327 4.740157,
3.188105 0.058023 4.740157,
3.188105 0.941977 4.740157,
3.190763 0.048574 4.740157,
3.190763 0.951426 4.740157,
3.192947 0.039005 4.740157,
3.192947 0.960995 4.740157,
3.194652 0.029339 4.740157,
3.194652 0.970661 4.740157,
3.195872 0.019600 4.740157,
3.195872 0.980400 4.740157,
3.196606 0.009812 4.740157,
3.196606 0.990188 4.740157,
2.862552 1.859081 4.740157,
2.855698 1.133892 4.740157,
2.862552 1.140919 4.740157,
2.855698 1.866108 4.740157,
2.869747 1.852405 4.740157,
2.869747 1.147595 4.740157,
2.849204 1.873467 4.740157,
2.843084 1.118859 4.740157,
2.849204 1.126533 4.740157,
2.877266 1.846096 4.740157,
2.877266 1.153904 4.740157,
2.885090 1.159830 4.740157,
2.843084 1.881141 4.740157,
2.885090 1.840170 4.740157,
2.837355 1.889110 4.740157,
2.837355 1.110890 4.740157,
2.893200 1.834641 4.740157,
2.893200 1.165359 4.740157,
2.901575 1.170477 4.740157,
2.832029 1.897355 4.740157,
2.832029 1.102645 4.740157,
2.901575 1.829523 4.740157,
2.910195 1.175172 4.740157,
2.827122 1.905856 4.740157,
2.827122 1.094144 4.740157,
2.910195 1.824828 4.740157,
2.822644 1.914590 4.740157,
2.822644 1.085410 4.740157,
2.919038 1.820570 4.740157,
2.919038 1.179430 4.740157,
2.818607 1.923536 4.740157,
2.818607 1.076464 4.740157,
2.928082 1.816757 4.740157,
2.928082 1.183243 4.740157,
2.815021 1.932673 4.740157,
2.815021 1.067327 4.740157,
2.811895 1.058023 4.740157,
2.937306 1.813400 4.740157,
2.937306 1.186600 4.740157,
2.811895 1.941977 4.740157,
2.809237 1.048574 4.740157,
2.946685 1.810507 4.740157,
2.946685 1.189493 4.740157,
2.809237 1.951426 4.740157,
2.807053 1.039005 4.740157,
2.956197 1.808085 4.740157,
2.956197 1.191915 4.740157,
2.807053 1.960995 4.740157,
2.965817 1.806140 4.740157,
2.965817 1.193860 4.740157,
2.805348 1.970661 4.740157,
2.975523 1.804677 4.740157,
2.975523 1.195323 4.740157,
2.985289 1.196300 4.740157,
2.804128 1.980400 4.740157,
-2.804128 1.980400 4.740157,
2.985289 1.803700 4.740157,
2.995092 1.196789 4.740157,
2.803394 1.990188 4.740157,
-2.803394 1.990188 4.740157,
2.995092 1.803211 4.740157,
2.803150 2.000000 4.740157,
-2.803150 2.000000 4.740157,
3.004908 1.803211 4.740157,
3.004908 1.196789 4.740157,
3.014711 1.196300 4.740157,
2.803394 2.009812 4.740157,
-2.803394 2.009812 4.740157,
-2.804128 2.019600 4.740157,
3.014711 1.803700 4.740157,
3.024477 1.195323 4.740157,
2.804128 2.019600 4.740157,
3.024477 1.804677 4.740157,
2.805348 2.029339 4.740157,
3.034183 1.806140 4.740157,
3.034183 1.193860 4.740157,
3.043803 1.808085 4.740157,
3.043803 1.191915 4.740157,
3.053315 1.810507 4.740157,
3.053315 1.189493 4.740157,
3.062694 1.813400 4.740157,
3.062694 1.186600 4.740157,
3.071918 1.816757 4.740157,
3.071918 1.183243 4.740157,
3.080962 1.820570 4.740157,
3.080962 1.179430 4.740157,
3.089805 1.824828 4.740157,
3.089805 1.175172 4.740157,
3.098425 1.170477 4.740157,
3.098425 1.829523 4.740157,
3.106800 1.834641 4.740157,
3.106800 1.165359 4.740157,
3.114910 1.840170 4.740157,
3.114910 1.159830 4.740157,
3.122734 1.153904 4.740157,
3.122734 1.846096 4.740157,
3.130253 1.147595 4.740157,
3.130253 1.852405 4.740157,
3.137448 1.140919 4.740157,
3.137448 1.859081 4.740157,
3.144302 1.866108 4.740157,
3.144302 1.133892 4.740157,
3.150796 1.126533 4.740157,
3.150796 1.873467 4.740157,
3.156916 1.881141 4.740157,
3.156916 1.118859 4.740157,
3.162645 1.110890 4.740157,
3.162645 1.889110 4.740157,
3.167971 1.897355 4.740157,
3.167971 1.102645 4.740157,
3.172878 1.905856 4.740157,
3.172878 1.094144 4.740157,
3.177356 1.085410 4.740157,
3.177356 1.914590 4.740157,
3.181393 1.923536 4.740157,
3.181393 1.076464 4.740157,
3.184979 1.067327 4.740157,
3.184979 1.932673 4.740157,
3.188105 1.941977 4.740157,
3.188105 1.058023 4.740157,
3.190763 1.048574 4.740157,
3.190763 1.951426 4.740157,
3.192947 1.960995 4.740157,
3.192947 1.039005 4.740157,
3.194652 1.970661 4.740157,
3.194652 1.029339 4.740157,
3.195872 1.980400 4.740157,
3.195872 1.019600 4.740157,
3.196606 1.009812 4.740157,
3.196606 1.990188 4.740157,
2.855698 2.866108 4.740157,
2.855698 2.133892 4.740157,
2.862552 2.140919 4.740157,
2.862552 2.859081 4.740157,
2.869747 2.852405 4.740157,
2.869747 2.147595 4.740157,
2.849204 2.873467 4.740157,
2.849204 2.126533 4.740157,
2.877266 2.846096 4.740157,
2.877266 2.153904 4.740157,
2.885090 2.159830 4.740157,
2.843084 2.881141 4.740157,
2.843084 2.118859 4.740157,
2.837355 2.110890 4.740157,
2.885090 2.840170 4.740157,
2.837355 2.889110 4.740157,
2.893200 2.834641 4.740157,
2.893200 2.165359 4.740157,
2.832029 2.897355 4.740157,
2.832029 2.102645 4.740157,
2.901575 2.829523 4.740157,
2.901575 2.170477 4.740157,
2.827122 2.905856 4.740157,
2.827122 2.094144 4.740157,
2.910195 2.824828 4.740157,
2.910195 2.175172 4.740157,
2.919038 2.179430 4.740157,
2.822644 2.914590 4.740157,
2.822644 2.085410 4.740157,
2.919038 2.820570 4.740157,
2.818607 2.923536 4.740157,
2.818607 2.076464 4.740157,
2.928082 2.816757 4.740157,
2.928082 2.183243 4.740157,
2.937306 2.186600 4.740157,
2.815021 2.932673 4.740157,
2.815021 2.067327 4.740157,
2.937306 2.813400 4.740157,
2.811895 2.941977 4.740157,
2.811895 2.058023 4.740157,
2.946685 2.810507 4.740157,
2.946685 2.189493 4.740157,
2.956197 2.191915 4.740157,
2.809237 2.951426 4.740157,
2.809237 2.048574 4.740157,
2.807053 2.039005 4.740157,
2.956197 2.808085 4.740157,
2.965817 2.193860 4.740157,
2.807053 2.960995 4.740157,
2.965817 2.806140 4.740157,
2.805348 2.970661 4.740157,
2.975523 2.804677 4.740157,
2.975523 2.195323 4.740157,
2.804128 2.980400 4.740157,
-2.804128 2.980400 4.740157,
2.985289 2.803700 4.740157,
2.985289 2.196300 4.740157,
2.803394 2.990188 4.740157,
-2.803394 2.990188 4.740157,
2.995092 2.803211 4.740157,
2.995092 2.196789 4.740157,
2.803150 3.000000 4.740157,
-2.803150 3.000000 4.740157,
3.004908 2.803211 4.740157,
3.004908 2.196789 4.740157,
2.803394 3.009812 4.740157,
-2.803394 3.009812 4.740157,
3.014711 2.803700 4.740157,
3.014711 2.196300 4.740157,
2.804128 3.019600 4.740157,
-2.804128 3.019600 4.740157,
3.024477 2.804677 4.740157,
3.024477 2.195323 4.740157,
2.805348 3.029339 4.740157,
3.034183 2.806140 4.740157,
3.034183 2.193860 4.740157,
3.043803 2.808085 4.740157,
3.043803 2.191915 4.740157,
3.053315 2.810507 4.740157,
3.053315 2.189493 4.740157,
3.062694 2.813400 4.740157,
3.062694 2.186600 4.740157,
3.071918 2.183243 4.740157,
3.071918 2.816757 4.740157,
3.080962 2.820570 4.740157,
3.080962 2.179430 4.740157,
3.089805 2.824828 4.740157,
3.089805 2.175172 4.740157,
3.098425 2.829523 4.740157,
3.098425 2.170477 4.740157,
3.106800 2.834641 4.740157,
3.106800 2.165359 4.740157,
3.114910 2.840170 4.740157,
3.114910 2.159830 4.740157,
3.122734 2.846096 4.740157,
3.122734 2.153904 4.740157,
3.130253 2.147595 4.740157,
3.130253 2.852405 4.740157,
3.137448 2.140919 4.740157,
3.137448 2.859081 4.740157,
3.144302 2.866108 4.740157,
3.144302 2.133892 4.740157,
3.150796 2.873467 4.740157,
3.150796 2.126533 4.740157,
3.156916 2.881141 4.740157,
3.156916 2.118859 4.740157,
3.162645 2.110890 4.740157,
3.162645 2.889110 4.740157,
3.167971 2.897355 4.740157,
3.167971 2.102645 4.740157,
3.172878 2.094144 4.740157,
3.172878 2.905856 4.740157,
3.177356 2.914590 4.740157,
3.177356 2.085410 4.740157,
3.181393 2.923536 4.740157,
3.181393 2.076464 4.740157,
3.184979 2.067327 4.740157,
3.184979 2.932673 4.740157,
3.188105 2.941977 4.740157,
3.188105 2.058023 4.740157,
3.190763 2.048574 4.740157,
3.190763 2.951426 4.740157,
3.192947 2.039005 4.740157,
3.192947 2.960995 4.740157,
3.194652 2.029339 4.740157,
3.194652 2.970661 4.740157,
3.195872 2.980400 4.740157,
3.195872 2.019600 4.740157,
2.862552 3.859081 4.740157,
2.855698 3.133892 4.740157,
2.862552 3.140919 4.740157,
2.855698 3.866108 4.740157,
2.869747 3.852405 4.740157,
2.869747 3.147595 4.740157,
2.849204 3.873467 4.740157,
2.849204 3.126533 4.740157,
2.843084 3.118859 4.740157,
2.877266 3.846096 4.740157,
2.877266 3.153904 4.740157,
2.885090 3.159830 4.740157,
2.843084 3.881141 4.740157,
2.885090 3.840170 4.740157,
2.837355 3.889110 4.740157,
2.837355 3.110890 4.740157,
2.893200 3.834641 4.740157,
2.893200 3.165359 4.740157,
2.832029 3.897355 4.740157,
2.832029 3.102645 4.740157,
2.901575 3.829523 4.740157,
2.901575 3.170477 4.740157,
2.910195 3.175172 4.740157,
2.827122 3.905856 4.740157,
2.827122 3.094144 4.740157,
2.910195 3.824828 4.740157,
2.822644 3.914590 4.740157,
2.822644 3.085410 4.740157,
2.919038 3.820570 4.740157,
2.919038 3.179430 4.740157,
2.818607 3.923536 4.740157,
2.818607 3.076464 4.740157,
2.928082 3.816757 4.740157,
2.928082 3.183243 4.740157,
2.815021 3.932673 4.740157,
2.815021 3.067327 4.740157,
2.937306 3.813400 4.740157,
2.937306 3.186600 4.740157,
2.811895 3.941977 4.740157,
2.811895 3.058023 4.740157,
2.809237 3.048574 4.740157,
2.946685 3.810507 4.740157,
2.946685 3.189493 4.740157,
2.956197 3.191915 4.740157,
2.809237 3.951426 4.740157,
2.807053 3.039005 4.740157,
2.956197 3.808085 4.740157,
2.807053 3.960995 4.740157,
2.965817 3.806140 4.740157,
2.965817 3.193860 4.740157,
2.975523 3.195323 4.740157,
2.805348 3.970661 4.740157,
2.975523 3.804677 4.740157,
2.804128 3.980400 4.740157,
-2.804128 3.980400 4.740157,
2.985289 3.803700 4.740157,
2.985289 3.196300 4.740157,
2.803394 3.990188 4.740157,
-2.803394 3.990188 4.740157,
2.995092 3.803211 4.740157,
2.995092 3.196789 4.740157,
3.004908 3.196789 4.740157,
2.803150 4.000000 4.740157,
-2.803150 4.000000 4.740157,
3.004908 3.803211 4.740157,
2.803394 4.009812 4.740157,
-2.803394 4.009812 4.740157,
3.014711 3.803700 4.740157,
3.014711 3.196300 4.740157,
2.804128 4.019600 4.740157,
-2.804128 4.019600 4.740157,
3.024477 3.804677 4.740157,
3.024477 3.195323 4.740157,
2.805348 4.029339 4.740157,
-2.805348 4.029339 4.740157,
3.034183 3.806140 4.740157,
3.034183 3.193860 4.740157,
2.807053 4.039005 4.740157,
-2.807053 4.039005 4.740157,
3.043803 3.808085 4.740157,
3.043803 3.191915 4.740157,
2.809237 4.048574 4.740157,
-2.809237 4.048574 4.740157,
3.053315 3.810507 4.740157,
3.053315 3.189493 4.740157,
2.811895 4.058023 4.740157,
-2.811895 4.058023 4.740157,
3.062694 3.813400 4.740157,
3.062694 3.186600 4.740157,
3.071918 3.183243 4.740157,
2.815021 4.067327 4.740157,
-2.815021 4.067327 4.740157,
-2.818607 4.076464 4.740157,
3.071918 3.816757 4.740157,
2.818607 4.076464 4.740157,
3.080962 3.820570 4.740157,
3.080962 3.179430 4.740157,
2.822644 4.085410 4.740157,
-2.822644 4.085410 4.740157,
3.089805 3.824828 4.740157,
3.089805 3.175172 4.740157,
2.827122 4.094144 4.740157,
-2.827122 4.094144 4.740157,
3.098425 3.829523 4.740157,
3.098425 3.170477 4.740157,
2.832029 4.102645 4.740157,
-2.832029 4.102645 4.740157,
3.106800 3.834641 4.740157,
3.106800 3.165359 4.740157,
3.114910 3.159830 4.740157,
2.837355 4.110890 4.740157,
-2.837355 4.110890 4.740157,
3.114910 3.840170 4.740157,
3.122734 3.153904 4.740157,
2.843084 4.118859 4.740157,
-2.843084 4.118859 4.740157,
3.122734 3.846096 4.740157,
3.130253 3.147595 4.740157,
2.849204 4.126533 4.740157,
-2.849204 4.126533 4.740157,
3.130253 3.852405 4.740157,
2.855698 4.133892 4.740157,
-2.855698 4.133892 4.740157,
3.137448 3.859081 4.740157,
3.137448 3.140919 4.740157,
2.862552 4.140919 4.740157,
-2.862552 4.140919 4.740157,
-2.869747 4.147595 4.740157,
3.144302 3.866108 4.740157,
3.144302 3.133892 4.740157,
3.150796 3.126533 4.740157,
2.869747 4.147595 4.740157,
3.150796 3.873467 4.740157,
2.877266 4.153904 4.740157,
-2.877266 4.153904 4.740157,
3.156916 3.881141 4.740157,
3.156916 3.118859 4.740157,
3.162645 3.110890 4.740157,
2.885090 4.159830 4.740157,
-2.885090 4.159830 4.740157,
3.162645 3.889110 4.740157,
2.893200 4.165359 4.740157,
-2.893200 4.165359 4.740157,
3.167971 3.897355 4.740157,
3.167971 3.102645 4.740157,
3.172878 3.905856 4.740157,
3.172878 3.094144 4.740157,
3.177356 3.085410 4.740157,
3.177356 3.914590 4.740157,
3.181393 3.076464 4.740157,
3.181393 3.923536 4.740157,
3.184979 3.932673 4.740157,
3.184979 3.067327 4.740157,
3.188105 3.941977 4.740157,
3.188105 3.058023 4.740157,
3.190763 3.951426 4.740157,
3.190763 3.048574 4.740157,
3.543307 4.625984 4.740157,
3.196850 2.000000 4.740157,
3.196606 3.009812 4.740157,
3.196850 3.000000 4.740157,
3.195872 3.019600 4.740157,
3.194652 3.029339 4.740157,
3.192947 3.039005 4.740157,
3.196606 2.990188 4.740157,
3.196606 4.009812 4.740157,
3.196850 4.000000 4.740157,
3.195872 4.019600 4.740157,
3.194652 4.029339 4.740157,
3.192947 4.039005 4.740157,
3.190763 4.048574 4.740157,
3.188105 4.058023 4.740157,
3.184979 4.067327 4.740157,
3.181393 4.076464 4.740157,
3.177356 4.085410 4.740157,
3.172878 4.094144 4.740157,
3.167971 4.102645 4.740157,
3.162645 4.110890 4.740157,
3.156916 4.118859 4.740157,
3.150796 4.126533 4.740157,
3.144302 4.133892 4.740157,
3.137448 4.140919 4.740157,
3.130253 4.147595 4.740157,
3.122734 4.153904 4.740157,
3.114910 4.159830 4.740157,
3.106800 4.165359 4.740157,
3.192947 3.960995 4.740157,
3.098425 4.170477 4.740157,
3.194652 3.970661 4.740157,
3.089805 4.175172 4.740157,
3.195872 3.980400 4.740157,
3.080962 4.179430 4.740157,
3.196606 3.990188 4.740157,
3.071918 4.183243 4.740157,
3.062694 4.186600 4.740157,
3.053315 4.189493 4.740157,
3.043803 4.191915 4.740157,
3.034183 4.193860 4.740157,
3.024477 4.195323 4.740157,
3.014711 4.196300 4.740157,
3.004908 4.196789 4.740157,
2.995092 4.196789 4.740157,
2.985289 4.196300 4.740157,
2.975523 4.195323 4.740157,
2.965817 4.193860 4.740157,
2.956197 4.191915 4.740157,
2.946685 4.189493 4.740157,
2.937306 4.186600 4.740157,
2.928082 4.183243 4.740157,
2.919038 4.179430 4.740157,
2.910195 4.175172 4.740157,
2.901575 4.170477 4.740157,
3.196606 2.009812 4.740157,
-3.196850 -1.000000 4.740157,
-3.196850 -0.000000 4.740157,
-3.196850 1.000000 4.740157,
3.196850 1.000000 4.740157,
3.196850 -0.000000 4.740157,
3.196850 -1.000000 4.740157,
3.543307 4.625984 4.346457,
-3.144302 -4.133892 4.346457,
-3.137448 -4.140919 4.346457,
-3.130253 -4.147595 4.346457,
-3.150796 -4.126533 4.346457,
-3.122734 -4.153904 4.346457,
-3.156916 -4.118859 4.346457,
-3.114910 -4.159830 4.346457,
-3.162645 -4.110890 4.346457,
-3.106800 -4.165359 4.346457,
-3.167971 -4.102645 4.346457,
-3.098425 -4.170477 4.346457,
-3.172878 -4.094144 4.346457,
-3.089805 -4.175172 4.346457,
-3.177356 -4.085410 4.346457,
-3.080962 -4.179430 4.346457,
-3.181393 -4.076464 4.346457,
-3.071918 -4.183243 4.346457,
-3.184979 -4.067327 4.346457,
-3.062694 -4.186600 4.346457,
-3.188105 -4.058023 4.346457,
-3.053315 -4.189493 4.346457,
-3.190763 -4.048574 4.346457,
-3.043803 -4.191915 4.346457,
-3.192947 -4.039005 4.346457,
-3.034183 -4.193860 4.346457,
-3.194652 -4.029339 4.346457,
-3.024477 -4.195323 4.346457,
-3.195872 -4.019600 4.346457,
-3.014711 -4.196300 4.346457,
-3.196606 -4.009812 4.346457,
-3.004908 -4.196789 4.346457,
-3.196850 -4.000000 4.346457,
-2.995092 -4.196789 4.346457,
-3.196606 -3.990188 4.346457,
-2.985289 -4.196300 4.346457,
-3.195872 -3.980400 4.346457,
-2.975523 -4.195323 4.346457,
-3.194652 -3.970661 4.346457,
-2.965817 -4.193860 4.346457,
-3.192947 -3.960995 4.346457,
-2.956197 -4.191915 4.346457,
-3.190763 -3.951426 4.346457,
-2.946685 -4.189493 4.346457,
-2.937306 -4.186600 4.346457,
-2.928082 -4.183243 4.346457,
-2.919038 -4.179430 4.346457,
-2.910195 -4.175172 4.346457,
-2.901575 -4.170477 4.346457,
-3.144302 -3.866108 4.346457,
-3.144302 -3.133892 4.346457,
-3.137448 -3.859081 4.346457,
-3.137448 -3.140919 4.346457,
-3.130253 -3.147595 4.346457,
-3.130253 -3.852405 4.346457,
-3.150796 -3.126533 4.346457,
-3.150796 -3.873467 4.346457,
-3.122734 -3.153904 4.346457,
-3.122734 -3.846096 4.346457,
-3.156916 -3.118859 4.346457,
-3.156916 -3.881141 4.346457,
-3.114910 -3.159830 4.346457,
-3.114910 -3.840170 4.346457,
-3.162645 -3.110890 4.346457,
-3.162645 -3.889110 4.346457,
-3.106800 -3.165359 4.346457,
-3.106800 -3.834641 4.346457,
-3.167971 -3.102645 4.346457,
-3.167971 -3.897355 4.346457,
-3.098425 -3.170477 4.346457,
-3.098425 -3.829523 4.346457,
-3.172878 -3.094144 4.346457,
-3.172878 -3.905856 4.346457,
-3.089805 -3.175172 4.346457,
-3.089805 -3.824828 4.346457,
-3.177356 -3.085410 4.346457,
-3.177356 -3.914590 4.346457,
-3.080962 -3.179430 4.346457,
-3.080962 -3.820570 4.346457,
-3.181393 -3.076464 4.346457,
-3.181393 -3.923536 4.346457,
-3.071918 -3.183243 4.346457,
-3.071918 -3.816757 4.346457,
-3.062694 -3.813400 4.346457,
-3.184979 -3.067327 4.346457,
-3.184979 -3.932673 4.346457,
-3.062694 -3.186600 4.346457,
-3.188105 -3.058023 4.346457,
-3.188105 -3.941977 4.346457,
-3.053315 -3.189493 4.346457,
-3.053315 -3.810507 4.346457,
-3.190763 -3.048574 4.346457,
-3.043803 -3.808085 4.346457,
-3.043803 -3.191915 4.346457,
-3.034183 -3.806140 4.346457,
-3.192947 -3.039005 4.346457,
-3.034183 -3.193860 4.346457,
-3.194652 -3.029339 4.346457,
-3.024477 -3.804677 4.346457,
-3.024477 -3.195323 4.346457,
-3.014711 -3.803700 4.346457,
-3.195872 -3.019600 4.346457,
-3.014711 -3.196300 4.346457,
-3.196606 -3.009812 4.346457,
-3.004908 -3.196789 4.346457,
-3.004908 -3.803211 4.346457,
-3.196850 -3.000000 4.346457,
-2.995092 -3.196789 4.346457,
-2.995092 -3.803211 4.346457,
-3.196606 -2.990188 4.346457,
-2.985289 -3.196300 4.346457,
-2.985289 -3.803700 4.346457,
-3.195872 -2.980400 4.346457,
-2.975523 -3.195323 4.346457,
-2.975523 -3.804677 4.346457,
-2.965817 -3.193860 4.346457,
-2.965817 -3.806140 4.346457,
-2.956197 -3.191915 4.346457,
-2.956197 -3.808085 4.346457,
-2.946685 -3.189493 4.346457,
-2.946685 -3.810507 4.346457,
-2.937306 -3.813400 4.346457,
-2.937306 -3.186600 4.346457,
-2.928082 -3.816757 4.346457,
-2.928082 -3.183243 4.346457,
-2.919038 -3.820570 4.346457,
-2.919038 -3.179430 4.346457,
-2.910195 -3.824828 4.346457,
-2.910195 -3.175172 4.346457,
-2.901575 -3.170477 4.346457,
-2.901575 -3.829523 4.346457,
-2.893200 -3.165359 4.346457,
-2.893200 -3.834641 4.346457,
-2.885090 -3.159830 4.346457,
-2.885090 -3.840170 4.346457,
-2.877266 -3.153904 4.346457,
-2.877266 -3.846096 4.346457,
-2.869747 -3.852405 4.346457,
-2.869747 -3.147595 4.346457,
-2.862552 -3.859081 4.346457,
-2.862552 -3.140919 4.346457,
-2.855698 -3.866108 4.346457,
-2.855698 -3.133892 4.346457,
-2.849204 -3.126533 4.346457,
-2.849204 -3.873467 4.346457,
-2.843084 -3.118859 4.346457,
-2.843084 -3.881141 4.346457,
-2.837355 -3.110890 4.346457,
-2.837355 -3.889110 4.346457,
-2.832029 -3.102645 4.346457,
-2.832029 -3.897355 4.346457,
-2.827122 -3.094144 4.346457,
-2.827122 -3.905856 4.346457,
-2.822644 -3.914590 4.346457,
-2.822644 -3.085410 4.346457,
-2.818607 -3.923536 4.346457,
-2.818607 -3.076464 4.346457,
-2.815021 -3.932673 4.346457,
-2.815021 -3.067327 4.346457,
-2.811895 -3.941977 4.346457,
-2.811895 -3.058023 4.346457,
-2.809237 -3.951426 4.346457,
-2.809237 -3.048574 4.346457,
-2.807053 -3.039005 4.346457,
-2.807053 -3.960995 4.346457,
-2.805348 -3.029339 4.346457,
-2.805348 -3.970661 4.346457,
-3.137448 -2.859081 4.346457,
-3.144302 -2.133892 4.346457,
-3.137448 -2.140919 4.346457,
-3.144302 -2.866108 4.346457,
-3.130253 -2.147595 4.346457,
-3.130253 -2.852405 4.346457,
-3.150796 -2.126533 4.346457,
-3.150796 -2.873467 4.346457,
-3.122734 -2.153904 4.346457,
-3.122734 -2.846096 4.346457,
-3.156916 -2.118859 4.346457,
-3.156916 -2.881141 4.346457,
-3.114910 -2.159830 4.346457,
-3.114910 -2.840170 4.346457,
-3.106800 -2.834641 4.346457,
-3.162645 -2.889110 4.346457,
-3.162645 -2.110890 4.346457,
-3.106800 -2.165359 4.346457,
-3.167971 -2.102645 4.346457,
-3.167971 -2.897355 4.346457,
-3.172878 -2.905856 4.346457,
-3.098425 -2.170477 4.346457,
-3.098425 -2.829523 4.346457,
-3.172878 -2.094144 4.346457,
-3.089805 -2.824828 4.346457,
-3.089805 -2.175172 4.346457,
-3.080962 -2.820570 4.346457,
-3.177356 -2.085410 4.346457,
-3.177356 -2.914590 4.346457,
-3.080962 -2.179430 4.346457,
-3.181393 -2.076464 4.346457,
-3.181393 -2.923536 4.346457,
-3.071918 -2.183243 4.346457,
-3.071918 -2.816757 4.346457,
-3.062694 -2.813400 4.346457,
-3.184979 -2.067327 4.346457,
-3.184979 -2.932673 4.346457,
-3.062694 -2.186600 4.346457,
-3.188105 -2.058023 4.346457,
-3.188105 -2.941977 4.346457,
-3.190763 -2.951426 4.346457,
-3.053315 -2.189493 4.346457,
-3.053315 -2.810507 4.346457,
-3.192947 -2.960995 4.346457,
-3.190763 -2.048574 4.346457,
-3.043803 -2.191915 4.346457,
-3.043803 -2.808085 4.346457,
-3.192947 -2.039005 4.346457,
-3.034183 -2.193860 4.346457,
-3.034183 -2.806140 4.346457,
-3.194652 -2.029339 4.346457,
-3.194652 -2.970661 4.346457,
-3.024477 -2.195323 4.346457,
-3.024477 -2.804677 4.346457,
-3.195872 -2.019600 4.346457,
-3.014711 -2.196300 4.346457,
-3.014711 -2.803700 4.346457,
-3.196606 -2.009812 4.346457,
-3.004908 -2.196789 4.346457,
-3.004908 -2.803211 4.346457,
-2.995092 -2.803211 4.346457,
-3.196850 -2.000000 4.346457,
-2.995092 -2.196789 4.346457,
-2.985289 -2.196300 4.346457,
-2.985289 -2.803700 4.346457,
-2.975523 -2.195323 4.346457,
-2.975523 -2.804677 4.346457,
-2.965817 -2.193860 4.346457,
-2.965817 -2.806140 4.346457,
-2.956197 -2.808085 4.346457,
-2.956197 -2.191915 4.346457,
-2.946685 -2.189493 4.346457,
-2.946685 -2.810507 4.346457,
-2.937306 -2.186600 4.346457,
-2.937306 -2.813400 4.346457,
-2.928082 -2.183243 4.346457,
-2.928082 -2.816757 4.346457,
-2.919038 -2.179430 4.346457,
-2.919038 -2.820570 4.346457,
-2.910195 -2.824828 4.346457,
-2.910195 -2.175172 4.346457,
-2.901575 -2.829523 4.346457,
-2.901575 -2.170477 4.346457,
-2.893200 -2.165359 4.346457,
-2.893200 -2.834641 4.346457,
-2.885090 -2.159830 4.346457,
-2.885090 -2.840170 4.346457,
-2.877266 -2.153904 4.346457,
-2.877266 -2.846096 4.346457,
-2.869747 -2.147595 4.346457,
-2.869747 -2.852405 4.346457,
-2.862552 -2.859081 4.346457,
-2.862552 -2.140919 4.346457,
-2.855698 -2.866108 4.346457,
-2.855698 -2.133892 4.346457,
-2.849204 -2.873467 4.346457,
-2.849204 -2.126533 4.346457,
-2.843084 -2.118859 4.346457,
-2.843084 -2.881141 4.346457,
-2.837355 -2.889110 4.346457,
-2.837355 -2.110890 4.346457,
-2.832029 -2.897355 4.346457,
-2.832029 -2.102645 4.346457,
-2.827122 -2.094144 4.346457,
-2.827122 -2.905856 4.346457,
-2.822644 -2.085410 4.346457,
-2.822644 -2.914590 4.346457,
-2.818607 -2.923536 4.346457,
-2.818607 -2.076464 4.346457,
-2.815021 -2.932673 4.346457,
-2.815021 -2.067327 4.346457,
-2.811895 -2.941977 4.346457,
-2.811895 -2.058023 4.346457,
-2.809237 -2.048574 4.346457,
-2.809237 -2.951426 4.346457,
-2.807053 -2.039005 4.346457,
-2.807053 -2.960995 4.346457,
-2.805348 -2.029339 4.346457,
-2.805348 -2.970661 4.346457,
-3.144302 -1.866108 4.346457,
-3.137448 -1.140919 4.346457,
-3.137448 -1.859081 4.346457,
-3.144302 -1.133892 4.346457,
-3.130253 -1.147595 4.346457,
-3.130253 -1.852405 4.346457,
-3.150796 -1.873467 4.346457,
-3.150796 -1.126533 4.346457,
-3.122734 -1.153904 4.346457,
-3.122734 -1.846096 4.346457,
-3.156916 -1.881141 4.346457,
-3.156916 -1.118859 4.346457,
-3.114910 -1.159830 4.346457,
-3.114910 -1.840170 4.346457,
-3.162645 -1.889110 4.346457,
-3.162645 -1.110890 4.346457,
-3.106800 -1.165359 4.346457,
-3.106800 -1.834641 4.346457,
-3.167971 -1.897355 4.346457,
-3.167971 -1.102645 4.346457,
-3.098425 -1.170477 4.346457,
-3.098425 -1.829523 4.346457,
-3.089805 -1.824828 4.346457,
-3.172878 -1.905856 4.346457,
-3.172878 -1.094144 4.346457,
-3.089805 -1.175172 4.346457,
-3.080962 -1.820570 4.346457,
-3.177356 -1.914590 4.346457,
-3.177356 -1.085410 4.346457,
-3.080962 -1.179430 4.346457,
-3.181393 -1.923536 4.346457,
-3.181393 -1.076464 4.346457,
-3.184979 -1.932673 4.346457,
-3.071918 -1.183243 4.346457,
-3.071918 -1.816757 4.346457,
-3.184979 -1.067327 4.346457,
-3.062694 -1.186600 4.346457,
-3.062694 -1.813400 4.346457,
-3.053315 -1.810507 4.346457,
-3.188105 -1.941977 4.346457,
-3.188105 -1.058023 4.346457,
-3.053315 -1.189493 4.346457,
-3.190763 -1.951426 4.346457,
-3.190763 -1.048574 4.346457,
-3.192947 -1.960995 4.346457,
-3.043803 -1.191915 4.346457,
-3.043803 -1.808085 4.346457,
-3.034183 -1.806140 4.346457,
-3.194652 -1.970661 4.346457,
-3.192947 -1.039005 4.346457,
-3.034183 -1.193860 4.346457,
-3.195872 -1.980400 4.346457,
-3.194652 -1.029339 4.346457,
-3.024477 -1.195323 4.346457,
-3.024477 -1.804677 4.346457,
-3.195872 -1.019600 4.346457,
-3.014711 -1.196300 4.346457,
-3.014711 -1.803700 4.346457,
-3.004908 -1.803211 4.346457,
-3.196606 -1.990188 4.346457,
-3.196606 -1.009812 4.346457,
-3.004908 -1.196789 4.346457,
-2.995092 -1.803211 4.346457,
-2.995092 -1.196789 4.346457,
-2.985289 -1.196300 4.346457,
-2.985289 -1.803700 4.346457,
-2.975523 -1.195323 4.346457,
-2.975523 -1.804677 4.346457,
-2.965817 -1.193860 4.346457,
-2.965817 -1.806140 4.346457,
-2.956197 -1.808085 4.346457,
-2.956197 -1.191915 4.346457,
-2.946685 -1.189493 4.346457,
-2.946685 -1.810507 4.346457,
-2.937306 -1.186600 4.346457,
-2.937306 -1.813400 4.346457,
-2.928082 -1.183243 4.346457,
-2.928082 -1.816757 4.346457,
-2.919038 -1.179430 4.346457,
-2.919038 -1.820570 4.346457,
-2.910195 -1.175172 4.346457,
-2.910195 -1.824828 4.346457,
-2.901575 -1.829523 4.346457,
-2.901575 -1.170477 4.346457,
-2.893200 -1.165359 4.346457,
-2.893200 -1.834641 4.346457,
-2.885090 -1.159830 4.346457,
-2.885090 -1.840170 4.346457,
-2.877266 -1.846096 4.346457,
-2.877266 -1.153904 4.346457,
-2.869747 -1.147595 4.346457,
-2.869747 -1.852405 4.346457,
-2.862552 -1.140919 4.346457,
-2.862552 -1.859081 4.346457,
-2.855698 -1.133892 4.346457,
-2.855698 -1.866108 4.346457,
-2.849204 -1.873467 4.346457,
-2.849204 -1.126533 4.346457,
-2.843084 -1.118859 4.346457,
-2.843084 -1.881141 4.346457,
-2.837355 -1.110890 4.346457,
-2.837355 -1.889110 4.346457,
-2.832029 -1.102645 4.346457,
-2.832029 -1.897355 4.346457,
-2.827122 -1.094144 4.346457,
-2.827122 -1.905856 4.346457,
-2.822644 -1.085410 4.346457,
-2.822644 -1.914590 4.346457,
-2.818607 -1.923536 4.346457,
-2.818607 -1.076464 4.346457,
-2.815021 -1.932673 4.346457,
-2.815021 -1.067327 4.346457,
-2.811895 -1.058023 4.346457,
-2.811895 -1.941977 4.346457,
-2.809237 -1.048574 4.346457,
-2.809237 -1.951426 4.346457,
-2.807053 -1.039005 4.346457,
-2.807053 -1.960995 4.346457,
-2.805348 -1.029339 4.346457,
-2.805348 -1.970661 4.346457,
-3.137448 -0.859081 4.346457,
-3.144302 -0.133892 4.346457,
-3.137448 -0.140919 4.346457,
-3.144302 -0.866108 4.346457,
-3.130253 -0.147595 4.346457,
-3.130253 -0.852405 4.346457,
-3.150796 -0.873467 4.346457,
-3.150796 -0.126533 4.346457,
-3.122734 -0.153904 4.346457,
-3.122734 -0.846096 4.346457,
-3.156916 -0.881141 4.346457,
-3.156916 -0.118859 4.346457,
-3.114910 -0.159830 4.346457,
-3.114910 -0.840170 4.346457,
-3.162645 -0.889110 4.346457,
-3.162645 -0.110890 4.346457,
-3.106800 -0.834641 4.346457,
-3.106800 -0.165359 4.346457,
-3.098425 -0.829523 4.346457,
-3.167971 -0.102645 4.346457,
-3.167971 -0.897355 4.346457,
-3.098425 -0.170477 4.346457,
-3.172878 -0.905856 4.346457,
-3.172878 -0.094144 4.346457,
-3.089805 -0.824828 4.346457,
-3.089805 -0.175172 4.346457,
-3.080962 -0.820570 4.346457,
-3.177356 -0.914590 4.346457,
-3.177356 -0.085410 4.346457,
-3.080962 -0.179430 4.346457,
-3.181393 -0.923536 4.346457,
-3.181393 -0.076464 4.346457,
-3.071918 -0.183243 4.346457,
-3.071918 -0.816757 4.346457,
-3.184979 -0.932673 4.346457,
-3.184979 -0.067327 4.346457,
-3.188105 -0.941977 4.346457,
-3.062694 -0.186600 4.346457,
-3.062694 -0.813400 4.346457,
-3.188105 -0.058023 4.346457,
-3.053315 -0.189493 4.346457,
-3.053315 -0.810507 4.346457,
-3.190763 -0.951426 4.346457,
-3.190763 -0.048574 4.346457,
-3.043803 -0.191915 4.346457,
-3.043803 -0.808085 4.346457,
-3.192947 -0.960995 4.346457,
-3.192947 -0.039005 4.346457,
-3.034183 -0.193860 4.346457,
-3.034183 -0.806140 4.346457,
-3.194652 -0.970661 4.346457,
-3.194652 -0.029339 4.346457,
-3.195872 -0.980400 4.346457,
-3.024477 -0.195323 4.346457,
-3.024477 -0.804677 4.346457,
-3.195872 -0.019600 4.346457,
-3.014711 -0.196300 4.346457,
-3.014711 -0.803700 4.346457,
-3.196606 -0.009812 4.346457,
-3.196606 -0.990188 4.346457,
-3.004908 -0.196789 4.346457,
-3.004908 -0.803211 4.346457,
-2.995092 -0.196789 4.346457,
-2.995092 -0.803211 4.346457,
-2.985289 -0.803700 4.346457,
-2.985289 -0.196300 4.346457,
-2.975523 -0.804677 4.346457,
-2.975523 -0.195323 4.346457,
-2.965817 -0.193860 4.346457,
-2.965817 -0.806140 4.346457,
-2.956197 -0.191915 4.346457,
-2.956197 -0.808085 4.346457,
-2.946685 -0.189493 4.346457,
-2.946685 -0.810507 4.346457,
-2.937306 -0.186600 4.346457,
-2.937306 -0.813400 4.346457,
-2.928082 -0.183243 4.346457,
-2.928082 -0.816757 4.346457,
-2.919038 -0.179430 4.346457,
-2.919038 -0.820570 4.346457,
-2.910195 -0.824828 4.346457,
-2.910195 -0.175172 4.346457,
-2.901575 -0.829523 4.346457,
-2.901575 -0.170477 4.346457,
-2.893200 -0.165359 4.346457,
-2.893200 -0.834641 4.346457,
-2.885090 -0.840170 4.346457,
-2.885090 -0.159830 4.346457,
-2.877266 -0.153904 4.346457,
-2.877266 -0.846096 4.346457,
-2.869747 -0.147595 4.346457,
-2.869747 -0.852405 4.346457,
-2.862552 -0.140919 4.346457,
-2.862552 -0.859081 4.346457,
-2.855698 -0.866108 4.346457,
-2.855698 -0.133892 4.346457,
-2.849204 -0.873467 4.346457,
-2.849204 -0.126533 4.346457,
-2.843084 -0.881141 4.346457,
-2.843084 -0.118859 4.346457,
-2.837355 -0.110890 4.346457,
-2.837355 -0.889110 4.346457,
-2.832029 -0.897355 4.346457,
-2.832029 -0.102645 4.346457,
-2.827122 -0.905856 4.346457,
-2.827122 -0.094144 4.346457,
-2.822644 -0.914590 4.346457,
-2.822644 -0.085410 4.346457,
-2.818607 -0.076464 4.346457,
-2.818607 -0.923536 4.346457,
-2.815021 -0.932673 4.346457,
-2.815021 -0.067327 4.346457,
-2.811895 -0.058023 4.346457,
-2.811895 -0.941977 4.346457,
-2.809237 -0.048574 4.346457,
-2.809237 -0.951426 4.346457,
-2.807053 -0.039005 4.346457,
-2.807053 -0.960995 4.346457,
-2.805348 -0.029339 4.346457,
-2.805348 -0.970661 4.346457,
-3.144302 0.133892 4.346457,
-3.144302 0.866108 4.346457,
-3.137448 0.140919 4.346457,
-3.137448 0.859081 4.346457,
-3.130253 0.852405 4.346457,
-3.130253 0.147595 4.346457,
-3.150796 0.126533 4.346457,
-3.150796 0.873467 4.346457,
-3.122734 0.846096 4.346457,
-3.122734 0.153904 4.346457,
-3.156916 0.881141 4.346457,
-3.156916 0.118859 4.346457,
-3.114910 0.840170 4.346457,
-3.114910 0.159830 4.346457,
-3.162645 0.889110 4.346457,
-3.162645 0.110890 4.346457,
-3.106800 0.834641 4.346457,
-3.106800 0.165359 4.346457,
-3.167971 0.102645 4.346457,
-3.167971 0.897355 4.346457,
-3.098425 0.829523 4.346457,
-3.098425 0.170477 4.346457,
-3.172878 0.905856 4.346457,
-3.172878 0.094144 4.346457,
-3.089805 0.824828 4.346457,
-3.089805 0.175172 4.346457,
-3.177356 0.085410 4.346457,
-3.177356 0.914590 4.346457,
-3.080962 0.820570 4.346457,
-3.080962 0.179430 4.346457,
-3.181393 0.076464 4.346457,
-3.181393 0.923536 4.346457,
-3.071918 0.816757 4.346457,
-3.071918 0.183243 4.346457,
-3.184979 0.932673 4.346457,
-3.184979 0.067327 4.346457,
-3.062694 0.813400 4.346457,
-3.062694 0.186600 4.346457,
-3.188105 0.941977 4.346457,
-3.188105 0.058023 4.346457,
-3.053315 0.810507 4.346457,
-3.053315 0.189493 4.346457,
-3.190763 0.048574 4.346457,
-3.190763 0.951426 4.346457,
-3.043803 0.808085 4.346457,
-3.043803 0.191915 4.346457,
-3.192947 0.960995 4.346457,
-3.192947 0.039005 4.346457,
-3.034183 0.806140 4.346457,
-3.034183 0.193860 4.346457,
-3.194652 0.970661 4.346457,
-3.194652 0.029339 4.346457,
-3.024477 0.804677 4.346457,
-3.024477 0.195323 4.346457,
-3.195872 0.980400 4.346457,
-3.195872 0.019600 4.346457,
-3.196606 0.009812 4.346457,
-3.014711 0.196300 4.346457,
-3.014711 0.803700 4.346457,
-3.004908 0.196789 4.346457,
-3.196606 0.990188 4.346457,
-3.004908 0.803211 4.346457,
-2.995092 0.196789 4.346457,
-2.995092 0.803211 4.346457,
-2.985289 0.803700 4.346457,
-2.985289 0.196300 4.346457,
-2.975523 0.195323 4.346457,
-2.975523 0.804677 4.346457,
-2.965817 0.193860 4.346457,
-2.965817 0.806140 4.346457,
-2.956197 0.808085 4.346457,
-2.956197 0.191915 4.346457,
-2.946685 0.810507 4.346457,
-2.946685 0.189493 4.346457,
-2.937306 0.186600 4.346457,
-2.937306 0.813400 4.346457,
-2.928082 0.816757 4.346457,
-2.928082 0.183243 4.346457,
-2.919038 0.179430 4.346457,
-2.919038 0.820570 4.346457,
-2.910195 0.175172 4.346457,
-2.910195 0.824828 4.346457,
-2.901575 0.829523 4.346457,
-2.901575 0.170477 4.346457,
-2.893200 0.165359 4.346457,
-2.893200 0.834641 4.346457,
-2.885090 0.159830 4.346457,
-2.885090 0.840170 4.346457,
-2.877266 0.846096 4.346457,
-2.877266 0.153904 4.346457,
-2.869747 0.852405 4.346457,
-2.869747 0.147595 4.346457,
-2.862552 0.140919 4.346457,
-2.862552 0.859081 4.346457,
-2.855698 0.133892 4.346457,
-2.855698 0.866108 4.346457,
-2.849204 0.873467 4.346457,
-2.849204 0.126533 4.346457,
-2.843084 0.118859 4.346457,
-2.843084 0.881141 4.346457,
-2.837355 0.110890 4.346457,
-2.837355 0.889110 4.346457,
-2.832029 0.897355 4.346457,
-2.832029 0.102645 4.346457,
-2.827122 0.905856 4.346457,
-2.827122 0.094144 4.346457,
-2.822644 0.914590 4.346457,
-2.822644 0.085410 4.346457,
-2.818607 0.923536 4.346457,
-2.818607 0.076464 4.346457,
-2.815021 0.932673 4.346457,
-2.815021 0.067327 4.346457,
-2.811895 0.941977 4.346457,
-2.811895 0.058023 4.346457,
-2.809237 0.951426 4.346457,
-2.809237 0.048574 4.346457,
-2.807053 0.960995 4.346457,
-2.807053 0.039005 4.346457,
-2.805348 0.970661 4.346457,
-2.805348 0.029339 4.346457,
-2.855698 -4.133892 4.346457,
2.855698 -4.133892 4.346457,
-2.862552 -4.140919 4.346457,
2.862552 -4.140919 4.346457,
-3.137448 1.140919 4.346457,
-3.144302 1.866108 4.346457,
-3.137448 1.859081 4.346457,
-3.144302 1.133892 4.346457,
2.869747 -4.147595 4.346457,
-2.869747 -4.147595 4.346457,
-3.130253 1.852405 4.346457,
-3.130253 1.147595 4.346457,
-2.849204 -4.126533 4.346457,
2.849204 -4.126533 4.346457,
-3.150796 1.873467 4.346457,
-3.150796 1.126533 4.346457,
-3.156916 1.118859 4.346457,
2.877266 -4.153904 4.346457,
-2.877266 -4.153904 4.346457,
-2.885090 -4.159830 4.346457,
-3.122734 1.846096 4.346457,
-3.122734 1.153904 4.346457,
-3.114910 1.159830 4.346457,
-2.843084 -4.118859 4.346457,
2.843084 -4.118859 4.346457,
-3.156916 1.881141 4.346457,
-3.162645 1.110890 4.346457,
2.885090 -4.159830 4.346457,
-2.893200 -4.165359 4.346457,
-3.114910 1.840170 4.346457,
-2.837355 -4.110890 4.346457,
2.837355 -4.110890 4.346457,
-3.162645 1.889110 4.346457,
2.893200 -4.165359 4.346457,
-3.106800 1.834641 4.346457,
-3.106800 1.165359 4.346457,
-2.832029 -4.102645 4.346457,
2.832029 -4.102645 4.346457,
-2.827122 -4.094144 4.346457,
-3.167971 1.897355 4.346457,
-3.167971 1.102645 4.346457,
-3.172878 1.094144 4.346457,
2.901575 -4.170477 4.346457,
-3.098425 1.829523 4.346457,
-3.098425 1.170477 4.346457,
2.827122 -4.094144 4.346457,
-3.172878 1.905856 4.346457,
-3.089805 1.175172 4.346457,
-3.089805 1.824828 4.346457,
-3.080962 1.179430 4.346457,
-2.822644 -4.085410 4.346457,
2.822644 -4.085410 4.346457,
-3.177356 1.914590 4.346457,
-3.177356 1.085410 4.346457,
-3.080962 1.820570 4.346457,
-2.818607 -4.076464 4.346457,
2.818607 -4.076464 4.346457,
-3.181393 1.076464 4.346457,
-3.181393 1.923536 4.346457,
-3.071918 1.816757 4.346457,
-3.071918 1.183243 4.346457,
-3.184979 1.932673 4.346457,
-3.184979 1.067327 4.346457,
-2.815021 -4.067327 4.346457,
2.815021 -4.067327 4.346457,
-3.062694 1.813400 4.346457,
-3.062694 1.186600 4.346457,
-3.053315 1.189493 4.346457,
2.811895 -4.058023 4.346457,
-2.811895 -4.058023 4.346457,
-3.188105 1.941977 4.346457,
-3.188105 1.058023 4.346457,
-3.053315 1.810507 4.346457,
-2.809237 -4.048574 4.346457,
2.809237 -4.048574 4.346457,
-2.807053 -4.039005 4.346457,
-3.190763 1.951426 4.346457,
-3.190763 1.048574 4.346457,
-3.043803 1.808085 4.346457,
-3.043803 1.191915 4.346457,
2.807053 -4.039005 4.346457,
-3.192947 1.039005 4.346457,
-3.192947 1.960995 4.346457,
-3.034183 1.806140 4.346457,
-3.034183 1.193860 4.346457,
-3.194652 1.970661 4.346457,
-3.194652 1.029339 4.346457,
-3.195872 1.019600 4.346457,
2.805348 -4.029339 4.346457,
-2.805348 -4.029339 4.346457,
-3.024477 1.804677 4.346457,
-3.024477 1.195323 4.346457,
-2.804128 -4.019600 4.346457,
2.804128 -4.019600 4.346457,
-3.195872 1.980400 4.346457,
-3.014711 1.803700 4.346457,
-3.014711 1.196300 4.346457,
-2.803394 -4.009812 4.346457,
2.803394 -4.009812 4.346457,
-3.196606 1.990188 4.346457,
-3.196606 1.009812 4.346457,
-3.004908 1.803211 4.346457,
-3.004908 1.196789 4.346457,
-2.803394 -3.990188 4.346457,
2.803150 -4.000000 4.346457,
-2.803150 -4.000000 4.346457,
-2.995092 1.803211 4.346457,
-2.995092 1.196789 4.346457,
2.803394 -3.990188 4.346457,
-2.985289 1.803700 4.346457,
-2.985289 1.196300 4.346457,
-2.804128 -3.980400 4.346457,
2.804128 -3.980400 4.346457,
-2.975523 1.195323 4.346457,
-2.975523 1.804677 4.346457,
-2.965817 1.193860 4.346457,
2.805348 -3.970661 4.346457,
-2.965817 1.806140 4.346457,
-2.956197 1.808085 4.346457,
-2.956197 1.191915 4.346457,
-2.946685 1.810507 4.346457,
-2.946685 1.189493 4.346457,
-2.937306 1.813400 4.346457,
-2.937306 1.186600 4.346457,
-2.928082 1.816757 4.346457,
-2.928082 1.183243 4.346457,
-2.919038 1.820570 4.346457,
-2.919038 1.179430 4.346457,
-2.910195 1.824828 4.346457,
-2.910195 1.175172 4.346457,
3.034183 -4.193860 4.346457,
3.024477 -4.195323 4.346457,
3.043803 -4.191915 4.346457,
3.053315 -4.189493 4.346457,
3.062694 -4.186600 4.346457,
3.071918 -4.183243 4.346457,
3.080962 -4.179430 4.346457,
3.089805 -4.175172 4.346457,
2.910195 -4.175172 4.346457,
2.919038 -4.179430 4.346457,
2.928082 -4.183243 4.346457,
2.937306 -4.186600 4.346457,
2.946685 -4.189493 4.346457,
2.956197 -4.191915 4.346457,
2.965817 -4.193860 4.346457,
2.975523 -4.195323 4.346457,
2.985289 -4.196300 4.346457,
2.995092 -4.196789 4.346457,
3.004908 -4.196789 4.346457,
3.014711 -4.196300 4.346457,
3.098425 -4.170477 4.346457,
-2.901575 1.829523 4.346457,
-2.901575 1.170477 4.346457,
3.106800 -4.165359 4.346457,
-2.893200 1.834641 4.346457,
-2.893200 1.165359 4.346457,
-2.885090 1.159830 4.346457,
-2.885090 1.840170 4.346457,
3.114910 -4.159830 4.346457,
3.122734 -4.153904 4.346457,
-2.877266 1.846096 4.346457,
-2.877266 1.153904 4.346457,
3.130253 -4.147595 4.346457,
-2.869747 1.852405 4.346457,
-2.869747 1.147595 4.346457,
3.137448 -4.140919 4.346457,
-2.862552 1.859081 4.346457,
-2.862552 1.140919 4.346457,
3.144302 -4.133892 4.346457,
-2.855698 1.866108 4.346457,
-2.855698 1.133892 4.346457,
3.150796 -4.126533 4.346457,
-2.849204 1.873467 4.346457,
-2.849204 1.126533 4.346457,
3.156916 -4.118859 4.346457,
-2.843084 1.881141 4.346457,
-2.843084 1.118859 4.346457,
-2.837355 1.110890 4.346457,
3.162645 -4.110890 4.346457,
-2.837355 1.889110 4.346457,
-2.832029 1.102645 4.346457,
3.167971 -4.102645 4.346457,
-2.832029 1.897355 4.346457,
3.172878 -4.094144 4.346457,
-2.827122 1.905856 4.346457,
-2.827122 1.094144 4.346457,
3.177356 -4.085410 4.346457,
-2.822644 1.914590 4.346457,
-2.822644 1.085410 4.346457,
3.181393 -4.076464 4.346457,
-2.818607 1.076464 4.346457,
-2.818607 1.923536 4.346457,
-2.815021 1.067327 4.346457,
3.184979 -4.067327 4.346457,
-2.815021 1.932673 4.346457,
-2.811895 1.058023 4.346457,
3.188105 -4.058023 4.346457,
-2.811895 1.941977 4.346457,
-2.809237 1.048574 4.346457,
3.190763 -4.048574 4.346457,
-2.809237 1.951426 4.346457,
3.192947 -4.039005 4.346457,
-2.807053 1.960995 4.346457,
-2.807053 1.039005 4.346457,
-2.805348 1.970661 4.346457,
-2.805348 1.029339 4.346457,
3.194652 -4.029339 4.346457,
3.195872 -4.019600 4.346457,
3.196606 -4.009812 4.346457,
3.196850 -4.000000 4.346457,
3.196606 -3.990188 4.346457,
3.195872 -3.980400 4.346457,
3.194652 -3.970661 4.346457,
3.192947 -3.960995 4.346457,
3.190763 -3.951426 4.346457,
-3.144302 2.133892 4.346457,
-3.137448 2.859081 4.346457,
-3.137448 2.140919 4.346457,
-3.144302 2.866108 4.346457,
2.862552 -3.859081 4.346457,
2.855698 -3.133892 4.346457,
2.862552 -3.140919 4.346457,
2.855698 -3.866108 4.346457,
2.869747 -3.147595 4.346457,
2.869747 -3.852405 4.346457,
-3.130253 2.852405 4.346457,
-3.130253 2.147595 4.346457,
2.849204 -3.873467 4.346457,
2.849204 -3.126533 4.346457,
2.843084 -3.881141 4.346457,
-3.150796 2.126533 4.346457,
-3.150796 2.873467 4.346457,
2.877266 -3.153904 4.346457,
2.877266 -3.846096 4.346457,
2.885090 -3.840170 4.346457,
-3.122734 2.846096 4.346457,
-3.122734 2.153904 4.346457,
-3.114910 2.159830 4.346457,
2.843084 -3.118859 4.346457,
-3.156916 2.118859 4.346457,
-3.156916 2.881141 4.346457,
-3.114910 2.840170 4.346457,
2.885090 -3.159830 4.346457,
2.837355 -3.110890 4.346457,
2.837355 -3.889110 4.346457,
-3.162645 2.110890 4.346457,
-3.162645 2.889110 4.346457,
-3.106800 2.834641 4.346457,
-3.106800 2.165359 4.346457,
2.893200 -3.165359 4.346457,
2.893200 -3.834641 4.346457,
2.832029 -3.102645 4.346457,
2.832029 -3.897355 4.346457,
-3.167971 2.102645 4.346457,
-3.167971 2.897355 4.346457,
2.901575 -3.829523 4.346457,
2.901575 -3.170477 4.346457,
2.910195 -3.824828 4.346457,
-3.098425 2.829523 4.346457,
-3.098425 2.170477 4.346457,
2.827122 -3.905856 4.346457,
2.827122 -3.094144 4.346457,
-3.172878 2.094144 4.346457,
-3.172878 2.905856 4.346457,
2.910195 -3.175172 4.346457,
-3.089805 2.824828 4.346457,
-3.089805 2.175172 4.346457,
2.822644 -3.085410 4.346457,
2.822644 -3.914590 4.346457,
2.818607 -3.923536 4.346457,
-3.177356 2.085410 4.346457,
-3.177356 2.914590 4.346457,
2.919038 -3.179430 4.346457,
2.919038 -3.820570 4.346457,
-3.080962 2.820570 4.346457,
-3.080962 2.179430 4.346457,
-3.181393 2.076464 4.346457,
-3.181393 2.923536 4.346457,
2.818607 -3.076464 4.346457,
-3.071918 2.816757 4.346457,
-3.071918 2.183243 4.346457,
2.928082 -3.183243 4.346457,
2.928082 -3.816757 4.346457,
2.815021 -3.067327 4.346457,
2.815021 -3.932673 4.346457,
2.811895 -3.941977 4.346457,
-3.184979 2.067327 4.346457,
-3.184979 2.932673 4.346457,
-3.188105 2.058023 4.346457,
2.937306 -3.813400 4.346457,
2.937306 -3.186600 4.346457,
2.946685 -3.810507 4.346457,
-3.062694 2.813400 4.346457,
-3.062694 2.186600 4.346457,
2.809237 -3.951426 4.346457,
2.811895 -3.058023 4.346457,
-3.188105 2.941977 4.346457,
2.946685 -3.189493 4.346457,
-3.053315 2.810507 4.346457,
-3.053315 2.189493 4.346457,
2.809237 -3.048574 4.346457,
-3.190763 2.048574 4.346457,
-3.190763 2.951426 4.346457,
-3.043803 2.808085 4.346457,
-3.043803 2.191915 4.346457,
2.956197 -3.191915 4.346457,
2.956197 -3.808085 4.346457,
2.807053 -3.039005 4.346457,
2.807053 -3.960995 4.346457,
-3.192947 2.039005 4.346457,
-3.192947 2.960995 4.346457,
-3.034183 2.806140 4.346457,
-3.034183 2.193860 4.346457,
2.965817 -3.193860 4.346457,
2.965817 -3.806140 4.346457,
2.975523 -3.804677 4.346457,
-3.194652 2.029339 4.346457,
-3.194652 2.970661 4.346457,
2.805348 -3.029339 4.346457,
2.975523 -3.195323 4.346457,
-3.024477 2.804677 4.346457,
-3.024477 2.195323 4.346457,
-3.195872 2.019600 4.346457,
-3.195872 2.980400 4.346457,
-2.804128 -3.019600 4.346457,
2.804128 -3.019600 4.346457,
2.985289 -3.803700 4.346457,
2.985289 -3.196300 4.346457,
2.995092 -3.803211 4.346457,
-3.014711 2.803700 4.346457,
-3.014711 2.196300 4.346457,
2.803394 -3.009812 4.346457,
-2.803394 -3.009812 4.346457,
2.995092 -3.196789 4.346457,
3.004908 -3.803211 4.346457,
-3.004908 2.803211 4.346457,
-3.004908 2.196789 4.346457,
2.803150 -3.000000 4.346457,
-2.803150 -3.000000 4.346457,
3.004908 -3.196789 4.346457,
-2.995092 2.803211 4.346457,
-2.995092 2.196789 4.346457,
-2.803394 -2.990188 4.346457,
2.803394 -2.990188 4.346457,
3.014711 -3.196300 4.346457,
3.014711 -3.803700 4.346457,
3.024477 -3.804677 4.346457,
-2.985289 2.196300 4.346457,
-2.985289 2.803700 4.346457,
-2.975523 2.195323 4.346457,
-2.804128 -2.980400 4.346457,
2.804128 -2.980400 4.346457,
3.024477 -3.195323 4.346457,
-2.975523 2.804677 4.346457,
2.805348 -2.970661 4.346457,
3.034183 -3.193860 4.346457,
3.034183 -3.806140 4.346457,
-2.965817 2.806140 4.346457,
-2.965817 2.193860 4.346457,
3.043803 -3.191915 4.346457,
3.043803 -3.808085 4.346457,
-2.956197 2.808085 4.346457,
-2.956197 2.191915 4.346457,
3.053315 -3.189493 4.346457,
3.053315 -3.810507 4.346457,
-2.946685 2.810507 4.346457,
-2.946685 2.189493 4.346457,
3.062694 -3.186600 4.346457,
3.062694 -3.813400 4.346457,
-2.937306 2.813400 4.346457,
-2.937306 2.186600 4.346457,
3.071918 -3.816757 4.346457,
3.071918 -3.183243 4.346457,
3.080962 -3.820570 4.346457,
-2.928082 2.816757 4.346457,
-2.928082 2.183243 4.346457,
-2.919038 2.179430 4.346457,
3.080962 -3.179430 4.346457,
-2.919038 2.820570 4.346457,
-2.910195 2.175172 4.346457,
3.089805 -3.824828 4.346457,
3.089805 -3.175172 4.346457,
3.098425 -3.829523 4.346457,
-2.910195 2.824828 4.346457,
3.098425 -3.170477 4.346457,
-2.901575 2.829523 4.346457,
-2.901575 2.170477 4.346457,
3.106800 -3.165359 4.346457,
3.106800 -3.834641 4.346457,
-2.893200 2.834641 4.346457,
-2.893200 2.165359 4.346457,
-2.885090 2.159830 4.346457,
3.114910 -3.159830 4.346457,
3.114910 -3.840170 4.346457,
-2.885090 2.840170 4.346457,
3.122734 -3.846096 4.346457,
3.122734 -3.153904 4.346457,
3.130253 -3.852405 4.346457,
-2.877266 2.846096 4.346457,
-2.877266 2.153904 4.346457,
3.130253 -3.147595 4.346457,
-2.869747 2.852405 4.346457,
-2.869747 2.147595 4.346457,
3.137448 -3.859081 4.346457,
3.137448 -3.140919 4.346457,
3.144302 -3.866108 4.346457,
-2.862552 2.859081 4.346457,
-2.862552 2.140919 4.346457,
3.144302 -3.133892 4.346457,
3.150796 -3.873467 4.346457,
-2.855698 2.866108 4.346457,
-2.855698 2.133892 4.346457,
3.150796 -3.126533 4.346457,
3.156916 -3.881141 4.346457,
-2.849204 2.873467 4.346457,
-2.849204 2.126533 4.346457,
3.156916 -3.118859 4.346457,
-2.843084 2.881141 4.346457,
-2.843084 2.118859 4.346457,
-2.837355 2.110890 4.346457,
3.162645 -3.110890 4.346457,
3.162645 -3.889110 4.346457,
-2.837355 2.889110 4.346457,
3.167971 -3.102645 4.346457,
3.167971 -3.897355 4.346457,
-2.832029 2.897355 4.346457,
-2.832029 2.102645 4.346457,
-2.827122 2.094144 4.346457,
3.172878 -3.094144 4.346457,
3.172878 -3.905856 4.346457,
-2.827122 2.905856 4.346457,
3.177356 -3.085410 4.346457,
3.177356 -3.914590 4.346457,
-2.822644 2.914590 4.346457,
-2.822644 2.085410 4.346457,
3.181393 -3.076464 4.346457,
3.181393 -3.923536 4.346457,
-2.818607 2.923536 4.346457,
-2.818607 2.076464 4.346457,
3.184979 -3.932673 4.346457,
3.184979 -3.067327 4.346457,
3.188105 -3.941977 4.346457,
-2.815021 2.932673 4.346457,
-2.815021 2.067327 4.346457,
3.188105 -3.058023 4.346457,
-2.811895 2.941977 4.346457,
-2.811895 2.058023 4.346457,
3.190763 -3.048574 4.346457,
-2.809237 2.951426 4.346457,
-2.809237 2.048574 4.346457,
3.192947 -3.039005 4.346457,
-2.807053 2.960995 4.346457,
-2.807053 2.039005 4.346457,
-2.805348 2.029339 4.346457,
-2.805348 2.970661 4.346457,
3.194652 -3.029339 4.346457,
3.195872 -3.019600 4.346457,
3.196606 -3.009812 4.346457,
3.196850 -3.000000 4.346457,
3.196606 -2.990188 4.346457,
3.195872 -2.980400 4.346457,
-3.144302 3.133892 4.346457,
-3.137448 3.859081 4.346457,
-3.137448 3.140919 4.346457,
-3.144302 3.866108 4.346457,
2.855698 -2.866108 4.346457,
2.855698 -2.133892 4.346457,
2.862552 -2.859081 4.346457,
2.862552 -2.140919 4.346457,
2.869747 -2.147595 4.346457,
2.869747 -2.852405 4.346457,
-3.130253 3.852405 4.346457,
-3.130253 3.147595 4.346457,
-3.150796 3.126533 4.346457,
-3.150796 3.873467 4.346457,
2.849204 -2.126533 4.346457,
2.849204 -2.873467 4.346457,
2.843084 -2.881141 4.346457,
2.877266 -2.153904 4.346457,
2.877266 -2.846096 4.346457,
2.885090 -2.840170 4.346457,
-3.122734 3.153904 4.346457,
-3.122734 3.846096 4.346457,
-3.114910 3.159830 4.346457,
2.843084 -2.118859 4.346457,
-3.156916 3.118859 4.346457,
-3.156916 3.881141 4.346457,
-3.162645 3.110890 4.346457,
2.885090 -2.159830 4.346457,
-3.114910 3.840170 4.346457,
-3.162645 3.889110 4.346457,
2.837355 -2.110890 4.346457,
2.837355 -2.889110 4.346457,
2.893200 -2.165359 4.346457,
2.893200 -2.834641 4.346457,
-3.106800 3.165359 4.346457,
-3.106800 3.834641 4.346457,
-3.098425 3.170477 4.346457,
2.832029 -2.102645 4.346457,
2.832029 -2.897355 4.346457,
-3.167971 3.102645 4.346457,
-3.167971 3.897355 4.346457,
-3.098425 3.829523 4.346457,
2.901575 -2.170477 4.346457,
2.901575 -2.829523 4.346457,
-3.172878 3.094144 4.346457,
-3.172878 3.905856 4.346457,
2.827122 -2.094144 4.346457,
2.827122 -2.905856 4.346457,
2.822644 -2.914590 4.346457,
-3.089805 3.175172 4.346457,
-3.089805 3.824828 4.346457,
-3.080962 3.179430 4.346457,
2.910195 -2.824828 4.346457,
2.910195 -2.175172 4.346457,
2.919038 -2.820570 4.346457,
2.822644 -2.085410 4.346457,
-3.177356 3.085410 4.346457,
-3.177356 3.914590 4.346457,
-3.080962 3.820570 4.346457,
2.919038 -2.179430 4.346457,
-3.181393 3.076464 4.346457,
-3.181393 3.923536 4.346457,
2.818607 -2.076464 4.346457,
2.818607 -2.923536 4.346457,
-3.071918 3.816757 4.346457,
-3.071918 3.183243 4.346457,
2.928082 -2.183243 4.346457,
2.928082 -2.816757 4.346457,
2.937306 -2.813400 4.346457,
-3.184979 3.932673 4.346457,
-3.184979 3.067327 4.346457,
2.815021 -2.067327 4.346457,
2.815021 -2.932673 4.346457,
2.937306 -2.186600 4.346457,
-3.062694 3.813400 4.346457,
-3.062694 3.186600 4.346457,
-3.188105 3.058023 4.346457,
-3.188105 3.941977 4.346457,
2.811895 -2.058023 4.346457,
2.811895 -2.941977 4.346457,
2.946685 -2.189493 4.346457,
2.946685 -2.810507 4.346457,
-3.053315 3.189493 4.346457,
-3.053315 3.810507 4.346457,
-3.043803 3.191915 4.346457,
2.809237 -2.951426 4.346457,
2.809237 -2.048574 4.346457,
2.807053 -2.960995 4.346457,
-3.190763 3.048574 4.346457,
-3.190763 3.951426 4.346457,
-3.043803 3.808085 4.346457,
2.956197 -2.191915 4.346457,
2.956197 -2.808085 4.346457,
2.807053 -2.039005 4.346457,
-3.034183 3.193860 4.346457,
-3.034183 3.806140 4.346457,
-3.024477 3.195323 4.346457,
2.965817 -2.193860 4.346457,
2.965817 -2.806140 4.346457,
2.975523 -2.804677 4.346457,
2.805348 -2.029339 4.346457,
-3.024477 3.804677 4.346457,
2.975523 -2.195323 4.346457,
2.985289 -2.803700 4.346457,
-2.804128 -2.019600 4.346457,
2.804128 -2.019600 4.346457,
-2.803394 -2.009812 4.346457,
2.985289 -2.196300 4.346457,
2.995092 -2.803211 4.346457,
-3.014711 3.803700 4.346457,
-3.014711 3.196300 4.346457,
2.803394 -2.009812 4.346457,
-3.004908 3.803211 4.346457,
-3.004908 3.196789 4.346457,
2.995092 -2.196789 4.346457,
2.803150 -2.000000 4.346457,
-2.803150 -2.000000 4.346457,
3.004908 -2.196789 4.346457,
3.004908 -2.803211 4.346457,
-2.995092 3.803211 4.346457,
-2.995092 3.196789 4.346457,
2.803394 -1.990188 4.346457,
-2.803394 -1.990188 4.346457,
-2.985289 3.803700 4.346457,
-2.985289 3.196300 4.346457,
3.014711 -2.196300 4.346457,
3.014711 -2.803700 4.346457,
2.804128 -1.980400 4.346457,
-2.804128 -1.980400 4.346457,
3.024477 -2.195323 4.346457,
3.024477 -2.804677 4.346457,
-2.975523 3.804677 4.346457,
-2.975523 3.195323 4.346457,
2.805348 -1.970661 4.346457,
3.034183 -2.193860 4.346457,
3.034183 -2.806140 4.346457,
-2.965817 3.193860 4.346457,
-2.965817 3.806140 4.346457,
-2.956197 3.191915 4.346457,
3.043803 -2.191915 4.346457,
3.043803 -2.808085 4.346457,
-2.956197 3.808085 4.346457,
3.053315 -2.189493 4.346457,
3.053315 -2.810507 4.346457,
-2.946685 3.189493 4.346457,
-2.946685 3.810507 4.346457,
-2.937306 3.186600 4.346457,
3.062694 -2.186600 4.346457,
3.062694 -2.813400 4.346457,
-2.937306 3.813400 4.346457,
-2.928082 3.183243 4.346457,
-2.928082 3.816757 4.346457,
-2.919038 3.179430 4.346457,
3.071918 -2.183243 4.346457,
3.071918 -2.816757 4.346457,
3.080962 -2.820570 4.346457,
3.080962 -2.179430 4.346457,
-2.919038 3.820570 4.346457,
-2.910195 3.175172 4.346457,
-2.910195 3.824828 4.346457,
3.089805 -2.175172 4.346457,
3.089805 -2.824828 4.346457,
3.098425 -2.170477 4.346457,
3.098425 -2.829523 4.346457,
-2.901575 3.829523 4.346457,
-2.901575 3.170477 4.346457,
3.106800 -2.165359 4.346457,
3.106800 -2.834641 4.346457,
3.114910 -2.840170 4.346457,
-2.893200 3.834641 4.346457,
-2.893200 3.165359 4.346457,
-2.885090 3.159830 4.346457,
-2.885090 3.840170 4.346457,
3.114910 -2.159830 4.346457,
3.122734 -2.846096 4.346457,
3.122734 -2.153904 4.346457,
3.130253 -2.852405 4.346457,
-2.877266 3.846096 4.346457,
-2.877266 3.153904 4.346457,
-2.869747 3.852405 4.346457,
-2.869747 3.147595 4.346457,
3.130253 -2.147595 4.346457,
-2.862552 3.140919 4.346457,
-2.862552 3.859081 4.346457,
-2.855698 3.133892 4.346457,
3.137448 -2.140919 4.346457,
3.137448 -2.859081 4.346457,
-2.855698 3.866108 4.346457,
-2.849204 3.126533 4.346457,
3.144302 -2.133892 4.346457,
3.144302 -2.866108 4.346457,
3.150796 -2.873467 4.346457,
3.150796 -2.126533 4.346457,
-2.849204 3.873467 4.346457,
-2.843084 3.118859 4.346457,
-2.843084 3.881141 4.346457,
3.156916 -2.118859 4.346457,
3.156916 -2.881141 4.346457,
-2.837355 3.889110 4.346457,
-2.837355 3.110890 4.346457,
3.162645 -2.110890 4.346457,
3.162645 -2.889110 4.346457,
3.167971 -2.102645 4.346457,
3.167971 -2.897355 4.346457,
-2.832029 3.897355 4.346457,
-2.832029 3.102645 4.346457,
3.172878 -2.905856 4.346457,
3.172878 -2.094144 4.346457,
3.177356 -2.914590 4.346457,
-2.827122 3.905856 4.346457,
-2.827122 3.094144 4.346457,
-3.196606 2.009812 4.346457,
-3.196850 2.000000 4.346457,
-3.192947 3.039005 4.346457,
-3.194652 3.029339 4.346457,
-3.195872 3.019600 4.346457,
-3.196606 3.009812 4.346457,
-3.196850 3.000000 4.346457,
-3.196606 2.990188 4.346457,
-3.106800 4.165359 4.346457,
-3.098425 4.170477 4.346457,
-3.114910 4.159830 4.346457,
-3.122734 4.153904 4.346457,
-3.130253 4.147595 4.346457,
-3.137448 4.140919 4.346457,
-3.144302 4.133892 4.346457,
-3.150796 4.126533 4.346457,
-3.156916 4.118859 4.346457,
-3.162645 4.110890 4.346457,
-3.167971 4.102645 4.346457,
-3.172878 4.094144 4.346457,
-3.177356 4.085410 4.346457,
-3.181393 4.076464 4.346457,
-3.184979 4.067327 4.346457,
-3.188105 4.058023 4.346457,
-3.190763 4.048574 4.346457,
-3.192947 4.039005 4.346457,
-3.194652 4.029339 4.346457,
-3.195872 4.019600 4.346457,
-3.196606 4.009812 4.346457,
-3.196850 4.000000 4.346457,
-3.196606 3.990188 4.346457,
-3.195872 3.980400 4.346457,
-3.194652 3.970661 4.346457,
-3.192947 3.960995 4.346457,
-3.089805 4.175172 4.346457,
-2.822644 3.914590 4.346457,
-2.822644 3.085410 4.346457,
3.177356 -2.085410 4.346457,
-3.080962 4.179430 4.346457,
3.181393 -2.923536 4.346457,
3.181393 -2.076464 4.346457,
3.184979 -2.932673 4.346457,
-2.818607 3.923536 4.346457,
-2.818607 3.076464 4.346457,
-3.071918 4.183243 4.346457,
3.184979 -2.067327 4.346457,
-2.815021 3.932673 4.346457,
-2.815021 3.067327 4.346457,
-3.062694 4.186600 4.346457,
-2.811895 3.941977 4.346457,
-2.811895 3.058023 4.346457,
3.188105 -2.941977 4.346457,
3.188105 -2.058023 4.346457,
3.190763 -2.951426 4.346457,
-3.053315 4.189493 4.346457,
-2.809237 3.048574 4.346457,
-2.809237 3.951426 4.346457,
-2.807053 3.039005 4.346457,
3.190763 -2.048574 4.346457,
-3.043803 4.191915 4.346457,
-2.807053 3.960995 4.346457,
-2.805348 3.029339 4.346457,
3.192947 -2.960995 4.346457,
3.192947 -2.039005 4.346457,
3.194652 -2.970661 4.346457,
-3.034183 4.193860 4.346457,
-2.805348 3.970661 4.346457,
3.194652 -2.029339 4.346457,
-3.024477 4.195323 4.346457,
3.195872 -2.019600 4.346457,
-3.014711 4.196300 4.346457,
3.196606 -2.009812 4.346457,
-3.004908 4.196789 4.346457,
3.196850 -2.000000 4.346457,
-2.995092 4.196789 4.346457,
-2.985289 4.196300 4.346457,
-2.975523 4.195323 4.346457,
-2.965817 4.193860 4.346457,
-2.956197 4.191915 4.346457,
-2.946685 4.189493 4.346457,
-2.937306 4.186600 4.346457,
-2.928082 4.183243 4.346457,
-2.919038 4.179430 4.346457,
-2.910195 4.175172 4.346457,
-2.901575 4.170477 4.346457,
2.855698 -1.866108 4.346457,
2.855698 -1.133892 4.346457,
2.862552 -1.859081 4.346457,
2.862552 -1.140919 4.346457,
2.869747 -1.147595 4.346457,
2.869747 -1.852405 4.346457,
2.877266 -1.846096 4.346457,
2.849204 -1.873467 4.346457,
2.849204 -1.126533 4.346457,
2.843084 -1.881141 4.346457,
2.877266 -1.153904 4.346457,
2.885090 -1.840170 4.346457,
2.843084 -1.118859 4.346457,
2.885090 -1.159830 4.346457,
2.837355 -1.889110 4.346457,
2.837355 -1.110890 4.346457,
2.893200 -1.165359 4.346457,
2.893200 -1.834641 4.346457,
2.832029 -1.897355 4.346457,
2.832029 -1.102645 4.346457,
2.901575 -1.170477 4.346457,
2.901575 -1.829523 4.346457,
2.910195 -1.824828 4.346457,
2.827122 -1.905856 4.346457,
2.827122 -1.094144 4.346457,
2.822644 -1.914590 4.346457,
2.910195 -1.175172 4.346457,
2.919038 -1.820570 4.346457,
2.822644 -1.085410 4.346457,
2.919038 -1.179430 4.346457,
2.818607 -1.923536 4.346457,
2.818607 -1.076464 4.346457,
2.928082 -1.183243 4.346457,
2.928082 -1.816757 4.346457,
2.937306 -1.813400 4.346457,
2.815021 -1.932673 4.346457,
2.815021 -1.067327 4.346457,
2.937306 -1.186600 4.346457,
2.811895 -1.941977 4.346457,
2.811895 -1.058023 4.346457,
2.809237 -1.951426 4.346457,
2.946685 -1.189493 4.346457,
2.946685 -1.810507 4.346457,
2.809237 -1.048574 4.346457,
2.956197 -1.191915 4.346457,
2.956197 -1.808085 4.346457,
2.807053 -1.960995 4.346457,
2.807053 -1.039005 4.346457,
2.965817 -1.193860 4.346457,
2.965817 -1.806140 4.346457,
2.975523 -1.804677 4.346457,
2.805348 -1.029339 4.346457,
2.975523 -1.195323 4.346457,
2.985289 -1.803700 4.346457,
-2.804128 -1.019600 4.346457,
2.804128 -1.019600 4.346457,
-2.803394 -1.009812 4.346457,
2.985289 -1.196300 4.346457,
2.995092 -1.803211 4.346457,
2.803394 -1.009812 4.346457,
2.995092 -1.196789 4.346457,
-2.803150 -1.000000 4.346457,
2.803150 -1.000000 4.346457,
3.004908 -1.196789 4.346457,
3.004908 -1.803211 4.346457,
3.014711 -1.803700 4.346457,
2.803394 -0.990188 4.346457,
-2.803394 -0.990188 4.346457,
3.014711 -1.196300 4.346457,
2.804128 -0.980400 4.346457,
-2.804128 -0.980400 4.346457,
3.024477 -1.195323 4.346457,
3.024477 -1.804677 4.346457,
2.805348 -0.970661 4.346457,
3.034183 -1.193860 4.346457,
3.034183 -1.806140 4.346457,
3.043803 -1.191915 4.346457,
3.043803 -1.808085 4.346457,
3.053315 -1.189493 4.346457,
3.053315 -1.810507 4.346457,
3.062694 -1.186600 4.346457,
3.062694 -1.813400 4.346457,
3.071918 -1.183243 4.346457,
3.071918 -1.816757 4.346457,
3.080962 -1.179430 4.346457,
3.080962 -1.820570 4.346457,
3.089805 -1.824828 4.346457,
3.089805 -1.175172 4.346457,
3.098425 -1.170477 4.346457,
3.098425 -1.829523 4.346457,
3.106800 -1.165359 4.346457,
3.106800 -1.834641 4.346457,
3.114910 -1.159830 4.346457,
3.114910 -1.840170 4.346457,
3.122734 -1.846096 4.346457,
3.122734 -1.153904 4.346457,
3.130253 -1.852405 4.346457,
3.130253 -1.147595 4.346457,
3.137448 -1.859081 4.346457,
3.137448 -1.140919 4.346457,
3.144302 -1.866108 4.346457,
3.144302 -1.133892 4.346457,
3.150796 -1.126533 4.346457,
3.150796 -1.873467 4.346457,
3.156916 -1.118859 4.346457,
3.156916 -1.881141 4.346457,
3.162645 -1.110890 4.346457,
3.162645 -1.889110 4.346457,
3.167971 -1.102645 4.346457,
3.167971 -1.897355 4.346457,
3.172878 -1.094144 4.346457,
3.172878 -1.905856 4.346457,
3.177356 -1.914590 4.346457,
3.177356 -1.085410 4.346457,
3.181393 -1.923536 4.346457,
3.181393 -1.076464 4.346457,
3.184979 -1.932673 4.346457,
3.184979 -1.067327 4.346457,
3.188105 -1.058023 4.346457,
3.188105 -1.941977 4.346457,
3.190763 -1.951426 4.346457,
3.190763 -1.048574 4.346457,
3.192947 -1.960995 4.346457,
3.192947 -1.039005 4.346457,
3.194652 -1.970661 4.346457,
3.194652 -1.029339 4.346457,
3.195872 -1.019600 4.346457,
3.195872 -1.980400 4.346457,
3.196606 -1.009812 4.346457,
3.196606 -1.990188 4.346457,
2.862552 -0.859081 4.346457,
2.855698 -0.133892 4.346457,
2.862552 -0.140919 4.346457,
2.855698 -0.866108 4.346457,
2.869747 -0.147595 4.346457,
2.869747 -0.852405 4.346457,
2.849204 -0.126533 4.346457,
2.849204 -0.873467 4.346457,
2.843084 -0.881141 4.346457,
2.877266 -0.846096 4.346457,
2.877266 -0.153904 4.346457,
2.885090 -0.840170 4.346457,
2.843084 -0.118859 4.346457,
2.885090 -0.159830 4.346457,
2.837355 -0.889110 4.346457,
2.837355 -0.110890 4.346457,
2.893200 -0.165359 4.346457,
2.893200 -0.834641 4.346457,
2.832029 -0.897355 4.346457,
2.832029 -0.102645 4.346457,
2.901575 -0.829523 4.346457,
2.901575 -0.170477 4.346457,
2.910195 -0.824828 4.346457,
2.827122 -0.905856 4.346457,
2.827122 -0.094144 4.346457,
2.910195 -0.175172 4.346457,
2.822644 -0.914590 4.346457,
2.822644 -0.085410 4.346457,
2.919038 -0.179430 4.346457,
2.919038 -0.820570 4.346457,
2.818607 -0.923536 4.346457,
2.818607 -0.076464 4.346457,
2.928082 -0.183243 4.346457,
2.928082 -0.816757 4.346457,
2.815021 -0.932673 4.346457,
2.815021 -0.067327 4.346457,
2.811895 -0.941977 4.346457,
2.937306 -0.186600 4.346457,
2.937306 -0.813400 4.346457,
2.811895 -0.058023 4.346457,
2.946685 -0.189493 4.346457,
2.946685 -0.810507 4.346457,
2.809237 -0.048574 4.346457,
2.809237 -0.951426 4.346457,
2.807053 -0.960995 4.346457,
2.956197 -0.191915 4.346457,
2.956197 -0.808085 4.346457,
2.807053 -0.039005 4.346457,
2.965817 -0.806140 4.346457,
2.965817 -0.193860 4.346457,
2.975523 -0.804677 4.346457,
2.805348 -0.029339 4.346457,
2.975523 -0.195323 4.346457,
2.804128 -0.019600 4.346457,
-2.804128 -0.019600 4.346457,
2.985289 -0.803700 4.346457,
2.985289 -0.196300 4.346457,
2.995092 -0.803211 4.346457,
-2.803394 -0.009812 4.346457,
2.803394 -0.009812 4.346457,
2.995092 -0.196789 4.346457,
3.004908 -0.803211 4.346457,
2.803150 -0.000000 4.346457,
-2.803150 -0.000000 4.346457,
3.004908 -0.196789 4.346457,
3.014711 -0.803700 4.346457,
-2.803394 0.009812 4.346457,
2.803394 0.009812 4.346457,
3.014711 -0.196300 4.346457,
3.024477 -0.804677 4.346457,
-2.804128 0.019600 4.346457,
2.804128 0.019600 4.346457,
3.024477 -0.195323 4.346457,
3.034183 -0.806140 4.346457,
2.805348 0.029339 4.346457,
3.034183 -0.193860 4.346457,
3.043803 -0.191915 4.346457,
3.043803 -0.808085 4.346457,
3.053315 -0.810507 4.346457,
3.053315 -0.189493 4.346457,
3.062694 -0.813400 4.346457,
3.062694 -0.186600 4.346457,
3.071918 -0.183243 4.346457,
3.071918 -0.816757 4.346457,
3.080962 -0.179430 4.346457,
3.080962 -0.820570 4.346457,
3.089805 -0.175172 4.346457,
3.089805 -0.824828 4.346457,
3.098425 -0.170477 4.346457,
3.098425 -0.829523 4.346457,
3.106800 -0.165359 4.346457,
3.106800 -0.834641 4.346457,
3.114910 -0.159830 4.346457,
3.114910 -0.840170 4.346457,
3.122734 -0.153904 4.346457,
3.122734 -0.846096 4.346457,
3.130253 -0.852405 4.346457,
3.130253 -0.147595 4.346457,
3.137448 -0.140919 4.346457,
3.137448 -0.859081 4.346457,
3.144302 -0.133892 4.346457,
3.144302 -0.866108 4.346457,
3.150796 -0.873467 4.346457,
3.150796 -0.126533 4.346457,
3.156916 -0.118859 4.346457,
3.156916 -0.881141 4.346457,
3.162645 -0.889110 4.346457,
3.162645 -0.110890 4.346457,
3.167971 -0.102645 4.346457,
3.167971 -0.897355 4.346457,
3.172878 -0.905856 4.346457,
3.172878 -0.094144 4.346457,
3.177356 -0.914590 4.346457,
3.177356 -0.085410 4.346457,
3.181393 -0.076464 4.346457,
3.181393 -0.923536 4.346457,
3.184979 -0.932673 4.346457,
3.184979 -0.067327 4.346457,
3.188105 -0.058023 4.346457,
3.188105 -0.941977 4.346457,
3.190763 -0.951426 4.346457,
3.190763 -0.048574 4.346457,
3.192947 -0.960995 4.346457,
3.192947 -0.039005 4.346457,
3.194652 -0.970661 4.346457,
3.194652 -0.029339 4.346457,
3.195872 -0.980400 4.346457,
3.195872 -0.019600 4.346457,
3.196606 -0.990188 4.346457,
3.196606 -0.009812 4.346457,
2.862552 0.140919 4.346457,
2.862552 0.859081 4.346457,
2.869747 0.147595 4.346457,
2.855698 0.133892 4.346457,
2.855698 0.866108 4.346457,
2.869747 0.852405 4.346457,
2.849204 0.126533 4.346457,
2.849204 0.873467 4.346457,
2.877266 0.153904 4.346457,
2.877266 0.846096 4.346457,
2.885090 0.159830 4.346457,
2.843084 0.881141 4.346457,
2.843084 0.118859 4.346457,
2.837355 0.110890 4.346457,
2.885090 0.840170 4.346457,
2.837355 0.889110 4.346457,
2.893200 0.834641 4.346457,
2.893200 0.165359 4.346457,
2.832029 0.897355 4.346457,
2.832029 0.102645 4.346457,
2.901575 0.170477 4.346457,
2.901575 0.829523 4.346457,
2.910195 0.175172 4.346457,
2.827122 0.905856 4.346457,
2.827122 0.094144 4.346457,
2.910195 0.824828 4.346457,
2.822644 0.914590 4.346457,
2.822644 0.085410 4.346457,
2.919038 0.820570 4.346457,
2.919038 0.179430 4.346457,
2.818607 0.923536 4.346457,
2.818607 0.076464 4.346457,
2.928082 0.816757 4.346457,
2.928082 0.183243 4.346457,
2.815021 0.932673 4.346457,
2.815021 0.067327 4.346457,
2.811895 0.058023 4.346457,
2.937306 0.186600 4.346457,
2.937306 0.813400 4.346457,
2.946685 0.189493 4.346457,
2.809237 0.048574 4.346457,
2.811895 0.941977 4.346457,
2.946685 0.810507 4.346457,
2.956197 0.191915 4.346457,
2.807053 0.039005 4.346457,
2.809237 0.951426 4.346457,
2.956197 0.808085 4.346457,
2.807053 0.960995 4.346457,
2.965817 0.806140 4.346457,
2.965817 0.193860 4.346457,
2.975523 0.195323 4.346457,
2.805348 0.970661 4.346457,
2.975523 0.804677 4.346457,
-2.804128 0.980400 4.346457,
2.804128 0.980400 4.346457,
-2.803394 0.990188 4.346457,
2.985289 0.803700 4.346457,
2.985289 0.196300 4.346457,
2.803394 0.990188 4.346457,
2.995092 0.803211 4.346457,
2.995092 0.196789 4.346457,
-2.803150 1.000000 4.346457,
2.803150 1.000000 4.346457,
3.004908 0.803211 4.346457,
3.004908 0.196789 4.346457,
2.803394 1.009812 4.346457,
-2.803394 1.009812 4.346457,
3.014711 0.803700 4.346457,
3.014711 0.196300 4.346457,
3.024477 0.195323 4.346457,
2.804128 1.019600 4.346457,
-2.804128 1.019600 4.346457,
3.024477 0.804677 4.346457,
2.805348 1.029339 4.346457,
3.034183 0.806140 4.346457,
3.034183 0.193860 4.346457,
3.043803 0.191915 4.346457,
3.043803 0.808085 4.346457,
3.053315 0.810507 4.346457,
3.053315 0.189493 4.346457,
3.062694 0.813400 4.346457,
3.062694 0.186600 4.346457,
3.071918 0.816757 4.346457,
3.071918 0.183243 4.346457,
3.080962 0.820570 4.346457,
3.080962 0.179430 4.346457,
3.089805 0.824828 4.346457,
3.089805 0.175172 4.346457,
3.098425 0.829523 4.346457,
3.098425 0.170477 4.346457,
3.106800 0.165359 4.346457,
3.106800 0.834641 4.346457,
3.114910 0.840170 4.346457,
3.114910 0.159830 4.346457,
3.122734 0.846096 4.346457,
3.122734 0.153904 4.346457,
3.130253 0.852405 4.346457,
3.130253 0.147595 4.346457,
3.137448 0.140919 4.346457,
3.137448 0.859081 4.346457,
3.144302 0.133892 4.346457,
3.144302 0.866108 4.346457,
3.150796 0.126533 4.346457,
3.150796 0.873467 4.346457,
3.156916 0.118859 4.346457,
3.156916 0.881141 4.346457,
3.162645 0.889110 4.346457,
3.162645 0.110890 4.346457,
3.167971 0.897355 4.346457,
3.167971 0.102645 4.346457,
3.172878 0.094144 4.346457,
3.172878 0.905856 4.346457,
3.177356 0.085410 4.346457,
3.177356 0.914590 4.346457,
3.181393 0.923536 4.346457,
3.181393 0.076464 4.346457,
3.184979 0.067327 4.346457,
3.184979 0.932673 4.346457,
3.188105 0.058023 4.346457,
3.188105 0.941977 4.346457,
3.190763 0.048574 4.346457,
3.190763 0.951426 4.346457,
3.192947 0.039005 4.346457,
3.192947 0.960995 4.346457,
3.194652 0.029339 4.346457,
3.194652 0.970661 4.346457,
3.195872 0.019600 4.346457,
3.195872 0.980400 4.346457,
3.196606 0.009812 4.346457,
3.196606 0.990188 4.346457,
2.855698 1.133892 4.346457,
2.862552 1.859081 4.346457,
2.862552 1.140919 4.346457,
2.855698 1.866108 4.346457,
2.869747 1.852405 4.346457,
2.869747 1.147595 4.346457,
2.843084 1.118859 4.346457,
2.849204 1.873467 4.346457,
2.849204 1.126533 4.346457,
2.877266 1.846096 4.346457,
2.877266 1.153904 4.346457,
2.885090 1.159830 4.346457,
2.843084 1.881141 4.346457,
2.885090 1.840170 4.346457,
2.837355 1.110890 4.346457,
2.837355 1.889110 4.346457,
2.893200 1.834641 4.346457,
2.893200 1.165359 4.346457,
2.901575 1.170477 4.346457,
2.832029 1.102645 4.346457,
2.832029 1.897355 4.346457,
2.901575 1.829523 4.346457,
2.910195 1.175172 4.346457,
2.827122 1.094144 4.346457,
2.827122 1.905856 4.346457,
2.910195 1.824828 4.346457,
2.822644 1.085410 4.346457,
2.822644 1.914590 4.346457,
2.919038 1.820570 4.346457,
2.919038 1.179430 4.346457,
2.818607 1.076464 4.346457,
2.818607 1.923536 4.346457,
2.928082 1.816757 4.346457,
2.928082 1.183243 4.346457,
2.815021 1.067327 4.346457,
2.815021 1.932673 4.346457,
2.811895 1.058023 4.346457,
2.937306 1.813400 4.346457,
2.937306 1.186600 4.346457,
2.809237 1.048574 4.346457,
2.811895 1.941977 4.346457,
2.946685 1.810507 4.346457,
2.946685 1.189493 4.346457,
2.807053 1.039005 4.346457,
2.809237 1.951426 4.346457,
2.956197 1.808085 4.346457,
2.956197 1.191915 4.346457,
2.807053 1.960995 4.346457,
2.965817 1.806140 4.346457,
2.965817 1.193860 4.346457,
2.805348 1.970661 4.346457,
2.975523 1.804677 4.346457,
2.975523 1.195323 4.346457,
2.985289 1.196300 4.346457,
2.804128 1.980400 4.346457,
-2.804128 1.980400 4.346457,
2.985289 1.803700 4.346457,
2.995092 1.196789 4.346457,
2.803394 1.990188 4.346457,
-2.803394 1.990188 4.346457,
2.995092 1.803211 4.346457,
2.803150 2.000000 4.346457,
-2.803150 2.000000 4.346457,
3.004908 1.803211 4.346457,
3.004908 1.196789 4.346457,
3.014711 1.196300 4.346457,
-2.803394 2.009812 4.346457,
2.803394 2.009812 4.346457,
-2.804128 2.019600 4.346457,
3.014711 1.803700 4.346457,
3.024477 1.195323 4.346457,
2.804128 2.019600 4.346457,
3.024477 1.804677 4.346457,
2.805348 2.029339 4.346457,
3.034183 1.806140 4.346457,
3.034183 1.193860 4.346457,
3.043803 1.808085 4.346457,
3.043803 1.191915 4.346457,
3.053315 1.810507 4.346457,
3.053315 1.189493 4.346457,
3.062694 1.813400 4.346457,
3.062694 1.186600 4.346457,
3.071918 1.816757 4.346457,
3.071918 1.183243 4.346457,
3.080962 1.820570 4.346457,
3.080962 1.179430 4.346457,
3.089805 1.824828 4.346457,
3.089805 1.175172 4.346457,
3.098425 1.170477 4.346457,
3.098425 1.829523 4.346457,
3.106800 1.834641 4.346457,
3.106800 1.165359 4.346457,
3.114910 1.840170 4.346457,
3.114910 1.159830 4.346457,
3.122734 1.153904 4.346457,
3.122734 1.846096 4.346457,
3.130253 1.147595 4.346457,
3.130253 1.852405 4.346457,
3.137448 1.140919 4.346457,
3.137448 1.859081 4.346457,
3.144302 1.866108 4.346457,
3.144302 1.133892 4.346457,
3.150796 1.126533 4.346457,
3.150796 1.873467 4.346457,
3.156916 1.881141 4.346457,
3.156916 1.118859 4.346457,
3.162645 1.110890 4.346457,
3.162645 1.889110 4.346457,
3.167971 1.897355 4.346457,
3.167971 1.102645 4.346457,
3.172878 1.905856 4.346457,
3.172878 1.094144 4.346457,
3.177356 1.085410 4.346457,
3.177356 1.914590 4.346457,
3.181393 1.923536 4.346457,
3.181393 1.076464 4.346457,
3.184979 1.067327 4.346457,
3.184979 1.932673 4.346457,
3.188105 1.941977 4.346457,
3.188105 1.058023 4.346457,
3.190763 1.048574 4.346457,
3.190763 1.951426 4.346457,
3.192947 1.960995 4.346457,
3.192947 1.039005 4.346457,
3.194652 1.970661 4.346457,
3.194652 1.029339 4.346457,
3.195872 1.980400 4.346457,
3.195872 1.019600 4.346457,
3.196606 1.009812 4.346457,
3.196606 1.990188 4.346457,
2.855698 2.133892 4.346457,
2.855698 2.866108 4.346457,
2.862552 2.140919 4.346457,
2.862552 2.859081 4.346457,
2.869747 2.852405 4.346457,
2.869747 2.147595 4.346457,
2.849204 2.126533 4.346457,
2.849204 2.873467 4.346457,
2.877266 2.153904 4.346457,
2.877266 2.846096 4.346457,
2.885090 2.159830 4.346457,
2.843084 2.118859 4.346457,
2.843084 2.881141 4.346457,
2.837355 2.110890 4.346457,
2.885090 2.840170 4.346457,
2.837355 2.889110 4.346457,
2.893200 2.834641 4.346457,
2.893200 2.165359 4.346457,
2.832029 2.102645 4.346457,
2.832029 2.897355 4.346457,
2.901575 2.829523 4.346457,
2.901575 2.170477 4.346457,
2.827122 2.094144 4.346457,
2.827122 2.905856 4.346457,
2.910195 2.824828 4.346457,
2.910195 2.175172 4.346457,
2.919038 2.179430 4.346457,
2.822644 2.914590 4.346457,
2.822644 2.085410 4.346457,
2.919038 2.820570 4.346457,
2.818607 2.076464 4.346457,
2.818607 2.923536 4.346457,
2.928082 2.183243 4.346457,
2.928082 2.816757 4.346457,
2.937306 2.186600 4.346457,
2.815021 2.067327 4.346457,
2.815021 2.932673 4.346457,
2.937306 2.813400 4.346457,
2.811895 2.941977 4.346457,
2.811895 2.058023 4.346457,
2.946685 2.189493 4.346457,
2.946685 2.810507 4.346457,
2.956197 2.191915 4.346457,
2.809237 2.048574 4.346457,
2.809237 2.951426 4.346457,
2.807053 2.039005 4.346457,
2.956197 2.808085 4.346457,
2.965817 2.193860 4.346457,
2.807053 2.960995 4.346457,
2.965817 2.806140 4.346457,
2.805348 2.970661 4.346457,
2.975523 2.804677 4.346457,
2.975523 2.195323 4.346457,
2.804128 2.980400 4.346457,
-2.804128 2.980400 4.346457,
2.985289 2.803700 4.346457,
2.985289 2.196300 4.346457,
-2.803394 2.990188 4.346457,
2.803394 2.990188 4.346457,
2.995092 2.803211 4.346457,
2.995092 2.196789 4.346457,
-2.803150 3.000000 4.346457,
2.803150 3.000000 4.346457,
3.004908 2.803211 4.346457,
3.004908 2.196789 4.346457,
-2.803394 3.009812 4.346457,
2.803394 3.009812 4.346457,
3.014711 2.803700 4.346457,
3.014711 2.196300 4.346457,
2.804128 3.019600 4.346457,
-2.804128 3.019600 4.346457,
3.024477 2.804677 4.346457,
3.024477 2.195323 4.346457,
2.805348 3.029339 4.346457,
3.034183 2.806140 4.346457,
3.034183 2.193860 4.346457,
3.043803 2.808085 4.346457,
3.043803 2.191915 4.346457,
3.053315 2.810507 4.346457,
3.053315 2.189493 4.346457,
3.062694 2.186600 4.346457,
3.062694 2.813400 4.346457,
3.071918 2.183243 4.346457,
3.071918 2.816757 4.346457,
3.080962 2.820570 4.346457,
3.080962 2.179430 4.346457,
3.089805 2.824828 4.346457,
3.089805 2.175172 4.346457,
3.098425 2.829523 4.346457,
3.098425 2.170477 4.346457,
3.106800 2.834641 4.346457,
3.106800 2.165359 4.346457,
3.114910 2.840170 4.346457,
3.114910 2.159830 4.346457,
3.122734 2.846096 4.346457,
3.122734 2.153904 4.346457,
3.130253 2.147595 4.346457,
3.130253 2.852405 4.346457,
3.137448 2.140919 4.346457,
3.137448 2.859081 4.346457,
3.144302 2.866108 4.346457,
3.144302 2.133892 4.346457,
3.150796 2.873467 4.346457,
3.150796 2.126533 4.346457,
3.156916 2.881141 4.346457,
3.156916 2.118859 4.346457,
3.162645 2.110890 4.346457,
3.162645 2.889110 4.346457,
3.167971 2.102645 4.346457,
3.167971 2.897355 4.346457,
3.172878 2.094144 4.346457,
3.172878 2.905856 4.346457,
3.177356 2.914590 4.346457,
3.177356 2.085410 4.346457,
3.181393 2.923536 4.346457,
3.181393 2.076464 4.346457,
3.184979 2.067327 4.346457,
3.184979 2.932673 4.346457,
3.188105 2.941977 4.346457,
3.188105 2.058023 4.346457,
3.190763 2.048574 4.346457,
3.190763 2.951426 4.346457,
3.192947 2.039005 4.346457,
3.192947 2.960995 4.346457,
3.194652 2.029339 4.346457,
3.194652 2.970661 4.346457,
3.195872 2.980400 4.346457,
3.195872 2.019600 4.346457,
2.855698 3.133892 4.346457,
2.862552 3.859081 4.346457,
2.862552 3.140919 4.346457,
2.855698 3.866108 4.346457,
2.869747 3.852405 4.346457,
2.869747 3.147595 4.346457,
2.849204 3.873467 4.346457,
2.849204 3.126533 4.346457,
2.843084 3.118859 4.346457,
2.877266 3.153904 4.346457,
2.877266 3.846096 4.346457,
2.885090 3.159830 4.346457,
2.843084 3.881141 4.346457,
2.885090 3.840170 4.346457,
2.837355 3.889110 4.346457,
2.837355 3.110890 4.346457,
2.893200 3.834641 4.346457,
2.893200 3.165359 4.346457,
2.832029 3.102645 4.346457,
2.832029 3.897355 4.346457,
2.901575 3.170477 4.346457,
2.901575 3.829523 4.346457,
2.910195 3.175172 4.346457,
2.827122 3.905856 4.346457,
2.827122 3.094144 4.346457,
2.910195 3.824828 4.346457,
2.822644 3.914590 4.346457,
2.822644 3.085410 4.346457,
2.919038 3.820570 4.346457,
2.919038 3.179430 4.346457,
2.818607 3.923536 4.346457,
2.818607 3.076464 4.346457,
2.928082 3.816757 4.346457,
2.928082 3.183243 4.346457,
2.815021 3.932673 4.346457,
2.815021 3.067327 4.346457,
2.937306 3.813400 4.346457,
2.937306 3.186600 4.346457,
2.811895 3.941977 4.346457,
2.811895 3.058023 4.346457,
2.809237 3.048574 4.346457,
2.946685 3.189493 4.346457,
2.946685 3.810507 4.346457,
2.956197 3.191915 4.346457,
2.809237 3.951426 4.346457,
2.807053 3.039005 4.346457,
2.956197 3.808085 4.346457,
2.807053 3.960995 4.346457,
2.965817 3.806140 4.346457,
2.965817 3.193860 4.346457,
2.975523 3.195323 4.346457,
2.805348 3.970661 4.346457,
2.975523 3.804677 4.346457,
-2.804128 3.980400 4.346457,
2.804128 3.980400 4.346457,
2.985289 3.803700 4.346457,
2.985289 3.196300 4.346457,
-2.803394 3.990188 4.346457,
2.803394 3.990188 4.346457,
2.995092 3.196789 4.346457,
2.995092 3.803211 4.346457,
3.004908 3.196789 4.346457,
-2.803150 4.000000 4.346457,
2.803150 4.000000 4.346457,
3.004908 3.803211 4.346457,
-2.803394 4.009812 4.346457,
2.803394 4.009812 4.346457,
3.014711 3.803700 4.346457,
3.014711 3.196300 4.346457,
-2.804128 4.019600 4.346457,
2.804128 4.019600 4.346457,
3.024477 3.804677 4.346457,
3.024477 3.195323 4.346457,
-2.805348 4.029339 4.346457,
2.805348 4.029339 4.346457,
3.034183 3.806140 4.346457,
3.034183 3.193860 4.346457,
-2.807053 4.039005 4.346457,
2.807053 4.039005 4.346457,
3.043803 3.808085 4.346457,
3.043803 3.191915 4.346457,
2.809237 4.048574 4.346457,
-2.809237 4.048574 4.346457,
3.053315 3.810507 4.346457,
3.053315 3.189493 4.346457,
-2.811895 4.058023 4.346457,
2.811895 4.058023 4.346457,
3.062694 3.186600 4.346457,
3.062694 3.813400 4.346457,
3.071918 3.183243 4.346457,
-2.815021 4.067327 4.346457,
2.815021 4.067327 4.346457,
-2.818607 4.076464 4.346457,
3.071918 3.816757 4.346457,
2.818607 4.076464 4.346457,
3.080962 3.820570 4.346457,
3.080962 3.179430 4.346457,
-2.822644 4.085410 4.346457,
2.822644 4.085410 4.346457,
3.089805 3.824828 4.346457,
3.089805 3.175172 4.346457,
-2.827122 4.094144 4.346457,
2.827122 4.094144 4.346457,
3.098425 3.829523 4.346457,
3.098425 3.170477 4.346457,
-2.832029 4.102645 4.346457,
2.832029 4.102645 4.346457,
3.106800 3.165359 4.346457,
3.106800 3.834641 4.346457,
3.114910 3.159830 4.346457,
-2.837355 4.110890 4.346457,
2.837355 4.110890 4.346457,
3.114910 3.840170 4.346457,
3.122734 3.153904 4.346457,
-2.843084 4.118859 4.346457,
2.843084 4.118859 4.346457,
3.122734 3.846096 4.346457,
3.130253 3.147595 4.346457,
-2.849204 4.126533 4.346457,
2.849204 4.126533 4.346457,
3.130253 3.852405 4.346457,
2.855698 4.133892 4.346457,
-2.855698 4.133892 4.346457,
3.137448 3.859081 4.346457,
3.137448 3.140919 4.346457,
-2.862552 4.140919 4.346457,
2.862552 4.140919 4.346457,
-2.869747 4.147595 4.346457,
3.144302 3.133892 4.346457,
3.144302 3.866108 4.346457,
3.150796 3.126533 4.346457,
2.869747 4.147595 4.346457,
3.150796 3.873467 4.346457,
-2.877266 4.153904 4.346457,
2.877266 4.153904 4.346457,
3.156916 3.118859 4.346457,
3.156916 3.881141 4.346457,
3.162645 3.110890 4.346457,
-2.885090 4.159830 4.346457,
2.885090 4.159830 4.346457,
3.162645 3.889110 4.346457,
2.893200 4.165359 4.346457,
-2.893200 4.165359 4.346457,
3.167971 3.897355 4.346457,
3.167971 3.102645 4.346457,
3.172878 3.094144 4.346457,
3.172878 3.905856 4.346457,
3.177356 3.085410 4.346457,
3.177356 3.914590 4.346457,
3.181393 3.076464 4.346457,
3.181393 3.923536 4.346457,
3.184979 3.932673 4.346457,
3.184979 3.067327 4.346457,
3.188105 3.941977 4.346457,
3.188105 3.058023 4.346457,
3.190763 3.951426 4.346457,
3.190763 3.048574 4.346457,
3.196850 2.000000 4.346457,
3.196606 3.009812 4.346457,
3.196850 3.000000 4.346457,
3.195872 3.019600 4.346457,
3.194652 3.029339 4.346457,
3.192947 3.039005 4.346457,
3.196606 2.990188 4.346457,
3.196606 4.009812 4.346457,
3.196850 4.000000 4.346457,
3.195872 4.019600 4.346457,
3.194652 4.029339 4.346457,
3.192947 4.039005 4.346457,
3.190763 4.048574 4.346457,
3.188105 4.058023 4.346457,
3.184979 4.067327 4.346457,
3.181393 4.076464 4.346457,
3.177356 4.085410 4.346457,
3.172878 4.094144 4.346457,
3.167971 4.102645 4.346457,
3.162645 4.110890 4.346457,
3.156916 4.118859 4.346457,
3.150796 4.126533 4.346457,
3.144302 4.133892 4.346457,
3.137448 4.140919 4.346457,
3.130253 4.147595 4.346457,
3.122734 4.153904 4.346457,
3.114910 4.159830 4.346457,
3.106800 4.165359 4.346457,
3.192947 3.960995 4.346457,
3.098425 4.170477 4.346457,
3.194652 3.970661 4.346457,
3.089805 4.175172 4.346457,
3.195872 3.980400 4.346457,
3.080962 4.179430 4.346457,
3.196606 3.990188 4.346457,
3.071918 4.183243 4.346457,
3.062694 4.186600 4.346457,
3.053315 4.189493 4.346457,
3.043803 4.191915 4.346457,
3.034183 4.193860 4.346457,
3.024477 4.195323 4.346457,
3.014711 4.196300 4.346457,
3.004908 4.196789 4.346457,
2.995092 4.196789 4.346457,
2.985289 4.196300 4.346457,
2.975523 4.195323 4.346457,
2.965817 4.193860 4.346457,
2.956197 4.191915 4.346457,
2.946685 4.189493 4.346457,
2.937306 4.186600 4.346457,
2.928082 4.183243 4.346457,
2.919038 4.179430 4.346457,
2.910195 4.175172 4.346457,
2.901575 4.170477 4.346457,
3.196606 2.009812 4.346457,
-3.196850 -1.000000 4.346457,
-3.196850 -0.000000 4.346457,
-3.196850 1.000000 4.346457,
3.196850 1.000000 4.346457,
3.196850 -0.000000 4.346457,
3.196850 -1.000000 4.346457 ] } coordIndex [ 0 1 2 -1,
2 1 3 -1,
0 4 1 -1,
4 5 1 -1,
6 1 7 -1,
8 7 1 -1,
9 1 6 -1,
10 8 1 -1,
11 1 9 -1,
12 10 1 -1,
13 1 11 -1,
14 12 1 -1,
15 1 13 -1,
16 14 1 -1,
17 1 15 -1,
18 16 1 -1,
19 1 17 -1,
20 18 1 -1,
21 1 19 -1,
22 20 1 -1,
23 1 21 -1,
24 22 1 -1,
25 1 23 -1,
26 24 1 -1,
27 1 25 -1,
28 26 1 -1,
29 1 27 -1,
30 28 1 -1,
31 1 29 -1,
32 30 1 -1,
33 1 31 -1,
34 32 1 -1,
35 1 33 -1,
36 34 1 -1,
37 1 35 -1,
38 36 1 -1,
39 1 37 -1,
40 38 1 -1,
41 1 39 -1,
42 40 1 -1,
43 1 41 -1,
44 42 1 -1,
45 1 43 -1,
46 44 1 -1,
47 1 45 -1,
48 46 1 -1,
49 48 1 -1,
50 49 1 -1,
51 50 1 -1,
52 51 1 -1,
53 52 1 -1,
54 55 56 -1,
54 56 57 -1,
58 56 59 -1,
58 57 56 -1,
60 55 54 -1,
60 61 55 -1,
62 58 59 -1,
62 59 63 -1,
64 61 60 -1,
64 65 61 -1,
66 62 63 -1,
66 63 67 -1,
68 65 64 -1,
68 69 65 -1,
70 66 67 -1,
70 67 71 -1,
72 69 68 -1,
72 73 69 -1,
74 70 71 -1,
74 71 75 -1,
76 73 72 -1,
76 77 73 -1,
78 75 79 -1,
78 74 75 -1,
80 77 76 -1,
80 81 77 -1,
82 78 79 -1,
82 79 83 -1,
84 81 80 -1,
84 85 81 -1,
86 82 83 -1,
86 87 88 -1,
86 83 87 -1,
89 85 84 -1,
89 90 85 -1,
91 86 88 -1,
92 90 89 -1,
92 93 90 -1,
94 88 95 -1,
94 91 88 -1,
96 1 47 -1,
96 93 92 -1,
96 47 93 -1,
97 98 99 -1,
97 95 98 -1,
97 94 95 -1,
100 1 96 -1,
101 97 99 -1,
102 1 100 -1,
103 104 105 -1,
103 99 104 -1,
103 101 99 -1,
106 1 102 -1,
107 103 105 -1,
108 1 106 -1,
109 105 110 -1,
109 107 105 -1,
111 1 108 -1,
112 109 110 -1,
112 110 113 -1,
114 1 111 -1,
115 112 113 -1,
115 113 116 -1,
117 1 114 -1,
118 116 119 -1,
118 115 116 -1,
120 119 121 -1,
120 118 119 -1,
122 120 121 -1,
122 121 123 -1,
124 123 125 -1,
124 122 123 -1,
126 127 128 -1,
126 125 127 -1,
126 124 125 -1,
129 126 128 -1,
130 131 132 -1,
130 128 131 -1,
130 129 128 -1,
133 130 132 -1,
134 132 135 -1,
134 133 132 -1,
136 135 137 -1,
136 134 135 -1,
138 137 139 -1,
138 136 137 -1,
140 139 141 -1,
140 138 139 -1,
142 143 144 -1,
142 141 143 -1,
142 140 141 -1,
145 144 146 -1,
145 142 144 -1,
147 145 146 -1,
148 146 149 -1,
148 147 146 -1,
150 148 149 -1,
150 149 151 -1,
152 151 153 -1,
152 150 151 -1,
154 153 155 -1,
154 152 153 -1,
156 155 157 -1,
156 154 155 -1,
158 159 160 -1,
158 157 159 -1,
158 156 157 -1,
161 158 160 -1,
162 163 164 -1,
162 160 163 -1,
162 161 160 -1,
165 164 166 -1,
165 162 164 -1,
167 165 166 -1,
168 166 169 -1,
168 167 166 -1,
170 169 171 -1,
170 168 169 -1,
172 173 174 -1,
172 175 173 -1,
176 174 173 -1,
176 173 177 -1,
178 175 172 -1,
178 179 175 -1,
180 176 177 -1,
180 177 181 -1,
182 179 178 -1,
182 183 179 -1,
184 180 181 -1,
184 185 186 -1,
184 181 185 -1,
187 188 183 -1,
187 183 182 -1,
189 184 186 -1,
190 188 187 -1,
190 191 188 -1,
190 192 191 -1,
193 189 186 -1,
193 186 194 -1,
195 192 190 -1,
196 197 198 -1,
196 194 197 -1,
196 193 194 -1,
199 192 195 -1,
199 200 192 -1,
201 196 198 -1,
202 200 199 -1,
202 203 200 -1,
204 201 198 -1,
204 205 206 -1,
204 198 205 -1,
207 203 202 -1,
207 208 203 -1,
209 204 206 -1,
210 208 207 -1,
210 211 208 -1,
210 212 211 -1,
213 206 214 -1,
213 209 206 -1,
215 216 212 -1,
215 212 210 -1,
217 214 218 -1,
217 213 214 -1,
219 216 215 -1,
220 218 221 -1,
220 217 218 -1,
222 216 219 -1,
222 223 216 -1,
222 117 223 -1,
224 220 221 -1,
224 221 225 -1,
226 117 222 -1,
226 1 117 -1,
227 224 225 -1,
227 225 228 -1,
229 1 226 -1,
230 227 228 -1,
230 231 232 -1,
230 228 231 -1,
233 1 229 -1,
234 230 232 -1,
235 234 232 -1,
235 232 236 -1,
237 235 236 -1,
237 236 238 -1,
239 237 238 -1,
239 240 241 -1,
239 238 240 -1,
242 239 241 -1,
243 242 241 -1,
243 241 244 -1,
245 243 244 -1,
245 244 246 -1,
247 245 246 -1,
247 246 248 -1,
249 247 248 -1,
249 248 250 -1,
251 252 253 -1,
251 250 252 -1,
251 249 250 -1,
254 251 253 -1,
255 253 256 -1,
255 254 253 -1,
257 256 258 -1,
257 255 256 -1,
259 258 260 -1,
259 257 258 -1,
261 259 260 -1,
261 262 263 -1,
261 260 262 -1,
264 261 263 -1,
264 263 265 -1,
266 264 265 -1,
266 265 267 -1,
268 266 267 -1,
269 268 267 -1,
269 267 270 -1,
271 272 273 -1,
271 270 272 -1,
271 269 270 -1,
274 271 273 -1,
275 274 273 -1,
275 273 276 -1,
277 275 276 -1,
277 276 278 -1,
279 280 281 -1,
279 278 280 -1,
279 277 278 -1,
282 279 281 -1,
282 281 283 -1,
284 282 283 -1,
285 284 283 -1,
285 283 286 -1,
287 285 286 -1,
287 286 288 -1,
289 287 288 -1,
289 288 290 -1,
291 292 293 -1,
294 292 291 -1,
295 293 296 -1,
295 291 293 -1,
297 298 292 -1,
297 292 294 -1,
299 295 296 -1,
299 296 300 -1,
301 302 298 -1,
301 298 297 -1,
303 299 300 -1,
303 300 304 -1,
305 306 302 -1,
305 302 301 -1,
307 303 304 -1,
307 304 308 -1,
309 310 306 -1,
309 306 305 -1,
311 307 308 -1,
311 312 313 -1,
311 308 312 -1,
314 315 310 -1,
314 310 309 -1,
316 311 313 -1,
316 313 317 -1,
318 319 315 -1,
318 315 314 -1,
320 316 317 -1,
321 322 319 -1,
321 323 322 -1,
321 319 318 -1,
324 320 317 -1,
324 317 325 -1,
326 323 321 -1,
327 324 325 -1,
327 328 329 -1,
327 325 328 -1,
330 331 323 -1,
330 323 326 -1,
332 327 329 -1,
333 334 331 -1,
333 335 334 -1,
333 331 330 -1,
336 332 329 -1,
336 337 338 -1,
336 329 337 -1,
339 340 335 -1,
339 335 333 -1,
341 336 338 -1,
342 343 340 -1,
342 340 339 -1,
344 341 338 -1,
344 338 345 -1,
346 343 342 -1,
347 344 345 -1,
347 348 349 -1,
347 345 348 -1,
350 351 343 -1,
350 343 346 -1,
352 347 349 -1,
352 349 353 -1,
354 352 353 -1,
355 354 353 -1,
355 353 356 -1,
357 355 356 -1,
357 356 358 -1,
359 357 358 -1,
359 360 361 -1,
359 358 360 -1,
362 359 361 -1,
363 361 364 -1,
363 362 361 -1,
365 364 366 -1,
365 363 364 -1,
367 366 368 -1,
367 365 366 -1,
369 368 370 -1,
369 367 368 -1,
371 369 370 -1,
371 372 373 -1,
371 370 372 -1,
374 371 373 -1,
375 373 376 -1,
375 374 373 -1,
377 375 376 -1,
377 378 379 -1,
377 376 378 -1,
380 377 379 -1,
381 380 379 -1,
381 379 382 -1,
383 381 382 -1,
383 382 384 -1,
385 383 384 -1,
385 386 387 -1,
385 384 386 -1,
388 385 387 -1,
389 388 387 -1,
389 387 390 -1,
391 389 390 -1,
391 390 392 -1,
393 391 392 -1,
393 392 394 -1,
395 393 394 -1,
395 394 396 -1,
397 395 396 -1,
397 398 399 -1,
397 396 398 -1,
400 397 399 -1,
400 399 401 -1,
402 400 401 -1,
403 401 404 -1,
403 402 401 -1,
405 404 406 -1,
405 403 404 -1,
407 406 408 -1,
407 405 406 -1,
409 408 410 -1,
409 407 408 -1,
411 412 413 -1,
411 414 412 -1,
415 413 412 -1,
415 412 416 -1,
417 418 414 -1,
417 414 411 -1,
419 416 420 -1,
419 415 416 -1,
421 422 418 -1,
421 418 417 -1,
423 420 424 -1,
423 419 420 -1,
425 426 422 -1,
425 422 421 -1,
427 428 429 -1,
427 424 428 -1,
427 423 424 -1,
430 426 425 -1,
430 431 426 -1,
432 427 429 -1,
433 434 431 -1,
433 431 430 -1,
435 436 437 -1,
435 429 436 -1,
435 432 429 -1,
438 439 434 -1,
438 434 433 -1,
440 435 437 -1,
441 442 439 -1,
441 439 438 -1,
443 437 444 -1,
443 440 437 -1,
445 446 442 -1,
445 447 446 -1,
445 442 441 -1,
448 444 449 -1,
448 443 444 -1,
450 447 445 -1,
451 448 449 -1,
451 449 452 -1,
453 454 447 -1,
453 447 450 -1,
455 452 456 -1,
455 451 452 -1,
457 458 454 -1,
457 454 453 -1,
459 456 460 -1,
459 455 456 -1,
461 462 458 -1,
461 463 462 -1,
461 458 457 -1,
464 460 465 -1,
464 459 460 -1,
466 463 461 -1,
467 465 468 -1,
467 464 465 -1,
469 463 466 -1,
469 470 463 -1,
471 468 472 -1,
471 467 468 -1,
473 472 474 -1,
473 471 472 -1,
475 476 477 -1,
475 474 476 -1,
475 473 474 -1,
478 475 477 -1,
479 477 480 -1,
479 478 477 -1,
481 480 482 -1,
481 479 480 -1,
483 482 484 -1,
483 481 482 -1,
485 484 486 -1,
485 483 484 -1,
487 486 488 -1,
487 485 486 -1,
489 488 490 -1,
489 487 488 -1,
491 492 493 -1,
491 490 492 -1,
491 489 490 -1,
494 491 493 -1,
495 494 493 -1,
495 496 497 -1,
495 493 496 -1,
498 495 497 -1,
499 498 497 -1,
499 497 500 -1,
501 499 500 -1,
501 500 502 -1,
503 501 502 -1,
503 504 505 -1,
503 502 504 -1,
506 503 505 -1,
506 505 507 -1,
508 506 507 -1,
508 507 509 -1,
510 508 509 -1,
511 510 509 -1,
511 512 513 -1,
511 509 512 -1,
514 513 515 -1,
514 511 513 -1,
516 514 515 -1,
516 515 517 -1,
518 516 517 -1,
519 518 517 -1,
519 520 521 -1,
519 517 520 -1,
522 519 521 -1,
523 522 521 -1,
523 521 524 -1,
525 523 524 -1,
525 524 526 -1,
527 525 526 -1,
527 526 528 -1,
529 527 528 -1,
529 528 530 -1,
531 532 533 -1,
531 533 534 -1,
535 533 536 -1,
535 534 533 -1,
537 538 532 -1,
537 532 531 -1,
539 535 536 -1,
539 536 540 -1,
541 538 537 -1,
541 542 538 -1,
543 539 540 -1,
543 540 544 -1,
545 542 541 -1,
545 546 542 -1,
547 543 544 -1,
547 544 548 -1,
549 550 546 -1,
549 546 545 -1,
551 547 548 -1,
551 548 552 -1,
553 550 549 -1,
553 554 550 -1,
555 551 552 -1,
555 552 556 -1,
557 558 554 -1,
557 554 553 -1,
559 555 556 -1,
559 556 560 -1,
561 562 558 -1,
561 558 557 -1,
563 559 560 -1,
563 560 564 -1,
565 562 561 -1,
565 566 562 -1,
567 563 564 -1,
567 564 568 -1,
569 566 565 -1,
569 570 566 -1,
571 568 572 -1,
571 567 568 -1,
573 574 570 -1,
573 570 569 -1,
575 572 576 -1,
575 571 572 -1,
577 574 573 -1,
577 578 574 -1,
579 576 580 -1,
579 575 576 -1,
581 578 577 -1,
581 582 578 -1,
583 579 580 -1,
583 580 584 -1,
585 582 581 -1,
585 586 582 -1,
585 587 586 -1,
588 589 590 -1,
588 584 589 -1,
588 583 584 -1,
591 587 585 -1,
592 588 590 -1,
592 590 593 -1,
594 592 593 -1,
595 594 593 -1,
595 593 596 -1,
597 598 599 -1,
597 596 598 -1,
597 595 596 -1,
600 597 599 -1,
601 599 602 -1,
601 600 599 -1,
603 601 602 -1,
603 604 605 -1,
603 602 604 -1,
606 603 605 -1,
607 605 608 -1,
607 606 605 -1,
609 610 611 -1,
609 608 610 -1,
609 607 608 -1,
612 609 611 -1,
613 611 614 -1,
613 612 611 -1,
615 616 617 -1,
615 614 616 -1,
615 613 614 -1,
618 615 617 -1,
619 618 617 -1,
619 617 620 -1,
621 620 622 -1,
621 619 620 -1,
623 624 625 -1,
623 622 624 -1,
623 621 622 -1,
626 623 625 -1,
627 625 628 -1,
627 626 625 -1,
629 630 631 -1,
629 628 630 -1,
629 627 628 -1,
632 629 631 -1,
633 631 634 -1,
633 632 631 -1,
635 634 636 -1,
635 633 634 -1,
637 636 638 -1,
637 635 636 -1,
639 638 640 -1,
639 637 638 -1,
641 640 642 -1,
641 639 640 -1,
643 642 644 -1,
643 641 642 -1,
645 644 646 -1,
645 643 644 -1,
647 646 648 -1,
647 645 646 -1,
649 648 650 -1,
649 647 648 -1,
651 652 653 -1,
651 653 654 -1,
655 656 657 -1,
655 658 656 -1,
659 653 660 -1,
659 654 653 -1,
661 657 656 -1,
661 656 662 -1,
663 664 652 -1,
663 652 651 -1,
665 658 655 -1,
665 666 658 -1,
665 667 666 -1,
668 659 660 -1,
668 669 670 -1,
668 660 669 -1,
671 661 662 -1,
671 672 673 -1,
671 662 672 -1,
674 675 664 -1,
674 664 663 -1,
676 667 665 -1,
676 677 667 -1,
678 670 679 -1,
678 668 670 -1,
680 671 673 -1,
681 682 675 -1,
681 675 674 -1,
683 677 676 -1,
684 678 679 -1,
685 673 686 -1,
685 680 673 -1,
687 688 682 -1,
687 689 688 -1,
687 682 681 -1,
690 677 683 -1,
690 691 677 -1,
690 692 691 -1,
693 679 53 -1,
693 684 679 -1,
694 686 695 -1,
694 685 686 -1,
696 689 687 -1,
697 692 690 -1,
698 699 700 -1,
698 695 699 -1,
698 694 695 -1,
701 702 689 -1,
701 689 696 -1,
703 692 697 -1,
703 704 692 -1,
705 698 700 -1,
706 707 702 -1,
706 702 701 -1,
708 709 704 -1,
708 704 703 -1,
710 705 700 -1,
710 700 711 -1,
712 709 708 -1,
712 713 709 -1,
714 715 707 -1,
714 707 706 -1,
716 710 711 -1,
716 717 718 -1,
716 711 717 -1,
719 715 714 -1,
719 720 715 -1,
721 713 712 -1,
721 722 713 -1,
723 716 718 -1,
724 725 720 -1,
724 726 725 -1,
724 720 719 -1,
727 722 721 -1,
727 728 722 -1,
729 723 718 -1,
729 718 730 -1,
731 726 724 -1,
732 733 728 -1,
732 728 727 -1,
734 729 730 -1,
734 730 735 -1,
736 733 732 -1,
736 737 733 -1,
736 738 737 -1,
739 726 731 -1,
739 740 726 -1,
741 734 735 -1,
741 735 742 -1,
743 744 740 -1,
743 740 739 -1,
745 738 736 -1,
746 742 747 -1,
746 741 742 -1,
748 749 744 -1,
748 744 743 -1,
750 738 745 -1,
750 751 738 -1,
752 747 753 -1,
752 746 747 -1,
754 755 756 -1,
754 756 749 -1,
754 749 748 -1,
757 753 758 -1,
757 752 753 -1,
759 755 754 -1,
760 758 761 -1,
760 757 758 -1,
762 763 755 -1,
762 755 759 -1,
764 765 766 -1,
764 761 765 -1,
764 760 761 -1,
767 171 763 -1,
767 763 762 -1,
768 764 766 -1,
769 768 766 -1,
769 766 770 -1,
771 769 770 -1,
771 770 772 -1,
773 771 772 -1,
773 772 774 -1,
775 773 774 -1,
775 774 776 -1,
777 775 776 -1,
777 776 778 -1,
779 777 778 -1,
779 778 780 -1,
5 781 782 -1,
5 783 781 -1,
5 784 783 -1,
5 785 784 -1,
5 786 785 -1,
5 787 786 -1,
5 788 787 -1,
5 53 1 -1,
5 693 53 -1,
5 789 693 -1,
5 790 789 -1,
5 791 790 -1,
5 792 791 -1,
5 793 792 -1,
5 794 793 -1,
5 795 794 -1,
5 796 795 -1,
5 797 796 -1,
5 798 797 -1,
5 799 798 -1,
5 800 799 -1,
5 782 800 -1,
801 788 5 -1,
802 780 803 -1,
802 779 780 -1,
804 801 5 -1,
805 802 803 -1,
805 806 807 -1,
805 803 806 -1,
808 805 807 -1,
809 804 5 -1,
810 809 5 -1,
811 807 812 -1,
811 808 807 -1,
813 810 5 -1,
814 812 815 -1,
814 811 812 -1,
816 813 5 -1,
817 815 818 -1,
817 814 815 -1,
819 816 5 -1,
820 817 818 -1,
820 818 821 -1,
822 819 5 -1,
823 820 821 -1,
823 821 824 -1,
825 822 5 -1,
826 823 824 -1,
826 827 828 -1,
826 824 827 -1,
829 825 5 -1,
830 828 831 -1,
830 826 828 -1,
832 829 5 -1,
833 830 831 -1,
834 832 5 -1,
835 833 831 -1,
835 831 836 -1,
837 834 5 -1,
838 836 839 -1,
838 835 836 -1,
840 837 5 -1,
841 842 843 -1,
841 839 842 -1,
841 838 839 -1,
844 840 5 -1,
845 843 846 -1,
845 841 843 -1,
847 844 5 -1,
848 846 849 -1,
848 845 846 -1,
850 847 5 -1,
851 848 849 -1,
852 850 5 -1,
853 849 854 -1,
853 851 849 -1,
855 854 856 -1,
855 853 854 -1,
857 852 5 -1,
858 857 5 -1,
859 858 5 -1,
860 859 5 -1,
861 860 5 -1,
862 861 5 -1,
863 862 5 -1,
864 863 5 -1,
865 864 5 -1,
866 867 868 -1,
869 867 866 -1,
870 871 872 -1,
870 873 871 -1,
874 872 871 -1,
874 871 875 -1,
876 866 868 -1,
876 868 877 -1,
878 879 873 -1,
878 880 879 -1,
878 873 870 -1,
881 882 867 -1,
881 867 869 -1,
883 874 875 -1,
883 884 885 -1,
883 875 884 -1,
886 876 877 -1,
886 887 888 -1,
886 877 887 -1,
889 880 878 -1,
890 891 882 -1,
890 882 881 -1,
892 886 888 -1,
893 883 885 -1,
894 880 889 -1,
894 895 880 -1,
896 897 891 -1,
896 891 890 -1,
898 892 888 -1,
898 888 899 -1,
900 885 901 -1,
900 893 885 -1,
902 895 894 -1,
902 903 895 -1,
904 905 897 -1,
904 897 896 -1,
906 907 908 -1,
906 901 907 -1,
906 900 901 -1,
909 898 899 -1,
909 899 910 -1,
911 912 903 -1,
911 903 902 -1,
913 914 905 -1,
913 905 904 -1,
915 906 908 -1,
916 910 917 -1,
916 909 910 -1,
918 912 911 -1,
918 919 912 -1,
918 920 919 -1,
921 922 914 -1,
921 914 913 -1,
923 908 924 -1,
923 915 908 -1,
925 916 917 -1,
925 917 926 -1,
927 928 922 -1,
927 922 921 -1,
929 920 918 -1,
930 925 926 -1,
930 926 931 -1,
932 924 933 -1,
932 923 924 -1,
934 920 929 -1,
934 935 920 -1,
934 936 935 -1,
937 938 928 -1,
937 939 938 -1,
937 928 927 -1,
940 941 942 -1,
940 933 941 -1,
940 932 933 -1,
943 930 931 -1,
943 931 944 -1,
945 946 936 -1,
945 936 934 -1,
947 939 937 -1,
948 940 942 -1,
949 943 944 -1,
949 944 950 -1,
951 946 945 -1,
952 953 939 -1,
952 939 947 -1,
954 949 950 -1,
954 950 955 -1,
956 942 957 -1,
956 948 942 -1,
958 946 951 -1,
958 959 946 -1,
960 961 953 -1,
960 953 952 -1,
962 954 955 -1,
962 955 963 -1,
964 956 957 -1,
964 965 966 -1,
964 957 965 -1,
967 968 961 -1,
967 961 960 -1,
969 171 767 -1,
969 170 171 -1,
969 767 959 -1,
969 959 958 -1,
970 964 966 -1,
971 962 963 -1,
971 963 972 -1,
973 974 968 -1,
973 968 967 -1,
975 976 170 -1,
975 170 969 -1,
977 978 979 -1,
977 966 978 -1,
977 970 966 -1,
980 971 972 -1,
980 972 981 -1,
982 976 975 -1,
982 983 976 -1,
984 979 985 -1,
984 977 979 -1,
986 980 981 -1,
986 981 987 -1,
988 983 982 -1,
988 989 983 -1,
990 984 985 -1,
991 986 987 -1,
991 987 992 -1,
993 994 989 -1,
993 989 988 -1,
995 990 985 -1,
995 996 997 -1,
995 985 996 -1,
998 999 1000 -1,
998 992 999 -1,
998 991 992 -1,
1001 1002 994 -1,
1001 994 993 -1,
1001 290 1002 -1,
1003 995 997 -1,
1004 998 1000 -1,
1005 290 1001 -1,
1006 997 1007 -1,
1006 1003 997 -1,
1008 1004 1000 -1,
1008 1000 1009 -1,
1010 1007 1011 -1,
1010 1006 1007 -1,
1012 1008 1009 -1,
1012 1009 1013 -1,
1014 1011 1015 -1,
1014 1010 1011 -1,
1016 1012 1013 -1,
1016 1013 1017 -1,
1018 1015 1019 -1,
1018 1014 1015 -1,
1020 1016 1017 -1,
1020 1017 1021 -1,
1022 1023 1024 -1,
1022 1019 1023 -1,
1022 1018 1019 -1,
1025 1020 1021 -1,
1025 1026 1027 -1,
1025 1021 1026 -1,
1028 1022 1024 -1,
1029 1025 1027 -1,
1029 1027 1030 -1,
1031 1032 1033 -1,
1031 1024 1032 -1,
1031 1028 1024 -1,
1034 1029 1030 -1,
1035 1031 1033 -1,
1036 1034 1030 -1,
1036 1030 1037 -1,
1038 1033 1039 -1,
1038 1035 1033 -1,
1040 1036 1037 -1,
1040 1041 1042 -1,
1040 1037 1041 -1,
1043 1039 1044 -1,
1043 1038 1039 -1,
1045 1040 1042 -1,
1046 1047 1048 -1,
1046 1044 1047 -1,
1046 1043 1044 -1,
1049 1042 1050 -1,
1049 1045 1042 -1,
1051 1046 1048 -1,
1052 1049 1050 -1,
1052 1050 1053 -1,
1054 1055 1056 -1,
1054 1048 1055 -1,
1054 1051 1048 -1,
1057 1052 1053 -1,
1057 1053 1058 -1,
1059 1054 1056 -1,
1059 1056 1060 -1,
1061 1057 1058 -1,
1061 1058 1062 -1,
1063 1059 1060 -1,
1063 1060 1064 -1,
1065 1061 1062 -1,
1065 1062 1066 -1,
1067 1063 1064 -1,
1068 1065 1066 -1,
1068 1069 1070 -1,
1068 1066 1069 -1,
1071 1064 1072 -1,
1071 1067 1064 -1,
1073 1068 1070 -1,
1074 1072 1075 -1,
1074 1071 1072 -1,
1076 1073 1070 -1,
1076 1077 1078 -1,
1076 1070 1077 -1,
1079 1075 1080 -1,
1079 1074 1075 -1,
1081 1076 1078 -1,
1082 1080 1083 -1,
1082 1079 1080 -1,
1084 1081 1078 -1,
1084 1078 1085 -1,
1086 1082 1083 -1,
1086 1083 1087 -1,
1088 1084 1085 -1,
1088 1085 1089 -1,
1090 1091 1092 -1,
1090 1087 1091 -1,
1090 1086 1087 -1,
1093 1089 1094 -1,
1093 1088 1089 -1,
1095 1092 865 -1,
1095 1090 1092 -1,
1096 1094 1097 -1,
1096 1093 1094 -1,
1098 1095 865 -1,
1098 865 5 -1,
1099 1096 1097 -1,
1099 1097 1100 -1,
1101 1098 5 -1,
1102 1099 1100 -1,
1102 1103 1104 -1,
1102 1100 1103 -1,
1105 1102 1104 -1,
1106 1101 5 -1,
1107 1106 5 -1,
1108 1107 5 -1,
1109 1108 5 -1,
1110 1109 5 -1,
1111 1110 5 -1,
1112 1113 1114 -1,
1115 1113 1112 -1,
1116 1117 1118 -1,
1116 1118 1119 -1,
1120 1118 1121 -1,
1120 1119 1118 -1,
1122 1114 1123 -1,
1122 1112 1114 -1,
1124 1125 1113 -1,
1124 1113 1115 -1,
1126 1117 1116 -1,
1126 1127 1117 -1,
1126 1128 1127 -1,
1129 1120 1121 -1,
1129 1130 1131 -1,
1129 1121 1130 -1,
1132 1133 1134 -1,
1132 1123 1133 -1,
1132 1122 1123 -1,
1135 1128 1126 -1,
1136 1137 1125 -1,
1136 1138 1137 -1,
1136 1125 1124 -1,
1139 1129 1131 -1,
1140 1132 1134 -1,
1141 1138 1136 -1,
1142 1128 1135 -1,
1142 1143 1128 -1,
1144 1131 1145 -1,
1144 1139 1131 -1,
1146 1147 1148 -1,
1146 1134 1147 -1,
1146 1140 1134 -1,
1149 1143 1142 -1,
1149 1150 1143 -1,
1151 1152 1138 -1,
1151 1138 1141 -1,
1153 1146 1148 -1,
1154 1145 1155 -1,
1154 1144 1145 -1,
1156 1157 1152 -1,
1156 1152 1151 -1,
1158 1150 1149 -1,
1158 1159 1150 -1,
1158 1160 1159 -1,
1161 1162 1163 -1,
1161 1148 1162 -1,
1161 1153 1148 -1,
1164 1165 1166 -1,
1164 1155 1165 -1,
1164 1154 1155 -1,
1167 1160 1158 -1,
1168 1169 1157 -1,
1168 1157 1156 -1,
1170 1161 1163 -1,
1171 1164 1166 -1,
1172 1173 1169 -1,
1172 1169 1168 -1,
1174 1160 1167 -1,
1174 1175 1160 -1,
1176 1163 1177 -1,
1176 1170 1163 -1,
1178 1171 1166 -1,
1178 1179 1180 -1,
1178 1166 1179 -1,
1181 1173 1172 -1,
1181 1182 1173 -1,
1183 1175 1174 -1,
1183 1184 1175 -1,
1185 1178 1180 -1,
1186 1176 1177 -1,
1186 1177 1187 -1,
1188 1189 1182 -1,
1188 1182 1181 -1,
1190 1184 1183 -1,
1190 1191 1184 -1,
1192 1185 1180 -1,
1192 1180 1193 -1,
1194 1195 1196 -1,
1194 1187 1195 -1,
1194 1186 1187 -1,
1197 1198 1191 -1,
1197 1199 1198 -1,
1197 1191 1190 -1,
1200 1201 1189 -1,
1200 1189 1188 -1,
1202 1194 1196 -1,
1203 1192 1193 -1,
1203 1193 1204 -1,
1205 1199 1197 -1,
1205 1005 1199 -1,
1206 1207 1208 -1,
1206 1196 1207 -1,
1206 1202 1196 -1,
1209 1203 1204 -1,
1209 1210 1211 -1,
1209 1204 1210 -1,
1212 289 290 -1,
1212 1005 1205 -1,
1212 290 1005 -1,
1213 1206 1208 -1,
1214 1209 1211 -1,
1214 1211 1215 -1,
1216 1217 289 -1,
1216 1218 1217 -1,
1216 289 1212 -1,
1219 1215 1220 -1,
1219 1214 1215 -1,
1221 1213 1208 -1,
1221 1208 1222 -1,
1223 1218 1216 -1,
1224 1222 1225 -1,
1224 1221 1222 -1,
1226 1219 1220 -1,
1227 1218 1223 -1,
1227 1228 1218 -1,
1229 1220 1230 -1,
1229 1226 1220 -1,
1231 1225 1232 -1,
1231 1224 1225 -1,
1233 1228 1227 -1,
1233 1234 1228 -1,
1235 1232 1236 -1,
1235 1231 1232 -1,
1237 1230 1238 -1,
1237 1229 1230 -1,
1239 1234 1233 -1,
1239 1240 1234 -1,
1241 1238 1242 -1,
1241 1237 1238 -1,
1243 1236 1244 -1,
1243 1235 1236 -1,
1245 410 1240 -1,
1245 1240 1239 -1,
1246 1242 1247 -1,
1246 1241 1242 -1,
1248 1249 1250 -1,
1248 1244 1249 -1,
1248 1243 1244 -1,
1251 1246 1247 -1,
1251 1247 1252 -1,
1253 1248 1250 -1,
1254 1251 1252 -1,
1254 1252 1255 -1,
1256 1257 1258 -1,
1256 1250 1257 -1,
1256 1253 1250 -1,
1259 1254 1255 -1,
1259 1255 1260 -1,
1261 1256 1258 -1,
1262 1263 1264 -1,
1262 1258 1263 -1,
1262 1261 1258 -1,
1265 1259 1260 -1,
1265 1266 1267 -1,
1265 1260 1266 -1,
1268 1265 1267 -1,
1269 1262 1264 -1,
1269 1264 1270 -1,
1271 1269 1270 -1,
1272 1268 1267 -1,
1272 1267 1273 -1,
1274 1273 1275 -1,
1274 1272 1273 -1,
1276 1271 1270 -1,
1276 1270 1277 -1,
1278 1274 1275 -1,
1278 1279 1280 -1,
1278 1275 1279 -1,
1281 1276 1277 -1,
1281 1282 1283 -1,
1281 1277 1282 -1,
1284 1281 1283 -1,
1285 1278 1280 -1,
1286 1287 1288 -1,
1286 1280 1287 -1,
1286 1285 1280 -1,
1289 1284 1283 -1,
1289 1283 1290 -1,
1291 1289 1290 -1,
1291 1290 1292 -1,
1293 1286 1288 -1,
1294 1295 1296 -1,
1294 1292 1295 -1,
1294 1291 1292 -1,
1297 1288 1298 -1,
1297 1293 1288 -1,
1299 1296 1300 -1,
1299 1294 1296 -1,
1301 1297 1298 -1,
1301 1302 1303 -1,
1301 1298 1302 -1,
1304 1301 1303 -1,
1305 1299 1300 -1,
1305 1300 1306 -1,
1307 1305 1306 -1,
1308 1303 1309 -1,
1308 1304 1303 -1,
1310 1307 1306 -1,
1310 1306 1311 -1,
1312 1309 1313 -1,
1312 1308 1309 -1,
1314 1313 1315 -1,
1314 1312 1313 -1,
1316 1310 1311 -1,
1316 1311 1317 -1,
1318 1319 1320 -1,
1318 1315 1319 -1,
1318 1314 1315 -1,
1321 1316 1317 -1,
1321 1317 1322 -1,
3 1323 974 -1,
3 1324 1323 -1,
3 750 1324 -1,
3 1201 1200 -1,
3 1325 1201 -1,
3 1326 1325 -1,
3 1327 1326 -1,
3 1328 1327 -1,
3 1329 1328 -1,
3 1330 1329 -1,
3 973 1330 -1,
3 1331 1332 -1,
3 1333 1331 -1,
3 1334 1333 -1,
3 1335 1334 -1,
3 1336 1335 -1,
3 1337 1336 -1,
3 1338 1337 -1,
3 1339 1338 -1,
3 1340 1339 -1,
3 1341 1340 -1,
3 1342 1341 -1,
3 1343 1342 -1,
3 1344 1343 -1,
3 1345 1344 -1,
3 1346 1345 -1,
3 1347 1346 -1,
3 1348 1347 -1,
3 1349 1348 -1,
3 1350 1349 -1,
3 1351 1350 -1,
3 1352 1351 -1,
3 1353 1352 -1,
3 1354 1353 -1,
3 1355 1354 -1,
3 1356 1355 -1,
3 1200 1356 -1,
3 974 973 -1,
1357 3 1332 -1,
1358 1321 1322 -1,
1358 1322 1359 -1,
1360 1318 1320 -1,
1361 3 1357 -1,
1362 1363 1364 -1,
1362 1320 1363 -1,
1362 1360 1320 -1,
1365 1358 1359 -1,
1365 1359 1366 -1,
1367 3 1361 -1,
1368 1362 1364 -1,
1369 1365 1366 -1,
1369 1366 1370 -1,
1371 3 1367 -1,
1372 1369 1370 -1,
1372 1370 1373 -1,
1374 1375 1376 -1,
1374 1364 1375 -1,
1374 1368 1364 -1,
1377 3 1371 -1,
1378 1379 1380 -1,
1378 1373 1379 -1,
1378 1372 1373 -1,
1381 1374 1376 -1,
1382 3 1377 -1,
1383 1378 1380 -1,
1383 1380 1384 -1,
1385 1386 1387 -1,
1385 1376 1386 -1,
1385 1381 1376 -1,
1388 3 1382 -1,
1389 1383 1384 -1,
1390 1385 1387 -1,
1391 3 1388 -1,
1392 1390 1387 -1,
1392 1111 5 -1,
1392 1387 1111 -1,
1393 3 1391 -1,
1394 1392 5 -1,
1395 3 1393 -1,
1396 1394 5 -1,
1397 3 1395 -1,
1398 3 1397 -1,
1399 3 1398 -1,
1400 3 1399 -1,
1401 3 1400 -1,
1402 3 1401 -1,
1403 3 1402 -1,
1404 3 1403 -1,
1405 3 1404 -1,
1406 3 1405 -1,
1407 3 1406 -1,
1408 1409 1410 -1,
1408 1410 1411 -1,
1412 1411 1410 -1,
1412 1413 1414 -1,
1412 1410 1413 -1,
1415 1416 1409 -1,
1415 1417 1416 -1,
1415 1409 1408 -1,
1418 1412 1414 -1,
1418 1414 1419 -1,
1420 1417 1415 -1,
1421 1418 1419 -1,
1422 1423 1417 -1,
1422 1417 1420 -1,
1424 1421 1419 -1,
1424 1419 1425 -1,
1426 1427 1423 -1,
1426 1423 1422 -1,
1428 1424 1425 -1,
1428 1429 1430 -1,
1428 1425 1429 -1,
1431 1432 1427 -1,
1431 1433 1432 -1,
1431 1427 1426 -1,
1434 1428 1430 -1,
1434 1430 1435 -1,
1436 1433 1431 -1,
1437 1434 1435 -1,
1438 1439 1433 -1,
1438 1433 1436 -1,
1440 1437 1435 -1,
1440 1441 1442 -1,
1440 1435 1441 -1,
1443 1444 1439 -1,
1443 1439 1438 -1,
1445 1440 1442 -1,
1446 1447 1444 -1,
1446 1448 1447 -1,
1446 1444 1443 -1,
1449 1445 1442 -1,
1449 1442 1450 -1,
1451 1448 1446 -1,
1452 1450 1453 -1,
1452 1449 1450 -1,
1454 1455 1448 -1,
1454 1448 1451 -1,
1456 1452 1453 -1,
1456 1457 1458 -1,
1456 1453 1457 -1,
1459 1245 1455 -1,
1459 1455 1454 -1,
1459 410 1245 -1,
1459 409 410 -1,
1460 1456 1458 -1,
1460 1458 1461 -1,
1462 1463 409 -1,
1462 1464 1463 -1,
1462 409 1459 -1,
1465 1460 1461 -1,
1465 1461 1466 -1,
1467 1464 1462 -1,
1468 1465 1466 -1,
1469 1470 1464 -1,
1469 1464 1467 -1,
1471 1468 1466 -1,
1471 1472 1473 -1,
1471 1466 1472 -1,
1474 1470 1469 -1,
1474 1475 1470 -1,
1476 1471 1473 -1,
1477 1475 1474 -1,
1477 1478 1475 -1,
1479 1476 1473 -1,
1479 1473 1480 -1,
1481 1478 1477 -1,
1481 530 1478 -1,
1482 1479 1480 -1,
1482 1480 1483 -1,
1484 1482 1483 -1,
1484 1483 1485 -1,
1486 1484 1485 -1,
1486 1485 1487 -1,
1488 1486 1487 -1,
1488 1487 1489 -1,
1490 1488 1489 -1,
1490 1489 1491 -1,
1492 1490 1491 -1,
1492 1493 1494 -1,
1492 1491 1493 -1,
1495 1492 1494 -1,
1496 1494 1497 -1,
1496 1495 1494 -1,
1498 1496 1497 -1,
1498 1497 1499 -1,
1500 1498 1499 -1,
1500 1501 1502 -1,
1500 1499 1501 -1,
1503 1500 1502 -1,
1503 1502 1504 -1,
1505 1503 1504 -1,
1506 1507 1508 -1,
1506 1504 1507 -1,
1506 1505 1504 -1,
1509 1506 1508 -1,
1510 1509 1508 -1,
1510 1508 1511 -1,
1512 1511 1513 -1,
1512 1510 1511 -1,
1514 1512 1513 -1,
1514 1513 1515 -1,
1516 1514 1515 -1,
1516 1515 1517 -1,
1518 1516 1517 -1,
1518 1519 1520 -1,
1518 1517 1519 -1,
1521 1518 1520 -1,
1522 1523 1524 -1,
1522 1520 1523 -1,
1522 1521 1520 -1,
1525 1522 1524 -1,
1526 1525 1524 -1,
1526 1527 1528 -1,
1526 1524 1527 -1,
1529 1526 1528 -1,
1529 1528 1530 -1,
1531 1529 1530 -1,
1531 1530 1532 -1,
1533 1531 1532 -1,
1534 1533 1532 -1,
1534 1532 1535 -1,
1536 1534 1535 -1,
1536 1535 1537 -1,
1538 1539 1540 -1,
1538 1541 1539 -1,
1542 1540 1539 -1,
1542 1539 1543 -1,
1544 1541 1538 -1,
1544 1545 1541 -1,
1544 1546 1545 -1,
1547 1548 1549 -1,
1547 1543 1548 -1,
1547 1542 1543 -1,
1550 1546 1544 -1,
1551 1547 1549 -1,
1552 1553 1546 -1,
1552 1546 1550 -1,
1554 1549 1555 -1,
1554 1551 1549 -1,
1556 1557 1553 -1,
1556 1553 1552 -1,
1558 1559 1560 -1,
1558 1555 1559 -1,
1558 1554 1555 -1,
1561 1562 1557 -1,
1561 1557 1556 -1,
1563 1558 1560 -1,
1564 1565 1562 -1,
1564 1562 1561 -1,
1566 1560 1567 -1,
1566 1563 1560 -1,
1568 1569 1565 -1,
1568 1565 1564 -1,
1570 1567 1571 -1,
1570 1566 1567 -1,
1572 1573 1569 -1,
1572 1574 1573 -1,
1572 1569 1568 -1,
1575 1571 1576 -1,
1575 1570 1571 -1,
1577 1574 1572 -1,
1578 1576 1579 -1,
1578 1575 1576 -1,
1580 1574 1577 -1,
1580 1581 1574 -1,
1580 1582 1581 -1,
1583 1579 1584 -1,
1583 1578 1579 -1,
1585 1582 1580 -1,
1586 1587 1588 -1,
1586 1584 1587 -1,
1586 1583 1584 -1,
1589 529 530 -1,
1589 1582 1585 -1,
1589 1481 1582 -1,
1589 530 1481 -1,
1590 1586 1588 -1,
1591 529 1589 -1,
1591 1592 529 -1,
1593 1594 1595 -1,
1593 1588 1594 -1,
1593 1590 1588 -1,
1596 1597 1592 -1,
1596 1592 1591 -1,
1598 1595 1599 -1,
1598 1593 1595 -1,
1600 1597 1596 -1,
1600 1601 1597 -1,
1602 1599 1603 -1,
1602 1598 1599 -1,
1604 1605 1601 -1,
1604 1601 1600 -1,
1606 1603 1607 -1,
1606 1602 1603 -1,
1608 1609 1605 -1,
1608 650 1609 -1,
1608 1605 1604 -1,
1610 1607 1611 -1,
1610 1606 1607 -1,
1612 650 1608 -1,
1613 1610 1611 -1,
1614 1611 1615 -1,
1614 1613 1611 -1,
1616 1617 1618 -1,
1616 1615 1617 -1,
1616 1614 1615 -1,
1619 1616 1618 -1,
1620 1618 1621 -1,
1620 1619 1618 -1,
1622 1621 1623 -1,
1622 1620 1621 -1,
1624 1623 1625 -1,
1624 1622 1623 -1,
1626 1624 1625 -1,
1626 1625 1627 -1,
1628 1626 1627 -1,
1628 1627 1629 -1,
1630 1628 1629 -1,
1630 1629 1631 -1,
1632 1630 1631 -1,
1632 1633 1634 -1,
1632 1631 1633 -1,
1635 1632 1634 -1,
1636 1635 1634 -1,
1636 1634 1637 -1,
1638 1636 1637 -1,
1638 1639 1640 -1,
1638 1637 1639 -1,
1641 1638 1640 -1,
1642 1641 1640 -1,
1642 1643 1644 -1,
1642 1640 1643 -1,
1645 1642 1644 -1,
1646 1645 1644 -1,
1646 1647 1648 -1,
1646 1644 1647 -1,
1649 1646 1648 -1,
1649 1648 1650 -1,
1651 1649 1650 -1,
1652 1651 1650 -1,
1652 1653 1654 -1,
1652 1650 1653 -1,
1655 1652 1654 -1,
1656 1655 1654 -1,
1656 1657 1658 -1,
1656 1654 1657 -1,
1659 1656 1658 -1,
1659 1658 1660 -1,
1661 1659 1660 -1,
1661 1660 1662 -1,
1663 1661 1662 -1,
1664 1665 1666 -1,
1664 1662 1665 -1,
1664 1663 1662 -1,
1667 1664 1666 -1,
1668 1669 1670 -1,
1671 1672 1669 -1,
1671 1669 1668 -1,
1673 1668 1670 -1,
1674 1675 1672 -1,
1674 1672 1671 -1,
1676 1677 1678 -1,
1676 1670 1677 -1,
1676 1673 1670 -1,
1679 1675 1674 -1,
1679 1680 1675 -1,
1679 1681 1680 -1,
1682 1676 1678 -1,
1683 1681 1679 -1,
1684 1682 1678 -1,
1684 1678 1685 -1,
1686 1681 1683 -1,
1686 1687 1681 -1,
1688 1689 1690 -1,
1688 1685 1689 -1,
1688 1684 1685 -1,
1691 1687 1686 -1,
1691 1692 1687 -1,
1693 1688 1690 -1,
1694 1692 1691 -1,
1694 1695 1692 -1,
1696 1690 1697 -1,
1696 1693 1690 -1,
1698 1695 1694 -1,
1698 1699 1695 -1,
1700 1697 1701 -1,
1700 1696 1697 -1,
1702 1699 1698 -1,
1702 1703 1699 -1,
1702 1704 1703 -1,
1705 1706 1707 -1,
1705 1701 1706 -1,
1705 1700 1701 -1,
1708 1709 1704 -1,
1708 1704 1702 -1,
1710 1707 1711 -1,
1710 1705 1707 -1,
1712 1713 1709 -1,
1712 1709 1708 -1,
1714 1710 1711 -1,
1715 1713 1712 -1,
1716 1714 1711 -1,
1716 1717 1718 -1,
1716 1711 1717 -1,
1719 1713 1715 -1,
1719 650 1612 -1,
1719 649 650 -1,
1719 1612 1713 -1,
1720 1716 1718 -1,
1721 1722 649 -1,
1721 1723 1722 -1,
1721 649 1719 -1,
1724 1720 1718 -1,
1724 1718 1725 -1,
1726 1723 1721 -1,
1727 1724 1725 -1,
1727 1725 1728 -1,
1729 1730 1723 -1,
1729 1723 1726 -1,
1731 1727 1728 -1,
1731 1728 1732 -1,
1733 1730 1729 -1,
1733 1734 1730 -1,
1735 1731 1732 -1,
1735 1736 1737 -1,
1735 1732 1736 -1,
1738 1734 1733 -1,
1738 1739 1734 -1,
1738 856 1739 -1,
1740 1735 1737 -1,
1741 856 1738 -1,
1742 1740 1737 -1,
1742 1743 1744 -1,
1742 1737 1743 -1,
1745 1742 1744 -1,
1746 1745 1744 -1,
1746 1744 1747 -1,
1748 1746 1747 -1,
1748 1747 1749 -1,
1750 1749 1751 -1,
1750 1748 1749 -1,
1752 1750 1751 -1,
1752 1751 1753 -1,
1754 1752 1753 -1,
1754 1753 1755 -1,
1756 1754 1755 -1,
1756 1757 1758 -1,
1756 1755 1757 -1,
1759 1756 1758 -1,
1760 1758 1761 -1,
1760 1759 1758 -1,
1762 1761 1763 -1,
1762 1760 1761 -1,
1764 1762 1763 -1,
1764 1765 1766 -1,
1764 1763 1765 -1,
1767 1766 1768 -1,
1767 1764 1766 -1,
1769 1768 1770 -1,
1769 1767 1768 -1,
1771 1769 1770 -1,
1771 1770 1772 -1,
1773 1771 1772 -1,
1774 1773 1772 -1,
1774 1772 1775 -1,
1776 1775 1777 -1,
1776 1774 1775 -1,
1778 1779 1780 -1,
1778 1777 1779 -1,
1778 1776 1777 -1,
1781 1778 1780 -1,
1782 1780 1783 -1,
1782 1781 1780 -1,
1784 1785 1786 -1,
1784 1783 1785 -1,
1784 1782 1783 -1,
1787 1784 1786 -1,
1787 1786 1788 -1,
1789 1788 1790 -1,
1789 1787 1788 -1,
1791 1789 1790 -1,
1791 1790 1792 -1,
1793 1791 1792 -1,
1793 1792 1794 -1,
1795 1793 1794 -1,
1795 1794 1796 -1,
1797 1795 1796 -1,
1798 1799 1800 -1,
1801 1799 1798 -1,
1802 1798 1800 -1,
1802 1800 1803 -1,
1804 1805 1806 -1,
1804 1799 1801 -1,
1804 1806 1799 -1,
1807 1802 1803 -1,
1807 1808 1809 -1,
1807 1803 1808 -1,
1810 1805 1804 -1,
1811 1807 1809 -1,
1812 1813 1805 -1,
1812 1805 1810 -1,
1814 1811 1809 -1,
1814 1815 1816 -1,
1814 1809 1815 -1,
1817 1818 1813 -1,
1817 1813 1812 -1,
1819 1814 1816 -1,
1819 1816 1820 -1,
1821 1822 1818 -1,
1821 1818 1817 -1,
1823 1819 1820 -1,
1824 1825 1822 -1,
1824 1822 1821 -1,
1826 1823 1820 -1,
1826 1820 1827 -1,
1828 1829 1825 -1,
1828 1825 1824 -1,
1830 1826 1827 -1,
1830 1827 1831 -1,
1832 1833 1829 -1,
1832 1834 1833 -1,
1832 1829 1828 -1,
1835 1830 1831 -1,
1835 1831 1836 -1,
1837 1838 1834 -1,
1837 1834 1832 -1,
1839 1835 1836 -1,
1839 1836 1840 -1,
1841 1842 1838 -1,
1841 1838 1837 -1,
1843 1839 1840 -1,
1843 1840 1844 -1,
1845 1741 1842 -1,
1845 1842 1841 -1,
1846 1843 1844 -1,
1846 1844 1847 -1,
1848 1741 1845 -1,
1848 856 1741 -1,
1848 855 856 -1,
1849 1846 1847 -1,
1849 1850 1851 -1,
1849 1847 1850 -1,
1852 855 1848 -1,
1852 1853 855 -1,
1854 1849 1851 -1,
1854 1851 1855 -1,
1856 1853 1852 -1,
1856 1857 1853 -1,
1858 1854 1855 -1,
1859 1857 1856 -1,
1859 1860 1857 -1,
1861 1858 1855 -1,
1861 1862 1863 -1,
1861 1855 1862 -1,
1864 1865 1860 -1,
1864 1866 1865 -1,
1864 1860 1859 -1,
1867 1861 1863 -1,
1867 1863 1868 -1,
1869 1866 1864 -1,
1870 1867 1868 -1,
1871 1866 1869 -1,
1871 1104 1866 -1,
1871 1105 1104 -1,
1872 1870 1868 -1,
1872 1868 1873 -1,
1874 1873 1875 -1,
1874 1872 1873 -1,
1876 1875 1877 -1,
1876 1874 1875 -1,
1878 1877 1879 -1,
1878 1876 1877 -1,
1880 1879 1881 -1,
1880 1878 1879 -1,
1882 1881 1883 -1,
1882 1880 1881 -1,
1884 1882 1883 -1,
1884 1885 1886 -1,
1884 1883 1885 -1,
1887 1884 1886 -1,
1888 1887 1886 -1,
1888 1886 1889 -1,
1890 1888 1889 -1,
1890 1891 1892 -1,
1890 1889 1891 -1,
1893 1890 1892 -1,
1893 1892 1894 -1,
1895 1893 1894 -1,
1895 1894 1896 -1,
1897 1895 1896 -1,
1898 1897 1896 -1,
1898 1899 1900 -1,
1898 1896 1899 -1,
1901 1898 1900 -1,
1902 1901 1900 -1,
1902 1903 1904 -1,
1902 1900 1903 -1,
1905 1902 1904 -1,
1906 1905 1904 -1,
1906 1904 1907 -1,
1908 1906 1907 -1,
1908 1909 1910 -1,
1908 1907 1909 -1,
1911 1908 1910 -1,
1912 1911 1910 -1,
1912 1913 1914 -1,
1912 1910 1913 -1,
1915 1912 1914 -1,
1916 1915 1914 -1,
1916 1917 1918 -1,
1916 1914 1917 -1,
1919 1916 1918 -1,
1920 1918 1921 -1,
1920 1919 1918 -1,
1922 1921 1923 -1,
1922 1920 1921 -1,
1924 1922 1923 -1,
1924 1925 1926 -1,
1924 1923 1925 -1,
1927 1924 1926 -1,
1928 1929 1930 -1,
1928 1930 1931 -1,
1932 1930 1933 -1,
1932 1931 1930 -1,
1934 1935 1929 -1,
1934 1929 1928 -1,
1936 1937 1938 -1,
1936 1933 1937 -1,
1936 1932 1933 -1,
1939 1940 1935 -1,
1939 1941 1940 -1,
1939 1935 1934 -1,
1942 1936 1938 -1,
1943 1941 1939 -1,
1944 1938 1945 -1,
1944 1942 1938 -1,
1946 1947 1941 -1,
1946 1941 1943 -1,
1948 1945 1949 -1,
1948 1944 1945 -1,
1950 1951 1947 -1,
1950 1947 1946 -1,
1952 1948 1949 -1,
1952 1953 1954 -1,
1952 1949 1953 -1,
1955 1951 1950 -1,
1955 1956 1951 -1,
1957 1952 1954 -1,
1958 1959 1956 -1,
1958 1956 1955 -1,
1960 1961 1962 -1,
1960 1954 1961 -1,
1960 1957 1954 -1,
1963 1964 1959 -1,
1963 1959 1958 -1,
1965 1960 1962 -1,
1966 1964 1963 -1,
1966 1967 1964 -1,
1968 1969 1970 -1,
1968 1962 1969 -1,
1968 1965 1962 -1,
1971 1972 1967 -1,
1971 1973 1972 -1,
1971 1967 1966 -1,
1974 1970 1975 -1,
1974 1968 1970 -1,
1976 1871 1973 -1,
1976 1973 1971 -1,
1977 1974 1975 -1,
1978 1105 1871 -1,
1978 1871 1976 -1,
1979 1975 1980 -1,
1979 1977 1975 -1,
1981 1105 1978 -1,
1981 1982 1105 -1,
1983 1980 1984 -1,
1983 1979 1980 -1,
1985 1986 1982 -1,
1985 1982 1981 -1,
1987 1984 1988 -1,
1987 1983 1984 -1,
1989 1990 1986 -1,
1989 1986 1985 -1,
1991 1988 1992 -1,
1991 1987 1988 -1,
1993 1994 1990 -1,
1993 1990 1989 -1,
1995 1992 1996 -1,
1995 1991 1992 -1,
1997 1994 1993 -1,
1997 1998 1994 -1,
1999 1995 1996 -1,
1999 1996 2000 -1,
2001 1998 1997 -1,
2001 1384 1998 -1,
2002 2000 2003 -1,
2002 1999 2000 -1,
2004 2003 2005 -1,
2004 2002 2003 -1,
2006 2005 2007 -1,
2006 2004 2005 -1,
2008 2009 2010 -1,
2008 2007 2009 -1,
2008 2006 2007 -1,
2011 2008 2010 -1,
2012 2011 2010 -1,
2012 2010 2013 -1,
2014 2012 2013 -1,
2014 2013 2015 -1,
2016 2014 2015 -1,
2016 2015 2017 -1,
2018 2016 2017 -1,
2018 2017 2019 -1,
2020 2018 2019 -1,
2020 2019 2021 -1,
2022 2020 2021 -1,
2022 2023 2024 -1,
2022 2021 2023 -1,
2025 2022 2024 -1,
2025 2024 2026 -1,
2027 2025 2026 -1,
2028 2027 2026 -1,
2028 2026 2029 -1,
2030 2028 2029 -1,
2030 2029 2031 -1,
2032 2030 2031 -1,
2032 2033 2034 -1,
2032 2031 2033 -1,
2035 2032 2034 -1,
2036 2037 2038 -1,
2036 2034 2037 -1,
2036 2035 2034 -1,
2039 2036 2038 -1,
2040 2039 2038 -1,
2040 2038 2041 -1,
2042 2040 2041 -1,
2042 2043 2044 -1,
2042 2041 2043 -1,
2045 2042 2044 -1,
2046 2045 2044 -1,
2046 2047 2048 -1,
2046 2044 2047 -1,
2049 2046 2048 -1,
2049 2048 2050 -1,
2051 2049 2050 -1,
2051 2050 2052 -1,
2053 2051 2052 -1,
2054 2053 2052 -1,
2054 2052 2055 -1,
2056 2057 2058 -1,
2059 2057 2056 -1,
2060 2056 2058 -1,
2060 2058 2061 -1,
2062 2057 2059 -1,
2062 2063 2057 -1,
2062 2064 2063 -1,
2065 2066 2067 -1,
2065 2061 2066 -1,
2065 2060 2061 -1,
2068 2064 2062 -1,
2069 2065 2067 -1,
2070 2064 2068 -1,
2070 2071 2064 -1,
2072 2067 2073 -1,
2072 2069 2067 -1,
2074 2075 2071 -1,
2074 2071 2070 -1,
2076 2077 2078 -1,
2076 2073 2077 -1,
2076 2072 2073 -1,
2079 2075 2074 -1,
2079 2080 2075 -1,
2081 2076 2078 -1,
2082 2080 2079 -1,
2082 2083 2080 -1,
2084 2078 2085 -1,
2084 2081 2078 -1,
2086 2083 2082 -1,
2086 2087 2083 -1,
2088 2085 2089 -1,
2088 2084 2085 -1,
2090 2087 2086 -1,
2090 2091 2087 -1,
2092 2089 2093 -1,
2092 2088 2089 -1,
2094 2091 2090 -1,
2094 2095 2091 -1,
2094 2096 2095 -1,
2097 2098 2099 -1,
2097 2093 2098 -1,
2097 2092 2093 -1,
2100 2096 2094 -1,
2100 2101 2096 -1,
2102 2097 2099 -1,
2103 2101 2100 -1,
2103 2001 2101 -1,
2104 2102 2099 -1,
2104 2105 2106 -1,
2104 2099 2105 -1,
2107 1389 1384 -1,
2107 1384 2001 -1,
2107 2001 2103 -1,
2108 2104 2106 -1,
2109 2110 1389 -1,
2109 1389 2107 -1,
2111 2106 2112 -1,
2111 2108 2106 -1,
2113 2114 2110 -1,
2113 2110 2109 -1,
2115 2116 2117 -1,
2115 2112 2116 -1,
2115 2111 2112 -1,
2118 2119 2114 -1,
2118 2114 2113 -1,
2120 2115 2117 -1,
2121 2122 2119 -1,
2121 2119 2118 -1,
2123 2117 2124 -1,
2123 2120 2117 -1,
2125 2126 2122 -1,
2125 2122 2121 -1,
2127 2123 2124 -1,
2127 2124 2128 -1,
2129 2130 2126 -1,
2129 2126 2125 -1,
2131 2128 2132 -1,
2131 2127 2128 -1,
2133 2134 2130 -1,
2133 2130 2129 -1,
2135 2132 2136 -1,
2135 2131 2132 -1,
2137 2134 2133 -1,
2137 2138 2134 -1,
2139 2136 2140 -1,
2139 2135 2136 -1,
2141 2142 2138 -1,
2141 2138 2137 -1,
2143 2144 2145 -1,
2143 2140 2144 -1,
2143 2139 2140 -1,
2146 2147 2142 -1,
2146 2148 2147 -1,
2146 2142 2141 -1,
2149 2143 2145 -1,
2150 2148 2146 -1,
2151 2145 2152 -1,
2151 2149 2145 -1,
2153 2154 2148 -1,
2153 2148 2150 -1,
2155 2152 2156 -1,
2155 2151 2152 -1,
2157 2158 2154 -1,
2157 2154 2153 -1,
2159 2156 2160 -1,
2159 2155 2156 -1,
2161 2162 2158 -1,
2161 2158 2157 -1,
2163 2164 2165 -1,
2163 2160 2164 -1,
2163 2159 2160 -1,
2166 2167 2162 -1,
2166 2162 2161 -1,
2168 2165 2169 -1,
2168 2163 2165 -1,
2170 2171 2167 -1,
2170 2167 2166 -1,
2172 2169 2173 -1,
2172 2168 2169 -1,
2174 2175 2171 -1,
2174 2171 2170 -1,
2176 2172 2173 -1,
2177 2175 2174 -1,
2177 2178 2175 -1,
2179 2176 2173 -1,
2179 2173 2180 -1,
2181 2182 2178 -1,
2181 2183 2182 -1,
2181 2178 2177 -1,
2184 2185 2186 -1,
2184 2180 2185 -1,
2184 2179 2180 -1,
2187 2183 2181 -1,
2188 2184 2186 -1,
2189 2190 2183 -1,
2189 2183 2187 -1,
2191 2192 2193 -1,
2191 2186 2192 -1,
2191 2188 2186 -1,
2194 2195 2190 -1,
2194 2190 2189 -1,
2196 2191 2193 -1,
2197 2195 2194 -1,
2197 2198 2195 -1,
2199 2193 2200 -1,
2199 2196 2193 -1,
2201 2202 2203 -1,
2201 2200 2202 -1,
2201 2199 2200 -1,
2204 2203 2205 -1,
2204 2201 2203 -1,
2206 2204 2205 -1,
2207 2205 2208 -1,
2207 2206 2205 -1,
2209 2208 2210 -1,
2209 2207 2208 -1,
2211 2210 2212 -1,
2211 2209 2210 -1,
2213 2214 1927 -1,
2213 2215 2216 -1,
2213 2217 2215 -1,
2213 2218 2217 -1,
2213 2219 2218 -1,
2213 2212 2219 -1,
2213 2220 2054 -1,
2213 2216 2220 -1,
2213 2221 2222 -1,
2213 2223 2221 -1,
2213 2224 2223 -1,
2213 2225 2224 -1,
2213 2226 2225 -1,
2213 2227 2226 -1,
2213 2228 2227 -1,
2213 2054 2055 -1,
2213 2229 2228 -1,
2213 2230 2229 -1,
2213 2231 2230 -1,
2213 2232 2231 -1,
2213 2233 2232 -1,
2213 2234 2233 -1,
2213 2235 2234 -1,
2213 2236 2235 -1,
2213 2237 2236 -1,
2213 2238 2237 -1,
2213 2239 2238 -1,
2213 2240 2239 -1,
2213 2241 2240 -1,
2213 2242 2211 -1,
2213 2243 2241 -1,
2213 2244 2242 -1,
2213 2245 2243 -1,
2213 2246 2244 -1,
2213 2247 2245 -1,
2213 2248 2246 -1,
2213 2249 2247 -1,
2213 2222 2248 -1,
2213 2250 2249 -1,
2213 2251 2250 -1,
2213 2252 2251 -1,
2213 2253 2252 -1,
2213 2254 2253 -1,
2213 2255 2254 -1,
2213 2256 2255 -1,
2213 2257 2256 -1,
2213 2258 2257 -1,
2213 2259 2258 -1,
2213 2260 2259 -1,
2213 2261 2260 -1,
2213 2262 2261 -1,
2213 2263 2262 -1,
2213 2264 2263 -1,
2213 2265 2264 -1,
2213 2266 2265 -1,
2213 2267 2266 -1,
2213 2211 2212 -1,
2213 2268 2214 -1,
2213 2055 2268 -1,
3 1 233 -1,
3 233 351 -1,
3 351 350 -1,
3 350 2269 -1,
3 2269 470 -1,
3 470 469 -1,
3 469 2270 -1,
3 2270 587 -1,
3 587 591 -1,
3 591 2271 -1,
3 2271 751 -1,
3 751 750 -1,
5 2213 2272 -1,
2272 2213 1926 -1,
1926 2213 1927 -1,
5 2272 1797 -1,
5 1797 1796 -1,
5 1796 2273 -1,
5 2273 1667 -1,
5 1667 1666 -1,
5 1666 2274 -1,
5 2274 1536 -1,
5 1536 1537 -1,
5 1537 1396 -1,
2213 3 1407 -1,
2213 1407 2198 -1,
2213 2198 2267 -1,
2267 2198 2197 -1,
2275 2 3 -1,
2213 2275 3 -1,
0 2276 2277 -1,
2277 2278 0 -1,
0 2279 2276 -1,
2278 2280 0 -1,
0 2281 2279 -1,
2280 2282 0 -1,
0 2283 2281 -1,
2282 2284 0 -1,
0 2285 2283 -1,
2284 2286 0 -1,
0 2287 2285 -1,
2286 2288 0 -1,
0 2289 2287 -1,
2288 2290 0 -1,
0 2291 2289 -1,
2290 2292 0 -1,
0 2293 2291 -1,
2292 2294 0 -1,
0 2295 2293 -1,
2294 2296 0 -1,
0 2297 2295 -1,
2296 2298 0 -1,
0 2299 2297 -1,
2298 2300 0 -1,
0 2301 2299 -1,
2300 2302 0 -1,
0 2303 2301 -1,
2302 2304 0 -1,
0 2305 2303 -1,
2304 2306 0 -1,
0 2307 2305 -1,
2306 2308 0 -1,
0 2309 2307 -1,
2308 2310 0 -1,
0 2311 2309 -1,
2310 2312 0 -1,
0 2313 2311 -1,
2312 2314 0 -1,
0 2315 2313 -1,
2314 2316 0 -1,
0 2317 2315 -1,
2316 2318 0 -1,
2318 2319 0 -1,
2319 2320 0 -1,
2320 2321 0 -1,
2321 2322 0 -1,
2322 2323 0 -1,
2324 2325 2326 -1,
2326 2325 2327 -1,
2326 2328 2329 -1,
2327 2328 2326 -1,
2324 2330 2325 -1,
2331 2330 2324 -1,
2328 2332 2329 -1,
2329 2332 2333 -1,
2331 2334 2330 -1,
2335 2334 2331 -1,
2332 2336 2333 -1,
2333 2336 2337 -1,
2335 2338 2334 -1,
2339 2338 2335 -1,
2336 2340 2337 -1,
2337 2340 2341 -1,
2339 2342 2338 -1,
2343 2342 2339 -1,
2340 2344 2341 -1,
2341 2344 2345 -1,
2343 2346 2342 -1,
2347 2346 2343 -1,
2345 2348 2349 -1,
2344 2348 2345 -1,
2347 2350 2346 -1,
2351 2350 2347 -1,
2348 2352 2349 -1,
2349 2352 2353 -1,
2351 2354 2350 -1,
2355 2354 2351 -1,
2352 2356 2353 -1,
2357 2356 2358 -1,
2353 2356 2357 -1,
2355 2359 2354 -1,
2360 2359 2355 -1,
2356 2361 2358 -1,
2360 2362 2359 -1,
2363 2362 2360 -1,
2358 2364 2365 -1,
2361 2364 2358 -1,
0 2366 2317 -1,
2363 2366 2362 -1,
2317 2366 2363 -1,
2367 2368 2369 -1,
2365 2368 2367 -1,
2364 2368 2365 -1,
0 2370 2366 -1,
2368 2371 2369 -1,
0 2372 2370 -1,
2373 2374 2375 -1,
2369 2374 2373 -1,
2371 2374 2369 -1,
0 2376 2372 -1,
2374 2377 2375 -1,
0 2378 2376 -1,
2375 2379 2380 -1,
2377 2379 2375 -1,
0 2381 2378 -1,
2379 2382 2380 -1,
2380 2382 2383 -1,
0 2384 2381 -1,
2382 2385 2383 -1,
2383 2385 2386 -1,
0 2387 2384 -1,
2386 2388 2389 -1,
2385 2388 2386 -1,
2389 2390 2391 -1,
2388 2390 2389 -1,
2390 2392 2391 -1,
2391 2392 2393 -1,
2393 2394 2395 -1,
2392 2394 2393 -1,
2396 2397 2398 -1,
2395 2397 2396 -1,
2394 2397 2395 -1,
2397 2399 2398 -1,
2400 2401 2402 -1,
2398 2401 2400 -1,
2399 2401 2398 -1,
2401 2403 2402 -1,
2402 2404 2405 -1,
2403 2404 2402 -1,
2405 2406 2407 -1,
2404 2406 2405 -1,
2407 2408 2409 -1,
2406 2408 2407 -1,
2409 2410 2411 -1,
2408 2410 2409 -1,
2412 2413 2414 -1,
2411 2413 2412 -1,
2410 2413 2411 -1,
2414 2415 2416 -1,
2413 2415 2414 -1,
2415 2417 2416 -1,
2416 2418 2419 -1,
2417 2418 2416 -1,
2418 2420 2419 -1,
2419 2420 2421 -1,
2421 2422 2423 -1,
2420 2422 2421 -1,
2423 2424 2425 -1,
2422 2424 2423 -1,
2425 2426 2427 -1,
2424 2426 2425 -1,
2428 2429 2430 -1,
2427 2429 2428 -1,
2426 2429 2427 -1,
2429 2431 2430 -1,
2432 2433 2434 -1,
2430 2433 2432 -1,
2431 2433 2430 -1,
2434 2435 2436 -1,
2433 2435 2434 -1,
2435 2437 2436 -1,
2436 2438 2439 -1,
2437 2438 2436 -1,
2439 2440 2441 -1,
2438 2440 2439 -1,
2442 2443 2444 -1,
2445 2443 2442 -1,
2444 2446 2442 -1,
2442 2446 2447 -1,
2445 2448 2443 -1,
2449 2448 2445 -1,
2446 2450 2447 -1,
2447 2450 2451 -1,
2449 2452 2448 -1,
2453 2452 2449 -1,
2450 2454 2451 -1,
2455 2454 2456 -1,
2451 2454 2455 -1,
2457 2458 2453 -1,
2453 2458 2452 -1,
2454 2459 2456 -1,
2457 2460 2458 -1,
2461 2460 2457 -1,
2462 2460 2461 -1,
2459 2463 2456 -1,
2456 2463 2464 -1,
2462 2465 2460 -1,
2466 2467 2468 -1,
2464 2467 2466 -1,
2463 2467 2464 -1,
2462 2469 2465 -1,
2470 2469 2462 -1,
2467 2471 2468 -1,
2470 2472 2469 -1,
2473 2472 2470 -1,
2471 2474 2468 -1,
2475 2474 2476 -1,
2468 2474 2475 -1,
2473 2477 2472 -1,
2478 2477 2473 -1,
2474 2479 2476 -1,
2478 2480 2477 -1,
2481 2480 2478 -1,
2482 2480 2481 -1,
2476 2483 2484 -1,
2479 2483 2476 -1,
2485 2486 2482 -1,
2482 2486 2480 -1,
2484 2487 2488 -1,
2483 2487 2484 -1,
2485 2489 2486 -1,
2488 2490 2491 -1,
2487 2490 2488 -1,
2485 2492 2489 -1,
2493 2492 2485 -1,
2387 2492 2493 -1,
2490 2494 2491 -1,
2491 2494 2495 -1,
2387 2496 2492 -1,
0 2496 2387 -1,
2494 2497 2495 -1,
2495 2497 2498 -1,
0 2499 2496 -1,
2497 2500 2498 -1,
2501 2500 2502 -1,
2498 2500 2501 -1,
0 2503 2499 -1,
2500 2504 2502 -1,
2504 2505 2502 -1,
2502 2505 2506 -1,
2505 2507 2506 -1,
2506 2507 2508 -1,
2507 2509 2508 -1,
2510 2509 2511 -1,
2508 2509 2510 -1,
2509 2512 2511 -1,
2512 2513 2511 -1,
2511 2513 2514 -1,
2513 2515 2514 -1,
2514 2515 2516 -1,
2515 2517 2516 -1,
2516 2517 2518 -1,
2517 2519 2518 -1,
2518 2519 2520 -1,
2521 2522 2523 -1,
2520 2522 2521 -1,
2519 2522 2520 -1,
2522 2524 2523 -1,
2523 2525 2526 -1,
2524 2525 2523 -1,
2526 2527 2528 -1,
2525 2527 2526 -1,
2528 2529 2530 -1,
2527 2529 2528 -1,
2529 2531 2530 -1,
2532 2531 2533 -1,
2530 2531 2532 -1,
2531 2534 2533 -1,
2533 2534 2535 -1,
2534 2536 2535 -1,
2535 2536 2537 -1,
2536 2538 2537 -1,
2538 2539 2537 -1,
2537 2539 2540 -1,
2541 2542 2543 -1,
2540 2542 2541 -1,
2539 2542 2540 -1,
2542 2544 2543 -1,
2544 2545 2543 -1,
2543 2545 2546 -1,
2545 2547 2546 -1,
2546 2547 2548 -1,
2549 2550 2551 -1,
2548 2550 2549 -1,
2547 2550 2548 -1,
2550 2552 2551 -1,
2551 2552 2553 -1,
2552 2554 2553 -1,
2554 2555 2553 -1,
2553 2555 2556 -1,
2555 2557 2556 -1,
2556 2557 2558 -1,
2557 2559 2558 -1,
2558 2559 2560 -1,
2561 2562 2563 -1,
2561 2564 2562 -1,
2563 2565 2566 -1,
2562 2565 2563 -1,
2567 2568 2561 -1,
2561 2568 2564 -1,
2565 2569 2566 -1,
2566 2569 2570 -1,
2571 2572 2567 -1,
2567 2572 2568 -1,
2569 2573 2570 -1,
2570 2573 2574 -1,
2575 2576 2571 -1,
2571 2576 2572 -1,
2573 2577 2574 -1,
2574 2577 2578 -1,
2579 2580 2575 -1,
2575 2580 2576 -1,
2577 2581 2578 -1,
2582 2581 2583 -1,
2578 2581 2582 -1,
2584 2585 2579 -1,
2579 2585 2580 -1,
2581 2586 2583 -1,
2583 2586 2587 -1,
2588 2589 2584 -1,
2584 2589 2585 -1,
2586 2590 2587 -1,
2591 2592 2588 -1,
2593 2592 2591 -1,
2588 2592 2589 -1,
2590 2594 2587 -1,
2587 2594 2595 -1,
2593 2596 2592 -1,
2594 2597 2595 -1,
2598 2597 2599 -1,
2595 2597 2598 -1,
2600 2601 2593 -1,
2593 2601 2596 -1,
2597 2602 2599 -1,
2603 2604 2600 -1,
2605 2604 2603 -1,
2600 2604 2601 -1,
2602 2606 2599 -1,
2607 2606 2608 -1,
2599 2606 2607 -1,
2609 2610 2605 -1,
2605 2610 2604 -1,
2606 2611 2608 -1,
2612 2613 2609 -1,
2609 2613 2610 -1,
2611 2614 2608 -1,
2608 2614 2615 -1,
2612 2616 2613 -1,
2614 2617 2615 -1,
2618 2617 2619 -1,
2615 2617 2618 -1,
2620 2621 2612 -1,
2612 2621 2616 -1,
2617 2622 2619 -1,
2619 2622 2623 -1,
2622 2624 2623 -1,
2624 2625 2623 -1,
2623 2625 2626 -1,
2625 2627 2626 -1,
2626 2627 2628 -1,
2627 2629 2628 -1,
2630 2629 2631 -1,
2628 2629 2630 -1,
2629 2632 2631 -1,
2631 2633 2634 -1,
2632 2633 2631 -1,
2634 2635 2636 -1,
2633 2635 2634 -1,
2636 2637 2638 -1,
2635 2637 2636 -1,
2638 2639 2640 -1,
2637 2639 2638 -1,
2639 2641 2640 -1,
2642 2641 2643 -1,
2640 2641 2642 -1,
2641 2644 2643 -1,
2643 2645 2646 -1,
2644 2645 2643 -1,
2645 2647 2646 -1,
2648 2647 2649 -1,
2646 2647 2648 -1,
2647 2650 2649 -1,
2650 2651 2649 -1,
2649 2651 2652 -1,
2651 2653 2652 -1,
2652 2653 2654 -1,
2653 2655 2654 -1,
2656 2655 2657 -1,
2654 2655 2656 -1,
2655 2658 2657 -1,
2658 2659 2657 -1,
2657 2659 2660 -1,
2659 2661 2660 -1,
2660 2661 2662 -1,
2661 2663 2662 -1,
2662 2663 2664 -1,
2663 2665 2664 -1,
2664 2665 2666 -1,
2665 2667 2666 -1,
2668 2667 2669 -1,
2666 2667 2668 -1,
2667 2670 2669 -1,
2669 2670 2671 -1,
2670 2672 2671 -1,
2671 2673 2674 -1,
2672 2673 2671 -1,
2674 2675 2676 -1,
2673 2675 2674 -1,
2676 2677 2678 -1,
2675 2677 2676 -1,
2678 2679 2680 -1,
2677 2679 2678 -1,
2681 2682 2683 -1,
2684 2682 2681 -1,
2683 2685 2681 -1,
2681 2685 2686 -1,
2687 2688 2684 -1,
2684 2688 2682 -1,
2686 2689 2690 -1,
2685 2689 2686 -1,
2691 2692 2687 -1,
2687 2692 2688 -1,
2690 2693 2694 -1,
2689 2693 2690 -1,
2695 2696 2691 -1,
2691 2696 2692 -1,
2697 2698 2699 -1,
2694 2698 2697 -1,
2693 2698 2694 -1,
2695 2700 2696 -1,
2701 2700 2695 -1,
2698 2702 2699 -1,
2703 2704 2701 -1,
2701 2704 2700 -1,
2705 2706 2707 -1,
2699 2706 2705 -1,
2702 2706 2699 -1,
2708 2709 2703 -1,
2703 2709 2704 -1,
2706 2710 2707 -1,
2711 2712 2708 -1,
2708 2712 2709 -1,
2707 2713 2714 -1,
2710 2713 2707 -1,
2715 2716 2711 -1,
2717 2716 2715 -1,
2711 2716 2712 -1,
2714 2718 2719 -1,
2713 2718 2714 -1,
2717 2720 2716 -1,
2718 2721 2719 -1,
2719 2721 2722 -1,
2723 2724 2717 -1,
2717 2724 2720 -1,
2722 2725 2726 -1,
2721 2725 2722 -1,
2727 2728 2723 -1,
2723 2728 2724 -1,
2726 2729 2730 -1,
2725 2729 2726 -1,
2731 2732 2727 -1,
2733 2732 2731 -1,
2727 2732 2728 -1,
2730 2734 2735 -1,
2729 2734 2730 -1,
2733 2736 2732 -1,
2735 2737 2738 -1,
2734 2737 2735 -1,
2733 2739 2736 -1,
2740 2739 2733 -1,
2738 2741 2742 -1,
2737 2741 2738 -1,
2742 2743 2744 -1,
2741 2743 2742 -1,
2745 2746 2747 -1,
2744 2746 2745 -1,
2743 2746 2744 -1,
2746 2748 2747 -1,
2747 2749 2750 -1,
2748 2749 2747 -1,
2750 2751 2752 -1,
2749 2751 2750 -1,
2752 2753 2754 -1,
2751 2753 2752 -1,
2754 2755 2756 -1,
2753 2755 2754 -1,
2756 2757 2758 -1,
2755 2757 2756 -1,
2758 2759 2760 -1,
2757 2759 2758 -1,
2761 2762 2763 -1,
2760 2762 2761 -1,
2759 2762 2760 -1,
2762 2764 2763 -1,
2764 2765 2763 -1,
2766 2765 2767 -1,
2763 2765 2766 -1,
2765 2768 2767 -1,
2768 2769 2767 -1,
2767 2769 2770 -1,
2769 2771 2770 -1,
2770 2771 2772 -1,
2771 2773 2772 -1,
2774 2773 2775 -1,
2772 2773 2774 -1,
2773 2776 2775 -1,
2775 2776 2777 -1,
2776 2778 2777 -1,
2777 2778 2779 -1,
2778 2780 2779 -1,
2780 2781 2779 -1,
2782 2781 2783 -1,
2779 2781 2782 -1,
2783 2784 2785 -1,
2781 2784 2783 -1,
2784 2786 2785 -1,
2785 2786 2787 -1,
2786 2788 2787 -1,
2788 2789 2787 -1,
2790 2789 2791 -1,
2787 2789 2790 -1,
2789 2792 2791 -1,
2792 2793 2791 -1,
2791 2793 2794 -1,
2793 2795 2794 -1,
2794 2795 2796 -1,
2795 2797 2796 -1,
2796 2797 2798 -1,
2797 2799 2798 -1,
2798 2799 2800 -1,
2801 2802 2803 -1,
2803 2802 2804 -1,
2803 2805 2806 -1,
2804 2805 2803 -1,
2807 2808 2801 -1,
2801 2808 2802 -1,
2805 2809 2806 -1,
2806 2809 2810 -1,
2807 2811 2808 -1,
2812 2811 2807 -1,
2809 2813 2810 -1,
2810 2813 2814 -1,
2812 2815 2811 -1,
2816 2815 2812 -1,
2813 2817 2814 -1,
2814 2817 2818 -1,
2819 2820 2816 -1,
2816 2820 2815 -1,
2817 2821 2818 -1,
2818 2821 2822 -1,
2819 2823 2820 -1,
2824 2823 2819 -1,
2821 2825 2822 -1,
2822 2825 2826 -1,
2827 2828 2824 -1,
2824 2828 2823 -1,
2825 2829 2826 -1,
2826 2829 2830 -1,
2831 2832 2827 -1,
2827 2832 2828 -1,
2829 2833 2830 -1,
2830 2833 2834 -1,
2831 2835 2832 -1,
2836 2835 2831 -1,
2833 2837 2834 -1,
2834 2837 2838 -1,
2836 2839 2835 -1,
2840 2839 2836 -1,
2838 2841 2842 -1,
2837 2841 2838 -1,
2843 2844 2840 -1,
2840 2844 2839 -1,
2842 2845 2846 -1,
2841 2845 2842 -1,
2843 2847 2844 -1,
2848 2847 2843 -1,
2846 2849 2850 -1,
2845 2849 2846 -1,
2848 2851 2847 -1,
2852 2851 2848 -1,
2849 2853 2850 -1,
2850 2853 2854 -1,
2852 2855 2851 -1,
2856 2855 2852 -1,
2857 2855 2856 -1,
2858 2859 2860 -1,
2854 2859 2858 -1,
2853 2859 2854 -1,
2857 2861 2855 -1,
2859 2862 2860 -1,
2860 2862 2863 -1,
2862 2864 2863 -1,
2864 2865 2863 -1,
2863 2865 2866 -1,
2867 2868 2869 -1,
2866 2868 2867 -1,
2865 2868 2866 -1,
2868 2870 2869 -1,
2869 2871 2872 -1,
2870 2871 2869 -1,
2871 2873 2872 -1,
2874 2873 2875 -1,
2872 2873 2874 -1,
2873 2876 2875 -1,
2875 2877 2878 -1,
2876 2877 2875 -1,
2879 2880 2881 -1,
2878 2880 2879 -1,
2877 2880 2878 -1,
2880 2882 2881 -1,
2881 2883 2884 -1,
2882 2883 2881 -1,
2885 2886 2887 -1,
2884 2886 2885 -1,
2883 2886 2884 -1,
2886 2888 2887 -1,
2888 2889 2887 -1,
2887 2889 2890 -1,
2890 2891 2892 -1,
2889 2891 2890 -1,
2893 2894 2895 -1,
2892 2894 2893 -1,
2891 2894 2892 -1,
2894 2896 2895 -1,
2895 2897 2898 -1,
2896 2897 2895 -1,
2899 2900 2901 -1,
2898 2900 2899 -1,
2897 2900 2898 -1,
2900 2902 2901 -1,
2901 2903 2904 -1,
2902 2903 2901 -1,
2904 2905 2906 -1,
2903 2905 2904 -1,
2906 2907 2908 -1,
2905 2907 2906 -1,
2908 2909 2910 -1,
2907 2909 2908 -1,
2910 2911 2912 -1,
2909 2911 2910 -1,
2912 2913 2914 -1,
2911 2913 2912 -1,
2914 2915 2916 -1,
2913 2915 2914 -1,
2916 2917 2918 -1,
2915 2917 2916 -1,
2918 2919 2920 -1,
2917 2919 2918 -1,
2921 2922 2923 -1,
2923 2922 2924 -1,
2925 2926 2927 -1,
2928 2926 2925 -1,
2923 2929 2930 -1,
2924 2929 2923 -1,
2927 2931 2925 -1,
2925 2931 2932 -1,
2933 2934 2921 -1,
2921 2934 2922 -1,
2928 2935 2926 -1,
2936 2935 2928 -1,
2937 2935 2936 -1,
2929 2938 2930 -1,
2939 2938 2940 -1,
2930 2938 2939 -1,
2931 2941 2932 -1,
2942 2941 2943 -1,
2932 2941 2942 -1,
2944 2945 2933 -1,
2933 2945 2934 -1,
2937 2946 2935 -1,
2947 2946 2937 -1,
2940 2948 2949 -1,
2938 2948 2940 -1,
2941 2950 2943 -1,
2951 2952 2944 -1,
2944 2952 2945 -1,
2947 2953 2946 -1,
2948 2954 2949 -1,
2943 2955 2956 -1,
2950 2955 2943 -1,
2957 2958 2951 -1,
2959 2958 2957 -1,
2951 2958 2952 -1,
2947 2960 2953 -1,
2961 2960 2947 -1,
2962 2960 2961 -1,
2949 2963 2323 -1,
2954 2963 2949 -1,
2956 2964 2965 -1,
2955 2964 2956 -1,
2959 2966 2958 -1,
2962 2967 2960 -1,
2968 2969 2970 -1,
2965 2969 2968 -1,
2964 2969 2965 -1,
2971 2972 2959 -1,
2959 2972 2966 -1,
2962 2973 2967 -1,
2974 2973 2962 -1,
2969 2975 2970 -1,
2976 2977 2971 -1,
2971 2977 2972 -1,
2978 2979 2974 -1,
2974 2979 2973 -1,
2975 2980 2970 -1,
2970 2980 2981 -1,
2978 2982 2979 -1,
2983 2982 2978 -1,
2984 2985 2976 -1,
2976 2985 2977 -1,
2980 2986 2981 -1,
2987 2986 2988 -1,
2981 2986 2987 -1,
2984 2989 2985 -1,
2990 2989 2984 -1,
2983 2991 2982 -1,
2992 2991 2983 -1,
2986 2993 2988 -1,
2994 2995 2990 -1,
2996 2995 2994 -1,
2990 2995 2989 -1,
2992 2997 2991 -1,
2998 2997 2992 -1,
2993 2999 2988 -1,
2988 2999 3000 -1,
2996 3001 2995 -1,
3002 3003 2998 -1,
2998 3003 2997 -1,
2999 3004 3000 -1,
3000 3004 3005 -1,
3002 3006 3003 -1,
3007 3006 3002 -1,
3008 3006 3007 -1,
2996 3009 3001 -1,
3010 3009 2996 -1,
3004 3011 3005 -1,
3005 3011 3012 -1,
3013 3014 3010 -1,
3010 3014 3009 -1,
3008 3015 3006 -1,
3012 3016 3017 -1,
3011 3016 3012 -1,
3018 3019 3013 -1,
3013 3019 3014 -1,
3008 3020 3015 -1,
3021 3020 3008 -1,
3017 3022 3023 -1,
3016 3022 3017 -1,
3024 3025 3026 -1,
3026 3025 3018 -1,
3018 3025 3019 -1,
3023 3027 3028 -1,
3022 3027 3023 -1,
3024 3029 3025 -1,
3028 3030 3031 -1,
3027 3030 3028 -1,
3032 3033 3024 -1,
3024 3033 3029 -1,
3034 3035 3036 -1,
3031 3035 3034 -1,
3030 3035 3031 -1,
2441 3037 3032 -1,
3032 3037 3033 -1,
3035 3038 3036 -1,
3038 3039 3036 -1,
3036 3039 3040 -1,
3039 3041 3040 -1,
3040 3041 3042 -1,
3041 3043 3042 -1,
3042 3043 3044 -1,
3043 3045 3044 -1,
3044 3045 3046 -1,
3045 3047 3046 -1,
3046 3047 3048 -1,
3047 3049 3048 -1,
3048 3049 3050 -1,
3051 4 3052 -1,
3053 4 3051 -1,
3054 4 3053 -1,
3055 4 3054 -1,
3056 4 3055 -1,
3057 4 3056 -1,
3058 4 3057 -1,
2323 4 0 -1,
2963 4 2323 -1,
3059 4 2963 -1,
3060 4 3059 -1,
3061 4 3060 -1,
3062 4 3061 -1,
3063 4 3062 -1,
3064 4 3063 -1,
3065 4 3064 -1,
3066 4 3065 -1,
3067 4 3066 -1,
3068 4 3067 -1,
3069 4 3068 -1,
3070 4 3069 -1,
3052 4 3070 -1,
3058 3071 4 -1,
3050 3072 3073 -1,
3049 3072 3050 -1,
3071 3074 4 -1,
3072 3075 3073 -1,
3076 3075 3077 -1,
3073 3075 3076 -1,
3075 3078 3077 -1,
3074 3079 4 -1,
3079 3080 4 -1,
3077 3081 3082 -1,
3078 3081 3077 -1,
3080 3083 4 -1,
3082 3084 3085 -1,
3081 3084 3082 -1,
3083 3086 4 -1,
3085 3087 3088 -1,
3084 3087 3085 -1,
3086 3089 4 -1,
3087 3090 3088 -1,
3088 3090 3091 -1,
3089 3092 4 -1,
3090 3093 3091 -1,
3091 3093 3094 -1,
3092 3095 4 -1,
3093 3096 3094 -1,
3097 3096 3098 -1,
3094 3096 3097 -1,
3095 3099 4 -1,
3098 3100 3101 -1,
3096 3100 3098 -1,
3099 3102 4 -1,
3100 3103 3101 -1,
3102 3104 4 -1,
3103 3105 3101 -1,
3101 3105 3106 -1,
3104 3107 4 -1,
3106 3108 3109 -1,
3105 3108 3106 -1,
3107 3110 4 -1,
3111 3112 3113 -1,
3109 3112 3111 -1,
3108 3112 3109 -1,
3110 3114 4 -1,
3113 3115 3116 -1,
3112 3115 3113 -1,
3114 3117 4 -1,
3116 3118 3119 -1,
3115 3118 3116 -1,
3117 3120 4 -1,
3118 3121 3119 -1,
3120 3122 4 -1,
3119 3123 3124 -1,
3121 3123 3119 -1,
3124 3125 3126 -1,
3123 3125 3124 -1,
3122 3127 4 -1,
3127 3128 4 -1,
3128 3129 4 -1,
3129 3130 4 -1,
3130 3131 4 -1,
3131 3132 4 -1,
3132 3133 4 -1,
3133 3134 4 -1,
3134 3135 4 -1,
3136 3137 3138 -1,
3136 3139 3137 -1,
3140 3141 3142 -1,
3143 3141 3140 -1,
3142 3144 3140 -1,
3140 3144 3145 -1,
3137 3146 3138 -1,
3138 3146 3147 -1,
3148 3149 3143 -1,
3150 3149 3148 -1,
3143 3149 3141 -1,
3151 3152 3136 -1,
3136 3152 3139 -1,
3144 3153 3145 -1,
3154 3153 3155 -1,
3145 3153 3154 -1,
3146 3156 3147 -1,
3157 3156 3158 -1,
3147 3156 3157 -1,
3150 3159 3149 -1,
3160 3161 3151 -1,
3151 3161 3152 -1,
3156 3162 3158 -1,
3153 3163 3155 -1,
3150 3164 3159 -1,
3165 3164 3150 -1,
3166 3167 3160 -1,
3160 3167 3161 -1,
3162 3168 3158 -1,
3158 3168 3169 -1,
3155 3170 3171 -1,
3163 3170 3155 -1,
3165 3172 3164 -1,
3173 3172 3165 -1,
3174 3175 3166 -1,
3166 3175 3167 -1,
3176 3177 3178 -1,
3171 3177 3176 -1,
3170 3177 3171 -1,
3168 3179 3169 -1,
3169 3179 3180 -1,
3181 3182 3173 -1,
3173 3182 3172 -1,
3183 3184 3174 -1,
3174 3184 3175 -1,
3177 3185 3178 -1,
3180 3186 3187 -1,
3179 3186 3180 -1,
3181 3188 3182 -1,
3189 3188 3181 -1,
3190 3188 3189 -1,
3191 3192 3183 -1,
3183 3192 3184 -1,
3178 3193 3194 -1,
3185 3193 3178 -1,
3186 3195 3187 -1,
3187 3195 3196 -1,
3197 3198 3191 -1,
3191 3198 3192 -1,
3190 3199 3188 -1,
3195 3200 3196 -1,
3196 3200 3201 -1,
3194 3202 3203 -1,
3193 3202 3194 -1,
3190 3204 3199 -1,
3205 3204 3190 -1,
3206 3204 3205 -1,
3207 3208 3197 -1,
3209 3208 3207 -1,
3197 3208 3198 -1,
3210 3211 3212 -1,
3203 3211 3210 -1,
3202 3211 3203 -1,
3200 3213 3201 -1,
3201 3213 3214 -1,
3215 3216 3206 -1,
3206 3216 3204 -1,
3209 3217 3208 -1,
3211 3218 3212 -1,
3213 3219 3214 -1,
3214 3219 3220 -1,
3215 3221 3216 -1,
3222 3223 3209 -1,
3209 3223 3217 -1,
3219 3224 3220 -1,
3220 3224 3225 -1,
3212 3226 3227 -1,
3218 3226 3212 -1,
3215 3228 3221 -1,
3229 3228 3215 -1,
3230 3231 3222 -1,
3222 3231 3223 -1,
3224 3232 3225 -1,
3225 3232 3233 -1,
3226 3234 3227 -1,
3235 3234 3236 -1,
3227 3234 3235 -1,
3237 3238 3230 -1,
3230 3238 3231 -1,
2441 3239 3037 -1,
2440 3239 2441 -1,
3037 3239 3229 -1,
3229 3239 3228 -1,
3234 3240 3236 -1,
3232 3241 3233 -1,
3233 3241 3242 -1,
3243 3244 3237 -1,
3237 3244 3238 -1,
3245 3246 2440 -1,
2440 3246 3239 -1,
3247 3248 3249 -1,
3236 3248 3247 -1,
3240 3248 3236 -1,
3241 3250 3242 -1,
3242 3250 3251 -1,
3245 3252 3246 -1,
3253 3252 3245 -1,
3249 3254 3255 -1,
3248 3254 3249 -1,
3250 3256 3251 -1,
3251 3256 3257 -1,
3253 3258 3252 -1,
3259 3258 3253 -1,
3254 3260 3255 -1,
3256 3261 3257 -1,
3257 3261 3262 -1,
3263 3264 3259 -1,
3259 3264 3258 -1,
3260 3265 3255 -1,
3266 3265 3267 -1,
3255 3265 3266 -1,
3268 3269 3270 -1,
3262 3269 3268 -1,
3261 3269 3262 -1,
3271 3272 3263 -1,
3263 3272 3264 -1,
2560 3272 3271 -1,
3265 3273 3267 -1,
3269 3274 3270 -1,
2560 3275 3272 -1,
3267 3276 3277 -1,
3273 3276 3267 -1,
3274 3278 3270 -1,
3270 3278 3279 -1,
3277 3280 3281 -1,
3276 3280 3277 -1,
3278 3282 3279 -1,
3279 3282 3283 -1,
3281 3284 3285 -1,
3280 3284 3281 -1,
3282 3286 3283 -1,
3283 3286 3287 -1,
3285 3288 3289 -1,
3284 3288 3285 -1,
3286 3290 3287 -1,
3287 3290 3291 -1,
3292 3293 3294 -1,
3289 3293 3292 -1,
3288 3293 3289 -1,
3290 3295 3291 -1,
3296 3295 3297 -1,
3291 3295 3296 -1,
3293 3298 3294 -1,
3295 3299 3297 -1,
3297 3299 3300 -1,
3301 3302 3303 -1,
3294 3302 3301 -1,
3298 3302 3294 -1,
3299 3304 3300 -1,
3302 3305 3303 -1,
3304 3306 3300 -1,
3300 3306 3307 -1,
3303 3308 3309 -1,
3305 3308 3303 -1,
3306 3310 3307 -1,
3311 3310 3312 -1,
3307 3310 3311 -1,
3309 3313 3314 -1,
3308 3313 3309 -1,
3310 3315 3312 -1,
3316 3317 3318 -1,
3314 3317 3316 -1,
3313 3317 3314 -1,
3312 3319 3320 -1,
3315 3319 3312 -1,
3317 3321 3318 -1,
3319 3322 3320 -1,
3320 3322 3323 -1,
3324 3325 3326 -1,
3318 3325 3324 -1,
3321 3325 3318 -1,
3322 3327 3323 -1,
3323 3327 3328 -1,
3325 3329 3326 -1,
3326 3329 3330 -1,
3327 3331 3328 -1,
3328 3331 3332 -1,
3329 3333 3330 -1,
3330 3333 3334 -1,
3331 3335 3332 -1,
3332 3335 3336 -1,
3333 3337 3334 -1,
3335 3338 3336 -1,
3339 3338 3340 -1,
3336 3338 3339 -1,
3334 3341 3342 -1,
3337 3341 3334 -1,
3338 3343 3340 -1,
3342 3344 3345 -1,
3341 3344 3342 -1,
3343 3346 3340 -1,
3347 3346 3348 -1,
3340 3346 3347 -1,
3345 3349 3350 -1,
3344 3349 3345 -1,
3346 3351 3348 -1,
3350 3352 3353 -1,
3349 3352 3350 -1,
3351 3354 3348 -1,
3348 3354 3355 -1,
3352 3356 3353 -1,
3353 3356 3357 -1,
3354 3358 3355 -1,
3355 3358 3359 -1,
3360 3361 3362 -1,
3357 3361 3360 -1,
3356 3361 3357 -1,
3359 3363 3364 -1,
3358 3363 3359 -1,
3362 3365 3135 -1,
3361 3365 3362 -1,
3364 3366 3367 -1,
3363 3366 3364 -1,
3365 3368 3135 -1,
3135 3368 4 -1,
3366 3369 3367 -1,
3367 3369 3370 -1,
3368 3371 4 -1,
3369 3372 3370 -1,
3373 3372 3374 -1,
3370 3372 3373 -1,
3372 3375 3374 -1,
3371 3376 4 -1,
3376 3377 4 -1,
3377 3378 4 -1,
3378 3379 4 -1,
3379 3380 4 -1,
3380 3381 4 -1,
3382 3383 3384 -1,
3382 3385 3383 -1,
3386 3387 3388 -1,
3388 3387 3389 -1,
3388 3390 3391 -1,
3389 3390 3388 -1,
3384 3392 3393 -1,
3383 3392 3384 -1,
3394 3395 3382 -1,
3382 3395 3385 -1,
3386 3396 3387 -1,
3397 3396 3386 -1,
3398 3396 3397 -1,
3390 3399 3391 -1,
3400 3399 3401 -1,
3391 3399 3400 -1,
3402 3403 3404 -1,
3393 3403 3402 -1,
3392 3403 3393 -1,
3398 3405 3396 -1,
3406 3407 3394 -1,
3408 3407 3406 -1,
3394 3407 3395 -1,
3399 3409 3401 -1,
3403 3410 3404 -1,
3408 3411 3407 -1,
3398 3412 3405 -1,
3413 3412 3398 -1,
3401 3414 3415 -1,
3409 3414 3401 -1,
3416 3417 3418 -1,
3404 3417 3416 -1,
3410 3417 3404 -1,
3413 3419 3412 -1,
3420 3419 3413 -1,
3421 3422 3408 -1,
3408 3422 3411 -1,
3417 3423 3418 -1,
3415 3424 3425 -1,
3414 3424 3415 -1,
3426 3427 3421 -1,
3421 3427 3422 -1,
3420 3428 3419 -1,
3429 3428 3420 -1,
3430 3428 3429 -1,
3431 3432 3433 -1,
3418 3432 3431 -1,
3423 3432 3418 -1,
3434 3435 3436 -1,
3425 3435 3434 -1,
3424 3435 3425 -1,
3430 3437 3428 -1,
3438 3439 3426 -1,
3426 3439 3427 -1,
3432 3440 3433 -1,
3435 3441 3436 -1,
3442 3443 3438 -1,
3438 3443 3439 -1,
3430 3444 3437 -1,
3445 3444 3430 -1,
3433 3446 3447 -1,
3440 3446 3433 -1,
3441 3448 3436 -1,
3449 3448 3450 -1,
3436 3448 3449 -1,
3442 3451 3443 -1,
3452 3451 3442 -1,
3445 3453 3444 -1,
3454 3453 3445 -1,
3448 3455 3450 -1,
3446 3456 3447 -1,
3447 3456 3457 -1,
3458 3459 3452 -1,
3452 3459 3451 -1,
3454 3460 3453 -1,
3461 3460 3454 -1,
3455 3462 3450 -1,
3450 3462 3463 -1,
3464 3465 3466 -1,
3457 3465 3464 -1,
3456 3465 3457 -1,
3467 3468 3461 -1,
3469 3468 3467 -1,
3461 3468 3460 -1,
3470 3471 3458 -1,
3458 3471 3459 -1,
3465 3472 3466 -1,
3462 3473 3463 -1,
3463 3473 3474 -1,
3469 3475 3468 -1,
3275 3475 3469 -1,
3476 3477 3478 -1,
3466 3477 3476 -1,
3472 3477 3466 -1,
3473 3479 3474 -1,
3480 3479 3481 -1,
3474 3479 3480 -1,
2559 3482 2560 -1,
3275 3482 3475 -1,
2560 3482 3275 -1,
3477 3483 3478 -1,
3479 3484 3481 -1,
3481 3484 3485 -1,
3486 3487 2559 -1,
3488 3487 3486 -1,
2559 3487 3482 -1,
3485 3489 3490 -1,
3484 3489 3485 -1,
3483 3491 3478 -1,
3478 3491 3492 -1,
3488 3493 3487 -1,
3492 3494 3495 -1,
3491 3494 3492 -1,
3489 3496 3490 -1,
3488 3497 3493 -1,
3498 3497 3488 -1,
3490 3499 3500 -1,
3496 3499 3490 -1,
3495 3501 3502 -1,
3494 3501 3495 -1,
3498 3503 3497 -1,
3504 3503 3498 -1,
3502 3505 3506 -1,
3501 3505 3502 -1,
3500 3507 3508 -1,
3499 3507 3500 -1,
3504 3509 3503 -1,
3510 3509 3504 -1,
3508 3511 3512 -1,
3507 3511 3508 -1,
3506 3513 3514 -1,
3505 3513 3506 -1,
2680 3515 3510 -1,
3510 3515 3509 -1,
3512 3516 3517 -1,
3511 3516 3512 -1,
3518 3519 3520 -1,
3514 3519 3518 -1,
3513 3519 3514 -1,
3516 3521 3517 -1,
3517 3521 3522 -1,
3519 3523 3520 -1,
3521 3524 3522 -1,
3522 3524 3525 -1,
3526 3527 3528 -1,
3520 3527 3526 -1,
3523 3527 3520 -1,
3524 3529 3525 -1,
3525 3529 3530 -1,
3527 3531 3528 -1,
3532 3533 3534 -1,
3528 3533 3532 -1,
3531 3533 3528 -1,
3529 3535 3530 -1,
3536 3535 3537 -1,
3530 3535 3536 -1,
3535 3538 3537 -1,
3533 3539 3534 -1,
3534 3539 3540 -1,
3539 3541 3540 -1,
3538 3542 3537 -1,
3537 3542 3543 -1,
3543 3544 3545 -1,
3542 3544 3543 -1,
3541 3546 3540 -1,
3540 3546 3547 -1,
3544 3548 3545 -1,
3549 3548 3550 -1,
3545 3548 3549 -1,
3546 3551 3547 -1,
3552 3551 3553 -1,
3547 3551 3552 -1,
3551 3554 3553 -1,
3548 3555 3550 -1,
3556 3557 3558 -1,
3550 3557 3556 -1,
3555 3557 3550 -1,
3554 3559 3553 -1,
3553 3559 3560 -1,
3559 3561 3560 -1,
3560 3561 3562 -1,
3557 3563 3558 -1,
3564 3565 3566 -1,
3562 3565 3564 -1,
3561 3565 3562 -1,
3558 3567 3568 -1,
3563 3567 3558 -1,
3566 3569 3570 -1,
3565 3569 3566 -1,
3567 3571 3568 -1,
3572 3571 3573 -1,
3568 3571 3572 -1,
3571 3574 3573 -1,
3569 3575 3570 -1,
3570 3575 3576 -1,
3575 3577 3576 -1,
3573 3578 3579 -1,
3574 3578 3573 -1,
3577 3580 3576 -1,
3576 3580 3581 -1,
3579 3582 3583 -1,
3578 3582 3579 -1,
3583 3584 3585 -1,
3582 3584 3583 -1,
3580 3586 3581 -1,
3581 3586 3587 -1,
3588 3589 3590 -1,
3585 3589 3588 -1,
3584 3589 3585 -1,
3586 3591 3587 -1,
3587 3591 3592 -1,
3593 2 3243 -1,
3594 2 3593 -1,
3020 2 3594 -1,
3470 2 3471 -1,
3595 2 3470 -1,
3596 2 3595 -1,
3597 2 3596 -1,
3598 2 3597 -1,
3599 2 3598 -1,
3600 2 3599 -1,
3244 2 3600 -1,
3601 2 3602 -1,
3603 2 3601 -1,
3604 2 3603 -1,
3605 2 3604 -1,
3606 2 3605 -1,
3607 2 3606 -1,
3608 2 3607 -1,
3609 2 3608 -1,
3610 2 3609 -1,
3611 2 3610 -1,
3612 2 3611 -1,
3613 2 3612 -1,
3614 2 3613 -1,
3615 2 3614 -1,
3616 2 3615 -1,
3617 2 3616 -1,
3618 2 3617 -1,
3619 2 3618 -1,
3620 2 3619 -1,
3621 2 3620 -1,
3622 2 3621 -1,
3623 2 3622 -1,
3624 2 3623 -1,
3625 2 3624 -1,
3626 2 3625 -1,
3471 2 3626 -1,
3243 2 3244 -1,
2 3627 3602 -1,
3591 3628 3592 -1,
3592 3628 3629 -1,
3589 3630 3590 -1,
2 3631 3627 -1,
3632 3633 3634 -1,
3590 3633 3632 -1,
3630 3633 3590 -1,
3628 3635 3629 -1,
3629 3635 3636 -1,
2 3637 3631 -1,
3633 3638 3634 -1,
3635 3639 3636 -1,
3636 3639 3640 -1,
2 3641 3637 -1,
3639 3642 3640 -1,
3640 3642 3643 -1,
3644 3645 3646 -1,
3634 3645 3644 -1,
3638 3645 3634 -1,
2 3647 3641 -1,
3648 3649 3650 -1,
3643 3649 3648 -1,
3642 3649 3643 -1,
3645 3651 3646 -1,
2 3652 3647 -1,
3649 3653 3650 -1,
3650 3653 3654 -1,
3655 3656 3657 -1,
3646 3656 3655 -1,
3651 3656 3646 -1,
2 3658 3652 -1,
3653 3659 3654 -1,
3656 3660 3657 -1,
2 3661 3658 -1,
3660 3662 3657 -1,
3381 3662 4 -1,
3657 3662 3381 -1,
2 3663 3661 -1,
3662 3664 4 -1,
2 3665 3663 -1,
3664 3666 4 -1,
2 3667 3665 -1,
2 3668 3667 -1,
2 3669 3668 -1,
2 3670 3669 -1,
2 3671 3670 -1,
2 3672 3671 -1,
2 3673 3672 -1,
2 3674 3673 -1,
2 3675 3674 -1,
2 3676 3675 -1,
2 3677 3676 -1,
3678 3679 3680 -1,
3680 3679 3681 -1,
3681 3682 3680 -1,
3683 3682 3684 -1,
3680 3682 3683 -1,
3685 3686 3678 -1,
3687 3686 3685 -1,
3678 3686 3679 -1,
3682 3688 3684 -1,
3684 3688 3689 -1,
3687 3690 3686 -1,
3688 3691 3689 -1,
3692 3693 3687 -1,
3687 3693 3690 -1,
3691 3694 3689 -1,
3689 3694 3695 -1,
3696 3697 3692 -1,
3692 3697 3693 -1,
3694 3698 3695 -1,
3699 3698 3700 -1,
3695 3698 3699 -1,
3701 3702 3696 -1,
3703 3702 3701 -1,
3696 3702 3697 -1,
3698 3704 3700 -1,
3700 3704 3705 -1,
3703 3706 3702 -1,
3704 3707 3705 -1,
3708 3709 3703 -1,
3703 3709 3706 -1,
3707 3710 3705 -1,
3711 3710 3712 -1,
3705 3710 3711 -1,
3713 3714 3708 -1,
3708 3714 3709 -1,
3710 3715 3712 -1,
3716 3717 3713 -1,
3718 3717 3716 -1,
3713 3717 3714 -1,
3715 3719 3712 -1,
3712 3719 3720 -1,
3718 3721 3717 -1,
3720 3722 3723 -1,
3719 3722 3720 -1,
3724 3725 3718 -1,
3718 3725 3721 -1,
3722 3726 3723 -1,
3727 3726 3728 -1,
3723 3726 3727 -1,
3515 3729 3724 -1,
3724 3729 3725 -1,
2680 3729 3515 -1,
2679 3729 2680 -1,
3726 3730 3728 -1,
3728 3730 3731 -1,
3732 3733 2679 -1,
3734 3733 3732 -1,
2679 3733 3729 -1,
3730 3735 3731 -1,
3731 3735 3736 -1,
3734 3737 3733 -1,
3735 3738 3736 -1,
3739 3740 3734 -1,
3734 3740 3737 -1,
3738 3741 3736 -1,
3742 3741 3743 -1,
3736 3741 3742 -1,
3739 3744 3740 -1,
3745 3744 3739 -1,
3741 3746 3743 -1,
3745 3747 3744 -1,
3748 3747 3745 -1,
3746 3749 3743 -1,
3743 3749 3750 -1,
3748 3751 3747 -1,
2800 3751 3748 -1,
3749 3752 3750 -1,
3750 3752 3753 -1,
3752 3754 3753 -1,
3753 3754 3755 -1,
3754 3756 3755 -1,
3755 3756 3757 -1,
3756 3758 3757 -1,
3757 3758 3759 -1,
3758 3760 3759 -1,
3759 3760 3761 -1,
3760 3762 3761 -1,
3763 3762 3764 -1,
3761 3762 3763 -1,
3762 3765 3764 -1,
3764 3766 3767 -1,
3765 3766 3764 -1,
3766 3768 3767 -1,
3767 3768 3769 -1,
3768 3770 3769 -1,
3771 3770 3772 -1,
3769 3770 3771 -1,
3770 3773 3772 -1,
3772 3773 3774 -1,
3773 3775 3774 -1,
3776 3777 3778 -1,
3774 3777 3776 -1,
3775 3777 3774 -1,
3777 3779 3778 -1,
3779 3780 3778 -1,
3778 3780 3781 -1,
3781 3782 3783 -1,
3780 3782 3781 -1,
3782 3784 3783 -1,
3783 3784 3785 -1,
3784 3786 3785 -1,
3785 3786 3787 -1,
3786 3788 3787 -1,
3789 3788 3790 -1,
3787 3788 3789 -1,
3788 3791 3790 -1,
3792 3793 3794 -1,
3790 3793 3792 -1,
3791 3793 3790 -1,
3793 3795 3794 -1,
3795 3796 3794 -1,
3797 3796 3798 -1,
3794 3796 3797 -1,
3796 3799 3798 -1,
3798 3799 3800 -1,
3799 3801 3800 -1,
3800 3801 3802 -1,
3801 3803 3802 -1,
3803 3804 3802 -1,
3802 3804 3805 -1,
3804 3806 3805 -1,
3805 3806 3807 -1,
3808 3809 3810 -1,
3811 3809 3808 -1,
3810 3812 3808 -1,
3808 3812 3813 -1,
3811 3814 3809 -1,
3815 3814 3811 -1,
3816 3814 3815 -1,
3817 3818 3819 -1,
3813 3818 3817 -1,
3812 3818 3813 -1,
3816 3820 3814 -1,
3818 3821 3819 -1,
3822 3823 3816 -1,
3816 3823 3820 -1,
3819 3824 3825 -1,
3821 3824 3819 -1,
3826 3827 3822 -1,
3822 3827 3823 -1,
3828 3829 3830 -1,
3825 3829 3828 -1,
3824 3829 3825 -1,
3831 3832 3826 -1,
3826 3832 3827 -1,
3829 3833 3830 -1,
3834 3835 3831 -1,
3831 3835 3832 -1,
3830 3836 3837 -1,
3833 3836 3830 -1,
3838 3839 3834 -1,
3834 3839 3835 -1,
3837 3840 3841 -1,
3836 3840 3837 -1,
3842 3843 3838 -1,
3844 3843 3842 -1,
3838 3843 3839 -1,
3841 3845 3846 -1,
3840 3845 3841 -1,
3844 3847 3843 -1,
3846 3848 3849 -1,
3845 3848 3846 -1,
3844 3850 3847 -1,
3851 3850 3844 -1,
3852 3850 3851 -1,
3849 3853 3854 -1,
3848 3853 3849 -1,
3852 3855 3850 -1,
3856 3857 3858 -1,
3854 3857 3856 -1,
3853 3857 3854 -1,
2799 3859 2800 -1,
3852 3859 3855 -1,
3751 3859 3852 -1,
2800 3859 3751 -1,
3857 3860 3858 -1,
2799 3861 3859 -1,
3862 3861 2799 -1,
3863 3864 3865 -1,
3858 3864 3863 -1,
3860 3864 3858 -1,
3866 3867 3862 -1,
3862 3867 3861 -1,
3865 3868 3869 -1,
3864 3868 3865 -1,
3866 3870 3867 -1,
3871 3870 3866 -1,
3869 3872 3873 -1,
3868 3872 3869 -1,
3874 3875 3871 -1,
3871 3875 3870 -1,
3873 3876 3877 -1,
3872 3876 3873 -1,
3878 3879 3874 -1,
2920 3879 3878 -1,
3874 3879 3875 -1,
3877 3880 3881 -1,
3876 3880 3877 -1,
2920 3882 3879 -1,
3880 3883 3881 -1,
3881 3884 3885 -1,
3883 3884 3881 -1,
3886 3887 3888 -1,
3885 3887 3886 -1,
3884 3887 3885 -1,
3887 3889 3888 -1,
3888 3890 3891 -1,
3889 3890 3888 -1,
3891 3892 3893 -1,
3890 3892 3891 -1,
3893 3894 3895 -1,
3892 3894 3893 -1,
3894 3896 3895 -1,
3895 3896 3897 -1,
3896 3898 3897 -1,
3897 3898 3899 -1,
3898 3900 3899 -1,
3899 3900 3901 -1,
3900 3902 3901 -1,
3903 3902 3904 -1,
3901 3902 3903 -1,
3902 3905 3904 -1,
3905 3906 3904 -1,
3904 3906 3907 -1,
3906 3908 3907 -1,
3909 3908 3910 -1,
3907 3908 3909 -1,
3908 3911 3910 -1,
3911 3912 3910 -1,
3913 3912 3914 -1,
3910 3912 3913 -1,
3912 3915 3914 -1,
3915 3916 3914 -1,
3917 3916 3918 -1,
3914 3916 3917 -1,
3916 3919 3918 -1,
3918 3919 3920 -1,
3919 3921 3920 -1,
3921 3922 3920 -1,
3923 3922 3924 -1,
3920 3922 3923 -1,
3922 3925 3924 -1,
3925 3926 3924 -1,
3927 3926 3928 -1,
3924 3926 3927 -1,
3926 3929 3928 -1,
3928 3929 3930 -1,
3929 3931 3930 -1,
3930 3931 3932 -1,
3931 3933 3932 -1,
3934 3935 3936 -1,
3932 3935 3934 -1,
3933 3935 3932 -1,
3935 3937 3936 -1,
3938 3939 3940 -1,
3941 3942 3938 -1,
3938 3942 3939 -1,
3939 3943 3940 -1,
3944 3945 3941 -1,
3941 3945 3942 -1,
3946 3947 3948 -1,
3940 3947 3946 -1,
3943 3947 3940 -1,
3944 3949 3945 -1,
3950 3949 3944 -1,
3951 3949 3950 -1,
3947 3952 3948 -1,
3951 3953 3949 -1,
3952 3954 3948 -1,
3948 3954 3955 -1,
3951 3956 3953 -1,
3957 3956 3951 -1,
3958 3959 3960 -1,
3955 3959 3958 -1,
3954 3959 3955 -1,
3957 3961 3956 -1,
3962 3961 3957 -1,
3959 3963 3960 -1,
3962 3964 3961 -1,
3965 3964 3962 -1,
3960 3966 3967 -1,
3963 3966 3960 -1,
3965 3968 3964 -1,
3969 3968 3965 -1,
3967 3970 3971 -1,
3966 3970 3967 -1,
3969 3972 3968 -1,
3973 3972 3969 -1,
3974 3972 3973 -1,
3975 3976 3977 -1,
3971 3976 3975 -1,
3970 3976 3971 -1,
3978 3979 3974 -1,
3974 3979 3972 -1,
3977 3980 3981 -1,
3976 3980 3977 -1,
3982 3983 3978 -1,
3978 3983 3979 -1,
3980 3984 3981 -1,
3982 3985 3983 -1,
3984 3986 3981 -1,
3987 3986 3988 -1,
3981 3986 3987 -1,
3982 3989 3985 -1,
2920 3989 3882 -1,
2919 3989 2920 -1,
3882 3989 3982 -1,
3986 3990 3988 -1,
3991 3992 2919 -1,
3993 3992 3991 -1,
2919 3992 3989 -1,
3990 3994 3988 -1,
3988 3994 3995 -1,
3993 3996 3992 -1,
3994 3997 3995 -1,
3995 3997 3998 -1,
3999 4000 3993 -1,
3993 4000 3996 -1,
3997 4001 3998 -1,
3998 4001 4002 -1,
3999 4003 4000 -1,
4004 4003 3999 -1,
4001 4005 4002 -1,
4006 4005 4007 -1,
4002 4005 4006 -1,
4004 4008 4003 -1,
4009 4008 4004 -1,
3126 4008 4009 -1,
4005 4010 4007 -1,
3126 4011 4008 -1,
4010 4012 4007 -1,
4013 4012 4014 -1,
4007 4012 4013 -1,
4012 4015 4014 -1,
4015 4016 4014 -1,
4014 4016 4017 -1,
4016 4018 4017 -1,
4017 4018 4019 -1,
4019 4020 4021 -1,
4018 4020 4019 -1,
4020 4022 4021 -1,
4021 4022 4023 -1,
4022 4024 4023 -1,
4023 4024 4025 -1,
4024 4026 4025 -1,
4027 4026 4028 -1,
4025 4026 4027 -1,
4026 4029 4028 -1,
4028 4030 4031 -1,
4029 4030 4028 -1,
4031 4032 4033 -1,
4030 4032 4031 -1,
4032 4034 4033 -1,
4035 4034 4036 -1,
4033 4034 4035 -1,
4036 4037 4038 -1,
4034 4037 4036 -1,
4038 4039 4040 -1,
4037 4039 4038 -1,
4039 4041 4040 -1,
4040 4041 4042 -1,
4041 4043 4042 -1,
4043 4044 4042 -1,
4042 4044 4045 -1,
4045 4046 4047 -1,
4044 4046 4045 -1,
4048 4049 4050 -1,
4047 4049 4048 -1,
4046 4049 4047 -1,
4049 4051 4050 -1,
4050 4052 4053 -1,
4051 4052 4050 -1,
4054 4055 4056 -1,
4053 4055 4054 -1,
4052 4055 4053 -1,
4055 4057 4056 -1,
4056 4057 4058 -1,
4058 4059 4060 -1,
4057 4059 4058 -1,
4059 4061 4060 -1,
4060 4061 4062 -1,
4061 4063 4062 -1,
4062 4063 4064 -1,
4063 4065 4064 -1,
4064 4065 4066 -1,
4065 4067 4066 -1,
4068 4069 4070 -1,
4068 4071 4069 -1,
4069 4072 4070 -1,
4070 4072 4073 -1,
4074 4075 4076 -1,
4068 4075 4071 -1,
4076 4075 4068 -1,
4072 4077 4073 -1,
4078 4077 4079 -1,
4073 4077 4078 -1,
4074 4080 4075 -1,
4077 4081 4079 -1,
4082 4083 4074 -1,
4074 4083 4080 -1,
4081 4084 4079 -1,
4085 4084 4086 -1,
4079 4084 4085 -1,
4087 4088 4082 -1,
4082 4088 4083 -1,
4084 4089 4086 -1,
4086 4089 4090 -1,
4091 4092 4087 -1,
4087 4092 4088 -1,
4089 4093 4090 -1,
4094 4095 4091 -1,
4091 4095 4092 -1,
4093 4096 4090 -1,
4090 4096 4097 -1,
4098 4099 4094 -1,
4094 4099 4095 -1,
4096 4100 4097 -1,
4097 4100 4101 -1,
4102 4103 4098 -1,
4104 4103 4102 -1,
4098 4103 4099 -1,
4100 4105 4101 -1,
4101 4105 4106 -1,
4107 4108 4104 -1,
4104 4108 4103 -1,
4105 4109 4106 -1,
4106 4109 4110 -1,
4111 4112 4107 -1,
4107 4112 4108 -1,
4109 4113 4110 -1,
4110 4113 4114 -1,
4011 4115 4111 -1,
4111 4115 4112 -1,
4113 4116 4114 -1,
4114 4116 4117 -1,
4011 4118 4115 -1,
3126 4118 4011 -1,
3125 4118 3126 -1,
4116 4119 4117 -1,
4120 4119 4121 -1,
4117 4119 4120 -1,
3125 4122 4118 -1,
4123 4122 3125 -1,
4119 4124 4121 -1,
4121 4124 4125 -1,
4123 4126 4122 -1,
4127 4126 4123 -1,
4124 4128 4125 -1,
4127 4129 4126 -1,
4130 4129 4127 -1,
4128 4131 4125 -1,
4132 4131 4133 -1,
4125 4131 4132 -1,
4134 4135 4130 -1,
4136 4135 4134 -1,
4130 4135 4129 -1,
4131 4137 4133 -1,
4133 4137 4138 -1,
4136 4139 4135 -1,
4137 4140 4138 -1,
4136 4141 4139 -1,
3374 4141 4136 -1,
3375 4141 3374 -1,
4140 4142 4138 -1,
4138 4142 4143 -1,
4143 4144 4145 -1,
4142 4144 4143 -1,
4145 4146 4147 -1,
4144 4146 4145 -1,
4147 4148 4149 -1,
4146 4148 4147 -1,
4149 4150 4151 -1,
4148 4150 4149 -1,
4151 4152 4153 -1,
4150 4152 4151 -1,
4152 4154 4153 -1,
4155 4154 4156 -1,
4153 4154 4155 -1,
4154 4157 4156 -1,
4157 4158 4156 -1,
4156 4158 4159 -1,
4158 4160 4159 -1,
4161 4160 4162 -1,
4159 4160 4161 -1,
4160 4163 4162 -1,
4162 4163 4164 -1,
4163 4165 4164 -1,
4164 4165 4166 -1,
4165 4167 4166 -1,
4167 4168 4166 -1,
4169 4168 4170 -1,
4166 4168 4169 -1,
4168 4171 4170 -1,
4171 4172 4170 -1,
4173 4172 4174 -1,
4170 4172 4173 -1,
4172 4175 4174 -1,
4175 4176 4174 -1,
4174 4176 4177 -1,
4176 4178 4177 -1,
4179 4178 4180 -1,
4177 4178 4179 -1,
4178 4181 4180 -1,
4181 4182 4180 -1,
4183 4182 4184 -1,
4180 4182 4183 -1,
4182 4185 4184 -1,
4185 4186 4184 -1,
4187 4186 4188 -1,
4184 4186 4187 -1,
4186 4189 4188 -1,
4188 4190 4191 -1,
4189 4190 4188 -1,
4191 4192 4193 -1,
4190 4192 4191 -1,
4192 4194 4193 -1,
4195 4194 4196 -1,
4193 4194 4195 -1,
4194 4197 4196 -1,
4198 4199 4200 -1,
4200 4199 4201 -1,
4200 4202 4203 -1,
4201 4202 4200 -1,
4204 4205 4198 -1,
4198 4205 4199 -1,
4206 4207 4208 -1,
4203 4207 4206 -1,
4202 4207 4203 -1,
4209 4210 4204 -1,
4211 4210 4209 -1,
4204 4210 4205 -1,
4207 4212 4208 -1,
4211 4213 4210 -1,
4208 4214 4215 -1,
4212 4214 4208 -1,
4216 4217 4211 -1,
4211 4217 4213 -1,
4215 4218 4219 -1,
4214 4218 4215 -1,
4220 4221 4216 -1,
4216 4221 4217 -1,
4218 4222 4219 -1,
4223 4222 4224 -1,
4219 4222 4223 -1,
4220 4225 4221 -1,
4226 4225 4220 -1,
4222 4227 4224 -1,
4228 4229 4226 -1,
4226 4229 4225 -1,
4230 4231 4232 -1,
4224 4231 4230 -1,
4227 4231 4224 -1,
4233 4234 4228 -1,
4228 4234 4229 -1,
4231 4235 4232 -1,
4233 4236 4234 -1,
4237 4236 4233 -1,
4238 4239 4240 -1,
4232 4239 4238 -1,
4235 4239 4232 -1,
4241 4242 4237 -1,
4243 4242 4241 -1,
4237 4242 4236 -1,
4240 4244 4245 -1,
4239 4244 4240 -1,
4141 4246 4243 -1,
4243 4246 4242 -1,
4244 4247 4245 -1,
3375 4248 4141 -1,
4141 4248 4246 -1,
4245 4249 4250 -1,
4247 4249 4245 -1,
3375 4251 4248 -1,
4252 4251 3375 -1,
4250 4253 4254 -1,
4249 4253 4250 -1,
4255 4256 4252 -1,
4252 4256 4251 -1,
4254 4257 4258 -1,
4253 4257 4254 -1,
4259 4260 4255 -1,
4255 4260 4256 -1,
4258 4261 4262 -1,
4257 4261 4258 -1,
4263 4264 4259 -1,
4259 4264 4260 -1,
4262 4265 4266 -1,
4261 4265 4262 -1,
4263 4267 4264 -1,
4268 4267 4263 -1,
4265 4269 4266 -1,
4266 4269 4270 -1,
4268 4271 4267 -1,
3654 4271 4268 -1,
4270 4272 4273 -1,
4269 4272 4270 -1,
4273 4274 4275 -1,
4272 4274 4273 -1,
4275 4276 4277 -1,
4274 4276 4275 -1,
4278 4279 4280 -1,
4277 4279 4278 -1,
4276 4279 4277 -1,
4279 4281 4280 -1,
4281 4282 4280 -1,
4280 4282 4283 -1,
4282 4284 4283 -1,
4283 4284 4285 -1,
4284 4286 4285 -1,
4285 4286 4287 -1,
4286 4288 4287 -1,
4287 4288 4289 -1,
4288 4290 4289 -1,
4289 4290 4291 -1,
4290 4292 4291 -1,
4293 4292 4294 -1,
4291 4292 4293 -1,
4292 4295 4294 -1,
4294 4295 4296 -1,
4295 4297 4296 -1,
4297 4298 4296 -1,
4296 4298 4299 -1,
4298 4300 4299 -1,
4299 4300 4301 -1,
4300 4302 4301 -1,
4303 4302 4304 -1,
4301 4302 4303 -1,
4302 4305 4304 -1,
4306 4307 4308 -1,
4304 4307 4306 -1,
4305 4307 4304 -1,
4307 4309 4308 -1,
4309 4310 4308 -1,
4308 4310 4311 -1,
4310 4312 4311 -1,
4313 4312 4314 -1,
4311 4312 4313 -1,
4312 4315 4314 -1,
4315 4316 4314 -1,
4317 4316 4318 -1,
4314 4316 4317 -1,
4316 4319 4318 -1,
4318 4319 4320 -1,
4319 4321 4320 -1,
4320 4321 4322 -1,
4321 4323 4322 -1,
4323 4324 4322 -1,
4322 4324 4325 -1,
4326 4327 4328 -1,
4326 4329 4327 -1,
4327 4330 4328 -1,
4328 4330 4331 -1,
4326 4332 4329 -1,
4333 4332 4326 -1,
4334 4332 4333 -1,
4335 4336 4337 -1,
4331 4336 4335 -1,
4330 4336 4331 -1,
4334 4338 4332 -1,
4336 4339 4337 -1,
4334 4340 4338 -1,
4341 4340 4334 -1,
4337 4342 4343 -1,
4339 4342 4337 -1,
4344 4345 4341 -1,
4341 4345 4340 -1,
4346 4347 4348 -1,
4343 4347 4346 -1,
4342 4347 4343 -1,
4344 4349 4345 -1,
4350 4349 4344 -1,
4347 4351 4348 -1,
4350 4352 4349 -1,
4353 4352 4350 -1,
4348 4354 4355 -1,
4351 4354 4348 -1,
4353 4356 4352 -1,
4357 4356 4353 -1,
4355 4358 4359 -1,
4354 4358 4355 -1,
4357 4360 4356 -1,
4361 4360 4357 -1,
4359 4362 4363 -1,
4358 4362 4359 -1,
4361 4364 4360 -1,
4365 4364 4361 -1,
4366 4364 4365 -1,
4367 4368 4369 -1,
4363 4368 4367 -1,
4362 4368 4363 -1,
4366 4370 4364 -1,
4371 4370 4366 -1,
4368 4372 4369 -1,
4371 4373 4370 -1,
4271 4373 4371 -1,
4372 4374 4369 -1,
4375 4374 4376 -1,
4369 4374 4375 -1,
3659 4377 3654 -1,
3654 4377 4271 -1,
4271 4377 4373 -1,
4374 4378 4376 -1,
4379 4380 3659 -1,
3659 4380 4377 -1,
4376 4381 4382 -1,
4378 4381 4376 -1,
4383 4384 4379 -1,
4379 4384 4380 -1,
4385 4386 4387 -1,
4382 4386 4385 -1,
4381 4386 4382 -1,
4388 4389 4383 -1,
4383 4389 4384 -1,
4386 4390 4387 -1,
4391 4392 4388 -1,
4388 4392 4389 -1,
4387 4393 4394 -1,
4390 4393 4387 -1,
4395 4396 4391 -1,
4391 4396 4392 -1,
4393 4397 4394 -1,
4394 4397 4398 -1,
4399 4400 4395 -1,
4395 4400 4396 -1,
4398 4401 4402 -1,
4397 4401 4398 -1,
4403 4404 4399 -1,
4399 4404 4400 -1,
4402 4405 4406 -1,
4401 4405 4402 -1,
4403 4407 4404 -1,
4408 4407 4403 -1,
4406 4409 4410 -1,
4405 4409 4406 -1,
4411 4412 4408 -1,
4408 4412 4407 -1,
4413 4414 4415 -1,
4410 4414 4413 -1,
4409 4414 4410 -1,
4416 4417 4411 -1,
4418 4417 4416 -1,
4411 4417 4412 -1,
4414 4419 4415 -1,
4418 4420 4417 -1,
4415 4421 4422 -1,
4419 4421 4415 -1,
4423 4424 4418 -1,
4418 4424 4420 -1,
4422 4425 4426 -1,
4421 4425 4422 -1,
4427 4428 4423 -1,
4423 4428 4424 -1,
4426 4429 4430 -1,
4425 4429 4426 -1,
4431 4432 4427 -1,
4427 4432 4428 -1,
4433 4434 4435 -1,
4430 4434 4433 -1,
4429 4434 4430 -1,
4436 4437 4431 -1,
4431 4437 4432 -1,
4435 4438 4439 -1,
4434 4438 4435 -1,
4440 4441 4436 -1,
4436 4441 4437 -1,
4439 4442 4443 -1,
4438 4442 4439 -1,
4444 4445 4440 -1,
4440 4445 4441 -1,
4442 4446 4443 -1,
4444 4447 4445 -1,
4448 4447 4444 -1,
4446 4449 4443 -1,
4443 4449 4450 -1,
4451 4452 4448 -1,
4453 4452 4451 -1,
4448 4452 4447 -1,
4454 4455 4456 -1,
4450 4455 4454 -1,
4449 4455 4450 -1,
4453 4457 4452 -1,
4455 4458 4456 -1,
4459 4460 4453 -1,
4453 4460 4457 -1,
4461 4462 4463 -1,
4456 4462 4461 -1,
4458 4462 4456 -1,
4464 4465 4459 -1,
4459 4465 4460 -1,
4462 4466 4463 -1,
4464 4467 4465 -1,
4468 4467 4464 -1,
4463 4469 4470 -1,
4466 4469 4463 -1,
4471 4472 4473 -1,
4470 4472 4471 -1,
4469 4472 4470 -1,
4473 4474 4475 -1,
4472 4474 4473 -1,
4474 4476 4475 -1,
4475 4477 4478 -1,
4476 4477 4475 -1,
4478 4479 4480 -1,
4477 4479 4478 -1,
4480 4481 4482 -1,
4479 4481 4480 -1,
4483 2275 4197 -1,
4484 2275 4485 -1,
4486 2275 4484 -1,
4487 2275 4486 -1,
4488 2275 4487 -1,
4482 2275 4488 -1,
4489 2275 4324 -1,
4485 2275 4489 -1,
4490 2275 4491 -1,
4492 2275 4490 -1,
4493 2275 4492 -1,
4494 2275 4493 -1,
4495 2275 4494 -1,
4496 2275 4495 -1,
4497 2275 4496 -1,
4324 2275 4325 -1,
4498 2275 4497 -1,
4499 2275 4498 -1,
4500 2275 4499 -1,
4501 2275 4500 -1,
4502 2275 4501 -1,
4503 2275 4502 -1,
4504 2275 4503 -1,
4505 2275 4504 -1,
4506 2275 4505 -1,
4507 2275 4506 -1,
4508 2275 4507 -1,
4509 2275 4508 -1,
4510 2275 4509 -1,
4511 2275 4481 -1,
4512 2275 4510 -1,
4513 2275 4511 -1,
4514 2275 4512 -1,
4515 2275 4513 -1,
4516 2275 4514 -1,
4517 2275 4515 -1,
4518 2275 4516 -1,
4491 2275 4517 -1,
4519 2275 4518 -1,
4520 2275 4519 -1,
4521 2275 4520 -1,
4522 2275 4521 -1,
4523 2275 4522 -1,
4524 2275 4523 -1,
4525 2275 4524 -1,
4526 2275 4525 -1,
4527 2275 4526 -1,
4528 2275 4527 -1,
4529 2275 4528 -1,
4530 2275 4529 -1,
4531 2275 4530 -1,
4532 2275 4531 -1,
4533 2275 4532 -1,
4534 2275 4533 -1,
4535 2275 4534 -1,
4536 2275 4535 -1,
4481 2275 4482 -1,
4537 2275 4483 -1,
4325 2275 4537 -1,
0 2 2503 -1,
2503 2 2620 -1,
2620 2 2621 -1,
2621 2 4538 -1,
4538 2 2740 -1,
2740 2 2739 -1,
2739 2 4539 -1,
4539 2 2857 -1,
2857 2 2861 -1,
2861 2 4540 -1,
4540 2 3021 -1,
3021 2 3020 -1,
2275 4 4541 -1,
2275 4541 4196 -1,
2275 4196 4197 -1,
4541 4 4067 -1,
4067 4 4066 -1,
4066 4 4542 -1,
4542 4 3937 -1,
3937 4 3936 -1,
3936 4 4543 -1,
4543 4 3806 -1,
3806 4 3807 -1,
3807 4 3666 -1,
2 2275 3677 -1,
3677 2275 4468 -1,
4468 2275 4536 -1,
4468 4536 4467 -1,
5 4 2275 -1,
5 2275 2213 -1,
756 755 3026 -1,
3026 755 3024 -1,
3024 763 3032 -1,
755 763 3024 -1,
3032 171 2441 -1,
763 171 3032 -1,
2441 169 2439 -1,
171 169 2441 -1,
2439 166 2436 -1,
169 166 2439 -1,
2436 164 2434 -1,
2434 164 2432 -1,
166 164 2436 -1,
164 163 2432 -1,
2432 160 2430 -1,
163 160 2432 -1,
2430 159 2428 -1,
160 159 2430 -1,
2428 157 2427 -1,
159 157 2428 -1,
157 155 2427 -1,
2427 155 2425 -1,
155 153 2425 -1,
2425 153 2423 -1,
153 151 2423 -1,
2423 151 2421 -1,
151 149 2421 -1,
2421 149 2419 -1,
149 146 2419 -1,
2419 146 2416 -1,
146 144 2416 -1,
2416 144 2414 -1,
144 143 2414 -1,
2414 143 2412 -1,
143 141 2412 -1,
2412 141 2411 -1,
141 139 2411 -1,
2411 139 2409 -1,
2409 139 2407 -1,
139 137 2407 -1,
2407 137 2405 -1,
137 135 2405 -1,
135 132 2405 -1,
2405 132 2402 -1,
2402 131 2400 -1,
132 131 2402 -1,
2400 128 2398 -1,
131 128 2400 -1,
2398 127 2396 -1,
128 127 2398 -1,
2396 125 2395 -1,
127 125 2396 -1,
2395 123 2393 -1,
125 123 2395 -1,
2393 121 2391 -1,
123 121 2393 -1,
2391 119 2389 -1,
121 119 2391 -1,
2389 116 2386 -1,
119 116 2389 -1,
2386 113 2383 -1,
116 113 2386 -1,
2383 110 2380 -1,
2380 110 2375 -1,
113 110 2383 -1,
110 105 2375 -1,
2375 104 2373 -1,
105 104 2375 -1,
2373 99 2369 -1,
104 99 2373 -1,
2369 98 2367 -1,
99 98 2369 -1,
98 95 2367 -1,
2367 95 2365 -1,
95 88 2365 -1,
2365 88 2358 -1,
88 87 2358 -1,
2358 87 2357 -1,
87 83 2357 -1,
2357 83 2353 -1,
83 79 2353 -1,
2353 79 2349 -1,
2349 79 2345 -1,
79 75 2345 -1,
75 71 2345 -1,
2345 71 2341 -1,
71 67 2341 -1,
2341 67 2337 -1,
67 63 2337 -1,
2337 63 2333 -1,
63 59 2333 -1,
2333 59 2329 -1,
59 56 2329 -1,
2329 56 2326 -1,
56 55 2326 -1,
2326 55 2324 -1,
55 61 2324 -1,
2324 61 2331 -1,
61 65 2331 -1,
2331 65 2335 -1,
65 69 2335 -1,
2335 69 2339 -1,
69 73 2339 -1,
2339 73 2343 -1,
73 77 2343 -1,
2343 77 2347 -1,
77 81 2347 -1,
2347 81 2351 -1,
81 85 2351 -1,
2351 85 2355 -1,
85 90 2355 -1,
2355 90 2360 -1,
90 93 2360 -1,
2360 93 2363 -1,
2363 47 2317 -1,
93 47 2363 -1,
2317 45 2315 -1,
47 45 2317 -1,
2315 43 2313 -1,
45 43 2315 -1,
2313 41 2311 -1,
43 41 2313 -1,
41 39 2311 -1,
2311 39 2309 -1,
39 37 2309 -1,
2309 37 2307 -1,
37 35 2307 -1,
2307 35 2305 -1,
35 33 2305 -1,
2305 33 2303 -1,
33 31 2303 -1,
2303 31 2301 -1,
31 29 2301 -1,
2301 29 2299 -1,
29 27 2299 -1,
2299 27 2297 -1,
27 25 2297 -1,
2297 25 2295 -1,
25 23 2295 -1,
2295 23 2293 -1,
23 21 2293 -1,
2293 21 2291 -1,
21 19 2291 -1,
2291 19 2289 -1,
19 17 2289 -1,
2289 17 2287 -1,
2287 17 2285 -1,
17 15 2285 -1,
2285 13 2283 -1,
15 13 2285 -1,
2283 11 2281 -1,
13 11 2283 -1,
2281 9 2279 -1,
11 9 2281 -1,
2279 6 2276 -1,
9 6 2279 -1,
2276 7 2277 -1,
6 7 2276 -1,
2277 8 2278 -1,
7 8 2277 -1,
2278 10 2280 -1,
8 10 2278 -1,
2280 12 2282 -1,
10 12 2280 -1,
2282 14 2284 -1,
12 14 2282 -1,
2284 16 2286 -1,
14 16 2284 -1,
2286 18 2288 -1,
16 18 2286 -1,
2288 20 2290 -1,
18 20 2288 -1,
2290 22 2292 -1,
20 22 2290 -1,
22 24 2292 -1,
2292 24 2294 -1,
24 26 2294 -1,
2294 26 2296 -1,
26 28 2296 -1,
2296 28 2298 -1,
28 30 2298 -1,
2298 30 2300 -1,
2300 32 2302 -1,
30 32 2300 -1,
2302 34 2304 -1,
32 34 2302 -1,
2304 36 2306 -1,
34 36 2304 -1,
2306 38 2308 -1,
36 38 2306 -1,
2308 40 2310 -1,
38 40 2308 -1,
2310 42 2312 -1,
40 42 2310 -1,
2312 44 2314 -1,
42 44 2312 -1,
2314 46 2316 -1,
44 46 2314 -1,
2316 48 2318 -1,
46 48 2316 -1,
2318 49 2319 -1,
48 49 2318 -1,
2319 50 2320 -1,
49 50 2319 -1,
2320 51 2321 -1,
50 51 2320 -1,
2321 52 2322 -1,
51 52 2321 -1,
2322 53 2323 -1,
52 53 2322 -1,
2323 679 2949 -1,
53 679 2323 -1,
2949 670 2940 -1,
679 670 2949 -1,
2940 669 2939 -1,
670 669 2940 -1,
2939 660 2930 -1,
669 660 2939 -1,
2930 653 2923 -1,
660 653 2930 -1,
2923 652 2921 -1,
653 652 2923 -1,
652 664 2921 -1,
2921 664 2933 -1,
664 675 2933 -1,
2933 675 2944 -1,
675 682 2944 -1,
2944 682 2951 -1,
682 688 2951 -1,
2951 688 2957 -1,
688 689 2957 -1,
2957 689 2959 -1,
689 702 2959 -1,
2959 702 2971 -1,
702 707 2971 -1,
2971 707 2976 -1,
707 715 2976 -1,
2976 715 2984 -1,
715 720 2984 -1,
2984 720 2990 -1,
720 725 2990 -1,
2990 725 2994 -1,
725 726 2994 -1,
2994 726 2996 -1,
726 740 2996 -1,
2996 740 3010 -1,
740 744 3010 -1,
3010 744 3013 -1,
3013 749 3018 -1,
744 749 3013 -1,
3018 756 3026 -1,
749 756 3018 -1,
989 994 3259 -1,
3259 994 3263 -1,
3263 1002 3271 -1,
994 1002 3263 -1,
3271 290 2560 -1,
1002 290 3271 -1,
2560 288 2558 -1,
290 288 2560 -1,
2558 286 2556 -1,
288 286 2558 -1,
2556 283 2553 -1,
2553 283 2551 -1,
286 283 2556 -1,
283 281 2551 -1,
2551 280 2549 -1,
281 280 2551 -1,
2549 278 2548 -1,
280 278 2549 -1,
2548 276 2546 -1,
278 276 2548 -1,
276 273 2546 -1,
2546 273 2543 -1,
273 272 2543 -1,
2543 272 2541 -1,
272 270 2541 -1,
2541 270 2540 -1,
270 267 2540 -1,
2540 267 2537 -1,
267 265 2537 -1,
2537 265 2535 -1,
265 263 2535 -1,
2535 263 2533 -1,
263 262 2533 -1,
2533 262 2532 -1,
262 260 2532 -1,
2532 260 2530 -1,
260 258 2530 -1,
2530 258 2528 -1,
2528 258 2526 -1,
258 256 2526 -1,
2526 256 2523 -1,
256 253 2523 -1,
253 252 2523 -1,
2523 252 2521 -1,
2521 250 2520 -1,
252 250 2521 -1,
2520 248 2518 -1,
250 248 2520 -1,
2518 246 2516 -1,
248 246 2518 -1,
2516 244 2514 -1,
246 244 2516 -1,
2514 241 2511 -1,
244 241 2514 -1,
2511 240 2510 -1,
241 240 2511 -1,
2510 238 2508 -1,
240 238 2510 -1,
2508 236 2506 -1,
238 236 2508 -1,
2506 232 2502 -1,
236 232 2506 -1,
2502 231 2501 -1,
2501 231 2498 -1,
232 231 2502 -1,
231 228 2498 -1,
2498 225 2495 -1,
228 225 2498 -1,
2495 221 2491 -1,
225 221 2495 -1,
2491 218 2488 -1,
221 218 2491 -1,
218 214 2488 -1,
2488 214 2484 -1,
214 206 2484 -1,
2484 206 2476 -1,
206 205 2476 -1,
2476 205 2475 -1,
205 198 2475 -1,
2475 198 2468 -1,
198 197 2468 -1,
2468 197 2466 -1,
2466 197 2464 -1,
197 194 2464 -1,
194 186 2464 -1,
2464 186 2456 -1,
186 185 2456 -1,
2456 185 2455 -1,
185 181 2455 -1,
2455 181 2451 -1,
181 177 2451 -1,
2451 177 2447 -1,
177 173 2447 -1,
2447 173 2442 -1,
173 175 2442 -1,
2442 175 2445 -1,
175 179 2445 -1,
2445 179 2449 -1,
179 183 2449 -1,
2449 183 2453 -1,
183 188 2453 -1,
2453 188 2457 -1,
188 191 2457 -1,
2457 191 2461 -1,
191 192 2461 -1,
2461 192 2462 -1,
192 200 2462 -1,
2462 200 2470 -1,
200 203 2470 -1,
2470 203 2473 -1,
203 208 2473 -1,
2473 208 2478 -1,
208 211 2478 -1,
2478 211 2481 -1,
2481 212 2482 -1,
211 212 2481 -1,
2482 216 2485 -1,
212 216 2482 -1,
2485 223 2493 -1,
216 223 2485 -1,
2493 117 2387 -1,
223 117 2493 -1,
117 114 2387 -1,
2387 114 2384 -1,
114 111 2384 -1,
2384 111 2381 -1,
111 108 2381 -1,
2381 108 2378 -1,
108 106 2378 -1,
2378 106 2376 -1,
106 102 2376 -1,
2376 102 2372 -1,
102 100 2372 -1,
2372 100 2370 -1,
100 96 2370 -1,
2370 96 2366 -1,
96 92 2366 -1,
2366 92 2362 -1,
92 89 2362 -1,
2362 89 2359 -1,
89 84 2359 -1,
2359 84 2354 -1,
84 80 2354 -1,
2354 80 2350 -1,
80 76 2350 -1,
2350 76 2346 -1,
2346 76 2342 -1,
76 72 2342 -1,
2342 68 2338 -1,
72 68 2342 -1,
2338 64 2334 -1,
68 64 2338 -1,
2334 60 2330 -1,
64 60 2334 -1,
2330 54 2325 -1,
60 54 2330 -1,
2325 57 2327 -1,
54 57 2325 -1,
2327 58 2328 -1,
57 58 2327 -1,
2328 62 2332 -1,
58 62 2328 -1,
2332 66 2336 -1,
62 66 2332 -1,
2336 70 2340 -1,
66 70 2336 -1,
2340 74 2344 -1,
70 74 2340 -1,
2344 78 2348 -1,
74 78 2344 -1,
2348 82 2352 -1,
78 82 2348 -1,
2352 86 2356 -1,
82 86 2352 -1,
86 91 2356 -1,
2356 91 2361 -1,
91 94 2361 -1,
2361 94 2364 -1,
94 97 2364 -1,
2364 97 2368 -1,
97 101 2368 -1,
2368 101 2371 -1,
2371 103 2374 -1,
101 103 2371 -1,
2374 107 2377 -1,
103 107 2374 -1,
2377 109 2379 -1,
107 109 2377 -1,
2379 112 2382 -1,
109 112 2379 -1,
2382 115 2385 -1,
112 115 2382 -1,
2385 118 2388 -1,
115 118 2385 -1,
2388 120 2390 -1,
118 120 2388 -1,
2390 122 2392 -1,
120 122 2390 -1,
2392 124 2394 -1,
122 124 2392 -1,
2394 126 2397 -1,
124 126 2394 -1,
2397 129 2399 -1,
126 129 2397 -1,
2399 130 2401 -1,
129 130 2399 -1,
2401 133 2403 -1,
130 133 2401 -1,
2403 134 2404 -1,
133 134 2403 -1,
2404 136 2406 -1,
134 136 2404 -1,
2406 138 2408 -1,
136 138 2406 -1,
2408 140 2410 -1,
138 140 2408 -1,
2410 142 2413 -1,
140 142 2410 -1,
2413 145 2415 -1,
142 145 2413 -1,
2415 147 2417 -1,
145 147 2415 -1,
147 148 2417 -1,
2417 148 2418 -1,
148 150 2418 -1,
2418 150 2420 -1,
150 152 2420 -1,
2420 152 2422 -1,
152 154 2422 -1,
2422 154 2424 -1,
154 156 2424 -1,
2424 156 2426 -1,
156 158 2426 -1,
2426 158 2429 -1,
158 161 2429 -1,
2429 161 2431 -1,
161 162 2431 -1,
2431 162 2433 -1,
162 165 2433 -1,
2433 165 2435 -1,
165 167 2435 -1,
2435 167 2437 -1,
167 168 2437 -1,
2437 168 2438 -1,
168 170 2438 -1,
2438 170 2440 -1,
170 976 2440 -1,
2440 976 3245 -1,
3245 983 3253 -1,
976 983 3245 -1,
3253 989 3259 -1,
983 989 3253 -1,
1228 1234 3498 -1,
3498 1234 3504 -1,
3504 1240 3510 -1,
1234 1240 3504 -1,
3510 410 2680 -1,
1240 410 3510 -1,
2680 408 2678 -1,
410 408 2680 -1,
2678 406 2676 -1,
408 406 2678 -1,
2676 404 2674 -1,
2674 404 2671 -1,
406 404 2676 -1,
404 401 2671 -1,
2671 399 2669 -1,
401 399 2671 -1,
2669 398 2668 -1,
399 398 2669 -1,
2668 396 2666 -1,
398 396 2668 -1,
396 394 2666 -1,
2666 394 2664 -1,
394 392 2664 -1,
2664 392 2662 -1,
392 390 2662 -1,
2662 390 2660 -1,
390 387 2660 -1,
2660 387 2657 -1,
387 386 2657 -1,
2657 386 2656 -1,
386 384 2656 -1,
2656 384 2654 -1,
384 382 2654 -1,
2654 382 2652 -1,
382 379 2652 -1,
2652 379 2649 -1,
379 378 2649 -1,
2649 378 2648 -1,
2648 378 2646 -1,
378 376 2646 -1,
2646 376 2643 -1,
376 373 2643 -1,
373 372 2643 -1,
2643 372 2642 -1,
2642 370 2640 -1,
372 370 2642 -1,
2640 368 2638 -1,
370 368 2640 -1,
2638 366 2636 -1,
368 366 2638 -1,
2636 364 2634 -1,
366 364 2636 -1,
2634 361 2631 -1,
364 361 2634 -1,
2631 360 2630 -1,
361 360 2631 -1,
2630 358 2628 -1,
360 358 2630 -1,
2628 356 2626 -1,
358 356 2628 -1,
2626 353 2623 -1,
356 353 2626 -1,
2623 349 2619 -1,
2619 349 2618 -1,
353 349 2623 -1,
349 348 2618 -1,
2618 345 2615 -1,
348 345 2618 -1,
2615 338 2608 -1,
345 338 2615 -1,
2608 337 2607 -1,
338 337 2608 -1,
337 329 2607 -1,
2607 329 2599 -1,
329 328 2599 -1,
2599 328 2598 -1,
328 325 2598 -1,
2598 325 2595 -1,
325 317 2595 -1,
2595 317 2587 -1,
317 313 2587 -1,
2587 313 2583 -1,
2583 313 2582 -1,
313 312 2582 -1,
312 308 2582 -1,
2582 308 2578 -1,
308 304 2578 -1,
2578 304 2574 -1,
304 300 2574 -1,
2574 300 2570 -1,
300 296 2570 -1,
2570 296 2566 -1,
296 293 2566 -1,
2566 293 2563 -1,
293 292 2563 -1,
2563 292 2561 -1,
292 298 2561 -1,
2561 298 2567 -1,
298 302 2567 -1,
2567 302 2571 -1,
302 306 2571 -1,
2571 306 2575 -1,
306 310 2575 -1,
2575 310 2579 -1,
310 315 2579 -1,
2579 315 2584 -1,
315 319 2584 -1,
2584 319 2588 -1,
319 322 2588 -1,
2588 322 2591 -1,
322 323 2591 -1,
2591 323 2593 -1,
323 331 2593 -1,
2593 331 2600 -1,
2600 334 2603 -1,
331 334 2600 -1,
2603 335 2605 -1,
334 335 2603 -1,
2605 340 2609 -1,
335 340 2605 -1,
2609 343 2612 -1,
340 343 2609 -1,
343 351 2612 -1,
2612 351 2620 -1,
351 233 2620 -1,
2620 233 2503 -1,
233 229 2503 -1,
2503 229 2499 -1,
229 226 2499 -1,
2499 226 2496 -1,
226 222 2496 -1,
2496 222 2492 -1,
222 219 2492 -1,
2492 219 2489 -1,
219 215 2489 -1,
2489 215 2486 -1,
215 210 2486 -1,
2486 210 2480 -1,
210 207 2480 -1,
2480 207 2477 -1,
207 202 2477 -1,
2477 202 2472 -1,
202 199 2472 -1,
2472 199 2469 -1,
199 195 2469 -1,
2469 195 2465 -1,
2465 195 2460 -1,
195 190 2460 -1,
2460 187 2458 -1,
190 187 2460 -1,
2458 182 2452 -1,
187 182 2458 -1,
2452 178 2448 -1,
182 178 2452 -1,
2448 172 2443 -1,
178 172 2448 -1,
2443 174 2444 -1,
172 174 2443 -1,
2444 176 2446 -1,
174 176 2444 -1,
2446 180 2450 -1,
176 180 2446 -1,
2450 184 2454 -1,
180 184 2450 -1,
2454 189 2459 -1,
184 189 2454 -1,
2459 193 2463 -1,
189 193 2459 -1,
2463 196 2467 -1,
193 196 2463 -1,
2467 201 2471 -1,
196 201 2467 -1,
2471 204 2474 -1,
201 204 2471 -1,
204 209 2474 -1,
2474 209 2479 -1,
209 213 2479 -1,
2479 213 2483 -1,
213 217 2483 -1,
2483 217 2487 -1,
217 220 2487 -1,
2487 220 2490 -1,
2490 224 2494 -1,
220 224 2490 -1,
2494 227 2497 -1,
224 227 2494 -1,
2497 230 2500 -1,
227 230 2497 -1,
2500 234 2504 -1,
230 234 2500 -1,
2504 235 2505 -1,
234 235 2504 -1,
2505 237 2507 -1,
235 237 2505 -1,
2507 239 2509 -1,
237 239 2507 -1,
2509 242 2512 -1,
239 242 2509 -1,
2512 243 2513 -1,
242 243 2512 -1,
2513 245 2515 -1,
243 245 2513 -1,
2515 247 2517 -1,
245 247 2515 -1,
2517 249 2519 -1,
247 249 2517 -1,
2519 251 2522 -1,
249 251 2519 -1,
2522 254 2524 -1,
251 254 2522 -1,
2524 255 2525 -1,
254 255 2524 -1,
2525 257 2527 -1,
255 257 2525 -1,
2527 259 2529 -1,
257 259 2527 -1,
2529 261 2531 -1,
259 261 2529 -1,
2531 264 2534 -1,
261 264 2531 -1,
2534 266 2536 -1,
264 266 2534 -1,
266 268 2536 -1,
2536 268 2538 -1,
268 269 2538 -1,
2538 269 2539 -1,
269 271 2539 -1,
2539 271 2542 -1,
271 274 2542 -1,
2542 274 2544 -1,
274 275 2544 -1,
2544 275 2545 -1,
275 277 2545 -1,
2545 277 2547 -1,
277 279 2547 -1,
2547 279 2550 -1,
279 282 2550 -1,
2550 282 2552 -1,
282 284 2552 -1,
2552 284 2554 -1,
284 285 2554 -1,
2554 285 2555 -1,
285 287 2555 -1,
2555 287 2557 -1,
287 289 2557 -1,
2557 289 2559 -1,
289 1217 2559 -1,
2559 1217 3486 -1,
3486 1218 3488 -1,
1217 1218 3486 -1,
3488 1228 3498 -1,
1218 1228 3488 -1,
1470 1475 3739 -1,
3739 1475 3745 -1,
3745 1478 3748 -1,
1475 1478 3745 -1,
3748 530 2800 -1,
1478 530 3748 -1,
2800 528 2798 -1,
530 528 2800 -1,
2798 526 2796 -1,
528 526 2798 -1,
2796 524 2794 -1,
2794 524 2791 -1,
526 524 2796 -1,
524 521 2791 -1,
2791 520 2790 -1,
521 520 2791 -1,
2790 517 2787 -1,
520 517 2790 -1,
2787 515 2785 -1,
517 515 2787 -1,
515 513 2785 -1,
2785 513 2783 -1,
513 512 2783 -1,
2783 512 2782 -1,
512 509 2782 -1,
2782 509 2779 -1,
509 507 2779 -1,
2779 507 2777 -1,
507 505 2777 -1,
2777 505 2775 -1,
505 504 2775 -1,
2775 504 2774 -1,
504 502 2774 -1,
2774 502 2772 -1,
502 500 2772 -1,
2772 500 2770 -1,
500 497 2770 -1,
2770 497 2767 -1,
2767 497 2766 -1,
497 496 2766 -1,
2766 496 2763 -1,
496 493 2763 -1,
493 492 2763 -1,
2763 492 2761 -1,
2761 490 2760 -1,
492 490 2761 -1,
2760 488 2758 -1,
490 488 2760 -1,
2758 486 2756 -1,
488 486 2758 -1,
2756 484 2754 -1,
486 484 2756 -1,
2754 482 2752 -1,
484 482 2754 -1,
2752 480 2750 -1,
482 480 2752 -1,
2750 477 2747 -1,
480 477 2750 -1,
2747 476 2745 -1,
477 476 2747 -1,
2745 474 2744 -1,
476 474 2745 -1,
2744 472 2742 -1,
2742 472 2738 -1,
474 472 2744 -1,
472 468 2738 -1,
2738 465 2735 -1,
468 465 2738 -1,
2735 460 2730 -1,
465 460 2735 -1,
2730 456 2726 -1,
460 456 2730 -1,
456 452 2726 -1,
2726 452 2722 -1,
452 449 2722 -1,
2722 449 2719 -1,
449 444 2719 -1,
2719 444 2714 -1,
444 437 2714 -1,
2714 437 2707 -1,
437 436 2707 -1,
2707 436 2705 -1,
2705 436 2699 -1,
436 429 2699 -1,
429 428 2699 -1,
2699 428 2697 -1,
428 424 2697 -1,
2697 424 2694 -1,
424 420 2694 -1,
2694 420 2690 -1,
420 416 2690 -1,
2690 416 2686 -1,
416 412 2686 -1,
2686 412 2681 -1,
412 414 2681 -1,
2681 414 2684 -1,
414 418 2684 -1,
2684 418 2687 -1,
418 422 2687 -1,
2687 422 2691 -1,
422 426 2691 -1,
2691 426 2695 -1,
426 431 2695 -1,
2695 431 2701 -1,
431 434 2701 -1,
2701 434 2703 -1,
434 439 2703 -1,
2703 439 2708 -1,
439 442 2708 -1,
2708 442 2711 -1,
442 446 2711 -1,
2711 446 2715 -1,
446 447 2715 -1,
2715 447 2717 -1,
2717 454 2723 -1,
447 454 2717 -1,
2723 458 2727 -1,
454 458 2723 -1,
2727 462 2731 -1,
458 462 2727 -1,
2731 463 2733 -1,
462 463 2731 -1,
463 470 2733 -1,
2733 470 2740 -1,
470 2269 2740 -1,
2740 2269 4538 -1,
2269 350 4538 -1,
4538 350 2621 -1,
350 346 2621 -1,
2621 346 2616 -1,
346 342 2616 -1,
2616 342 2613 -1,
342 339 2613 -1,
2613 339 2610 -1,
339 333 2610 -1,
2610 333 2604 -1,
333 330 2604 -1,
2604 330 2601 -1,
330 326 2601 -1,
2601 326 2596 -1,
326 321 2596 -1,
2596 321 2592 -1,
321 318 2592 -1,
2592 318 2589 -1,
318 314 2589 -1,
2589 314 2585 -1,
2585 314 2580 -1,
314 309 2580 -1,
2580 305 2576 -1,
309 305 2580 -1,
2576 301 2572 -1,
305 301 2576 -1,
2572 297 2568 -1,
301 297 2572 -1,
2568 294 2564 -1,
297 294 2568 -1,
2564 291 2562 -1,
294 291 2564 -1,
2562 295 2565 -1,
291 295 2562 -1,
2565 299 2569 -1,
295 299 2565 -1,
2569 303 2573 -1,
299 303 2569 -1,
2573 307 2577 -1,
303 307 2573 -1,
2577 311 2581 -1,
307 311 2577 -1,
2581 316 2586 -1,
311 316 2581 -1,
2586 320 2590 -1,
316 320 2586 -1,
2590 324 2594 -1,
320 324 2590 -1,
324 327 2594 -1,
2594 327 2597 -1,
327 332 2597 -1,
2597 332 2602 -1,
332 336 2602 -1,
2602 336 2606 -1,
336 341 2606 -1,
2606 341 2611 -1,
2611 344 2614 -1,
341 344 2611 -1,
2614 347 2617 -1,
344 347 2614 -1,
2617 352 2622 -1,
347 352 2617 -1,
2622 354 2624 -1,
352 354 2622 -1,
2624 355 2625 -1,
354 355 2624 -1,
2625 357 2627 -1,
355 357 2625 -1,
2627 359 2629 -1,
357 359 2627 -1,
2629 362 2632 -1,
359 362 2629 -1,
2632 363 2633 -1,
362 363 2632 -1,
2633 365 2635 -1,
363 365 2633 -1,
2635 367 2637 -1,
365 367 2635 -1,
2637 369 2639 -1,
367 369 2637 -1,
2639 371 2641 -1,
369 371 2639 -1,
2641 374 2644 -1,
371 374 2641 -1,
2644 375 2645 -1,
374 375 2644 -1,
2645 377 2647 -1,
375 377 2645 -1,
2647 380 2650 -1,
377 380 2647 -1,
2650 381 2651 -1,
380 381 2650 -1,
2651 383 2653 -1,
381 383 2651 -1,
2653 385 2655 -1,
383 385 2653 -1,
385 388 2655 -1,
2655 388 2658 -1,
388 389 2658 -1,
2658 389 2659 -1,
389 391 2659 -1,
2659 391 2661 -1,
391 393 2661 -1,
2661 393 2663 -1,
393 395 2663 -1,
2663 395 2665 -1,
395 397 2665 -1,
2665 397 2667 -1,
397 400 2667 -1,
2667 400 2670 -1,
400 402 2670 -1,
2670 402 2672 -1,
402 403 2672 -1,
2672 403 2673 -1,
403 405 2673 -1,
2673 405 2675 -1,
405 407 2675 -1,
2675 407 2677 -1,
407 409 2677 -1,
2677 409 2679 -1,
409 1463 2679 -1,
2679 1463 3732 -1,
3732 1464 3734 -1,
1463 1464 3732 -1,
3734 1470 3739 -1,
1464 1470 3734 -1,
860 861 3130 -1,
3130 861 3131 -1,
3131 862 3132 -1,
861 862 3131 -1,
3132 863 3133 -1,
862 863 3132 -1,
3133 864 3134 -1,
863 864 3133 -1,
3134 865 3135 -1,
864 865 3134 -1,
3135 1092 3362 -1,
3362 1092 3360 -1,
865 1092 3135 -1,
1092 1091 3360 -1,
3360 1087 3357 -1,
1091 1087 3360 -1,
3357 1083 3353 -1,
1087 1083 3357 -1,
3353 1080 3350 -1,
1083 1080 3353 -1,
1080 1075 3350 -1,
3350 1075 3345 -1,
1075 1072 3345 -1,
3345 1072 3342 -1,
1072 1064 3342 -1,
3342 1064 3334 -1,
1064 1060 3334 -1,
3334 1060 3330 -1,
1060 1056 3330 -1,
3330 1056 3326 -1,
1056 1055 3326 -1,
3326 1055 3324 -1,
1055 1048 3324 -1,
3324 1048 3318 -1,
1048 1047 3318 -1,
3318 1047 3316 -1,
1047 1044 3316 -1,
3316 1044 3314 -1,
3314 1044 3309 -1,
1044 1039 3309 -1,
3309 1039 3303 -1,
1039 1033 3303 -1,
1033 1032 3303 -1,
3303 1032 3301 -1,
3301 1024 3294 -1,
1032 1024 3301 -1,
3294 1023 3292 -1,
1024 1023 3294 -1,
3292 1019 3289 -1,
1023 1019 3292 -1,
3289 1015 3285 -1,
1019 1015 3289 -1,
3285 1011 3281 -1,
1015 1011 3285 -1,
3281 1007 3277 -1,
1011 1007 3281 -1,
3277 997 3267 -1,
1007 997 3277 -1,
3267 996 3266 -1,
997 996 3267 -1,
3266 985 3255 -1,
996 985 3266 -1,
3255 979 3249 -1,
3249 979 3247 -1,
985 979 3255 -1,
979 978 3247 -1,
3247 966 3236 -1,
978 966 3247 -1,
3236 965 3235 -1,
966 965 3236 -1,
3235 957 3227 -1,
965 957 3235 -1,
957 942 3227 -1,
3227 942 3212 -1,
942 941 3212 -1,
3212 941 3210 -1,
941 933 3210 -1,
3210 933 3203 -1,
933 924 3203 -1,
3203 924 3194 -1,
924 908 3194 -1,
3194 908 3178 -1,
3178 908 3176 -1,
908 907 3176 -1,
907 901 3176 -1,
3176 901 3171 -1,
901 885 3171 -1,
3171 885 3155 -1,
885 884 3155 -1,
3155 884 3154 -1,
884 875 3154 -1,
3154 875 3145 -1,
875 871 3145 -1,
3145 871 3140 -1,
871 873 3140 -1,
3140 873 3143 -1,
873 879 3143 -1,
3143 879 3148 -1,
879 880 3148 -1,
3148 880 3150 -1,
880 895 3150 -1,
3150 895 3165 -1,
895 903 3165 -1,
3165 903 3173 -1,
903 912 3173 -1,
3173 912 3181 -1,
912 919 3181 -1,
3181 919 3189 -1,
919 920 3189 -1,
3189 920 3190 -1,
920 935 3190 -1,
3190 935 3205 -1,
935 936 3205 -1,
3205 936 3206 -1,
3206 946 3215 -1,
936 946 3206 -1,
3215 959 3229 -1,
946 959 3215 -1,
3229 767 3037 -1,
959 767 3229 -1,
3037 762 3033 -1,
767 762 3037 -1,
762 759 3033 -1,
3033 759 3029 -1,
759 754 3029 -1,
3029 754 3025 -1,
754 748 3025 -1,
3025 748 3019 -1,
748 743 3019 -1,
3019 743 3014 -1,
743 739 3014 -1,
3014 739 3009 -1,
739 731 3009 -1,
3009 731 3001 -1,
731 724 3001 -1,
3001 724 2995 -1,
724 719 2995 -1,
2995 719 2989 -1,
719 714 2989 -1,
2989 714 2985 -1,
714 706 2985 -1,
2985 706 2977 -1,
706 701 2977 -1,
2977 701 2972 -1,
701 696 2972 -1,
2972 696 2966 -1,
2966 696 2958 -1,
696 687 2958 -1,
2958 681 2952 -1,
687 681 2958 -1,
2952 674 2945 -1,
681 674 2952 -1,
2945 663 2934 -1,
674 663 2945 -1,
2934 651 2922 -1,
663 651 2934 -1,
2922 654 2924 -1,
651 654 2922 -1,
2924 659 2929 -1,
654 659 2924 -1,
2929 668 2938 -1,
659 668 2929 -1,
2938 678 2948 -1,
668 678 2938 -1,
2948 684 2954 -1,
678 684 2948 -1,
2954 693 2963 -1,
684 693 2954 -1,
2963 789 3059 -1,
693 789 2963 -1,
3059 790 3060 -1,
789 790 3059 -1,
3060 791 3061 -1,
790 791 3060 -1,
791 792 3061 -1,
3061 792 3062 -1,
792 793 3062 -1,
3062 793 3063 -1,
793 794 3063 -1,
3063 794 3064 -1,
794 795 3064 -1,
3064 795 3065 -1,
3065 796 3066 -1,
795 796 3065 -1,
3066 797 3067 -1,
796 797 3066 -1,
3067 798 3068 -1,
797 798 3067 -1,
3068 799 3069 -1,
798 799 3068 -1,
3069 800 3070 -1,
799 800 3069 -1,
3070 782 3052 -1,
800 782 3070 -1,
3052 781 3051 -1,
782 781 3052 -1,
3051 783 3053 -1,
781 783 3051 -1,
3053 784 3054 -1,
783 784 3053 -1,
3054 785 3055 -1,
784 785 3054 -1,
3055 786 3056 -1,
785 786 3055 -1,
3056 787 3057 -1,
786 787 3056 -1,
3057 788 3058 -1,
787 788 3057 -1,
3058 801 3071 -1,
788 801 3058 -1,
3071 804 3074 -1,
801 804 3071 -1,
3074 809 3079 -1,
804 809 3074 -1,
3079 810 3080 -1,
809 810 3079 -1,
3080 813 3083 -1,
810 813 3080 -1,
3083 816 3086 -1,
813 816 3083 -1,
3086 819 3089 -1,
816 819 3086 -1,
819 822 3089 -1,
3089 822 3092 -1,
822 825 3092 -1,
3092 825 3095 -1,
825 829 3095 -1,
3095 829 3099 -1,
829 832 3099 -1,
3099 832 3102 -1,
832 834 3102 -1,
3102 834 3104 -1,
834 837 3104 -1,
3104 837 3107 -1,
837 840 3107 -1,
3107 840 3110 -1,
840 844 3110 -1,
3110 844 3114 -1,
844 847 3114 -1,
3114 847 3117 -1,
847 850 3117 -1,
3117 850 3120 -1,
850 852 3120 -1,
3120 852 3122 -1,
852 857 3122 -1,
3122 857 3127 -1,
857 858 3127 -1,
3127 858 3128 -1,
3128 859 3129 -1,
858 859 3128 -1,
3129 860 3130 -1,
859 860 3129 -1,
1109 1110 3379 -1,
3379 1110 3380 -1,
3380 1111 3381 -1,
1110 1111 3380 -1,
3381 1387 3657 -1,
1111 1387 3381 -1,
3657 1386 3655 -1,
1387 1386 3657 -1,
3655 1376 3646 -1,
1386 1376 3655 -1,
3646 1375 3644 -1,
3644 1375 3634 -1,
1376 1375 3646 -1,
1375 1364 3634 -1,
3634 1363 3632 -1,
1364 1363 3634 -1,
3632 1320 3590 -1,
1363 1320 3632 -1,
3590 1319 3588 -1,
1320 1319 3590 -1,
1319 1315 3588 -1,
3588 1315 3585 -1,
1315 1313 3585 -1,
3585 1313 3583 -1,
1313 1309 3583 -1,
3583 1309 3579 -1,
1309 1303 3579 -1,
3579 1303 3573 -1,
1303 1302 3573 -1,
3573 1302 3572 -1,
1302 1298 3572 -1,
3572 1298 3568 -1,
1298 1288 3568 -1,
3568 1288 3558 -1,
1288 1287 3558 -1,
3558 1287 3556 -1,
1287 1280 3556 -1,
3556 1280 3550 -1,
3550 1280 3549 -1,
1280 1279 3549 -1,
3549 1279 3545 -1,
1279 1275 3545 -1,
1275 1273 3545 -1,
3545 1273 3543 -1,
3543 1267 3537 -1,
1273 1267 3543 -1,
3537 1266 3536 -1,
1267 1266 3537 -1,
3536 1260 3530 -1,
1266 1260 3536 -1,
3530 1255 3525 -1,
1260 1255 3530 -1,
3525 1252 3522 -1,
1255 1252 3525 -1,
3522 1247 3517 -1,
1252 1247 3522 -1,
3517 1242 3512 -1,
1247 1242 3517 -1,
3512 1238 3508 -1,
1242 1238 3512 -1,
3508 1230 3500 -1,
1238 1230 3508 -1,
3500 1220 3490 -1,
3490 1220 3485 -1,
1230 1220 3500 -1,
1220 1215 3485 -1,
3485 1211 3481 -1,
1215 1211 3485 -1,
3481 1210 3480 -1,
1211 1210 3481 -1,
3480 1204 3474 -1,
1210 1204 3480 -1,
1204 1193 3474 -1,
3474 1193 3463 -1,
1193 1180 3463 -1,
3463 1180 3450 -1,
1180 1179 3450 -1,
3450 1179 3449 -1,
1179 1166 3449 -1,
3449 1166 3436 -1,
1166 1165 3436 -1,
3436 1165 3434 -1,
3434 1165 3425 -1,
1165 1155 3425 -1,
1155 1145 3425 -1,
3425 1145 3415 -1,
1145 1131 3415 -1,
3415 1131 3401 -1,
1131 1130 3401 -1,
3401 1130 3400 -1,
1130 1121 3400 -1,
3400 1121 3391 -1,
1121 1118 3391 -1,
3391 1118 3388 -1,
1118 1117 3388 -1,
3388 1117 3386 -1,
1117 1127 3386 -1,
3386 1127 3397 -1,
1127 1128 3397 -1,
3397 1128 3398 -1,
1128 1143 3398 -1,
3398 1143 3413 -1,
1143 1150 3413 -1,
3413 1150 3420 -1,
1150 1159 3420 -1,
3420 1159 3429 -1,
1159 1160 3429 -1,
3429 1160 3430 -1,
1160 1175 3430 -1,
3430 1175 3445 -1,
1175 1184 3445 -1,
3445 1184 3454 -1,
1184 1191 3454 -1,
3454 1191 3461 -1,
3461 1198 3467 -1,
1191 1198 3461 -1,
3467 1199 3469 -1,
1198 1199 3467 -1,
3469 1005 3275 -1,
1199 1005 3469 -1,
3275 1001 3272 -1,
1005 1001 3275 -1,
1001 993 3272 -1,
3272 993 3264 -1,
993 988 3264 -1,
3264 988 3258 -1,
988 982 3258 -1,
3258 982 3252 -1,
982 975 3252 -1,
3252 975 3246 -1,
975 969 3246 -1,
3246 969 3239 -1,
969 958 3239 -1,
3239 958 3228 -1,
958 951 3228 -1,
3228 951 3221 -1,
951 945 3221 -1,
3221 945 3216 -1,
945 934 3216 -1,
3216 934 3204 -1,
934 929 3204 -1,
3204 929 3199 -1,
929 918 3199 -1,
3199 918 3188 -1,
918 911 3188 -1,
3188 911 3182 -1,
3182 911 3172 -1,
911 902 3172 -1,
3172 894 3164 -1,
902 894 3172 -1,
3164 889 3159 -1,
894 889 3164 -1,
3159 878 3149 -1,
889 878 3159 -1,
3149 870 3141 -1,
878 870 3149 -1,
3141 872 3142 -1,
870 872 3141 -1,
3142 874 3144 -1,
872 874 3142 -1,
3144 883 3153 -1,
874 883 3144 -1,
3153 893 3163 -1,
883 893 3153 -1,
3163 900 3170 -1,
893 900 3163 -1,
3170 906 3177 -1,
900 906 3170 -1,
3177 915 3185 -1,
906 915 3177 -1,
3185 923 3193 -1,
915 923 3185 -1,
3193 932 3202 -1,
923 932 3193 -1,
932 940 3202 -1,
3202 940 3211 -1,
940 948 3211 -1,
3211 948 3218 -1,
948 956 3218 -1,
3218 956 3226 -1,
956 964 3226 -1,
3226 964 3234 -1,
3234 970 3240 -1,
964 970 3234 -1,
3240 977 3248 -1,
970 977 3240 -1,
3248 984 3254 -1,
977 984 3248 -1,
3254 990 3260 -1,
984 990 3254 -1,
3260 995 3265 -1,
990 995 3260 -1,
3265 1003 3273 -1,
995 1003 3265 -1,
3273 1006 3276 -1,
1003 1006 3273 -1,
3276 1010 3280 -1,
1006 1010 3276 -1,
3280 1014 3284 -1,
1010 1014 3280 -1,
3284 1018 3288 -1,
1014 1018 3284 -1,
3288 1022 3293 -1,
1018 1022 3288 -1,
3293 1028 3298 -1,
1022 1028 3293 -1,
3298 1031 3302 -1,
1028 1031 3298 -1,
3302 1035 3305 -1,
1031 1035 3302 -1,
3305 1038 3308 -1,
1035 1038 3305 -1,
3308 1043 3313 -1,
1038 1043 3308 -1,
3313 1046 3317 -1,
1043 1046 3313 -1,
3317 1051 3321 -1,
1046 1051 3317 -1,
3321 1054 3325 -1,
1051 1054 3321 -1,
3325 1059 3329 -1,
1054 1059 3325 -1,
1059 1063 3329 -1,
3329 1063 3333 -1,
1063 1067 3333 -1,
3333 1067 3337 -1,
1067 1071 3337 -1,
3337 1071 3341 -1,
1071 1074 3341 -1,
3341 1074 3344 -1,
1074 1079 3344 -1,
3344 1079 3349 -1,
1079 1082 3349 -1,
3349 1082 3352 -1,
1082 1086 3352 -1,
3352 1086 3356 -1,
1086 1090 3356 -1,
3356 1090 3361 -1,
1090 1095 3361 -1,
3361 1095 3365 -1,
1095 1098 3365 -1,
3365 1098 3368 -1,
1098 1101 3368 -1,
3368 1101 3371 -1,
1101 1106 3371 -1,
3371 1106 3376 -1,
1106 1107 3376 -1,
3376 1107 3377 -1,
3377 1108 3378 -1,
1107 1108 3377 -1,
3378 1109 3379 -1,
1108 1109 3378 -1,
1396 1537 3666 -1,
3666 1537 3807 -1,
3807 1535 3805 -1,
1537 1535 3807 -1,
3805 1532 3802 -1,
1535 1532 3805 -1,
3802 1530 3800 -1,
1532 1530 3802 -1,
3800 1528 3798 -1,
1530 1528 3800 -1,
3798 1527 3797 -1,
3797 1527 3794 -1,
1528 1527 3798 -1,
1527 1524 3794 -1,
3794 1523 3792 -1,
1524 1523 3794 -1,
3792 1520 3790 -1,
1523 1520 3792 -1,
3790 1519 3789 -1,
1520 1519 3790 -1,
1519 1517 3789 -1,
3789 1517 3787 -1,
1517 1515 3787 -1,
3787 1515 3785 -1,
1515 1513 3785 -1,
3785 1513 3783 -1,
1513 1511 3783 -1,
3783 1511 3781 -1,
1511 1508 3781 -1,
3781 1508 3778 -1,
1508 1507 3778 -1,
3778 1507 3776 -1,
1507 1504 3776 -1,
3776 1504 3774 -1,
1504 1502 3774 -1,
3774 1502 3772 -1,
1502 1501 3772 -1,
3772 1501 3771 -1,
3771 1501 3769 -1,
1501 1499 3769 -1,
3769 1499 3767 -1,
1499 1497 3767 -1,
1497 1494 3767 -1,
3767 1494 3764 -1,
3764 1493 3763 -1,
1494 1493 3764 -1,
3763 1491 3761 -1,
1493 1491 3763 -1,
3761 1489 3759 -1,
1491 1489 3761 -1,
3759 1487 3757 -1,
1489 1487 3759 -1,
3757 1485 3755 -1,
1487 1485 3757 -1,
3755 1483 3753 -1,
1485 1483 3755 -1,
3753 1480 3750 -1,
1483 1480 3753 -1,
3750 1473 3743 -1,
1480 1473 3750 -1,
3743 1472 3742 -1,
1473 1472 3743 -1,
3742 1466 3736 -1,
3736 1466 3731 -1,
1472 1466 3742 -1,
1466 1461 3731 -1,
3731 1458 3728 -1,
1461 1458 3731 -1,
3728 1457 3727 -1,
1458 1457 3728 -1,
3727 1453 3723 -1,
1457 1453 3727 -1,
1453 1450 3723 -1,
3723 1450 3720 -1,
1450 1442 3720 -1,
3720 1442 3712 -1,
1442 1441 3712 -1,
3712 1441 3711 -1,
1441 1435 3711 -1,
3711 1435 3705 -1,
1435 1430 3705 -1,
3705 1430 3700 -1,
3700 1430 3699 -1,
1430 1429 3699 -1,
1429 1425 3699 -1,
3699 1425 3695 -1,
1425 1419 3695 -1,
3695 1419 3689 -1,
1419 1414 3689 -1,
3689 1414 3684 -1,
1414 1413 3684 -1,
3684 1413 3683 -1,
1413 1410 3683 -1,
3683 1410 3680 -1,
1410 1409 3680 -1,
3680 1409 3678 -1,
1409 1416 3678 -1,
3678 1416 3685 -1,
1416 1417 3685 -1,
3685 1417 3687 -1,
1417 1423 3687 -1,
3687 1423 3692 -1,
1423 1427 3692 -1,
3692 1427 3696 -1,
1427 1432 3696 -1,
3696 1432 3701 -1,
1432 1433 3701 -1,
3701 1433 3703 -1,
1433 1439 3703 -1,
3703 1439 3708 -1,
1439 1444 3708 -1,
3708 1444 3713 -1,
1444 1447 3713 -1,
3713 1447 3716 -1,
3716 1448 3718 -1,
1447 1448 3716 -1,
3718 1455 3724 -1,
1448 1455 3718 -1,
3724 1245 3515 -1,
1455 1245 3724 -1,
3515 1239 3509 -1,
1245 1239 3515 -1,
1239 1233 3509 -1,
3509 1233 3503 -1,
1233 1227 3503 -1,
3503 1227 3497 -1,
1227 1223 3497 -1,
3497 1223 3493 -1,
1223 1216 3493 -1,
3493 1216 3487 -1,
1216 1212 3487 -1,
3487 1212 3482 -1,
1212 1205 3482 -1,
3482 1205 3475 -1,
1205 1197 3475 -1,
3475 1197 3468 -1,
1197 1190 3468 -1,
3468 1190 3460 -1,
1190 1183 3460 -1,
3460 1183 3453 -1,
1183 1174 3453 -1,
3453 1174 3444 -1,
1174 1167 3444 -1,
3444 1167 3437 -1,
1167 1158 3437 -1,
3437 1158 3428 -1,
3428 1158 3419 -1,
1158 1149 3419 -1,
3419 1142 3412 -1,
1149 1142 3419 -1,
3412 1135 3405 -1,
1142 1135 3412 -1,
3405 1126 3396 -1,
1135 1126 3405 -1,
3396 1116 3387 -1,
1126 1116 3396 -1,
3387 1119 3389 -1,
1116 1119 3387 -1,
3389 1120 3390 -1,
1119 1120 3389 -1,
3390 1129 3399 -1,
1120 1129 3390 -1,
3399 1139 3409 -1,
1129 1139 3399 -1,
3409 1144 3414 -1,
1139 1144 3409 -1,
3414 1154 3424 -1,
1144 1154 3414 -1,
3424 1164 3435 -1,
1154 1164 3424 -1,
3435 1171 3441 -1,
1164 1171 3435 -1,
3441 1178 3448 -1,
1171 1178 3441 -1,
1178 1185 3448 -1,
3448 1185 3455 -1,
1185 1192 3455 -1,
3455 1192 3462 -1,
1192 1203 3462 -1,
3462 1203 3473 -1,
1203 1209 3473 -1,
3473 1209 3479 -1,
3479 1214 3484 -1,
1209 1214 3479 -1,
3484 1219 3489 -1,
1214 1219 3484 -1,
3489 1226 3496 -1,
1219 1226 3489 -1,
3496 1229 3499 -1,
1226 1229 3496 -1,
3499 1237 3507 -1,
1229 1237 3499 -1,
3507 1241 3511 -1,
1237 1241 3507 -1,
3511 1246 3516 -1,
1241 1246 3511 -1,
3516 1251 3521 -1,
1246 1251 3516 -1,
3521 1254 3524 -1,
1251 1254 3521 -1,
3524 1259 3529 -1,
1254 1259 3524 -1,
3529 1265 3535 -1,
1259 1265 3529 -1,
3535 1268 3538 -1,
1265 1268 3535 -1,
3538 1272 3542 -1,
1268 1272 3538 -1,
3542 1274 3544 -1,
1272 1274 3542 -1,
3544 1278 3548 -1,
1274 1278 3544 -1,
3548 1285 3555 -1,
1278 1285 3548 -1,
3555 1286 3557 -1,
1285 1286 3555 -1,
3557 1293 3563 -1,
1286 1293 3557 -1,
3563 1297 3567 -1,
1293 1297 3563 -1,
3567 1301 3571 -1,
1297 1301 3567 -1,
1301 1304 3571 -1,
3571 1304 3574 -1,
1304 1308 3574 -1,
3574 1308 3578 -1,
1308 1312 3578 -1,
3578 1312 3582 -1,
1312 1314 3582 -1,
3582 1314 3584 -1,
1314 1318 3584 -1,
3584 1318 3589 -1,
1318 1360 3589 -1,
3589 1360 3630 -1,
1360 1362 3630 -1,
3630 1362 3633 -1,
1362 1368 3633 -1,
3633 1368 3638 -1,
1368 1374 3638 -1,
3638 1374 3645 -1,
1374 1381 3645 -1,
3645 1381 3651 -1,
1381 1385 3651 -1,
3651 1385 3656 -1,
1385 1390 3656 -1,
3656 1390 3660 -1,
1390 1392 3660 -1,
3660 1392 3662 -1,
3662 1394 3664 -1,
1392 1394 3662 -1,
3664 1396 3666 -1,
1394 1396 3664 -1,
2274 1666 4543 -1,
4543 1666 3936 -1,
3936 1665 3934 -1,
1666 1665 3936 -1,
3934 1662 3932 -1,
1665 1662 3934 -1,
3932 1660 3930 -1,
1662 1660 3932 -1,
3930 1658 3928 -1,
1660 1658 3930 -1,
3928 1657 3927 -1,
3927 1657 3924 -1,
1658 1657 3928 -1,
1657 1654 3924 -1,
3924 1653 3923 -1,
1654 1653 3924 -1,
3923 1650 3920 -1,
1653 1650 3923 -1,
3920 1648 3918 -1,
1650 1648 3920 -1,
1648 1647 3918 -1,
3918 1647 3917 -1,
1647 1644 3917 -1,
3917 1644 3914 -1,
1644 1643 3914 -1,
3914 1643 3913 -1,
1643 1640 3913 -1,
3913 1640 3910 -1,
1640 1639 3910 -1,
3910 1639 3909 -1,
1639 1637 3909 -1,
3909 1637 3907 -1,
1637 1634 3907 -1,
3907 1634 3904 -1,
1634 1633 3904 -1,
3904 1633 3903 -1,
1633 1631 3903 -1,
3903 1631 3901 -1,
3901 1631 3899 -1,
1631 1629 3899 -1,
3899 1629 3897 -1,
1629 1627 3897 -1,
1627 1625 3897 -1,
3897 1625 3895 -1,
3895 1623 3893 -1,
1625 1623 3895 -1,
3893 1621 3891 -1,
1623 1621 3893 -1,
3891 1618 3888 -1,
1621 1618 3891 -1,
3888 1617 3886 -1,
1618 1617 3888 -1,
3886 1615 3885 -1,
1617 1615 3886 -1,
3885 1611 3881 -1,
1615 1611 3885 -1,
3881 1607 3877 -1,
1611 1607 3881 -1,
3877 1603 3873 -1,
1607 1603 3877 -1,
3873 1599 3869 -1,
1603 1599 3873 -1,
3869 1595 3865 -1,
3865 1595 3863 -1,
1599 1595 3869 -1,
1595 1594 3863 -1,
3863 1588 3858 -1,
1594 1588 3863 -1,
3858 1587 3856 -1,
1588 1587 3858 -1,
3856 1584 3854 -1,
1587 1584 3856 -1,
1584 1579 3854 -1,
3854 1579 3849 -1,
1579 1576 3849 -1,
3849 1576 3846 -1,
1576 1571 3846 -1,
3846 1571 3841 -1,
1571 1567 3841 -1,
3841 1567 3837 -1,
1567 1560 3837 -1,
3837 1560 3830 -1,
3830 1560 3828 -1,
1560 1559 3828 -1,
1559 1555 3828 -1,
3828 1555 3825 -1,
1555 1549 3825 -1,
3825 1549 3819 -1,
1549 1548 3819 -1,
3819 1548 3817 -1,
1548 1543 3817 -1,
3817 1543 3813 -1,
1543 1539 3813 -1,
3813 1539 3808 -1,
1539 1541 3808 -1,
3808 1541 3811 -1,
1541 1545 3811 -1,
3811 1545 3815 -1,
1545 1546 3815 -1,
3815 1546 3816 -1,
1546 1553 3816 -1,
3816 1553 3822 -1,
1553 1557 3822 -1,
3822 1557 3826 -1,
1557 1562 3826 -1,
3826 1562 3831 -1,
1562 1565 3831 -1,
3831 1565 3834 -1,
1565 1569 3834 -1,
3834 1569 3838 -1,
1569 1573 3838 -1,
3838 1573 3842 -1,
1573 1574 3842 -1,
3842 1574 3844 -1,
3844 1581 3851 -1,
1574 1581 3844 -1,
3851 1582 3852 -1,
1581 1582 3851 -1,
3852 1481 3751 -1,
1582 1481 3852 -1,
3751 1477 3747 -1,
1481 1477 3751 -1,
1477 1474 3747 -1,
3747 1474 3744 -1,
1474 1469 3744 -1,
3744 1469 3740 -1,
1469 1467 3740 -1,
3740 1467 3737 -1,
1467 1462 3737 -1,
3737 1462 3733 -1,
1462 1459 3733 -1,
3733 1459 3729 -1,
1459 1454 3729 -1,
3729 1454 3725 -1,
1454 1451 3725 -1,
3725 1451 3721 -1,
1451 1446 3721 -1,
3721 1446 3717 -1,
1446 1443 3717 -1,
3717 1443 3714 -1,
1443 1438 3714 -1,
3714 1438 3709 -1,
1438 1436 3709 -1,
3709 1436 3706 -1,
1436 1431 3706 -1,
3706 1431 3702 -1,
3702 1431 3697 -1,
1431 1426 3697 -1,
3697 1422 3693 -1,
1426 1422 3697 -1,
3693 1420 3690 -1,
1422 1420 3693 -1,
3690 1415 3686 -1,
1420 1415 3690 -1,
3686 1408 3679 -1,
1415 1408 3686 -1,
3679 1411 3681 -1,
1408 1411 3679 -1,
3681 1412 3682 -1,
1411 1412 3681 -1,
3682 1418 3688 -1,
1412 1418 3682 -1,
3688 1421 3691 -1,
1418 1421 3688 -1,
3691 1424 3694 -1,
1421 1424 3691 -1,
3694 1428 3698 -1,
1424 1428 3694 -1,
3698 1434 3704 -1,
1428 1434 3698 -1,
3704 1437 3707 -1,
1434 1437 3704 -1,
3707 1440 3710 -1,
1437 1440 3707 -1,
1440 1445 3710 -1,
3710 1445 3715 -1,
1445 1449 3715 -1,
3715 1449 3719 -1,
1449 1452 3719 -1,
3719 1452 3722 -1,
1452 1456 3722 -1,
3722 1456 3726 -1,
3726 1460 3730 -1,
1456 1460 3726 -1,
3730 1465 3735 -1,
1460 1465 3730 -1,
3735 1468 3738 -1,
1465 1468 3735 -1,
3738 1471 3741 -1,
1468 1471 3738 -1,
3741 1476 3746 -1,
1471 1476 3741 -1,
3746 1479 3749 -1,
1476 1479 3746 -1,
3749 1482 3752 -1,
1479 1482 3749 -1,
3752 1484 3754 -1,
1482 1484 3752 -1,
3754 1486 3756 -1,
1484 1486 3754 -1,
3756 1488 3758 -1,
1486 1488 3756 -1,
3758 1490 3760 -1,
1488 1490 3758 -1,
3760 1492 3762 -1,
1490 1492 3760 -1,
3762 1495 3765 -1,
1492 1495 3762 -1,
3765 1496 3766 -1,
1495 1496 3765 -1,
3766 1498 3768 -1,
1496 1498 3766 -1,
3768 1500 3770 -1,
1498 1500 3768 -1,
3770 1503 3773 -1,
1500 1503 3770 -1,
3773 1505 3775 -1,
1503 1505 3773 -1,
3775 1506 3777 -1,
1505 1506 3775 -1,
3777 1509 3779 -1,
1506 1509 3777 -1,
1509 1510 3779 -1,
3779 1510 3780 -1,
1510 1512 3780 -1,
3780 1512 3782 -1,
1512 1514 3782 -1,
3782 1514 3784 -1,
1514 1516 3784 -1,
3784 1516 3786 -1,
1516 1518 3786 -1,
3786 1518 3788 -1,
1518 1521 3788 -1,
3788 1521 3791 -1,
1521 1522 3791 -1,
3791 1522 3793 -1,
1522 1525 3793 -1,
3793 1525 3795 -1,
1525 1526 3795 -1,
3795 1526 3796 -1,
1526 1529 3796 -1,
3796 1529 3799 -1,
1529 1531 3799 -1,
3799 1531 3801 -1,
1531 1533 3801 -1,
3801 1533 3803 -1,
1533 1534 3803 -1,
3803 1534 3804 -1,
3804 1536 3806 -1,
1534 1536 3804 -1,
3806 2274 4543 -1,
1536 2274 3806 -1,
1601 1605 3871 -1,
3871 1605 3874 -1,
3874 1609 3878 -1,
1605 1609 3874 -1,
3878 650 2920 -1,
1609 650 3878 -1,
2920 648 2918 -1,
650 648 2920 -1,
2918 646 2916 -1,
648 646 2918 -1,
2916 644 2914 -1,
2914 644 2912 -1,
646 644 2916 -1,
644 642 2912 -1,
2912 640 2910 -1,
642 640 2912 -1,
2910 638 2908 -1,
640 638 2910 -1,
2908 636 2906 -1,
638 636 2908 -1,
636 634 2906 -1,
2906 634 2904 -1,
634 631 2904 -1,
2904 631 2901 -1,
631 630 2901 -1,
2901 630 2899 -1,
630 628 2899 -1,
2899 628 2898 -1,
628 625 2898 -1,
2898 625 2895 -1,
625 624 2895 -1,
2895 624 2893 -1,
624 622 2893 -1,
2893 622 2892 -1,
622 620 2892 -1,
2892 620 2890 -1,
620 617 2890 -1,
2890 617 2887 -1,
2887 617 2885 -1,
617 616 2885 -1,
2885 616 2884 -1,
616 614 2884 -1,
614 611 2884 -1,
2884 611 2881 -1,
2881 610 2879 -1,
611 610 2881 -1,
2879 608 2878 -1,
610 608 2879 -1,
2878 605 2875 -1,
608 605 2878 -1,
2875 604 2874 -1,
605 604 2875 -1,
2874 602 2872 -1,
604 602 2874 -1,
2872 599 2869 -1,
602 599 2872 -1,
2869 598 2867 -1,
599 598 2869 -1,
2867 596 2866 -1,
598 596 2867 -1,
2866 593 2863 -1,
596 593 2866 -1,
2863 590 2860 -1,
2860 590 2858 -1,
593 590 2863 -1,
590 589 2858 -1,
2858 584 2854 -1,
589 584 2858 -1,
2854 580 2850 -1,
584 580 2854 -1,
2850 576 2846 -1,
580 576 2850 -1,
576 572 2846 -1,
2846 572 2842 -1,
572 568 2842 -1,
2842 568 2838 -1,
568 564 2838 -1,
2838 564 2834 -1,
564 560 2834 -1,
2834 560 2830 -1,
560 556 2830 -1,
2830 556 2826 -1,
2826 556 2822 -1,
556 552 2822 -1,
552 548 2822 -1,
2822 548 2818 -1,
548 544 2818 -1,
2818 544 2814 -1,
544 540 2814 -1,
2814 540 2810 -1,
540 536 2810 -1,
2810 536 2806 -1,
536 533 2806 -1,
2806 533 2803 -1,
533 532 2803 -1,
2803 532 2801 -1,
532 538 2801 -1,
2801 538 2807 -1,
538 542 2807 -1,
2807 542 2812 -1,
542 546 2812 -1,
2812 546 2816 -1,
546 550 2816 -1,
2816 550 2819 -1,
550 554 2819 -1,
2819 554 2824 -1,
554 558 2824 -1,
2824 558 2827 -1,
558 562 2827 -1,
2827 562 2831 -1,
562 566 2831 -1,
2831 566 2836 -1,
566 570 2836 -1,
2836 570 2840 -1,
2840 574 2843 -1,
570 574 2840 -1,
2843 578 2848 -1,
574 578 2843 -1,
2848 582 2852 -1,
578 582 2848 -1,
2852 586 2856 -1,
582 586 2852 -1,
586 587 2856 -1,
2856 587 2857 -1,
587 2270 2857 -1,
2857 2270 4539 -1,
2270 469 4539 -1,
4539 469 2739 -1,
469 466 2739 -1,
2739 466 2736 -1,
466 461 2736 -1,
2736 461 2732 -1,
461 457 2732 -1,
2732 457 2728 -1,
457 453 2728 -1,
2728 453 2724 -1,
453 450 2724 -1,
2724 450 2720 -1,
450 445 2720 -1,
2720 445 2716 -1,
445 441 2716 -1,
2716 441 2712 -1,
441 438 2712 -1,
2712 438 2709 -1,
438 433 2709 -1,
2709 433 2704 -1,
2704 433 2700 -1,
433 430 2700 -1,
2700 425 2696 -1,
430 425 2700 -1,
2696 421 2692 -1,
425 421 2696 -1,
2692 417 2688 -1,
421 417 2692 -1,
2688 411 2682 -1,
417 411 2688 -1,
2682 413 2683 -1,
411 413 2682 -1,
2683 415 2685 -1,
413 415 2683 -1,
2685 419 2689 -1,
415 419 2685 -1,
2689 423 2693 -1,
419 423 2689 -1,
2693 427 2698 -1,
423 427 2693 -1,
2698 432 2702 -1,
427 432 2698 -1,
2702 435 2706 -1,
432 435 2702 -1,
2706 440 2710 -1,
435 440 2706 -1,
2710 443 2713 -1,
440 443 2710 -1,
443 448 2713 -1,
2713 448 2718 -1,
448 451 2718 -1,
2718 451 2721 -1,
451 455 2721 -1,
2721 455 2725 -1,
455 459 2725 -1,
2725 459 2729 -1,
2729 464 2734 -1,
459 464 2729 -1,
2734 467 2737 -1,
464 467 2734 -1,
2737 471 2741 -1,
467 471 2737 -1,
2741 473 2743 -1,
471 473 2741 -1,
2743 475 2746 -1,
473 475 2743 -1,
2746 478 2748 -1,
475 478 2746 -1,
2748 479 2749 -1,
478 479 2748 -1,
2749 481 2751 -1,
479 481 2749 -1,
2751 483 2753 -1,
481 483 2751 -1,
2753 485 2755 -1,
483 485 2753 -1,
2755 487 2757 -1,
485 487 2755 -1,
2757 489 2759 -1,
487 489 2757 -1,
2759 491 2762 -1,
489 491 2759 -1,
2762 494 2764 -1,
491 494 2762 -1,
2764 495 2765 -1,
494 495 2764 -1,
2765 498 2768 -1,
495 498 2765 -1,
2768 499 2769 -1,
498 499 2768 -1,
2769 501 2771 -1,
499 501 2769 -1,
2771 503 2773 -1,
501 503 2771 -1,
2773 506 2776 -1,
503 506 2773 -1,
506 508 2776 -1,
2776 508 2778 -1,
508 510 2778 -1,
2778 510 2780 -1,
510 511 2780 -1,
2780 511 2781 -1,
511 514 2781 -1,
2781 514 2784 -1,
514 516 2784 -1,
2784 516 2786 -1,
516 518 2786 -1,
2786 518 2788 -1,
518 519 2788 -1,
2788 519 2789 -1,
519 522 2789 -1,
2789 522 2792 -1,
522 523 2792 -1,
2792 523 2793 -1,
523 525 2793 -1,
2793 525 2795 -1,
525 527 2795 -1,
2795 527 2797 -1,
527 529 2797 -1,
2797 529 2799 -1,
529 1592 2799 -1,
2799 1592 3862 -1,
3862 1597 3866 -1,
1592 1597 3862 -1,
3866 1601 3871 -1,
1597 1601 3866 -1,
1730 1734 3999 -1,
3999 1734 4004 -1,
4004 1739 4009 -1,
1734 1739 4004 -1,
4009 856 3126 -1,
1739 856 4009 -1,
3126 854 3124 -1,
856 854 3126 -1,
3124 849 3119 -1,
854 849 3124 -1,
3119 846 3116 -1,
3116 846 3113 -1,
849 846 3119 -1,
846 843 3113 -1,
3113 842 3111 -1,
843 842 3113 -1,
3111 839 3109 -1,
842 839 3111 -1,
3109 836 3106 -1,
839 836 3109 -1,
836 831 3106 -1,
3106 831 3101 -1,
831 828 3101 -1,
3101 828 3098 -1,
828 827 3098 -1,
3098 827 3097 -1,
827 824 3097 -1,
3097 824 3094 -1,
824 821 3094 -1,
3094 821 3091 -1,
821 818 3091 -1,
3091 818 3088 -1,
818 815 3088 -1,
3088 815 3085 -1,
815 812 3085 -1,
3085 812 3082 -1,
812 807 3082 -1,
3082 807 3077 -1,
3077 807 3076 -1,
807 806 3076 -1,
3076 806 3073 -1,
806 803 3073 -1,
803 780 3073 -1,
3073 780 3050 -1,
3050 778 3048 -1,
780 778 3050 -1,
3048 776 3046 -1,
778 776 3048 -1,
3046 774 3044 -1,
776 774 3046 -1,
3044 772 3042 -1,
774 772 3044 -1,
3042 770 3040 -1,
772 770 3042 -1,
3040 766 3036 -1,
770 766 3040 -1,
3036 765 3034 -1,
766 765 3036 -1,
3034 761 3031 -1,
765 761 3034 -1,
3031 758 3028 -1,
761 758 3031 -1,
3028 753 3023 -1,
3023 753 3017 -1,
758 753 3028 -1,
753 747 3017 -1,
3017 742 3012 -1,
747 742 3017 -1,
3012 735 3005 -1,
742 735 3012 -1,
3005 730 3000 -1,
735 730 3005 -1,
730 718 3000 -1,
3000 718 2988 -1,
718 717 2988 -1,
2988 717 2987 -1,
717 711 2987 -1,
2987 711 2981 -1,
711 700 2981 -1,
2981 700 2970 -1,
700 699 2970 -1,
2970 699 2968 -1,
2968 699 2965 -1,
699 695 2965 -1,
695 686 2965 -1,
2965 686 2956 -1,
686 673 2956 -1,
2956 673 2943 -1,
673 672 2943 -1,
2943 672 2942 -1,
672 662 2942 -1,
2942 662 2932 -1,
662 656 2932 -1,
2932 656 2925 -1,
656 658 2925 -1,
2925 658 2928 -1,
658 666 2928 -1,
2928 666 2936 -1,
666 667 2936 -1,
2936 667 2937 -1,
667 677 2937 -1,
2937 677 2947 -1,
677 691 2947 -1,
2947 691 2961 -1,
691 692 2961 -1,
2961 692 2962 -1,
692 704 2962 -1,
2962 704 2974 -1,
704 709 2974 -1,
2974 709 2978 -1,
709 713 2978 -1,
2978 713 2983 -1,
713 722 2983 -1,
2983 722 2992 -1,
2992 728 2998 -1,
722 728 2992 -1,
2998 733 3002 -1,
728 733 2998 -1,
3002 737 3007 -1,
733 737 3002 -1,
3007 738 3008 -1,
737 738 3007 -1,
738 751 3008 -1,
3008 751 3021 -1,
751 2271 3021 -1,
3021 2271 4540 -1,
2271 591 4540 -1,
4540 591 2861 -1,
591 585 2861 -1,
2861 585 2855 -1,
585 581 2855 -1,
2855 581 2851 -1,
581 577 2851 -1,
2851 577 2847 -1,
577 573 2847 -1,
2847 573 2844 -1,
573 569 2844 -1,
2844 569 2839 -1,
569 565 2839 -1,
2839 565 2835 -1,
565 561 2835 -1,
2835 561 2832 -1,
561 557 2832 -1,
2832 557 2828 -1,
557 553 2828 -1,
2828 553 2823 -1,
2823 553 2820 -1,
553 549 2820 -1,
2820 545 2815 -1,
549 545 2820 -1,
2815 541 2811 -1,
545 541 2815 -1,
2811 537 2808 -1,
541 537 2811 -1,
2808 531 2802 -1,
537 531 2808 -1,
2802 534 2804 -1,
531 534 2802 -1,
2804 535 2805 -1,
534 535 2804 -1,
2805 539 2809 -1,
535 539 2805 -1,
2809 543 2813 -1,
539 543 2809 -1,
2813 547 2817 -1,
543 547 2813 -1,
2817 551 2821 -1,
547 551 2817 -1,
2821 555 2825 -1,
551 555 2821 -1,
2825 559 2829 -1,
555 559 2825 -1,
2829 563 2833 -1,
559 563 2829 -1,
563 567 2833 -1,
2833 567 2837 -1,
567 571 2837 -1,
2837 571 2841 -1,
571 575 2841 -1,
2841 575 2845 -1,
575 579 2845 -1,
2845 579 2849 -1,
2849 583 2853 -1,
579 583 2849 -1,
2853 588 2859 -1,
583 588 2853 -1,
2859 592 2862 -1,
588 592 2859 -1,
2862 594 2864 -1,
592 594 2862 -1,
2864 595 2865 -1,
594 595 2864 -1,
2865 597 2868 -1,
595 597 2865 -1,
2868 600 2870 -1,
597 600 2868 -1,
2870 601 2871 -1,
600 601 2870 -1,
2871 603 2873 -1,
601 603 2871 -1,
2873 606 2876 -1,
603 606 2873 -1,
2876 607 2877 -1,
606 607 2876 -1,
2877 609 2880 -1,
607 609 2877 -1,
2880 612 2882 -1,
609 612 2880 -1,
2882 613 2883 -1,
612 613 2882 -1,
2883 615 2886 -1,
613 615 2883 -1,
2886 618 2888 -1,
615 618 2886 -1,
2888 619 2889 -1,
618 619 2888 -1,
2889 621 2891 -1,
619 621 2889 -1,
2891 623 2894 -1,
621 623 2891 -1,
2894 626 2896 -1,
623 626 2894 -1,
626 627 2896 -1,
2896 627 2897 -1,
627 629 2897 -1,
2897 629 2900 -1,
629 632 2900 -1,
2900 632 2902 -1,
632 633 2902 -1,
2902 633 2903 -1,
633 635 2903 -1,
2903 635 2905 -1,
635 637 2905 -1,
2905 637 2907 -1,
637 639 2907 -1,
2907 639 2909 -1,
639 641 2909 -1,
2909 641 2911 -1,
641 643 2911 -1,
2911 643 2913 -1,
643 645 2913 -1,
2913 645 2915 -1,
645 647 2915 -1,
2915 647 2917 -1,
647 649 2917 -1,
2917 649 2919 -1,
649 1722 2919 -1,
2919 1722 3991 -1,
3991 1723 3993 -1,
1722 1723 3991 -1,
3993 1730 3999 -1,
1723 1730 3993 -1,
1860 1865 4130 -1,
4130 1865 4134 -1,
4134 1866 4136 -1,
1865 1866 4134 -1,
4136 1104 3374 -1,
1866 1104 4136 -1,
3374 1103 3373 -1,
1104 1103 3374 -1,
3373 1100 3370 -1,
1103 1100 3373 -1,
3370 1097 3367 -1,
3367 1097 3364 -1,
1100 1097 3370 -1,
1097 1094 3364 -1,
3364 1089 3359 -1,
1094 1089 3364 -1,
3359 1085 3355 -1,
1089 1085 3359 -1,
3355 1078 3348 -1,
1085 1078 3355 -1,
1078 1077 3348 -1,
3348 1077 3347 -1,
1077 1070 3347 -1,
3347 1070 3340 -1,
1070 1069 3340 -1,
3340 1069 3339 -1,
1069 1066 3339 -1,
3339 1066 3336 -1,
1066 1062 3336 -1,
3336 1062 3332 -1,
1062 1058 3332 -1,
3332 1058 3328 -1,
1058 1053 3328 -1,
3328 1053 3323 -1,
1053 1050 3323 -1,
3323 1050 3320 -1,
1050 1042 3320 -1,
3320 1042 3312 -1,
3312 1042 3311 -1,
1042 1041 3311 -1,
3311 1041 3307 -1,
1041 1037 3307 -1,
1037 1030 3307 -1,
3307 1030 3300 -1,
3300 1027 3297 -1,
1030 1027 3300 -1,
3297 1026 3296 -1,
1027 1026 3297 -1,
3296 1021 3291 -1,
1026 1021 3296 -1,
3291 1017 3287 -1,
1021 1017 3291 -1,
3287 1013 3283 -1,
1017 1013 3287 -1,
3283 1009 3279 -1,
1013 1009 3283 -1,
3279 1000 3270 -1,
1009 1000 3279 -1,
3270 999 3268 -1,
1000 999 3270 -1,
3268 992 3262 -1,
999 992 3268 -1,
3262 987 3257 -1,
3257 987 3251 -1,
992 987 3262 -1,
987 981 3251 -1,
3251 972 3242 -1,
981 972 3251 -1,
3242 963 3233 -1,
972 963 3242 -1,
3233 955 3225 -1,
963 955 3233 -1,
955 950 3225 -1,
3225 950 3220 -1,
950 944 3220 -1,
3220 944 3214 -1,
944 931 3214 -1,
3214 931 3201 -1,
931 926 3201 -1,
3201 926 3196 -1,
926 917 3196 -1,
3196 917 3187 -1,
3187 917 3180 -1,
917 910 3180 -1,
910 899 3180 -1,
3180 899 3169 -1,
899 888 3169 -1,
3169 888 3158 -1,
888 887 3158 -1,
3158 887 3157 -1,
887 877 3157 -1,
3157 877 3147 -1,
877 868 3147 -1,
3147 868 3138 -1,
868 867 3138 -1,
3138 867 3136 -1,
867 882 3136 -1,
3136 882 3151 -1,
882 891 3151 -1,
3151 891 3160 -1,
891 897 3160 -1,
3160 897 3166 -1,
897 905 3166 -1,
3166 905 3174 -1,
905 914 3174 -1,
3174 914 3183 -1,
914 922 3183 -1,
3183 922 3191 -1,
922 928 3191 -1,
3191 928 3197 -1,
928 938 3197 -1,
3197 938 3207 -1,
938 939 3207 -1,
3207 939 3209 -1,
3209 953 3222 -1,
939 953 3209 -1,
3222 961 3230 -1,
953 961 3222 -1,
3230 968 3237 -1,
961 968 3230 -1,
3237 974 3243 -1,
968 974 3237 -1,
974 1323 3243 -1,
3243 1323 3593 -1,
1323 1324 3593 -1,
3593 1324 3594 -1,
1324 750 3594 -1,
3594 750 3020 -1,
750 745 3020 -1,
3020 745 3015 -1,
745 736 3015 -1,
3015 736 3006 -1,
736 732 3006 -1,
3006 732 3003 -1,
732 727 3003 -1,
3003 727 2997 -1,
727 721 2997 -1,
2997 721 2991 -1,
721 712 2991 -1,
2991 712 2982 -1,
712 708 2982 -1,
2982 708 2979 -1,
708 703 2979 -1,
2979 703 2973 -1,
703 697 2973 -1,
2973 697 2967 -1,
2967 697 2960 -1,
697 690 2960 -1,
2960 683 2953 -1,
690 683 2960 -1,
2953 676 2946 -1,
683 676 2953 -1,
2946 665 2935 -1,
676 665 2946 -1,
2935 655 2926 -1,
665 655 2935 -1,
2926 657 2927 -1,
655 657 2926 -1,
2927 661 2931 -1,
657 661 2927 -1,
2931 671 2941 -1,
661 671 2931 -1,
2941 680 2950 -1,
671 680 2941 -1,
2950 685 2955 -1,
680 685 2950 -1,
2955 694 2964 -1,
685 694 2955 -1,
2964 698 2969 -1,
694 698 2964 -1,
2969 705 2975 -1,
698 705 2969 -1,
2975 710 2980 -1,
705 710 2975 -1,
710 716 2980 -1,
2980 716 2986 -1,
716 723 2986 -1,
2986 723 2993 -1,
723 729 2993 -1,
2993 729 2999 -1,
729 734 2999 -1,
2999 734 3004 -1,
3004 741 3011 -1,
734 741 3004 -1,
3011 746 3016 -1,
741 746 3011 -1,
3016 752 3022 -1,
746 752 3016 -1,
3022 757 3027 -1,
752 757 3022 -1,
3027 760 3030 -1,
757 760 3027 -1,
3030 764 3035 -1,
760 764 3030 -1,
3035 768 3038 -1,
764 768 3035 -1,
3038 769 3039 -1,
768 769 3038 -1,
3039 771 3041 -1,
769 771 3039 -1,
3041 773 3043 -1,
771 773 3041 -1,
3043 775 3045 -1,
773 775 3043 -1,
3045 777 3047 -1,
775 777 3045 -1,
3047 779 3049 -1,
777 779 3047 -1,
3049 802 3072 -1,
779 802 3049 -1,
3072 805 3075 -1,
802 805 3072 -1,
3075 808 3078 -1,
805 808 3075 -1,
3078 811 3081 -1,
808 811 3078 -1,
3081 814 3084 -1,
811 814 3081 -1,
3084 817 3087 -1,
814 817 3084 -1,
3087 820 3090 -1,
817 820 3087 -1,
820 823 3090 -1,
3090 823 3093 -1,
823 826 3093 -1,
3093 826 3096 -1,
826 830 3096 -1,
3096 830 3100 -1,
830 833 3100 -1,
3100 833 3103 -1,
833 835 3103 -1,
3103 835 3105 -1,
835 838 3105 -1,
3105 838 3108 -1,
838 841 3108 -1,
3108 841 3112 -1,
841 845 3112 -1,
3112 845 3115 -1,
845 848 3115 -1,
3115 848 3118 -1,
848 851 3118 -1,
3118 851 3121 -1,
851 853 3121 -1,
3121 853 3123 -1,
853 855 3123 -1,
3123 855 3125 -1,
855 1853 3125 -1,
3125 1853 4123 -1,
4123 1857 4127 -1,
1853 1857 4123 -1,
4127 1860 4130 -1,
1857 1860 4127 -1,
1990 1994 4259 -1,
4259 1994 4263 -1,
4263 1998 4268 -1,
1994 1998 4263 -1,
4268 1384 3654 -1,
1998 1384 4268 -1,
3654 1380 3650 -1,
1384 1380 3654 -1,
3650 1379 3648 -1,
1380 1379 3650 -1,
3648 1373 3643 -1,
3643 1373 3640 -1,
1379 1373 3648 -1,
1373 1370 3640 -1,
3640 1366 3636 -1,
1370 1366 3640 -1,
3636 1359 3629 -1,
1366 1359 3636 -1,
3629 1322 3592 -1,
1359 1322 3629 -1,
1322 1317 3592 -1,
3592 1317 3587 -1,
1317 1311 3587 -1,
3587 1311 3581 -1,
1311 1306 3581 -1,
3581 1306 3576 -1,
1306 1300 3576 -1,
3576 1300 3570 -1,
1300 1296 3570 -1,
3570 1296 3566 -1,
1296 1295 3566 -1,
3566 1295 3564 -1,
1295 1292 3564 -1,
3564 1292 3562 -1,
1292 1290 3562 -1,
3562 1290 3560 -1,
1290 1283 3560 -1,
3560 1283 3553 -1,
3553 1283 3552 -1,
1283 1282 3552 -1,
3552 1282 3547 -1,
1282 1277 3547 -1,
1277 1270 3547 -1,
3547 1270 3540 -1,
3540 1264 3534 -1,
1270 1264 3540 -1,
3534 1263 3532 -1,
1264 1263 3534 -1,
3532 1258 3528 -1,
1263 1258 3532 -1,
3528 1257 3526 -1,
1258 1257 3528 -1,
3526 1250 3520 -1,
1257 1250 3526 -1,
3520 1249 3518 -1,
1250 1249 3520 -1,
3518 1244 3514 -1,
1249 1244 3518 -1,
3514 1236 3506 -1,
1244 1236 3514 -1,
3506 1232 3502 -1,
1236 1232 3506 -1,
3502 1225 3495 -1,
3495 1225 3492 -1,
1232 1225 3502 -1,
1225 1222 3492 -1,
3492 1208 3478 -1,
1222 1208 3492 -1,
3478 1207 3476 -1,
1208 1207 3478 -1,
3476 1196 3466 -1,
1207 1196 3476 -1,
1196 1195 3466 -1,
3466 1195 3464 -1,
1195 1187 3464 -1,
3464 1187 3457 -1,
1187 1177 3457 -1,
3457 1177 3447 -1,
1177 1163 3447 -1,
3447 1163 3433 -1,
1163 1162 3433 -1,
3433 1162 3431 -1,
3431 1162 3418 -1,
1162 1148 3418 -1,
1148 1147 3418 -1,
3418 1147 3416 -1,
1147 1134 3416 -1,
3416 1134 3404 -1,
1134 1133 3404 -1,
3404 1133 3402 -1,
1133 1123 3402 -1,
3402 1123 3393 -1,
1123 1114 3393 -1,
3393 1114 3384 -1,
1114 1113 3384 -1,
3384 1113 3382 -1,
1113 1125 3382 -1,
3382 1125 3394 -1,
1125 1137 3394 -1,
3394 1137 3406 -1,
1137 1138 3406 -1,
3406 1138 3408 -1,
1138 1152 3408 -1,
3408 1152 3421 -1,
1152 1157 3421 -1,
3421 1157 3426 -1,
1157 1169 3426 -1,
3426 1169 3438 -1,
1169 1173 3438 -1,
3438 1173 3442 -1,
1173 1182 3442 -1,
3442 1182 3452 -1,
1182 1189 3452 -1,
3452 1189 3458 -1,
3458 1201 3470 -1,
1189 1201 3458 -1,
3470 1325 3595 -1,
1201 1325 3470 -1,
3595 1326 3596 -1,
1325 1326 3595 -1,
3596 1327 3597 -1,
1326 1327 3596 -1,
1327 1328 3597 -1,
3597 1328 3598 -1,
1328 1329 3598 -1,
3598 1329 3599 -1,
1329 1330 3599 -1,
3599 1330 3600 -1,
1330 973 3600 -1,
3600 973 3244 -1,
973 967 3244 -1,
3244 967 3238 -1,
967 960 3238 -1,
3238 960 3231 -1,
960 952 3231 -1,
3231 952 3223 -1,
952 947 3223 -1,
3223 947 3217 -1,
947 937 3217 -1,
3217 937 3208 -1,
937 927 3208 -1,
3208 927 3198 -1,
927 921 3198 -1,
3198 921 3192 -1,
921 913 3192 -1,
3192 913 3184 -1,
3184 913 3175 -1,
913 904 3175 -1,
3175 896 3167 -1,
904 896 3175 -1,
3167 890 3161 -1,
896 890 3167 -1,
3161 881 3152 -1,
890 881 3161 -1,
3152 869 3139 -1,
881 869 3152 -1,
3139 866 3137 -1,
869 866 3139 -1,
3137 876 3146 -1,
866 876 3137 -1,
3146 886 3156 -1,
876 886 3146 -1,
3156 892 3162 -1,
886 892 3156 -1,
3162 898 3168 -1,
892 898 3162 -1,
3168 909 3179 -1,
898 909 3168 -1,
3179 916 3186 -1,
909 916 3179 -1,
3186 925 3195 -1,
916 925 3186 -1,
3195 930 3200 -1,
925 930 3195 -1,
930 943 3200 -1,
3200 943 3213 -1,
943 949 3213 -1,
3213 949 3219 -1,
949 954 3219 -1,
3219 954 3224 -1,
954 962 3224 -1,
3224 962 3232 -1,
3232 971 3241 -1,
962 971 3232 -1,
3241 980 3250 -1,
971 980 3241 -1,
3250 986 3256 -1,
980 986 3250 -1,
3256 991 3261 -1,
986 991 3256 -1,
3261 998 3269 -1,
991 998 3261 -1,
3269 1004 3274 -1,
998 1004 3269 -1,
3274 1008 3278 -1,
1004 1008 3274 -1,
3278 1012 3282 -1,
1008 1012 3278 -1,
3282 1016 3286 -1,
1012 1016 3282 -1,
3286 1020 3290 -1,
1016 1020 3286 -1,
3290 1025 3295 -1,
1020 1025 3290 -1,
3295 1029 3299 -1,
1025 1029 3295 -1,
3299 1034 3304 -1,
1029 1034 3299 -1,
3304 1036 3306 -1,
1034 1036 3304 -1,
3306 1040 3310 -1,
1036 1040 3306 -1,
3310 1045 3315 -1,
1040 1045 3310 -1,
3315 1049 3319 -1,
1045 1049 3315 -1,
3319 1052 3322 -1,
1049 1052 3319 -1,
3322 1057 3327 -1,
1052 1057 3322 -1,
3327 1061 3331 -1,
1057 1061 3327 -1,
1061 1065 3331 -1,
3331 1065 3335 -1,
1065 1068 3335 -1,
3335 1068 3338 -1,
1068 1073 3338 -1,
3338 1073 3343 -1,
1073 1076 3343 -1,
3343 1076 3346 -1,
1076 1081 3346 -1,
3346 1081 3351 -1,
1081 1084 3351 -1,
3351 1084 3354 -1,
1084 1088 3354 -1,
3354 1088 3358 -1,
1088 1093 3358 -1,
3358 1093 3363 -1,
1093 1096 3363 -1,
3363 1096 3366 -1,
1096 1099 3366 -1,
3366 1099 3369 -1,
1099 1102 3369 -1,
3369 1102 3372 -1,
1102 1105 3372 -1,
3372 1105 3375 -1,
1105 1982 3375 -1,
3375 1982 4252 -1,
4252 1986 4255 -1,
1982 1986 4252 -1,
4255 1990 4259 -1,
1986 1990 4255 -1,
2119 2122 4388 -1,
4388 2122 4391 -1,
4391 2126 4395 -1,
2122 2126 4391 -1,
4395 2130 4399 -1,
2126 2130 4395 -1,
4399 2134 4403 -1,
2130 2134 4399 -1,
4403 2138 4408 -1,
2134 2138 4403 -1,
4408 2142 4411 -1,
4411 2142 4416 -1,
2138 2142 4408 -1,
2142 2147 4416 -1,
4416 2148 4418 -1,
2147 2148 4416 -1,
4418 2154 4423 -1,
2148 2154 4418 -1,
4423 2158 4427 -1,
2154 2158 4423 -1,
2158 2162 4427 -1,
4427 2162 4431 -1,
2162 2167 4431 -1,
4431 2167 4436 -1,
2167 2171 4436 -1,
4436 2171 4440 -1,
2171 2175 4440 -1,
4440 2175 4444 -1,
2175 2178 4444 -1,
4444 2178 4448 -1,
2178 2182 4448 -1,
4448 2182 4451 -1,
2182 2183 4451 -1,
4451 2183 4453 -1,
2183 2190 4453 -1,
4453 2190 4459 -1,
2190 2195 4459 -1,
4459 2195 4464 -1,
4464 2195 4468 -1,
2195 2198 4468 -1,
4468 2198 3677 -1,
2198 1407 3677 -1,
1407 1406 3677 -1,
3677 1406 3676 -1,
3676 1405 3675 -1,
1406 1405 3676 -1,
3675 1404 3674 -1,
1405 1404 3675 -1,
3674 1403 3673 -1,
1404 1403 3674 -1,
3673 1402 3672 -1,
1403 1402 3673 -1,
3672 1401 3671 -1,
1402 1401 3672 -1,
3671 1400 3670 -1,
1401 1400 3671 -1,
3670 1399 3669 -1,
1400 1399 3670 -1,
3669 1398 3668 -1,
1399 1398 3669 -1,
3668 1397 3667 -1,
1398 1397 3668 -1,
3667 1395 3665 -1,
3665 1395 3663 -1,
1397 1395 3667 -1,
1395 1393 3663 -1,
3663 1391 3661 -1,
1393 1391 3663 -1,
3661 1388 3658 -1,
1391 1388 3661 -1,
3658 1382 3652 -1,
1388 1382 3658 -1,
1382 1377 3652 -1,
3652 1377 3647 -1,
1377 1371 3647 -1,
3647 1371 3641 -1,
1371 1367 3641 -1,
3641 1367 3637 -1,
1367 1361 3637 -1,
3637 1361 3631 -1,
1361 1357 3631 -1,
3631 1357 3627 -1,
3627 1357 3602 -1,
1357 1332 3602 -1,
1332 1331 3602 -1,
3602 1331 3601 -1,
1331 1333 3601 -1,
3601 1333 3603 -1,
1333 1334 3603 -1,
3603 1334 3604 -1,
1334 1335 3604 -1,
3604 1335 3605 -1,
1335 1336 3605 -1,
3605 1336 3606 -1,
1336 1337 3606 -1,
3606 1337 3607 -1,
1337 1338 3607 -1,
3607 1338 3608 -1,
1338 1339 3608 -1,
3608 1339 3609 -1,
1339 1340 3609 -1,
3609 1340 3610 -1,
1340 1341 3610 -1,
3610 1341 3611 -1,
1341 1342 3611 -1,
3611 1342 3612 -1,
1342 1343 3612 -1,
3612 1343 3613 -1,
1343 1344 3613 -1,
3613 1344 3614 -1,
1344 1345 3614 -1,
3614 1345 3615 -1,
1345 1346 3615 -1,
3615 1346 3616 -1,
3616 1347 3617 -1,
1346 1347 3616 -1,
3617 1348 3618 -1,
1347 1348 3617 -1,
3618 1349 3619 -1,
1348 1349 3618 -1,
3619 1350 3620 -1,
1349 1350 3619 -1,
1350 1351 3620 -1,
3620 1351 3621 -1,
1351 1352 3621 -1,
3621 1352 3622 -1,
1352 1353 3622 -1,
3622 1353 3623 -1,
1353 1354 3623 -1,
3623 1354 3624 -1,
1354 1355 3624 -1,
3624 1355 3625 -1,
1355 1356 3625 -1,
3625 1356 3626 -1,
1356 1200 3626 -1,
3626 1200 3471 -1,
1200 1188 3471 -1,
3471 1188 3459 -1,
1188 1181 3459 -1,
3459 1181 3451 -1,
1181 1172 3451 -1,
3451 1172 3443 -1,
1172 1168 3443 -1,
3443 1168 3439 -1,
1168 1156 3439 -1,
3439 1156 3427 -1,
3427 1156 3422 -1,
1156 1151 3422 -1,
3422 1141 3411 -1,
1151 1141 3422 -1,
3411 1136 3407 -1,
1141 1136 3411 -1,
3407 1124 3395 -1,
1136 1124 3407 -1,
3395 1115 3385 -1,
1124 1115 3395 -1,
3385 1112 3383 -1,
1115 1112 3385 -1,
3383 1122 3392 -1,
1112 1122 3383 -1,
3392 1132 3403 -1,
1122 1132 3392 -1,
3403 1140 3410 -1,
1132 1140 3403 -1,
3410 1146 3417 -1,
1140 1146 3410 -1,
3417 1153 3423 -1,
1146 1153 3417 -1,
3423 1161 3432 -1,
1153 1161 3423 -1,
3432 1170 3440 -1,
1161 1170 3432 -1,
3440 1176 3446 -1,
1170 1176 3440 -1,
1176 1186 3446 -1,
3446 1186 3456 -1,
1186 1194 3456 -1,
3456 1194 3465 -1,
1194 1202 3465 -1,
3465 1202 3472 -1,
1202 1206 3472 -1,
3472 1206 3477 -1,
3477 1213 3483 -1,
1206 1213 3477 -1,
3483 1221 3491 -1,
1213 1221 3483 -1,
3491 1224 3494 -1,
1221 1224 3491 -1,
3494 1231 3501 -1,
1224 1231 3494 -1,
3501 1235 3505 -1,
1231 1235 3501 -1,
3505 1243 3513 -1,
1235 1243 3505 -1,
3513 1248 3519 -1,
1243 1248 3513 -1,
3519 1253 3523 -1,
1248 1253 3519 -1,
3523 1256 3527 -1,
1253 1256 3523 -1,
3527 1261 3531 -1,
1256 1261 3527 -1,
3531 1262 3533 -1,
1261 1262 3531 -1,
3533 1269 3539 -1,
1262 1269 3533 -1,
3539 1271 3541 -1,
1269 1271 3539 -1,
3541 1276 3546 -1,
1271 1276 3541 -1,
3546 1281 3551 -1,
1276 1281 3546 -1,
3551 1284 3554 -1,
1281 1284 3551 -1,
3554 1289 3559 -1,
1284 1289 3554 -1,
3559 1291 3561 -1,
1289 1291 3559 -1,
3561 1294 3565 -1,
1291 1294 3561 -1,
3565 1299 3569 -1,
1294 1299 3565 -1,
1299 1305 3569 -1,
3569 1305 3575 -1,
1305 1307 3575 -1,
3575 1307 3577 -1,
1307 1310 3577 -1,
3577 1310 3580 -1,
1310 1316 3580 -1,
3580 1316 3586 -1,
1316 1321 3586 -1,
3586 1321 3591 -1,
1321 1358 3591 -1,
3591 1358 3628 -1,
1358 1365 3628 -1,
3628 1365 3635 -1,
1365 1369 3635 -1,
3635 1369 3639 -1,
1369 1372 3639 -1,
3639 1372 3642 -1,
1372 1378 3642 -1,
3642 1378 3649 -1,
1378 1383 3649 -1,
3649 1383 3653 -1,
1383 1389 3653 -1,
3653 1389 3659 -1,
1389 2110 3659 -1,
3659 2110 4379 -1,
4379 2114 4383 -1,
2110 2114 4379 -1,
4383 2119 4388 -1,
2114 2119 4383 -1,
2273 1796 4542 -1,
4542 1796 4066 -1,
4066 1794 4064 -1,
1796 1794 4066 -1,
4064 1792 4062 -1,
1794 1792 4064 -1,
4062 1790 4060 -1,
1792 1790 4062 -1,
4060 1788 4058 -1,
1790 1788 4060 -1,
4058 1786 4056 -1,
4056 1786 4054 -1,
1788 1786 4058 -1,
1786 1785 4054 -1,
4054 1783 4053 -1,
1785 1783 4054 -1,
4053 1780 4050 -1,
1783 1780 4053 -1,
4050 1779 4048 -1,
1780 1779 4050 -1,
1779 1777 4048 -1,
4048 1777 4047 -1,
1777 1775 4047 -1,
4047 1775 4045 -1,
1775 1772 4045 -1,
4045 1772 4042 -1,
1772 1770 4042 -1,
4042 1770 4040 -1,
1770 1768 4040 -1,
4040 1768 4038 -1,
1768 1766 4038 -1,
4038 1766 4036 -1,
1766 1765 4036 -1,
4036 1765 4035 -1,
1765 1763 4035 -1,
4035 1763 4033 -1,
1763 1761 4033 -1,
4033 1761 4031 -1,
4031 1761 4028 -1,
1761 1758 4028 -1,
4028 1758 4027 -1,
1758 1757 4027 -1,
1757 1755 4027 -1,
4027 1755 4025 -1,
4025 1753 4023 -1,
1755 1753 4025 -1,
4023 1751 4021 -1,
1753 1751 4023 -1,
4021 1749 4019 -1,
1751 1749 4021 -1,
4019 1747 4017 -1,
1749 1747 4019 -1,
4017 1744 4014 -1,
1747 1744 4017 -1,
4014 1743 4013 -1,
1744 1743 4014 -1,
4013 1737 4007 -1,
1743 1737 4013 -1,
4007 1736 4006 -1,
1737 1736 4007 -1,
4006 1732 4002 -1,
1736 1732 4006 -1,
4002 1728 3998 -1,
3998 1728 3995 -1,
1732 1728 4002 -1,
1728 1725 3995 -1,
3995 1718 3988 -1,
1725 1718 3995 -1,
3988 1717 3987 -1,
1718 1717 3988 -1,
3987 1711 3981 -1,
1717 1711 3987 -1,
1711 1707 3981 -1,
3981 1707 3977 -1,
1707 1706 3977 -1,
3977 1706 3975 -1,
1706 1701 3975 -1,
3975 1701 3971 -1,
1701 1697 3971 -1,
3971 1697 3967 -1,
1697 1690 3967 -1,
3967 1690 3960 -1,
3960 1690 3958 -1,
1690 1689 3958 -1,
1689 1685 3958 -1,
3958 1685 3955 -1,
1685 1678 3955 -1,
3955 1678 3948 -1,
1678 1677 3948 -1,
3948 1677 3946 -1,
1677 1670 3946 -1,
3946 1670 3940 -1,
1670 1669 3940 -1,
3940 1669 3938 -1,
1669 1672 3938 -1,
3938 1672 3941 -1,
1672 1675 3941 -1,
3941 1675 3944 -1,
1675 1680 3944 -1,
3944 1680 3950 -1,
1680 1681 3950 -1,
3950 1681 3951 -1,
1681 1687 3951 -1,
3951 1687 3957 -1,
1687 1692 3957 -1,
3957 1692 3962 -1,
1692 1695 3962 -1,
3962 1695 3965 -1,
1695 1699 3965 -1,
3965 1699 3969 -1,
1699 1703 3969 -1,
3969 1703 3973 -1,
1703 1704 3973 -1,
3973 1704 3974 -1,
3974 1709 3978 -1,
1704 1709 3974 -1,
3978 1713 3982 -1,
1709 1713 3978 -1,
3982 1612 3882 -1,
1713 1612 3982 -1,
3882 1608 3879 -1,
1612 1608 3882 -1,
1608 1604 3879 -1,
3879 1604 3875 -1,
1604 1600 3875 -1,
3875 1600 3870 -1,
1600 1596 3870 -1,
3870 1596 3867 -1,
1596 1591 3867 -1,
3867 1591 3861 -1,
1591 1589 3861 -1,
3861 1589 3859 -1,
1589 1585 3859 -1,
3859 1585 3855 -1,
1585 1580 3855 -1,
3855 1580 3850 -1,
1580 1577 3850 -1,
3850 1577 3847 -1,
1577 1572 3847 -1,
3847 1572 3843 -1,
1572 1568 3843 -1,
3843 1568 3839 -1,
1568 1564 3839 -1,
3839 1564 3835 -1,
1564 1561 3835 -1,
3835 1561 3832 -1,
3832 1561 3827 -1,
1561 1556 3827 -1,
3827 1552 3823 -1,
1556 1552 3827 -1,
3823 1550 3820 -1,
1552 1550 3823 -1,
3820 1544 3814 -1,
1550 1544 3820 -1,
3814 1538 3809 -1,
1544 1538 3814 -1,
3809 1540 3810 -1,
1538 1540 3809 -1,
3810 1542 3812 -1,
1540 1542 3810 -1,
3812 1547 3818 -1,
1542 1547 3812 -1,
3818 1551 3821 -1,
1547 1551 3818 -1,
3821 1554 3824 -1,
1551 1554 3821 -1,
3824 1558 3829 -1,
1554 1558 3824 -1,
3829 1563 3833 -1,
1558 1563 3829 -1,
3833 1566 3836 -1,
1563 1566 3833 -1,
3836 1570 3840 -1,
1566 1570 3836 -1,
1570 1575 3840 -1,
3840 1575 3845 -1,
1575 1578 3845 -1,
3845 1578 3848 -1,
1578 1583 3848 -1,
3848 1583 3853 -1,
1583 1586 3853 -1,
3853 1586 3857 -1,
3857 1590 3860 -1,
1586 1590 3857 -1,
3860 1593 3864 -1,
1590 1593 3860 -1,
3864 1598 3868 -1,
1593 1598 3864 -1,
3868 1602 3872 -1,
1598 1602 3868 -1,
3872 1606 3876 -1,
1602 1606 3872 -1,
3876 1610 3880 -1,
1606 1610 3876 -1,
3880 1613 3883 -1,
1610 1613 3880 -1,
3883 1614 3884 -1,
1613 1614 3883 -1,
3884 1616 3887 -1,
1614 1616 3884 -1,
3887 1619 3889 -1,
1616 1619 3887 -1,
3889 1620 3890 -1,
1619 1620 3889 -1,
3890 1622 3892 -1,
1620 1622 3890 -1,
3892 1624 3894 -1,
1622 1624 3892 -1,
3894 1626 3896 -1,
1624 1626 3894 -1,
3896 1628 3898 -1,
1626 1628 3896 -1,
3898 1630 3900 -1,
1628 1630 3898 -1,
3900 1632 3902 -1,
1630 1632 3900 -1,
3902 1635 3905 -1,
1632 1635 3902 -1,
3905 1636 3906 -1,
1635 1636 3905 -1,
3906 1638 3908 -1,
1636 1638 3906 -1,
1638 1641 3908 -1,
3908 1641 3911 -1,
1641 1642 3911 -1,
3911 1642 3912 -1,
1642 1645 3912 -1,
3912 1645 3915 -1,
1645 1646 3915 -1,
3915 1646 3916 -1,
1646 1649 3916 -1,
3916 1649 3919 -1,
1649 1651 3919 -1,
3919 1651 3921 -1,
1651 1652 3921 -1,
3921 1652 3922 -1,
1652 1655 3922 -1,
3922 1655 3925 -1,
1655 1656 3925 -1,
3925 1656 3926 -1,
1656 1659 3926 -1,
3926 1659 3929 -1,
1659 1661 3929 -1,
3929 1661 3931 -1,
1661 1663 3931 -1,
3931 1663 3933 -1,
1663 1664 3933 -1,
3933 1664 3935 -1,
3935 1667 3937 -1,
1664 1667 3935 -1,
3937 2273 4542 -1,
1667 2273 3937 -1,
2272 1926 4541 -1,
4541 1926 4196 -1,
4196 1925 4195 -1,
1926 1925 4196 -1,
4195 1923 4193 -1,
1925 1923 4195 -1,
4193 1921 4191 -1,
1923 1921 4193 -1,
4191 1918 4188 -1,
1921 1918 4191 -1,
4188 1917 4187 -1,
4187 1917 4184 -1,
1918 1917 4188 -1,
1917 1914 4184 -1,
4184 1913 4183 -1,
1914 1913 4184 -1,
4183 1910 4180 -1,
1913 1910 4183 -1,
4180 1909 4179 -1,
1910 1909 4180 -1,
1909 1907 4179 -1,
4179 1907 4177 -1,
1907 1904 4177 -1,
4177 1904 4174 -1,
1904 1903 4174 -1,
4174 1903 4173 -1,
1903 1900 4173 -1,
4173 1900 4170 -1,
1900 1899 4170 -1,
4170 1899 4169 -1,
1899 1896 4169 -1,
4169 1896 4166 -1,
1896 1894 4166 -1,
4166 1894 4164 -1,
1894 1892 4164 -1,
4164 1892 4162 -1,
1892 1891 4162 -1,
4162 1891 4161 -1,
4161 1891 4159 -1,
1891 1889 4159 -1,
4159 1889 4156 -1,
1889 1886 4156 -1,
1886 1885 4156 -1,
4156 1885 4155 -1,
4155 1883 4153 -1,
1885 1883 4155 -1,
4153 1881 4151 -1,
1883 1881 4153 -1,
4151 1879 4149 -1,
1881 1879 4151 -1,
4149 1877 4147 -1,
1879 1877 4149 -1,
4147 1875 4145 -1,
1877 1875 4147 -1,
4145 1873 4143 -1,
1875 1873 4145 -1,
4143 1868 4138 -1,
1873 1868 4143 -1,
4138 1863 4133 -1,
1868 1863 4138 -1,
4133 1862 4132 -1,
1863 1862 4133 -1,
4132 1855 4125 -1,
4125 1855 4121 -1,
1862 1855 4132 -1,
1855 1851 4121 -1,
4121 1850 4120 -1,
1851 1850 4121 -1,
4120 1847 4117 -1,
1850 1847 4120 -1,
4117 1844 4114 -1,
1847 1844 4117 -1,
1844 1840 4114 -1,
4114 1840 4110 -1,
1840 1836 4110 -1,
4110 1836 4106 -1,
1836 1831 4106 -1,
4106 1831 4101 -1,
1831 1827 4101 -1,
4101 1827 4097 -1,
1827 1820 4097 -1,
4097 1820 4090 -1,
4090 1820 4086 -1,
1820 1816 4086 -1,
1816 1815 4086 -1,
4086 1815 4085 -1,
1815 1809 4085 -1,
4085 1809 4079 -1,
1809 1808 4079 -1,
4079 1808 4078 -1,
1808 1803 4078 -1,
4078 1803 4073 -1,
1803 1800 4073 -1,
4073 1800 4070 -1,
1800 1799 4070 -1,
4070 1799 4068 -1,
1799 1806 4068 -1,
4068 1806 4076 -1,
1806 1805 4076 -1,
4076 1805 4074 -1,
1805 1813 4074 -1,
4074 1813 4082 -1,
1813 1818 4082 -1,
4082 1818 4087 -1,
1818 1822 4087 -1,
4087 1822 4091 -1,
1822 1825 4091 -1,
4091 1825 4094 -1,
1825 1829 4094 -1,
4094 1829 4098 -1,
1829 1833 4098 -1,
4098 1833 4102 -1,
1833 1834 4102 -1,
4102 1834 4104 -1,
4104 1838 4107 -1,
1834 1838 4104 -1,
4107 1842 4111 -1,
1838 1842 4107 -1,
4111 1741 4011 -1,
1842 1741 4111 -1,
4011 1738 4008 -1,
1741 1738 4011 -1,
1738 1733 4008 -1,
4008 1733 4003 -1,
1733 1729 4003 -1,
4003 1729 4000 -1,
1729 1726 4000 -1,
4000 1726 3996 -1,
1726 1721 3996 -1,
3996 1721 3992 -1,
1721 1719 3992 -1,
3992 1719 3989 -1,
1719 1715 3989 -1,
3989 1715 3985 -1,
1715 1712 3985 -1,
3985 1712 3983 -1,
1712 1708 3983 -1,
3983 1708 3979 -1,
1708 1702 3979 -1,
3979 1702 3972 -1,
1702 1698 3972 -1,
3972 1698 3968 -1,
1698 1694 3968 -1,
3968 1694 3964 -1,
1694 1691 3964 -1,
3964 1691 3961 -1,
3961 1691 3956 -1,
1691 1686 3956 -1,
3956 1683 3953 -1,
1686 1683 3956 -1,
3953 1679 3949 -1,
1683 1679 3953 -1,
3949 1674 3945 -1,
1679 1674 3949 -1,
3945 1671 3942 -1,
1674 1671 3945 -1,
3942 1668 3939 -1,
1671 1668 3942 -1,
3939 1673 3943 -1,
1668 1673 3939 -1,
3943 1676 3947 -1,
1673 1676 3943 -1,
3947 1682 3952 -1,
1676 1682 3947 -1,
3952 1684 3954 -1,
1682 1684 3952 -1,
3954 1688 3959 -1,
1684 1688 3954 -1,
3959 1693 3963 -1,
1688 1693 3959 -1,
3963 1696 3966 -1,
1693 1696 3963 -1,
3966 1700 3970 -1,
1696 1700 3966 -1,
1700 1705 3970 -1,
3970 1705 3976 -1,
1705 1710 3976 -1,
3976 1710 3980 -1,
1710 1714 3980 -1,
3980 1714 3984 -1,
1714 1716 3984 -1,
3984 1716 3986 -1,
3986 1720 3990 -1,
1716 1720 3986 -1,
3990 1724 3994 -1,
1720 1724 3990 -1,
3994 1727 3997 -1,
1724 1727 3994 -1,
3997 1731 4001 -1,
1727 1731 3997 -1,
4001 1735 4005 -1,
1731 1735 4001 -1,
4005 1740 4010 -1,
1735 1740 4005 -1,
4010 1742 4012 -1,
1740 1742 4010 -1,
4012 1745 4015 -1,
1742 1745 4012 -1,
4015 1746 4016 -1,
1745 1746 4015 -1,
4016 1748 4018 -1,
1746 1748 4016 -1,
4018 1750 4020 -1,
1748 1750 4018 -1,
4020 1752 4022 -1,
1750 1752 4020 -1,
4022 1754 4024 -1,
1752 1754 4022 -1,
4024 1756 4026 -1,
1754 1756 4024 -1,
4026 1759 4029 -1,
1756 1759 4026 -1,
4029 1760 4030 -1,
1759 1760 4029 -1,
4030 1762 4032 -1,
1760 1762 4030 -1,
4032 1764 4034 -1,
1762 1764 4032 -1,
4034 1767 4037 -1,
1764 1767 4034 -1,
4037 1769 4039 -1,
1767 1769 4037 -1,
1769 1771 4039 -1,
4039 1771 4041 -1,
1771 1773 4041 -1,
4041 1773 4043 -1,
1773 1774 4043 -1,
4043 1774 4044 -1,
1774 1776 4044 -1,
4044 1776 4046 -1,
1776 1778 4046 -1,
4046 1778 4049 -1,
1778 1781 4049 -1,
4049 1781 4051 -1,
1781 1782 4051 -1,
4051 1782 4052 -1,
1782 1784 4052 -1,
4052 1784 4055 -1,
1784 1787 4055 -1,
4055 1787 4057 -1,
1787 1789 4057 -1,
4057 1789 4059 -1,
1789 1791 4059 -1,
4059 1791 4061 -1,
1791 1793 4061 -1,
4061 1793 4063 -1,
1793 1795 4063 -1,
4063 1795 4065 -1,
4065 1797 4067 -1,
1795 1797 4065 -1,
4067 2272 4541 -1,
1797 2272 4067 -1,
2214 2268 4483 -1,
4483 2268 4537 -1,
4537 2055 4325 -1,
2268 2055 4537 -1,
4325 2052 4322 -1,
2055 2052 4325 -1,
4322 2050 4320 -1,
2052 2050 4322 -1,
4320 2048 4318 -1,
2050 2048 4320 -1,
4318 2047 4317 -1,
4317 2047 4314 -1,
2048 2047 4318 -1,
2047 2044 4314 -1,
4314 2043 4313 -1,
2044 2043 4314 -1,
4313 2041 4311 -1,
2043 2041 4313 -1,
4311 2038 4308 -1,
2041 2038 4311 -1,
2038 2037 4308 -1,
4308 2037 4306 -1,
2037 2034 4306 -1,
4306 2034 4304 -1,
2034 2033 4304 -1,
4304 2033 4303 -1,
2033 2031 4303 -1,
4303 2031 4301 -1,
2031 2029 4301 -1,
4301 2029 4299 -1,
2029 2026 4299 -1,
4299 2026 4296 -1,
2026 2024 4296 -1,
4296 2024 4294 -1,
2024 2023 4294 -1,
4294 2023 4293 -1,
2023 2021 4293 -1,
4293 2021 4291 -1,
4291 2021 4289 -1,
2021 2019 4289 -1,
4289 2019 4287 -1,
2019 2017 4287 -1,
2017 2015 4287 -1,
4287 2015 4285 -1,
4285 2013 4283 -1,
2015 2013 4285 -1,
4283 2010 4280 -1,
2013 2010 4283 -1,
4280 2009 4278 -1,
2010 2009 4280 -1,
4278 2007 4277 -1,
2009 2007 4278 -1,
4277 2005 4275 -1,
2007 2005 4277 -1,
4275 2003 4273 -1,
2005 2003 4275 -1,
4273 2000 4270 -1,
2003 2000 4273 -1,
4270 1996 4266 -1,
2000 1996 4270 -1,
4266 1992 4262 -1,
1996 1992 4266 -1,
4262 1988 4258 -1,
4258 1988 4254 -1,
1992 1988 4262 -1,
1988 1984 4254 -1,
4254 1980 4250 -1,
1984 1980 4254 -1,
4250 1975 4245 -1,
1980 1975 4250 -1,
4245 1970 4240 -1,
1975 1970 4245 -1,
1970 1969 4240 -1,
4240 1969 4238 -1,
1969 1962 4238 -1,
4238 1962 4232 -1,
1962 1961 4232 -1,
4232 1961 4230 -1,
1961 1954 4230 -1,
4230 1954 4224 -1,
1954 1953 4224 -1,
4224 1953 4223 -1,
4223 1953 4219 -1,
1953 1949 4219 -1,
1949 1945 4219 -1,
4219 1945 4215 -1,
1945 1938 4215 -1,
4215 1938 4208 -1,
1938 1937 4208 -1,
4208 1937 4206 -1,
1937 1933 4206 -1,
4206 1933 4203 -1,
1933 1930 4203 -1,
4203 1930 4200 -1,
1930 1929 4200 -1,
4200 1929 4198 -1,
1929 1935 4198 -1,
4198 1935 4204 -1,
1935 1940 4204 -1,
4204 1940 4209 -1,
1940 1941 4209 -1,
4209 1941 4211 -1,
1941 1947 4211 -1,
4211 1947 4216 -1,
1947 1951 4216 -1,
4216 1951 4220 -1,
1951 1956 4220 -1,
4220 1956 4226 -1,
1956 1959 4226 -1,
4226 1959 4228 -1,
1959 1964 4228 -1,
4228 1964 4233 -1,
1964 1967 4233 -1,
4233 1967 4237 -1,
4237 1972 4241 -1,
1967 1972 4237 -1,
4241 1973 4243 -1,
1972 1973 4241 -1,
4243 1871 4141 -1,
1973 1871 4243 -1,
4141 1869 4139 -1,
1871 1869 4141 -1,
1869 1864 4139 -1,
4139 1864 4135 -1,
1864 1859 4135 -1,
4135 1859 4129 -1,
1859 1856 4129 -1,
4129 1856 4126 -1,
1856 1852 4126 -1,
4126 1852 4122 -1,
1852 1848 4122 -1,
4122 1848 4118 -1,
1848 1845 4118 -1,
4118 1845 4115 -1,
1845 1841 4115 -1,
4115 1841 4112 -1,
1841 1837 4112 -1,
4112 1837 4108 -1,
1837 1832 4108 -1,
4108 1832 4103 -1,
1832 1828 4103 -1,
4103 1828 4099 -1,
1828 1824 4099 -1,
4099 1824 4095 -1,
1824 1821 4095 -1,
4095 1821 4092 -1,
4092 1821 4088 -1,
1821 1817 4088 -1,
4088 1812 4083 -1,
1817 1812 4088 -1,
4083 1810 4080 -1,
1812 1810 4083 -1,
4080 1804 4075 -1,
1810 1804 4080 -1,
4075 1801 4071 -1,
1804 1801 4075 -1,
4071 1798 4069 -1,
1801 1798 4071 -1,
4069 1802 4072 -1,
1798 1802 4069 -1,
4072 1807 4077 -1,
1802 1807 4072 -1,
4077 1811 4081 -1,
1807 1811 4077 -1,
4081 1814 4084 -1,
1811 1814 4081 -1,
4084 1819 4089 -1,
1814 1819 4084 -1,
4089 1823 4093 -1,
1819 1823 4089 -1,
4093 1826 4096 -1,
1823 1826 4093 -1,
4096 1830 4100 -1,
1826 1830 4096 -1,
1830 1835 4100 -1,
4100 1835 4105 -1,
1835 1839 4105 -1,
4105 1839 4109 -1,
1839 1843 4109 -1,
4109 1843 4113 -1,
1843 1846 4113 -1,
4113 1846 4116 -1,
4116 1849 4119 -1,
1846 1849 4116 -1,
4119 1854 4124 -1,
1849 1854 4119 -1,
4124 1858 4128 -1,
1854 1858 4124 -1,
4128 1861 4131 -1,
1858 1861 4128 -1,
4131 1867 4137 -1,
1861 1867 4131 -1,
4137 1870 4140 -1,
1867 1870 4137 -1,
4140 1872 4142 -1,
1870 1872 4140 -1,
4142 1874 4144 -1,
1872 1874 4142 -1,
4144 1876 4146 -1,
1874 1876 4144 -1,
4146 1878 4148 -1,
1876 1878 4146 -1,
4148 1880 4150 -1,
1878 1880 4148 -1,
4150 1882 4152 -1,
1880 1882 4150 -1,
4152 1884 4154 -1,
1882 1884 4152 -1,
4154 1887 4157 -1,
1884 1887 4154 -1,
4157 1888 4158 -1,
1887 1888 4157 -1,
4158 1890 4160 -1,
1888 1890 4158 -1,
4160 1893 4163 -1,
1890 1893 4160 -1,
4163 1895 4165 -1,
1893 1895 4163 -1,
4165 1897 4167 -1,
1895 1897 4165 -1,
4167 1898 4168 -1,
1897 1898 4167 -1,
1898 1901 4168 -1,
4168 1901 4171 -1,
1901 1902 4171 -1,
4171 1902 4172 -1,
1902 1905 4172 -1,
4172 1905 4175 -1,
1905 1906 4175 -1,
4175 1906 4176 -1,
1906 1908 4176 -1,
4176 1908 4178 -1,
1908 1911 4178 -1,
4178 1911 4181 -1,
1911 1912 4181 -1,
4181 1912 4182 -1,
1912 1915 4182 -1,
4182 1915 4185 -1,
1915 1916 4185 -1,
4185 1916 4186 -1,
1916 1919 4186 -1,
4186 1919 4189 -1,
1919 1920 4189 -1,
4189 1920 4190 -1,
1920 1922 4190 -1,
4190 1922 4192 -1,
1922 1924 4192 -1,
4192 1924 4194 -1,
4194 1927 4197 -1,
1924 1927 4194 -1,
4197 2214 4483 -1,
1927 2214 4197 -1,
2216 2215 4485 -1,
4485 2215 4484 -1,
4484 2217 4486 -1,
2215 2217 4484 -1,
4486 2218 4487 -1,
2217 2218 4486 -1,
4487 2219 4488 -1,
2218 2219 4487 -1,
4488 2212 4482 -1,
2219 2212 4488 -1,
4482 2210 4480 -1,
4480 2210 4478 -1,
2212 2210 4482 -1,
2210 2208 4478 -1,
4478 2205 4475 -1,
2208 2205 4478 -1,
4475 2203 4473 -1,
2205 2203 4475 -1,
4473 2202 4471 -1,
2203 2202 4473 -1,
2202 2200 4471 -1,
4471 2200 4470 -1,
2200 2193 4470 -1,
4470 2193 4463 -1,
2193 2192 4463 -1,
4463 2192 4461 -1,
2192 2186 4461 -1,
4461 2186 4456 -1,
2186 2185 4456 -1,
4456 2185 4454 -1,
2185 2180 4454 -1,
4454 2180 4450 -1,
2180 2173 4450 -1,
4450 2173 4443 -1,
2173 2169 4443 -1,
4443 2169 4439 -1,
2169 2165 4439 -1,
4439 2165 4435 -1,
4435 2165 4433 -1,
2165 2164 4433 -1,
4433 2164 4430 -1,
2164 2160 4430 -1,
2160 2156 4430 -1,
4430 2156 4426 -1,
4426 2152 4422 -1,
2156 2152 4426 -1,
4422 2145 4415 -1,
2152 2145 4422 -1,
4415 2144 4413 -1,
2145 2144 4415 -1,
4413 2140 4410 -1,
2144 2140 4413 -1,
4410 2136 4406 -1,
2140 2136 4410 -1,
4406 2132 4402 -1,
2136 2132 4406 -1,
4402 2128 4398 -1,
2132 2128 4402 -1,
4398 2124 4394 -1,
2128 2124 4398 -1,
4394 2117 4387 -1,
2124 2117 4394 -1,
4387 2116 4385 -1,
4385 2116 4382 -1,
2117 2116 4387 -1,
2116 2112 4382 -1,
4382 2106 4376 -1,
2112 2106 4382 -1,
4376 2105 4375 -1,
2106 2105 4376 -1,
4375 2099 4369 -1,
2105 2099 4375 -1,
2099 2098 4369 -1,
4369 2098 4367 -1,
2098 2093 4367 -1,
4367 2093 4363 -1,
2093 2089 4363 -1,
4363 2089 4359 -1,
2089 2085 4359 -1,
4359 2085 4355 -1,
2085 2078 4355 -1,
4355 2078 4348 -1,
4348 2078 4346 -1,
2078 2077 4346 -1,
2077 2073 4346 -1,
4346 2073 4343 -1,
2073 2067 4343 -1,
4343 2067 4337 -1,
2067 2066 4337 -1,
4337 2066 4335 -1,
2066 2061 4335 -1,
4335 2061 4331 -1,
2061 2058 4331 -1,
4331 2058 4328 -1,
2058 2057 4328 -1,
4328 2057 4326 -1,
2057 2063 4326 -1,
4326 2063 4333 -1,
2063 2064 4333 -1,
4333 2064 4334 -1,
2064 2071 4334 -1,
4334 2071 4341 -1,
2071 2075 4341 -1,
4341 2075 4344 -1,
2075 2080 4344 -1,
4344 2080 4350 -1,
2080 2083 4350 -1,
4350 2083 4353 -1,
2083 2087 4353 -1,
4353 2087 4357 -1,
2087 2091 4357 -1,
4357 2091 4361 -1,
2091 2095 4361 -1,
4361 2095 4365 -1,
4365 2096 4366 -1,
2095 2096 4365 -1,
4366 2101 4371 -1,
2096 2101 4366 -1,
4371 2001 4271 -1,
2101 2001 4371 -1,
4271 1997 4267 -1,
2001 1997 4271 -1,
1997 1993 4267 -1,
4267 1993 4264 -1,
1993 1989 4264 -1,
4264 1989 4260 -1,
1989 1985 4260 -1,
4260 1985 4256 -1,
1985 1981 4256 -1,
4256 1981 4251 -1,
1981 1978 4251 -1,
4251 1978 4248 -1,
1978 1976 4248 -1,
4248 1976 4246 -1,
1976 1971 4246 -1,
4246 1971 4242 -1,
1971 1966 4242 -1,
4242 1966 4236 -1,
1966 1963 4236 -1,
4236 1963 4234 -1,
1963 1958 4234 -1,
4234 1958 4229 -1,
1958 1955 4229 -1,
4229 1955 4225 -1,
1955 1950 4225 -1,
4225 1950 4221 -1,
4221 1950 4217 -1,
1950 1946 4217 -1,
4217 1943 4213 -1,
1946 1943 4217 -1,
4213 1939 4210 -1,
1943 1939 4213 -1,
4210 1934 4205 -1,
1939 1934 4210 -1,
4205 1928 4199 -1,
1934 1928 4205 -1,
4199 1931 4201 -1,
1928 1931 4199 -1,
4201 1932 4202 -1,
1931 1932 4201 -1,
4202 1936 4207 -1,
1932 1936 4202 -1,
4207 1942 4212 -1,
1936 1942 4207 -1,
4212 1944 4214 -1,
1942 1944 4212 -1,
4214 1948 4218 -1,
1944 1948 4214 -1,
4218 1952 4222 -1,
1948 1952 4218 -1,
4222 1957 4227 -1,
1952 1957 4222 -1,
4227 1960 4231 -1,
1957 1960 4227 -1,
1960 1965 4231 -1,
4231 1965 4235 -1,
1965 1968 4235 -1,
4235 1968 4239 -1,
1968 1974 4239 -1,
4239 1974 4244 -1,
1974 1977 4244 -1,
4244 1977 4247 -1,
4247 1979 4249 -1,
1977 1979 4247 -1,
4249 1983 4253 -1,
1979 1983 4249 -1,
4253 1987 4257 -1,
1983 1987 4253 -1,
4257 1991 4261 -1,
1987 1991 4257 -1,
4261 1995 4265 -1,
1991 1995 4261 -1,
4265 1999 4269 -1,
1995 1999 4265 -1,
4269 2002 4272 -1,
1999 2002 4269 -1,
4272 2004 4274 -1,
2002 2004 4272 -1,
4274 2006 4276 -1,
2004 2006 4274 -1,
4276 2008 4279 -1,
2006 2008 4276 -1,
4279 2011 4281 -1,
2008 2011 4279 -1,
4281 2012 4282 -1,
2011 2012 4281 -1,
4282 2014 4284 -1,
2012 2014 4282 -1,
4284 2016 4286 -1,
2014 2016 4284 -1,
4286 2018 4288 -1,
2016 2018 4286 -1,
4288 2020 4290 -1,
2018 2020 4288 -1,
4290 2022 4292 -1,
2020 2022 4290 -1,
4292 2025 4295 -1,
2022 2025 4292 -1,
4295 2027 4297 -1,
2025 2027 4295 -1,
4297 2028 4298 -1,
2027 2028 4297 -1,
2028 2030 4298 -1,
4298 2030 4300 -1,
2030 2032 4300 -1,
4300 2032 4302 -1,
2032 2035 4302 -1,
4302 2035 4305 -1,
2035 2036 4305 -1,
4305 2036 4307 -1,
2036 2039 4307 -1,
4307 2039 4309 -1,
2039 2040 4309 -1,
4309 2040 4310 -1,
2040 2042 4310 -1,
4310 2042 4312 -1,
2042 2045 4312 -1,
4312 2045 4315 -1,
2045 2046 4315 -1,
4315 2046 4316 -1,
2046 2049 4316 -1,
4316 2049 4319 -1,
2049 2051 4319 -1,
4319 2051 4321 -1,
2051 2053 4321 -1,
4321 2053 4323 -1,
2053 2054 4323 -1,
4323 2054 4324 -1,
4324 2220 4489 -1,
2054 2220 4324 -1,
4489 2216 4485 -1,
2220 2216 4489 -1,
2222 2221 4491 -1,
4491 2221 4490 -1,
4490 2223 4492 -1,
2221 2223 4490 -1,
4492 2224 4493 -1,
2223 2224 4492 -1,
4493 2225 4494 -1,
2224 2225 4493 -1,
4494 2226 4495 -1,
2225 2226 4494 -1,
4495 2227 4496 -1,
4496 2227 4497 -1,
2226 2227 4495 -1,
2227 2228 4497 -1,
4497 2229 4498 -1,
2228 2229 4497 -1,
4498 2230 4499 -1,
2229 2230 4498 -1,
4499 2231 4500 -1,
2230 2231 4499 -1,
2231 2232 4500 -1,
4500 2232 4501 -1,
2232 2233 4501 -1,
4501 2233 4502 -1,
2233 2234 4502 -1,
4502 2234 4503 -1,
2234 2235 4503 -1,
4503 2235 4504 -1,
2235 2236 4504 -1,
4504 2236 4505 -1,
2236 2237 4505 -1,
4505 2237 4506 -1,
2237 2238 4506 -1,
4506 2238 4507 -1,
2238 2239 4507 -1,
4507 2239 4508 -1,
2239 2240 4508 -1,
4508 2240 4509 -1,
4509 2240 4510 -1,
2240 2241 4510 -1,
4510 2241 4512 -1,
2241 2243 4512 -1,
2243 2245 4512 -1,
4512 2245 4514 -1,
4514 2247 4516 -1,
2245 2247 4514 -1,
4516 2249 4518 -1,
2247 2249 4516 -1,
4518 2250 4519 -1,
2249 2250 4518 -1,
4519 2251 4520 -1,
2250 2251 4519 -1,
4520 2252 4521 -1,
2251 2252 4520 -1,
4521 2253 4522 -1,
2252 2253 4521 -1,
4522 2254 4523 -1,
2253 2254 4522 -1,
4523 2255 4524 -1,
2254 2255 4523 -1,
4524 2256 4525 -1,
2255 2256 4524 -1,
4525 2257 4526 -1,
4526 2257 4527 -1,
2256 2257 4525 -1,
2257 2258 4527 -1,
4527 2259 4528 -1,
2258 2259 4527 -1,
4528 2260 4529 -1,
2259 2260 4528 -1,
4529 2261 4530 -1,
2260 2261 4529 -1,
2261 2262 4530 -1,
4530 2262 4531 -1,
2262 2263 4531 -1,
4531 2263 4532 -1,
2263 2264 4532 -1,
4532 2264 4533 -1,
2264 2265 4533 -1,
4533 2265 4534 -1,
2265 2266 4534 -1,
4534 2266 4535 -1,
4535 2266 4536 -1,
2266 2267 4536 -1,
2267 2197 4536 -1,
4536 2197 4467 -1,
2197 2194 4467 -1,
4467 2194 4465 -1,
2194 2189 4465 -1,
4465 2189 4460 -1,
2189 2187 4460 -1,
4460 2187 4457 -1,
2187 2181 4457 -1,
4457 2181 4452 -1,
2181 2177 4452 -1,
4452 2177 4447 -1,
2177 2174 4447 -1,
4447 2174 4445 -1,
2174 2170 4445 -1,
4445 2170 4441 -1,
2170 2166 4441 -1,
4441 2166 4437 -1,
2166 2161 4437 -1,
4437 2161 4432 -1,
2161 2157 4432 -1,
4432 2157 4428 -1,
2157 2153 4428 -1,
4428 2153 4424 -1,
2153 2150 4424 -1,
4424 2150 4420 -1,
2150 2146 4420 -1,
4420 2146 4417 -1,
2146 2141 4417 -1,
4417 2141 4412 -1,
4412 2137 4407 -1,
2141 2137 4412 -1,
4407 2133 4404 -1,
2137 2133 4407 -1,
4404 2129 4400 -1,
2133 2129 4404 -1,
4400 2125 4396 -1,
2129 2125 4400 -1,
2125 2121 4396 -1,
4396 2121 4392 -1,
2121 2118 4392 -1,
4392 2118 4389 -1,
2118 2113 4389 -1,
4389 2113 4384 -1,
2113 2109 4384 -1,
4384 2109 4380 -1,
2109 2107 4380 -1,
4380 2107 4377 -1,
2107 2103 4377 -1,
4377 2103 4373 -1,
2103 2100 4373 -1,
4373 2100 4370 -1,
2100 2094 4370 -1,
4370 2094 4364 -1,
2094 2090 4364 -1,
4364 2090 4360 -1,
2090 2086 4360 -1,
4360 2086 4356 -1,
2086 2082 4356 -1,
4356 2082 4352 -1,
2082 2079 4352 -1,
4352 2079 4349 -1,
4349 2079 4345 -1,
2079 2074 4345 -1,
4345 2070 4340 -1,
2074 2070 4345 -1,
4340 2068 4338 -1,
2070 2068 4340 -1,
4338 2062 4332 -1,
2068 2062 4338 -1,
4332 2059 4329 -1,
2062 2059 4332 -1,
4329 2056 4327 -1,
2059 2056 4329 -1,
4327 2060 4330 -1,
2056 2060 4327 -1,
4330 2065 4336 -1,
2060 2065 4330 -1,
4336 2069 4339 -1,
2065 2069 4336 -1,
4339 2072 4342 -1,
2069 2072 4339 -1,
4342 2076 4347 -1,
2072 2076 4342 -1,
4347 2081 4351 -1,
2076 2081 4347 -1,
4351 2084 4354 -1,
2081 2084 4351 -1,
4354 2088 4358 -1,
2084 2088 4354 -1,
2088 2092 4358 -1,
4358 2092 4362 -1,
2092 2097 4362 -1,
4362 2097 4368 -1,
2097 2102 4368 -1,
4368 2102 4372 -1,
2102 2104 4372 -1,
4372 2104 4374 -1,
4374 2108 4378 -1,
2104 2108 4374 -1,
4378 2111 4381 -1,
2108 2111 4378 -1,
4381 2115 4386 -1,
2111 2115 4381 -1,
4386 2120 4390 -1,
2115 2120 4386 -1,
4390 2123 4393 -1,
2120 2123 4390 -1,
4393 2127 4397 -1,
2123 2127 4393 -1,
4397 2131 4401 -1,
2127 2131 4397 -1,
4401 2135 4405 -1,
2131 2135 4401 -1,
4405 2139 4409 -1,
2135 2139 4405 -1,
4409 2143 4414 -1,
2139 2143 4409 -1,
4414 2149 4419 -1,
2143 2149 4414 -1,
4419 2151 4421 -1,
2149 2151 4419 -1,
4421 2155 4425 -1,
2151 2155 4421 -1,
4425 2159 4429 -1,
2155 2159 4425 -1,
4429 2163 4434 -1,
2159 2163 4429 -1,
4434 2168 4438 -1,
2163 2168 4434 -1,
4438 2172 4442 -1,
2168 2172 4438 -1,
4442 2176 4446 -1,
2172 2176 4442 -1,
4446 2179 4449 -1,
2176 2179 4446 -1,
4449 2184 4455 -1,
2179 2184 4449 -1,
2184 2188 4455 -1,
4455 2188 4458 -1,
2188 2191 4458 -1,
4458 2191 4462 -1,
2191 2196 4462 -1,
4462 2196 4466 -1,
2196 2199 4466 -1,
4466 2199 4469 -1,
2199 2201 4469 -1,
4469 2201 4472 -1,
2201 2204 4472 -1,
4472 2204 4474 -1,
2204 2206 4474 -1,
4474 2206 4476 -1,
2206 2207 4476 -1,
4476 2207 4477 -1,
2207 2209 4477 -1,
4477 2209 4479 -1,
2209 2211 4479 -1,
4479 2211 4481 -1,
2211 2242 4481 -1,
4481 2242 4511 -1,
2242 2244 4511 -1,
4511 2244 4513 -1,
2244 2246 4513 -1,
4513 2246 4515 -1,
4515 2248 4517 -1,
2246 2248 4515 -1,
4517 2222 4491 -1,
2248 2222 4517 -1 ] } }
Shape { appearance Appearance { material Material { diffuseColor 0.055 0.06 0.065 } } geometry IndexedFaceSet { solid FALSE coord Coordinate { point [ -1.377953 -1.574803 4.740157,
-1.377953 -1.574803 5.133858,
-1.377953 1.181102 4.740157,
-1.377953 1.181102 5.133858,
1.377953 -1.574803 5.133858,
1.377953 -1.574803 4.740157,
1.377953 1.181102 4.740157,
1.377953 1.181102 5.133858 ] } coordIndex [ 0 1 2 -1,
2 1 3 -1,
4 5 6 -1,
4 6 7 -1,
5 4 0 -1,
0 4 1 -1,
7 6 2 -1,
7 2 3 -1,
2 6 0 -1,
0 6 5 -1,
7 3 1 -1,
7 1 4 -1 ] } }
Shape { appearance Appearance { material Material { diffuseColor 0.65 0.22 0.2 } } geometry IndexedFaceSet { solid FALSE coord Coordinate { point [ -1.377953 -4.133858 4.740157,
-1.377953 -4.133858 5.173228,
-1.377953 -3.149606 4.740157,
-1.377953 -3.149606 5.173228,
1.377953 -4.133858 5.173228,
1.377953 -4.133858 4.740157,
1.377953 -3.149606 4.740157,
1.377953 -3.149606 5.173228 ] } coordIndex [ 0 1 2 -1,
2 1 3 -1,
4 5 6 -1,
4 6 7 -1,
5 4 0 -1,
0 4 1 -1,
7 6 2 -1,
7 2 3 -1,
2 6 0 -1,
0 6 5 -1,
7 3 1 -1,
7 1 4 -1 ] } }
Shape { appearance Appearance { material Material { diffuseColor 0.7 0.72 0.74 } } geometry IndexedFaceSet { solid FALSE coord Coordinate { point [ -1.759843 2.165354 4.740157,
-1.759843 2.165354 6.000000,
-1.759843 5.118110 4.740157,
-1.759843 5.118110 6.000000,
1.759843 2.165354 4.740157,
1.759843 2.165354 6.000000,
1.759843 5.118110 6.000000,
-1.417323 5.118110 5.724409,
-1.417323 5.118110 4.937008,
1.417323 5.118110 4.937008,
1.759843 5.118110 4.740157,
1.417323 5.118110 5.724409,
-1.417323 2.519685 5.724409,
1.417323 2.519685 5.724409,
1.417323 2.519685 4.937008,
-1.417323 2.519685 4.937008 ] } coordIndex [ 0 1 2 -1,
2 1 3 -1,
4 5 0 -1,
0 5 1 -1,
6 3 1 -1,
6 1 5 -1,
7 2 3 -1,
7 8 2 -1,
9 2 8 -1,
10 2 9 -1,
11 7 3 -1,
11 10 9 -1,
6 11 3 -1,
6 10 11 -1,
2 10 0 -1,
0 10 4 -1,
5 4 10 -1,
5 10 6 -1,
7 11 12 -1,
12 11 13 -1,
14 13 9 -1,
9 13 11 -1,
9 8 15 -1,
9 15 14 -1,
12 15 8 -1,
12 8 7 -1,
13 14 15 -1,
13 15 12 -1 ] } }
Shape { appearance Appearance { material Material { diffuseColor 0.055 0.06 0.065 } } geometry IndexedFaceSet { solid FALSE coord Coordinate { point [ -1.220472 2.952756 5.216535,
-1.220472 2.952756 5.413386,
-1.220472 4.921260 5.216535,
-1.220472 4.921260 5.413386,
1.220472 2.952756 5.413386,
1.220472 2.952756 5.216535,
1.220472 4.921260 5.216535,
1.220472 4.921260 5.413386 ] } coordIndex [ 0 1 2 -1,
2 1 3 -1,
4 5 6 -1,
4 6 7 -1,
5 4 0 -1,
0 4 1 -1,
7 6 2 -1,
7 2 3 -1,
2 6 0 -1,
0 6 5 -1,
7 3 1 -1,
7 1 4 -1 ] } }
Shape { appearance Appearance { material Material { diffuseColor 0.7 0.72 0.74 } } geometry IndexedFaceSet { solid FALSE coord Coordinate { point [ -2.559055 0.393701 4.740157,
-2.559055 0.393701 5.330709,
-2.559055 1.574803 4.740157,
-2.559055 1.574803 5.330709,
-1.377953 0.393701 5.330709,
-1.377953 0.393701 4.740157,
-1.377953 1.574803 4.740157,
-1.377953 1.574803 5.330709 ] } coordIndex [ 0 1 2 -1,
2 1 3 -1,
4 5 6 -1,
4 6 7 -1,
5 4 0 -1,
0 4 1 -1,
7 6 2 -1,
7 2 3 -1,
2 6 0 -1,
0 6 5 -1,
7 3 1 -1,
7 1 4 -1 ] } }
Shape { appearance Appearance { material Material { diffuseColor 0.055 0.06 0.065 } } geometry IndexedFaceSet { solid FALSE coord Coordinate { point [ -1.614614 1.001914 5.527559,
-1.614173 0.984252 5.527559,
-1.614173 0.984252 5.330709,
-1.614614 1.001914 5.330709,
-1.615934 1.019532 5.527559,
-1.615934 1.019532 5.330709,
-1.618131 1.037062 5.527559,
-1.618131 1.037062 5.330709,
-1.621199 1.054461 5.527559,
-1.621199 1.054461 5.330709,
-1.625130 1.071686 5.527559,
-1.625130 1.071686 5.330709,
-1.629915 1.088693 5.527559,
-1.629915 1.088693 5.330709,
-1.635542 1.105440 5.527559,
-1.635542 1.105440 5.330709,
-1.641997 1.121886 5.527559,
-1.641997 1.121886 5.330709,
-1.649263 1.137990 5.527559,
-1.649263 1.137990 5.330709,
-1.657323 1.153712 5.527559,
-1.657323 1.153712 5.330709,
-1.666157 1.169012 5.527559,
-1.666157 1.169012 5.330709,
-1.675742 1.183854 5.527559,
-1.675742 1.183854 5.330709,
-1.686055 1.198198 5.527559,
-1.686055 1.198198 5.330709,
-1.697071 1.212011 5.527559,
-1.697071 1.212011 5.330709,
-1.708761 1.225258 5.527559,
-1.708761 1.225258 5.330709,
-1.721097 1.237906 5.527559,
-1.721097 1.237906 5.330709,
-1.734048 1.249922 5.527559,
-1.734048 1.249922 5.330709,
-1.747582 1.261279 5.527559,
-1.747582 1.261279 5.330709,
-1.761666 1.271947 5.527559,
-1.761666 1.271947 5.330709,
-1.776263 1.281899 5.330709,
-1.776263 1.281899 5.527559,
-1.791339 1.291111 5.330709,
-1.791339 1.291111 5.527559,
-1.806854 1.299561 5.527559,
-1.806854 1.299561 5.330709,
-1.822772 1.307226 5.527559,
-1.822772 1.307226 5.330709,
-1.839052 1.314089 5.527559,
-1.839052 1.314089 5.330709,
-1.855654 1.320132 5.527559,
-1.855654 1.320132 5.330709,
-1.872537 1.325339 5.527559,
-1.872537 1.325339 5.330709,
-1.889658 1.329699 5.527559,
-1.889658 1.329699 5.330709,
-1.906975 1.333200 5.527559,
-1.906975 1.333200 5.330709,
-1.924445 1.335833 5.527559,
-1.924445 1.335833 5.330709,
-1.942025 1.337592 5.527559,
-1.942025 1.337592 5.330709,
-1.959670 1.338473 5.527559,
-1.959670 1.338473 5.330709,
-1.977338 1.338473 5.527559,
-1.977338 1.338473 5.330709,
-1.994983 1.337592 5.330709,
-1.994983 1.337592 5.527559,
-2.012563 1.335833 5.527559,
-2.012563 1.335833 5.330709,
-2.030033 1.333200 5.527559,
-2.030033 1.333200 5.330709,
-2.047350 1.329699 5.527559,
-2.047350 1.329699 5.330709,
-2.064471 1.325339 5.527559,
-2.064471 1.325339 5.330709,
-2.081354 1.320132 5.527559,
-2.081354 1.320132 5.330709,
-2.097955 1.314089 5.527559,
-2.097955 1.314089 5.330709,
-2.114236 1.307226 5.527559,
-2.114236 1.307226 5.330709,
-2.130153 1.299561 5.527559,
-2.130153 1.299561 5.330709,
-2.145669 1.291111 5.330709,
-2.145669 1.291111 5.527559,
-2.160745 1.281899 5.527559,
-2.160745 1.281899 5.330709,
-2.175342 1.271947 5.527559,
-2.175342 1.271947 5.330709,
-2.189426 1.261279 5.527559,
-2.189426 1.261279 5.330709,
-2.202960 1.249922 5.527559,
-2.202960 1.249922 5.330709,
-2.215911 1.237906 5.527559,
-2.215911 1.237906 5.330709,
-2.228247 1.225258 5.527559,
-2.228247 1.225258 5.330709,
-2.239937 1.212011 5.527559,
-2.239937 1.212011 5.330709,
-2.250952 1.198198 5.527559,
-2.250952 1.198198 5.330709,
-2.261266 1.183854 5.527559,
-2.261266 1.183854 5.330709,
-2.270851 1.169012 5.527559,
-2.270851 1.169012 5.330709,
-2.279685 1.153712 5.527559,
-2.279685 1.153712 5.330709,
-2.287745 1.137990 5.527559,
-2.287745 1.137990 5.330709,
-2.295011 1.121886 5.527559,
-2.295011 1.121886 5.330709,
-2.301466 1.105440 5.527559,
-2.301466 1.105440 5.330709,
-2.307093 1.088693 5.527559,
-2.307093 1.088693 5.330709,
-2.311878 1.071686 5.527559,
-2.311878 1.071686 5.330709,
-2.315809 1.054461 5.527559,
-2.315809 1.054461 5.330709,
-2.318877 1.037062 5.527559,
-2.318877 1.037062 5.330709,
-2.321074 1.019532 5.527559,
-2.321074 1.019532 5.330709,
-2.322394 1.001914 5.527559,
-2.322394 1.001914 5.330709,
-2.322835 0.984252 5.527559,
-2.322835 0.984252 5.330709,
-2.322394 0.966590 5.527559,
-2.322394 0.966590 5.330709,
-2.321074 0.948972 5.527559,
-2.321074 0.948972 5.330709,
-2.318877 0.931442 5.527559,
-2.318877 0.931442 5.330709,
-2.315809 0.914043 5.527559,
-2.315809 0.914043 5.330709,
-2.311878 0.896818 5.527559,
-2.311878 0.896818 5.330709,
-2.307093 0.879811 5.527559,
-2.307093 0.879811 5.330709,
-2.301466 0.863064 5.527559,
-2.301466 0.863064 5.330709,
-2.295011 0.846618 5.527559,
-2.295011 0.846618 5.330709,
-2.287745 0.830514 5.527559,
-2.287745 0.830514 5.330709,
-2.279685 0.814792 5.527559,
-2.279685 0.814792 5.330709,
-2.270851 0.799491 5.330709,
-2.270851 0.799491 5.527559,
-2.261266 0.784650 5.527559,
-2.261266 0.784650 5.330709,
-2.250952 0.770306 5.527559,
-2.250952 0.770306 5.330709,
-2.239937 0.756493 5.527559,
-2.239937 0.756493 5.330709,
-2.228247 0.743246 5.527559,
-2.228247 0.743246 5.330709,
-2.215911 0.730598 5.527559,
-2.215911 0.730598 5.330709,
-2.202960 0.718581 5.527559,
-2.202960 0.718581 5.330709,
-2.189426 0.707225 5.527559,
-2.189426 0.707225 5.330709,
-2.175342 0.696557 5.527559,
-2.175342 0.696557 5.330709,
-2.160745 0.686605 5.527559,
-2.160745 0.686605 5.330709,
-2.145669 0.677393 5.527559,
-2.145669 0.677393 5.330709,
-2.130153 0.668943 5.527559,
-2.130153 0.668943 5.330709,
-2.114236 0.661277 5.527559,
-2.114236 0.661277 5.330709,
-2.097955 0.654415 5.527559,
-2.097955 0.654415 5.330709,
-2.081354 0.648372 5.527559,
-2.081354 0.648372 5.330709,
-2.064471 0.643165 5.527559,
-2.064471 0.643165 5.330709,
-2.047350 0.638805 5.527559,
-2.047350 0.638805 5.330709,
-2.030033 0.635304 5.527559,
-2.030033 0.635304 5.330709,
-2.012563 0.632671 5.527559,
-2.012563 0.632671 5.330709,
-1.994983 0.630912 5.527559,
-1.994983 0.630912 5.330709,
-1.977338 0.630031 5.527559,
-1.977338 0.630031 5.330709,
-1.959670 0.630031 5.527559,
-1.959670 0.630031 5.330709,
-1.942025 0.630912 5.527559,
-1.942025 0.630912 5.330709,
-1.924445 0.632671 5.527559,
-1.924445 0.632671 5.330709,
-1.906975 0.635304 5.527559,
-1.906975 0.635304 5.330709,
-1.889658 0.638805 5.527559,
-1.889658 0.638805 5.330709,
-1.872537 0.643165 5.527559,
-1.872537 0.643165 5.330709,
-1.855654 0.648372 5.527559,
-1.855654 0.648372 5.330709,
-1.839052 0.654415 5.527559,
-1.839052 0.654415 5.330709,
-1.822772 0.661277 5.527559,
-1.822772 0.661277 5.330709,
-1.806854 0.668943 5.527559,
-1.806854 0.668943 5.330709,
-1.791339 0.677393 5.527559,
-1.791339 0.677393 5.330709,
-1.776263 0.686605 5.527559,
-1.776263 0.686605 5.330709,
-1.761666 0.696557 5.527559,
-1.761666 0.696557 5.330709,
-1.747582 0.707225 5.527559,
-1.747582 0.707225 5.330709,
-1.734048 0.718581 5.527559,
-1.734048 0.718581 5.330709,
-1.721097 0.730598 5.527559,
-1.721097 0.730598 5.330709,
-1.708761 0.743246 5.527559,
-1.708761 0.743246 5.330709,
-1.697071 0.756493 5.527559,
-1.697071 0.756493 5.330709,
-1.686055 0.770306 5.527559,
-1.686055 0.770306 5.330709,
-1.675742 0.784650 5.527559,
-1.675742 0.784650 5.330709,
-1.666157 0.799491 5.527559,
-1.666157 0.799491 5.330709,
-1.657323 0.814792 5.527559,
-1.657323 0.814792 5.330709,
-1.649263 0.830514 5.527559,
-1.649263 0.830514 5.330709,
-1.641997 0.846618 5.527559,
-1.641997 0.846618 5.330709,
-1.635542 0.863064 5.527559,
-1.635542 0.863064 5.330709,
-1.629915 0.879811 5.527559,
-1.629915 0.879811 5.330709,
-1.625130 0.896818 5.527559,
-1.625130 0.896818 5.330709,
-1.621199 0.914043 5.527559,
-1.621199 0.914043 5.330709,
-1.618131 0.931442 5.527559,
-1.618131 0.931442 5.330709,
-1.615934 0.948972 5.527559,
-1.615934 0.948972 5.330709,
-1.614614 0.966590 5.527559,
-1.614614 0.966590 5.330709 ] } coordIndex [ 0 1 2 -1,
0 2 3 -1,
4 3 5 -1,
4 0 3 -1,
6 5 7 -1,
6 4 5 -1,
8 7 9 -1,
8 6 7 -1,
10 9 11 -1,
10 8 9 -1,
12 11 13 -1,
12 10 11 -1,
14 13 15 -1,
14 12 13 -1,
16 15 17 -1,
16 14 15 -1,
18 17 19 -1,
18 16 17 -1,
20 19 21 -1,
20 18 19 -1,
22 20 21 -1,
22 21 23 -1,
24 22 23 -1,
24 23 25 -1,
26 24 25 -1,
26 25 27 -1,
28 26 27 -1,
28 27 29 -1,
30 28 29 -1,
30 29 31 -1,
32 30 31 -1,
32 31 33 -1,
34 32 33 -1,
34 33 35 -1,
36 34 35 -1,
36 35 37 -1,
38 36 37 -1,
38 37 39 -1,
38 39 40 -1,
41 38 40 -1,
41 40 42 -1,
43 41 42 -1,
44 43 42 -1,
44 42 45 -1,
46 45 47 -1,
46 44 45 -1,
48 47 49 -1,
48 46 47 -1,
50 49 51 -1,
50 48 49 -1,
52 51 53 -1,
52 50 51 -1,
54 53 55 -1,
54 52 53 -1,
56 55 57 -1,
56 54 55 -1,
58 57 59 -1,
58 56 57 -1,
60 59 61 -1,
60 58 59 -1,
62 61 63 -1,
62 60 61 -1,
64 63 65 -1,
64 65 66 -1,
64 62 63 -1,
67 64 66 -1,
68 66 69 -1,
68 67 66 -1,
70 69 71 -1,
70 68 69 -1,
72 71 73 -1,
72 70 71 -1,
74 72 73 -1,
74 73 75 -1,
76 74 75 -1,
76 75 77 -1,
78 76 77 -1,
78 77 79 -1,
80 78 79 -1,
80 79 81 -1,
82 80 81 -1,
82 81 83 -1,
82 83 84 -1,
85 82 84 -1,
86 85 84 -1,
86 84 87 -1,
88 86 87 -1,
88 87 89 -1,
90 88 89 -1,
90 89 91 -1,
92 90 91 -1,
92 91 93 -1,
94 92 93 -1,
94 93 95 -1,
96 94 95 -1,
96 95 97 -1,
98 96 97 -1,
98 97 99 -1,
100 98 99 -1,
100 99 101 -1,
102 100 101 -1,
102 101 103 -1,
104 102 103 -1,
104 103 105 -1,
106 104 105 -1,
106 105 107 -1,
108 106 107 -1,
108 107 109 -1,
110 108 109 -1,
110 109 111 -1,
112 110 111 -1,
112 111 113 -1,
114 112 113 -1,
114 113 115 -1,
116 115 117 -1,
116 114 115 -1,
118 117 119 -1,
118 116 117 -1,
120 119 121 -1,
120 118 119 -1,
122 121 123 -1,
122 120 121 -1,
124 122 123 -1,
124 123 125 -1,
126 124 125 -1,
126 125 127 -1,
128 126 127 -1,
128 127 129 -1,
130 128 129 -1,
130 129 131 -1,
132 130 131 -1,
132 131 133 -1,
134 132 133 -1,
134 133 135 -1,
136 134 135 -1,
136 135 137 -1,
138 136 137 -1,
138 137 139 -1,
140 138 139 -1,
140 139 141 -1,
142 140 141 -1,
142 141 143 -1,
144 142 143 -1,
144 143 145 -1,
146 144 145 -1,
146 145 147 -1,
146 147 148 -1,
149 146 148 -1,
150 148 151 -1,
150 149 148 -1,
152 151 153 -1,
152 150 151 -1,
154 153 155 -1,
154 152 153 -1,
156 155 157 -1,
156 154 155 -1,
158 157 159 -1,
158 156 157 -1,
160 159 161 -1,
160 158 159 -1,
162 161 163 -1,
162 160 161 -1,
164 163 165 -1,
164 162 163 -1,
166 165 167 -1,
166 164 165 -1,
168 167 169 -1,
168 166 167 -1,
170 169 171 -1,
170 168 169 -1,
172 171 173 -1,
172 170 171 -1,
174 173 175 -1,
174 172 173 -1,
176 174 175 -1,
176 175 177 -1,
178 176 177 -1,
178 177 179 -1,
180 178 179 -1,
180 179 181 -1,
182 180 181 -1,
182 181 183 -1,
184 183 185 -1,
184 182 183 -1,
186 185 187 -1,
186 184 185 -1,
188 187 189 -1,
188 186 187 -1,
190 189 191 -1,
190 188 189 -1,
192 191 193 -1,
192 190 191 -1,
194 193 195 -1,
194 192 193 -1,
196 195 197 -1,
196 194 195 -1,
198 197 199 -1,
198 196 197 -1,
200 199 201 -1,
200 198 199 -1,
202 201 203 -1,
202 200 201 -1,
204 203 205 -1,
204 202 203 -1,
206 205 207 -1,
206 204 205 -1,
208 207 209 -1,
208 206 207 -1,
210 209 211 -1,
210 208 209 -1,
212 211 213 -1,
212 210 211 -1,
214 213 215 -1,
214 212 213 -1,
216 215 217 -1,
216 214 215 -1,
218 217 219 -1,
218 216 217 -1,
220 219 221 -1,
220 218 219 -1,
222 221 223 -1,
222 220 221 -1,
224 222 223 -1,
224 223 225 -1,
226 224 225 -1,
226 225 227 -1,
228 226 227 -1,
228 227 229 -1,
230 228 229 -1,
230 229 231 -1,
232 230 231 -1,
232 231 233 -1,
234 232 233 -1,
234 233 235 -1,
236 234 235 -1,
236 235 237 -1,
238 236 237 -1,
238 237 239 -1,
240 238 239 -1,
240 239 241 -1,
242 240 241 -1,
242 241 243 -1,
244 242 243 -1,
244 243 245 -1,
246 244 245 -1,
246 245 247 -1,
248 246 247 -1,
248 247 249 -1,
250 249 251 -1,
250 248 249 -1,
1 251 2 -1,
1 250 251 -1,
150 152 154 -1,
132 134 136 -1,
200 194 196 -1,
200 196 198 -1,
206 202 204 -1,
108 110 112 -1,
208 200 202 -1,
208 202 206 -1,
210 194 200 -1,
210 200 208 -1,
210 192 194 -1,
216 210 212 -1,
216 212 214 -1,
98 100 102 -1,
98 102 104 -1,
98 104 106 -1,
98 106 108 -1,
218 210 216 -1,
220 210 218 -1,
92 98 108 -1,
92 94 96 -1,
92 96 98 -1,
92 112 114 -1,
92 114 116 -1,
92 108 112 -1,
224 210 220 -1,
224 220 222 -1,
88 90 92 -1,
228 224 226 -1,
228 192 210 -1,
228 210 224 -1,
228 180 182 -1,
228 182 184 -1,
228 184 186 -1,
228 186 188 -1,
228 188 190 -1,
228 190 192 -1,
85 86 88 -1,
85 88 92 -1,
232 228 230 -1,
80 82 85 -1,
236 232 234 -1,
238 228 232 -1,
238 232 236 -1,
74 76 78 -1,
72 78 80 -1,
72 74 78 -1,
244 240 242 -1,
70 72 80 -1,
246 240 244 -1,
67 68 70 -1,
250 246 248 -1,
250 240 246 -1,
1 240 250 -1,
4 1 0 -1,
58 60 62 -1,
58 62 64 -1,
6 240 1 -1,
6 238 240 -1,
6 1 4 -1,
54 56 58 -1,
52 58 64 -1,
52 64 67 -1,
52 54 58 -1,
12 6 8 -1,
12 8 10 -1,
48 50 52 -1,
18 12 14 -1,
18 14 16 -1,
43 44 46 -1,
41 43 46 -1,
41 46 48 -1,
24 18 20 -1,
24 20 22 -1,
24 6 12 -1,
24 12 18 -1,
38 41 48 -1,
36 38 48 -1,
28 24 26 -1,
34 36 48 -1,
30 24 28 -1,
32 238 6 -1,
32 52 67 -1,
32 150 154 -1,
32 92 116 -1,
32 6 24 -1,
32 80 85 -1,
32 116 118 -1,
32 118 120 -1,
32 228 238 -1,
32 120 122 -1,
32 122 124 -1,
32 124 126 -1,
32 126 128 -1,
32 180 228 -1,
32 128 130 -1,
32 130 132 -1,
32 136 138 -1,
32 138 140 -1,
32 140 142 -1,
32 85 92 -1,
32 142 144 -1,
32 24 30 -1,
32 144 146 -1,
32 146 149 -1,
32 149 150 -1,
32 34 48 -1,
32 132 136 -1,
32 67 70 -1,
32 154 156 -1,
32 156 158 -1,
32 158 160 -1,
32 160 162 -1,
32 162 164 -1,
32 164 166 -1,
32 166 168 -1,
32 168 170 -1,
32 48 52 -1,
32 170 172 -1,
32 172 174 -1,
32 174 176 -1,
32 176 178 -1,
32 178 180 -1,
32 70 80 -1,
153 151 155 -1,
135 133 137 -1,
195 201 197 -1,
197 201 199 -1,
203 207 205 -1,
111 109 113 -1,
201 209 203 -1,
203 209 207 -1,
195 211 201 -1,
201 211 209 -1,
193 211 195 -1,
211 217 213 -1,
213 217 215 -1,
101 99 103 -1,
103 99 105 -1,
105 99 107 -1,
107 99 109 -1,
211 219 217 -1,
211 221 219 -1,
99 93 109 -1,
95 93 97 -1,
97 93 99 -1,
113 93 115 -1,
115 93 117 -1,
109 93 113 -1,
211 225 221 -1,
221 225 223 -1,
91 89 93 -1,
225 229 227 -1,
193 229 211 -1,
211 229 225 -1,
181 229 183 -1,
183 229 185 -1,
185 229 187 -1,
187 229 189 -1,
189 229 191 -1,
191 229 193 -1,
87 84 89 -1,
89 84 93 -1,
229 233 231 -1,
83 81 84 -1,
233 237 235 -1,
229 239 233 -1,
233 239 237 -1,
77 75 79 -1,
79 73 81 -1,
75 73 79 -1,
241 245 243 -1,
73 71 81 -1,
241 247 245 -1,
69 66 71 -1,
247 251 249 -1,
241 251 247 -1,
241 2 251 -1,
2 5 3 -1,
61 59 63 -1,
63 59 65 -1,
241 7 2 -1,
239 7 241 -1,
2 7 5 -1,
57 55 59 -1,
59 53 65 -1,
65 53 66 -1,
55 53 59 -1,
7 13 9 -1,
9 13 11 -1,
51 49 53 -1,
13 19 15 -1,
15 19 17 -1,
45 42 47 -1,
42 40 47 -1,
47 40 49 -1,
19 25 21 -1,
21 25 23 -1,
7 25 13 -1,
13 25 19 -1,
40 39 49 -1,
39 37 49 -1,
25 29 27 -1,
37 35 49 -1,
25 31 29 -1,
239 33 7 -1,
53 33 66 -1,
151 33 155 -1,
93 33 117 -1,
7 33 25 -1,
81 33 84 -1,
117 33 119 -1,
119 33 121 -1,
229 33 239 -1,
121 33 123 -1,
123 33 125 -1,
125 33 127 -1,
127 33 129 -1,
181 33 229 -1,
129 33 131 -1,
131 33 133 -1,
137 33 139 -1,
139 33 141 -1,
141 33 143 -1,
84 33 93 -1,
143 33 145 -1,
25 33 31 -1,
145 33 147 -1,
147 33 148 -1,
148 33 151 -1,
35 33 49 -1,
133 33 137 -1,
66 33 71 -1,
155 33 157 -1,
157 33 159 -1,
159 33 161 -1,
161 33 163 -1,
163 33 165 -1,
165 33 167 -1,
167 33 169 -1,
169 33 171 -1,
49 33 53 -1,
171 33 173 -1,
173 33 175 -1,
175 33 177 -1,
177 33 179 -1,
179 33 181 -1,
71 33 81 -1 ] } }
Shape { appearance Appearance { material Material { diffuseColor 0.7 0.72 0.74 } } geometry IndexedFaceSet { solid FALSE coord Coordinate { point [ 1.377953 0.393701 4.740157,
1.377953 0.393701 5.330709,
1.377953 1.574803 4.740157,
1.377953 1.574803 5.330709,
2.559055 0.393701 5.330709,
2.559055 0.393701 4.740157,
2.559055 1.574803 4.740157,
2.559055 1.574803 5.330709 ] } coordIndex [ 0 1 2 -1,
2 1 3 -1,
4 5 6 -1,
4 6 7 -1,
5 4 0 -1,
0 4 1 -1,
7 6 2 -1,
7 2 3 -1,
2 6 0 -1,
0 6 5 -1,
7 3 1 -1,
7 1 4 -1 ] } }
Shape { appearance Appearance { material Material { diffuseColor 0.055 0.06 0.065 } } geometry IndexedFaceSet { solid FALSE coord Coordinate { point [ 2.322394 1.001914 5.527559,
2.322835 0.984252 5.527559,
2.322835 0.984252 5.330709,
2.322394 1.001914 5.330709,
2.321074 1.019532 5.527559,
2.321074 1.019532 5.330709,
2.318877 1.037062 5.527559,
2.318877 1.037062 5.330709,
2.315809 1.054461 5.527559,
2.315809 1.054461 5.330709,
2.311878 1.071686 5.527559,
2.311878 1.071686 5.330709,
2.307093 1.088693 5.527559,
2.307093 1.088693 5.330709,
2.301466 1.105440 5.527559,
2.301466 1.105440 5.330709,
2.295011 1.121886 5.527559,
2.295011 1.121886 5.330709,
2.287745 1.137990 5.527559,
2.287745 1.137990 5.330709,
2.279685 1.153712 5.527559,
2.279685 1.153712 5.330709,
2.270851 1.169012 5.527559,
2.270851 1.169012 5.330709,
2.261266 1.183854 5.527559,
2.261266 1.183854 5.330709,
2.250952 1.198198 5.527559,
2.250952 1.198198 5.330709,
2.239937 1.212011 5.527559,
2.239937 1.212011 5.330709,
2.228247 1.225258 5.527559,
2.228247 1.225258 5.330709,
2.215911 1.237906 5.527559,
2.215911 1.237906 5.330709,
2.202960 1.249922 5.527559,
2.202960 1.249922 5.330709,
2.189426 1.261279 5.527559,
2.189426 1.261279 5.330709,
2.175342 1.271947 5.527559,
2.175342 1.271947 5.330709,
2.160745 1.281899 5.330709,
2.160745 1.281899 5.527559,
2.145669 1.291111 5.330709,
2.145669 1.291111 5.527559,
2.130153 1.299561 5.527559,
2.130153 1.299561 5.330709,
2.114236 1.307226 5.527559,
2.114236 1.307226 5.330709,
2.097955 1.314089 5.527559,
2.097955 1.314089 5.330709,
2.081354 1.320132 5.527559,
2.081354 1.320132 5.330709,
2.064471 1.325339 5.527559,
2.064471 1.325339 5.330709,
2.047350 1.329699 5.527559,
2.047350 1.329699 5.330709,
2.030033 1.333200 5.527559,
2.030033 1.333200 5.330709,
2.012563 1.335833 5.527559,
2.012563 1.335833 5.330709,
1.994983 1.337592 5.527559,
1.994983 1.337592 5.330709,
1.977338 1.338473 5.527559,
1.977338 1.338473 5.330709,
1.959670 1.338473 5.527559,
1.959670 1.338473 5.330709,
1.942025 1.337592 5.330709,
1.942025 1.337592 5.527559,
1.924445 1.335833 5.527559,
1.924445 1.335833 5.330709,
1.906975 1.333200 5.527559,
1.906975 1.333200 5.330709,
1.889658 1.329699 5.527559,
1.889658 1.329699 5.330709,
1.872537 1.325339 5.527559,
1.872537 1.325339 5.330709,
1.855654 1.320132 5.527559,
1.855654 1.320132 5.330709,
1.839052 1.314089 5.527559,
1.839052 1.314089 5.330709,
1.822772 1.307226 5.527559,
1.822772 1.307226 5.330709,
1.806854 1.299561 5.527559,
1.806854 1.299561 5.330709,
1.791339 1.291111 5.330709,
1.791339 1.291111 5.527559,
1.776263 1.281899 5.527559,
1.776263 1.281899 5.330709,
1.761666 1.271947 5.527559,
1.761666 1.271947 5.330709,
1.747582 1.261279 5.527559,
1.747582 1.261279 5.330709,
1.734048 1.249922 5.527559,
1.734048 1.249922 5.330709,
1.721097 1.237906 5.527559,
1.721097 1.237906 5.330709,
1.708761 1.225258 5.527559,
1.708761 1.225258 5.330709,
1.697071 1.212011 5.527559,
1.697071 1.212011 5.330709,
1.686055 1.198198 5.527559,
1.686055 1.198198 5.330709,
1.675742 1.183854 5.527559,
1.675742 1.183854 5.330709,
1.666157 1.169012 5.527559,
1.666157 1.169012 5.330709,
1.657323 1.153712 5.527559,
1.657323 1.153712 5.330709,
1.649263 1.137990 5.527559,
1.649263 1.137990 5.330709,
1.641997 1.121886 5.527559,
1.641997 1.121886 5.330709,
1.635542 1.105440 5.527559,
1.635542 1.105440 5.330709,
1.629915 1.088693 5.527559,
1.629915 1.088693 5.330709,
1.625130 1.071686 5.527559,
1.625130 1.071686 5.330709,
1.621199 1.054461 5.527559,
1.621199 1.054461 5.330709,
1.618131 1.037062 5.527559,
1.618131 1.037062 5.330709,
1.615934 1.019532 5.527559,
1.615934 1.019532 5.330709,
1.614614 1.001914 5.527559,
1.614614 1.001914 5.330709,
1.614173 0.984252 5.527559,
1.614173 0.984252 5.330709,
1.614614 0.966590 5.527559,
1.614614 0.966590 5.330709,
1.615934 0.948972 5.527559,
1.615934 0.948972 5.330709,
1.618131 0.931442 5.527559,
1.618131 0.931442 5.330709,
1.621199 0.914043 5.527559,
1.621199 0.914043 5.330709,
1.625130 0.896818 5.527559,
1.625130 0.896818 5.330709,
1.629915 0.879811 5.527559,
1.629915 0.879811 5.330709,
1.635542 0.863064 5.527559,
1.635542 0.863064 5.330709,
1.641997 0.846618 5.527559,
1.641997 0.846618 5.330709,
1.649263 0.830514 5.527559,
1.649263 0.830514 5.330709,
1.657323 0.814792 5.527559,
1.657323 0.814792 5.330709,
1.666157 0.799491 5.330709,
1.666157 0.799491 5.527559,
1.675742 0.784650 5.527559,
1.675742 0.784650 5.330709,
1.686055 0.770306 5.527559,
1.686055 0.770306 5.330709,
1.697071 0.756493 5.527559,
1.697071 0.756493 5.330709,
1.708761 0.743246 5.527559,
1.708761 0.743246 5.330709,
1.721097 0.730598 5.527559,
1.721097 0.730598 5.330709,
1.734048 0.718581 5.527559,
1.734048 0.718581 5.330709,
1.747582 0.707225 5.527559,
1.747582 0.707225 5.330709,
1.761666 0.696557 5.527559,
1.761666 0.696557 5.330709,
1.776263 0.686605 5.527559,
1.776263 0.686605 5.330709,
1.791339 0.677393 5.527559,
1.791339 0.677393 5.330709,
1.806854 0.668943 5.527559,
1.806854 0.668943 5.330709,
1.822772 0.661277 5.527559,
1.822772 0.661277 5.330709,
1.839052 0.654415 5.527559,
1.839052 0.654415 5.330709,
1.855654 0.648372 5.527559,
1.855654 0.648372 5.330709,
1.872537 0.643165 5.527559,
1.872537 0.643165 5.330709,
1.889658 0.638805 5.527559,
1.889658 0.638805 5.330709,
1.906975 0.635304 5.527559,
1.906975 0.635304 5.330709,
1.924445 0.632671 5.527559,
1.924445 0.632671 5.330709,
1.942025 0.630912 5.527559,
1.942025 0.630912 5.330709,
1.959670 0.630031 5.527559,
1.959670 0.630031 5.330709,
1.977338 0.630031 5.527559,
1.977338 0.630031 5.330709,
1.994983 0.630912 5.527559,
1.994983 0.630912 5.330709,
2.012563 0.632671 5.527559,
2.012563 0.632671 5.330709,
2.030033 0.635304 5.527559,
2.030033 0.635304 5.330709,
2.047350 0.638805 5.527559,
2.047350 0.638805 5.330709,
2.064471 0.643165 5.527559,
2.064471 0.643165 5.330709,
2.081354 0.648372 5.527559,
2.081354 0.648372 5.330709,
2.097955 0.654415 5.527559,
2.097955 0.654415 5.330709,
2.114236 0.661277 5.527559,
2.114236 0.661277 5.330709,
2.130153 0.668943 5.527559,
2.130153 0.668943 5.330709,
2.145669 0.677393 5.527559,
2.145669 0.677393 5.330709,
2.160745 0.686605 5.527559,
2.160745 0.686605 5.330709,
2.175342 0.696557 5.527559,
2.175342 0.696557 5.330709,
2.189426 0.707225 5.527559,
2.189426 0.707225 5.330709,
2.202960 0.718581 5.527559,
2.202960 0.718581 5.330709,
2.215911 0.730598 5.527559,
2.215911 0.730598 5.330709,
2.228247 0.743246 5.527559,
2.228247 0.743246 5.330709,
2.239937 0.756493 5.527559,
2.239937 0.756493 5.330709,
2.250952 0.770306 5.527559,
2.250952 0.770306 5.330709,
2.261266 0.784650 5.527559,
2.261266 0.784650 5.330709,
2.270851 0.799491 5.527559,
2.270851 0.799491 5.330709,
2.279685 0.814792 5.527559,
2.279685 0.814792 5.330709,
2.287745 0.830514 5.527559,
2.287745 0.830514 5.330709,
2.295011 0.846618 5.527559,
2.295011 0.846618 5.330709,
2.301466 0.863064 5.527559,
2.301466 0.863064 5.330709,
2.307093 0.879811 5.527559,
2.307093 0.879811 5.330709,
2.311878 0.896818 5.527559,
2.311878 0.896818 5.330709,
2.315809 0.914043 5.527559,
2.315809 0.914043 5.330709,
2.318877 0.931442 5.527559,
2.318877 0.931442 5.330709,
2.321074 0.948972 5.527559,
2.321074 0.948972 5.330709,
2.322394 0.966590 5.527559,
2.322394 0.966590 5.330709 ] } coordIndex [ 0 1 2 -1,
0 2 3 -1,
4 3 5 -1,
4 0 3 -1,
6 5 7 -1,
6 4 5 -1,
8 7 9 -1,
8 6 7 -1,
10 9 11 -1,
10 8 9 -1,
12 11 13 -1,
12 10 11 -1,
14 13 15 -1,
14 12 13 -1,
16 15 17 -1,
16 14 15 -1,
18 17 19 -1,
18 16 17 -1,
20 19 21 -1,
20 18 19 -1,
22 20 21 -1,
22 21 23 -1,
24 22 23 -1,
24 23 25 -1,
26 24 25 -1,
26 25 27 -1,
28 26 27 -1,
28 27 29 -1,
30 28 29 -1,
30 29 31 -1,
32 30 31 -1,
32 31 33 -1,
34 32 33 -1,
34 33 35 -1,
36 34 35 -1,
36 35 37 -1,
38 36 37 -1,
38 37 39 -1,
38 39 40 -1,
41 38 40 -1,
41 40 42 -1,
43 41 42 -1,
44 43 42 -1,
44 42 45 -1,
46 45 47 -1,
46 44 45 -1,
48 47 49 -1,
48 46 47 -1,
50 49 51 -1,
50 48 49 -1,
52 51 53 -1,
52 50 51 -1,
54 53 55 -1,
54 52 53 -1,
56 55 57 -1,
56 54 55 -1,
58 57 59 -1,
58 56 57 -1,
60 59 61 -1,
60 58 59 -1,
62 61 63 -1,
62 60 61 -1,
64 63 65 -1,
64 65 66 -1,
64 62 63 -1,
67 64 66 -1,
68 66 69 -1,
68 67 66 -1,
70 69 71 -1,
70 68 69 -1,
72 71 73 -1,
72 70 71 -1,
74 72 73 -1,
74 73 75 -1,
76 74 75 -1,
76 75 77 -1,
78 76 77 -1,
78 77 79 -1,
80 78 79 -1,
80 79 81 -1,
82 80 81 -1,
82 81 83 -1,
82 83 84 -1,
85 82 84 -1,
86 85 84 -1,
86 84 87 -1,
88 86 87 -1,
88 87 89 -1,
90 88 89 -1,
90 89 91 -1,
92 90 91 -1,
92 91 93 -1,
94 92 93 -1,
94 93 95 -1,
96 94 95 -1,
96 95 97 -1,
98 96 97 -1,
98 97 99 -1,
100 98 99 -1,
100 99 101 -1,
102 100 101 -1,
102 101 103 -1,
104 102 103 -1,
104 103 105 -1,
106 104 105 -1,
106 105 107 -1,
108 106 107 -1,
108 107 109 -1,
110 108 109 -1,
110 109 111 -1,
112 110 111 -1,
112 111 113 -1,
114 112 113 -1,
114 113 115 -1,
116 115 117 -1,
116 114 115 -1,
118 117 119 -1,
118 116 117 -1,
120 119 121 -1,
120 118 119 -1,
122 121 123 -1,
122 120 121 -1,
124 122 123 -1,
124 123 125 -1,
126 124 125 -1,
126 125 127 -1,
128 126 127 -1,
128 127 129 -1,
130 128 129 -1,
130 129 131 -1,
132 130 131 -1,
132 131 133 -1,
134 132 133 -1,
134 133 135 -1,
136 134 135 -1,
136 135 137 -1,
138 136 137 -1,
138 137 139 -1,
140 138 139 -1,
140 139 141 -1,
142 140 141 -1,
142 141 143 -1,
144 142 143 -1,
144 143 145 -1,
146 144 145 -1,
146 145 147 -1,
146 147 148 -1,
149 146 148 -1,
150 148 151 -1,
150 149 148 -1,
152 151 153 -1,
152 150 151 -1,
154 153 155 -1,
154 152 153 -1,
156 155 157 -1,
156 154 155 -1,
158 157 159 -1,
158 156 157 -1,
160 159 161 -1,
160 158 159 -1,
162 161 163 -1,
162 160 161 -1,
164 163 165 -1,
164 162 163 -1,
166 165 167 -1,
166 164 165 -1,
168 167 169 -1,
168 166 167 -1,
170 169 171 -1,
170 168 169 -1,
172 171 173 -1,
172 170 171 -1,
174 173 175 -1,
174 172 173 -1,
176 174 175 -1,
176 175 177 -1,
178 176 177 -1,
178 177 179 -1,
180 178 179 -1,
180 179 181 -1,
182 180 181 -1,
182 181 183 -1,
184 183 185 -1,
184 182 183 -1,
186 185 187 -1,
186 184 185 -1,
188 187 189 -1,
188 186 187 -1,
190 189 191 -1,
190 188 189 -1,
192 191 193 -1,
192 190 191 -1,
194 193 195 -1,
194 192 193 -1,
196 195 197 -1,
196 194 195 -1,
198 197 199 -1,
198 196 197 -1,
200 199 201 -1,
200 198 199 -1,
202 201 203 -1,
202 200 201 -1,
204 203 205 -1,
204 202 203 -1,
206 205 207 -1,
206 204 205 -1,
208 207 209 -1,
208 206 207 -1,
210 209 211 -1,
210 208 209 -1,
212 211 213 -1,
212 210 211 -1,
214 213 215 -1,
214 212 213 -1,
216 215 217 -1,
216 214 215 -1,
218 217 219 -1,
218 216 217 -1,
220 219 221 -1,
220 218 219 -1,
222 221 223 -1,
222 220 221 -1,
224 222 223 -1,
224 223 225 -1,
226 224 225 -1,
226 225 227 -1,
228 226 227 -1,
228 227 229 -1,
230 228 229 -1,
230 229 231 -1,
232 230 231 -1,
232 231 233 -1,
234 232 233 -1,
234 233 235 -1,
236 234 235 -1,
236 235 237 -1,
238 236 237 -1,
238 237 239 -1,
240 238 239 -1,
240 239 241 -1,
242 240 241 -1,
242 241 243 -1,
244 242 243 -1,
244 243 245 -1,
246 244 245 -1,
246 245 247 -1,
248 246 247 -1,
248 247 249 -1,
250 249 251 -1,
250 248 249 -1,
1 251 2 -1,
1 250 251 -1,
150 152 154 -1,
132 134 136 -1,
200 194 196 -1,
200 196 198 -1,
206 202 204 -1,
108 110 112 -1,
208 200 202 -1,
208 202 206 -1,
210 194 200 -1,
210 200 208 -1,
210 192 194 -1,
216 210 212 -1,
216 212 214 -1,
98 100 102 -1,
98 102 104 -1,
98 104 106 -1,
98 106 108 -1,
218 210 216 -1,
220 210 218 -1,
92 98 108 -1,
92 94 96 -1,
92 96 98 -1,
92 112 114 -1,
92 114 116 -1,
92 108 112 -1,
224 210 220 -1,
224 220 222 -1,
88 90 92 -1,
228 224 226 -1,
228 192 210 -1,
228 210 224 -1,
228 180 182 -1,
228 182 184 -1,
228 184 186 -1,
228 186 188 -1,
228 188 190 -1,
228 190 192 -1,
85 86 88 -1,
85 88 92 -1,
232 228 230 -1,
80 82 85 -1,
236 232 234 -1,
238 228 232 -1,
238 232 236 -1,
74 76 78 -1,
72 78 80 -1,
72 74 78 -1,
244 240 242 -1,
70 72 80 -1,
246 240 244 -1,
67 68 70 -1,
250 246 248 -1,
250 240 246 -1,
1 240 250 -1,
4 1 0 -1,
58 60 62 -1,
58 62 64 -1,
6 240 1 -1,
6 238 240 -1,
6 1 4 -1,
54 56 58 -1,
52 58 64 -1,
52 64 67 -1,
52 54 58 -1,
12 6 8 -1,
12 8 10 -1,
48 50 52 -1,
18 12 14 -1,
18 14 16 -1,
43 44 46 -1,
41 43 46 -1,
41 46 48 -1,
24 18 20 -1,
24 20 22 -1,
24 6 12 -1,
24 12 18 -1,
38 41 48 -1,
36 38 48 -1,
28 24 26 -1,
34 36 48 -1,
30 24 28 -1,
32 238 6 -1,
32 52 67 -1,
32 150 154 -1,
32 92 116 -1,
32 6 24 -1,
32 80 85 -1,
32 116 118 -1,
32 118 120 -1,
32 228 238 -1,
32 120 122 -1,
32 122 124 -1,
32 124 126 -1,
32 126 128 -1,
32 180 228 -1,
32 128 130 -1,
32 130 132 -1,
32 136 138 -1,
32 138 140 -1,
32 140 142 -1,
32 85 92 -1,
32 142 144 -1,
32 24 30 -1,
32 144 146 -1,
32 146 149 -1,
32 149 150 -1,
32 34 48 -1,
32 132 136 -1,
32 67 70 -1,
32 154 156 -1,
32 156 158 -1,
32 158 160 -1,
32 160 162 -1,
32 162 164 -1,
32 164 166 -1,
32 166 168 -1,
32 168 170 -1,
32 48 52 -1,
32 170 172 -1,
32 172 174 -1,
32 174 176 -1,
32 176 178 -1,
32 178 180 -1,
32 70 80 -1,
153 151 155 -1,
135 133 137 -1,
195 201 197 -1,
197 201 199 -1,
203 207 205 -1,
111 109 113 -1,
201 209 203 -1,
203 209 207 -1,
195 211 201 -1,
201 211 209 -1,
193 211 195 -1,
211 217 213 -1,
213 217 215 -1,
101 99 103 -1,
103 99 105 -1,
105 99 107 -1,
107 99 109 -1,
211 219 217 -1,
211 221 219 -1,
99 93 109 -1,
95 93 97 -1,
97 93 99 -1,
113 93 115 -1,
115 93 117 -1,
109 93 113 -1,
211 225 221 -1,
221 225 223 -1,
91 89 93 -1,
225 229 227 -1,
193 229 211 -1,
211 229 225 -1,
181 229 183 -1,
183 229 185 -1,
185 229 187 -1,
187 229 189 -1,
189 229 191 -1,
191 229 193 -1,
87 84 89 -1,
89 84 93 -1,
229 233 231 -1,
83 81 84 -1,
233 237 235 -1,
229 239 233 -1,
233 239 237 -1,
77 75 79 -1,
79 73 81 -1,
75 73 79 -1,
241 245 243 -1,
73 71 81 -1,
241 247 245 -1,
69 66 71 -1,
247 251 249 -1,
241 251 247 -1,
241 2 251 -1,
2 5 3 -1,
61 59 63 -1,
63 59 65 -1,
241 7 2 -1,
239 7 241 -1,
2 7 5 -1,
57 55 59 -1,
59 53 65 -1,
65 53 66 -1,
55 53 59 -1,
7 13 9 -1,
9 13 11 -1,
51 49 53 -1,
13 19 15 -1,
15 19 17 -1,
45 42 47 -1,
42 40 47 -1,
47 40 49 -1,
19 25 21 -1,
21 25 23 -1,
7 25 13 -1,
13 25 19 -1,
40 39 49 -1,
39 37 49 -1,
25 29 27 -1,
37 35 49 -1,
25 31 29 -1,
239 33 7 -1,
53 33 66 -1,
151 33 155 -1,
93 33 117 -1,
7 33 25 -1,
81 33 84 -1,
117 33 119 -1,
119 33 121 -1,
229 33 239 -1,
121 33 123 -1,
123 33 125 -1,
125 33 127 -1,
127 33 129 -1,
181 33 229 -1,
129 33 131 -1,
131 33 133 -1,
137 33 139 -1,
139 33 141 -1,
141 33 143 -1,
84 33 93 -1,
143 33 145 -1,
25 33 31 -1,
145 33 147 -1,
147 33 148 -1,
148 33 151 -1,
35 33 49 -1,
133 33 137 -1,
66 33 71 -1,
155 33 157 -1,
157 33 159 -1,
159 33 161 -1,
161 33 163 -1,
163 33 165 -1,
165 33 167 -1,
167 33 169 -1,
169 33 171 -1,
49 33 53 -1,
171 33 173 -1,
173 33 175 -1,
175 33 177 -1,
177 33 179 -1,
179 33 181 -1,
71 33 81 -1 ] } }
